kind,trial,index,metric,value
meta,0,0,backend,hudsucker
meta,0,0,profile,release
meta,0,0,rustc,rustc 1.98.1 (48a229cea 2026-09-01)
meta,0,0,origin,rust
meta,0,0,cpu_affinity,0
meta,0,0,tcp_nodelay,all
meta,0,0,concurrency_levels,1;4;16
latency,0,0,http1_rust_nodelay_all_c1_keepalive_ms,0.185643
latency,0,1,http1_rust_nodelay_all_c1_keepalive_ms,0.222044
latency,0,2,http1_rust_nodelay_all_c1_keepalive_ms,0.122152
latency,0,3,http1_rust_nodelay_all_c1_keepalive_ms,0.109222
latency,0,4,http1_rust_nodelay_all_c1_keepalive_ms,0.109232
latency,0,5,http1_rust_nodelay_all_c1_keepalive_ms,0.105932
latency,0,6,http1_rust_nodelay_all_c1_keepalive_ms,0.106951
latency,0,7,http1_rust_nodelay_all_c1_keepalive_ms,0.106102
latency,0,8,http1_rust_nodelay_all_c1_keepalive_ms,0.107282
latency,0,9,http1_rust_nodelay_all_c1_keepalive_ms,0.119712
latency,0,10,http1_rust_nodelay_all_c1_keepalive_ms,0.108712
latency,0,11,http1_rust_nodelay_all_c1_keepalive_ms,0.114582
latency,0,12,http1_rust_nodelay_all_c1_keepalive_ms,0.110052
latency,0,13,http1_rust_nodelay_all_c1_keepalive_ms,0.105632
latency,0,14,http1_rust_nodelay_all_c1_keepalive_ms,0.106491
latency,0,15,http1_rust_nodelay_all_c1_keepalive_ms,0.107472
latency,0,16,http1_rust_nodelay_all_c1_keepalive_ms,0.128012
latency,0,17,http1_rust_nodelay_all_c1_keepalive_ms,0.115062
latency,0,18,http1_rust_nodelay_all_c1_keepalive_ms,0.116112
latency,0,19,http1_rust_nodelay_all_c1_keepalive_ms,0.110022
latency,0,20,http1_rust_nodelay_all_c1_keepalive_ms,0.117082
latency,0,21,http1_rust_nodelay_all_c1_keepalive_ms,0.108342
latency,0,22,http1_rust_nodelay_all_c1_keepalive_ms,0.106282
latency,0,23,http1_rust_nodelay_all_c1_keepalive_ms,0.106662
latency,0,24,http1_rust_nodelay_all_c1_keepalive_ms,0.105662
latency,0,25,http1_rust_nodelay_all_c1_keepalive_ms,0.106481
latency,0,26,http1_rust_nodelay_all_c1_keepalive_ms,0.112572
latency,0,27,http1_rust_nodelay_all_c1_keepalive_ms,0.134743
latency,0,28,http1_rust_nodelay_all_c1_keepalive_ms,0.202723
latency,0,29,http1_rust_nodelay_all_c1_keepalive_ms,0.176093
latency,0,30,http1_rust_nodelay_all_c1_keepalive_ms,0.121752
latency,0,31,http1_rust_nodelay_all_c1_keepalive_ms,0.108092
latency,0,32,http1_rust_nodelay_all_c1_keepalive_ms,0.108752
latency,0,33,http1_rust_nodelay_all_c1_keepalive_ms,0.106562
latency,0,34,http1_rust_nodelay_all_c1_keepalive_ms,0.105251
latency,0,35,http1_rust_nodelay_all_c1_keepalive_ms,0.120553
latency,0,36,http1_rust_nodelay_all_c1_keepalive_ms,0.107621
latency,0,37,http1_rust_nodelay_all_c1_keepalive_ms,0.116702
latency,0,38,http1_rust_nodelay_all_c1_keepalive_ms,0.106902
latency,0,39,http1_rust_nodelay_all_c1_keepalive_ms,0.105182
latency,0,40,http1_rust_nodelay_all_c1_keepalive_ms,0.106422
latency,0,41,http1_rust_nodelay_all_c1_keepalive_ms,0.105452
latency,0,42,http1_rust_nodelay_all_c1_keepalive_ms,0.104691
latency,0,43,http1_rust_nodelay_all_c1_keepalive_ms,0.106142
latency,0,44,http1_rust_nodelay_all_c1_keepalive_ms,0.115542
latency,0,45,http1_rust_nodelay_all_c1_keepalive_ms,0.106032
latency,0,46,http1_rust_nodelay_all_c1_keepalive_ms,0.115472
latency,0,47,http1_rust_nodelay_all_c1_keepalive_ms,0.108742
latency,0,48,http1_rust_nodelay_all_c1_keepalive_ms,0.105272
latency,0,49,http1_rust_nodelay_all_c1_keepalive_ms,0.105341
latency,0,50,http1_rust_nodelay_all_c1_keepalive_ms,0.104682
latency,0,51,http1_rust_nodelay_all_c1_keepalive_ms,0.106132
latency,0,52,http1_rust_nodelay_all_c1_keepalive_ms,0.105042
latency,0,53,http1_rust_nodelay_all_c1_keepalive_ms,0.112192
latency,0,54,http1_rust_nodelay_all_c1_keepalive_ms,0.105981
latency,0,55,http1_rust_nodelay_all_c1_keepalive_ms,0.112352
latency,0,56,http1_rust_nodelay_all_c1_keepalive_ms,0.110972
latency,0,57,http1_rust_nodelay_all_c1_keepalive_ms,0.104892
latency,0,58,http1_rust_nodelay_all_c1_keepalive_ms,0.107322
latency,0,59,http1_rust_nodelay_all_c1_keepalive_ms,0.104142
latency,0,60,http1_rust_nodelay_all_c1_keepalive_ms,0.105141
latency,0,61,http1_rust_nodelay_all_c1_keepalive_ms,0.104962
latency,0,62,http1_rust_nodelay_all_c1_keepalive_ms,0.125552
latency,0,63,http1_rust_nodelay_all_c1_keepalive_ms,0.164003
latency,0,64,http1_rust_nodelay_all_c1_keepalive_ms,0.131152
latency,0,65,http1_rust_nodelay_all_c1_keepalive_ms,0.109252
latency,0,66,http1_rust_nodelay_all_c1_keepalive_ms,0.105802
latency,0,67,http1_rust_nodelay_all_c1_keepalive_ms,0.106992
latency,0,68,http1_rust_nodelay_all_c1_keepalive_ms,0.104922
latency,0,69,http1_rust_nodelay_all_c1_keepalive_ms,0.104941
latency,0,70,http1_rust_nodelay_all_c1_keepalive_ms,0.105812
latency,0,71,http1_rust_nodelay_all_c1_keepalive_ms,0.117392
latency,0,72,http1_rust_nodelay_all_c1_keepalive_ms,0.106642
latency,0,73,http1_rust_nodelay_all_c1_keepalive_ms,0.113932
latency,0,74,http1_rust_nodelay_all_c1_keepalive_ms,0.110582
latency,0,75,http1_rust_nodelay_all_c1_keepalive_ms,0.105222
latency,0,76,http1_rust_nodelay_all_c1_keepalive_ms,0.104742
latency,0,77,http1_rust_nodelay_all_c1_keepalive_ms,0.105121
latency,0,78,http1_rust_nodelay_all_c1_keepalive_ms,0.107052
latency,0,79,http1_rust_nodelay_all_c1_keepalive_ms,0.105802
trial,0,80,http1_rust_nodelay_all_c1_median_ms,0.107282
trial,0,80,http1_rust_nodelay_all_c1_p95_ms,0.164003
trial,0,80,http1_rust_nodelay_all_c1_requests_per_second,8351.155
trial,0,80,http1_rust_nodelay_all_c1_wall_ms,9.580
latency,1,0,http1_rust_nodelay_all_c1_keepalive_ms,0.125392
latency,1,1,http1_rust_nodelay_all_c1_keepalive_ms,0.107282
latency,1,2,http1_rust_nodelay_all_c1_keepalive_ms,0.116092
latency,1,3,http1_rust_nodelay_all_c1_keepalive_ms,0.110392
latency,1,4,http1_rust_nodelay_all_c1_keepalive_ms,0.107762
latency,1,5,http1_rust_nodelay_all_c1_keepalive_ms,0.115382
latency,1,6,http1_rust_nodelay_all_c1_keepalive_ms,0.107841
latency,1,7,http1_rust_nodelay_all_c1_keepalive_ms,0.106432
latency,1,8,http1_rust_nodelay_all_c1_keepalive_ms,0.104542
latency,1,9,http1_rust_nodelay_all_c1_keepalive_ms,0.104012
latency,1,10,http1_rust_nodelay_all_c1_keepalive_ms,0.104282
latency,1,11,http1_rust_nodelay_all_c1_keepalive_ms,0.106601
latency,1,12,http1_rust_nodelay_all_c1_keepalive_ms,0.114932
latency,1,13,http1_rust_nodelay_all_c1_keepalive_ms,0.105052
latency,1,14,http1_rust_nodelay_all_c1_keepalive_ms,0.108202
latency,1,15,http1_rust_nodelay_all_c1_keepalive_ms,0.116952
latency,1,16,http1_rust_nodelay_all_c1_keepalive_ms,0.105082
latency,1,17,http1_rust_nodelay_all_c1_keepalive_ms,0.103532
latency,1,18,http1_rust_nodelay_all_c1_keepalive_ms,0.103621
latency,1,19,http1_rust_nodelay_all_c1_keepalive_ms,0.105912
latency,1,20,http1_rust_nodelay_all_c1_keepalive_ms,0.105202
latency,1,21,http1_rust_nodelay_all_c1_keepalive_ms,0.115692
latency,1,22,http1_rust_nodelay_all_c1_keepalive_ms,0.110952
latency,1,23,http1_rust_nodelay_all_c1_keepalive_ms,0.104632
latency,1,24,http1_rust_nodelay_all_c1_keepalive_ms,0.115182
latency,1,25,http1_rust_nodelay_all_c1_keepalive_ms,0.106181
latency,1,26,http1_rust_nodelay_all_c1_keepalive_ms,0.106192
latency,1,27,http1_rust_nodelay_all_c1_keepalive_ms,0.103752
latency,1,28,http1_rust_nodelay_all_c1_keepalive_ms,0.103782
latency,1,29,http1_rust_nodelay_all_c1_keepalive_ms,0.103872
latency,1,30,http1_rust_nodelay_all_c1_keepalive_ms,0.139392
latency,1,31,http1_rust_nodelay_all_c1_keepalive_ms,0.186973
latency,1,32,http1_rust_nodelay_all_c1_keepalive_ms,0.169793
latency,1,33,http1_rust_nodelay_all_c1_keepalive_ms,0.109732
latency,1,34,http1_rust_nodelay_all_c1_keepalive_ms,0.105082
latency,1,35,http1_rust_nodelay_all_c1_keepalive_ms,0.105961
latency,1,36,http1_rust_nodelay_all_c1_keepalive_ms,0.104842
latency,1,37,http1_rust_nodelay_all_c1_keepalive_ms,0.104542
latency,1,38,http1_rust_nodelay_all_c1_keepalive_ms,0.117052
latency,1,39,http1_rust_nodelay_all_c1_keepalive_ms,0.106942
latency,1,40,http1_rust_nodelay_all_c1_keepalive_ms,0.104862
latency,1,41,http1_rust_nodelay_all_c1_keepalive_ms,0.112402
latency,1,42,http1_rust_nodelay_all_c1_keepalive_ms,0.107331
latency,1,43,http1_rust_nodelay_all_c1_keepalive_ms,0.103782
latency,1,44,http1_rust_nodelay_all_c1_keepalive_ms,0.103782
latency,1,45,http1_rust_nodelay_all_c1_keepalive_ms,0.108322
latency,1,46,http1_rust_nodelay_all_c1_keepalive_ms,0.106522
latency,1,47,http1_rust_nodelay_all_c1_keepalive_ms,0.115962
latency,1,48,http1_rust_nodelay_all_c1_keepalive_ms,0.107441
latency,1,49,http1_rust_nodelay_all_c1_keepalive_ms,0.116392
latency,1,50,http1_rust_nodelay_all_c1_keepalive_ms,0.116602
latency,1,51,http1_rust_nodelay_all_c1_keepalive_ms,0.108552
latency,1,52,http1_rust_nodelay_all_c1_keepalive_ms,0.104682
latency,1,53,http1_rust_nodelay_all_c1_keepalive_ms,0.105872
latency,1,54,http1_rust_nodelay_all_c1_keepalive_ms,0.103882
latency,1,55,http1_rust_nodelay_all_c1_keepalive_ms,0.103381
latency,1,56,http1_rust_nodelay_all_c1_keepalive_ms,0.110172
latency,1,57,http1_rust_nodelay_all_c1_keepalive_ms,0.107932
latency,1,58,http1_rust_nodelay_all_c1_keepalive_ms,0.103742
latency,1,59,http1_rust_nodelay_all_c1_keepalive_ms,0.103832
latency,1,60,http1_rust_nodelay_all_c1_keepalive_ms,0.115792
latency,1,61,http1_rust_nodelay_all_c1_keepalive_ms,0.107181
latency,1,62,http1_rust_nodelay_all_c1_keepalive_ms,0.104642
latency,1,63,http1_rust_nodelay_all_c1_keepalive_ms,0.104112
latency,1,64,http1_rust_nodelay_all_c1_keepalive_ms,0.103752
latency,1,65,http1_rust_nodelay_all_c1_keepalive_ms,0.104972
latency,1,66,http1_rust_nodelay_all_c1_keepalive_ms,0.148042
latency,1,67,http1_rust_nodelay_all_c1_keepalive_ms,0.150053
latency,1,68,http1_rust_nodelay_all_c1_keepalive_ms,0.115922
latency,1,69,http1_rust_nodelay_all_c1_keepalive_ms,0.110651
latency,1,70,http1_rust_nodelay_all_c1_keepalive_ms,0.105232
latency,1,71,http1_rust_nodelay_all_c1_keepalive_ms,0.107972
latency,1,72,http1_rust_nodelay_all_c1_keepalive_ms,0.106752
latency,1,73,http1_rust_nodelay_all_c1_keepalive_ms,0.111542
latency,1,74,http1_rust_nodelay_all_c1_keepalive_ms,0.117332
latency,1,75,http1_rust_nodelay_all_c1_keepalive_ms,0.108312
latency,1,76,http1_rust_nodelay_all_c1_keepalive_ms,0.105751
latency,1,77,http1_rust_nodelay_all_c1_keepalive_ms,0.107962
latency,1,78,http1_rust_nodelay_all_c1_keepalive_ms,0.117422
latency,1,79,http1_rust_nodelay_all_c1_keepalive_ms,0.105942
trial,1,80,http1_rust_nodelay_all_c1_median_ms,0.106942
trial,1,80,http1_rust_nodelay_all_c1_p95_ms,0.139392
trial,1,80,http1_rust_nodelay_all_c1_requests_per_second,8627.264
trial,1,80,http1_rust_nodelay_all_c1_wall_ms,9.273
latency,2,0,http1_rust_nodelay_all_c1_keepalive_ms,0.157683
latency,2,1,http1_rust_nodelay_all_c1_keepalive_ms,0.154463
latency,2,2,http1_rust_nodelay_all_c1_keepalive_ms,0.108192
latency,2,3,http1_rust_nodelay_all_c1_keepalive_ms,0.105561
latency,2,4,http1_rust_nodelay_all_c1_keepalive_ms,0.104502
latency,2,5,http1_rust_nodelay_all_c1_keepalive_ms,0.112832
latency,2,6,http1_rust_nodelay_all_c1_keepalive_ms,0.108272
latency,2,7,http1_rust_nodelay_all_c1_keepalive_ms,0.109702
latency,2,8,http1_rust_nodelay_all_c1_keepalive_ms,0.105792
latency,2,9,http1_rust_nodelay_all_c1_keepalive_ms,0.112982
latency,2,10,http1_rust_nodelay_all_c1_keepalive_ms,0.109701
latency,2,11,http1_rust_nodelay_all_c1_keepalive_ms,0.104182
latency,2,12,http1_rust_nodelay_all_c1_keepalive_ms,0.105472
latency,2,13,http1_rust_nodelay_all_c1_keepalive_ms,0.104872
latency,2,14,http1_rust_nodelay_all_c1_keepalive_ms,0.104612
latency,2,15,http1_rust_nodelay_all_c1_keepalive_ms,0.118722
latency,2,16,http1_rust_nodelay_all_c1_keepalive_ms,0.107811
latency,2,17,http1_rust_nodelay_all_c1_keepalive_ms,0.105652
latency,2,18,http1_rust_nodelay_all_c1_keepalive_ms,0.104882
latency,2,19,http1_rust_nodelay_all_c1_keepalive_ms,0.116382
latency,2,20,http1_rust_nodelay_all_c1_keepalive_ms,0.106512
latency,2,21,http1_rust_nodelay_all_c1_keepalive_ms,0.104182
latency,2,22,http1_rust_nodelay_all_c1_keepalive_ms,0.103641
latency,2,23,http1_rust_nodelay_all_c1_keepalive_ms,0.105162
latency,2,24,http1_rust_nodelay_all_c1_keepalive_ms,0.110742
latency,2,25,http1_rust_nodelay_all_c1_keepalive_ms,0.112392
latency,2,26,http1_rust_nodelay_all_c1_keepalive_ms,0.104062
latency,2,27,http1_rust_nodelay_all_c1_keepalive_ms,0.105672
latency,2,28,http1_rust_nodelay_all_c1_keepalive_ms,0.114232
latency,2,29,http1_rust_nodelay_all_c1_keepalive_ms,0.106671
latency,2,30,http1_rust_nodelay_all_c1_keepalive_ms,0.104202
latency,2,31,http1_rust_nodelay_all_c1_keepalive_ms,0.105092
latency,2,32,http1_rust_nodelay_all_c1_keepalive_ms,0.104572
latency,2,33,http1_rust_nodelay_all_c1_keepalive_ms,0.120062
latency,2,34,http1_rust_nodelay_all_c1_keepalive_ms,0.162442
latency,2,35,http1_rust_nodelay_all_c1_keepalive_ms,0.120942
latency,2,36,http1_rust_nodelay_all_c1_keepalive_ms,0.112742
latency,2,37,http1_rust_nodelay_all_c1_keepalive_ms,0.127492
latency,2,38,http1_rust_nodelay_all_c1_keepalive_ms,0.110662
latency,2,39,http1_rust_nodelay_all_c1_keepalive_ms,0.107772
latency,2,40,http1_rust_nodelay_all_c1_keepalive_ms,0.107132
latency,2,41,http1_rust_nodelay_all_c1_keepalive_ms,0.107482
latency,2,42,http1_rust_nodelay_all_c1_keepalive_ms,0.116002
latency,2,43,http1_rust_nodelay_all_c1_keepalive_ms,0.107381
latency,2,44,http1_rust_nodelay_all_c1_keepalive_ms,0.106982
latency,2,45,http1_rust_nodelay_all_c1_keepalive_ms,0.108302
latency,2,46,http1_rust_nodelay_all_c1_keepalive_ms,0.117782
latency,2,47,http1_rust_nodelay_all_c1_keepalive_ms,0.108432
latency,2,48,http1_rust_nodelay_all_c1_keepalive_ms,0.106122
latency,2,49,http1_rust_nodelay_all_c1_keepalive_ms,0.109572
latency,2,50,http1_rust_nodelay_all_c1_keepalive_ms,0.105761
latency,2,51,http1_rust_nodelay_all_c1_keepalive_ms,0.123393
latency,2,52,http1_rust_nodelay_all_c1_keepalive_ms,0.113661
latency,2,53,http1_rust_nodelay_all_c1_keepalive_ms,0.107932
latency,2,54,http1_rust_nodelay_all_c1_keepalive_ms,0.106012
latency,2,55,http1_rust_nodelay_all_c1_keepalive_ms,0.117422
latency,2,56,http1_rust_nodelay_all_c1_keepalive_ms,0.109102
latency,2,57,http1_rust_nodelay_all_c1_keepalive_ms,0.105732
latency,2,58,http1_rust_nodelay_all_c1_keepalive_ms,0.105952
latency,2,59,http1_rust_nodelay_all_c1_keepalive_ms,0.110831
latency,2,60,http1_rust_nodelay_all_c1_keepalive_ms,0.119643
latency,2,61,http1_rust_nodelay_all_c1_keepalive_ms,0.107111
latency,2,62,http1_rust_nodelay_all_c1_keepalive_ms,0.105622
latency,2,63,http1_rust_nodelay_all_c1_keepalive_ms,0.106262
latency,2,64,http1_rust_nodelay_all_c1_keepalive_ms,0.117122
latency,2,65,http1_rust_nodelay_all_c1_keepalive_ms,0.107822
latency,2,66,http1_rust_nodelay_all_c1_keepalive_ms,0.105842
latency,2,67,http1_rust_nodelay_all_c1_keepalive_ms,0.105901
latency,2,68,http1_rust_nodelay_all_c1_keepalive_ms,0.106962
latency,2,69,http1_rust_nodelay_all_c1_keepalive_ms,0.127362
latency,2,70,http1_rust_nodelay_all_c1_keepalive_ms,0.116932
latency,2,71,http1_rust_nodelay_all_c1_keepalive_ms,0.114402
latency,2,72,http1_rust_nodelay_all_c1_keepalive_ms,0.113482
latency,2,73,http1_rust_nodelay_all_c1_keepalive_ms,0.124652
latency,2,74,http1_rust_nodelay_all_c1_keepalive_ms,0.115242
latency,2,75,http1_rust_nodelay_all_c1_keepalive_ms,0.113882
latency,2,76,http1_rust_nodelay_all_c1_keepalive_ms,0.113282
latency,2,77,http1_rust_nodelay_all_c1_keepalive_ms,0.118682
latency,2,78,http1_rust_nodelay_all_c1_keepalive_ms,0.116242
latency,2,79,http1_rust_nodelay_all_c1_keepalive_ms,0.114102
trial,2,80,http1_rust_nodelay_all_c1_median_ms,0.108272
trial,2,80,http1_rust_nodelay_all_c1_p95_ms,0.127362
trial,2,80,http1_rust_nodelay_all_c1_requests_per_second,8561.975
trial,2,80,http1_rust_nodelay_all_c1_wall_ms,9.344
latency,3,0,http1_rust_nodelay_all_c1_keepalive_ms,0.136472
latency,3,1,http1_rust_nodelay_all_c1_keepalive_ms,0.115352
latency,3,2,http1_rust_nodelay_all_c1_keepalive_ms,0.114882
latency,3,3,http1_rust_nodelay_all_c1_keepalive_ms,0.114972
latency,3,4,http1_rust_nodelay_all_c1_keepalive_ms,0.122512
latency,3,5,http1_rust_nodelay_all_c1_keepalive_ms,0.114772
latency,3,6,http1_rust_nodelay_all_c1_keepalive_ms,0.114592
latency,3,7,http1_rust_nodelay_all_c1_keepalive_ms,0.114152
latency,3,8,http1_rust_nodelay_all_c1_keepalive_ms,0.120462
latency,3,9,http1_rust_nodelay_all_c1_keepalive_ms,0.123922
latency,3,10,http1_rust_nodelay_all_c1_keepalive_ms,0.114622
latency,3,11,http1_rust_nodelay_all_c1_keepalive_ms,0.115382
latency,3,12,http1_rust_nodelay_all_c1_keepalive_ms,0.119872
latency,3,13,http1_rust_nodelay_all_c1_keepalive_ms,0.118302
latency,3,14,http1_rust_nodelay_all_c1_keepalive_ms,0.115142
latency,3,15,http1_rust_nodelay_all_c1_keepalive_ms,0.127312
latency,3,16,http1_rust_nodelay_all_c1_keepalive_ms,0.120302
latency,3,17,http1_rust_nodelay_all_c1_keepalive_ms,0.117962
latency,3,18,http1_rust_nodelay_all_c1_keepalive_ms,0.114632
latency,3,19,http1_rust_nodelay_all_c1_keepalive_ms,0.115762
latency,3,20,http1_rust_nodelay_all_c1_keepalive_ms,0.113742
latency,3,21,http1_rust_nodelay_all_c1_keepalive_ms,0.126592
latency,3,22,http1_rust_nodelay_all_c1_keepalive_ms,0.114452
latency,3,23,http1_rust_nodelay_all_c1_keepalive_ms,0.114952
latency,3,24,http1_rust_nodelay_all_c1_keepalive_ms,0.113372
latency,3,25,http1_rust_nodelay_all_c1_keepalive_ms,0.138613
latency,3,26,http1_rust_nodelay_all_c1_keepalive_ms,0.116212
latency,3,27,http1_rust_nodelay_all_c1_keepalive_ms,0.114602
latency,3,28,http1_rust_nodelay_all_c1_keepalive_ms,0.113052
latency,3,29,http1_rust_nodelay_all_c1_keepalive_ms,0.119672
latency,3,30,http1_rust_nodelay_all_c1_keepalive_ms,0.117762
latency,3,31,http1_rust_nodelay_all_c1_keepalive_ms,0.114712
latency,3,32,http1_rust_nodelay_all_c1_keepalive_ms,0.113082
latency,3,33,http1_rust_nodelay_all_c1_keepalive_ms,0.118392
latency,3,34,http1_rust_nodelay_all_c1_keepalive_ms,0.117622
latency,3,35,http1_rust_nodelay_all_c1_keepalive_ms,0.115121
latency,3,36,http1_rust_nodelay_all_c1_keepalive_ms,0.113442
latency,3,37,http1_rust_nodelay_all_c1_keepalive_ms,0.112462
latency,3,38,http1_rust_nodelay_all_c1_keepalive_ms,0.122982
latency,3,39,http1_rust_nodelay_all_c1_keepalive_ms,0.116962
latency,3,40,http1_rust_nodelay_all_c1_keepalive_ms,0.113682
latency,3,41,http1_rust_nodelay_all_c1_keepalive_ms,0.112712
latency,3,42,http1_rust_nodelay_all_c1_keepalive_ms,0.123872
latency,3,43,http1_rust_nodelay_all_c1_keepalive_ms,0.115812
latency,3,44,http1_rust_nodelay_all_c1_keepalive_ms,0.112892
latency,3,45,http1_rust_nodelay_all_c1_keepalive_ms,0.112832
latency,3,46,http1_rust_nodelay_all_c1_keepalive_ms,0.112842
latency,3,47,http1_rust_nodelay_all_c1_keepalive_ms,0.124682
latency,3,48,http1_rust_nodelay_all_c1_keepalive_ms,0.113912
latency,3,49,http1_rust_nodelay_all_c1_keepalive_ms,0.113272
latency,3,50,http1_rust_nodelay_all_c1_keepalive_ms,0.112712
latency,3,51,http1_rust_nodelay_all_c1_keepalive_ms,0.121802
latency,3,52,http1_rust_nodelay_all_c1_keepalive_ms,0.113482
latency,3,53,http1_rust_nodelay_all_c1_keepalive_ms,0.112672
latency,3,54,http1_rust_nodelay_all_c1_keepalive_ms,0.112872
latency,3,55,http1_rust_nodelay_all_c1_keepalive_ms,0.118692
latency,3,56,http1_rust_nodelay_all_c1_keepalive_ms,0.120272
latency,3,57,http1_rust_nodelay_all_c1_keepalive_ms,0.113742
latency,3,58,http1_rust_nodelay_all_c1_keepalive_ms,0.118932
latency,3,59,http1_rust_nodelay_all_c1_keepalive_ms,0.115452
latency,3,60,http1_rust_nodelay_all_c1_keepalive_ms,0.106882
latency,3,61,http1_rust_nodelay_all_c1_keepalive_ms,0.104272
latency,3,62,http1_rust_nodelay_all_c1_keepalive_ms,0.103901
latency,3,63,http1_rust_nodelay_all_c1_keepalive_ms,0.105752
latency,3,64,http1_rust_nodelay_all_c1_keepalive_ms,0.105202
latency,3,65,http1_rust_nodelay_all_c1_keepalive_ms,0.116992
latency,3,66,http1_rust_nodelay_all_c1_keepalive_ms,0.104562
latency,3,67,http1_rust_nodelay_all_c1_keepalive_ms,0.105942
latency,3,68,http1_rust_nodelay_all_c1_keepalive_ms,0.104571
latency,3,69,http1_rust_nodelay_all_c1_keepalive_ms,0.116642
latency,3,70,http1_rust_nodelay_all_c1_keepalive_ms,0.105752
latency,3,71,http1_rust_nodelay_all_c1_keepalive_ms,0.103852
latency,3,72,http1_rust_nodelay_all_c1_keepalive_ms,0.107671
latency,3,73,http1_rust_nodelay_all_c1_keepalive_ms,0.103971
latency,3,74,http1_rust_nodelay_all_c1_keepalive_ms,0.115992
latency,3,75,http1_rust_nodelay_all_c1_keepalive_ms,0.105872
latency,3,76,http1_rust_nodelay_all_c1_keepalive_ms,0.104202
latency,3,77,http1_rust_nodelay_all_c1_keepalive_ms,0.104171
latency,3,78,http1_rust_nodelay_all_c1_keepalive_ms,0.112682
latency,3,79,http1_rust_nodelay_all_c1_keepalive_ms,0.104902
trial,3,80,http1_rust_nodelay_all_c1_median_ms,0.114622
trial,3,80,http1_rust_nodelay_all_c1_p95_ms,0.124682
trial,3,80,http1_rust_nodelay_all_c1_requests_per_second,8419.997
trial,3,80,http1_rust_nodelay_all_c1_wall_ms,9.501
latency,4,0,http1_rust_nodelay_all_c1_keepalive_ms,0.118492
latency,4,1,http1_rust_nodelay_all_c1_keepalive_ms,0.113412
latency,4,2,http1_rust_nodelay_all_c1_keepalive_ms,0.108032
latency,4,3,http1_rust_nodelay_all_c1_keepalive_ms,0.106322
latency,4,4,http1_rust_nodelay_all_c1_keepalive_ms,0.107031
latency,4,5,http1_rust_nodelay_all_c1_keepalive_ms,0.105352
latency,4,6,http1_rust_nodelay_all_c1_keepalive_ms,0.105152
latency,4,7,http1_rust_nodelay_all_c1_keepalive_ms,0.120172
latency,4,8,http1_rust_nodelay_all_c1_keepalive_ms,0.106472
latency,4,9,http1_rust_nodelay_all_c1_keepalive_ms,0.104702
latency,4,10,http1_rust_nodelay_all_c1_keepalive_ms,0.110321
latency,4,11,http1_rust_nodelay_all_c1_keepalive_ms,0.109412
latency,4,12,http1_rust_nodelay_all_c1_keepalive_ms,0.105052
latency,4,13,http1_rust_nodelay_all_c1_keepalive_ms,0.104562
latency,4,14,http1_rust_nodelay_all_c1_keepalive_ms,0.104792
latency,4,15,http1_rust_nodelay_all_c1_keepalive_ms,0.106142
latency,4,16,http1_rust_nodelay_all_c1_keepalive_ms,0.113751
latency,4,17,http1_rust_nodelay_all_c1_keepalive_ms,0.108052
latency,4,18,http1_rust_nodelay_all_c1_keepalive_ms,0.104402
latency,4,19,http1_rust_nodelay_all_c1_keepalive_ms,0.105982
latency,4,20,http1_rust_nodelay_all_c1_keepalive_ms,0.116532
latency,4,21,http1_rust_nodelay_all_c1_keepalive_ms,0.113812
latency,4,22,http1_rust_nodelay_all_c1_keepalive_ms,0.105972
latency,4,23,http1_rust_nodelay_all_c1_keepalive_ms,0.104531
latency,4,24,http1_rust_nodelay_all_c1_keepalive_ms,0.104522
latency,4,25,http1_rust_nodelay_all_c1_keepalive_ms,0.105752
latency,4,26,http1_rust_nodelay_all_c1_keepalive_ms,0.117152
latency,4,27,http1_rust_nodelay_all_c1_keepalive_ms,0.104722
latency,4,28,http1_rust_nodelay_all_c1_keepalive_ms,0.107952
latency,4,29,http1_rust_nodelay_all_c1_keepalive_ms,0.117232
latency,4,30,http1_rust_nodelay_all_c1_keepalive_ms,0.107281
latency,4,31,http1_rust_nodelay_all_c1_keepalive_ms,0.104542
latency,4,32,http1_rust_nodelay_all_c1_keepalive_ms,0.104202
latency,4,33,http1_rust_nodelay_all_c1_keepalive_ms,0.103672
latency,4,34,http1_rust_nodelay_all_c1_keepalive_ms,0.105752
latency,4,35,http1_rust_nodelay_all_c1_keepalive_ms,0.115052
latency,4,36,http1_rust_nodelay_all_c1_keepalive_ms,0.105781
latency,4,37,http1_rust_nodelay_all_c1_keepalive_ms,0.105972
latency,4,38,http1_rust_nodelay_all_c1_keepalive_ms,0.111352
latency,4,39,http1_rust_nodelay_all_c1_keepalive_ms,0.105582
latency,4,40,http1_rust_nodelay_all_c1_keepalive_ms,0.104282
latency,4,41,http1_rust_nodelay_all_c1_keepalive_ms,0.106171
latency,4,42,http1_rust_nodelay_all_c1_keepalive_ms,0.104362
latency,4,43,http1_rust_nodelay_all_c1_keepalive_ms,0.103982
latency,4,44,http1_rust_nodelay_all_c1_keepalive_ms,0.113092
latency,4,45,http1_rust_nodelay_all_c1_keepalive_ms,0.110182
latency,4,46,http1_rust_nodelay_all_c1_keepalive_ms,0.104802
latency,4,47,http1_rust_nodelay_all_c1_keepalive_ms,0.103871
latency,4,48,http1_rust_nodelay_all_c1_keepalive_ms,0.111862
latency,4,49,http1_rust_nodelay_all_c1_keepalive_ms,0.106392
latency,4,50,http1_rust_nodelay_all_c1_keepalive_ms,0.104762
latency,4,51,http1_rust_nodelay_all_c1_keepalive_ms,0.104202
latency,4,52,http1_rust_nodelay_all_c1_keepalive_ms,0.105681
latency,4,53,http1_rust_nodelay_all_c1_keepalive_ms,0.104522
latency,4,54,http1_rust_nodelay_all_c1_keepalive_ms,0.114852
latency,4,55,http1_rust_nodelay_all_c1_keepalive_ms,0.104752
latency,4,56,http1_rust_nodelay_all_c1_keepalive_ms,0.105772
latency,4,57,http1_rust_nodelay_all_c1_keepalive_ms,0.117932
latency,4,58,http1_rust_nodelay_all_c1_keepalive_ms,0.106822
latency,4,59,http1_rust_nodelay_all_c1_keepalive_ms,0.104621
latency,4,60,http1_rust_nodelay_all_c1_keepalive_ms,0.110402
latency,4,61,http1_rust_nodelay_all_c1_keepalive_ms,0.104552
latency,4,62,http1_rust_nodelay_all_c1_keepalive_ms,0.103852
latency,4,63,http1_rust_nodelay_all_c1_keepalive_ms,0.113062
latency,4,64,http1_rust_nodelay_all_c1_keepalive_ms,0.106242
latency,4,65,http1_rust_nodelay_all_c1_keepalive_ms,0.104471
latency,4,66,http1_rust_nodelay_all_c1_keepalive_ms,0.114472
latency,4,67,http1_rust_nodelay_all_c1_keepalive_ms,0.108272
latency,4,68,http1_rust_nodelay_all_c1_keepalive_ms,0.105232
latency,4,69,http1_rust_nodelay_all_c1_keepalive_ms,0.104232
latency,4,70,http1_rust_nodelay_all_c1_keepalive_ms,0.104301
latency,4,71,http1_rust_nodelay_all_c1_keepalive_ms,0.105732
latency,4,72,http1_rust_nodelay_all_c1_keepalive_ms,0.110402
latency,4,73,http1_rust_nodelay_all_c1_keepalive_ms,0.109582
latency,4,74,http1_rust_nodelay_all_c1_keepalive_ms,0.104392
latency,4,75,http1_rust_nodelay_all_c1_keepalive_ms,0.111052
latency,4,76,http1_rust_nodelay_all_c1_keepalive_ms,0.107502
latency,4,77,http1_rust_nodelay_all_c1_keepalive_ms,0.103981
latency,4,78,http1_rust_nodelay_all_c1_keepalive_ms,0.108922
latency,4,79,http1_rust_nodelay_all_c1_keepalive_ms,0.104162
trial,4,80,http1_rust_nodelay_all_c1_median_ms,0.105972
trial,4,80,http1_rust_nodelay_all_c1_p95_ms,0.117152
trial,4,80,http1_rust_nodelay_all_c1_requests_per_second,8942.162
trial,4,80,http1_rust_nodelay_all_c1_wall_ms,8.946
summary,0,400,http1_rust_nodelay_all_c1_keepalive_ms_median,0.108032
summary,0,400,http1_rust_nodelay_all_c1_keepalive_ms_p95,0.127312
latency,0,160,http1_rust_nodelay_all_c4_keepalive_ms,0.295335
latency,0,161,http1_rust_nodelay_all_c4_keepalive_ms,0.478958
latency,0,162,http1_rust_nodelay_all_c4_keepalive_ms,0.407197
latency,0,163,http1_rust_nodelay_all_c4_keepalive_ms,0.466338
latency,0,164,http1_rust_nodelay_all_c4_keepalive_ms,0.405457
latency,0,165,http1_rust_nodelay_all_c4_keepalive_ms,0.430297
latency,0,166,http1_rust_nodelay_all_c4_keepalive_ms,0.394177
latency,0,167,http1_rust_nodelay_all_c4_keepalive_ms,0.356976
latency,0,168,http1_rust_nodelay_all_c4_keepalive_ms,0.269094
latency,0,169,http1_rust_nodelay_all_c4_keepalive_ms,0.394747
latency,0,170,http1_rust_nodelay_all_c4_keepalive_ms,0.337406
latency,0,171,http1_rust_nodelay_all_c4_keepalive_ms,0.261984
latency,0,172,http1_rust_nodelay_all_c4_keepalive_ms,0.382857
latency,0,173,http1_rust_nodelay_all_c4_keepalive_ms,0.340676
latency,0,174,http1_rust_nodelay_all_c4_keepalive_ms,0.265624
latency,0,175,http1_rust_nodelay_all_c4_keepalive_ms,0.286035
latency,0,176,http1_rust_nodelay_all_c4_keepalive_ms,0.219974
latency,0,177,http1_rust_nodelay_all_c4_keepalive_ms,0.199913
latency,0,178,http1_rust_nodelay_all_c4_keepalive_ms,0.198124
latency,0,179,http1_rust_nodelay_all_c4_keepalive_ms,0.218163
latency,0,180,http1_rust_nodelay_all_c4_keepalive_ms,0.205634
latency,0,181,http1_rust_nodelay_all_c4_keepalive_ms,0.197063
latency,0,182,http1_rust_nodelay_all_c4_keepalive_ms,0.197724
latency,0,183,http1_rust_nodelay_all_c4_keepalive_ms,0.196303
latency,0,184,http1_rust_nodelay_all_c4_keepalive_ms,0.247124
latency,0,185,http1_rust_nodelay_all_c4_keepalive_ms,0.206204
latency,0,186,http1_rust_nodelay_all_c4_keepalive_ms,0.203603
latency,0,187,http1_rust_nodelay_all_c4_keepalive_ms,0.203664
latency,0,188,http1_rust_nodelay_all_c4_keepalive_ms,0.214193
latency,0,189,http1_rust_nodelay_all_c4_keepalive_ms,0.267195
latency,0,190,http1_rust_nodelay_all_c4_keepalive_ms,0.204543
latency,0,191,http1_rust_nodelay_all_c4_keepalive_ms,0.205714
latency,0,192,http1_rust_nodelay_all_c4_keepalive_ms,0.203103
latency,0,193,http1_rust_nodelay_all_c4_keepalive_ms,0.226234
latency,0,194,http1_rust_nodelay_all_c4_keepalive_ms,0.205714
latency,0,195,http1_rust_nodelay_all_c4_keepalive_ms,0.204733
latency,0,196,http1_rust_nodelay_all_c4_keepalive_ms,0.210774
latency,0,197,http1_rust_nodelay_all_c4_keepalive_ms,0.203263
latency,0,198,http1_rust_nodelay_all_c4_keepalive_ms,0.230004
latency,0,199,http1_rust_nodelay_all_c4_keepalive_ms,0.205224
latency,0,200,http1_rust_nodelay_all_c4_keepalive_ms,0.159002
latency,0,201,http1_rust_nodelay_all_c4_keepalive_ms,0.197784
latency,0,202,http1_rust_nodelay_all_c4_keepalive_ms,0.198753
latency,0,203,http1_rust_nodelay_all_c4_keepalive_ms,0.243904
latency,0,204,http1_rust_nodelay_all_c4_keepalive_ms,0.236824
latency,0,205,http1_rust_nodelay_all_c4_keepalive_ms,0.205544
latency,0,206,http1_rust_nodelay_all_c4_keepalive_ms,0.204893
latency,0,207,http1_rust_nodelay_all_c4_keepalive_ms,0.214614
latency,0,208,http1_rust_nodelay_all_c4_keepalive_ms,0.216564
latency,0,209,http1_rust_nodelay_all_c4_keepalive_ms,0.229504
latency,0,210,http1_rust_nodelay_all_c4_keepalive_ms,0.206663
latency,0,211,http1_rust_nodelay_all_c4_keepalive_ms,0.205114
latency,0,212,http1_rust_nodelay_all_c4_keepalive_ms,0.229423
latency,0,213,http1_rust_nodelay_all_c4_keepalive_ms,0.223224
latency,0,214,http1_rust_nodelay_all_c4_keepalive_ms,0.241914
latency,0,215,http1_rust_nodelay_all_c4_keepalive_ms,0.198914
latency,0,216,http1_rust_nodelay_all_c4_keepalive_ms,0.200133
latency,0,217,http1_rust_nodelay_all_c4_keepalive_ms,0.608421
latency,0,218,http1_rust_nodelay_all_c4_keepalive_ms,0.457067
latency,0,219,http1_rust_nodelay_all_c4_keepalive_ms,0.163193
latency,0,220,http1_rust_nodelay_all_c4_keepalive_ms,0.113572
latency,0,221,http1_rust_nodelay_all_c4_keepalive_ms,0.107702
latency,0,222,http1_rust_nodelay_all_c4_keepalive_ms,0.106252
latency,0,223,http1_rust_nodelay_all_c4_keepalive_ms,0.111752
latency,0,224,http1_rust_nodelay_all_c4_keepalive_ms,0.109442
latency,0,225,http1_rust_nodelay_all_c4_keepalive_ms,0.106691
latency,0,226,http1_rust_nodelay_all_c4_keepalive_ms,0.105622
latency,0,227,http1_rust_nodelay_all_c4_keepalive_ms,0.126612
latency,0,228,http1_rust_nodelay_all_c4_keepalive_ms,0.109452
latency,0,229,http1_rust_nodelay_all_c4_keepalive_ms,0.106172
latency,0,230,http1_rust_nodelay_all_c4_keepalive_ms,0.108532
latency,0,231,http1_rust_nodelay_all_c4_keepalive_ms,0.107952
latency,0,232,http1_rust_nodelay_all_c4_keepalive_ms,0.106201
latency,0,233,http1_rust_nodelay_all_c4_keepalive_ms,0.106362
latency,0,234,http1_rust_nodelay_all_c4_keepalive_ms,0.105842
latency,0,235,http1_rust_nodelay_all_c4_keepalive_ms,0.107822
latency,0,236,http1_rust_nodelay_all_c4_keepalive_ms,9.230517
latency,0,237,http1_rust_nodelay_all_c4_keepalive_ms,0.382006
latency,0,238,http1_rust_nodelay_all_c4_keepalive_ms,0.267175
latency,0,239,http1_rust_nodelay_all_c4_keepalive_ms,0.271045
latency,0,0,http1_rust_nodelay_all_c4_keepalive_ms,0.465918
latency,0,1,http1_rust_nodelay_all_c4_keepalive_ms,0.432987
latency,0,2,http1_rust_nodelay_all_c4_keepalive_ms,0.411077
latency,0,3,http1_rust_nodelay_all_c4_keepalive_ms,0.463518
latency,0,4,http1_rust_nodelay_all_c4_keepalive_ms,0.418347
latency,0,5,http1_rust_nodelay_all_c4_keepalive_ms,0.405857
latency,0,6,http1_rust_nodelay_all_c4_keepalive_ms,0.355506
latency,0,7,http1_rust_nodelay_all_c4_keepalive_ms,0.355376
latency,0,8,http1_rust_nodelay_all_c4_keepalive_ms,0.295675
latency,0,9,http1_rust_nodelay_all_c4_keepalive_ms,0.368596
latency,0,10,http1_rust_nodelay_all_c4_keepalive_ms,0.338926
latency,0,11,http1_rust_nodelay_all_c4_keepalive_ms,0.288075
latency,0,12,http1_rust_nodelay_all_c4_keepalive_ms,0.266995
latency,0,13,http1_rust_nodelay_all_c4_keepalive_ms,0.340445
latency,0,14,http1_rust_nodelay_all_c4_keepalive_ms,0.346636
latency,0,15,http1_rust_nodelay_all_c4_keepalive_ms,0.248284
latency,0,16,http1_rust_nodelay_all_c4_keepalive_ms,0.219864
latency,0,17,http1_rust_nodelay_all_c4_keepalive_ms,0.199114
latency,0,18,http1_rust_nodelay_all_c4_keepalive_ms,0.204523
latency,0,19,http1_rust_nodelay_all_c4_keepalive_ms,0.211964
latency,0,20,http1_rust_nodelay_all_c4_keepalive_ms,0.205243
latency,0,21,http1_rust_nodelay_all_c4_keepalive_ms,0.197074
latency,0,22,http1_rust_nodelay_all_c4_keepalive_ms,0.197693
latency,0,23,http1_rust_nodelay_all_c4_keepalive_ms,0.203383
latency,0,24,http1_rust_nodelay_all_c4_keepalive_ms,0.161873
latency,0,25,http1_rust_nodelay_all_c4_keepalive_ms,0.206684
latency,0,26,http1_rust_nodelay_all_c4_keepalive_ms,0.203613
latency,0,27,http1_rust_nodelay_all_c4_keepalive_ms,0.204084
latency,0,28,http1_rust_nodelay_all_c4_keepalive_ms,0.203693
latency,0,29,http1_rust_nodelay_all_c4_keepalive_ms,9.189137
latency,0,30,http1_rust_nodelay_all_c4_keepalive_ms,0.113472
latency,0,31,http1_rust_nodelay_all_c4_keepalive_ms,0.105782
latency,0,32,http1_rust_nodelay_all_c4_keepalive_ms,0.105911
latency,0,33,http1_rust_nodelay_all_c4_keepalive_ms,0.105682
latency,0,34,http1_rust_nodelay_all_c4_keepalive_ms,0.110132
latency,0,35,http1_rust_nodelay_all_c4_keepalive_ms,0.104732
latency,0,36,http1_rust_nodelay_all_c4_keepalive_ms,0.105062
latency,0,37,http1_rust_nodelay_all_c4_keepalive_ms,0.104101
latency,0,38,http1_rust_nodelay_all_c4_keepalive_ms,0.123272
latency,0,39,http1_rust_nodelay_all_c4_keepalive_ms,0.108332
latency,0,40,http1_rust_nodelay_all_c4_keepalive_ms,0.105552
latency,0,41,http1_rust_nodelay_all_c4_keepalive_ms,0.104342
latency,0,42,http1_rust_nodelay_all_c4_keepalive_ms,0.106331
latency,0,43,http1_rust_nodelay_all_c4_keepalive_ms,0.105122
latency,0,44,http1_rust_nodelay_all_c4_keepalive_ms,0.105312
latency,0,45,http1_rust_nodelay_all_c4_keepalive_ms,0.112682
latency,0,46,http1_rust_nodelay_all_c4_keepalive_ms,0.104912
latency,0,47,http1_rust_nodelay_all_c4_keepalive_ms,0.121892
latency,0,48,http1_rust_nodelay_all_c4_keepalive_ms,0.112382
latency,0,49,http1_rust_nodelay_all_c4_keepalive_ms,0.112811
latency,0,50,http1_rust_nodelay_all_c4_keepalive_ms,0.123203
latency,0,51,http1_rust_nodelay_all_c4_keepalive_ms,0.105751
latency,0,52,http1_rust_nodelay_all_c4_keepalive_ms,0.127383
latency,0,53,http1_rust_nodelay_all_c4_keepalive_ms,0.149302
latency,0,54,http1_rust_nodelay_all_c4_keepalive_ms,0.114062
latency,0,55,http1_rust_nodelay_all_c4_keepalive_ms,0.105452
latency,0,56,http1_rust_nodelay_all_c4_keepalive_ms,6.377029
latency,0,57,http1_rust_nodelay_all_c4_keepalive_ms,0.284794
latency,0,58,http1_rust_nodelay_all_c4_keepalive_ms,0.357046
latency,0,59,http1_rust_nodelay_all_c4_keepalive_ms,0.294086
latency,0,60,http1_rust_nodelay_all_c4_keepalive_ms,0.205303
latency,0,61,http1_rust_nodelay_all_c4_keepalive_ms,0.200663
latency,0,62,http1_rust_nodelay_all_c4_keepalive_ms,0.197384
latency,0,63,http1_rust_nodelay_all_c4_keepalive_ms,0.267174
latency,0,64,http1_rust_nodelay_all_c4_keepalive_ms,0.163563
latency,0,65,http1_rust_nodelay_all_c4_keepalive_ms,0.107442
latency,0,66,http1_rust_nodelay_all_c4_keepalive_ms,0.106762
latency,0,67,http1_rust_nodelay_all_c4_keepalive_ms,0.105532
latency,0,68,http1_rust_nodelay_all_c4_keepalive_ms,0.105011
latency,0,69,http1_rust_nodelay_all_c4_keepalive_ms,0.105162
latency,0,70,http1_rust_nodelay_all_c4_keepalive_ms,0.106172
latency,0,71,http1_rust_nodelay_all_c4_keepalive_ms,0.113372
latency,0,72,http1_rust_nodelay_all_c4_keepalive_ms,0.117042
latency,0,73,http1_rust_nodelay_all_c4_keepalive_ms,0.105352
latency,0,74,http1_rust_nodelay_all_c4_keepalive_ms,0.105842
latency,0,75,http1_rust_nodelay_all_c4_keepalive_ms,0.104331
latency,0,76,http1_rust_nodelay_all_c4_keepalive_ms,0.104582
latency,0,77,http1_rust_nodelay_all_c4_keepalive_ms,0.105932
latency,0,78,http1_rust_nodelay_all_c4_keepalive_ms,0.104412
latency,0,79,http1_rust_nodelay_all_c4_keepalive_ms,0.104941
latency,0,240,http1_rust_nodelay_all_c4_keepalive_ms,0.556589
latency,0,241,http1_rust_nodelay_all_c4_keepalive_ms,0.423968
latency,0,242,http1_rust_nodelay_all_c4_keepalive_ms,0.419757
latency,0,243,http1_rust_nodelay_all_c4_keepalive_ms,0.450407
latency,0,244,http1_rust_nodelay_all_c4_keepalive_ms,0.417848
latency,0,245,http1_rust_nodelay_all_c4_keepalive_ms,6.409478
latency,0,246,http1_rust_nodelay_all_c4_keepalive_ms,0.208664
latency,0,247,http1_rust_nodelay_all_c4_keepalive_ms,0.205903
latency,0,248,http1_rust_nodelay_all_c4_keepalive_ms,0.202604
latency,0,249,http1_rust_nodelay_all_c4_keepalive_ms,0.216084
latency,0,250,http1_rust_nodelay_all_c4_keepalive_ms,0.215053
latency,0,251,http1_rust_nodelay_all_c4_keepalive_ms,0.241804
latency,0,252,http1_rust_nodelay_all_c4_keepalive_ms,0.210644
latency,0,253,http1_rust_nodelay_all_c4_keepalive_ms,0.204033
latency,0,254,http1_rust_nodelay_all_c4_keepalive_ms,0.225664
latency,0,255,http1_rust_nodelay_all_c4_keepalive_ms,0.208944
latency,0,256,http1_rust_nodelay_all_c4_keepalive_ms,0.227504
latency,0,257,http1_rust_nodelay_all_c4_keepalive_ms,0.197823
latency,0,258,http1_rust_nodelay_all_c4_keepalive_ms,0.198533
latency,0,259,http1_rust_nodelay_all_c4_keepalive_ms,9.182677
latency,0,260,http1_rust_nodelay_all_c4_keepalive_ms,0.110691
latency,0,261,http1_rust_nodelay_all_c4_keepalive_ms,0.105962
latency,0,262,http1_rust_nodelay_all_c4_keepalive_ms,0.105122
latency,0,263,http1_rust_nodelay_all_c4_keepalive_ms,0.107212
latency,0,264,http1_rust_nodelay_all_c4_keepalive_ms,0.104852
latency,0,265,http1_rust_nodelay_all_c4_keepalive_ms,0.110342
latency,0,266,http1_rust_nodelay_all_c4_keepalive_ms,0.104141
latency,0,267,http1_rust_nodelay_all_c4_keepalive_ms,0.106642
latency,0,268,http1_rust_nodelay_all_c4_keepalive_ms,0.123402
latency,0,269,http1_rust_nodelay_all_c4_keepalive_ms,0.110352
latency,0,270,http1_rust_nodelay_all_c4_keepalive_ms,0.105372
latency,0,271,http1_rust_nodelay_all_c4_keepalive_ms,0.107462
latency,0,272,http1_rust_nodelay_all_c4_keepalive_ms,0.104502
latency,0,273,http1_rust_nodelay_all_c4_keepalive_ms,0.103901
latency,0,274,http1_rust_nodelay_all_c4_keepalive_ms,0.105742
latency,0,275,http1_rust_nodelay_all_c4_keepalive_ms,0.104292
latency,0,276,http1_rust_nodelay_all_c4_keepalive_ms,0.104182
latency,0,277,http1_rust_nodelay_all_c4_keepalive_ms,0.110692
latency,0,278,http1_rust_nodelay_all_c4_keepalive_ms,0.120982
latency,0,279,http1_rust_nodelay_all_c4_keepalive_ms,0.105051
latency,0,280,http1_rust_nodelay_all_c4_keepalive_ms,0.104092
latency,0,281,http1_rust_nodelay_all_c4_keepalive_ms,0.104182
latency,0,282,http1_rust_nodelay_all_c4_keepalive_ms,0.105502
latency,0,283,http1_rust_nodelay_all_c4_keepalive_ms,0.104122
latency,0,284,http1_rust_nodelay_all_c4_keepalive_ms,0.103981
latency,0,285,http1_rust_nodelay_all_c4_keepalive_ms,0.104912
latency,0,286,http1_rust_nodelay_all_c4_keepalive_ms,0.105262
latency,0,287,http1_rust_nodelay_all_c4_keepalive_ms,3.361367
latency,0,288,http1_rust_nodelay_all_c4_keepalive_ms,0.347606
latency,0,289,http1_rust_nodelay_all_c4_keepalive_ms,0.287875
latency,0,290,http1_rust_nodelay_all_c4_keepalive_ms,0.346966
latency,0,291,http1_rust_nodelay_all_c4_keepalive_ms,0.201993
latency,0,292,http1_rust_nodelay_all_c4_keepalive_ms,0.200494
latency,0,293,http1_rust_nodelay_all_c4_keepalive_ms,0.198463
latency,0,294,http1_rust_nodelay_all_c4_keepalive_ms,0.268025
latency,0,295,http1_rust_nodelay_all_c4_keepalive_ms,2.503692
latency,0,296,http1_rust_nodelay_all_c4_keepalive_ms,0.115152
latency,0,297,http1_rust_nodelay_all_c4_keepalive_ms,0.105932
latency,0,298,http1_rust_nodelay_all_c4_keepalive_ms,0.116082
latency,0,299,http1_rust_nodelay_all_c4_keepalive_ms,0.119172
latency,0,300,http1_rust_nodelay_all_c4_keepalive_ms,0.108312
latency,0,301,http1_rust_nodelay_all_c4_keepalive_ms,0.105202
latency,0,302,http1_rust_nodelay_all_c4_keepalive_ms,0.104852
latency,0,303,http1_rust_nodelay_all_c4_keepalive_ms,0.107251
latency,0,304,http1_rust_nodelay_all_c4_keepalive_ms,0.105452
latency,0,305,http1_rust_nodelay_all_c4_keepalive_ms,0.105192
latency,0,306,http1_rust_nodelay_all_c4_keepalive_ms,0.104922
latency,0,307,http1_rust_nodelay_all_c4_keepalive_ms,0.116912
latency,0,308,http1_rust_nodelay_all_c4_keepalive_ms,0.112712
latency,0,309,http1_rust_nodelay_all_c4_keepalive_ms,0.112492
latency,0,310,http1_rust_nodelay_all_c4_keepalive_ms,0.105801
latency,0,311,http1_rust_nodelay_all_c4_keepalive_ms,0.104502
latency,0,312,http1_rust_nodelay_all_c4_keepalive_ms,0.104532
latency,0,313,http1_rust_nodelay_all_c4_keepalive_ms,0.104442
latency,0,314,http1_rust_nodelay_all_c4_keepalive_ms,0.104992
latency,0,315,http1_rust_nodelay_all_c4_keepalive_ms,0.104471
latency,0,316,http1_rust_nodelay_all_c4_keepalive_ms,0.103852
latency,0,317,http1_rust_nodelay_all_c4_keepalive_ms,0.118052
latency,0,318,http1_rust_nodelay_all_c4_keepalive_ms,0.117552
latency,0,319,http1_rust_nodelay_all_c4_keepalive_ms,0.106452
latency,0,80,http1_rust_nodelay_all_c4_keepalive_ms,0.311986
latency,0,81,http1_rust_nodelay_all_c4_keepalive_ms,0.477998
latency,0,82,http1_rust_nodelay_all_c4_keepalive_ms,0.414397
latency,0,83,http1_rust_nodelay_all_c4_keepalive_ms,0.331575
latency,0,84,http1_rust_nodelay_all_c4_keepalive_ms,0.416808
latency,0,85,http1_rust_nodelay_all_c4_keepalive_ms,0.424697
latency,0,86,http1_rust_nodelay_all_c4_keepalive_ms,0.411977
latency,0,87,http1_rust_nodelay_all_c4_keepalive_ms,0.353536
latency,0,88,http1_rust_nodelay_all_c4_keepalive_ms,0.267434
latency,0,89,http1_rust_nodelay_all_c4_keepalive_ms,0.382976
latency,0,90,http1_rust_nodelay_all_c4_keepalive_ms,0.353126
latency,0,91,http1_rust_nodelay_all_c4_keepalive_ms,0.264565
latency,0,92,http1_rust_nodelay_all_c4_keepalive_ms,0.382407
latency,0,93,http1_rust_nodelay_all_c4_keepalive_ms,0.351876
latency,0,94,http1_rust_nodelay_all_c4_keepalive_ms,0.231973
latency,0,95,http1_rust_nodelay_all_c4_keepalive_ms,6.202136
latency,0,96,http1_rust_nodelay_all_c4_keepalive_ms,0.214934
latency,0,97,http1_rust_nodelay_all_c4_keepalive_ms,0.206143
latency,0,98,http1_rust_nodelay_all_c4_keepalive_ms,0.204304
latency,0,99,http1_rust_nodelay_all_c4_keepalive_ms,0.204903
latency,0,100,http1_rust_nodelay_all_c4_keepalive_ms,0.225904
latency,0,101,http1_rust_nodelay_all_c4_keepalive_ms,0.209804
latency,0,102,http1_rust_nodelay_all_c4_keepalive_ms,0.161483
latency,0,103,http1_rust_nodelay_all_c4_keepalive_ms,0.206023
latency,0,104,http1_rust_nodelay_all_c4_keepalive_ms,0.205654
latency,0,105,http1_rust_nodelay_all_c4_keepalive_ms,0.229613
latency,0,106,http1_rust_nodelay_all_c4_keepalive_ms,0.223854
latency,0,107,http1_rust_nodelay_all_c4_keepalive_ms,0.205204
latency,0,108,http1_rust_nodelay_all_c4_keepalive_ms,0.198483
latency,0,109,http1_rust_nodelay_all_c4_keepalive_ms,0.207434
latency,0,110,http1_rust_nodelay_all_c4_keepalive_ms,9.105774
latency,0,111,http1_rust_nodelay_all_c4_keepalive_ms,0.113322
latency,0,112,http1_rust_nodelay_all_c4_keepalive_ms,0.107092
latency,0,113,http1_rust_nodelay_all_c4_keepalive_ms,0.105562
latency,0,114,http1_rust_nodelay_all_c4_keepalive_ms,0.106262
latency,0,115,http1_rust_nodelay_all_c4_keepalive_ms,0.109782
latency,0,116,http1_rust_nodelay_all_c4_keepalive_ms,0.106382
latency,0,117,http1_rust_nodelay_all_c4_keepalive_ms,0.105291
latency,0,118,http1_rust_nodelay_all_c4_keepalive_ms,0.104972
latency,0,119,http1_rust_nodelay_all_c4_keepalive_ms,0.120812
latency,0,120,http1_rust_nodelay_all_c4_keepalive_ms,0.116532
latency,0,121,http1_rust_nodelay_all_c4_keepalive_ms,0.105822
latency,0,122,http1_rust_nodelay_all_c4_keepalive_ms,0.111132
latency,0,123,http1_rust_nodelay_all_c4_keepalive_ms,0.107552
latency,0,124,http1_rust_nodelay_all_c4_keepalive_ms,0.106492
latency,0,125,http1_rust_nodelay_all_c4_keepalive_ms,0.106341
latency,0,126,http1_rust_nodelay_all_c4_keepalive_ms,0.106052
latency,0,127,http1_rust_nodelay_all_c4_keepalive_ms,0.107992
latency,0,128,http1_rust_nodelay_all_c4_keepalive_ms,0.115822
latency,0,129,http1_rust_nodelay_all_c4_keepalive_ms,0.122022
latency,0,130,http1_rust_nodelay_all_c4_keepalive_ms,0.107122
latency,0,131,http1_rust_nodelay_all_c4_keepalive_ms,0.107512
latency,0,132,http1_rust_nodelay_all_c4_keepalive_ms,0.105231
latency,0,133,http1_rust_nodelay_all_c4_keepalive_ms,0.106032
latency,0,134,http1_rust_nodelay_all_c4_keepalive_ms,0.107022
latency,0,135,http1_rust_nodelay_all_c4_keepalive_ms,0.105822
latency,0,136,http1_rust_nodelay_all_c4_keepalive_ms,0.108382
latency,0,137,http1_rust_nodelay_all_c4_keepalive_ms,0.185333
latency,0,138,http1_rust_nodelay_all_c4_keepalive_ms,7.682471
latency,0,139,http1_rust_nodelay_all_c4_keepalive_ms,0.111872
latency,0,140,http1_rust_nodelay_all_c4_keepalive_ms,0.105892
latency,0,141,http1_rust_nodelay_all_c4_keepalive_ms,0.147492
latency,0,142,http1_rust_nodelay_all_c4_keepalive_ms,0.115042
latency,0,143,http1_rust_nodelay_all_c4_keepalive_ms,0.105132
latency,0,144,http1_rust_nodelay_all_c4_keepalive_ms,0.111212
latency,0,145,http1_rust_nodelay_all_c4_keepalive_ms,0.104461
latency,0,146,http1_rust_nodelay_all_c4_keepalive_ms,0.106192
latency,0,147,http1_rust_nodelay_all_c4_keepalive_ms,0.104872
latency,0,148,http1_rust_nodelay_all_c4_keepalive_ms,0.104662
latency,0,149,http1_rust_nodelay_all_c4_keepalive_ms,0.104301
latency,0,150,http1_rust_nodelay_all_c4_keepalive_ms,0.120412
latency,0,151,http1_rust_nodelay_all_c4_keepalive_ms,0.115882
latency,0,152,http1_rust_nodelay_all_c4_keepalive_ms,0.105842
latency,0,153,http1_rust_nodelay_all_c4_keepalive_ms,0.109852
latency,0,154,http1_rust_nodelay_all_c4_keepalive_ms,0.104212
latency,0,155,http1_rust_nodelay_all_c4_keepalive_ms,0.111442
latency,0,156,http1_rust_nodelay_all_c4_keepalive_ms,0.104321
latency,0,157,http1_rust_nodelay_all_c4_keepalive_ms,0.105852
latency,0,158,http1_rust_nodelay_all_c4_keepalive_ms,0.104522
latency,0,159,http1_rust_nodelay_all_c4_keepalive_ms,0.117142
trial,0,320,http1_rust_nodelay_all_c4_median_ms,0.163563
trial,0,320,http1_rust_nodelay_all_c4_p95_ms,0.463518
trial,0,320,http1_rust_nodelay_all_c4_requests_per_second,8655.246
trial,0,320,http1_rust_nodelay_all_c4_wall_ms,36.972
latency,1,0,http1_rust_nodelay_all_c4_keepalive_ms,0.378497
latency,1,1,http1_rust_nodelay_all_c4_keepalive_ms,0.409557
latency,1,2,http1_rust_nodelay_all_c4_keepalive_ms,0.416827
latency,1,3,http1_rust_nodelay_all_c4_keepalive_ms,0.274414
latency,1,4,http1_rust_nodelay_all_c4_keepalive_ms,0.405637
latency,1,5,http1_rust_nodelay_all_c4_keepalive_ms,0.410557
latency,1,6,http1_rust_nodelay_all_c4_keepalive_ms,0.406057
latency,1,7,http1_rust_nodelay_all_c4_keepalive_ms,0.412477
latency,1,8,http1_rust_nodelay_all_c4_keepalive_ms,0.396857
latency,1,9,http1_rust_nodelay_all_c4_keepalive_ms,0.333366
latency,1,10,http1_rust_nodelay_all_c4_keepalive_ms,0.353096
latency,1,11,http1_rust_nodelay_all_c4_keepalive_ms,0.271404
latency,1,12,http1_rust_nodelay_all_c4_keepalive_ms,0.334776
latency,1,13,http1_rust_nodelay_all_c4_keepalive_ms,0.337646
latency,1,14,http1_rust_nodelay_all_c4_keepalive_ms,0.252994
latency,1,15,http1_rust_nodelay_all_c4_keepalive_ms,0.312605
latency,1,16,http1_rust_nodelay_all_c4_keepalive_ms,0.211034
latency,1,17,http1_rust_nodelay_all_c4_keepalive_ms,0.216944
latency,1,18,http1_rust_nodelay_all_c4_keepalive_ms,0.204373
latency,1,19,http1_rust_nodelay_all_c4_keepalive_ms,0.209103
latency,1,20,http1_rust_nodelay_all_c4_keepalive_ms,0.216454
latency,1,21,http1_rust_nodelay_all_c4_keepalive_ms,0.219234
latency,1,22,http1_rust_nodelay_all_c4_keepalive_ms,0.210483
latency,1,23,http1_rust_nodelay_all_c4_keepalive_ms,0.204794
latency,1,24,http1_rust_nodelay_all_c4_keepalive_ms,0.201733
latency,1,25,http1_rust_nodelay_all_c4_keepalive_ms,0.252415
latency,1,26,http1_rust_nodelay_all_c4_keepalive_ms,0.216713
latency,1,27,http1_rust_nodelay_all_c4_keepalive_ms,0.204024
latency,1,28,http1_rust_nodelay_all_c4_keepalive_ms,0.203213
latency,1,29,http1_rust_nodelay_all_c4_keepalive_ms,0.202174
latency,1,30,http1_rust_nodelay_all_c4_keepalive_ms,3.038721
latency,1,31,http1_rust_nodelay_all_c4_keepalive_ms,0.130253
latency,1,32,http1_rust_nodelay_all_c4_keepalive_ms,0.106022
latency,1,33,http1_rust_nodelay_all_c4_keepalive_ms,0.115741
latency,1,34,http1_rust_nodelay_all_c4_keepalive_ms,0.111782
latency,1,35,http1_rust_nodelay_all_c4_keepalive_ms,0.103972
latency,1,36,http1_rust_nodelay_all_c4_keepalive_ms,0.105242
latency,1,37,http1_rust_nodelay_all_c4_keepalive_ms,0.104232
latency,1,38,http1_rust_nodelay_all_c4_keepalive_ms,0.106352
latency,1,39,http1_rust_nodelay_all_c4_keepalive_ms,0.111081
latency,1,40,http1_rust_nodelay_all_c4_keepalive_ms,0.107032
latency,1,41,http1_rust_nodelay_all_c4_keepalive_ms,0.106502
latency,1,42,http1_rust_nodelay_all_c4_keepalive_ms,0.111472
latency,1,43,http1_rust_nodelay_all_c4_keepalive_ms,0.109962
latency,1,44,http1_rust_nodelay_all_c4_keepalive_ms,0.104442
latency,1,45,http1_rust_nodelay_all_c4_keepalive_ms,0.105701
latency,1,46,http1_rust_nodelay_all_c4_keepalive_ms,0.103962
latency,1,47,http1_rust_nodelay_all_c4_keepalive_ms,0.104022
latency,1,48,http1_rust_nodelay_all_c4_keepalive_ms,0.104072
latency,1,49,http1_rust_nodelay_all_c4_keepalive_ms,0.114122
latency,1,50,http1_rust_nodelay_all_c4_keepalive_ms,0.104751
latency,1,51,http1_rust_nodelay_all_c4_keepalive_ms,0.104241
latency,1,52,http1_rust_nodelay_all_c4_keepalive_ms,0.114922
latency,1,53,http1_rust_nodelay_all_c4_keepalive_ms,0.107842
latency,1,54,http1_rust_nodelay_all_c4_keepalive_ms,0.104752
latency,1,55,http1_rust_nodelay_all_c4_keepalive_ms,0.104482
latency,1,56,http1_rust_nodelay_all_c4_keepalive_ms,0.105601
latency,1,57,http1_rust_nodelay_all_c4_keepalive_ms,0.104542
latency,1,58,http1_rust_nodelay_all_c4_keepalive_ms,0.176063
latency,1,59,http1_rust_nodelay_all_c4_keepalive_ms,0.153183
latency,1,60,http1_rust_nodelay_all_c4_keepalive_ms,0.114642
latency,1,61,http1_rust_nodelay_all_c4_keepalive_ms,0.110382
latency,1,62,http1_rust_nodelay_all_c4_keepalive_ms,0.110012
latency,1,63,http1_rust_nodelay_all_c4_keepalive_ms,0.104621
latency,1,64,http1_rust_nodelay_all_c4_keepalive_ms,0.104562
latency,1,65,http1_rust_nodelay_all_c4_keepalive_ms,0.106402
latency,1,66,http1_rust_nodelay_all_c4_keepalive_ms,0.113812
latency,1,67,http1_rust_nodelay_all_c4_keepalive_ms,0.107132
latency,1,68,http1_rust_nodelay_all_c4_keepalive_ms,0.104811
latency,1,69,http1_rust_nodelay_all_c4_keepalive_ms,0.109622
latency,1,70,http1_rust_nodelay_all_c4_keepalive_ms,0.114172
latency,1,71,http1_rust_nodelay_all_c4_keepalive_ms,0.104742
latency,1,72,http1_rust_nodelay_all_c4_keepalive_ms,0.107542
latency,1,73,http1_rust_nodelay_all_c4_keepalive_ms,0.108872
latency,1,74,http1_rust_nodelay_all_c4_keepalive_ms,0.105332
latency,1,75,http1_rust_nodelay_all_c4_keepalive_ms,0.109841
latency,1,76,http1_rust_nodelay_all_c4_keepalive_ms,0.109562
latency,1,77,http1_rust_nodelay_all_c4_keepalive_ms,0.112602
latency,1,78,http1_rust_nodelay_all_c4_keepalive_ms,0.104802
latency,1,79,http1_rust_nodelay_all_c4_keepalive_ms,0.116072
latency,1,160,http1_rust_nodelay_all_c4_keepalive_ms,0.392767
latency,1,161,http1_rust_nodelay_all_c4_keepalive_ms,0.409667
latency,1,162,http1_rust_nodelay_all_c4_keepalive_ms,0.421357
latency,1,163,http1_rust_nodelay_all_c4_keepalive_ms,0.419637
latency,1,164,http1_rust_nodelay_all_c4_keepalive_ms,0.420137
latency,1,165,http1_rust_nodelay_all_c4_keepalive_ms,0.398967
latency,1,166,http1_rust_nodelay_all_c4_keepalive_ms,0.427238
latency,1,167,http1_rust_nodelay_all_c4_keepalive_ms,0.409747
latency,1,168,http1_rust_nodelay_all_c4_keepalive_ms,0.468898
latency,1,169,http1_rust_nodelay_all_c4_keepalive_ms,0.349185
latency,1,170,http1_rust_nodelay_all_c4_keepalive_ms,0.264475
latency,1,171,http1_rust_nodelay_all_c4_keepalive_ms,0.344496
latency,1,172,http1_rust_nodelay_all_c4_keepalive_ms,0.336696
latency,1,173,http1_rust_nodelay_all_c4_keepalive_ms,0.246774
latency,1,174,http1_rust_nodelay_all_c4_keepalive_ms,0.329165
latency,1,175,http1_rust_nodelay_all_c4_keepalive_ms,0.213774
latency,1,176,http1_rust_nodelay_all_c4_keepalive_ms,0.216894
latency,1,177,http1_rust_nodelay_all_c4_keepalive_ms,0.205773
latency,1,178,http1_rust_nodelay_all_c4_keepalive_ms,0.208743
latency,1,179,http1_rust_nodelay_all_c4_keepalive_ms,0.212874
latency,1,180,http1_rust_nodelay_all_c4_keepalive_ms,0.216054
latency,1,181,http1_rust_nodelay_all_c4_keepalive_ms,0.217093
latency,1,182,http1_rust_nodelay_all_c4_keepalive_ms,0.204974
latency,1,183,http1_rust_nodelay_all_c4_keepalive_ms,0.202363
latency,1,184,http1_rust_nodelay_all_c4_keepalive_ms,0.223574
latency,1,185,http1_rust_nodelay_all_c4_keepalive_ms,0.206174
latency,1,186,http1_rust_nodelay_all_c4_keepalive_ms,0.216393
latency,1,187,http1_rust_nodelay_all_c4_keepalive_ms,0.202644
latency,1,188,http1_rust_nodelay_all_c4_keepalive_ms,0.203283
latency,1,189,http1_rust_nodelay_all_c4_keepalive_ms,0.224574
latency,1,190,http1_rust_nodelay_all_c4_keepalive_ms,0.151863
latency,1,191,http1_rust_nodelay_all_c4_keepalive_ms,0.129442
latency,1,192,http1_rust_nodelay_all_c4_keepalive_ms,0.118662
latency,1,193,http1_rust_nodelay_all_c4_keepalive_ms,0.107392
latency,1,194,http1_rust_nodelay_all_c4_keepalive_ms,0.104502
latency,1,195,http1_rust_nodelay_all_c4_keepalive_ms,0.104991
latency,1,196,http1_rust_nodelay_all_c4_keepalive_ms,0.105682
latency,1,197,http1_rust_nodelay_all_c4_keepalive_ms,0.127252
latency,1,198,http1_rust_nodelay_all_c4_keepalive_ms,0.107352
latency,1,199,http1_rust_nodelay_all_c4_keepalive_ms,0.104802
latency,1,200,http1_rust_nodelay_all_c4_keepalive_ms,0.119452
latency,1,201,http1_rust_nodelay_all_c4_keepalive_ms,0.105282
latency,1,202,http1_rust_nodelay_all_c4_keepalive_ms,0.104432
latency,1,203,http1_rust_nodelay_all_c4_keepalive_ms,0.105411
latency,1,204,http1_rust_nodelay_all_c4_keepalive_ms,0.106052
latency,1,205,http1_rust_nodelay_all_c4_keepalive_ms,0.105592
latency,1,206,http1_rust_nodelay_all_c4_keepalive_ms,0.113872
latency,1,207,http1_rust_nodelay_all_c4_keepalive_ms,0.106542
latency,1,208,http1_rust_nodelay_all_c4_keepalive_ms,0.106362
latency,1,209,http1_rust_nodelay_all_c4_keepalive_ms,0.114101
latency,1,210,http1_rust_nodelay_all_c4_keepalive_ms,0.106072
latency,1,211,http1_rust_nodelay_all_c4_keepalive_ms,0.105672
latency,1,212,http1_rust_nodelay_all_c4_keepalive_ms,0.109422
latency,1,213,http1_rust_nodelay_all_c4_keepalive_ms,0.104482
latency,1,214,http1_rust_nodelay_all_c4_keepalive_ms,0.108372
latency,1,215,http1_rust_nodelay_all_c4_keepalive_ms,5.944581
latency,1,216,http1_rust_nodelay_all_c4_keepalive_ms,0.227254
latency,1,217,http1_rust_nodelay_all_c4_keepalive_ms,0.217433
latency,1,218,http1_rust_nodelay_all_c4_keepalive_ms,0.225244
latency,1,219,http1_rust_nodelay_all_c4_keepalive_ms,0.204624
latency,1,220,http1_rust_nodelay_all_c4_keepalive_ms,0.160523
latency,1,221,http1_rust_nodelay_all_c4_keepalive_ms,0.212913
latency,1,222,http1_rust_nodelay_all_c4_keepalive_ms,0.205364
latency,1,223,http1_rust_nodelay_all_c4_keepalive_ms,0.215133
latency,1,224,http1_rust_nodelay_all_c4_keepalive_ms,0.203954
latency,1,225,http1_rust_nodelay_all_c4_keepalive_ms,0.204183
latency,1,226,http1_rust_nodelay_all_c4_keepalive_ms,0.212844
latency,1,227,http1_rust_nodelay_all_c4_keepalive_ms,0.199833
latency,1,228,http1_rust_nodelay_all_c4_keepalive_ms,0.209804
latency,1,229,http1_rust_nodelay_all_c4_keepalive_ms,0.199183
latency,1,230,http1_rust_nodelay_all_c4_keepalive_ms,0.197914
latency,1,231,http1_rust_nodelay_all_c4_keepalive_ms,6.123204
latency,1,232,http1_rust_nodelay_all_c4_keepalive_ms,0.109521
latency,1,233,http1_rust_nodelay_all_c4_keepalive_ms,0.106732
latency,1,234,http1_rust_nodelay_all_c4_keepalive_ms,0.107182
latency,1,235,http1_rust_nodelay_all_c4_keepalive_ms,0.118282
latency,1,236,http1_rust_nodelay_all_c4_keepalive_ms,0.107492
latency,1,237,http1_rust_nodelay_all_c4_keepalive_ms,0.105132
latency,1,238,http1_rust_nodelay_all_c4_keepalive_ms,0.105212
latency,1,239,http1_rust_nodelay_all_c4_keepalive_ms,0.106821
latency,1,80,http1_rust_nodelay_all_c4_keepalive_ms,0.408147
latency,1,81,http1_rust_nodelay_all_c4_keepalive_ms,0.411777
latency,1,82,http1_rust_nodelay_all_c4_keepalive_ms,0.419838
latency,1,83,http1_rust_nodelay_all_c4_keepalive_ms,0.419107
latency,1,84,http1_rust_nodelay_all_c4_keepalive_ms,0.420277
latency,1,85,http1_rust_nodelay_all_c4_keepalive_ms,0.398917
latency,1,86,http1_rust_nodelay_all_c4_keepalive_ms,0.426177
latency,1,87,http1_rust_nodelay_all_c4_keepalive_ms,0.409697
latency,1,88,http1_rust_nodelay_all_c4_keepalive_ms,0.470348
latency,1,89,http1_rust_nodelay_all_c4_keepalive_ms,0.255654
latency,1,90,http1_rust_nodelay_all_c4_keepalive_ms,0.357956
latency,1,91,http1_rust_nodelay_all_c4_keepalive_ms,0.344186
latency,1,92,http1_rust_nodelay_all_c4_keepalive_ms,0.258125
latency,1,93,http1_rust_nodelay_all_c4_keepalive_ms,0.324965
latency,1,94,http1_rust_nodelay_all_c4_keepalive_ms,0.330746
latency,1,95,http1_rust_nodelay_all_c4_keepalive_ms,11.975974
latency,1,96,http1_rust_nodelay_all_c4_keepalive_ms,0.227663
latency,1,97,http1_rust_nodelay_all_c4_keepalive_ms,0.213644
latency,1,98,http1_rust_nodelay_all_c4_keepalive_ms,0.218824
latency,1,99,http1_rust_nodelay_all_c4_keepalive_ms,0.203313
latency,1,100,http1_rust_nodelay_all_c4_keepalive_ms,0.233054
latency,1,101,http1_rust_nodelay_all_c4_keepalive_ms,0.206434
latency,1,102,http1_rust_nodelay_all_c4_keepalive_ms,0.214953
latency,1,103,http1_rust_nodelay_all_c4_keepalive_ms,0.204574
latency,1,104,http1_rust_nodelay_all_c4_keepalive_ms,0.203763
latency,1,105,http1_rust_nodelay_all_c4_keepalive_ms,0.248065
latency,1,106,http1_rust_nodelay_all_c4_keepalive_ms,0.199863
latency,1,107,http1_rust_nodelay_all_c4_keepalive_ms,0.208874
latency,1,108,http1_rust_nodelay_all_c4_keepalive_ms,0.200263
latency,1,109,http1_rust_nodelay_all_c4_keepalive_ms,0.197723
latency,1,110,http1_rust_nodelay_all_c4_keepalive_ms,0.165633
latency,1,111,http1_rust_nodelay_all_c4_keepalive_ms,0.105692
latency,1,112,http1_rust_nodelay_all_c4_keepalive_ms,0.105752
latency,1,113,http1_rust_nodelay_all_c4_keepalive_ms,0.112102
latency,1,114,http1_rust_nodelay_all_c4_keepalive_ms,0.111702
latency,1,115,http1_rust_nodelay_all_c4_keepalive_ms,0.107831
latency,1,116,http1_rust_nodelay_all_c4_keepalive_ms,0.110472
latency,1,117,http1_rust_nodelay_all_c4_keepalive_ms,0.104272
latency,1,118,http1_rust_nodelay_all_c4_keepalive_ms,0.104652
latency,1,119,http1_rust_nodelay_all_c4_keepalive_ms,0.117002
latency,1,120,http1_rust_nodelay_all_c4_keepalive_ms,0.106232
latency,1,121,http1_rust_nodelay_all_c4_keepalive_ms,0.104501
latency,1,122,http1_rust_nodelay_all_c4_keepalive_ms,0.104072
latency,1,123,http1_rust_nodelay_all_c4_keepalive_ms,0.118542
latency,1,124,http1_rust_nodelay_all_c4_keepalive_ms,0.104892
latency,1,125,http1_rust_nodelay_all_c4_keepalive_ms,0.103921
latency,1,126,http1_rust_nodelay_all_c4_keepalive_ms,0.107012
latency,1,127,http1_rust_nodelay_all_c4_keepalive_ms,0.105172
latency,1,128,http1_rust_nodelay_all_c4_keepalive_ms,0.119732
latency,1,129,http1_rust_nodelay_all_c4_keepalive_ms,0.107572
latency,1,130,http1_rust_nodelay_all_c4_keepalive_ms,0.110682
latency,1,131,http1_rust_nodelay_all_c4_keepalive_ms,0.104212
latency,1,132,http1_rust_nodelay_all_c4_keepalive_ms,0.114281
latency,1,133,http1_rust_nodelay_all_c4_keepalive_ms,0.105682
latency,1,134,http1_rust_nodelay_all_c4_keepalive_ms,0.105472
latency,1,135,http1_rust_nodelay_all_c4_keepalive_ms,0.103982
latency,1,136,http1_rust_nodelay_all_c4_keepalive_ms,0.103752
latency,1,137,http1_rust_nodelay_all_c4_keepalive_ms,4.420025
latency,1,138,http1_rust_nodelay_all_c4_keepalive_ms,0.116672
latency,1,139,http1_rust_nodelay_all_c4_keepalive_ms,0.119372
latency,1,140,http1_rust_nodelay_all_c4_keepalive_ms,0.106512
latency,1,141,http1_rust_nodelay_all_c4_keepalive_ms,0.107902
latency,1,142,http1_rust_nodelay_all_c4_keepalive_ms,0.106341
latency,1,143,http1_rust_nodelay_all_c4_keepalive_ms,0.111362
latency,1,144,http1_rust_nodelay_all_c4_keepalive_ms,0.109612
latency,1,145,http1_rust_nodelay_all_c4_keepalive_ms,0.107542
latency,1,146,http1_rust_nodelay_all_c4_keepalive_ms,0.105532
latency,1,147,http1_rust_nodelay_all_c4_keepalive_ms,0.104702
latency,1,148,http1_rust_nodelay_all_c4_keepalive_ms,0.115702
latency,1,149,http1_rust_nodelay_all_c4_keepalive_ms,0.108651
latency,1,150,http1_rust_nodelay_all_c4_keepalive_ms,0.106542
latency,1,151,http1_rust_nodelay_all_c4_keepalive_ms,0.105102
latency,1,152,http1_rust_nodelay_all_c4_keepalive_ms,0.106412
latency,1,153,http1_rust_nodelay_all_c4_keepalive_ms,0.113412
latency,1,154,http1_rust_nodelay_all_c4_keepalive_ms,0.106242
latency,1,155,http1_rust_nodelay_all_c4_keepalive_ms,0.104901
latency,1,156,http1_rust_nodelay_all_c4_keepalive_ms,0.107122
latency,1,157,http1_rust_nodelay_all_c4_keepalive_ms,0.113472
latency,1,158,http1_rust_nodelay_all_c4_keepalive_ms,0.108052
latency,1,159,http1_rust_nodelay_all_c4_keepalive_ms,0.105462
latency,1,240,http1_rust_nodelay_all_c4_keepalive_ms,0.365846
latency,1,241,http1_rust_nodelay_all_c4_keepalive_ms,0.409557
latency,1,242,http1_rust_nodelay_all_c4_keepalive_ms,0.416657
latency,1,243,http1_rust_nodelay_all_c4_keepalive_ms,0.419347
latency,1,244,http1_rust_nodelay_all_c4_keepalive_ms,0.417458
latency,1,245,http1_rust_nodelay_all_c4_keepalive_ms,0.402736
latency,1,246,http1_rust_nodelay_all_c4_keepalive_ms,0.433988
latency,1,247,http1_rust_nodelay_all_c4_keepalive_ms,0.409527
latency,1,248,http1_rust_nodelay_all_c4_keepalive_ms,0.393587
latency,1,249,http1_rust_nodelay_all_c4_keepalive_ms,11.176180
latency,1,250,http1_rust_nodelay_all_c4_keepalive_ms,8.947222
latency,1,251,http1_rust_nodelay_all_c4_keepalive_ms,0.109442
latency,1,252,http1_rust_nodelay_all_c4_keepalive_ms,0.105211
latency,1,253,http1_rust_nodelay_all_c4_keepalive_ms,0.108382
latency,1,254,http1_rust_nodelay_all_c4_keepalive_ms,0.118992
latency,1,255,http1_rust_nodelay_all_c4_keepalive_ms,0.104722
latency,1,256,http1_rust_nodelay_all_c4_keepalive_ms,0.104472
latency,1,257,http1_rust_nodelay_all_c4_keepalive_ms,0.104512
latency,1,258,http1_rust_nodelay_all_c4_keepalive_ms,0.105681
latency,1,259,http1_rust_nodelay_all_c4_keepalive_ms,0.112492
latency,1,260,http1_rust_nodelay_all_c4_keepalive_ms,0.105472
latency,1,261,http1_rust_nodelay_all_c4_keepalive_ms,0.104012
latency,1,262,http1_rust_nodelay_all_c4_keepalive_ms,0.105322
latency,1,263,http1_rust_nodelay_all_c4_keepalive_ms,0.115202
latency,1,264,http1_rust_nodelay_all_c4_keepalive_ms,0.106391
latency,1,265,http1_rust_nodelay_all_c4_keepalive_ms,0.106902
latency,1,266,http1_rust_nodelay_all_c4_keepalive_ms,0.108502
latency,1,267,http1_rust_nodelay_all_c4_keepalive_ms,0.108462
latency,1,268,http1_rust_nodelay_all_c4_keepalive_ms,0.112252
latency,1,269,http1_rust_nodelay_all_c4_keepalive_ms,0.107832
latency,1,270,http1_rust_nodelay_all_c4_keepalive_ms,0.104942
latency,1,271,http1_rust_nodelay_all_c4_keepalive_ms,0.104881
latency,1,272,http1_rust_nodelay_all_c4_keepalive_ms,0.113662
latency,1,273,http1_rust_nodelay_all_c4_keepalive_ms,0.111382
latency,1,274,http1_rust_nodelay_all_c4_keepalive_ms,0.105992
latency,1,275,http1_rust_nodelay_all_c4_keepalive_ms,0.104912
latency,1,276,http1_rust_nodelay_all_c4_keepalive_ms,0.104632
latency,1,277,http1_rust_nodelay_all_c4_keepalive_ms,4.164501
latency,1,278,http1_rust_nodelay_all_c4_keepalive_ms,0.151042
latency,1,279,http1_rust_nodelay_all_c4_keepalive_ms,0.109892
latency,1,280,http1_rust_nodelay_all_c4_keepalive_ms,0.107482
latency,1,281,http1_rust_nodelay_all_c4_keepalive_ms,0.115132
latency,1,282,http1_rust_nodelay_all_c4_keepalive_ms,0.107512
latency,1,283,http1_rust_nodelay_all_c4_keepalive_ms,0.110491
latency,1,284,http1_rust_nodelay_all_c4_keepalive_ms,0.107642
latency,1,285,http1_rust_nodelay_all_c4_keepalive_ms,0.105342
latency,1,286,http1_rust_nodelay_all_c4_keepalive_ms,0.118872
latency,1,287,http1_rust_nodelay_all_c4_keepalive_ms,0.106402
latency,1,288,http1_rust_nodelay_all_c4_keepalive_ms,0.106902
latency,1,289,http1_rust_nodelay_all_c4_keepalive_ms,0.108422
latency,1,290,http1_rust_nodelay_all_c4_keepalive_ms,0.114262
latency,1,291,http1_rust_nodelay_all_c4_keepalive_ms,0.107871
latency,1,292,http1_rust_nodelay_all_c4_keepalive_ms,0.106752
latency,1,293,http1_rust_nodelay_all_c4_keepalive_ms,0.105092
latency,1,294,http1_rust_nodelay_all_c4_keepalive_ms,0.104972
latency,1,295,http1_rust_nodelay_all_c4_keepalive_ms,0.117502
latency,1,296,http1_rust_nodelay_all_c4_keepalive_ms,0.107302
latency,1,297,http1_rust_nodelay_all_c4_keepalive_ms,0.113292
latency,1,298,http1_rust_nodelay_all_c4_keepalive_ms,0.109101
latency,1,299,http1_rust_nodelay_all_c4_keepalive_ms,0.113352
latency,1,300,http1_rust_nodelay_all_c4_keepalive_ms,0.110722
latency,1,301,http1_rust_nodelay_all_c4_keepalive_ms,0.105452
latency,1,302,http1_rust_nodelay_all_c4_keepalive_ms,0.105102
latency,1,303,http1_rust_nodelay_all_c4_keepalive_ms,0.106452
latency,1,304,http1_rust_nodelay_all_c4_keepalive_ms,0.115962
latency,1,305,http1_rust_nodelay_all_c4_keepalive_ms,0.120662
latency,1,306,http1_rust_nodelay_all_c4_keepalive_ms,0.115252
latency,1,307,http1_rust_nodelay_all_c4_keepalive_ms,0.119112
latency,1,308,http1_rust_nodelay_all_c4_keepalive_ms,0.123652
latency,1,309,http1_rust_nodelay_all_c4_keepalive_ms,0.118862
latency,1,310,http1_rust_nodelay_all_c4_keepalive_ms,0.115672
latency,1,311,http1_rust_nodelay_all_c4_keepalive_ms,0.127212
latency,1,312,http1_rust_nodelay_all_c4_keepalive_ms,0.165803
latency,1,313,http1_rust_nodelay_all_c4_keepalive_ms,0.121352
latency,1,314,http1_rust_nodelay_all_c4_keepalive_ms,0.105132
latency,1,315,http1_rust_nodelay_all_c4_keepalive_ms,0.104971
latency,1,316,http1_rust_nodelay_all_c4_keepalive_ms,0.106022
latency,1,317,http1_rust_nodelay_all_c4_keepalive_ms,0.116592
latency,1,318,http1_rust_nodelay_all_c4_keepalive_ms,0.105252
latency,1,319,http1_rust_nodelay_all_c4_keepalive_ms,0.104482
trial,1,320,http1_rust_nodelay_all_c4_median_ms,0.114172
trial,1,320,http1_rust_nodelay_all_c4_p95_ms,0.419838
trial,1,320,http1_rust_nodelay_all_c4_requests_per_second,8916.311
trial,1,320,http1_rust_nodelay_all_c4_wall_ms,35.889
latency,2,80,http1_rust_nodelay_all_c4_keepalive_ms,0.379966
latency,2,81,http1_rust_nodelay_all_c4_keepalive_ms,0.411427
latency,2,82,http1_rust_nodelay_all_c4_keepalive_ms,0.531150
latency,2,83,http1_rust_nodelay_all_c4_keepalive_ms,0.394176
latency,2,84,http1_rust_nodelay_all_c4_keepalive_ms,0.404207
latency,2,85,http1_rust_nodelay_all_c4_keepalive_ms,5.147098
latency,2,86,http1_rust_nodelay_all_c4_keepalive_ms,0.139232
latency,2,87,http1_rust_nodelay_all_c4_keepalive_ms,0.107602
latency,2,88,http1_rust_nodelay_all_c4_keepalive_ms,0.104622
latency,2,89,http1_rust_nodelay_all_c4_keepalive_ms,0.105912
latency,2,90,http1_rust_nodelay_all_c4_keepalive_ms,0.111482
latency,2,91,http1_rust_nodelay_all_c4_keepalive_ms,0.109321
latency,2,92,http1_rust_nodelay_all_c4_keepalive_ms,0.104032
latency,2,93,http1_rust_nodelay_all_c4_keepalive_ms,0.113142
latency,2,94,http1_rust_nodelay_all_c4_keepalive_ms,0.107822
latency,2,95,http1_rust_nodelay_all_c4_keepalive_ms,0.104272
latency,2,96,http1_rust_nodelay_all_c4_keepalive_ms,0.107892
latency,2,97,http1_rust_nodelay_all_c4_keepalive_ms,0.106791
latency,2,98,http1_rust_nodelay_all_c4_keepalive_ms,0.104252
latency,2,99,http1_rust_nodelay_all_c4_keepalive_ms,0.104072
latency,2,100,http1_rust_nodelay_all_c4_keepalive_ms,0.117042
latency,2,101,http1_rust_nodelay_all_c4_keepalive_ms,0.106022
latency,2,102,http1_rust_nodelay_all_c4_keepalive_ms,0.103832
latency,2,103,http1_rust_nodelay_all_c4_keepalive_ms,0.116122
latency,2,104,http1_rust_nodelay_all_c4_keepalive_ms,0.107451
latency,2,105,http1_rust_nodelay_all_c4_keepalive_ms,0.104142
latency,2,106,http1_rust_nodelay_all_c4_keepalive_ms,0.104492
latency,2,107,http1_rust_nodelay_all_c4_keepalive_ms,0.103991
latency,2,108,http1_rust_nodelay_all_c4_keepalive_ms,0.113272
latency,2,109,http1_rust_nodelay_all_c4_keepalive_ms,0.112572
latency,2,110,http1_rust_nodelay_all_c4_keepalive_ms,0.105882
latency,2,111,http1_rust_nodelay_all_c4_keepalive_ms,0.103752
latency,2,112,http1_rust_nodelay_all_c4_keepalive_ms,0.116712
latency,2,113,http1_rust_nodelay_all_c4_keepalive_ms,6.080493
latency,2,114,http1_rust_nodelay_all_c4_keepalive_ms,0.107872
latency,2,115,http1_rust_nodelay_all_c4_keepalive_ms,0.105272
latency,2,116,http1_rust_nodelay_all_c4_keepalive_ms,0.105272
latency,2,117,http1_rust_nodelay_all_c4_keepalive_ms,0.107092
latency,2,118,http1_rust_nodelay_all_c4_keepalive_ms,0.106111
latency,2,119,http1_rust_nodelay_all_c4_keepalive_ms,0.112452
latency,2,120,http1_rust_nodelay_all_c4_keepalive_ms,0.107392
latency,2,121,http1_rust_nodelay_all_c4_keepalive_ms,0.110502
latency,2,122,http1_rust_nodelay_all_c4_keepalive_ms,0.114292
latency,2,123,http1_rust_nodelay_all_c4_keepalive_ms,0.104522
latency,2,124,http1_rust_nodelay_all_c4_keepalive_ms,0.105942
latency,2,125,http1_rust_nodelay_all_c4_keepalive_ms,0.104811
latency,2,126,http1_rust_nodelay_all_c4_keepalive_ms,0.104522
latency,2,127,http1_rust_nodelay_all_c4_keepalive_ms,0.104032
latency,2,128,http1_rust_nodelay_all_c4_keepalive_ms,0.108482
latency,2,129,http1_rust_nodelay_all_c4_keepalive_ms,0.113562
latency,2,130,http1_rust_nodelay_all_c4_keepalive_ms,0.104771
latency,2,131,http1_rust_nodelay_all_c4_keepalive_ms,0.113042
latency,2,132,http1_rust_nodelay_all_c4_keepalive_ms,0.107622
latency,2,133,http1_rust_nodelay_all_c4_keepalive_ms,0.104742
latency,2,134,http1_rust_nodelay_all_c4_keepalive_ms,0.104822
latency,2,135,http1_rust_nodelay_all_c4_keepalive_ms,0.106652
latency,2,136,http1_rust_nodelay_all_c4_keepalive_ms,0.108171
latency,2,137,http1_rust_nodelay_all_c4_keepalive_ms,0.103662
latency,2,138,http1_rust_nodelay_all_c4_keepalive_ms,0.114032
latency,2,139,http1_rust_nodelay_all_c4_keepalive_ms,0.107852
latency,2,140,http1_rust_nodelay_all_c4_keepalive_ms,4.118550
latency,2,141,http1_rust_nodelay_all_c4_keepalive_ms,0.108222
latency,2,142,http1_rust_nodelay_all_c4_keepalive_ms,0.114882
latency,2,143,http1_rust_nodelay_all_c4_keepalive_ms,0.107992
latency,2,144,http1_rust_nodelay_all_c4_keepalive_ms,0.104502
latency,2,145,http1_rust_nodelay_all_c4_keepalive_ms,0.104761
latency,2,146,http1_rust_nodelay_all_c4_keepalive_ms,0.104602
latency,2,147,http1_rust_nodelay_all_c4_keepalive_ms,0.111462
latency,2,148,http1_rust_nodelay_all_c4_keepalive_ms,0.109982
latency,2,149,http1_rust_nodelay_all_c4_keepalive_ms,0.112362
latency,2,150,http1_rust_nodelay_all_c4_keepalive_ms,0.108042
latency,2,151,http1_rust_nodelay_all_c4_keepalive_ms,0.116832
latency,2,152,http1_rust_nodelay_all_c4_keepalive_ms,0.109762
latency,2,153,http1_rust_nodelay_all_c4_keepalive_ms,0.104351
latency,2,154,http1_rust_nodelay_all_c4_keepalive_ms,0.105332
latency,2,155,http1_rust_nodelay_all_c4_keepalive_ms,0.104282
latency,2,156,http1_rust_nodelay_all_c4_keepalive_ms,0.104242
latency,2,157,http1_rust_nodelay_all_c4_keepalive_ms,0.116342
latency,2,158,http1_rust_nodelay_all_c4_keepalive_ms,0.113782
latency,2,159,http1_rust_nodelay_all_c4_keepalive_ms,0.107462
latency,2,160,http1_rust_nodelay_all_c4_keepalive_ms,0.409027
latency,2,161,http1_rust_nodelay_all_c4_keepalive_ms,0.412547
latency,2,162,http1_rust_nodelay_all_c4_keepalive_ms,0.308395
latency,2,163,http1_rust_nodelay_all_c4_keepalive_ms,0.406627
latency,2,164,http1_rust_nodelay_all_c4_keepalive_ms,0.402537
latency,2,165,http1_rust_nodelay_all_c4_keepalive_ms,0.623861
latency,2,166,http1_rust_nodelay_all_c4_keepalive_ms,0.272045
latency,2,167,http1_rust_nodelay_all_c4_keepalive_ms,0.325835
latency,2,168,http1_rust_nodelay_all_c4_keepalive_ms,0.346306
latency,2,169,http1_rust_nodelay_all_c4_keepalive_ms,0.254434
latency,2,170,http1_rust_nodelay_all_c4_keepalive_ms,0.332816
latency,2,171,http1_rust_nodelay_all_c4_keepalive_ms,0.337996
latency,2,172,http1_rust_nodelay_all_c4_keepalive_ms,0.279845
latency,2,173,http1_rust_nodelay_all_c4_keepalive_ms,0.337645
latency,2,174,http1_rust_nodelay_all_c4_keepalive_ms,5.296580
latency,2,175,http1_rust_nodelay_all_c4_keepalive_ms,0.106722
latency,2,176,http1_rust_nodelay_all_c4_keepalive_ms,0.105852
latency,2,177,http1_rust_nodelay_all_c4_keepalive_ms,0.106062
latency,2,178,http1_rust_nodelay_all_c4_keepalive_ms,0.104441
latency,2,179,http1_rust_nodelay_all_c4_keepalive_ms,0.114932
latency,2,180,http1_rust_nodelay_all_c4_keepalive_ms,0.106952
latency,2,181,http1_rust_nodelay_all_c4_keepalive_ms,0.106402
latency,2,182,http1_rust_nodelay_all_c4_keepalive_ms,0.111932
latency,2,183,http1_rust_nodelay_all_c4_keepalive_ms,0.105582
latency,2,184,http1_rust_nodelay_all_c4_keepalive_ms,0.104791
latency,2,185,http1_rust_nodelay_all_c4_keepalive_ms,0.106212
latency,2,186,http1_rust_nodelay_all_c4_keepalive_ms,0.105032
latency,2,187,http1_rust_nodelay_all_c4_keepalive_ms,0.105292
latency,2,188,http1_rust_nodelay_all_c4_keepalive_ms,0.114562
latency,2,189,http1_rust_nodelay_all_c4_keepalive_ms,0.115172
latency,2,190,http1_rust_nodelay_all_c4_keepalive_ms,0.107892
latency,2,191,http1_rust_nodelay_all_c4_keepalive_ms,0.112092
latency,2,192,http1_rust_nodelay_all_c4_keepalive_ms,0.108121
latency,2,193,http1_rust_nodelay_all_c4_keepalive_ms,0.104702
latency,2,194,http1_rust_nodelay_all_c4_keepalive_ms,0.104322
latency,2,195,http1_rust_nodelay_all_c4_keepalive_ms,0.104562
latency,2,196,http1_rust_nodelay_all_c4_keepalive_ms,0.106132
latency,2,197,http1_rust_nodelay_all_c4_keepalive_ms,0.104761
latency,2,198,http1_rust_nodelay_all_c4_keepalive_ms,0.116102
latency,2,199,http1_rust_nodelay_all_c4_keepalive_ms,0.105392
latency,2,200,http1_rust_nodelay_all_c4_keepalive_ms,6.118074
latency,2,201,http1_rust_nodelay_all_c4_keepalive_ms,0.120642
latency,2,202,http1_rust_nodelay_all_c4_keepalive_ms,0.114662
latency,2,203,http1_rust_nodelay_all_c4_keepalive_ms,0.114332
latency,2,204,http1_rust_nodelay_all_c4_keepalive_ms,0.105552
latency,2,205,http1_rust_nodelay_all_c4_keepalive_ms,0.106102
latency,2,206,http1_rust_nodelay_all_c4_keepalive_ms,0.105232
latency,2,207,http1_rust_nodelay_all_c4_keepalive_ms,0.115642
latency,2,208,http1_rust_nodelay_all_c4_keepalive_ms,0.109242
latency,2,209,http1_rust_nodelay_all_c4_keepalive_ms,0.112822
latency,2,210,http1_rust_nodelay_all_c4_keepalive_ms,0.110081
latency,2,211,http1_rust_nodelay_all_c4_keepalive_ms,0.106182
latency,2,212,http1_rust_nodelay_all_c4_keepalive_ms,0.105862
latency,2,213,http1_rust_nodelay_all_c4_keepalive_ms,0.105082
latency,2,214,http1_rust_nodelay_all_c4_keepalive_ms,0.107372
latency,2,215,http1_rust_nodelay_all_c4_keepalive_ms,0.105281
latency,2,216,http1_rust_nodelay_all_c4_keepalive_ms,0.127313
latency,2,217,http1_rust_nodelay_all_c4_keepalive_ms,0.112032
latency,2,218,http1_rust_nodelay_all_c4_keepalive_ms,0.112131
latency,2,219,http1_rust_nodelay_all_c4_keepalive_ms,0.107952
latency,2,220,http1_rust_nodelay_all_c4_keepalive_ms,0.105042
latency,2,221,http1_rust_nodelay_all_c4_keepalive_ms,0.104792
latency,2,222,http1_rust_nodelay_all_c4_keepalive_ms,0.106332
latency,2,223,http1_rust_nodelay_all_c4_keepalive_ms,0.105201
latency,2,224,http1_rust_nodelay_all_c4_keepalive_ms,0.104892
latency,2,225,http1_rust_nodelay_all_c4_keepalive_ms,0.106502
latency,2,226,http1_rust_nodelay_all_c4_keepalive_ms,0.116722
latency,2,227,http1_rust_nodelay_all_c4_keepalive_ms,0.106742
latency,2,228,http1_rust_nodelay_all_c4_keepalive_ms,0.118042
latency,2,229,http1_rust_nodelay_all_c4_keepalive_ms,0.107072
latency,2,230,http1_rust_nodelay_all_c4_keepalive_ms,0.104781
latency,2,231,http1_rust_nodelay_all_c4_keepalive_ms,0.105332
latency,2,232,http1_rust_nodelay_all_c4_keepalive_ms,0.105202
latency,2,233,http1_rust_nodelay_all_c4_keepalive_ms,0.106422
latency,2,234,http1_rust_nodelay_all_c4_keepalive_ms,0.105002
latency,2,235,http1_rust_nodelay_all_c4_keepalive_ms,0.115492
latency,2,236,http1_rust_nodelay_all_c4_keepalive_ms,0.106551
latency,2,237,http1_rust_nodelay_all_c4_keepalive_ms,7.132072
latency,2,238,http1_rust_nodelay_all_c4_keepalive_ms,0.109031
latency,2,239,http1_rust_nodelay_all_c4_keepalive_ms,0.106292
latency,2,240,http1_rust_nodelay_all_c4_keepalive_ms,0.366616
latency,2,241,http1_rust_nodelay_all_c4_keepalive_ms,0.407657
latency,2,242,http1_rust_nodelay_all_c4_keepalive_ms,0.406587
latency,2,243,http1_rust_nodelay_all_c4_keepalive_ms,0.398747
latency,2,244,http1_rust_nodelay_all_c4_keepalive_ms,0.403627
latency,2,245,http1_rust_nodelay_all_c4_keepalive_ms,0.579750
latency,2,246,http1_rust_nodelay_all_c4_keepalive_ms,0.337335
latency,2,247,http1_rust_nodelay_all_c4_keepalive_ms,0.253335
latency,2,248,http1_rust_nodelay_all_c4_keepalive_ms,0.353936
latency,2,249,http1_rust_nodelay_all_c4_keepalive_ms,0.332245
latency,2,250,http1_rust_nodelay_all_c4_keepalive_ms,0.255625
latency,2,251,http1_rust_nodelay_all_c4_keepalive_ms,0.337085
latency,2,252,http1_rust_nodelay_all_c4_keepalive_ms,0.342036
latency,2,253,http1_rust_nodelay_all_c4_keepalive_ms,0.276035
latency,2,254,http1_rust_nodelay_all_c4_keepalive_ms,0.240554
latency,2,255,http1_rust_nodelay_all_c4_keepalive_ms,0.222654
latency,2,256,http1_rust_nodelay_all_c4_keepalive_ms,0.220994
latency,2,257,http1_rust_nodelay_all_c4_keepalive_ms,0.218823
latency,2,258,http1_rust_nodelay_all_c4_keepalive_ms,0.213704
latency,2,259,http1_rust_nodelay_all_c4_keepalive_ms,0.218084
latency,2,260,http1_rust_nodelay_all_c4_keepalive_ms,0.216223
latency,2,261,http1_rust_nodelay_all_c4_keepalive_ms,0.205214
latency,2,262,http1_rust_nodelay_all_c4_keepalive_ms,0.217504
latency,2,263,http1_rust_nodelay_all_c4_keepalive_ms,6.201035
latency,2,264,http1_rust_nodelay_all_c4_keepalive_ms,0.210883
latency,2,265,http1_rust_nodelay_all_c4_keepalive_ms,0.210274
latency,2,266,http1_rust_nodelay_all_c4_keepalive_ms,0.204684
latency,2,267,http1_rust_nodelay_all_c4_keepalive_ms,0.218193
latency,2,268,http1_rust_nodelay_all_c4_keepalive_ms,0.254545
latency,2,269,http1_rust_nodelay_all_c4_keepalive_ms,0.206773
latency,2,270,http1_rust_nodelay_all_c4_keepalive_ms,0.206044
latency,2,271,http1_rust_nodelay_all_c4_keepalive_ms,0.215523
latency,2,272,http1_rust_nodelay_all_c4_keepalive_ms,0.214454
latency,2,273,http1_rust_nodelay_all_c4_keepalive_ms,0.230524
latency,2,274,http1_rust_nodelay_all_c4_keepalive_ms,0.201703
latency,2,275,http1_rust_nodelay_all_c4_keepalive_ms,0.199204
latency,2,276,http1_rust_nodelay_all_c4_keepalive_ms,0.210123
latency,2,277,http1_rust_nodelay_all_c4_keepalive_ms,0.178253
latency,2,278,http1_rust_nodelay_all_c4_keepalive_ms,9.609194
latency,2,279,http1_rust_nodelay_all_c4_keepalive_ms,0.216104
latency,2,280,http1_rust_nodelay_all_c4_keepalive_ms,0.220214
latency,2,281,http1_rust_nodelay_all_c4_keepalive_ms,0.205873
latency,2,282,http1_rust_nodelay_all_c4_keepalive_ms,0.203613
latency,2,283,http1_rust_nodelay_all_c4_keepalive_ms,0.203484
latency,2,284,http1_rust_nodelay_all_c4_keepalive_ms,0.217833
latency,2,285,http1_rust_nodelay_all_c4_keepalive_ms,0.220264
latency,2,286,http1_rust_nodelay_all_c4_keepalive_ms,0.204074
latency,2,287,http1_rust_nodelay_all_c4_keepalive_ms,0.203703
latency,2,288,http1_rust_nodelay_all_c4_keepalive_ms,0.203383
latency,2,289,http1_rust_nodelay_all_c4_keepalive_ms,0.167692
latency,2,290,http1_rust_nodelay_all_c4_keepalive_ms,0.216914
latency,2,291,http1_rust_nodelay_all_c4_keepalive_ms,0.202904
latency,2,292,http1_rust_nodelay_all_c4_keepalive_ms,0.198623
latency,2,293,http1_rust_nodelay_all_c4_keepalive_ms,0.199773
latency,2,294,http1_rust_nodelay_all_c4_keepalive_ms,0.211554
latency,2,295,http1_rust_nodelay_all_c4_keepalive_ms,0.146892
latency,2,296,http1_rust_nodelay_all_c4_keepalive_ms,0.107382
latency,2,297,http1_rust_nodelay_all_c4_keepalive_ms,0.104872
latency,2,298,http1_rust_nodelay_all_c4_keepalive_ms,0.105502
latency,2,299,http1_rust_nodelay_all_c4_keepalive_ms,0.106302
latency,2,300,http1_rust_nodelay_all_c4_keepalive_ms,0.104401
latency,2,301,http1_rust_nodelay_all_c4_keepalive_ms,0.104212
latency,2,302,http1_rust_nodelay_all_c4_keepalive_ms,0.111222
latency,2,303,http1_rust_nodelay_all_c4_keepalive_ms,0.117062
latency,2,304,http1_rust_nodelay_all_c4_keepalive_ms,0.764203
latency,2,305,http1_rust_nodelay_all_c4_keepalive_ms,0.138432
latency,2,306,http1_rust_nodelay_all_c4_keepalive_ms,0.125213
latency,2,307,http1_rust_nodelay_all_c4_keepalive_ms,0.119262
latency,2,308,http1_rust_nodelay_all_c4_keepalive_ms,0.106301
latency,2,309,http1_rust_nodelay_all_c4_keepalive_ms,0.106672
latency,2,310,http1_rust_nodelay_all_c4_keepalive_ms,0.104922
latency,2,311,http1_rust_nodelay_all_c4_keepalive_ms,0.105042
latency,2,312,http1_rust_nodelay_all_c4_keepalive_ms,0.106092
latency,2,313,http1_rust_nodelay_all_c4_keepalive_ms,0.107902
latency,2,314,http1_rust_nodelay_all_c4_keepalive_ms,0.104401
latency,2,315,http1_rust_nodelay_all_c4_keepalive_ms,0.114162
latency,2,316,http1_rust_nodelay_all_c4_keepalive_ms,0.118442
latency,2,317,http1_rust_nodelay_all_c4_keepalive_ms,0.106632
latency,2,318,http1_rust_nodelay_all_c4_keepalive_ms,0.104522
latency,2,319,http1_rust_nodelay_all_c4_keepalive_ms,0.104612
latency,2,0,http1_rust_nodelay_all_c4_keepalive_ms,0.393887
latency,2,1,http1_rust_nodelay_all_c4_keepalive_ms,0.411547
latency,2,2,http1_rust_nodelay_all_c4_keepalive_ms,0.418507
latency,2,3,http1_rust_nodelay_all_c4_keepalive_ms,0.396307
latency,2,4,http1_rust_nodelay_all_c4_keepalive_ms,0.402507
latency,2,5,http1_rust_nodelay_all_c4_keepalive_ms,0.503118
latency,2,6,http1_rust_nodelay_all_c4_keepalive_ms,0.337146
latency,2,7,http1_rust_nodelay_all_c4_keepalive_ms,0.325315
latency,2,8,http1_rust_nodelay_all_c4_keepalive_ms,0.255865
latency,2,9,http1_rust_nodelay_all_c4_keepalive_ms,0.234384
latency,2,10,http1_rust_nodelay_all_c4_keepalive_ms,0.344676
latency,2,11,http1_rust_nodelay_all_c4_keepalive_ms,0.343386
latency,2,12,http1_rust_nodelay_all_c4_keepalive_ms,0.236534
latency,2,13,http1_rust_nodelay_all_c4_keepalive_ms,0.278544
latency,2,14,http1_rust_nodelay_all_c4_keepalive_ms,0.307706
latency,2,15,http1_rust_nodelay_all_c4_keepalive_ms,0.221353
latency,2,16,http1_rust_nodelay_all_c4_keepalive_ms,0.212454
latency,2,17,http1_rust_nodelay_all_c4_keepalive_ms,0.226554
latency,2,18,http1_rust_nodelay_all_c4_keepalive_ms,0.249084
latency,2,19,http1_rust_nodelay_all_c4_keepalive_ms,0.222024
latency,2,20,http1_rust_nodelay_all_c4_keepalive_ms,0.216194
latency,2,21,http1_rust_nodelay_all_c4_keepalive_ms,0.205553
latency,2,22,http1_rust_nodelay_all_c4_keepalive_ms,0.218584
latency,2,23,http1_rust_nodelay_all_c4_keepalive_ms,0.205153
latency,2,24,http1_rust_nodelay_all_c4_keepalive_ms,6.132574
latency,2,25,http1_rust_nodelay_all_c4_keepalive_ms,0.209434
latency,2,26,http1_rust_nodelay_all_c4_keepalive_ms,0.206333
latency,2,27,http1_rust_nodelay_all_c4_keepalive_ms,0.215904
latency,2,28,http1_rust_nodelay_all_c4_keepalive_ms,0.207204
latency,2,29,http1_rust_nodelay_all_c4_keepalive_ms,0.219783
latency,2,30,http1_rust_nodelay_all_c4_keepalive_ms,0.204844
latency,2,31,http1_rust_nodelay_all_c4_keepalive_ms,0.207013
latency,2,32,http1_rust_nodelay_all_c4_keepalive_ms,0.216374
latency,2,33,http1_rust_nodelay_all_c4_keepalive_ms,0.216774
latency,2,34,http1_rust_nodelay_all_c4_keepalive_ms,0.157713
latency,2,35,http1_rust_nodelay_all_c4_keepalive_ms,0.201493
latency,2,36,http1_rust_nodelay_all_c4_keepalive_ms,0.199533
latency,2,37,http1_rust_nodelay_all_c4_keepalive_ms,0.209834
latency,2,38,http1_rust_nodelay_all_c4_keepalive_ms,9.711315
latency,2,39,http1_rust_nodelay_all_c4_keepalive_ms,0.221074
latency,2,40,http1_rust_nodelay_all_c4_keepalive_ms,0.219404
latency,2,41,http1_rust_nodelay_all_c4_keepalive_ms,0.214694
latency,2,42,http1_rust_nodelay_all_c4_keepalive_ms,0.205183
latency,2,43,http1_rust_nodelay_all_c4_keepalive_ms,0.202543
latency,2,44,http1_rust_nodelay_all_c4_keepalive_ms,0.250415
latency,2,45,http1_rust_nodelay_all_c4_keepalive_ms,0.216003
latency,2,46,http1_rust_nodelay_all_c4_keepalive_ms,0.212484
latency,2,47,http1_rust_nodelay_all_c4_keepalive_ms,0.201933
latency,2,48,http1_rust_nodelay_all_c4_keepalive_ms,0.204774
latency,2,49,http1_rust_nodelay_all_c4_keepalive_ms,0.237044
latency,2,50,http1_rust_nodelay_all_c4_keepalive_ms,0.217033
latency,2,51,http1_rust_nodelay_all_c4_keepalive_ms,0.202584
latency,2,52,http1_rust_nodelay_all_c4_keepalive_ms,0.198553
latency,2,53,http1_rust_nodelay_all_c4_keepalive_ms,0.199434
latency,2,54,http1_rust_nodelay_all_c4_keepalive_ms,0.239904
latency,2,55,http1_rust_nodelay_all_c4_keepalive_ms,3.858316
latency,2,56,http1_rust_nodelay_all_c4_keepalive_ms,0.126652
latency,2,57,http1_rust_nodelay_all_c4_keepalive_ms,0.135372
latency,2,58,http1_rust_nodelay_all_c4_keepalive_ms,0.116282
latency,2,59,http1_rust_nodelay_all_c4_keepalive_ms,0.114302
latency,2,60,http1_rust_nodelay_all_c4_keepalive_ms,0.113802
latency,2,61,http1_rust_nodelay_all_c4_keepalive_ms,0.113992
latency,2,62,http1_rust_nodelay_all_c4_keepalive_ms,0.114062
latency,2,63,http1_rust_nodelay_all_c4_keepalive_ms,0.114432
latency,2,64,http1_rust_nodelay_all_c4_keepalive_ms,0.117132
latency,2,65,http1_rust_nodelay_all_c4_keepalive_ms,0.130122
latency,2,66,http1_rust_nodelay_all_c4_keepalive_ms,0.115662
latency,2,67,http1_rust_nodelay_all_c4_keepalive_ms,0.114572
latency,2,68,http1_rust_nodelay_all_c4_keepalive_ms,0.119042
latency,2,69,http1_rust_nodelay_all_c4_keepalive_ms,0.109442
latency,2,70,http1_rust_nodelay_all_c4_keepalive_ms,0.105282
latency,2,71,http1_rust_nodelay_all_c4_keepalive_ms,0.106671
latency,2,72,http1_rust_nodelay_all_c4_keepalive_ms,0.105192
latency,2,73,http1_rust_nodelay_all_c4_keepalive_ms,0.106152
latency,2,74,http1_rust_nodelay_all_c4_keepalive_ms,0.123042
latency,2,75,http1_rust_nodelay_all_c4_keepalive_ms,0.108442
latency,2,76,http1_rust_nodelay_all_c4_keepalive_ms,0.104632
latency,2,77,http1_rust_nodelay_all_c4_keepalive_ms,0.104481
latency,2,78,http1_rust_nodelay_all_c4_keepalive_ms,0.104292
latency,2,79,http1_rust_nodelay_all_c4_keepalive_ms,0.105452
trial,2,320,http1_rust_nodelay_all_c4_median_ms,0.116102
trial,2,320,http1_rust_nodelay_all_c4_p95_ms,0.418507
trial,2,320,http1_rust_nodelay_all_c4_requests_per_second,8869.589
trial,2,320,http1_rust_nodelay_all_c4_wall_ms,36.078
latency,3,80,http1_rust_nodelay_all_c4_keepalive_ms,0.379467
latency,3,81,http1_rust_nodelay_all_c4_keepalive_ms,0.411047
latency,3,82,http1_rust_nodelay_all_c4_keepalive_ms,0.395287
latency,3,83,http1_rust_nodelay_all_c4_keepalive_ms,0.284974
latency,3,84,http1_rust_nodelay_all_c4_keepalive_ms,0.417318
latency,3,85,http1_rust_nodelay_all_c4_keepalive_ms,0.402556
latency,3,86,http1_rust_nodelay_all_c4_keepalive_ms,0.405507
latency,3,87,http1_rust_nodelay_all_c4_keepalive_ms,0.385517
latency,3,88,http1_rust_nodelay_all_c4_keepalive_ms,0.342246
latency,3,89,http1_rust_nodelay_all_c4_keepalive_ms,0.262494
latency,3,90,http1_rust_nodelay_all_c4_keepalive_ms,0.376447
latency,3,91,http1_rust_nodelay_all_c4_keepalive_ms,0.334435
latency,3,92,http1_rust_nodelay_all_c4_keepalive_ms,0.269765
latency,3,93,http1_rust_nodelay_all_c4_keepalive_ms,0.324985
latency,3,94,http1_rust_nodelay_all_c4_keepalive_ms,0.358797
latency,3,95,http1_rust_nodelay_all_c4_keepalive_ms,0.243924
latency,3,96,http1_rust_nodelay_all_c4_keepalive_ms,0.213063
latency,3,97,http1_rust_nodelay_all_c4_keepalive_ms,0.203654
latency,3,98,http1_rust_nodelay_all_c4_keepalive_ms,0.202243
latency,3,99,http1_rust_nodelay_all_c4_keepalive_ms,0.205734
latency,3,100,http1_rust_nodelay_all_c4_keepalive_ms,0.221184
latency,3,101,http1_rust_nodelay_all_c4_keepalive_ms,0.206903
latency,3,102,http1_rust_nodelay_all_c4_keepalive_ms,0.202364
latency,3,103,http1_rust_nodelay_all_c4_keepalive_ms,0.161012
latency,3,104,http1_rust_nodelay_all_c4_keepalive_ms,0.203964
latency,3,105,http1_rust_nodelay_all_c4_keepalive_ms,0.224804
latency,3,106,http1_rust_nodelay_all_c4_keepalive_ms,0.214553
latency,3,107,http1_rust_nodelay_all_c4_keepalive_ms,0.205404
latency,3,108,http1_rust_nodelay_all_c4_keepalive_ms,0.202633
latency,3,109,http1_rust_nodelay_all_c4_keepalive_ms,0.200594
latency,3,110,http1_rust_nodelay_all_c4_keepalive_ms,0.153292
latency,3,111,http1_rust_nodelay_all_c4_keepalive_ms,0.114492
latency,3,112,http1_rust_nodelay_all_c4_keepalive_ms,0.114802
latency,3,113,http1_rust_nodelay_all_c4_keepalive_ms,0.105262
latency,3,114,http1_rust_nodelay_all_c4_keepalive_ms,0.105742
latency,3,115,http1_rust_nodelay_all_c4_keepalive_ms,0.105162
latency,3,116,http1_rust_nodelay_all_c4_keepalive_ms,0.108681
latency,3,117,http1_rust_nodelay_all_c4_keepalive_ms,0.104502
latency,3,118,http1_rust_nodelay_all_c4_keepalive_ms,0.105772
latency,3,119,http1_rust_nodelay_all_c4_keepalive_ms,0.111882
latency,3,120,http1_rust_nodelay_all_c4_keepalive_ms,0.118512
latency,3,121,http1_rust_nodelay_all_c4_keepalive_ms,0.104902
latency,3,122,http1_rust_nodelay_all_c4_keepalive_ms,0.110402
latency,3,123,http1_rust_nodelay_all_c4_keepalive_ms,0.104631
latency,3,124,http1_rust_nodelay_all_c4_keepalive_ms,0.104642
latency,3,125,http1_rust_nodelay_all_c4_keepalive_ms,0.106082
latency,3,126,http1_rust_nodelay_all_c4_keepalive_ms,0.104872
latency,3,127,http1_rust_nodelay_all_c4_keepalive_ms,0.104672
latency,3,128,http1_rust_nodelay_all_c4_keepalive_ms,0.111911
latency,3,129,http1_rust_nodelay_all_c4_keepalive_ms,0.119362
latency,3,130,http1_rust_nodelay_all_c4_keepalive_ms,0.107502
latency,3,131,http1_rust_nodelay_all_c4_keepalive_ms,0.105142
latency,3,132,http1_rust_nodelay_all_c4_keepalive_ms,0.104912
latency,3,133,http1_rust_nodelay_all_c4_keepalive_ms,0.105832
latency,3,134,http1_rust_nodelay_all_c4_keepalive_ms,0.104901
latency,3,135,http1_rust_nodelay_all_c4_keepalive_ms,0.105042
latency,3,136,http1_rust_nodelay_all_c4_keepalive_ms,0.104372
latency,3,137,http1_rust_nodelay_all_c4_keepalive_ms,6.132684
latency,3,138,http1_rust_nodelay_all_c4_keepalive_ms,0.197954
latency,3,139,http1_rust_nodelay_all_c4_keepalive_ms,0.110931
latency,3,140,http1_rust_nodelay_all_c4_keepalive_ms,0.105302
latency,3,141,http1_rust_nodelay_all_c4_keepalive_ms,0.104332
latency,3,142,http1_rust_nodelay_all_c4_keepalive_ms,0.104442
latency,3,143,http1_rust_nodelay_all_c4_keepalive_ms,0.106132
latency,3,144,http1_rust_nodelay_all_c4_keepalive_ms,0.104831
latency,3,145,http1_rust_nodelay_all_c4_keepalive_ms,0.104562
latency,3,146,http1_rust_nodelay_all_c4_keepalive_ms,0.112012
latency,3,147,http1_rust_nodelay_all_c4_keepalive_ms,0.122392
latency,3,148,http1_rust_nodelay_all_c4_keepalive_ms,0.106282
latency,3,149,http1_rust_nodelay_all_c4_keepalive_ms,0.104012
latency,3,150,http1_rust_nodelay_all_c4_keepalive_ms,0.105792
latency,3,151,http1_rust_nodelay_all_c4_keepalive_ms,0.104471
latency,3,152,http1_rust_nodelay_all_c4_keepalive_ms,0.104962
latency,3,153,http1_rust_nodelay_all_c4_keepalive_ms,0.104282
latency,3,154,http1_rust_nodelay_all_c4_keepalive_ms,0.106112
latency,3,155,http1_rust_nodelay_all_c4_keepalive_ms,0.110902
latency,3,156,http1_rust_nodelay_all_c4_keepalive_ms,0.106491
latency,3,157,http1_rust_nodelay_all_c4_keepalive_ms,0.116442
latency,3,158,http1_rust_nodelay_all_c4_keepalive_ms,0.109542
latency,3,159,http1_rust_nodelay_all_c4_keepalive_ms,0.105652
latency,3,160,http1_rust_nodelay_all_c4_keepalive_ms,0.393887
latency,3,161,http1_rust_nodelay_all_c4_keepalive_ms,0.411017
latency,3,162,http1_rust_nodelay_all_c4_keepalive_ms,0.395247
latency,3,163,http1_rust_nodelay_all_c4_keepalive_ms,0.440467
latency,3,164,http1_rust_nodelay_all_c4_keepalive_ms,0.397737
latency,3,165,http1_rust_nodelay_all_c4_keepalive_ms,0.407177
latency,3,166,http1_rust_nodelay_all_c4_keepalive_ms,0.420627
latency,3,167,http1_rust_nodelay_all_c4_keepalive_ms,0.265585
latency,3,168,http1_rust_nodelay_all_c4_keepalive_ms,0.336186
latency,3,169,http1_rust_nodelay_all_c4_keepalive_ms,0.358396
latency,3,170,http1_rust_nodelay_all_c4_keepalive_ms,0.286465
latency,3,171,http1_rust_nodelay_all_c4_keepalive_ms,0.326095
latency,3,172,http1_rust_nodelay_all_c4_keepalive_ms,0.349306
latency,3,173,http1_rust_nodelay_all_c4_keepalive_ms,0.253324
latency,3,174,http1_rust_nodelay_all_c4_keepalive_ms,0.349006
latency,3,175,http1_rust_nodelay_all_c4_keepalive_ms,0.260145
latency,3,176,http1_rust_nodelay_all_c4_keepalive_ms,0.207393
latency,3,177,http1_rust_nodelay_all_c4_keepalive_ms,0.203054
latency,3,178,http1_rust_nodelay_all_c4_keepalive_ms,0.230364
latency,3,179,http1_rust_nodelay_all_c4_keepalive_ms,0.204393
latency,3,180,http1_rust_nodelay_all_c4_keepalive_ms,0.223634
latency,3,181,http1_rust_nodelay_all_c4_keepalive_ms,0.204604
latency,3,182,http1_rust_nodelay_all_c4_keepalive_ms,0.202663
latency,3,183,http1_rust_nodelay_all_c4_keepalive_ms,0.224644
latency,3,184,http1_rust_nodelay_all_c4_keepalive_ms,0.215093
latency,3,185,http1_rust_nodelay_all_c4_keepalive_ms,0.224424
latency,3,186,http1_rust_nodelay_all_c4_keepalive_ms,0.205024
latency,3,187,http1_rust_nodelay_all_c4_keepalive_ms,0.203233
latency,3,188,http1_rust_nodelay_all_c4_keepalive_ms,0.235634
latency,3,189,http1_rust_nodelay_all_c4_keepalive_ms,11.948003
latency,3,190,http1_rust_nodelay_all_c4_keepalive_ms,0.150293
latency,3,191,http1_rust_nodelay_all_c4_keepalive_ms,0.110932
latency,3,192,http1_rust_nodelay_all_c4_keepalive_ms,0.124062
latency,3,193,http1_rust_nodelay_all_c4_keepalive_ms,0.108462
latency,3,194,http1_rust_nodelay_all_c4_keepalive_ms,0.109252
latency,3,195,http1_rust_nodelay_all_c4_keepalive_ms,0.105032
latency,3,196,http1_rust_nodelay_all_c4_keepalive_ms,0.104261
latency,3,197,http1_rust_nodelay_all_c4_keepalive_ms,0.106022
latency,3,198,http1_rust_nodelay_all_c4_keepalive_ms,0.107462
latency,3,199,http1_rust_nodelay_all_c4_keepalive_ms,0.104402
latency,3,200,http1_rust_nodelay_all_c4_keepalive_ms,0.119362
latency,3,201,http1_rust_nodelay_all_c4_keepalive_ms,0.116092
latency,3,202,http1_rust_nodelay_all_c4_keepalive_ms,0.107512
latency,3,203,http1_rust_nodelay_all_c4_keepalive_ms,0.105181
latency,3,204,http1_rust_nodelay_all_c4_keepalive_ms,0.107562
latency,3,205,http1_rust_nodelay_all_c4_keepalive_ms,0.105502
latency,3,206,http1_rust_nodelay_all_c4_keepalive_ms,0.104832
latency,3,207,http1_rust_nodelay_all_c4_keepalive_ms,0.104492
latency,3,208,http1_rust_nodelay_all_c4_keepalive_ms,0.106681
latency,3,209,http1_rust_nodelay_all_c4_keepalive_ms,0.116222
latency,3,210,http1_rust_nodelay_all_c4_keepalive_ms,0.114342
latency,3,211,http1_rust_nodelay_all_c4_keepalive_ms,0.111192
latency,3,212,http1_rust_nodelay_all_c4_keepalive_ms,0.112822
latency,3,213,http1_rust_nodelay_all_c4_keepalive_ms,0.105012
latency,3,214,http1_rust_nodelay_all_c4_keepalive_ms,0.104572
latency,3,215,http1_rust_nodelay_all_c4_keepalive_ms,0.104292
latency,3,216,http1_rust_nodelay_all_c4_keepalive_ms,0.105851
latency,3,217,http1_rust_nodelay_all_c4_keepalive_ms,0.104402
latency,3,218,http1_rust_nodelay_all_c4_keepalive_ms,0.116902
latency,3,219,http1_rust_nodelay_all_c4_keepalive_ms,6.023473
latency,3,220,http1_rust_nodelay_all_c4_keepalive_ms,0.116332
latency,3,221,http1_rust_nodelay_all_c4_keepalive_ms,0.123252
latency,3,222,http1_rust_nodelay_all_c4_keepalive_ms,0.115002
latency,3,223,http1_rust_nodelay_all_c4_keepalive_ms,0.115652
latency,3,224,http1_rust_nodelay_all_c4_keepalive_ms,0.113991
latency,3,225,http1_rust_nodelay_all_c4_keepalive_ms,0.114262
latency,3,226,http1_rust_nodelay_all_c4_keepalive_ms,0.113282
latency,3,227,http1_rust_nodelay_all_c4_keepalive_ms,0.121422
latency,3,228,http1_rust_nodelay_all_c4_keepalive_ms,0.118322
latency,3,229,http1_rust_nodelay_all_c4_keepalive_ms,0.119842
latency,3,230,http1_rust_nodelay_all_c4_keepalive_ms,0.118172
latency,3,231,http1_rust_nodelay_all_c4_keepalive_ms,0.114502
latency,3,232,http1_rust_nodelay_all_c4_keepalive_ms,0.113832
latency,3,233,http1_rust_nodelay_all_c4_keepalive_ms,0.114162
latency,3,234,http1_rust_nodelay_all_c4_keepalive_ms,0.113952
latency,3,235,http1_rust_nodelay_all_c4_keepalive_ms,0.114722
latency,3,236,http1_rust_nodelay_all_c4_keepalive_ms,0.119452
latency,3,237,http1_rust_nodelay_all_c4_keepalive_ms,0.114492
latency,3,238,http1_rust_nodelay_all_c4_keepalive_ms,0.122032
latency,3,239,http1_rust_nodelay_all_c4_keepalive_ms,0.122182
latency,3,0,http1_rust_nodelay_all_c4_keepalive_ms,0.365616
latency,3,1,http1_rust_nodelay_all_c4_keepalive_ms,0.411917
latency,3,2,http1_rust_nodelay_all_c4_keepalive_ms,0.395507
latency,3,3,http1_rust_nodelay_all_c4_keepalive_ms,0.432898
latency,3,4,http1_rust_nodelay_all_c4_keepalive_ms,0.400696
latency,3,5,http1_rust_nodelay_all_c4_keepalive_ms,0.405937
latency,3,6,http1_rust_nodelay_all_c4_keepalive_ms,9.170957
latency,3,7,http1_rust_nodelay_all_c4_keepalive_ms,0.119732
latency,3,8,http1_rust_nodelay_all_c4_keepalive_ms,0.107712
latency,3,9,http1_rust_nodelay_all_c4_keepalive_ms,0.105201
latency,3,10,http1_rust_nodelay_all_c4_keepalive_ms,0.106642
latency,3,11,http1_rust_nodelay_all_c4_keepalive_ms,0.105142
latency,3,12,http1_rust_nodelay_all_c4_keepalive_ms,0.104562
latency,3,13,http1_rust_nodelay_all_c4_keepalive_ms,0.104162
latency,3,14,http1_rust_nodelay_all_c4_keepalive_ms,0.105481
latency,3,15,http1_rust_nodelay_all_c4_keepalive_ms,0.110612
latency,3,16,http1_rust_nodelay_all_c4_keepalive_ms,0.115512
latency,3,17,http1_rust_nodelay_all_c4_keepalive_ms,0.109402
latency,3,18,http1_rust_nodelay_all_c4_keepalive_ms,0.113522
latency,3,19,http1_rust_nodelay_all_c4_keepalive_ms,0.104972
latency,3,20,http1_rust_nodelay_all_c4_keepalive_ms,0.105322
latency,3,21,http1_rust_nodelay_all_c4_keepalive_ms,0.107131
latency,3,22,http1_rust_nodelay_all_c4_keepalive_ms,0.105302
latency,3,23,http1_rust_nodelay_all_c4_keepalive_ms,0.105742
latency,3,24,http1_rust_nodelay_all_c4_keepalive_ms,0.105232
latency,3,25,http1_rust_nodelay_all_c4_keepalive_ms,0.115792
latency,3,26,http1_rust_nodelay_all_c4_keepalive_ms,0.118322
latency,3,27,http1_rust_nodelay_all_c4_keepalive_ms,0.105321
latency,3,28,http1_rust_nodelay_all_c4_keepalive_ms,0.106192
latency,3,29,http1_rust_nodelay_all_c4_keepalive_ms,0.110152
latency,3,30,http1_rust_nodelay_all_c4_keepalive_ms,0.105572
latency,3,31,http1_rust_nodelay_all_c4_keepalive_ms,0.104872
latency,3,32,http1_rust_nodelay_all_c4_keepalive_ms,0.104621
latency,3,33,http1_rust_nodelay_all_c4_keepalive_ms,0.106452
latency,3,34,http1_rust_nodelay_all_c4_keepalive_ms,9.252248
latency,3,35,http1_rust_nodelay_all_c4_keepalive_ms,0.209393
latency,3,36,http1_rust_nodelay_all_c4_keepalive_ms,0.208134
latency,3,37,http1_rust_nodelay_all_c4_keepalive_ms,0.206633
latency,3,38,http1_rust_nodelay_all_c4_keepalive_ms,0.208544
latency,3,39,http1_rust_nodelay_all_c4_keepalive_ms,0.212494
latency,3,40,http1_rust_nodelay_all_c4_keepalive_ms,0.199563
latency,3,41,http1_rust_nodelay_all_c4_keepalive_ms,0.196863
latency,3,42,http1_rust_nodelay_all_c4_keepalive_ms,0.197044
latency,3,43,http1_rust_nodelay_all_c4_keepalive_ms,0.232304
latency,3,44,http1_rust_nodelay_all_c4_keepalive_ms,0.217373
latency,3,45,http1_rust_nodelay_all_c4_keepalive_ms,0.208454
latency,3,46,http1_rust_nodelay_all_c4_keepalive_ms,0.203253
latency,3,47,http1_rust_nodelay_all_c4_keepalive_ms,0.204664
latency,3,48,http1_rust_nodelay_all_c4_keepalive_ms,0.159963
latency,3,49,http1_rust_nodelay_all_c4_keepalive_ms,0.112831
latency,3,50,http1_rust_nodelay_all_c4_keepalive_ms,0.117983
latency,3,51,http1_rust_nodelay_all_c4_keepalive_ms,0.105491
latency,3,52,http1_rust_nodelay_all_c4_keepalive_ms,0.106222
latency,3,53,http1_rust_nodelay_all_c4_keepalive_ms,0.104542
latency,3,54,http1_rust_nodelay_all_c4_keepalive_ms,0.103902
latency,3,55,http1_rust_nodelay_all_c4_keepalive_ms,0.104541
latency,3,56,http1_rust_nodelay_all_c4_keepalive_ms,0.106102
latency,3,57,http1_rust_nodelay_all_c4_keepalive_ms,0.110832
latency,3,58,http1_rust_nodelay_all_c4_keepalive_ms,0.105542
latency,3,59,http1_rust_nodelay_all_c4_keepalive_ms,0.114512
latency,3,60,http1_rust_nodelay_all_c4_keepalive_ms,0.111852
latency,3,61,http1_rust_nodelay_all_c4_keepalive_ms,0.104142
latency,3,62,http1_rust_nodelay_all_c4_keepalive_ms,0.103911
latency,3,63,http1_rust_nodelay_all_c4_keepalive_ms,0.106572
latency,3,64,http1_rust_nodelay_all_c4_keepalive_ms,0.108392
latency,3,65,http1_rust_nodelay_all_c4_keepalive_ms,0.104352
latency,3,66,http1_rust_nodelay_all_c4_keepalive_ms,0.110192
latency,3,67,http1_rust_nodelay_all_c4_keepalive_ms,0.108802
latency,3,68,http1_rust_nodelay_all_c4_keepalive_ms,0.112321
latency,3,69,http1_rust_nodelay_all_c4_keepalive_ms,0.110652
latency,3,70,http1_rust_nodelay_all_c4_keepalive_ms,0.105012
latency,3,71,http1_rust_nodelay_all_c4_keepalive_ms,0.106812
latency,3,72,http1_rust_nodelay_all_c4_keepalive_ms,0.111492
latency,3,73,http1_rust_nodelay_all_c4_keepalive_ms,0.103632
latency,3,74,http1_rust_nodelay_all_c4_keepalive_ms,0.104451
latency,3,75,http1_rust_nodelay_all_c4_keepalive_ms,0.105532
latency,3,76,http1_rust_nodelay_all_c4_keepalive_ms,2.913479
latency,3,77,http1_rust_nodelay_all_c4_keepalive_ms,0.113522
latency,3,78,http1_rust_nodelay_all_c4_keepalive_ms,0.109012
latency,3,79,http1_rust_nodelay_all_c4_keepalive_ms,0.104972
latency,3,240,http1_rust_nodelay_all_c4_keepalive_ms,0.352666
latency,3,241,http1_rust_nodelay_all_c4_keepalive_ms,0.410857
latency,3,242,http1_rust_nodelay_all_c4_keepalive_ms,0.397317
latency,3,243,http1_rust_nodelay_all_c4_keepalive_ms,0.431317
latency,3,244,http1_rust_nodelay_all_c4_keepalive_ms,0.401787
latency,3,245,http1_rust_nodelay_all_c4_keepalive_ms,0.406147
latency,3,246,http1_rust_nodelay_all_c4_keepalive_ms,0.432427
latency,3,247,http1_rust_nodelay_all_c4_keepalive_ms,0.344556
latency,3,248,http1_rust_nodelay_all_c4_keepalive_ms,0.336486
latency,3,249,http1_rust_nodelay_all_c4_keepalive_ms,0.286665
latency,3,250,http1_rust_nodelay_all_c4_keepalive_ms,0.257514
latency,3,251,http1_rust_nodelay_all_c4_keepalive_ms,0.334016
latency,3,252,http1_rust_nodelay_all_c4_keepalive_ms,0.347186
latency,3,253,http1_rust_nodelay_all_c4_keepalive_ms,0.248254
latency,3,254,http1_rust_nodelay_all_c4_keepalive_ms,0.245924
latency,3,255,http1_rust_nodelay_all_c4_keepalive_ms,9.334519
latency,3,256,http1_rust_nodelay_all_c4_keepalive_ms,0.140982
latency,3,257,http1_rust_nodelay_all_c4_keepalive_ms,0.109582
latency,3,258,http1_rust_nodelay_all_c4_keepalive_ms,0.106372
latency,3,259,http1_rust_nodelay_all_c4_keepalive_ms,0.107232
latency,3,260,http1_rust_nodelay_all_c4_keepalive_ms,0.105472
latency,3,261,http1_rust_nodelay_all_c4_keepalive_ms,0.105871
latency,3,262,http1_rust_nodelay_all_c4_keepalive_ms,0.105312
latency,3,263,http1_rust_nodelay_all_c4_keepalive_ms,0.106662
latency,3,264,http1_rust_nodelay_all_c4_keepalive_ms,0.116122
latency,3,265,http1_rust_nodelay_all_c4_keepalive_ms,0.114342
latency,3,266,http1_rust_nodelay_all_c4_keepalive_ms,0.111042
latency,3,267,http1_rust_nodelay_all_c4_keepalive_ms,0.107292
latency,3,268,http1_rust_nodelay_all_c4_keepalive_ms,0.105022
latency,3,269,http1_rust_nodelay_all_c4_keepalive_ms,0.105181
latency,3,270,http1_rust_nodelay_all_c4_keepalive_ms,0.106362
latency,3,271,http1_rust_nodelay_all_c4_keepalive_ms,0.104632
latency,3,272,http1_rust_nodelay_all_c4_keepalive_ms,0.105102
latency,3,273,http1_rust_nodelay_all_c4_keepalive_ms,0.104612
latency,3,274,http1_rust_nodelay_all_c4_keepalive_ms,0.117722
latency,3,275,http1_rust_nodelay_all_c4_keepalive_ms,0.117662
latency,3,276,http1_rust_nodelay_all_c4_keepalive_ms,0.106371
latency,3,277,http1_rust_nodelay_all_c4_keepalive_ms,0.104872
latency,3,278,http1_rust_nodelay_all_c4_keepalive_ms,0.106372
latency,3,279,http1_rust_nodelay_all_c4_keepalive_ms,0.105792
latency,3,280,http1_rust_nodelay_all_c4_keepalive_ms,0.104202
latency,3,281,http1_rust_nodelay_all_c4_keepalive_ms,0.104511
latency,3,282,http1_rust_nodelay_all_c4_keepalive_ms,0.106692
latency,3,283,http1_rust_nodelay_all_c4_keepalive_ms,6.227536
latency,3,284,http1_rust_nodelay_all_c4_keepalive_ms,0.213204
latency,3,285,http1_rust_nodelay_all_c4_keepalive_ms,0.207903
latency,3,286,http1_rust_nodelay_all_c4_keepalive_ms,0.207564
latency,3,287,http1_rust_nodelay_all_c4_keepalive_ms,0.208094
latency,3,288,http1_rust_nodelay_all_c4_keepalive_ms,0.211923
latency,3,289,http1_rust_nodelay_all_c4_keepalive_ms,0.200644
latency,3,290,http1_rust_nodelay_all_c4_keepalive_ms,0.197043
latency,3,291,http1_rust_nodelay_all_c4_keepalive_ms,0.197083
latency,3,292,http1_rust_nodelay_all_c4_keepalive_ms,0.205114
latency,3,293,http1_rust_nodelay_all_c4_keepalive_ms,0.215873
latency,3,294,http1_rust_nodelay_all_c4_keepalive_ms,0.207724
latency,3,295,http1_rust_nodelay_all_c4_keepalive_ms,0.206184
latency,3,296,http1_rust_nodelay_all_c4_keepalive_ms,0.204883
latency,3,297,http1_rust_nodelay_all_c4_keepalive_ms,6.752645
latency,3,298,http1_rust_nodelay_all_c4_keepalive_ms,0.123782
latency,3,299,http1_rust_nodelay_all_c4_keepalive_ms,0.113452
latency,3,300,http1_rust_nodelay_all_c4_keepalive_ms,0.110642
latency,3,301,http1_rust_nodelay_all_c4_keepalive_ms,0.114332
latency,3,302,http1_rust_nodelay_all_c4_keepalive_ms,0.105321
latency,3,303,http1_rust_nodelay_all_c4_keepalive_ms,0.115682
latency,3,304,http1_rust_nodelay_all_c4_keepalive_ms,0.108432
latency,3,305,http1_rust_nodelay_all_c4_keepalive_ms,0.104672
latency,3,306,http1_rust_nodelay_all_c4_keepalive_ms,0.105922
latency,3,307,http1_rust_nodelay_all_c4_keepalive_ms,0.104562
latency,3,308,http1_rust_nodelay_all_c4_keepalive_ms,0.108111
latency,3,309,http1_rust_nodelay_all_c4_keepalive_ms,0.104572
latency,3,310,http1_rust_nodelay_all_c4_keepalive_ms,0.112922
latency,3,311,http1_rust_nodelay_all_c4_keepalive_ms,0.106052
latency,3,312,http1_rust_nodelay_all_c4_keepalive_ms,0.104932
latency,3,313,http1_rust_nodelay_all_c4_keepalive_ms,0.119092
latency,3,314,http1_rust_nodelay_all_c4_keepalive_ms,0.106412
latency,3,315,http1_rust_nodelay_all_c4_keepalive_ms,0.104411
latency,3,316,http1_rust_nodelay_all_c4_keepalive_ms,0.104292
latency,3,317,http1_rust_nodelay_all_c4_keepalive_ms,0.104242
latency,3,318,http1_rust_nodelay_all_c4_keepalive_ms,0.106092
latency,3,319,http1_rust_nodelay_all_c4_keepalive_ms,0.111242
trial,3,320,http1_rust_nodelay_all_c4_median_ms,0.114262
trial,3,320,http1_rust_nodelay_all_c4_p95_ms,0.411047
trial,3,320,http1_rust_nodelay_all_c4_requests_per_second,8907.476
trial,3,320,http1_rust_nodelay_all_c4_wall_ms,35.925
latency,4,0,http1_rust_nodelay_all_c4_keepalive_ms,3.151363
latency,4,1,http1_rust_nodelay_all_c4_keepalive_ms,0.202943
latency,4,2,http1_rust_nodelay_all_c4_keepalive_ms,0.211714
latency,4,3,http1_rust_nodelay_all_c4_keepalive_ms,0.204823
latency,4,4,http1_rust_nodelay_all_c4_keepalive_ms,0.197284
latency,4,5,http1_rust_nodelay_all_c4_keepalive_ms,0.208663
latency,4,6,http1_rust_nodelay_all_c4_keepalive_ms,0.199864
latency,4,7,http1_rust_nodelay_all_c4_keepalive_ms,0.208943
latency,4,8,http1_rust_nodelay_all_c4_keepalive_ms,0.201444
latency,4,9,http1_rust_nodelay_all_c4_keepalive_ms,0.200383
latency,4,10,http1_rust_nodelay_all_c4_keepalive_ms,0.215534
latency,4,11,http1_rust_nodelay_all_c4_keepalive_ms,0.209563
latency,4,12,http1_rust_nodelay_all_c4_keepalive_ms,0.214944
latency,4,13,http1_rust_nodelay_all_c4_keepalive_ms,0.204184
latency,4,14,http1_rust_nodelay_all_c4_keepalive_ms,0.160182
latency,4,15,http1_rust_nodelay_all_c4_keepalive_ms,0.179683
latency,4,16,http1_rust_nodelay_all_c4_keepalive_ms,0.108652
latency,4,17,http1_rust_nodelay_all_c4_keepalive_ms,0.106272
latency,4,18,http1_rust_nodelay_all_c4_keepalive_ms,0.105992
latency,4,19,http1_rust_nodelay_all_c4_keepalive_ms,0.118542
latency,4,20,http1_rust_nodelay_all_c4_keepalive_ms,0.107542
latency,4,21,http1_rust_nodelay_all_c4_keepalive_ms,0.105712
latency,4,22,http1_rust_nodelay_all_c4_keepalive_ms,0.105391
latency,4,23,http1_rust_nodelay_all_c4_keepalive_ms,0.107312
latency,4,24,http1_rust_nodelay_all_c4_keepalive_ms,0.111762
latency,4,25,http1_rust_nodelay_all_c4_keepalive_ms,0.107112
latency,4,26,http1_rust_nodelay_all_c4_keepalive_ms,0.104872
latency,4,27,http1_rust_nodelay_all_c4_keepalive_ms,0.106182
latency,4,28,http1_rust_nodelay_all_c4_keepalive_ms,0.115301
latency,4,29,http1_rust_nodelay_all_c4_keepalive_ms,0.106972
latency,4,30,http1_rust_nodelay_all_c4_keepalive_ms,0.106152
latency,4,31,http1_rust_nodelay_all_c4_keepalive_ms,0.105172
latency,4,32,http1_rust_nodelay_all_c4_keepalive_ms,0.105372
latency,4,33,http1_rust_nodelay_all_c4_keepalive_ms,0.109932
latency,4,34,http1_rust_nodelay_all_c4_keepalive_ms,0.110491
latency,4,35,http1_rust_nodelay_all_c4_keepalive_ms,0.105412
latency,4,36,http1_rust_nodelay_all_c4_keepalive_ms,0.104742
latency,4,37,http1_rust_nodelay_all_c4_keepalive_ms,0.111652
latency,4,38,http1_rust_nodelay_all_c4_keepalive_ms,0.116982
latency,4,39,http1_rust_nodelay_all_c4_keepalive_ms,0.105102
latency,4,40,http1_rust_nodelay_all_c4_keepalive_ms,0.104572
latency,4,41,http1_rust_nodelay_all_c4_keepalive_ms,0.104621
latency,4,42,http1_rust_nodelay_all_c4_keepalive_ms,0.105652
latency,4,43,http1_rust_nodelay_all_c4_keepalive_ms,9.115945
latency,4,44,http1_rust_nodelay_all_c4_keepalive_ms,0.107792
latency,4,45,http1_rust_nodelay_all_c4_keepalive_ms,0.107922
latency,4,46,http1_rust_nodelay_all_c4_keepalive_ms,0.106492
latency,4,47,http1_rust_nodelay_all_c4_keepalive_ms,0.112892
latency,4,48,http1_rust_nodelay_all_c4_keepalive_ms,0.111532
latency,4,49,http1_rust_nodelay_all_c4_keepalive_ms,0.106461
latency,4,50,http1_rust_nodelay_all_c4_keepalive_ms,0.111642
latency,4,51,http1_rust_nodelay_all_c4_keepalive_ms,0.104252
latency,4,52,http1_rust_nodelay_all_c4_keepalive_ms,0.111242
latency,4,53,http1_rust_nodelay_all_c4_keepalive_ms,0.106762
latency,4,54,http1_rust_nodelay_all_c4_keepalive_ms,0.104121
latency,4,55,http1_rust_nodelay_all_c4_keepalive_ms,0.103682
latency,4,56,http1_rust_nodelay_all_c4_keepalive_ms,0.104032
latency,4,57,http1_rust_nodelay_all_c4_keepalive_ms,0.116962
latency,4,58,http1_rust_nodelay_all_c4_keepalive_ms,0.105032
latency,4,59,http1_rust_nodelay_all_c4_keepalive_ms,0.104051
latency,4,60,http1_rust_nodelay_all_c4_keepalive_ms,0.105202
latency,4,61,http1_rust_nodelay_all_c4_keepalive_ms,0.112462
latency,4,62,http1_rust_nodelay_all_c4_keepalive_ms,0.106962
latency,4,63,http1_rust_nodelay_all_c4_keepalive_ms,0.104242
latency,4,64,http1_rust_nodelay_all_c4_keepalive_ms,0.105862
latency,4,65,http1_rust_nodelay_all_c4_keepalive_ms,0.104351
latency,4,66,http1_rust_nodelay_all_c4_keepalive_ms,0.114822
latency,4,67,http1_rust_nodelay_all_c4_keepalive_ms,0.106892
latency,4,68,http1_rust_nodelay_all_c4_keepalive_ms,0.105802
latency,4,69,http1_rust_nodelay_all_c4_keepalive_ms,0.103652
latency,4,70,http1_rust_nodelay_all_c4_keepalive_ms,0.107502
latency,4,71,http1_rust_nodelay_all_c4_keepalive_ms,6.024532
latency,4,72,http1_rust_nodelay_all_c4_keepalive_ms,0.108822
latency,4,73,http1_rust_nodelay_all_c4_keepalive_ms,0.112362
latency,4,74,http1_rust_nodelay_all_c4_keepalive_ms,0.104102
latency,4,75,http1_rust_nodelay_all_c4_keepalive_ms,0.105912
latency,4,76,http1_rust_nodelay_all_c4_keepalive_ms,0.104181
latency,4,77,http1_rust_nodelay_all_c4_keepalive_ms,0.118352
latency,4,78,http1_rust_nodelay_all_c4_keepalive_ms,0.105862
latency,4,79,http1_rust_nodelay_all_c4_keepalive_ms,0.105492
latency,4,160,http1_rust_nodelay_all_c4_keepalive_ms,0.263035
latency,4,161,http1_rust_nodelay_all_c4_keepalive_ms,0.151873
latency,4,162,http1_rust_nodelay_all_c4_keepalive_ms,0.223713
latency,4,163,http1_rust_nodelay_all_c4_keepalive_ms,0.207874
latency,4,164,http1_rust_nodelay_all_c4_keepalive_ms,0.202573
latency,4,165,http1_rust_nodelay_all_c4_keepalive_ms,0.213844
latency,4,166,http1_rust_nodelay_all_c4_keepalive_ms,0.211314
latency,4,167,http1_rust_nodelay_all_c4_keepalive_ms,0.206213
latency,4,168,http1_rust_nodelay_all_c4_keepalive_ms,0.202294
latency,4,169,http1_rust_nodelay_all_c4_keepalive_ms,0.214503
latency,4,170,http1_rust_nodelay_all_c4_keepalive_ms,0.207894
latency,4,171,http1_rust_nodelay_all_c4_keepalive_ms,0.214883
latency,4,172,http1_rust_nodelay_all_c4_keepalive_ms,0.160593
latency,4,173,http1_rust_nodelay_all_c4_keepalive_ms,0.203793
latency,4,174,http1_rust_nodelay_all_c4_keepalive_ms,6.221536
latency,4,175,http1_rust_nodelay_all_c4_keepalive_ms,0.118052
latency,4,176,http1_rust_nodelay_all_c4_keepalive_ms,0.105562
latency,4,177,http1_rust_nodelay_all_c4_keepalive_ms,0.104492
latency,4,178,http1_rust_nodelay_all_c4_keepalive_ms,0.115992
latency,4,179,http1_rust_nodelay_all_c4_keepalive_ms,0.106542
latency,4,180,http1_rust_nodelay_all_c4_keepalive_ms,0.103891
latency,4,181,http1_rust_nodelay_all_c4_keepalive_ms,0.103672
latency,4,182,http1_rust_nodelay_all_c4_keepalive_ms,0.105312
latency,4,183,http1_rust_nodelay_all_c4_keepalive_ms,0.110062
latency,4,184,http1_rust_nodelay_all_c4_keepalive_ms,0.108992
latency,4,185,http1_rust_nodelay_all_c4_keepalive_ms,0.104551
latency,4,186,http1_rust_nodelay_all_c4_keepalive_ms,0.107241
latency,4,187,http1_rust_nodelay_all_c4_keepalive_ms,0.110762
latency,4,188,http1_rust_nodelay_all_c4_keepalive_ms,0.109642
latency,4,189,http1_rust_nodelay_all_c4_keepalive_ms,0.105532
latency,4,190,http1_rust_nodelay_all_c4_keepalive_ms,0.103932
latency,4,191,http1_rust_nodelay_all_c4_keepalive_ms,0.104741
latency,4,192,http1_rust_nodelay_all_c4_keepalive_ms,0.104672
latency,4,193,http1_rust_nodelay_all_c4_keepalive_ms,0.113442
latency,4,194,http1_rust_nodelay_all_c4_keepalive_ms,0.105212
latency,4,195,http1_rust_nodelay_all_c4_keepalive_ms,0.104202
latency,4,196,http1_rust_nodelay_all_c4_keepalive_ms,0.104042
latency,4,197,http1_rust_nodelay_all_c4_keepalive_ms,0.115271
latency,4,198,http1_rust_nodelay_all_c4_keepalive_ms,0.109512
latency,4,199,http1_rust_nodelay_all_c4_keepalive_ms,0.104052
latency,4,200,http1_rust_nodelay_all_c4_keepalive_ms,0.103962
latency,4,201,http1_rust_nodelay_all_c4_keepalive_ms,0.104882
latency,4,202,http1_rust_nodelay_all_c4_keepalive_ms,9.117715
latency,4,203,http1_rust_nodelay_all_c4_keepalive_ms,0.184243
latency,4,204,http1_rust_nodelay_all_c4_keepalive_ms,0.106332
latency,4,205,http1_rust_nodelay_all_c4_keepalive_ms,0.104851
latency,4,206,http1_rust_nodelay_all_c4_keepalive_ms,0.114892
latency,4,207,http1_rust_nodelay_all_c4_keepalive_ms,0.107782
latency,4,208,http1_rust_nodelay_all_c4_keepalive_ms,0.105982
latency,4,209,http1_rust_nodelay_all_c4_keepalive_ms,0.104122
latency,4,210,http1_rust_nodelay_all_c4_keepalive_ms,0.103942
latency,4,211,http1_rust_nodelay_all_c4_keepalive_ms,0.113892
latency,4,212,http1_rust_nodelay_all_c4_keepalive_ms,0.104461
latency,4,213,http1_rust_nodelay_all_c4_keepalive_ms,0.103762
latency,4,214,http1_rust_nodelay_all_c4_keepalive_ms,0.104232
latency,4,215,http1_rust_nodelay_all_c4_keepalive_ms,0.105952
latency,4,216,http1_rust_nodelay_all_c4_keepalive_ms,0.115962
latency,4,217,http1_rust_nodelay_all_c4_keepalive_ms,0.104761
latency,4,218,http1_rust_nodelay_all_c4_keepalive_ms,0.103702
latency,4,219,http1_rust_nodelay_all_c4_keepalive_ms,0.105292
latency,4,220,http1_rust_nodelay_all_c4_keepalive_ms,0.111942
latency,4,221,http1_rust_nodelay_all_c4_keepalive_ms,0.108832
latency,4,222,http1_rust_nodelay_all_c4_keepalive_ms,0.104002
latency,4,223,http1_rust_nodelay_all_c4_keepalive_ms,0.105191
latency,4,224,http1_rust_nodelay_all_c4_keepalive_ms,0.103592
latency,4,225,http1_rust_nodelay_all_c4_keepalive_ms,0.113972
latency,4,226,http1_rust_nodelay_all_c4_keepalive_ms,0.107902
latency,4,227,http1_rust_nodelay_all_c4_keepalive_ms,0.104822
latency,4,228,http1_rust_nodelay_all_c4_keepalive_ms,0.103381
latency,4,229,http1_rust_nodelay_all_c4_keepalive_ms,4.391235
latency,4,230,http1_rust_nodelay_all_c4_keepalive_ms,0.216414
latency,4,231,http1_rust_nodelay_all_c4_keepalive_ms,0.260114
latency,4,232,http1_rust_nodelay_all_c4_keepalive_ms,0.207824
latency,4,233,http1_rust_nodelay_all_c4_keepalive_ms,0.213854
latency,4,234,http1_rust_nodelay_all_c4_keepalive_ms,0.203643
latency,4,235,http1_rust_nodelay_all_c4_keepalive_ms,0.212654
latency,4,236,http1_rust_nodelay_all_c4_keepalive_ms,0.234074
latency,4,237,http1_rust_nodelay_all_c4_keepalive_ms,0.206803
latency,4,238,http1_rust_nodelay_all_c4_keepalive_ms,0.199294
latency,4,239,http1_rust_nodelay_all_c4_keepalive_ms,0.199503
latency,4,240,http1_rust_nodelay_all_c4_keepalive_ms,0.211284
latency,4,241,http1_rust_nodelay_all_c4_keepalive_ms,0.211473
latency,4,242,http1_rust_nodelay_all_c4_keepalive_ms,0.204614
latency,4,243,http1_rust_nodelay_all_c4_keepalive_ms,0.198113
latency,4,244,http1_rust_nodelay_all_c4_keepalive_ms,0.208204
latency,4,245,http1_rust_nodelay_all_c4_keepalive_ms,0.200263
latency,4,246,http1_rust_nodelay_all_c4_keepalive_ms,0.208444
latency,4,247,http1_rust_nodelay_all_c4_keepalive_ms,0.201153
latency,4,248,http1_rust_nodelay_all_c4_keepalive_ms,0.226884
latency,4,249,http1_rust_nodelay_all_c4_keepalive_ms,0.216864
latency,4,250,http1_rust_nodelay_all_c4_keepalive_ms,0.208123
latency,4,251,http1_rust_nodelay_all_c4_keepalive_ms,0.216254
latency,4,252,http1_rust_nodelay_all_c4_keepalive_ms,0.202993
latency,4,253,http1_rust_nodelay_all_c4_keepalive_ms,9.240258
latency,4,254,http1_rust_nodelay_all_c4_keepalive_ms,0.111412
latency,4,255,http1_rust_nodelay_all_c4_keepalive_ms,0.108452
latency,4,256,http1_rust_nodelay_all_c4_keepalive_ms,0.105221
latency,4,257,http1_rust_nodelay_all_c4_keepalive_ms,0.106622
latency,4,258,http1_rust_nodelay_all_c4_keepalive_ms,0.116622
latency,4,259,http1_rust_nodelay_all_c4_keepalive_ms,0.107782
latency,4,260,http1_rust_nodelay_all_c4_keepalive_ms,0.109692
latency,4,261,http1_rust_nodelay_all_c4_keepalive_ms,0.107112
latency,4,262,http1_rust_nodelay_all_c4_keepalive_ms,0.104702
latency,4,263,http1_rust_nodelay_all_c4_keepalive_ms,0.113882
latency,4,264,http1_rust_nodelay_all_c4_keepalive_ms,0.105771
latency,4,265,http1_rust_nodelay_all_c4_keepalive_ms,0.106472
latency,4,266,http1_rust_nodelay_all_c4_keepalive_ms,0.104742
latency,4,267,http1_rust_nodelay_all_c4_keepalive_ms,0.114682
latency,4,268,http1_rust_nodelay_all_c4_keepalive_ms,0.109022
latency,4,269,http1_rust_nodelay_all_c4_keepalive_ms,0.104902
latency,4,270,http1_rust_nodelay_all_c4_keepalive_ms,0.105041
latency,4,271,http1_rust_nodelay_all_c4_keepalive_ms,0.105012
latency,4,272,http1_rust_nodelay_all_c4_keepalive_ms,0.115662
latency,4,273,http1_rust_nodelay_all_c4_keepalive_ms,0.106922
latency,4,274,http1_rust_nodelay_all_c4_keepalive_ms,0.104912
latency,4,275,http1_rust_nodelay_all_c4_keepalive_ms,0.105332
latency,4,276,http1_rust_nodelay_all_c4_keepalive_ms,0.110401
latency,4,277,http1_rust_nodelay_all_c4_keepalive_ms,0.114272
latency,4,278,http1_rust_nodelay_all_c4_keepalive_ms,0.104532
latency,4,279,http1_rust_nodelay_all_c4_keepalive_ms,0.104682
latency,4,280,http1_rust_nodelay_all_c4_keepalive_ms,0.106632
latency,4,281,http1_rust_nodelay_all_c4_keepalive_ms,6.161974
latency,4,282,http1_rust_nodelay_all_c4_keepalive_ms,0.109672
latency,4,283,http1_rust_nodelay_all_c4_keepalive_ms,0.110232
latency,4,284,http1_rust_nodelay_all_c4_keepalive_ms,0.104562
latency,4,285,http1_rust_nodelay_all_c4_keepalive_ms,0.104472
latency,4,286,http1_rust_nodelay_all_c4_keepalive_ms,0.115142
latency,4,287,http1_rust_nodelay_all_c4_keepalive_ms,0.111972
latency,4,288,http1_rust_nodelay_all_c4_keepalive_ms,0.103801
latency,4,289,http1_rust_nodelay_all_c4_keepalive_ms,0.103902
latency,4,290,http1_rust_nodelay_all_c4_keepalive_ms,0.111572
latency,4,291,http1_rust_nodelay_all_c4_keepalive_ms,0.106942
latency,4,292,http1_rust_nodelay_all_c4_keepalive_ms,0.103922
latency,4,293,http1_rust_nodelay_all_c4_keepalive_ms,0.104181
latency,4,294,http1_rust_nodelay_all_c4_keepalive_ms,0.103682
latency,4,295,http1_rust_nodelay_all_c4_keepalive_ms,0.113872
latency,4,296,http1_rust_nodelay_all_c4_keepalive_ms,0.107042
latency,4,297,http1_rust_nodelay_all_c4_keepalive_ms,0.103792
latency,4,298,http1_rust_nodelay_all_c4_keepalive_ms,0.105341
latency,4,299,http1_rust_nodelay_all_c4_keepalive_ms,0.112112
latency,4,300,http1_rust_nodelay_all_c4_keepalive_ms,0.106772
latency,4,301,http1_rust_nodelay_all_c4_keepalive_ms,0.104192
latency,4,302,http1_rust_nodelay_all_c4_keepalive_ms,0.105782
latency,4,303,http1_rust_nodelay_all_c4_keepalive_ms,0.104212
latency,4,304,http1_rust_nodelay_all_c4_keepalive_ms,0.107181
latency,4,305,http1_rust_nodelay_all_c4_keepalive_ms,0.116212
latency,4,306,http1_rust_nodelay_all_c4_keepalive_ms,0.105642
latency,4,307,http1_rust_nodelay_all_c4_keepalive_ms,0.103892
latency,4,308,http1_rust_nodelay_all_c4_keepalive_ms,0.104052
latency,4,309,http1_rust_nodelay_all_c4_keepalive_ms,5.437122
latency,4,310,http1_rust_nodelay_all_c4_keepalive_ms,0.107512
latency,4,311,http1_rust_nodelay_all_c4_keepalive_ms,0.110782
latency,4,312,http1_rust_nodelay_all_c4_keepalive_ms,0.110302
latency,4,313,http1_rust_nodelay_all_c4_keepalive_ms,0.106172
latency,4,314,http1_rust_nodelay_all_c4_keepalive_ms,0.104652
latency,4,315,http1_rust_nodelay_all_c4_keepalive_ms,0.114312
latency,4,316,http1_rust_nodelay_all_c4_keepalive_ms,0.106951
latency,4,317,http1_rust_nodelay_all_c4_keepalive_ms,0.105932
latency,4,318,http1_rust_nodelay_all_c4_keepalive_ms,0.104272
latency,4,319,http1_rust_nodelay_all_c4_keepalive_ms,0.104112
latency,4,80,http1_rust_nodelay_all_c4_keepalive_ms,0.249165
latency,4,81,http1_rust_nodelay_all_c4_keepalive_ms,0.246614
latency,4,82,http1_rust_nodelay_all_c4_keepalive_ms,0.206863
latency,4,83,http1_rust_nodelay_all_c4_keepalive_ms,0.208164
latency,4,84,http1_rust_nodelay_all_c4_keepalive_ms,0.209893
latency,4,85,http1_rust_nodelay_all_c4_keepalive_ms,0.206684
latency,4,86,http1_rust_nodelay_all_c4_keepalive_ms,0.240724
latency,4,87,http1_rust_nodelay_all_c4_keepalive_ms,0.202664
latency,4,88,http1_rust_nodelay_all_c4_keepalive_ms,0.203053
latency,4,89,http1_rust_nodelay_all_c4_keepalive_ms,0.217704
latency,4,90,http1_rust_nodelay_all_c4_keepalive_ms,0.204723
latency,4,91,http1_rust_nodelay_all_c4_keepalive_ms,0.235554
latency,4,92,http1_rust_nodelay_all_c4_keepalive_ms,0.204243
latency,4,93,http1_rust_nodelay_all_c4_keepalive_ms,0.202404
latency,4,94,http1_rust_nodelay_all_c4_keepalive_ms,9.126585
latency,4,95,http1_rust_nodelay_all_c4_keepalive_ms,0.108112
latency,4,96,http1_rust_nodelay_all_c4_keepalive_ms,0.105582
latency,4,97,http1_rust_nodelay_all_c4_keepalive_ms,0.104682
latency,4,98,http1_rust_nodelay_all_c4_keepalive_ms,0.117372
latency,4,99,http1_rust_nodelay_all_c4_keepalive_ms,0.106652
latency,4,100,http1_rust_nodelay_all_c4_keepalive_ms,0.104511
latency,4,101,http1_rust_nodelay_all_c4_keepalive_ms,0.106292
latency,4,102,http1_rust_nodelay_all_c4_keepalive_ms,0.104332
latency,4,103,http1_rust_nodelay_all_c4_keepalive_ms,0.114782
latency,4,104,http1_rust_nodelay_all_c4_keepalive_ms,0.105752
latency,4,105,http1_rust_nodelay_all_c4_keepalive_ms,0.106471
latency,4,106,http1_rust_nodelay_all_c4_keepalive_ms,0.105712
latency,4,107,http1_rust_nodelay_all_c4_keepalive_ms,0.114872
latency,4,108,http1_rust_nodelay_all_c4_keepalive_ms,0.107952
latency,4,109,http1_rust_nodelay_all_c4_keepalive_ms,0.110152
latency,4,110,http1_rust_nodelay_all_c4_keepalive_ms,0.104702
latency,4,111,http1_rust_nodelay_all_c4_keepalive_ms,0.105392
latency,4,112,http1_rust_nodelay_all_c4_keepalive_ms,0.112521
latency,4,113,http1_rust_nodelay_all_c4_keepalive_ms,0.108282
latency,4,114,http1_rust_nodelay_all_c4_keepalive_ms,0.109222
latency,4,115,http1_rust_nodelay_all_c4_keepalive_ms,0.104902
latency,4,116,http1_rust_nodelay_all_c4_keepalive_ms,0.110072
latency,4,117,http1_rust_nodelay_all_c4_keepalive_ms,0.113442
latency,4,118,http1_rust_nodelay_all_c4_keepalive_ms,0.104692
latency,4,119,http1_rust_nodelay_all_c4_keepalive_ms,0.104531
latency,4,120,http1_rust_nodelay_all_c4_keepalive_ms,0.106112
latency,4,121,http1_rust_nodelay_all_c4_keepalive_ms,9.112975
latency,4,122,http1_rust_nodelay_all_c4_keepalive_ms,4.387325
latency,4,123,http1_rust_nodelay_all_c4_keepalive_ms,0.215144
latency,4,124,http1_rust_nodelay_all_c4_keepalive_ms,0.216493
latency,4,125,http1_rust_nodelay_all_c4_keepalive_ms,0.214954
latency,4,126,http1_rust_nodelay_all_c4_keepalive_ms,0.206593
latency,4,127,http1_rust_nodelay_all_c4_keepalive_ms,0.203374
latency,4,128,http1_rust_nodelay_all_c4_keepalive_ms,0.216904
latency,4,129,http1_rust_nodelay_all_c4_keepalive_ms,0.161302
latency,4,130,http1_rust_nodelay_all_c4_keepalive_ms,0.206614
latency,4,131,http1_rust_nodelay_all_c4_keepalive_ms,0.199603
latency,4,132,http1_rust_nodelay_all_c4_keepalive_ms,0.199544
latency,4,133,http1_rust_nodelay_all_c4_keepalive_ms,0.191933
latency,4,134,http1_rust_nodelay_all_c4_keepalive_ms,0.111172
latency,4,135,http1_rust_nodelay_all_c4_keepalive_ms,0.106572
latency,4,136,http1_rust_nodelay_all_c4_keepalive_ms,0.105301
latency,4,137,http1_rust_nodelay_all_c4_keepalive_ms,0.113462
latency,4,138,http1_rust_nodelay_all_c4_keepalive_ms,0.105982
latency,4,139,http1_rust_nodelay_all_c4_keepalive_ms,0.105672
latency,4,140,http1_rust_nodelay_all_c4_keepalive_ms,0.104532
latency,4,141,http1_rust_nodelay_all_c4_keepalive_ms,0.104582
latency,4,142,http1_rust_nodelay_all_c4_keepalive_ms,0.105961
latency,4,143,http1_rust_nodelay_all_c4_keepalive_ms,0.115652
latency,4,144,http1_rust_nodelay_all_c4_keepalive_ms,0.105972
latency,4,145,http1_rust_nodelay_all_c4_keepalive_ms,0.105262
latency,4,146,http1_rust_nodelay_all_c4_keepalive_ms,1.964503
latency,4,147,http1_rust_nodelay_all_c4_keepalive_ms,0.176313
latency,4,148,http1_rust_nodelay_all_c4_keepalive_ms,0.123112
latency,4,149,http1_rust_nodelay_all_c4_keepalive_ms,0.116792
latency,4,150,http1_rust_nodelay_all_c4_keepalive_ms,0.108472
latency,4,151,http1_rust_nodelay_all_c4_keepalive_ms,0.106562
latency,4,152,http1_rust_nodelay_all_c4_keepalive_ms,0.104412
latency,4,153,http1_rust_nodelay_all_c4_keepalive_ms,0.114842
latency,4,154,http1_rust_nodelay_all_c4_keepalive_ms,0.104501
latency,4,155,http1_rust_nodelay_all_c4_keepalive_ms,0.106032
latency,4,156,http1_rust_nodelay_all_c4_keepalive_ms,0.113492
latency,4,157,http1_rust_nodelay_all_c4_keepalive_ms,0.106772
latency,4,158,http1_rust_nodelay_all_c4_keepalive_ms,0.116092
latency,4,159,http1_rust_nodelay_all_c4_keepalive_ms,0.111502
trial,4,320,http1_rust_nodelay_all_c4_median_ms,0.108822
trial,4,320,http1_rust_nodelay_all_c4_p95_ms,0.246614
trial,4,320,http1_rust_nodelay_all_c4_requests_per_second,8926.997
trial,4,320,http1_rust_nodelay_all_c4_wall_ms,35.846
summary,0,1600,http1_rust_nodelay_all_c4_keepalive_ms_median,0.114262
summary,0,1600,http1_rust_nodelay_all_c4_keepalive_ms_p95,0.420277
latency,0,240,http1_rust_nodelay_all_c16_keepalive_ms,1.590427
latency,0,241,http1_rust_nodelay_all_c16_keepalive_ms,1.307713
latency,0,242,http1_rust_nodelay_all_c16_keepalive_ms,1.304852
latency,0,243,http1_rust_nodelay_all_c16_keepalive_ms,1.709459
latency,0,244,http1_rust_nodelay_all_c16_keepalive_ms,1.566577
latency,0,245,http1_rust_nodelay_all_c16_keepalive_ms,1.226851
latency,0,246,http1_rust_nodelay_all_c16_keepalive_ms,1.425624
latency,0,247,http1_rust_nodelay_all_c16_keepalive_ms,1.058518
latency,0,248,http1_rust_nodelay_all_c16_keepalive_ms,1.324142
latency,0,249,http1_rust_nodelay_all_c16_keepalive_ms,1.385984
latency,0,250,http1_rust_nodelay_all_c16_keepalive_ms,1.456195
latency,0,251,http1_rust_nodelay_all_c16_keepalive_ms,1.534606
latency,0,252,http1_rust_nodelay_all_c16_keepalive_ms,1.530156
latency,0,253,http1_rust_nodelay_all_c16_keepalive_ms,1.487025
latency,0,254,http1_rust_nodelay_all_c16_keepalive_ms,1.403294
latency,0,255,http1_rust_nodelay_all_c16_keepalive_ms,1.547097
latency,0,256,http1_rust_nodelay_all_c16_keepalive_ms,1.125869
latency,0,257,http1_rust_nodelay_all_c16_keepalive_ms,0.829594
latency,0,258,http1_rust_nodelay_all_c16_keepalive_ms,1.453455
latency,0,259,http1_rust_nodelay_all_c16_keepalive_ms,1.139229
latency,0,260,http1_rust_nodelay_all_c16_keepalive_ms,1.469625
latency,0,261,http1_rust_nodelay_all_c16_keepalive_ms,1.654178
latency,0,262,http1_rust_nodelay_all_c16_keepalive_ms,1.683919
latency,0,263,http1_rust_nodelay_all_c16_keepalive_ms,1.603757
latency,0,264,http1_rust_nodelay_all_c16_keepalive_ms,1.450875
latency,0,265,http1_rust_nodelay_all_c16_keepalive_ms,1.392323
latency,0,266,http1_rust_nodelay_all_c16_keepalive_ms,1.116369
latency,0,267,http1_rust_nodelay_all_c16_keepalive_ms,1.499426
latency,0,268,http1_rust_nodelay_all_c16_keepalive_ms,1.123839
latency,0,269,http1_rust_nodelay_all_c16_keepalive_ms,1.080569
latency,0,270,http1_rust_nodelay_all_c16_keepalive_ms,1.317632
latency,0,271,http1_rust_nodelay_all_c16_keepalive_ms,1.410264
latency,0,272,http1_rust_nodelay_all_c16_keepalive_ms,1.462555
latency,0,273,http1_rust_nodelay_all_c16_keepalive_ms,1.480325
latency,0,274,http1_rust_nodelay_all_c16_keepalive_ms,1.544736
latency,0,275,http1_rust_nodelay_all_c16_keepalive_ms,1.461975
latency,0,276,http1_rust_nodelay_all_c16_keepalive_ms,1.479145
latency,0,277,http1_rust_nodelay_all_c16_keepalive_ms,1.429425
latency,0,278,http1_rust_nodelay_all_c16_keepalive_ms,1.427364
latency,0,279,http1_rust_nodelay_all_c16_keepalive_ms,1.401314
latency,0,280,http1_rust_nodelay_all_c16_keepalive_ms,1.112359
latency,0,281,http1_rust_nodelay_all_c16_keepalive_ms,1.174320
latency,0,282,http1_rust_nodelay_all_c16_keepalive_ms,1.091758
latency,0,283,http1_rust_nodelay_all_c16_keepalive_ms,1.163750
latency,0,284,http1_rust_nodelay_all_c16_keepalive_ms,1.193860
latency,0,285,http1_rust_nodelay_all_c16_keepalive_ms,1.071418
latency,0,286,http1_rust_nodelay_all_c16_keepalive_ms,1.497376
latency,0,287,http1_rust_nodelay_all_c16_keepalive_ms,1.038118
latency,0,288,http1_rust_nodelay_all_c16_keepalive_ms,1.342753
latency,0,289,http1_rust_nodelay_all_c16_keepalive_ms,1.354793
latency,0,290,http1_rust_nodelay_all_c16_keepalive_ms,1.246991
latency,0,291,http1_rust_nodelay_all_c16_keepalive_ms,1.343233
latency,0,292,http1_rust_nodelay_all_c16_keepalive_ms,1.303702
latency,0,293,http1_rust_nodelay_all_c16_keepalive_ms,3.060352
latency,0,294,http1_rust_nodelay_all_c16_keepalive_ms,1.488946
latency,0,295,http1_rust_nodelay_all_c16_keepalive_ms,1.425013
latency,0,296,http1_rust_nodelay_all_c16_keepalive_ms,1.144020
latency,0,297,http1_rust_nodelay_all_c16_keepalive_ms,1.405694
latency,0,298,http1_rust_nodelay_all_c16_keepalive_ms,1.481875
latency,0,299,http1_rust_nodelay_all_c16_keepalive_ms,1.457495
latency,0,300,http1_rust_nodelay_all_c16_keepalive_ms,1.157250
latency,0,301,http1_rust_nodelay_all_c16_keepalive_ms,1.462515
latency,0,302,http1_rust_nodelay_all_c16_keepalive_ms,1.144849
latency,0,303,http1_rust_nodelay_all_c16_keepalive_ms,1.098079
latency,0,304,http1_rust_nodelay_all_c16_keepalive_ms,1.451615
latency,0,305,http1_rust_nodelay_all_c16_keepalive_ms,1.168740
latency,0,306,http1_rust_nodelay_all_c16_keepalive_ms,1.463365
latency,0,307,http1_rust_nodelay_all_c16_keepalive_ms,1.484245
latency,0,308,http1_rust_nodelay_all_c16_keepalive_ms,1.468994
latency,0,309,http1_rust_nodelay_all_c16_keepalive_ms,1.508766
latency,0,310,http1_rust_nodelay_all_c16_keepalive_ms,1.116099
latency,0,311,http1_rust_nodelay_all_c16_keepalive_ms,1.117399
latency,0,312,http1_rust_nodelay_all_c16_keepalive_ms,1.375954
latency,0,313,http1_rust_nodelay_all_c16_keepalive_ms,1.034617
latency,0,314,http1_rust_nodelay_all_c16_keepalive_ms,1.408354
latency,0,315,http1_rust_nodelay_all_c16_keepalive_ms,1.331513
latency,0,316,http1_rust_nodelay_all_c16_keepalive_ms,1.270752
latency,0,317,http1_rust_nodelay_all_c16_keepalive_ms,0.948506
latency,0,318,http1_rust_nodelay_all_c16_keepalive_ms,0.976127
latency,0,319,http1_rust_nodelay_all_c16_keepalive_ms,1.320122
latency,0,480,http1_rust_nodelay_all_c16_keepalive_ms,1.819681
latency,0,481,http1_rust_nodelay_all_c16_keepalive_ms,1.272392
latency,0,482,http1_rust_nodelay_all_c16_keepalive_ms,1.692039
latency,0,483,http1_rust_nodelay_all_c16_keepalive_ms,1.704799
latency,0,484,http1_rust_nodelay_all_c16_keepalive_ms,1.200280
latency,0,485,http1_rust_nodelay_all_c16_keepalive_ms,1.561747
latency,0,486,http1_rust_nodelay_all_c16_keepalive_ms,6.531131
latency,0,487,http1_rust_nodelay_all_c16_keepalive_ms,1.540056
latency,0,488,http1_rust_nodelay_all_c16_keepalive_ms,1.147910
latency,0,489,http1_rust_nodelay_all_c16_keepalive_ms,1.485555
latency,0,490,http1_rust_nodelay_all_c16_keepalive_ms,1.550576
latency,0,491,http1_rust_nodelay_all_c16_keepalive_ms,1.595818
latency,0,492,http1_rust_nodelay_all_c16_keepalive_ms,1.479115
latency,0,493,http1_rust_nodelay_all_c16_keepalive_ms,1.492495
latency,0,494,http1_rust_nodelay_all_c16_keepalive_ms,1.517086
latency,0,495,http1_rust_nodelay_all_c16_keepalive_ms,1.475895
latency,0,496,http1_rust_nodelay_all_c16_keepalive_ms,1.509465
latency,0,497,http1_rust_nodelay_all_c16_keepalive_ms,1.202191
latency,0,498,http1_rust_nodelay_all_c16_keepalive_ms,1.699969
latency,0,499,http1_rust_nodelay_all_c16_keepalive_ms,1.474235
latency,0,500,http1_rust_nodelay_all_c16_keepalive_ms,1.522996
latency,0,501,http1_rust_nodelay_all_c16_keepalive_ms,1.506156
latency,0,502,http1_rust_nodelay_all_c16_keepalive_ms,1.318812
latency,0,503,http1_rust_nodelay_all_c16_keepalive_ms,1.124179
latency,0,504,http1_rust_nodelay_all_c16_keepalive_ms,1.080479
latency,0,505,http1_rust_nodelay_all_c16_keepalive_ms,1.319952
latency,0,506,http1_rust_nodelay_all_c16_keepalive_ms,1.402064
latency,0,507,http1_rust_nodelay_all_c16_keepalive_ms,1.392844
latency,0,508,http1_rust_nodelay_all_c16_keepalive_ms,1.085388
latency,0,509,http1_rust_nodelay_all_c16_keepalive_ms,1.492855
latency,0,510,http1_rust_nodelay_all_c16_keepalive_ms,1.083289
latency,0,511,http1_rust_nodelay_all_c16_keepalive_ms,1.133939
latency,0,512,http1_rust_nodelay_all_c16_keepalive_ms,1.467345
latency,0,513,http1_rust_nodelay_all_c16_keepalive_ms,1.105259
latency,0,514,http1_rust_nodelay_all_c16_keepalive_ms,1.082379
latency,0,515,http1_rust_nodelay_all_c16_keepalive_ms,1.402753
latency,0,516,http1_rust_nodelay_all_c16_keepalive_ms,1.543167
latency,0,517,http1_rust_nodelay_all_c16_keepalive_ms,1.540796
latency,0,518,http1_rust_nodelay_all_c16_keepalive_ms,1.388744
latency,0,519,http1_rust_nodelay_all_c16_keepalive_ms,1.552636
latency,0,520,http1_rust_nodelay_all_c16_keepalive_ms,1.509625
latency,0,521,http1_rust_nodelay_all_c16_keepalive_ms,1.136200
latency,0,522,http1_rust_nodelay_all_c16_keepalive_ms,1.339253
latency,0,523,http1_rust_nodelay_all_c16_keepalive_ms,1.048498
latency,0,524,http1_rust_nodelay_all_c16_keepalive_ms,1.302052
latency,0,525,http1_rust_nodelay_all_c16_keepalive_ms,1.044328
latency,0,526,http1_rust_nodelay_all_c16_keepalive_ms,1.312502
latency,0,527,http1_rust_nodelay_all_c16_keepalive_ms,1.002157
latency,0,528,http1_rust_nodelay_all_c16_keepalive_ms,1.443085
latency,0,529,http1_rust_nodelay_all_c16_keepalive_ms,1.515645
latency,0,530,http1_rust_nodelay_all_c16_keepalive_ms,1.565077
latency,0,531,http1_rust_nodelay_all_c16_keepalive_ms,1.459365
latency,0,532,http1_rust_nodelay_all_c16_keepalive_ms,1.430054
latency,0,533,http1_rust_nodelay_all_c16_keepalive_ms,1.457675
latency,0,534,http1_rust_nodelay_all_c16_keepalive_ms,1.418154
latency,0,535,http1_rust_nodelay_all_c16_keepalive_ms,1.441575
latency,0,536,http1_rust_nodelay_all_c16_keepalive_ms,1.399513
latency,0,537,http1_rust_nodelay_all_c16_keepalive_ms,1.467505
latency,0,538,http1_rust_nodelay_all_c16_keepalive_ms,1.476496
latency,0,539,http1_rust_nodelay_all_c16_keepalive_ms,1.477975
latency,0,540,http1_rust_nodelay_all_c16_keepalive_ms,1.511726
latency,0,541,http1_rust_nodelay_all_c16_keepalive_ms,1.468655
latency,0,542,http1_rust_nodelay_all_c16_keepalive_ms,1.461115
latency,0,543,http1_rust_nodelay_all_c16_keepalive_ms,1.116538
latency,0,544,http1_rust_nodelay_all_c16_keepalive_ms,1.096649
latency,0,545,http1_rust_nodelay_all_c16_keepalive_ms,1.153529
latency,0,546,http1_rust_nodelay_all_c16_keepalive_ms,1.466205
latency,0,547,http1_rust_nodelay_all_c16_keepalive_ms,1.466485
latency,0,548,http1_rust_nodelay_all_c16_keepalive_ms,1.370794
latency,0,549,http1_rust_nodelay_all_c16_keepalive_ms,1.381133
latency,0,550,http1_rust_nodelay_all_c16_keepalive_ms,1.026288
latency,0,551,http1_rust_nodelay_all_c16_keepalive_ms,1.333103
latency,0,552,http1_rust_nodelay_all_c16_keepalive_ms,1.293142
latency,0,553,http1_rust_nodelay_all_c16_keepalive_ms,0.946166
latency,0,554,http1_rust_nodelay_all_c16_keepalive_ms,1.285832
latency,0,555,http1_rust_nodelay_all_c16_keepalive_ms,1.747309
latency,0,556,http1_rust_nodelay_all_c16_keepalive_ms,1.207241
latency,0,557,http1_rust_nodelay_all_c16_keepalive_ms,1.016097
latency,0,558,http1_rust_nodelay_all_c16_keepalive_ms,1.216031
latency,0,559,http1_rust_nodelay_all_c16_keepalive_ms,1.003707
latency,0,1040,http1_rust_nodelay_all_c16_keepalive_ms,1.938473
latency,0,1041,http1_rust_nodelay_all_c16_keepalive_ms,1.726009
latency,0,1042,http1_rust_nodelay_all_c16_keepalive_ms,1.685709
latency,0,1043,http1_rust_nodelay_all_c16_keepalive_ms,1.234121
latency,0,1044,http1_rust_nodelay_all_c16_keepalive_ms,1.602567
latency,0,1045,http1_rust_nodelay_all_c16_keepalive_ms,1.419414
latency,0,1046,http1_rust_nodelay_all_c16_keepalive_ms,1.406964
latency,0,1047,http1_rust_nodelay_all_c16_keepalive_ms,1.303232
latency,0,1048,http1_rust_nodelay_all_c16_keepalive_ms,1.020388
latency,0,1049,http1_rust_nodelay_all_c16_keepalive_ms,1.391823
latency,0,1050,http1_rust_nodelay_all_c16_keepalive_ms,1.513366
latency,0,1051,http1_rust_nodelay_all_c16_keepalive_ms,1.501226
latency,0,1052,http1_rust_nodelay_all_c16_keepalive_ms,1.534266
latency,0,1053,http1_rust_nodelay_all_c16_keepalive_ms,1.465225
latency,0,1054,http1_rust_nodelay_all_c16_keepalive_ms,1.570937
latency,0,1055,http1_rust_nodelay_all_c16_keepalive_ms,1.520866
latency,0,1056,http1_rust_nodelay_all_c16_keepalive_ms,1.496165
latency,0,1057,http1_rust_nodelay_all_c16_keepalive_ms,1.438045
latency,0,1058,http1_rust_nodelay_all_c16_keepalive_ms,1.524845
latency,0,1059,http1_rust_nodelay_all_c16_keepalive_ms,1.473445
latency,0,1060,http1_rust_nodelay_all_c16_keepalive_ms,1.498656
latency,0,1061,http1_rust_nodelay_all_c16_keepalive_ms,1.273491
latency,0,1062,http1_rust_nodelay_all_c16_keepalive_ms,1.246792
latency,0,1063,http1_rust_nodelay_all_c16_keepalive_ms,1.452355
latency,0,1064,http1_rust_nodelay_all_c16_keepalive_ms,1.534726
latency,0,1065,http1_rust_nodelay_all_c16_keepalive_ms,1.510535
latency,0,1066,http1_rust_nodelay_all_c16_keepalive_ms,1.476156
latency,0,1067,http1_rust_nodelay_all_c16_keepalive_ms,1.452214
latency,0,1068,http1_rust_nodelay_all_c16_keepalive_ms,10.486329
latency,0,1069,http1_rust_nodelay_all_c16_keepalive_ms,1.428534
latency,0,1070,http1_rust_nodelay_all_c16_keepalive_ms,1.427984
latency,0,1071,http1_rust_nodelay_all_c16_keepalive_ms,1.401104
latency,0,1072,http1_rust_nodelay_all_c16_keepalive_ms,1.131170
latency,0,1073,http1_rust_nodelay_all_c16_keepalive_ms,1.178920
latency,0,1074,http1_rust_nodelay_all_c16_keepalive_ms,1.092828
latency,0,1075,http1_rust_nodelay_all_c16_keepalive_ms,1.159470
latency,0,1076,http1_rust_nodelay_all_c16_keepalive_ms,1.193900
latency,0,1077,http1_rust_nodelay_all_c16_keepalive_ms,1.535386
latency,0,1078,http1_rust_nodelay_all_c16_keepalive_ms,1.406324
latency,0,1079,http1_rust_nodelay_all_c16_keepalive_ms,1.329603
latency,0,1080,http1_rust_nodelay_all_c16_keepalive_ms,1.339043
latency,0,1081,http1_rust_nodelay_all_c16_keepalive_ms,1.352613
latency,0,1082,http1_rust_nodelay_all_c16_keepalive_ms,1.018637
latency,0,1083,http1_rust_nodelay_all_c16_keepalive_ms,1.324433
latency,0,1084,http1_rust_nodelay_all_c16_keepalive_ms,1.424234
latency,0,1085,http1_rust_nodelay_all_c16_keepalive_ms,1.158790
latency,0,1086,http1_rust_nodelay_all_c16_keepalive_ms,1.137959
latency,0,1087,http1_rust_nodelay_all_c16_keepalive_ms,1.182850
latency,0,1088,http1_rust_nodelay_all_c16_keepalive_ms,1.103229
latency,0,1089,http1_rust_nodelay_all_c16_keepalive_ms,1.416604
latency,0,1090,http1_rust_nodelay_all_c16_keepalive_ms,1.419184
latency,0,1091,http1_rust_nodelay_all_c16_keepalive_ms,1.053628
latency,0,1092,http1_rust_nodelay_all_c16_keepalive_ms,1.418404
latency,0,1093,http1_rust_nodelay_all_c16_keepalive_ms,1.125539
latency,0,1094,http1_rust_nodelay_all_c16_keepalive_ms,1.124669
latency,0,1095,http1_rust_nodelay_all_c16_keepalive_ms,1.478296
latency,0,1096,http1_rust_nodelay_all_c16_keepalive_ms,1.464825
latency,0,1097,http1_rust_nodelay_all_c16_keepalive_ms,1.474065
latency,0,1098,http1_rust_nodelay_all_c16_keepalive_ms,1.506155
latency,0,1099,http1_rust_nodelay_all_c16_keepalive_ms,1.504316
latency,0,1100,http1_rust_nodelay_all_c16_keepalive_ms,1.474085
latency,0,1101,http1_rust_nodelay_all_c16_keepalive_ms,1.474125
latency,0,1102,http1_rust_nodelay_all_c16_keepalive_ms,1.038768
latency,0,1103,http1_rust_nodelay_all_c16_keepalive_ms,1.151629
latency,0,1104,http1_rust_nodelay_all_c16_keepalive_ms,1.109639
latency,0,1105,http1_rust_nodelay_all_c16_keepalive_ms,1.448405
latency,0,1106,http1_rust_nodelay_all_c16_keepalive_ms,1.052508
latency,0,1107,http1_rust_nodelay_all_c16_keepalive_ms,1.385393
latency,0,1108,http1_rust_nodelay_all_c16_keepalive_ms,1.340623
latency,0,1109,http1_rust_nodelay_all_c16_keepalive_ms,1.306492
latency,0,1110,http1_rust_nodelay_all_c16_keepalive_ms,1.002168
latency,0,1111,http1_rust_nodelay_all_c16_keepalive_ms,0.947616
latency,0,1112,http1_rust_nodelay_all_c16_keepalive_ms,1.282692
latency,0,1113,http1_rust_nodelay_all_c16_keepalive_ms,1.378103
latency,0,1114,http1_rust_nodelay_all_c16_keepalive_ms,1.257731
latency,0,1115,http1_rust_nodelay_all_c16_keepalive_ms,1.278642
latency,0,1116,http1_rust_nodelay_all_c16_keepalive_ms,0.946806
latency,0,1117,http1_rust_nodelay_all_c16_keepalive_ms,1.271722
latency,0,1118,http1_rust_nodelay_all_c16_keepalive_ms,1.371113
latency,0,1119,http1_rust_nodelay_all_c16_keepalive_ms,1.326653
latency,0,560,http1_rust_nodelay_all_c16_keepalive_ms,1.982184
latency,0,561,http1_rust_nodelay_all_c16_keepalive_ms,1.729979
latency,0,562,http1_rust_nodelay_all_c16_keepalive_ms,1.326373
latency,0,563,http1_rust_nodelay_all_c16_keepalive_ms,1.636068
latency,0,564,http1_rust_nodelay_all_c16_keepalive_ms,1.585617
latency,0,565,http1_rust_nodelay_all_c16_keepalive_ms,1.153819
latency,0,566,http1_rust_nodelay_all_c16_keepalive_ms,1.354524
latency,0,567,http1_rust_nodelay_all_c16_keepalive_ms,1.356433
latency,0,568,http1_rust_nodelay_all_c16_keepalive_ms,1.067557
latency,0,569,http1_rust_nodelay_all_c16_keepalive_ms,1.337203
latency,0,570,http1_rust_nodelay_all_c16_keepalive_ms,1.495996
latency,0,571,http1_rust_nodelay_all_c16_keepalive_ms,1.142529
latency,0,572,http1_rust_nodelay_all_c16_keepalive_ms,1.139110
latency,0,573,http1_rust_nodelay_all_c16_keepalive_ms,1.122509
latency,0,574,http1_rust_nodelay_all_c16_keepalive_ms,1.115379
latency,0,575,http1_rust_nodelay_all_c16_keepalive_ms,1.614387
latency,0,576,http1_rust_nodelay_all_c16_keepalive_ms,1.167920
latency,0,577,http1_rust_nodelay_all_c16_keepalive_ms,1.108369
latency,0,578,http1_rust_nodelay_all_c16_keepalive_ms,1.496486
latency,0,579,http1_rust_nodelay_all_c16_keepalive_ms,1.515915
latency,0,580,http1_rust_nodelay_all_c16_keepalive_ms,1.474785
latency,0,581,http1_rust_nodelay_all_c16_keepalive_ms,1.647248
latency,0,582,http1_rust_nodelay_all_c16_keepalive_ms,1.685249
latency,0,583,http1_rust_nodelay_all_c16_keepalive_ms,1.611647
latency,0,584,http1_rust_nodelay_all_c16_keepalive_ms,1.443655
latency,0,585,http1_rust_nodelay_all_c16_keepalive_ms,1.530036
latency,0,586,http1_rust_nodelay_all_c16_keepalive_ms,1.511886
latency,0,587,http1_rust_nodelay_all_c16_keepalive_ms,1.466985
latency,0,588,http1_rust_nodelay_all_c16_keepalive_ms,1.451565
latency,0,589,http1_rust_nodelay_all_c16_keepalive_ms,1.039087
latency,0,590,http1_rust_nodelay_all_c16_keepalive_ms,1.088739
latency,0,591,http1_rust_nodelay_all_c16_keepalive_ms,1.309772
latency,0,592,http1_rust_nodelay_all_c16_keepalive_ms,1.130029
latency,0,593,http1_rust_nodelay_all_c16_keepalive_ms,1.457735
latency,0,594,http1_rust_nodelay_all_c16_keepalive_ms,1.527836
latency,0,595,http1_rust_nodelay_all_c16_keepalive_ms,1.472895
latency,0,596,http1_rust_nodelay_all_c16_keepalive_ms,1.402134
latency,0,597,http1_rust_nodelay_all_c16_keepalive_ms,1.428584
latency,0,598,http1_rust_nodelay_all_c16_keepalive_ms,1.428085
latency,0,599,http1_rust_nodelay_all_c16_keepalive_ms,1.094218
latency,0,600,http1_rust_nodelay_all_c16_keepalive_ms,1.437975
latency,0,601,http1_rust_nodelay_all_c16_keepalive_ms,1.213101
latency,0,602,http1_rust_nodelay_all_c16_keepalive_ms,1.467005
latency,0,603,http1_rust_nodelay_all_c16_keepalive_ms,1.166499
latency,0,604,http1_rust_nodelay_all_c16_keepalive_ms,1.513436
latency,0,605,http1_rust_nodelay_all_c16_keepalive_ms,1.483325
latency,0,606,http1_rust_nodelay_all_c16_keepalive_ms,1.386274
latency,0,607,http1_rust_nodelay_all_c16_keepalive_ms,1.339863
latency,0,608,http1_rust_nodelay_all_c16_keepalive_ms,1.357143
latency,0,609,http1_rust_nodelay_all_c16_keepalive_ms,1.033967
latency,0,610,http1_rust_nodelay_all_c16_keepalive_ms,1.312643
latency,0,611,http1_rust_nodelay_all_c16_keepalive_ms,1.323022
latency,0,612,http1_rust_nodelay_all_c16_keepalive_ms,1.537786
latency,0,613,http1_rust_nodelay_all_c16_keepalive_ms,0.779594
latency,0,614,http1_rust_nodelay_all_c16_keepalive_ms,1.565566
latency,0,615,http1_rust_nodelay_all_c16_keepalive_ms,1.458515
latency,0,616,http1_rust_nodelay_all_c16_keepalive_ms,1.423624
latency,0,617,http1_rust_nodelay_all_c16_keepalive_ms,1.418184
latency,0,618,http1_rust_nodelay_all_c16_keepalive_ms,1.089449
latency,0,619,http1_rust_nodelay_all_c16_keepalive_ms,1.109079
latency,0,620,http1_rust_nodelay_all_c16_keepalive_ms,1.483755
latency,0,621,http1_rust_nodelay_all_c16_keepalive_ms,1.492126
latency,0,622,http1_rust_nodelay_all_c16_keepalive_ms,1.455494
latency,0,623,http1_rust_nodelay_all_c16_keepalive_ms,10.496669
latency,0,624,http1_rust_nodelay_all_c16_keepalive_ms,1.439654
latency,0,625,http1_rust_nodelay_all_c16_keepalive_ms,1.437185
latency,0,626,http1_rust_nodelay_all_c16_keepalive_ms,1.025647
latency,0,627,http1_rust_nodelay_all_c16_keepalive_ms,1.424185
latency,0,628,http1_rust_nodelay_all_c16_keepalive_ms,1.306052
latency,0,629,http1_rust_nodelay_all_c16_keepalive_ms,1.037678
latency,0,630,http1_rust_nodelay_all_c16_keepalive_ms,1.153519
latency,0,631,http1_rust_nodelay_all_c16_keepalive_ms,0.946566
latency,0,632,http1_rust_nodelay_all_c16_keepalive_ms,1.283902
latency,0,633,http1_rust_nodelay_all_c16_keepalive_ms,1.747560
latency,0,634,http1_rust_nodelay_all_c16_keepalive_ms,1.207190
latency,0,635,http1_rust_nodelay_all_c16_keepalive_ms,0.666082
latency,0,636,http1_rust_nodelay_all_c16_keepalive_ms,1.270311
latency,0,637,http1_rust_nodelay_all_c16_keepalive_ms,0.953646
latency,0,638,http1_rust_nodelay_all_c16_keepalive_ms,1.685979
latency,0,639,http1_rust_nodelay_all_c16_keepalive_ms,1.655018
latency,0,400,http1_rust_nodelay_all_c16_keepalive_ms,1.905713
latency,0,401,http1_rust_nodelay_all_c16_keepalive_ms,1.724339
latency,0,402,http1_rust_nodelay_all_c16_keepalive_ms,1.688359
latency,0,403,http1_rust_nodelay_all_c16_keepalive_ms,1.235311
latency,0,404,http1_rust_nodelay_all_c16_keepalive_ms,1.603228
latency,0,405,http1_rust_nodelay_all_c16_keepalive_ms,1.504915
latency,0,406,http1_rust_nodelay_all_c16_keepalive_ms,1.408194
latency,0,407,http1_rust_nodelay_all_c16_keepalive_ms,1.005417
latency,0,408,http1_rust_nodelay_all_c16_keepalive_ms,1.343993
latency,0,409,http1_rust_nodelay_all_c16_keepalive_ms,1.060478
latency,0,410,http1_rust_nodelay_all_c16_keepalive_ms,1.479175
latency,0,411,http1_rust_nodelay_all_c16_keepalive_ms,1.527556
latency,0,412,http1_rust_nodelay_all_c16_keepalive_ms,1.538976
latency,0,413,http1_rust_nodelay_all_c16_keepalive_ms,1.464085
latency,0,414,http1_rust_nodelay_all_c16_keepalive_ms,1.182310
latency,0,415,http1_rust_nodelay_all_c16_keepalive_ms,1.579137
latency,0,416,http1_rust_nodelay_all_c16_keepalive_ms,1.492686
latency,0,417,http1_rust_nodelay_all_c16_keepalive_ms,1.124119
latency,0,418,http1_rust_nodelay_all_c16_keepalive_ms,1.120859
latency,0,419,http1_rust_nodelay_all_c16_keepalive_ms,1.151990
latency,0,420,http1_rust_nodelay_all_c16_keepalive_ms,1.150819
latency,0,421,http1_rust_nodelay_all_c16_keepalive_ms,1.568457
latency,0,422,http1_rust_nodelay_all_c16_keepalive_ms,1.641298
latency,0,423,http1_rust_nodelay_all_c16_keepalive_ms,1.075228
latency,0,424,http1_rust_nodelay_all_c16_keepalive_ms,1.471375
latency,0,425,http1_rust_nodelay_all_c16_keepalive_ms,1.490915
latency,0,426,http1_rust_nodelay_all_c16_keepalive_ms,1.113949
latency,0,427,http1_rust_nodelay_all_c16_keepalive_ms,1.436625
latency,0,428,http1_rust_nodelay_all_c16_keepalive_ms,1.439054
latency,0,429,http1_rust_nodelay_all_c16_keepalive_ms,1.487806
latency,0,430,http1_rust_nodelay_all_c16_keepalive_ms,1.458285
latency,0,431,http1_rust_nodelay_all_c16_keepalive_ms,1.306812
latency,0,432,http1_rust_nodelay_all_c16_keepalive_ms,1.119809
latency,0,433,http1_rust_nodelay_all_c16_keepalive_ms,1.450254
latency,0,434,http1_rust_nodelay_all_c16_keepalive_ms,1.155880
latency,0,435,http1_rust_nodelay_all_c16_keepalive_ms,1.475875
latency,0,436,http1_rust_nodelay_all_c16_keepalive_ms,1.507266
latency,0,437,http1_rust_nodelay_all_c16_keepalive_ms,1.457115
latency,0,438,http1_rust_nodelay_all_c16_keepalive_ms,1.400894
latency,0,439,http1_rust_nodelay_all_c16_keepalive_ms,1.061838
latency,0,440,http1_rust_nodelay_all_c16_keepalive_ms,1.474385
latency,0,441,http1_rust_nodelay_all_c16_keepalive_ms,9.028923
latency,0,442,http1_rust_nodelay_all_c16_keepalive_ms,1.300423
latency,0,443,http1_rust_nodelay_all_c16_keepalive_ms,1.027847
latency,0,444,http1_rust_nodelay_all_c16_keepalive_ms,1.361733
latency,0,445,http1_rust_nodelay_all_c16_keepalive_ms,0.997107
latency,0,446,http1_rust_nodelay_all_c16_keepalive_ms,1.348803
latency,0,447,http1_rust_nodelay_all_c16_keepalive_ms,1.228171
latency,0,448,http1_rust_nodelay_all_c16_keepalive_ms,1.471065
latency,0,449,http1_rust_nodelay_all_c16_keepalive_ms,1.541217
latency,0,450,http1_rust_nodelay_all_c16_keepalive_ms,1.069898
latency,0,451,http1_rust_nodelay_all_c16_keepalive_ms,1.115048
latency,0,452,http1_rust_nodelay_all_c16_keepalive_ms,1.417854
latency,0,453,http1_rust_nodelay_all_c16_keepalive_ms,7.478088
latency,0,454,http1_rust_nodelay_all_c16_keepalive_ms,1.120439
latency,0,455,http1_rust_nodelay_all_c16_keepalive_ms,1.475465
latency,0,456,http1_rust_nodelay_all_c16_keepalive_ms,1.505276
latency,0,457,http1_rust_nodelay_all_c16_keepalive_ms,1.443404
latency,0,458,http1_rust_nodelay_all_c16_keepalive_ms,1.156920
latency,0,459,http1_rust_nodelay_all_c16_keepalive_ms,1.109589
latency,0,460,http1_rust_nodelay_all_c16_keepalive_ms,1.088118
latency,0,461,http1_rust_nodelay_all_c16_keepalive_ms,1.464665
latency,0,462,http1_rust_nodelay_all_c16_keepalive_ms,1.467775
latency,0,463,http1_rust_nodelay_all_c16_keepalive_ms,1.415694
latency,0,464,http1_rust_nodelay_all_c16_keepalive_ms,1.340443
latency,0,465,http1_rust_nodelay_all_c16_keepalive_ms,1.091079
latency,0,466,http1_rust_nodelay_all_c16_keepalive_ms,1.308542
latency,0,467,http1_rust_nodelay_all_c16_keepalive_ms,1.333863
latency,0,468,http1_rust_nodelay_all_c16_keepalive_ms,1.246471
latency,0,469,http1_rust_nodelay_all_c16_keepalive_ms,1.220991
latency,0,470,http1_rust_nodelay_all_c16_keepalive_ms,1.380183
latency,0,471,http1_rust_nodelay_all_c16_keepalive_ms,1.256162
latency,0,472,http1_rust_nodelay_all_c16_keepalive_ms,1.306192
latency,0,473,http1_rust_nodelay_all_c16_keepalive_ms,0.948386
latency,0,474,http1_rust_nodelay_all_c16_keepalive_ms,1.270502
latency,0,475,http1_rust_nodelay_all_c16_keepalive_ms,1.369163
latency,0,476,http1_rust_nodelay_all_c16_keepalive_ms,1.624428
latency,0,477,http1_rust_nodelay_all_c16_keepalive_ms,1.036797
latency,0,478,http1_rust_nodelay_all_c16_keepalive_ms,0.958477
latency,0,479,http1_rust_nodelay_all_c16_keepalive_ms,1.234711
latency,0,0,http1_rust_nodelay_all_c16_keepalive_ms,1.803711
latency,0,1,http1_rust_nodelay_all_c16_keepalive_ms,1.272071
latency,0,2,http1_rust_nodelay_all_c16_keepalive_ms,1.674129
latency,0,3,http1_rust_nodelay_all_c16_keepalive_ms,1.625348
latency,0,4,http1_rust_nodelay_all_c16_keepalive_ms,1.599807
latency,0,5,http1_rust_nodelay_all_c16_keepalive_ms,1.171200
latency,0,6,http1_rust_nodelay_all_c16_keepalive_ms,1.367383
latency,0,7,http1_rust_nodelay_all_c16_keepalive_ms,1.024618
latency,0,8,http1_rust_nodelay_all_c16_keepalive_ms,1.374933
latency,0,9,http1_rust_nodelay_all_c16_keepalive_ms,1.380873
latency,0,10,http1_rust_nodelay_all_c16_keepalive_ms,1.081709
latency,0,11,http1_rust_nodelay_all_c16_keepalive_ms,1.483885
latency,0,12,http1_rust_nodelay_all_c16_keepalive_ms,1.205421
latency,0,13,http1_rust_nodelay_all_c16_keepalive_ms,1.129039
latency,0,14,http1_rust_nodelay_all_c16_keepalive_ms,1.116649
latency,0,15,http1_rust_nodelay_all_c16_keepalive_ms,1.556426
latency,0,16,http1_rust_nodelay_all_c16_keepalive_ms,1.575587
latency,0,17,http1_rust_nodelay_all_c16_keepalive_ms,1.526136
latency,0,18,http1_rust_nodelay_all_c16_keepalive_ms,1.468765
latency,0,19,http1_rust_nodelay_all_c16_keepalive_ms,1.466555
latency,0,20,http1_rust_nodelay_all_c16_keepalive_ms,1.537296
latency,0,21,http1_rust_nodelay_all_c16_keepalive_ms,1.516316
latency,0,22,http1_rust_nodelay_all_c16_keepalive_ms,1.284272
latency,0,23,http1_rust_nodelay_all_c16_keepalive_ms,1.604537
latency,0,24,http1_rust_nodelay_all_c16_keepalive_ms,1.451655
latency,0,25,http1_rust_nodelay_all_c16_keepalive_ms,1.534366
latency,0,26,http1_rust_nodelay_all_c16_keepalive_ms,1.512586
latency,0,27,http1_rust_nodelay_all_c16_keepalive_ms,1.475115
latency,0,28,http1_rust_nodelay_all_c16_keepalive_ms,1.450885
latency,0,29,http1_rust_nodelay_all_c16_keepalive_ms,1.477035
latency,0,30,http1_rust_nodelay_all_c16_keepalive_ms,1.398474
latency,0,31,http1_rust_nodelay_all_c16_keepalive_ms,1.329472
latency,0,32,http1_rust_nodelay_all_c16_keepalive_ms,1.095809
latency,0,33,http1_rust_nodelay_all_c16_keepalive_ms,1.387023
latency,0,34,http1_rust_nodelay_all_c16_keepalive_ms,1.123579
latency,0,35,http1_rust_nodelay_all_c16_keepalive_ms,1.130190
latency,0,36,http1_rust_nodelay_all_c16_keepalive_ms,1.085808
latency,0,37,http1_rust_nodelay_all_c16_keepalive_ms,1.420934
latency,0,38,http1_rust_nodelay_all_c16_keepalive_ms,1.051318
latency,0,39,http1_rust_nodelay_all_c16_keepalive_ms,1.459235
latency,0,40,http1_rust_nodelay_all_c16_keepalive_ms,1.409204
latency,0,41,http1_rust_nodelay_all_c16_keepalive_ms,1.175440
latency,0,42,http1_rust_nodelay_all_c16_keepalive_ms,0.879025
latency,0,43,http1_rust_nodelay_all_c16_keepalive_ms,1.444755
latency,0,44,http1_rust_nodelay_all_c16_keepalive_ms,1.164230
latency,0,45,http1_rust_nodelay_all_c16_keepalive_ms,0.790123
latency,0,46,http1_rust_nodelay_all_c16_keepalive_ms,1.494355
latency,0,47,http1_rust_nodelay_all_c16_keepalive_ms,1.082579
latency,0,48,http1_rust_nodelay_all_c16_keepalive_ms,1.330342
latency,0,49,http1_rust_nodelay_all_c16_keepalive_ms,1.337843
latency,0,50,http1_rust_nodelay_all_c16_keepalive_ms,1.353233
latency,0,51,http1_rust_nodelay_all_c16_keepalive_ms,1.018318
latency,0,52,http1_rust_nodelay_all_c16_keepalive_ms,1.324412
latency,0,53,http1_rust_nodelay_all_c16_keepalive_ms,1.418834
latency,0,54,http1_rust_nodelay_all_c16_keepalive_ms,1.493126
latency,0,55,http1_rust_nodelay_all_c16_keepalive_ms,0.808744
latency,0,56,http1_rust_nodelay_all_c16_keepalive_ms,1.181500
latency,0,57,http1_rust_nodelay_all_c16_keepalive_ms,1.103619
latency,0,58,http1_rust_nodelay_all_c16_keepalive_ms,1.416923
latency,0,59,http1_rust_nodelay_all_c16_keepalive_ms,1.419314
latency,0,60,http1_rust_nodelay_all_c16_keepalive_ms,1.117100
latency,0,61,http1_rust_nodelay_all_c16_keepalive_ms,1.109628
latency,0,62,http1_rust_nodelay_all_c16_keepalive_ms,1.481856
latency,0,63,http1_rust_nodelay_all_c16_keepalive_ms,9.702065
latency,0,64,http1_rust_nodelay_all_c16_keepalive_ms,1.470815
latency,0,65,http1_rust_nodelay_all_c16_keepalive_ms,1.484645
latency,0,66,http1_rust_nodelay_all_c16_keepalive_ms,1.471585
latency,0,67,http1_rust_nodelay_all_c16_keepalive_ms,1.461445
latency,0,68,http1_rust_nodelay_all_c16_keepalive_ms,10.065162
latency,0,69,http1_rust_nodelay_all_c16_keepalive_ms,1.315812
latency,0,70,http1_rust_nodelay_all_c16_keepalive_ms,0.917645
latency,0,71,http1_rust_nodelay_all_c16_keepalive_ms,1.295262
latency,0,72,http1_rust_nodelay_all_c16_keepalive_ms,1.315153
latency,0,73,http1_rust_nodelay_all_c16_keepalive_ms,1.692899
latency,0,74,http1_rust_nodelay_all_c16_keepalive_ms,1.712509
latency,0,75,http1_rust_nodelay_all_c16_keepalive_ms,1.287862
latency,0,76,http1_rust_nodelay_all_c16_keepalive_ms,1.272971
latency,0,77,http1_rust_nodelay_all_c16_keepalive_ms,0.983717
latency,0,78,http1_rust_nodelay_all_c16_keepalive_ms,1.587597
latency,0,79,http1_rust_nodelay_all_c16_keepalive_ms,0.642691
latency,0,80,http1_rust_nodelay_all_c16_keepalive_ms,1.879732
latency,0,81,http1_rust_nodelay_all_c16_keepalive_ms,1.734450
latency,0,82,http1_rust_nodelay_all_c16_keepalive_ms,1.673258
latency,0,83,http1_rust_nodelay_all_c16_keepalive_ms,1.249982
latency,0,84,http1_rust_nodelay_all_c16_keepalive_ms,1.602587
latency,0,85,http1_rust_nodelay_all_c16_keepalive_ms,1.506876
latency,0,86,http1_rust_nodelay_all_c16_keepalive_ms,1.406664
latency,0,87,http1_rust_nodelay_all_c16_keepalive_ms,1.006207
latency,0,88,http1_rust_nodelay_all_c16_keepalive_ms,1.342022
latency,0,89,http1_rust_nodelay_all_c16_keepalive_ms,1.392474
latency,0,90,http1_rust_nodelay_all_c16_keepalive_ms,1.513156
latency,0,91,http1_rust_nodelay_all_c16_keepalive_ms,1.500305
latency,0,92,http1_rust_nodelay_all_c16_keepalive_ms,1.534557
latency,0,93,http1_rust_nodelay_all_c16_keepalive_ms,1.464125
latency,0,94,http1_rust_nodelay_all_c16_keepalive_ms,1.212510
latency,0,95,http1_rust_nodelay_all_c16_keepalive_ms,1.527826
latency,0,96,http1_rust_nodelay_all_c16_keepalive_ms,1.576967
latency,0,97,http1_rust_nodelay_all_c16_keepalive_ms,1.105929
latency,0,98,http1_rust_nodelay_all_c16_keepalive_ms,1.466305
latency,0,99,http1_rust_nodelay_all_c16_keepalive_ms,1.127429
latency,0,100,http1_rust_nodelay_all_c16_keepalive_ms,10.097522
latency,0,101,http1_rust_nodelay_all_c16_keepalive_ms,1.440875
latency,0,102,http1_rust_nodelay_all_c16_keepalive_ms,1.070038
latency,0,103,http1_rust_nodelay_all_c16_keepalive_ms,1.020387
latency,0,104,http1_rust_nodelay_all_c16_keepalive_ms,1.403174
latency,0,105,http1_rust_nodelay_all_c16_keepalive_ms,1.014007
latency,0,106,http1_rust_nodelay_all_c16_keepalive_ms,1.440574
latency,0,107,http1_rust_nodelay_all_c16_keepalive_ms,1.118260
latency,0,108,http1_rust_nodelay_all_c16_keepalive_ms,1.145379
latency,0,109,http1_rust_nodelay_all_c16_keepalive_ms,1.437645
latency,0,110,http1_rust_nodelay_all_c16_keepalive_ms,1.462615
latency,0,111,http1_rust_nodelay_all_c16_keepalive_ms,1.458614
latency,0,112,http1_rust_nodelay_all_c16_keepalive_ms,1.443465
latency,0,113,http1_rust_nodelay_all_c16_keepalive_ms,1.062178
latency,0,114,http1_rust_nodelay_all_c16_keepalive_ms,1.543376
latency,0,115,http1_rust_nodelay_all_c16_keepalive_ms,1.534747
latency,0,116,http1_rust_nodelay_all_c16_keepalive_ms,1.502975
latency,0,117,http1_rust_nodelay_all_c16_keepalive_ms,1.550826
latency,0,118,http1_rust_nodelay_all_c16_keepalive_ms,1.447155
latency,0,119,http1_rust_nodelay_all_c16_keepalive_ms,1.136089
latency,0,120,http1_rust_nodelay_all_c16_keepalive_ms,1.339173
latency,0,121,http1_rust_nodelay_all_c16_keepalive_ms,1.048228
latency,0,122,http1_rust_nodelay_all_c16_keepalive_ms,1.301372
latency,0,123,http1_rust_nodelay_all_c16_keepalive_ms,1.044958
latency,0,124,http1_rust_nodelay_all_c16_keepalive_ms,1.312902
latency,0,125,http1_rust_nodelay_all_c16_keepalive_ms,1.002037
latency,0,126,http1_rust_nodelay_all_c16_keepalive_ms,1.443075
latency,0,127,http1_rust_nodelay_all_c16_keepalive_ms,1.515616
latency,0,128,http1_rust_nodelay_all_c16_keepalive_ms,1.564896
latency,0,129,http1_rust_nodelay_all_c16_keepalive_ms,1.459095
latency,0,130,http1_rust_nodelay_all_c16_keepalive_ms,1.430194
latency,0,131,http1_rust_nodelay_all_c16_keepalive_ms,1.096109
latency,0,132,http1_rust_nodelay_all_c16_keepalive_ms,1.449075
latency,0,133,http1_rust_nodelay_all_c16_keepalive_ms,1.442724
latency,0,134,http1_rust_nodelay_all_c16_keepalive_ms,1.492786
latency,0,135,http1_rust_nodelay_all_c16_keepalive_ms,1.127019
latency,0,136,http1_rust_nodelay_all_c16_keepalive_ms,1.132349
latency,0,137,http1_rust_nodelay_all_c16_keepalive_ms,1.449975
latency,0,138,http1_rust_nodelay_all_c16_keepalive_ms,1.108079
latency,0,139,http1_rust_nodelay_all_c16_keepalive_ms,1.143849
latency,0,140,http1_rust_nodelay_all_c16_keepalive_ms,1.116019
latency,0,141,http1_rust_nodelay_all_c16_keepalive_ms,1.102969
latency,0,142,http1_rust_nodelay_all_c16_keepalive_ms,1.484435
latency,0,143,http1_rust_nodelay_all_c16_keepalive_ms,1.469685
latency,0,144,http1_rust_nodelay_all_c16_keepalive_ms,1.508616
latency,0,145,http1_rust_nodelay_all_c16_keepalive_ms,1.115379
latency,0,146,http1_rust_nodelay_all_c16_keepalive_ms,1.117629
latency,0,147,http1_rust_nodelay_all_c16_keepalive_ms,1.376513
latency,0,148,http1_rust_nodelay_all_c16_keepalive_ms,1.033968
latency,0,149,http1_rust_nodelay_all_c16_keepalive_ms,1.408634
latency,0,150,http1_rust_nodelay_all_c16_keepalive_ms,1.332183
latency,0,151,http1_rust_nodelay_all_c16_keepalive_ms,1.215150
latency,0,152,http1_rust_nodelay_all_c16_keepalive_ms,1.260442
latency,0,153,http1_rust_nodelay_all_c16_keepalive_ms,1.267012
latency,0,154,http1_rust_nodelay_all_c16_keepalive_ms,10.370066
latency,0,155,http1_rust_nodelay_all_c16_keepalive_ms,1.206960
latency,0,156,http1_rust_nodelay_all_c16_keepalive_ms,0.681512
latency,0,157,http1_rust_nodelay_all_c16_keepalive_ms,1.218361
latency,0,158,http1_rust_nodelay_all_c16_keepalive_ms,5.800588
latency,0,159,http1_rust_nodelay_all_c16_keepalive_ms,0.943126
latency,0,960,http1_rust_nodelay_all_c16_keepalive_ms,1.003117
latency,0,961,http1_rust_nodelay_all_c16_keepalive_ms,2.007214
latency,0,962,http1_rust_nodelay_all_c16_keepalive_ms,1.304452
latency,0,963,http1_rust_nodelay_all_c16_keepalive_ms,1.709399
latency,0,964,http1_rust_nodelay_all_c16_keepalive_ms,1.567347
latency,0,965,http1_rust_nodelay_all_c16_keepalive_ms,1.226051
latency,0,966,http1_rust_nodelay_all_c16_keepalive_ms,1.425564
latency,0,967,http1_rust_nodelay_all_c16_keepalive_ms,1.058548
latency,0,968,http1_rust_nodelay_all_c16_keepalive_ms,1.323743
latency,0,969,http1_rust_nodelay_all_c16_keepalive_ms,1.393593
latency,0,970,http1_rust_nodelay_all_c16_keepalive_ms,3.940138
latency,0,971,http1_rust_nodelay_all_c16_keepalive_ms,1.148639
latency,0,972,http1_rust_nodelay_all_c16_keepalive_ms,1.116779
latency,0,973,http1_rust_nodelay_all_c16_keepalive_ms,1.199861
latency,0,974,http1_rust_nodelay_all_c16_keepalive_ms,1.546446
latency,0,975,http1_rust_nodelay_all_c16_keepalive_ms,1.082618
latency,0,976,http1_rust_nodelay_all_c16_keepalive_ms,1.175480
latency,0,977,http1_rust_nodelay_all_c16_keepalive_ms,1.105809
latency,0,978,http1_rust_nodelay_all_c16_keepalive_ms,1.112389
latency,0,979,http1_rust_nodelay_all_c16_keepalive_ms,1.102209
latency,0,980,http1_rust_nodelay_all_c16_keepalive_ms,1.145049
latency,0,981,http1_rust_nodelay_all_c16_keepalive_ms,1.548787
latency,0,982,http1_rust_nodelay_all_c16_keepalive_ms,1.592957
latency,0,983,http1_rust_nodelay_all_c16_keepalive_ms,1.299252
latency,0,984,http1_rust_nodelay_all_c16_keepalive_ms,1.133429
latency,0,985,http1_rust_nodelay_all_c16_keepalive_ms,1.532956
latency,0,986,http1_rust_nodelay_all_c16_keepalive_ms,1.511186
latency,0,987,http1_rust_nodelay_all_c16_keepalive_ms,1.476535
latency,0,988,http1_rust_nodelay_all_c16_keepalive_ms,1.451715
latency,0,989,http1_rust_nodelay_all_c16_keepalive_ms,1.358503
latency,0,990,http1_rust_nodelay_all_c16_keepalive_ms,1.410914
latency,0,991,http1_rust_nodelay_all_c16_keepalive_ms,1.025198
latency,0,992,http1_rust_nodelay_all_c16_keepalive_ms,1.457994
latency,0,993,http1_rust_nodelay_all_c16_keepalive_ms,1.519946
latency,0,994,http1_rust_nodelay_all_c16_keepalive_ms,1.477895
latency,0,995,http1_rust_nodelay_all_c16_keepalive_ms,10.451398
latency,0,996,http1_rust_nodelay_all_c16_keepalive_ms,1.553327
latency,0,997,http1_rust_nodelay_all_c16_keepalive_ms,1.509335
latency,0,998,http1_rust_nodelay_all_c16_keepalive_ms,1.480085
latency,0,999,http1_rust_nodelay_all_c16_keepalive_ms,0.995887
latency,0,1000,http1_rust_nodelay_all_c16_keepalive_ms,1.048378
latency,0,1001,http1_rust_nodelay_all_c16_keepalive_ms,1.302922
latency,0,1002,http1_rust_nodelay_all_c16_keepalive_ms,1.349953
latency,0,1003,http1_rust_nodelay_all_c16_keepalive_ms,1.321253
latency,0,1004,http1_rust_nodelay_all_c16_keepalive_ms,1.009967
latency,0,1005,http1_rust_nodelay_all_c16_keepalive_ms,1.528916
latency,0,1006,http1_rust_nodelay_all_c16_keepalive_ms,1.503476
latency,0,1007,http1_rust_nodelay_all_c16_keepalive_ms,1.534196
latency,0,1008,http1_rust_nodelay_all_c16_keepalive_ms,1.434604
latency,0,1009,http1_rust_nodelay_all_c16_keepalive_ms,1.430354
latency,0,1010,http1_rust_nodelay_all_c16_keepalive_ms,1.434875
latency,0,1011,http1_rust_nodelay_all_c16_keepalive_ms,1.481525
latency,0,1012,http1_rust_nodelay_all_c16_keepalive_ms,1.457495
latency,0,1013,http1_rust_nodelay_all_c16_keepalive_ms,1.507116
latency,0,1014,http1_rust_nodelay_all_c16_keepalive_ms,1.091498
latency,0,1015,http1_rust_nodelay_all_c16_keepalive_ms,1.154030
latency,0,1016,http1_rust_nodelay_all_c16_keepalive_ms,1.424444
latency,0,1017,http1_rust_nodelay_all_c16_keepalive_ms,1.121839
latency,0,1018,http1_rust_nodelay_all_c16_keepalive_ms,1.479546
latency,0,1019,http1_rust_nodelay_all_c16_keepalive_ms,1.107988
latency,0,1020,http1_rust_nodelay_all_c16_keepalive_ms,9.783747
latency,0,1021,http1_rust_nodelay_all_c16_keepalive_ms,1.020547
latency,0,1022,http1_rust_nodelay_all_c16_keepalive_ms,1.308182
latency,0,1023,http1_rust_nodelay_all_c16_keepalive_ms,1.012068
latency,0,1024,http1_rust_nodelay_all_c16_keepalive_ms,1.261051
latency,0,1025,http1_rust_nodelay_all_c16_keepalive_ms,1.265522
latency,0,1026,http1_rust_nodelay_all_c16_keepalive_ms,1.718599
latency,0,1027,http1_rust_nodelay_all_c16_keepalive_ms,1.261071
latency,0,1028,http1_rust_nodelay_all_c16_keepalive_ms,0.965287
latency,0,1029,http1_rust_nodelay_all_c16_keepalive_ms,1.267281
latency,0,1030,http1_rust_nodelay_all_c16_keepalive_ms,0.972237
latency,0,1031,http1_rust_nodelay_all_c16_keepalive_ms,1.691859
latency,0,1032,http1_rust_nodelay_all_c16_keepalive_ms,1.016557
latency,0,1033,http1_rust_nodelay_all_c16_keepalive_ms,1.675459
latency,0,1034,http1_rust_nodelay_all_c16_keepalive_ms,1.241041
latency,0,1035,http1_rust_nodelay_all_c16_keepalive_ms,1.291222
latency,0,1036,http1_rust_nodelay_all_c16_keepalive_ms,0.785003
latency,0,1037,http1_rust_nodelay_all_c16_keepalive_ms,5.930621
latency,0,1038,http1_rust_nodelay_all_c16_keepalive_ms,1.236121
latency,0,1039,http1_rust_nodelay_all_c16_keepalive_ms,0.681481
latency,0,320,http1_rust_nodelay_all_c16_keepalive_ms,1.997124
latency,0,321,http1_rust_nodelay_all_c16_keepalive_ms,1.729470
latency,0,322,http1_rust_nodelay_all_c16_keepalive_ms,1.327692
latency,0,323,http1_rust_nodelay_all_c16_keepalive_ms,1.635398
latency,0,324,http1_rust_nodelay_all_c16_keepalive_ms,1.586487
latency,0,325,http1_rust_nodelay_all_c16_keepalive_ms,1.154280
latency,0,326,http1_rust_nodelay_all_c16_keepalive_ms,1.353813
latency,0,327,http1_rust_nodelay_all_c16_keepalive_ms,0.995667
latency,0,328,http1_rust_nodelay_all_c16_keepalive_ms,1.038457
latency,0,329,http1_rust_nodelay_all_c16_keepalive_ms,1.390154
latency,0,330,http1_rust_nodelay_all_c16_keepalive_ms,10.389467
latency,0,331,http1_rust_nodelay_all_c16_keepalive_ms,1.506226
latency,0,332,http1_rust_nodelay_all_c16_keepalive_ms,1.507715
latency,0,333,http1_rust_nodelay_all_c16_keepalive_ms,1.487455
latency,0,334,http1_rust_nodelay_all_c16_keepalive_ms,1.488036
latency,0,335,http1_rust_nodelay_all_c16_keepalive_ms,1.240541
latency,0,336,http1_rust_nodelay_all_c16_keepalive_ms,1.279042
latency,0,337,http1_rust_nodelay_all_c16_keepalive_ms,1.473655
latency,0,338,http1_rust_nodelay_all_c16_keepalive_ms,1.426084
latency,0,339,http1_rust_nodelay_all_c16_keepalive_ms,1.566627
latency,0,340,http1_rust_nodelay_all_c16_keepalive_ms,1.499605
latency,0,341,http1_rust_nodelay_all_c16_keepalive_ms,1.438915
latency,0,342,http1_rust_nodelay_all_c16_keepalive_ms,1.488395
latency,0,343,http1_rust_nodelay_all_c16_keepalive_ms,1.457875
latency,0,344,http1_rust_nodelay_all_c16_keepalive_ms,1.306892
latency,0,345,http1_rust_nodelay_all_c16_keepalive_ms,1.120439
latency,0,346,http1_rust_nodelay_all_c16_keepalive_ms,1.448705
latency,0,347,http1_rust_nodelay_all_c16_keepalive_ms,1.077078
latency,0,348,http1_rust_nodelay_all_c16_keepalive_ms,1.473595
latency,0,349,http1_rust_nodelay_all_c16_keepalive_ms,1.523326
latency,0,350,http1_rust_nodelay_all_c16_keepalive_ms,1.457515
latency,0,351,http1_rust_nodelay_all_c16_keepalive_ms,10.437977
latency,0,352,http1_rust_nodelay_all_c16_keepalive_ms,1.384084
latency,0,353,http1_rust_nodelay_all_c16_keepalive_ms,1.328713
latency,0,354,http1_rust_nodelay_all_c16_keepalive_ms,1.054248
latency,0,355,http1_rust_nodelay_all_c16_keepalive_ms,1.315342
latency,0,356,http1_rust_nodelay_all_c16_keepalive_ms,1.340503
latency,0,357,http1_rust_nodelay_all_c16_keepalive_ms,1.323383
latency,0,358,http1_rust_nodelay_all_c16_keepalive_ms,1.057248
latency,0,359,http1_rust_nodelay_all_c16_keepalive_ms,1.178790
latency,0,360,http1_rust_nodelay_all_c16_keepalive_ms,1.486145
latency,0,361,http1_rust_nodelay_all_c16_keepalive_ms,1.538426
latency,0,362,http1_rust_nodelay_all_c16_keepalive_ms,1.424244
latency,0,363,http1_rust_nodelay_all_c16_keepalive_ms,1.429714
latency,0,364,http1_rust_nodelay_all_c16_keepalive_ms,1.117669
latency,0,365,http1_rust_nodelay_all_c16_keepalive_ms,1.083679
latency,0,366,http1_rust_nodelay_all_c16_keepalive_ms,1.437524
latency,0,367,http1_rust_nodelay_all_c16_keepalive_ms,1.521486
latency,0,368,http1_rust_nodelay_all_c16_keepalive_ms,1.466735
latency,0,369,http1_rust_nodelay_all_c16_keepalive_ms,1.116989
latency,0,370,http1_rust_nodelay_all_c16_keepalive_ms,1.097779
latency,0,371,http1_rust_nodelay_all_c16_keepalive_ms,1.460085
latency,0,372,http1_rust_nodelay_all_c16_keepalive_ms,10.153613
latency,0,373,http1_rust_nodelay_all_c16_keepalive_ms,1.318602
latency,0,374,http1_rust_nodelay_all_c16_keepalive_ms,1.422804
latency,0,375,http1_rust_nodelay_all_c16_keepalive_ms,1.040468
latency,0,376,http1_rust_nodelay_all_c16_keepalive_ms,1.306802
latency,0,377,http1_rust_nodelay_all_c16_keepalive_ms,1.020118
latency,0,378,http1_rust_nodelay_all_c16_keepalive_ms,1.213081
latency,0,379,http1_rust_nodelay_all_c16_keepalive_ms,0.614360
latency,0,380,http1_rust_nodelay_all_c16_keepalive_ms,1.732640
latency,0,381,http1_rust_nodelay_all_c16_keepalive_ms,1.022687
latency,0,382,http1_rust_nodelay_all_c16_keepalive_ms,1.208270
latency,0,383,http1_rust_nodelay_all_c16_keepalive_ms,1.023068
latency,0,384,http1_rust_nodelay_all_c16_keepalive_ms,1.236321
latency,0,385,http1_rust_nodelay_all_c16_keepalive_ms,1.380993
latency,0,386,http1_rust_nodelay_all_c16_keepalive_ms,1.317953
latency,0,387,http1_rust_nodelay_all_c16_keepalive_ms,1.457204
latency,0,388,http1_rust_nodelay_all_c16_keepalive_ms,0.936216
latency,0,389,http1_rust_nodelay_all_c16_keepalive_ms,1.274162
latency,0,390,http1_rust_nodelay_all_c16_keepalive_ms,1.174010
latency,0,391,http1_rust_nodelay_all_c16_keepalive_ms,1.368634
latency,0,392,http1_rust_nodelay_all_c16_keepalive_ms,1.233931
latency,0,393,http1_rust_nodelay_all_c16_keepalive_ms,0.645731
latency,0,394,http1_rust_nodelay_all_c16_keepalive_ms,0.844714
latency,0,395,http1_rust_nodelay_all_c16_keepalive_ms,0.647501
latency,0,396,http1_rust_nodelay_all_c16_keepalive_ms,0.634930
latency,0,397,http1_rust_nodelay_all_c16_keepalive_ms,0.939836
latency,0,398,http1_rust_nodelay_all_c16_keepalive_ms,1.058458
latency,0,399,http1_rust_nodelay_all_c16_keepalive_ms,1.159690
latency,0,720,http1_rust_nodelay_all_c16_keepalive_ms,2.017355
latency,0,721,http1_rust_nodelay_all_c16_keepalive_ms,1.739589
latency,0,722,http1_rust_nodelay_all_c16_keepalive_ms,1.328263
latency,0,723,http1_rust_nodelay_all_c16_keepalive_ms,7.478457
latency,0,724,http1_rust_nodelay_all_c16_keepalive_ms,1.394674
latency,0,725,http1_rust_nodelay_all_c16_keepalive_ms,1.110409
latency,0,726,http1_rust_nodelay_all_c16_keepalive_ms,1.464775
latency,0,727,http1_rust_nodelay_all_c16_keepalive_ms,1.595167
latency,0,728,http1_rust_nodelay_all_c16_keepalive_ms,1.483095
latency,0,729,http1_rust_nodelay_all_c16_keepalive_ms,1.534896
latency,0,730,http1_rust_nodelay_all_c16_keepalive_ms,1.581497
latency,0,731,http1_rust_nodelay_all_c16_keepalive_ms,7.592319
latency,0,732,http1_rust_nodelay_all_c16_keepalive_ms,1.622118
latency,0,733,http1_rust_nodelay_all_c16_keepalive_ms,1.725959
latency,0,734,http1_rust_nodelay_all_c16_keepalive_ms,1.061128
latency,0,735,http1_rust_nodelay_all_c16_keepalive_ms,1.109449
latency,0,736,http1_rust_nodelay_all_c16_keepalive_ms,6.030443
latency,0,737,http1_rust_nodelay_all_c16_keepalive_ms,1.362193
latency,0,738,http1_rust_nodelay_all_c16_keepalive_ms,1.028908
latency,0,739,http1_rust_nodelay_all_c16_keepalive_ms,1.101778
latency,0,740,http1_rust_nodelay_all_c16_keepalive_ms,1.431725
latency,0,741,http1_rust_nodelay_all_c16_keepalive_ms,1.565696
latency,0,742,http1_rust_nodelay_all_c16_keepalive_ms,1.469055
latency,0,743,http1_rust_nodelay_all_c16_keepalive_ms,1.529696
latency,0,744,http1_rust_nodelay_all_c16_keepalive_ms,1.450265
latency,0,745,http1_rust_nodelay_all_c16_keepalive_ms,1.423304
latency,0,746,http1_rust_nodelay_all_c16_keepalive_ms,1.053968
latency,0,747,http1_rust_nodelay_all_c16_keepalive_ms,1.448575
latency,0,748,http1_rust_nodelay_all_c16_keepalive_ms,1.136999
latency,0,749,http1_rust_nodelay_all_c16_keepalive_ms,1.514276
latency,0,750,http1_rust_nodelay_all_c16_keepalive_ms,1.559607
latency,0,751,http1_rust_nodelay_all_c16_keepalive_ms,1.513605
latency,0,752,http1_rust_nodelay_all_c16_keepalive_ms,1.484026
latency,0,753,http1_rust_nodelay_all_c16_keepalive_ms,1.387403
latency,0,754,http1_rust_nodelay_all_c16_keepalive_ms,1.236341
latency,0,755,http1_rust_nodelay_all_c16_keepalive_ms,1.002417
latency,0,756,http1_rust_nodelay_all_c16_keepalive_ms,1.375844
latency,0,757,http1_rust_nodelay_all_c16_keepalive_ms,0.987797
latency,0,758,http1_rust_nodelay_all_c16_keepalive_ms,1.310122
latency,0,759,http1_rust_nodelay_all_c16_keepalive_ms,1.110749
latency,0,760,http1_rust_nodelay_all_c16_keepalive_ms,1.499965
latency,0,761,http1_rust_nodelay_all_c16_keepalive_ms,1.188261
latency,0,762,http1_rust_nodelay_all_c16_keepalive_ms,1.155219
latency,0,763,http1_rust_nodelay_all_c16_keepalive_ms,1.078719
latency,0,764,http1_rust_nodelay_all_c16_keepalive_ms,1.435014
latency,0,765,http1_rust_nodelay_all_c16_keepalive_ms,1.436414
latency,0,766,http1_rust_nodelay_all_c16_keepalive_ms,1.462585
latency,0,767,http1_rust_nodelay_all_c16_keepalive_ms,1.109309
latency,0,768,http1_rust_nodelay_all_c16_keepalive_ms,1.096559
latency,0,769,http1_rust_nodelay_all_c16_keepalive_ms,1.476695
latency,0,770,http1_rust_nodelay_all_c16_keepalive_ms,1.485175
latency,0,771,http1_rust_nodelay_all_c16_keepalive_ms,1.486896
latency,0,772,http1_rust_nodelay_all_c16_keepalive_ms,1.477285
latency,0,773,http1_rust_nodelay_all_c16_keepalive_ms,1.503866
latency,0,774,http1_rust_nodelay_all_c16_keepalive_ms,1.443854
latency,0,775,http1_rust_nodelay_all_c16_keepalive_ms,1.175910
latency,0,776,http1_rust_nodelay_all_c16_keepalive_ms,1.112839
latency,0,777,http1_rust_nodelay_all_c16_keepalive_ms,1.090958
latency,0,778,http1_rust_nodelay_all_c16_keepalive_ms,1.458315
latency,0,779,http1_rust_nodelay_all_c16_keepalive_ms,1.473755
latency,0,780,http1_rust_nodelay_all_c16_keepalive_ms,1.104869
latency,0,781,http1_rust_nodelay_all_c16_keepalive_ms,1.304532
latency,0,782,http1_rust_nodelay_all_c16_keepalive_ms,1.407794
latency,0,783,http1_rust_nodelay_all_c16_keepalive_ms,1.013078
latency,0,784,http1_rust_nodelay_all_c16_keepalive_ms,11.091438
latency,0,785,http1_rust_nodelay_all_c16_keepalive_ms,1.304692
latency,0,786,http1_rust_nodelay_all_c16_keepalive_ms,1.414415
latency,0,787,http1_rust_nodelay_all_c16_keepalive_ms,0.946256
latency,0,788,http1_rust_nodelay_all_c16_keepalive_ms,1.268381
latency,0,789,http1_rust_nodelay_all_c16_keepalive_ms,1.240512
latency,0,790,http1_rust_nodelay_all_c16_keepalive_ms,1.407013
latency,0,791,http1_rust_nodelay_all_c16_keepalive_ms,1.193261
latency,0,792,http1_rust_nodelay_all_c16_keepalive_ms,0.702702
latency,0,793,http1_rust_nodelay_all_c16_keepalive_ms,0.839254
latency,0,794,http1_rust_nodelay_all_c16_keepalive_ms,0.656211
latency,0,795,http1_rust_nodelay_all_c16_keepalive_ms,0.607040
latency,0,796,http1_rust_nodelay_all_c16_keepalive_ms,0.913556
latency,0,797,http1_rust_nodelay_all_c16_keepalive_ms,1.059508
latency,0,798,http1_rust_nodelay_all_c16_keepalive_ms,0.908615
latency,0,799,http1_rust_nodelay_all_c16_keepalive_ms,0.915066
latency,0,160,http1_rust_nodelay_all_c16_keepalive_ms,1.921802
latency,0,161,http1_rust_nodelay_all_c16_keepalive_ms,1.724740
latency,0,162,http1_rust_nodelay_all_c16_keepalive_ms,1.687819
latency,0,163,http1_rust_nodelay_all_c16_keepalive_ms,1.234911
latency,0,164,http1_rust_nodelay_all_c16_keepalive_ms,1.602817
latency,0,165,http1_rust_nodelay_all_c16_keepalive_ms,1.504766
latency,0,166,http1_rust_nodelay_all_c16_keepalive_ms,1.061308
latency,0,167,http1_rust_nodelay_all_c16_keepalive_ms,1.354563
latency,0,168,http1_rust_nodelay_all_c16_keepalive_ms,1.347682
latency,0,169,http1_rust_nodelay_all_c16_keepalive_ms,1.057048
latency,0,170,http1_rust_nodelay_all_c16_keepalive_ms,1.306693
latency,0,171,http1_rust_nodelay_all_c16_keepalive_ms,1.538936
latency,0,172,http1_rust_nodelay_all_c16_keepalive_ms,1.525596
latency,0,173,http1_rust_nodelay_all_c16_keepalive_ms,1.479925
latency,0,174,http1_rust_nodelay_all_c16_keepalive_ms,1.577407
latency,0,175,http1_rust_nodelay_all_c16_keepalive_ms,1.567797
latency,0,176,http1_rust_nodelay_all_c16_keepalive_ms,1.525016
latency,0,177,http1_rust_nodelay_all_c16_keepalive_ms,1.468435
latency,0,178,http1_rust_nodelay_all_c16_keepalive_ms,1.473685
latency,0,179,http1_rust_nodelay_all_c16_keepalive_ms,1.530315
latency,0,180,http1_rust_nodelay_all_c16_keepalive_ms,1.190941
latency,0,181,http1_rust_nodelay_all_c16_keepalive_ms,1.645118
latency,0,182,http1_rust_nodelay_all_c16_keepalive_ms,1.652468
latency,0,183,http1_rust_nodelay_all_c16_keepalive_ms,1.439844
latency,0,184,http1_rust_nodelay_all_c16_keepalive_ms,1.182621
latency,0,185,http1_rust_nodelay_all_c16_keepalive_ms,1.480035
latency,0,186,http1_rust_nodelay_all_c16_keepalive_ms,1.096199
latency,0,187,http1_rust_nodelay_all_c16_keepalive_ms,1.125059
latency,0,188,http1_rust_nodelay_all_c16_keepalive_ms,1.423084
latency,0,189,http1_rust_nodelay_all_c16_keepalive_ms,1.249321
latency,0,190,http1_rust_nodelay_all_c16_keepalive_ms,3.024691
latency,0,191,http1_rust_nodelay_all_c16_keepalive_ms,1.106029
latency,0,192,http1_rust_nodelay_all_c16_keepalive_ms,1.120349
latency,0,193,http1_rust_nodelay_all_c16_keepalive_ms,1.453795
latency,0,194,http1_rust_nodelay_all_c16_keepalive_ms,1.069688
latency,0,195,http1_rust_nodelay_all_c16_keepalive_ms,1.128410
latency,0,196,http1_rust_nodelay_all_c16_keepalive_ms,1.105828
latency,0,197,http1_rust_nodelay_all_c16_keepalive_ms,1.081729
latency,0,198,http1_rust_nodelay_all_c16_keepalive_ms,1.402324
latency,0,199,http1_rust_nodelay_all_c16_keepalive_ms,1.543436
latency,0,200,http1_rust_nodelay_all_c16_keepalive_ms,1.541676
latency,0,201,http1_rust_nodelay_all_c16_keepalive_ms,1.093289
latency,0,202,http1_rust_nodelay_all_c16_keepalive_ms,1.584667
latency,0,203,http1_rust_nodelay_all_c16_keepalive_ms,1.112139
latency,0,204,http1_rust_nodelay_all_c16_keepalive_ms,0.820274
latency,0,205,http1_rust_nodelay_all_c16_keepalive_ms,1.390763
latency,0,206,http1_rust_nodelay_all_c16_keepalive_ms,1.008317
latency,0,207,http1_rust_nodelay_all_c16_keepalive_ms,10.598351
latency,0,208,http1_rust_nodelay_all_c16_keepalive_ms,1.070648
latency,0,209,http1_rust_nodelay_all_c16_keepalive_ms,13.411479
latency,0,210,http1_rust_nodelay_all_c16_keepalive_ms,1.101798
latency,0,211,http1_rust_nodelay_all_c16_keepalive_ms,1.122860
latency,0,212,http1_rust_nodelay_all_c16_keepalive_ms,1.478234
latency,0,213,http1_rust_nodelay_all_c16_keepalive_ms,1.462695
latency,0,214,http1_rust_nodelay_all_c16_keepalive_ms,1.480545
latency,0,215,http1_rust_nodelay_all_c16_keepalive_ms,1.455605
latency,0,216,http1_rust_nodelay_all_c16_keepalive_ms,1.475135
latency,0,217,http1_rust_nodelay_all_c16_keepalive_ms,1.303463
latency,0,218,http1_rust_nodelay_all_c16_keepalive_ms,10.675001
latency,0,219,http1_rust_nodelay_all_c16_keepalive_ms,0.976037
latency,0,220,http1_rust_nodelay_all_c16_keepalive_ms,1.570087
latency,0,221,http1_rust_nodelay_all_c16_keepalive_ms,1.069278
latency,0,222,http1_rust_nodelay_all_c16_keepalive_ms,1.665518
latency,0,223,http1_rust_nodelay_all_c16_keepalive_ms,1.288052
latency,0,224,http1_rust_nodelay_all_c16_keepalive_ms,1.272792
latency,0,225,http1_rust_nodelay_all_c16_keepalive_ms,0.983867
latency,0,226,http1_rust_nodelay_all_c16_keepalive_ms,1.624587
latency,0,227,http1_rust_nodelay_all_c16_keepalive_ms,0.453468
latency,0,228,http1_rust_nodelay_all_c16_keepalive_ms,1.224351
latency,0,229,http1_rust_nodelay_all_c16_keepalive_ms,0.641751
latency,0,230,http1_rust_nodelay_all_c16_keepalive_ms,0.631381
latency,0,231,http1_rust_nodelay_all_c16_keepalive_ms,0.844644
latency,0,232,http1_rust_nodelay_all_c16_keepalive_ms,0.662731
latency,0,233,http1_rust_nodelay_all_c16_keepalive_ms,0.687102
latency,0,234,http1_rust_nodelay_all_c16_keepalive_ms,1.253021
latency,0,235,http1_rust_nodelay_all_c16_keepalive_ms,0.476988
latency,0,236,http1_rust_nodelay_all_c16_keepalive_ms,0.929736
latency,0,237,http1_rust_nodelay_all_c16_keepalive_ms,0.453108
latency,0,238,http1_rust_nodelay_all_c16_keepalive_ms,0.420497
latency,0,239,http1_rust_nodelay_all_c16_keepalive_ms,0.414867
latency,0,800,http1_rust_nodelay_all_c16_keepalive_ms,1.834482
latency,0,801,http1_rust_nodelay_all_c16_keepalive_ms,1.272051
latency,0,802,http1_rust_nodelay_all_c16_keepalive_ms,1.694329
latency,0,803,http1_rust_nodelay_all_c16_keepalive_ms,1.654528
latency,0,804,http1_rust_nodelay_all_c16_keepalive_ms,1.205411
latency,0,805,http1_rust_nodelay_all_c16_keepalive_ms,1.561736
latency,0,806,http1_rust_nodelay_all_c16_keepalive_ms,1.410765
latency,0,807,http1_rust_nodelay_all_c16_keepalive_ms,1.355913
latency,0,808,http1_rust_nodelay_all_c16_keepalive_ms,1.059267
latency,0,809,http1_rust_nodelay_all_c16_keepalive_ms,1.385234
latency,0,810,http1_rust_nodelay_all_c16_keepalive_ms,1.476825
latency,0,811,http1_rust_nodelay_all_c16_keepalive_ms,1.528806
latency,0,812,http1_rust_nodelay_all_c16_keepalive_ms,1.534526
latency,0,813,http1_rust_nodelay_all_c16_keepalive_ms,1.471535
latency,0,814,http1_rust_nodelay_all_c16_keepalive_ms,1.217441
latency,0,815,http1_rust_nodelay_all_c16_keepalive_ms,1.578637
latency,0,816,http1_rust_nodelay_all_c16_keepalive_ms,1.492835
latency,0,817,http1_rust_nodelay_all_c16_keepalive_ms,1.122960
latency,0,818,http1_rust_nodelay_all_c16_keepalive_ms,4.543877
latency,0,819,http1_rust_nodelay_all_c16_keepalive_ms,1.620137
latency,0,820,http1_rust_nodelay_all_c16_keepalive_ms,1.682819
latency,0,821,http1_rust_nodelay_all_c16_keepalive_ms,1.061128
latency,0,822,http1_rust_nodelay_all_c16_keepalive_ms,1.109409
latency,0,823,http1_rust_nodelay_all_c16_keepalive_ms,1.540606
latency,0,824,http1_rust_nodelay_all_c16_keepalive_ms,1.111519
latency,0,825,http1_rust_nodelay_all_c16_keepalive_ms,10.154863
latency,0,826,http1_rust_nodelay_all_c16_keepalive_ms,1.103339
latency,0,827,http1_rust_nodelay_all_c16_keepalive_ms,1.065218
latency,0,828,http1_rust_nodelay_all_c16_keepalive_ms,1.135419
latency,0,829,http1_rust_nodelay_all_c16_keepalive_ms,1.105229
latency,0,830,http1_rust_nodelay_all_c16_keepalive_ms,1.426594
latency,0,831,http1_rust_nodelay_all_c16_keepalive_ms,1.400914
latency,0,832,http1_rust_nodelay_all_c16_keepalive_ms,1.374224
latency,0,833,http1_rust_nodelay_all_c16_keepalive_ms,1.538646
latency,0,834,http1_rust_nodelay_all_c16_keepalive_ms,1.538876
latency,0,835,http1_rust_nodelay_all_c16_keepalive_ms,1.513335
latency,0,836,http1_rust_nodelay_all_c16_keepalive_ms,1.588287
latency,0,837,http1_rust_nodelay_all_c16_keepalive_ms,1.080899
latency,0,838,http1_rust_nodelay_all_c16_keepalive_ms,1.008817
latency,0,839,http1_rust_nodelay_all_c16_keepalive_ms,1.308932
latency,0,840,http1_rust_nodelay_all_c16_keepalive_ms,1.043948
latency,0,841,http1_rust_nodelay_all_c16_keepalive_ms,10.038341
latency,0,842,http1_rust_nodelay_all_c16_keepalive_ms,1.446295
latency,0,843,http1_rust_nodelay_all_c16_keepalive_ms,1.492645
latency,0,844,http1_rust_nodelay_all_c16_keepalive_ms,1.420754
latency,0,845,http1_rust_nodelay_all_c16_keepalive_ms,1.125759
latency,0,846,http1_rust_nodelay_all_c16_keepalive_ms,1.508056
latency,0,847,http1_rust_nodelay_all_c16_keepalive_ms,1.456815
latency,0,848,http1_rust_nodelay_all_c16_keepalive_ms,1.450205
latency,0,849,http1_rust_nodelay_all_c16_keepalive_ms,1.488275
latency,0,850,http1_rust_nodelay_all_c16_keepalive_ms,1.521486
latency,0,851,http1_rust_nodelay_all_c16_keepalive_ms,1.462825
latency,0,852,http1_rust_nodelay_all_c16_keepalive_ms,1.484765
latency,0,853,http1_rust_nodelay_all_c16_keepalive_ms,1.468665
latency,0,854,http1_rust_nodelay_all_c16_keepalive_ms,1.421234
latency,0,855,http1_rust_nodelay_all_c16_keepalive_ms,1.454355
latency,0,856,http1_rust_nodelay_all_c16_keepalive_ms,1.457615
latency,0,857,http1_rust_nodelay_all_c16_keepalive_ms,1.023547
latency,0,858,http1_rust_nodelay_all_c16_keepalive_ms,1.441275
latency,0,859,http1_rust_nodelay_all_c16_keepalive_ms,1.317032
latency,0,860,http1_rust_nodelay_all_c16_keepalive_ms,1.008577
latency,0,861,http1_rust_nodelay_all_c16_keepalive_ms,1.307383
latency,0,862,http1_rust_nodelay_all_c16_keepalive_ms,1.260021
latency,0,863,http1_rust_nodelay_all_c16_keepalive_ms,1.014657
latency,0,864,http1_rust_nodelay_all_c16_keepalive_ms,1.728050
latency,0,865,http1_rust_nodelay_all_c16_keepalive_ms,0.928565
latency,0,866,http1_rust_nodelay_all_c16_keepalive_ms,12.936841
latency,0,867,http1_rust_nodelay_all_c16_keepalive_ms,0.711392
latency,0,868,http1_rust_nodelay_all_c16_keepalive_ms,0.848154
latency,0,869,http1_rust_nodelay_all_c16_keepalive_ms,0.639891
latency,0,870,http1_rust_nodelay_all_c16_keepalive_ms,0.646601
latency,0,871,http1_rust_nodelay_all_c16_keepalive_ms,0.859785
latency,0,872,http1_rust_nodelay_all_c16_keepalive_ms,0.508118
latency,0,873,http1_rust_nodelay_all_c16_keepalive_ms,1.252802
latency,0,874,http1_rust_nodelay_all_c16_keepalive_ms,0.994857
latency,0,875,http1_rust_nodelay_all_c16_keepalive_ms,0.565609
latency,0,876,http1_rust_nodelay_all_c16_keepalive_ms,0.434808
latency,0,877,http1_rust_nodelay_all_c16_keepalive_ms,0.411177
latency,0,878,http1_rust_nodelay_all_c16_keepalive_ms,0.421177
latency,0,879,http1_rust_nodelay_all_c16_keepalive_ms,0.386526
latency,0,640,http1_rust_nodelay_all_c16_keepalive_ms,1.952823
latency,0,641,http1_rust_nodelay_all_c16_keepalive_ms,1.728280
latency,0,642,http1_rust_nodelay_all_c16_keepalive_ms,1.717649
latency,0,643,http1_rust_nodelay_all_c16_keepalive_ms,1.587177
latency,0,644,http1_rust_nodelay_all_c16_keepalive_ms,1.601317
latency,0,645,http1_rust_nodelay_all_c16_keepalive_ms,1.137200
latency,0,646,http1_rust_nodelay_all_c16_keepalive_ms,1.370803
latency,0,647,http1_rust_nodelay_all_c16_keepalive_ms,1.350023
latency,0,648,http1_rust_nodelay_all_c16_keepalive_ms,1.047687
latency,0,649,http1_rust_nodelay_all_c16_keepalive_ms,1.340773
latency,0,650,http1_rust_nodelay_all_c16_keepalive_ms,1.518626
latency,0,651,http1_rust_nodelay_all_c16_keepalive_ms,1.154390
latency,0,652,http1_rust_nodelay_all_c16_keepalive_ms,9.809107
latency,0,653,http1_rust_nodelay_all_c16_keepalive_ms,0.782563
latency,0,654,http1_rust_nodelay_all_c16_keepalive_ms,1.466465
latency,0,655,http1_rust_nodelay_all_c16_keepalive_ms,1.253411
latency,0,656,http1_rust_nodelay_all_c16_keepalive_ms,1.640398
latency,0,657,http1_rust_nodelay_all_c16_keepalive_ms,0.639081
latency,0,658,http1_rust_nodelay_all_c16_keepalive_ms,12.912120
latency,0,659,http1_rust_nodelay_all_c16_keepalive_ms,1.457185
latency,0,660,http1_rust_nodelay_all_c16_keepalive_ms,1.500415
latency,0,661,http1_rust_nodelay_all_c16_keepalive_ms,1.116219
latency,0,662,http1_rust_nodelay_all_c16_keepalive_ms,1.080289
latency,0,663,http1_rust_nodelay_all_c16_keepalive_ms,1.055628
latency,0,664,http1_rust_nodelay_all_c16_keepalive_ms,1.150369
latency,0,665,http1_rust_nodelay_all_c16_keepalive_ms,1.388264
latency,0,666,http1_rust_nodelay_all_c16_keepalive_ms,1.398354
latency,0,667,http1_rust_nodelay_all_c16_keepalive_ms,1.573237
latency,0,668,http1_rust_nodelay_all_c16_keepalive_ms,1.523466
latency,0,669,http1_rust_nodelay_all_c16_keepalive_ms,1.133889
latency,0,670,http1_rust_nodelay_all_c16_keepalive_ms,1.517805
latency,0,671,http1_rust_nodelay_all_c16_keepalive_ms,1.184311
latency,0,672,http1_rust_nodelay_all_c16_keepalive_ms,10.022400
latency,0,673,http1_rust_nodelay_all_c16_keepalive_ms,1.471185
latency,0,674,http1_rust_nodelay_all_c16_keepalive_ms,7.370576
latency,0,675,http1_rust_nodelay_all_c16_keepalive_ms,1.103248
latency,0,676,http1_rust_nodelay_all_c16_keepalive_ms,1.111739
latency,0,677,http1_rust_nodelay_all_c16_keepalive_ms,1.483466
latency,0,678,http1_rust_nodelay_all_c16_keepalive_ms,1.477875
latency,0,679,http1_rust_nodelay_all_c16_keepalive_ms,1.476485
latency,0,680,http1_rust_nodelay_all_c16_keepalive_ms,1.511976
latency,0,681,http1_rust_nodelay_all_c16_keepalive_ms,1.463205
latency,0,682,http1_rust_nodelay_all_c16_keepalive_ms,1.350453
latency,0,683,http1_rust_nodelay_all_c16_keepalive_ms,1.460674
latency,0,684,http1_rust_nodelay_all_c16_keepalive_ms,1.459855
latency,0,685,http1_rust_nodelay_all_c16_keepalive_ms,1.480095
latency,0,686,http1_rust_nodelay_all_c16_keepalive_ms,1.455965
latency,0,687,http1_rust_nodelay_all_c16_keepalive_ms,1.440805
latency,0,688,http1_rust_nodelay_all_c16_keepalive_ms,1.304632
latency,0,689,http1_rust_nodelay_all_c16_keepalive_ms,0.778353
latency,0,690,http1_rust_nodelay_all_c16_keepalive_ms,1.307383
latency,0,691,http1_rust_nodelay_all_c16_keepalive_ms,1.030697
latency,0,692,http1_rust_nodelay_all_c16_keepalive_ms,1.304082
latency,0,693,http1_rust_nodelay_all_c16_keepalive_ms,1.215271
latency,0,694,http1_rust_nodelay_all_c16_keepalive_ms,1.005527
latency,0,695,http1_rust_nodelay_all_c16_keepalive_ms,1.707469
latency,0,696,http1_rust_nodelay_all_c16_keepalive_ms,0.955066
latency,0,697,http1_rust_nodelay_all_c16_keepalive_ms,1.263042
latency,0,698,http1_rust_nodelay_all_c16_keepalive_ms,0.968996
latency,0,699,http1_rust_nodelay_all_c16_keepalive_ms,1.615748
latency,0,700,http1_rust_nodelay_all_c16_keepalive_ms,1.388293
latency,0,701,http1_rust_nodelay_all_c16_keepalive_ms,1.674529
latency,0,702,http1_rust_nodelay_all_c16_keepalive_ms,1.281172
latency,0,703,http1_rust_nodelay_all_c16_keepalive_ms,1.268731
latency,0,704,http1_rust_nodelay_all_c16_keepalive_ms,0.929666
latency,0,705,http1_rust_nodelay_all_c16_keepalive_ms,1.567077
latency,0,706,http1_rust_nodelay_all_c16_keepalive_ms,0.819924
latency,0,707,http1_rust_nodelay_all_c16_keepalive_ms,0.879005
latency,0,708,http1_rust_nodelay_all_c16_keepalive_ms,0.670891
latency,0,709,http1_rust_nodelay_all_c16_keepalive_ms,0.825954
latency,0,710,http1_rust_nodelay_all_c16_keepalive_ms,0.806474
latency,0,711,http1_rust_nodelay_all_c16_keepalive_ms,0.704052
latency,0,712,http1_rust_nodelay_all_c16_keepalive_ms,1.022077
latency,0,713,http1_rust_nodelay_all_c16_keepalive_ms,0.908326
latency,0,714,http1_rust_nodelay_all_c16_keepalive_ms,0.925495
latency,0,715,http1_rust_nodelay_all_c16_keepalive_ms,0.449418
latency,0,716,http1_rust_nodelay_all_c16_keepalive_ms,0.430177
latency,0,717,http1_rust_nodelay_all_c16_keepalive_ms,0.415478
latency,0,718,http1_rust_nodelay_all_c16_keepalive_ms,0.426437
latency,0,719,http1_rust_nodelay_all_c16_keepalive_ms,0.299125
latency,0,1120,http1_rust_nodelay_all_c16_keepalive_ms,1.017227
latency,0,1121,http1_rust_nodelay_all_c16_keepalive_ms,2.010195
latency,0,1122,http1_rust_nodelay_all_c16_keepalive_ms,1.301572
latency,0,1123,http1_rust_nodelay_all_c16_keepalive_ms,1.708749
latency,0,1124,http1_rust_nodelay_all_c16_keepalive_ms,1.569047
latency,0,1125,http1_rust_nodelay_all_c16_keepalive_ms,0.880925
latency,0,1126,http1_rust_nodelay_all_c16_keepalive_ms,1.452234
latency,0,1127,http1_rust_nodelay_all_c16_keepalive_ms,1.067619
latency,0,1128,http1_rust_nodelay_all_c16_keepalive_ms,10.363736
latency,0,1129,http1_rust_nodelay_all_c16_keepalive_ms,1.542246
latency,0,1130,http1_rust_nodelay_all_c16_keepalive_ms,1.046928
latency,0,1131,http1_rust_nodelay_all_c16_keepalive_ms,1.481105
latency,0,1132,http1_rust_nodelay_all_c16_keepalive_ms,1.436095
latency,0,1133,http1_rust_nodelay_all_c16_keepalive_ms,1.524375
latency,0,1134,http1_rust_nodelay_all_c16_keepalive_ms,1.173300
latency,0,1135,http1_rust_nodelay_all_c16_keepalive_ms,1.167380
latency,0,1136,http1_rust_nodelay_all_c16_keepalive_ms,1.645568
latency,0,1137,http1_rust_nodelay_all_c16_keepalive_ms,1.650738
latency,0,1138,http1_rust_nodelay_all_c16_keepalive_ms,1.126430
latency,0,1139,http1_rust_nodelay_all_c16_keepalive_ms,1.084628
latency,0,1140,http1_rust_nodelay_all_c16_keepalive_ms,1.518186
latency,0,1141,http1_rust_nodelay_all_c16_keepalive_ms,1.117679
latency,0,1142,http1_rust_nodelay_all_c16_keepalive_ms,1.095129
latency,0,1143,http1_rust_nodelay_all_c16_keepalive_ms,1.074068
latency,0,1144,http1_rust_nodelay_all_c16_keepalive_ms,1.297202
latency,0,1145,http1_rust_nodelay_all_c16_keepalive_ms,1.376924
latency,0,1146,http1_rust_nodelay_all_c16_keepalive_ms,1.022557
latency,0,1147,http1_rust_nodelay_all_c16_keepalive_ms,1.331492
latency,0,1148,http1_rust_nodelay_all_c16_keepalive_ms,1.456415
latency,0,1149,http1_rust_nodelay_all_c16_keepalive_ms,10.520359
latency,0,1150,http1_rust_nodelay_all_c16_keepalive_ms,1.480106
latency,0,1151,http1_rust_nodelay_all_c16_keepalive_ms,1.632137
latency,0,1152,http1_rust_nodelay_all_c16_keepalive_ms,1.473425
latency,0,1153,http1_rust_nodelay_all_c16_keepalive_ms,1.414504
latency,0,1154,http1_rust_nodelay_all_c16_keepalive_ms,1.392354
latency,0,1155,http1_rust_nodelay_all_c16_keepalive_ms,1.290822
latency,0,1156,http1_rust_nodelay_all_c16_keepalive_ms,1.041418
latency,0,1157,http1_rust_nodelay_all_c16_keepalive_ms,1.349953
latency,0,1158,http1_rust_nodelay_all_c16_keepalive_ms,1.318852
latency,0,1159,http1_rust_nodelay_all_c16_keepalive_ms,1.010567
latency,0,1160,http1_rust_nodelay_all_c16_keepalive_ms,1.483766
latency,0,1161,http1_rust_nodelay_all_c16_keepalive_ms,1.140439
latency,0,1162,http1_rust_nodelay_all_c16_keepalive_ms,1.565257
latency,0,1163,http1_rust_nodelay_all_c16_keepalive_ms,1.458155
latency,0,1164,http1_rust_nodelay_all_c16_keepalive_ms,1.427394
latency,0,1165,http1_rust_nodelay_all_c16_keepalive_ms,1.101738
latency,0,1166,http1_rust_nodelay_all_c16_keepalive_ms,1.402774
latency,0,1167,http1_rust_nodelay_all_c16_keepalive_ms,1.108739
latency,0,1168,http1_rust_nodelay_all_c16_keepalive_ms,1.483685
latency,0,1169,http1_rust_nodelay_all_c16_keepalive_ms,1.492416
latency,0,1170,http1_rust_nodelay_all_c16_keepalive_ms,1.461675
latency,0,1171,http1_rust_nodelay_all_c16_keepalive_ms,1.175470
latency,0,1172,http1_rust_nodelay_all_c16_keepalive_ms,1.435074
latency,0,1173,http1_rust_nodelay_all_c16_keepalive_ms,1.169170
latency,0,1174,http1_rust_nodelay_all_c16_keepalive_ms,1.131490
latency,0,1175,http1_rust_nodelay_all_c16_keepalive_ms,1.083558
latency,0,1176,http1_rust_nodelay_all_c16_keepalive_ms,1.557236
latency,0,1177,http1_rust_nodelay_all_c16_keepalive_ms,1.425494
latency,0,1178,http1_rust_nodelay_all_c16_keepalive_ms,20.117003
latency,0,1179,http1_rust_nodelay_all_c16_keepalive_ms,1.015987
latency,0,1180,http1_rust_nodelay_all_c16_keepalive_ms,1.648418
latency,0,1181,http1_rust_nodelay_all_c16_keepalive_ms,0.959587
latency,0,1182,http1_rust_nodelay_all_c16_keepalive_ms,1.241001
latency,0,1183,http1_rust_nodelay_all_c16_keepalive_ms,1.165180
latency,0,1184,http1_rust_nodelay_all_c16_keepalive_ms,1.535136
latency,0,1185,http1_rust_nodelay_all_c16_keepalive_ms,1.037508
latency,0,1186,http1_rust_nodelay_all_c16_keepalive_ms,0.847264
latency,0,1187,http1_rust_nodelay_all_c16_keepalive_ms,0.640911
latency,0,1188,http1_rust_nodelay_all_c16_keepalive_ms,0.646401
latency,0,1189,http1_rust_nodelay_all_c16_keepalive_ms,0.787263
latency,0,1190,http1_rust_nodelay_all_c16_keepalive_ms,1.256241
latency,0,1191,http1_rust_nodelay_all_c16_keepalive_ms,0.688462
latency,0,1192,http1_rust_nodelay_all_c16_keepalive_ms,1.173420
latency,0,1193,http1_rust_nodelay_all_c16_keepalive_ms,0.481898
latency,0,1194,http1_rust_nodelay_all_c16_keepalive_ms,0.430078
latency,0,1195,http1_rust_nodelay_all_c16_keepalive_ms,0.415767
latency,0,1196,http1_rust_nodelay_all_c16_keepalive_ms,0.426377
latency,0,1197,http1_rust_nodelay_all_c16_keepalive_ms,0.263574
latency,0,1198,http1_rust_nodelay_all_c16_keepalive_ms,0.224224
latency,0,1199,http1_rust_nodelay_all_c16_keepalive_ms,0.106622
latency,0,880,http1_rust_nodelay_all_c16_keepalive_ms,1.967463
latency,0,881,http1_rust_nodelay_all_c16_keepalive_ms,1.730770
latency,0,882,http1_rust_nodelay_all_c16_keepalive_ms,1.717849
latency,0,883,http1_rust_nodelay_all_c16_keepalive_ms,1.588117
latency,0,884,http1_rust_nodelay_all_c16_keepalive_ms,1.598478
latency,0,885,http1_rust_nodelay_all_c16_keepalive_ms,7.482627
latency,0,886,http1_rust_nodelay_all_c16_keepalive_ms,1.149509
latency,0,887,http1_rust_nodelay_all_c16_keepalive_ms,1.483766
latency,0,888,http1_rust_nodelay_all_c16_keepalive_ms,1.100558
latency,0,889,http1_rust_nodelay_all_c16_keepalive_ms,1.223091
latency,0,890,http1_rust_nodelay_all_c16_keepalive_ms,1.190260
latency,0,891,http1_rust_nodelay_all_c16_keepalive_ms,1.499776
latency,0,892,http1_rust_nodelay_all_c16_keepalive_ms,1.163290
latency,0,893,http1_rust_nodelay_all_c16_keepalive_ms,1.468535
latency,0,894,http1_rust_nodelay_all_c16_keepalive_ms,1.466795
latency,0,895,http1_rust_nodelay_all_c16_keepalive_ms,1.537336
latency,0,896,http1_rust_nodelay_all_c16_keepalive_ms,7.296944
latency,0,897,http1_rust_nodelay_all_c16_keepalive_ms,1.115869
latency,0,898,http1_rust_nodelay_all_c16_keepalive_ms,1.169300
latency,0,899,http1_rust_nodelay_all_c16_keepalive_ms,1.086329
latency,0,900,http1_rust_nodelay_all_c16_keepalive_ms,1.074708
latency,0,901,http1_rust_nodelay_all_c16_keepalive_ms,1.367163
latency,0,902,http1_rust_nodelay_all_c16_keepalive_ms,1.410004
latency,0,903,http1_rust_nodelay_all_c16_keepalive_ms,10.413767
latency,0,904,http1_rust_nodelay_all_c16_keepalive_ms,1.061288
latency,0,905,http1_rust_nodelay_all_c16_keepalive_ms,1.474255
latency,0,906,http1_rust_nodelay_all_c16_keepalive_ms,1.560767
latency,0,907,http1_rust_nodelay_all_c16_keepalive_ms,1.457525
latency,0,908,http1_rust_nodelay_all_c16_keepalive_ms,9.029733
latency,0,909,http1_rust_nodelay_all_c16_keepalive_ms,1.331813
latency,0,910,http1_rust_nodelay_all_c16_keepalive_ms,1.302632
latency,0,911,http1_rust_nodelay_all_c16_keepalive_ms,1.525966
latency,0,912,http1_rust_nodelay_all_c16_keepalive_ms,1.504936
latency,0,913,http1_rust_nodelay_all_c16_keepalive_ms,10.457808
latency,0,914,http1_rust_nodelay_all_c16_keepalive_ms,1.455935
latency,0,915,http1_rust_nodelay_all_c16_keepalive_ms,1.456875
latency,0,916,http1_rust_nodelay_all_c16_keepalive_ms,1.481645
latency,0,917,http1_rust_nodelay_all_c16_keepalive_ms,1.530676
latency,0,918,http1_rust_nodelay_all_c16_keepalive_ms,1.452775
latency,0,919,http1_rust_nodelay_all_c16_keepalive_ms,1.407844
latency,0,920,http1_rust_nodelay_all_c16_keepalive_ms,1.467584
latency,0,921,http1_rust_nodelay_all_c16_keepalive_ms,1.154080
latency,0,922,http1_rust_nodelay_all_c16_keepalive_ms,0.742773
latency,0,923,http1_rust_nodelay_all_c16_keepalive_ms,1.109888
latency,0,924,http1_rust_nodelay_all_c16_keepalive_ms,1.447825
latency,0,925,http1_rust_nodelay_all_c16_keepalive_ms,1.054518
latency,0,926,http1_rust_nodelay_all_c16_keepalive_ms,1.383574
latency,0,927,http1_rust_nodelay_all_c16_keepalive_ms,1.340663
latency,0,928,http1_rust_nodelay_all_c16_keepalive_ms,1.306562
latency,0,929,http1_rust_nodelay_all_c16_keepalive_ms,1.002017
latency,0,930,http1_rust_nodelay_all_c16_keepalive_ms,0.947406
latency,0,931,http1_rust_nodelay_all_c16_keepalive_ms,1.173500
latency,0,932,http1_rust_nodelay_all_c16_keepalive_ms,1.726779
latency,0,933,http1_rust_nodelay_all_c16_keepalive_ms,0.928926
latency,0,934,http1_rust_nodelay_all_c16_keepalive_ms,1.265431
latency,0,935,http1_rust_nodelay_all_c16_keepalive_ms,1.287812
latency,0,936,http1_rust_nodelay_all_c16_keepalive_ms,1.616688
latency,0,937,http1_rust_nodelay_all_c16_keepalive_ms,1.067348
latency,0,938,http1_rust_nodelay_all_c16_keepalive_ms,1.663749
latency,0,939,http1_rust_nodelay_all_c16_keepalive_ms,1.287871
latency,0,940,http1_rust_nodelay_all_c16_keepalive_ms,0.977097
latency,0,941,http1_rust_nodelay_all_c16_keepalive_ms,1.279942
latency,0,942,http1_rust_nodelay_all_c16_keepalive_ms,0.801724
latency,0,943,http1_rust_nodelay_all_c16_keepalive_ms,1.830491
latency,0,944,http1_rust_nodelay_all_c16_keepalive_ms,0.873655
latency,0,945,http1_rust_nodelay_all_c16_keepalive_ms,0.468268
latency,0,946,http1_rust_nodelay_all_c16_keepalive_ms,0.817404
latency,0,947,http1_rust_nodelay_all_c16_keepalive_ms,0.628090
latency,0,948,http1_rust_nodelay_all_c16_keepalive_ms,8.190700
latency,0,949,http1_rust_nodelay_all_c16_keepalive_ms,0.146052
latency,0,950,http1_rust_nodelay_all_c16_keepalive_ms,0.150613
latency,0,951,http1_rust_nodelay_all_c16_keepalive_ms,0.113782
latency,0,952,http1_rust_nodelay_all_c16_keepalive_ms,0.106361
latency,0,953,http1_rust_nodelay_all_c16_keepalive_ms,0.105612
latency,0,954,http1_rust_nodelay_all_c16_keepalive_ms,0.107052
latency,0,955,http1_rust_nodelay_all_c16_keepalive_ms,0.108702
latency,0,956,http1_rust_nodelay_all_c16_keepalive_ms,0.106232
latency,0,957,http1_rust_nodelay_all_c16_keepalive_ms,0.105651
latency,0,958,http1_rust_nodelay_all_c16_keepalive_ms,0.105862
latency,0,959,http1_rust_nodelay_all_c16_keepalive_ms,0.116412
latency,0,1200,http1_rust_nodelay_all_c16_keepalive_ms,0.988577
latency,0,1201,http1_rust_nodelay_all_c16_keepalive_ms,1.981693
latency,0,1202,http1_rust_nodelay_all_c16_keepalive_ms,12.673626
latency,0,1203,http1_rust_nodelay_all_c16_keepalive_ms,1.135829
latency,0,1204,http1_rust_nodelay_all_c16_keepalive_ms,1.550517
latency,0,1205,http1_rust_nodelay_all_c16_keepalive_ms,1.481695
latency,0,1206,http1_rust_nodelay_all_c16_keepalive_ms,1.119729
latency,0,1207,http1_rust_nodelay_all_c16_keepalive_ms,9.031454
latency,0,1208,http1_rust_nodelay_all_c16_keepalive_ms,1.584517
latency,0,1209,http1_rust_nodelay_all_c16_keepalive_ms,1.706529
latency,0,1210,http1_rust_nodelay_all_c16_keepalive_ms,1.471945
latency,0,1211,http1_rust_nodelay_all_c16_keepalive_ms,1.443744
latency,0,1212,http1_rust_nodelay_all_c16_keepalive_ms,1.205821
latency,0,1213,http1_rust_nodelay_all_c16_keepalive_ms,1.470665
latency,0,1214,http1_rust_nodelay_all_c16_keepalive_ms,1.490435
latency,0,1215,http1_rust_nodelay_all_c16_keepalive_ms,1.423295
latency,0,1216,http1_rust_nodelay_all_c16_keepalive_ms,1.292722
latency,0,1217,http1_rust_nodelay_all_c16_keepalive_ms,1.058728
latency,0,1218,http1_rust_nodelay_all_c16_keepalive_ms,1.366223
latency,0,1219,http1_rust_nodelay_all_c16_keepalive_ms,1.432734
latency,0,1220,http1_rust_nodelay_all_c16_keepalive_ms,1.565367
latency,0,1221,http1_rust_nodelay_all_c16_keepalive_ms,1.473635
latency,0,1222,http1_rust_nodelay_all_c16_keepalive_ms,1.524236
latency,0,1223,http1_rust_nodelay_all_c16_keepalive_ms,1.450905
latency,0,1224,http1_rust_nodelay_all_c16_keepalive_ms,1.428824
latency,0,1225,http1_rust_nodelay_all_c16_keepalive_ms,1.425734
latency,0,1226,http1_rust_nodelay_all_c16_keepalive_ms,1.462215
latency,0,1227,http1_rust_nodelay_all_c16_keepalive_ms,1.561317
latency,0,1228,http1_rust_nodelay_all_c16_keepalive_ms,1.488205
latency,0,1229,http1_rust_nodelay_all_c16_keepalive_ms,1.540436
latency,0,1230,http1_rust_nodelay_all_c16_keepalive_ms,1.536346
latency,0,1231,http1_rust_nodelay_all_c16_keepalive_ms,9.428651
latency,0,1232,http1_rust_nodelay_all_c16_keepalive_ms,1.495605
latency,0,1233,http1_rust_nodelay_all_c16_keepalive_ms,1.515226
latency,0,1234,http1_rust_nodelay_all_c16_keepalive_ms,1.459245
latency,0,1235,http1_rust_nodelay_all_c16_keepalive_ms,1.111159
latency,0,1236,http1_rust_nodelay_all_c16_keepalive_ms,1.415464
latency,0,1237,http1_rust_nodelay_all_c16_keepalive_ms,1.449404
latency,0,1238,http1_rust_nodelay_all_c16_keepalive_ms,1.442785
latency,0,1239,http1_rust_nodelay_all_c16_keepalive_ms,1.112079
latency,0,1240,http1_rust_nodelay_all_c16_keepalive_ms,1.417594
latency,0,1241,http1_rust_nodelay_all_c16_keepalive_ms,1.119449
latency,0,1242,http1_rust_nodelay_all_c16_keepalive_ms,1.112059
latency,0,1243,http1_rust_nodelay_all_c16_keepalive_ms,1.451425
latency,0,1244,http1_rust_nodelay_all_c16_keepalive_ms,1.141159
latency,0,1245,http1_rust_nodelay_all_c16_keepalive_ms,1.153250
latency,0,1246,http1_rust_nodelay_all_c16_keepalive_ms,1.104379
latency,0,1247,http1_rust_nodelay_all_c16_keepalive_ms,1.484105
latency,0,1248,http1_rust_nodelay_all_c16_keepalive_ms,1.469675
latency,0,1249,http1_rust_nodelay_all_c16_keepalive_ms,1.508745
latency,0,1250,http1_rust_nodelay_all_c16_keepalive_ms,1.115179
latency,0,1251,http1_rust_nodelay_all_c16_keepalive_ms,1.425525
latency,0,1252,http1_rust_nodelay_all_c16_keepalive_ms,9.985370
latency,0,1253,http1_rust_nodelay_all_c16_keepalive_ms,1.023717
latency,0,1254,http1_rust_nodelay_all_c16_keepalive_ms,1.209631
latency,0,1255,http1_rust_nodelay_all_c16_keepalive_ms,1.301302
latency,0,1256,http1_rust_nodelay_all_c16_keepalive_ms,1.309182
latency,0,1257,http1_rust_nodelay_all_c16_keepalive_ms,1.593077
latency,0,1258,http1_rust_nodelay_all_c16_keepalive_ms,1.016738
latency,0,1259,http1_rust_nodelay_all_c16_keepalive_ms,1.403234
latency,0,1260,http1_rust_nodelay_all_c16_keepalive_ms,1.204510
latency,0,1261,http1_rust_nodelay_all_c16_keepalive_ms,1.241261
latency,0,1262,http1_rust_nodelay_all_c16_keepalive_ms,13.976968
latency,0,1263,http1_rust_nodelay_all_c16_keepalive_ms,1.790461
latency,0,1264,http1_rust_nodelay_all_c16_keepalive_ms,0.131822
latency,0,1265,http1_rust_nodelay_all_c16_keepalive_ms,0.115362
latency,0,1266,http1_rust_nodelay_all_c16_keepalive_ms,0.113762
latency,0,1267,http1_rust_nodelay_all_c16_keepalive_ms,0.113232
latency,0,1268,http1_rust_nodelay_all_c16_keepalive_ms,0.119912
latency,0,1269,http1_rust_nodelay_all_c16_keepalive_ms,0.127152
latency,0,1270,http1_rust_nodelay_all_c16_keepalive_ms,0.117932
latency,0,1271,http1_rust_nodelay_all_c16_keepalive_ms,0.108532
latency,0,1272,http1_rust_nodelay_all_c16_keepalive_ms,0.106322
latency,0,1273,http1_rust_nodelay_all_c16_keepalive_ms,0.105801
latency,0,1274,http1_rust_nodelay_all_c16_keepalive_ms,0.107382
latency,0,1275,http1_rust_nodelay_all_c16_keepalive_ms,0.105172
latency,0,1276,http1_rust_nodelay_all_c16_keepalive_ms,0.105162
latency,0,1277,http1_rust_nodelay_all_c16_keepalive_ms,0.110102
latency,0,1278,http1_rust_nodelay_all_c16_keepalive_ms,0.119652
latency,0,1279,http1_rust_nodelay_all_c16_keepalive_ms,0.109252
trial,0,1280,http1_rust_nodelay_all_c16_median_ms,1.371113
trial,0,1280,http1_rust_nodelay_all_c16_p95_ms,1.790461
trial,0,1280,http1_rust_nodelay_all_c16_requests_per_second,9242.027
trial,0,1280,http1_rust_nodelay_all_c16_wall_ms,138.498
latency,1,640,http1_rust_nodelay_all_c16_keepalive_ms,1.580457
latency,1,641,http1_rust_nodelay_all_c16_keepalive_ms,1.276611
latency,1,642,http1_rust_nodelay_all_c16_keepalive_ms,1.593027
latency,1,643,http1_rust_nodelay_all_c16_keepalive_ms,1.489546
latency,1,644,http1_rust_nodelay_all_c16_keepalive_ms,1.672288
latency,1,645,http1_rust_nodelay_all_c16_keepalive_ms,1.206691
latency,1,646,http1_rust_nodelay_all_c16_keepalive_ms,1.430614
latency,1,647,http1_rust_nodelay_all_c16_keepalive_ms,1.097719
latency,1,648,http1_rust_nodelay_all_c16_keepalive_ms,1.237281
latency,1,649,http1_rust_nodelay_all_c16_keepalive_ms,1.112879
latency,1,650,http1_rust_nodelay_all_c16_keepalive_ms,1.465645
latency,1,651,http1_rust_nodelay_all_c16_keepalive_ms,1.418584
latency,1,652,http1_rust_nodelay_all_c16_keepalive_ms,1.425834
latency,1,653,http1_rust_nodelay_all_c16_keepalive_ms,1.465985
latency,1,654,http1_rust_nodelay_all_c16_keepalive_ms,1.464695
latency,1,655,http1_rust_nodelay_all_c16_keepalive_ms,1.505825
latency,1,656,http1_rust_nodelay_all_c16_keepalive_ms,1.577587
latency,1,657,http1_rust_nodelay_all_c16_keepalive_ms,1.459175
latency,1,658,http1_rust_nodelay_all_c16_keepalive_ms,1.372434
latency,1,659,http1_rust_nodelay_all_c16_keepalive_ms,1.103298
latency,1,660,http1_rust_nodelay_all_c16_keepalive_ms,1.066269
latency,1,661,http1_rust_nodelay_all_c16_keepalive_ms,1.412394
latency,1,662,http1_rust_nodelay_all_c16_keepalive_ms,1.039397
latency,1,663,http1_rust_nodelay_all_c16_keepalive_ms,1.457345
latency,1,664,http1_rust_nodelay_all_c16_keepalive_ms,1.053358
latency,1,665,http1_rust_nodelay_all_c16_keepalive_ms,1.481555
latency,1,666,http1_rust_nodelay_all_c16_keepalive_ms,1.077909
latency,1,667,http1_rust_nodelay_all_c16_keepalive_ms,1.291231
latency,1,668,http1_rust_nodelay_all_c16_keepalive_ms,1.350093
latency,1,669,http1_rust_nodelay_all_c16_keepalive_ms,1.350253
latency,1,670,http1_rust_nodelay_all_c16_keepalive_ms,0.974767
latency,1,671,http1_rust_nodelay_all_c16_keepalive_ms,1.296642
latency,1,672,http1_rust_nodelay_all_c16_keepalive_ms,1.346323
latency,1,673,http1_rust_nodelay_all_c16_keepalive_ms,1.377264
latency,1,674,http1_rust_nodelay_all_c16_keepalive_ms,1.498795
latency,1,675,http1_rust_nodelay_all_c16_keepalive_ms,1.390114
latency,1,676,http1_rust_nodelay_all_c16_keepalive_ms,1.079388
latency,1,677,http1_rust_nodelay_all_c16_keepalive_ms,1.441145
latency,1,678,http1_rust_nodelay_all_c16_keepalive_ms,1.120429
latency,1,679,http1_rust_nodelay_all_c16_keepalive_ms,1.399393
latency,1,680,http1_rust_nodelay_all_c16_keepalive_ms,0.795174
latency,1,681,http1_rust_nodelay_all_c16_keepalive_ms,1.085038
latency,1,682,http1_rust_nodelay_all_c16_keepalive_ms,1.414584
latency,1,683,http1_rust_nodelay_all_c16_keepalive_ms,1.102839
latency,1,684,http1_rust_nodelay_all_c16_keepalive_ms,1.433445
latency,1,685,http1_rust_nodelay_all_c16_keepalive_ms,1.299382
latency,1,686,http1_rust_nodelay_all_c16_keepalive_ms,1.357983
latency,1,687,http1_rust_nodelay_all_c16_keepalive_ms,1.047978
latency,1,688,http1_rust_nodelay_all_c16_keepalive_ms,1.432764
latency,1,689,http1_rust_nodelay_all_c16_keepalive_ms,1.425975
latency,1,690,http1_rust_nodelay_all_c16_keepalive_ms,1.425904
latency,1,691,http1_rust_nodelay_all_c16_keepalive_ms,1.423664
latency,1,692,http1_rust_nodelay_all_c16_keepalive_ms,1.354803
latency,1,693,http1_rust_nodelay_all_c16_keepalive_ms,1.081548
latency,1,694,http1_rust_nodelay_all_c16_keepalive_ms,1.612488
latency,1,695,http1_rust_nodelay_all_c16_keepalive_ms,1.425744
latency,1,696,http1_rust_nodelay_all_c16_keepalive_ms,1.125409
latency,1,697,http1_rust_nodelay_all_c16_keepalive_ms,1.530696
latency,1,698,http1_rust_nodelay_all_c16_keepalive_ms,7.717162
latency,1,699,http1_rust_nodelay_all_c16_keepalive_ms,1.419924
latency,1,700,http1_rust_nodelay_all_c16_keepalive_ms,1.128159
latency,1,701,http1_rust_nodelay_all_c16_keepalive_ms,1.096369
latency,1,702,http1_rust_nodelay_all_c16_keepalive_ms,1.092508
latency,1,703,http1_rust_nodelay_all_c16_keepalive_ms,1.375084
latency,1,704,http1_rust_nodelay_all_c16_keepalive_ms,1.083088
latency,1,705,http1_rust_nodelay_all_c16_keepalive_ms,1.144130
latency,1,706,http1_rust_nodelay_all_c16_keepalive_ms,1.381873
latency,1,707,http1_rust_nodelay_all_c16_keepalive_ms,1.031878
latency,1,708,http1_rust_nodelay_all_c16_keepalive_ms,1.397424
latency,1,709,http1_rust_nodelay_all_c16_keepalive_ms,1.411474
latency,1,710,http1_rust_nodelay_all_c16_keepalive_ms,1.411714
latency,1,711,http1_rust_nodelay_all_c16_keepalive_ms,1.447824
latency,1,712,http1_rust_nodelay_all_c16_keepalive_ms,1.467625
latency,1,713,http1_rust_nodelay_all_c16_keepalive_ms,1.152880
latency,1,714,http1_rust_nodelay_all_c16_keepalive_ms,1.076428
latency,1,715,http1_rust_nodelay_all_c16_keepalive_ms,1.109989
latency,1,716,http1_rust_nodelay_all_c16_keepalive_ms,1.456295
latency,1,717,http1_rust_nodelay_all_c16_keepalive_ms,1.101979
latency,1,718,http1_rust_nodelay_all_c16_keepalive_ms,1.405763
latency,1,719,http1_rust_nodelay_all_c16_keepalive_ms,1.095639
latency,1,400,http1_rust_nodelay_all_c16_keepalive_ms,1.566306
latency,1,401,http1_rust_nodelay_all_c16_keepalive_ms,1.276402
latency,1,402,http1_rust_nodelay_all_c16_keepalive_ms,1.592697
latency,1,403,http1_rust_nodelay_all_c16_keepalive_ms,1.488615
latency,1,404,http1_rust_nodelay_all_c16_keepalive_ms,1.653558
latency,1,405,http1_rust_nodelay_all_c16_keepalive_ms,1.593568
latency,1,406,http1_rust_nodelay_all_c16_keepalive_ms,1.061618
latency,1,407,http1_rust_nodelay_all_c16_keepalive_ms,1.098648
latency,1,408,http1_rust_nodelay_all_c16_keepalive_ms,1.237241
latency,1,409,http1_rust_nodelay_all_c16_keepalive_ms,1.439395
latency,1,410,http1_rust_nodelay_all_c16_keepalive_ms,1.140269
latency,1,411,http1_rust_nodelay_all_c16_keepalive_ms,1.418405
latency,1,412,http1_rust_nodelay_all_c16_keepalive_ms,1.487435
latency,1,413,http1_rust_nodelay_all_c16_keepalive_ms,1.465575
latency,1,414,http1_rust_nodelay_all_c16_keepalive_ms,1.471205
latency,1,415,http1_rust_nodelay_all_c16_keepalive_ms,1.506125
latency,1,416,http1_rust_nodelay_all_c16_keepalive_ms,1.449275
latency,1,417,http1_rust_nodelay_all_c16_keepalive_ms,1.455235
latency,1,418,http1_rust_nodelay_all_c16_keepalive_ms,1.506315
latency,1,419,http1_rust_nodelay_all_c16_keepalive_ms,1.445255
latency,1,420,http1_rust_nodelay_all_c16_keepalive_ms,1.412694
latency,1,421,http1_rust_nodelay_all_c16_keepalive_ms,1.122359
latency,1,422,http1_rust_nodelay_all_c16_keepalive_ms,1.408844
latency,1,423,http1_rust_nodelay_all_c16_keepalive_ms,1.083049
latency,1,424,http1_rust_nodelay_all_c16_keepalive_ms,1.406324
latency,1,425,http1_rust_nodelay_all_c16_keepalive_ms,1.388233
latency,1,426,http1_rust_nodelay_all_c16_keepalive_ms,1.022338
latency,1,427,http1_rust_nodelay_all_c16_keepalive_ms,1.309182
latency,1,428,http1_rust_nodelay_all_c16_keepalive_ms,1.077118
latency,1,429,http1_rust_nodelay_all_c16_keepalive_ms,1.308302
latency,1,430,http1_rust_nodelay_all_c16_keepalive_ms,1.024588
latency,1,431,http1_rust_nodelay_all_c16_keepalive_ms,1.270262
latency,1,432,http1_rust_nodelay_all_c16_keepalive_ms,1.307932
latency,1,433,http1_rust_nodelay_all_c16_keepalive_ms,1.512056
latency,1,434,http1_rust_nodelay_all_c16_keepalive_ms,1.133849
latency,1,435,http1_rust_nodelay_all_c16_keepalive_ms,1.067038
latency,1,436,http1_rust_nodelay_all_c16_keepalive_ms,1.399004
latency,1,437,http1_rust_nodelay_all_c16_keepalive_ms,1.092479
latency,1,438,http1_rust_nodelay_all_c16_keepalive_ms,1.019447
latency,1,439,http1_rust_nodelay_all_c16_keepalive_ms,1.422464
latency,1,440,http1_rust_nodelay_all_c16_keepalive_ms,1.144509
latency,1,441,http1_rust_nodelay_all_c16_keepalive_ms,1.438655
latency,1,442,http1_rust_nodelay_all_c16_keepalive_ms,7.474497
latency,1,443,http1_rust_nodelay_all_c16_keepalive_ms,1.424544
latency,1,444,http1_rust_nodelay_all_c16_keepalive_ms,1.061569
latency,1,445,http1_rust_nodelay_all_c16_keepalive_ms,1.070968
latency,1,446,http1_rust_nodelay_all_c16_keepalive_ms,1.088618
latency,1,447,http1_rust_nodelay_all_c16_keepalive_ms,1.070069
latency,1,448,http1_rust_nodelay_all_c16_keepalive_ms,1.297252
latency,1,449,http1_rust_nodelay_all_c16_keepalive_ms,1.145139
latency,1,450,http1_rust_nodelay_all_c16_keepalive_ms,1.769670
latency,1,451,http1_rust_nodelay_all_c16_keepalive_ms,1.346523
latency,1,452,http1_rust_nodelay_all_c16_keepalive_ms,1.444755
latency,1,453,http1_rust_nodelay_all_c16_keepalive_ms,1.145669
latency,1,454,http1_rust_nodelay_all_c16_keepalive_ms,1.524976
latency,1,455,http1_rust_nodelay_all_c16_keepalive_ms,1.447145
latency,1,456,http1_rust_nodelay_all_c16_keepalive_ms,1.433724
latency,1,457,http1_rust_nodelay_all_c16_keepalive_ms,1.082109
latency,1,458,http1_rust_nodelay_all_c16_keepalive_ms,1.439824
latency,1,459,http1_rust_nodelay_all_c16_keepalive_ms,1.124969
latency,1,460,http1_rust_nodelay_all_c16_keepalive_ms,1.427304
latency,1,461,http1_rust_nodelay_all_c16_keepalive_ms,1.520986
latency,1,462,http1_rust_nodelay_all_c16_keepalive_ms,1.415884
latency,1,463,http1_rust_nodelay_all_c16_keepalive_ms,1.464875
latency,1,464,http1_rust_nodelay_all_c16_keepalive_ms,1.461645
latency,1,465,http1_rust_nodelay_all_c16_keepalive_ms,1.123209
latency,1,466,http1_rust_nodelay_all_c16_keepalive_ms,1.330063
latency,1,467,http1_rust_nodelay_all_c16_keepalive_ms,1.082379
latency,1,468,http1_rust_nodelay_all_c16_keepalive_ms,1.428804
latency,1,469,http1_rust_nodelay_all_c16_keepalive_ms,1.039668
latency,1,470,http1_rust_nodelay_all_c16_keepalive_ms,1.415874
latency,1,471,http1_rust_nodelay_all_c16_keepalive_ms,1.455295
latency,1,472,http1_rust_nodelay_all_c16_keepalive_ms,1.492595
latency,1,473,http1_rust_nodelay_all_c16_keepalive_ms,1.080778
latency,1,474,http1_rust_nodelay_all_c16_keepalive_ms,1.451075
latency,1,475,http1_rust_nodelay_all_c16_keepalive_ms,1.453874
latency,1,476,http1_rust_nodelay_all_c16_keepalive_ms,1.418554
latency,1,477,http1_rust_nodelay_all_c16_keepalive_ms,1.454264
latency,1,478,http1_rust_nodelay_all_c16_keepalive_ms,1.488106
latency,1,479,http1_rust_nodelay_all_c16_keepalive_ms,1.308692
latency,1,800,http1_rust_nodelay_all_c16_keepalive_ms,1.537417
latency,1,801,http1_rust_nodelay_all_c16_keepalive_ms,1.632237
latency,1,802,http1_rust_nodelay_all_c16_keepalive_ms,1.588047
latency,1,803,http1_rust_nodelay_all_c16_keepalive_ms,1.133849
latency,1,804,http1_rust_nodelay_all_c16_keepalive_ms,1.650209
latency,1,805,http1_rust_nodelay_all_c16_keepalive_ms,1.595107
latency,1,806,http1_rust_nodelay_all_c16_keepalive_ms,1.436504
latency,1,807,http1_rust_nodelay_all_c16_keepalive_ms,1.605898
latency,1,808,http1_rust_nodelay_all_c16_keepalive_ms,1.091178
latency,1,809,http1_rust_nodelay_all_c16_keepalive_ms,1.097639
latency,1,810,http1_rust_nodelay_all_c16_keepalive_ms,1.492705
latency,1,811,http1_rust_nodelay_all_c16_keepalive_ms,1.402204
latency,1,812,http1_rust_nodelay_all_c16_keepalive_ms,1.513336
latency,1,813,http1_rust_nodelay_all_c16_keepalive_ms,1.469505
latency,1,814,http1_rust_nodelay_all_c16_keepalive_ms,1.312052
latency,1,815,http1_rust_nodelay_all_c16_keepalive_ms,1.145820
latency,1,816,http1_rust_nodelay_all_c16_keepalive_ms,1.091728
latency,1,817,http1_rust_nodelay_all_c16_keepalive_ms,1.190020
latency,1,818,http1_rust_nodelay_all_c16_keepalive_ms,1.462275
latency,1,819,http1_rust_nodelay_all_c16_keepalive_ms,1.551087
latency,1,820,http1_rust_nodelay_all_c16_keepalive_ms,1.425984
latency,1,821,http1_rust_nodelay_all_c16_keepalive_ms,1.414874
latency,1,822,http1_rust_nodelay_all_c16_keepalive_ms,1.082449
latency,1,823,http1_rust_nodelay_all_c16_keepalive_ms,1.079878
latency,1,824,http1_rust_nodelay_all_c16_keepalive_ms,1.433795
latency,1,825,http1_rust_nodelay_all_c16_keepalive_ms,1.466495
latency,1,826,http1_rust_nodelay_all_c16_keepalive_ms,1.039727
latency,1,827,http1_rust_nodelay_all_c16_keepalive_ms,1.298612
latency,1,828,http1_rust_nodelay_all_c16_keepalive_ms,1.046458
latency,1,829,http1_rust_nodelay_all_c16_keepalive_ms,1.326012
latency,1,830,http1_rust_nodelay_all_c16_keepalive_ms,1.337873
latency,1,831,http1_rust_nodelay_all_c16_keepalive_ms,1.275382
latency,1,832,http1_rust_nodelay_all_c16_keepalive_ms,1.302172
latency,1,833,http1_rust_nodelay_all_c16_keepalive_ms,1.511676
latency,1,834,http1_rust_nodelay_all_c16_keepalive_ms,1.134949
latency,1,835,http1_rust_nodelay_all_c16_keepalive_ms,1.066028
latency,1,836,http1_rust_nodelay_all_c16_keepalive_ms,1.400344
latency,1,837,http1_rust_nodelay_all_c16_keepalive_ms,1.091629
latency,1,838,http1_rust_nodelay_all_c16_keepalive_ms,1.450655
latency,1,839,http1_rust_nodelay_all_c16_keepalive_ms,1.409163
latency,1,840,http1_rust_nodelay_all_c16_keepalive_ms,1.500346
latency,1,841,http1_rust_nodelay_all_c16_keepalive_ms,1.453985
latency,1,842,http1_rust_nodelay_all_c16_keepalive_ms,1.124659
latency,1,843,http1_rust_nodelay_all_c16_keepalive_ms,1.399174
latency,1,844,http1_rust_nodelay_all_c16_keepalive_ms,4.231642
latency,1,845,http1_rust_nodelay_all_c16_keepalive_ms,0.748473
latency,1,846,http1_rust_nodelay_all_c16_keepalive_ms,1.067208
latency,1,847,http1_rust_nodelay_all_c16_keepalive_ms,1.391573
latency,1,848,http1_rust_nodelay_all_c16_keepalive_ms,1.403454
latency,1,849,http1_rust_nodelay_all_c16_keepalive_ms,1.429845
latency,1,850,http1_rust_nodelay_all_c16_keepalive_ms,1.344282
latency,1,851,http1_rust_nodelay_all_c16_keepalive_ms,1.590937
latency,1,852,http1_rust_nodelay_all_c16_keepalive_ms,1.636488
latency,1,853,http1_rust_nodelay_all_c16_keepalive_ms,1.430705
latency,1,854,http1_rust_nodelay_all_c16_keepalive_ms,1.530936
latency,1,855,http1_rust_nodelay_all_c16_keepalive_ms,1.355083
latency,1,856,http1_rust_nodelay_all_c16_keepalive_ms,1.438344
latency,1,857,http1_rust_nodelay_all_c16_keepalive_ms,1.414524
latency,1,858,http1_rust_nodelay_all_c16_keepalive_ms,1.418285
latency,1,859,http1_rust_nodelay_all_c16_keepalive_ms,1.444444
latency,1,860,http1_rust_nodelay_all_c16_keepalive_ms,1.132910
latency,1,861,http1_rust_nodelay_all_c16_keepalive_ms,1.430494
latency,1,862,http1_rust_nodelay_all_c16_keepalive_ms,4.389794
latency,1,863,http1_rust_nodelay_all_c16_keepalive_ms,1.461855
latency,1,864,http1_rust_nodelay_all_c16_keepalive_ms,1.423995
latency,1,865,http1_rust_nodelay_all_c16_keepalive_ms,1.026887
latency,1,866,http1_rust_nodelay_all_c16_keepalive_ms,1.385824
latency,1,867,http1_rust_nodelay_all_c16_keepalive_ms,1.127499
latency,1,868,http1_rust_nodelay_all_c16_keepalive_ms,1.315302
latency,1,869,http1_rust_nodelay_all_c16_keepalive_ms,1.133150
latency,1,870,http1_rust_nodelay_all_c16_keepalive_ms,1.086088
latency,1,871,http1_rust_nodelay_all_c16_keepalive_ms,1.467125
latency,1,872,http1_rust_nodelay_all_c16_keepalive_ms,1.454725
latency,1,873,http1_rust_nodelay_all_c16_keepalive_ms,1.472055
latency,1,874,http1_rust_nodelay_all_c16_keepalive_ms,1.452624
latency,1,875,http1_rust_nodelay_all_c16_keepalive_ms,1.436165
latency,1,876,http1_rust_nodelay_all_c16_keepalive_ms,1.460405
latency,1,877,http1_rust_nodelay_all_c16_keepalive_ms,1.489535
latency,1,878,http1_rust_nodelay_all_c16_keepalive_ms,1.309482
latency,1,879,http1_rust_nodelay_all_c16_keepalive_ms,0.918726
latency,1,1040,http1_rust_nodelay_all_c16_keepalive_ms,1.430064
latency,1,1041,http1_rust_nodelay_all_c16_keepalive_ms,1.603657
latency,1,1042,http1_rust_nodelay_all_c16_keepalive_ms,1.191230
latency,1,1043,http1_rust_nodelay_all_c16_keepalive_ms,1.626118
latency,1,1044,http1_rust_nodelay_all_c16_keepalive_ms,12.027255
latency,1,1045,http1_rust_nodelay_all_c16_keepalive_ms,1.451465
latency,1,1046,http1_rust_nodelay_all_c16_keepalive_ms,1.080948
latency,1,1047,http1_rust_nodelay_all_c16_keepalive_ms,1.104539
latency,1,1048,http1_rust_nodelay_all_c16_keepalive_ms,1.442774
latency,1,1049,http1_rust_nodelay_all_c16_keepalive_ms,1.221381
latency,1,1050,http1_rust_nodelay_all_c16_keepalive_ms,1.101829
latency,1,1051,http1_rust_nodelay_all_c16_keepalive_ms,1.100918
latency,1,1052,http1_rust_nodelay_all_c16_keepalive_ms,1.124580
latency,1,1053,http1_rust_nodelay_all_c16_keepalive_ms,1.401474
latency,1,1054,http1_rust_nodelay_all_c16_keepalive_ms,1.483395
latency,1,1055,http1_rust_nodelay_all_c16_keepalive_ms,1.434174
latency,1,1056,http1_rust_nodelay_all_c16_keepalive_ms,1.453145
latency,1,1057,http1_rust_nodelay_all_c16_keepalive_ms,1.443605
latency,1,1058,http1_rust_nodelay_all_c16_keepalive_ms,1.406164
latency,1,1059,http1_rust_nodelay_all_c16_keepalive_ms,1.314752
latency,1,1060,http1_rust_nodelay_all_c16_keepalive_ms,1.023147
latency,1,1061,http1_rust_nodelay_all_c16_keepalive_ms,1.088459
latency,1,1062,http1_rust_nodelay_all_c16_keepalive_ms,1.307632
latency,1,1063,http1_rust_nodelay_all_c16_keepalive_ms,1.312642
latency,1,1064,http1_rust_nodelay_all_c16_keepalive_ms,1.265642
latency,1,1065,http1_rust_nodelay_all_c16_keepalive_ms,1.024467
latency,1,1066,http1_rust_nodelay_all_c16_keepalive_ms,1.452595
latency,1,1067,http1_rust_nodelay_all_c16_keepalive_ms,1.460995
latency,1,1068,http1_rust_nodelay_all_c16_keepalive_ms,1.384684
latency,1,1069,http1_rust_nodelay_all_c16_keepalive_ms,1.438304
latency,1,1070,http1_rust_nodelay_all_c16_keepalive_ms,1.456515
latency,1,1071,http1_rust_nodelay_all_c16_keepalive_ms,1.427154
latency,1,1072,http1_rust_nodelay_all_c16_keepalive_ms,1.482865
latency,1,1073,http1_rust_nodelay_all_c16_keepalive_ms,1.103179
latency,1,1074,http1_rust_nodelay_all_c16_keepalive_ms,1.083108
latency,1,1075,http1_rust_nodelay_all_c16_keepalive_ms,1.383064
latency,1,1076,http1_rust_nodelay_all_c16_keepalive_ms,1.422614
latency,1,1077,http1_rust_nodelay_all_c16_keepalive_ms,1.415274
latency,1,1078,http1_rust_nodelay_all_c16_keepalive_ms,1.329983
latency,1,1079,http1_rust_nodelay_all_c16_keepalive_ms,1.370243
latency,1,1080,http1_rust_nodelay_all_c16_keepalive_ms,1.054328
latency,1,1081,http1_rust_nodelay_all_c16_keepalive_ms,1.072729
latency,1,1082,http1_rust_nodelay_all_c16_keepalive_ms,1.444134
latency,1,1083,http1_rust_nodelay_all_c16_keepalive_ms,1.423285
latency,1,1084,http1_rust_nodelay_all_c16_keepalive_ms,1.352042
latency,1,1085,http1_rust_nodelay_all_c16_keepalive_ms,1.019077
latency,1,1086,http1_rust_nodelay_all_c16_keepalive_ms,1.676639
latency,1,1087,http1_rust_nodelay_all_c16_keepalive_ms,1.468905
latency,1,1088,http1_rust_nodelay_all_c16_keepalive_ms,1.398844
latency,1,1089,http1_rust_nodelay_all_c16_keepalive_ms,1.177080
latency,1,1090,http1_rust_nodelay_all_c16_keepalive_ms,1.184950
latency,1,1091,http1_rust_nodelay_all_c16_keepalive_ms,1.440585
latency,1,1092,http1_rust_nodelay_all_c16_keepalive_ms,1.419844
latency,1,1093,http1_rust_nodelay_all_c16_keepalive_ms,1.466625
latency,1,1094,http1_rust_nodelay_all_c16_keepalive_ms,1.084848
latency,1,1095,http1_rust_nodelay_all_c16_keepalive_ms,1.121230
latency,1,1096,http1_rust_nodelay_all_c16_keepalive_ms,1.414074
latency,1,1097,http1_rust_nodelay_all_c16_keepalive_ms,1.520055
latency,1,1098,http1_rust_nodelay_all_c16_keepalive_ms,1.419634
latency,1,1099,http1_rust_nodelay_all_c16_keepalive_ms,1.457945
latency,1,1100,http1_rust_nodelay_all_c16_keepalive_ms,1.456535
latency,1,1101,http1_rust_nodelay_all_c16_keepalive_ms,1.511166
latency,1,1102,http1_rust_nodelay_all_c16_keepalive_ms,1.375443
latency,1,1103,http1_rust_nodelay_all_c16_keepalive_ms,1.006617
latency,1,1104,http1_rust_nodelay_all_c16_keepalive_ms,1.477826
latency,1,1105,http1_rust_nodelay_all_c16_keepalive_ms,1.369443
latency,1,1106,http1_rust_nodelay_all_c16_keepalive_ms,1.415954
latency,1,1107,http1_rust_nodelay_all_c16_keepalive_ms,1.456415
latency,1,1108,http1_rust_nodelay_all_c16_keepalive_ms,1.497395
latency,1,1109,http1_rust_nodelay_all_c16_keepalive_ms,1.075178
latency,1,1110,http1_rust_nodelay_all_c16_keepalive_ms,1.139150
latency,1,1111,http1_rust_nodelay_all_c16_keepalive_ms,1.426764
latency,1,1112,http1_rust_nodelay_all_c16_keepalive_ms,1.098339
latency,1,1113,http1_rust_nodelay_all_c16_keepalive_ms,1.097939
latency,1,1114,http1_rust_nodelay_all_c16_keepalive_ms,1.421544
latency,1,1115,http1_rust_nodelay_all_c16_keepalive_ms,1.535696
latency,1,1116,http1_rust_nodelay_all_c16_keepalive_ms,0.947136
latency,1,1117,http1_rust_nodelay_all_c16_keepalive_ms,1.163340
latency,1,1118,http1_rust_nodelay_all_c16_keepalive_ms,2.039365
latency,1,1119,http1_rust_nodelay_all_c16_keepalive_ms,1.021697
latency,1,1200,http1_rust_nodelay_all_c16_keepalive_ms,1.416764
latency,1,1201,http1_rust_nodelay_all_c16_keepalive_ms,1.600467
latency,1,1202,http1_rust_nodelay_all_c16_keepalive_ms,0.752523
latency,1,1203,http1_rust_nodelay_all_c16_keepalive_ms,1.642607
latency,1,1204,http1_rust_nodelay_all_c16_keepalive_ms,1.519876
latency,1,1205,http1_rust_nodelay_all_c16_keepalive_ms,1.250572
latency,1,1206,http1_rust_nodelay_all_c16_keepalive_ms,1.528276
latency,1,1207,http1_rust_nodelay_all_c16_keepalive_ms,1.097618
latency,1,1208,http1_rust_nodelay_all_c16_keepalive_ms,1.136760
latency,1,1209,http1_rust_nodelay_all_c16_keepalive_ms,1.084158
latency,1,1210,http1_rust_nodelay_all_c16_keepalive_ms,1.116869
latency,1,1211,http1_rust_nodelay_all_c16_keepalive_ms,1.487776
latency,1,1212,http1_rust_nodelay_all_c16_keepalive_ms,1.414274
latency,1,1213,http1_rust_nodelay_all_c16_keepalive_ms,1.507155
latency,1,1214,http1_rust_nodelay_all_c16_keepalive_ms,1.460575
latency,1,1215,http1_rust_nodelay_all_c16_keepalive_ms,1.429514
latency,1,1216,http1_rust_nodelay_all_c16_keepalive_ms,1.138700
latency,1,1217,http1_rust_nodelay_all_c16_keepalive_ms,1.580067
latency,1,1218,http1_rust_nodelay_all_c16_keepalive_ms,1.101718
latency,1,1219,http1_rust_nodelay_all_c16_keepalive_ms,1.102009
latency,1,1220,http1_rust_nodelay_all_c16_keepalive_ms,1.123589
latency,1,1221,http1_rust_nodelay_all_c16_keepalive_ms,1.402684
latency,1,1222,http1_rust_nodelay_all_c16_keepalive_ms,1.383484
latency,1,1223,http1_rust_nodelay_all_c16_keepalive_ms,1.435134
latency,1,1224,http1_rust_nodelay_all_c16_keepalive_ms,1.440245
latency,1,1225,http1_rust_nodelay_all_c16_keepalive_ms,1.082958
latency,1,1226,http1_rust_nodelay_all_c16_keepalive_ms,1.420834
latency,1,1227,http1_rust_nodelay_all_c16_keepalive_ms,1.037748
latency,1,1228,http1_rust_nodelay_all_c16_keepalive_ms,1.293172
latency,1,1229,http1_rust_nodelay_all_c16_keepalive_ms,1.399734
latency,1,1230,http1_rust_nodelay_all_c16_keepalive_ms,1.325312
latency,1,1231,http1_rust_nodelay_all_c16_keepalive_ms,1.335373
latency,1,1232,http1_rust_nodelay_all_c16_keepalive_ms,0.979667
latency,1,1233,http1_rust_nodelay_all_c16_keepalive_ms,1.311372
latency,1,1234,http1_rust_nodelay_all_c16_keepalive_ms,1.057308
latency,1,1235,http1_rust_nodelay_all_c16_keepalive_ms,1.154030
latency,1,1236,http1_rust_nodelay_all_c16_keepalive_ms,1.046218
latency,1,1237,http1_rust_nodelay_all_c16_keepalive_ms,1.411664
latency,1,1238,http1_rust_nodelay_all_c16_keepalive_ms,1.103318
latency,1,1239,http1_rust_nodelay_all_c16_keepalive_ms,1.065559
latency,1,1240,http1_rust_nodelay_all_c16_keepalive_ms,1.392203
latency,1,1241,http1_rust_nodelay_all_c16_keepalive_ms,1.335513
latency,1,1242,http1_rust_nodelay_all_c16_keepalive_ms,1.280422
latency,1,1243,http1_rust_nodelay_all_c16_keepalive_ms,1.455384
latency,1,1244,http1_rust_nodelay_all_c16_keepalive_ms,1.481226
latency,1,1245,http1_rust_nodelay_all_c16_keepalive_ms,1.422114
latency,1,1246,http1_rust_nodelay_all_c16_keepalive_ms,10.024591
latency,1,1247,http1_rust_nodelay_all_c16_keepalive_ms,1.319842
latency,1,1248,http1_rust_nodelay_all_c16_keepalive_ms,1.243451
latency,1,1249,http1_rust_nodelay_all_c16_keepalive_ms,1.611907
latency,1,1250,http1_rust_nodelay_all_c16_keepalive_ms,1.029988
latency,1,1251,http1_rust_nodelay_all_c16_keepalive_ms,1.511746
latency,1,1252,http1_rust_nodelay_all_c16_keepalive_ms,1.497825
latency,1,1253,http1_rust_nodelay_all_c16_keepalive_ms,1.105999
latency,1,1254,http1_rust_nodelay_all_c16_keepalive_ms,1.089339
latency,1,1255,http1_rust_nodelay_all_c16_keepalive_ms,1.093198
latency,1,1256,http1_rust_nodelay_all_c16_keepalive_ms,1.419635
latency,1,1257,http1_rust_nodelay_all_c16_keepalive_ms,1.486315
latency,1,1258,http1_rust_nodelay_all_c16_keepalive_ms,1.132679
latency,1,1259,http1_rust_nodelay_all_c16_keepalive_ms,1.404754
latency,1,1260,http1_rust_nodelay_all_c16_keepalive_ms,1.184260
latency,1,1261,http1_rust_nodelay_all_c16_keepalive_ms,1.443194
latency,1,1262,http1_rust_nodelay_all_c16_keepalive_ms,13.149564
latency,1,1263,http1_rust_nodelay_all_c16_keepalive_ms,1.457855
latency,1,1264,http1_rust_nodelay_all_c16_keepalive_ms,1.511456
latency,1,1265,http1_rust_nodelay_all_c16_keepalive_ms,1.454455
latency,1,1266,http1_rust_nodelay_all_c16_keepalive_ms,1.434694
latency,1,1267,http1_rust_nodelay_all_c16_keepalive_ms,1.072498
latency,1,1268,http1_rust_nodelay_all_c16_keepalive_ms,1.132240
latency,1,1269,http1_rust_nodelay_all_c16_keepalive_ms,1.419844
latency,1,1270,http1_rust_nodelay_all_c16_keepalive_ms,1.235541
latency,1,1271,http1_rust_nodelay_all_c16_keepalive_ms,1.816421
latency,1,1272,http1_rust_nodelay_all_c16_keepalive_ms,1.078988
latency,1,1273,http1_rust_nodelay_all_c16_keepalive_ms,0.797014
latency,1,1274,http1_rust_nodelay_all_c16_keepalive_ms,1.410584
latency,1,1275,http1_rust_nodelay_all_c16_keepalive_ms,0.820234
latency,1,1276,http1_rust_nodelay_all_c16_keepalive_ms,1.021567
latency,1,1277,http1_rust_nodelay_all_c16_keepalive_ms,0.845224
latency,1,1278,http1_rust_nodelay_all_c16_keepalive_ms,0.901926
latency,1,1279,http1_rust_nodelay_all_c16_keepalive_ms,0.766703
latency,1,0,http1_rust_nodelay_all_c16_keepalive_ms,1.505756
latency,1,1,http1_rust_nodelay_all_c16_keepalive_ms,1.635068
latency,1,2,http1_rust_nodelay_all_c16_keepalive_ms,1.588006
latency,1,3,http1_rust_nodelay_all_c16_keepalive_ms,1.521496
latency,1,4,http1_rust_nodelay_all_c16_keepalive_ms,1.653808
latency,1,5,http1_rust_nodelay_all_c16_keepalive_ms,1.533607
latency,1,6,http1_rust_nodelay_all_c16_keepalive_ms,1.453174
latency,1,7,http1_rust_nodelay_all_c16_keepalive_ms,1.237551
latency,1,8,http1_rust_nodelay_all_c16_keepalive_ms,1.439815
latency,1,9,http1_rust_nodelay_all_c16_keepalive_ms,1.489565
latency,1,10,http1_rust_nodelay_all_c16_keepalive_ms,1.072919
latency,1,11,http1_rust_nodelay_all_c16_keepalive_ms,1.441194
latency,1,12,http1_rust_nodelay_all_c16_keepalive_ms,1.522106
latency,1,13,http1_rust_nodelay_all_c16_keepalive_ms,1.441245
latency,1,14,http1_rust_nodelay_all_c16_keepalive_ms,1.470104
latency,1,15,http1_rust_nodelay_all_c16_keepalive_ms,1.480006
latency,1,16,http1_rust_nodelay_all_c16_keepalive_ms,1.571446
latency,1,17,http1_rust_nodelay_all_c16_keepalive_ms,1.463495
latency,1,18,http1_rust_nodelay_all_c16_keepalive_ms,1.547977
latency,1,19,http1_rust_nodelay_all_c16_keepalive_ms,1.428254
latency,1,20,http1_rust_nodelay_all_c16_keepalive_ms,1.082679
latency,1,21,http1_rust_nodelay_all_c16_keepalive_ms,1.431144
latency,1,22,http1_rust_nodelay_all_c16_keepalive_ms,1.061408
latency,1,23,http1_rust_nodelay_all_c16_keepalive_ms,1.438295
latency,1,24,http1_rust_nodelay_all_c16_keepalive_ms,1.066308
latency,1,25,http1_rust_nodelay_all_c16_keepalive_ms,10.416767
latency,1,26,http1_rust_nodelay_all_c16_keepalive_ms,1.459855
latency,1,27,http1_rust_nodelay_all_c16_keepalive_ms,1.067608
latency,1,28,http1_rust_nodelay_all_c16_keepalive_ms,1.426264
latency,1,29,http1_rust_nodelay_all_c16_keepalive_ms,1.441735
latency,1,30,http1_rust_nodelay_all_c16_keepalive_ms,1.079338
latency,1,31,http1_rust_nodelay_all_c16_keepalive_ms,1.094379
latency,1,32,http1_rust_nodelay_all_c16_keepalive_ms,1.497485
latency,1,33,http1_rust_nodelay_all_c16_keepalive_ms,1.456015
latency,1,34,http1_rust_nodelay_all_c16_keepalive_ms,1.439084
latency,1,35,http1_rust_nodelay_all_c16_keepalive_ms,1.084779
latency,1,36,http1_rust_nodelay_all_c16_keepalive_ms,1.110979
latency,1,37,http1_rust_nodelay_all_c16_keepalive_ms,1.296162
latency,1,38,http1_rust_nodelay_all_c16_keepalive_ms,1.022787
latency,1,39,http1_rust_nodelay_all_c16_keepalive_ms,1.442415
latency,1,40,http1_rust_nodelay_all_c16_keepalive_ms,1.391874
latency,1,41,http1_rust_nodelay_all_c16_keepalive_ms,1.411544
latency,1,42,http1_rust_nodelay_all_c16_keepalive_ms,1.080908
latency,1,43,http1_rust_nodelay_all_c16_keepalive_ms,1.061558
latency,1,44,http1_rust_nodelay_all_c16_keepalive_ms,1.340223
latency,1,45,http1_rust_nodelay_all_c16_keepalive_ms,1.469065
latency,1,46,http1_rust_nodelay_all_c16_keepalive_ms,1.405704
latency,1,47,http1_rust_nodelay_all_c16_keepalive_ms,1.005487
latency,1,48,http1_rust_nodelay_all_c16_keepalive_ms,1.401024
latency,1,49,http1_rust_nodelay_all_c16_keepalive_ms,1.530976
latency,1,50,http1_rust_nodelay_all_c16_keepalive_ms,1.151289
latency,1,51,http1_rust_nodelay_all_c16_keepalive_ms,1.085809
latency,1,52,http1_rust_nodelay_all_c16_keepalive_ms,1.090138
latency,1,53,http1_rust_nodelay_all_c16_keepalive_ms,1.410865
latency,1,54,http1_rust_nodelay_all_c16_keepalive_ms,1.486845
latency,1,55,http1_rust_nodelay_all_c16_keepalive_ms,1.371913
latency,1,56,http1_rust_nodelay_all_c16_keepalive_ms,1.424374
latency,1,57,http1_rust_nodelay_all_c16_keepalive_ms,1.081239
latency,1,58,http1_rust_nodelay_all_c16_keepalive_ms,1.095908
latency,1,59,http1_rust_nodelay_all_c16_keepalive_ms,1.414374
latency,1,60,http1_rust_nodelay_all_c16_keepalive_ms,1.135200
latency,1,61,http1_rust_nodelay_all_c16_keepalive_ms,1.428604
latency,1,62,http1_rust_nodelay_all_c16_keepalive_ms,1.135929
latency,1,63,http1_rust_nodelay_all_c16_keepalive_ms,1.370774
latency,1,64,http1_rust_nodelay_all_c16_keepalive_ms,1.360353
latency,1,65,http1_rust_nodelay_all_c16_keepalive_ms,1.426844
latency,1,66,http1_rust_nodelay_all_c16_keepalive_ms,1.045338
latency,1,67,http1_rust_nodelay_all_c16_keepalive_ms,10.395937
latency,1,68,http1_rust_nodelay_all_c16_keepalive_ms,1.469435
latency,1,69,http1_rust_nodelay_all_c16_keepalive_ms,1.422004
latency,1,70,http1_rust_nodelay_all_c16_keepalive_ms,0.981827
latency,1,71,http1_rust_nodelay_all_c16_keepalive_ms,2.064485
latency,1,72,http1_rust_nodelay_all_c16_keepalive_ms,0.839274
latency,1,73,http1_rust_nodelay_all_c16_keepalive_ms,1.021528
latency,1,74,http1_rust_nodelay_all_c16_keepalive_ms,1.190240
latency,1,75,http1_rust_nodelay_all_c16_keepalive_ms,1.042038
latency,1,76,http1_rust_nodelay_all_c16_keepalive_ms,1.022957
latency,1,77,http1_rust_nodelay_all_c16_keepalive_ms,0.828884
latency,1,78,http1_rust_nodelay_all_c16_keepalive_ms,0.901575
latency,1,79,http1_rust_nodelay_all_c16_keepalive_ms,0.779434
latency,1,560,http1_rust_nodelay_all_c16_keepalive_ms,1.445594
latency,1,561,http1_rust_nodelay_all_c16_keepalive_ms,1.204221
latency,1,562,http1_rust_nodelay_all_c16_keepalive_ms,1.590407
latency,1,563,http1_rust_nodelay_all_c16_keepalive_ms,1.916882
latency,1,564,http1_rust_nodelay_all_c16_keepalive_ms,1.700259
latency,1,565,http1_rust_nodelay_all_c16_keepalive_ms,1.536086
latency,1,566,http1_rust_nodelay_all_c16_keepalive_ms,1.446345
latency,1,567,http1_rust_nodelay_all_c16_keepalive_ms,1.518486
latency,1,568,http1_rust_nodelay_all_c16_keepalive_ms,1.480345
latency,1,569,http1_rust_nodelay_all_c16_keepalive_ms,1.508426
latency,1,570,http1_rust_nodelay_all_c16_keepalive_ms,1.108339
latency,1,571,http1_rust_nodelay_all_c16_keepalive_ms,1.065458
latency,1,572,http1_rust_nodelay_all_c16_keepalive_ms,1.157040
latency,1,573,http1_rust_nodelay_all_c16_keepalive_ms,1.426644
latency,1,574,http1_rust_nodelay_all_c16_keepalive_ms,1.112829
latency,1,575,http1_rust_nodelay_all_c16_keepalive_ms,1.116449
latency,1,576,http1_rust_nodelay_all_c16_keepalive_ms,1.430344
latency,1,577,http1_rust_nodelay_all_c16_keepalive_ms,0.840794
latency,1,578,http1_rust_nodelay_all_c16_keepalive_ms,1.471905
latency,1,579,http1_rust_nodelay_all_c16_keepalive_ms,1.488216
latency,1,580,http1_rust_nodelay_all_c16_keepalive_ms,1.095048
latency,1,581,http1_rust_nodelay_all_c16_keepalive_ms,1.067109
latency,1,582,http1_rust_nodelay_all_c16_keepalive_ms,1.406544
latency,1,583,http1_rust_nodelay_all_c16_keepalive_ms,1.422944
latency,1,584,http1_rust_nodelay_all_c16_keepalive_ms,1.400504
latency,1,585,http1_rust_nodelay_all_c16_keepalive_ms,1.482275
latency,1,586,http1_rust_nodelay_all_c16_keepalive_ms,1.362383
latency,1,587,http1_rust_nodelay_all_c16_keepalive_ms,1.293862
latency,1,588,http1_rust_nodelay_all_c16_keepalive_ms,1.059678
latency,1,589,http1_rust_nodelay_all_c16_keepalive_ms,0.996237
latency,1,590,http1_rust_nodelay_all_c16_keepalive_ms,1.295262
latency,1,591,http1_rust_nodelay_all_c16_keepalive_ms,1.333263
latency,1,592,http1_rust_nodelay_all_c16_keepalive_ms,1.292162
latency,1,593,http1_rust_nodelay_all_c16_keepalive_ms,1.022947
latency,1,594,http1_rust_nodelay_all_c16_keepalive_ms,1.510006
latency,1,595,http1_rust_nodelay_all_c16_keepalive_ms,1.437754
latency,1,596,http1_rust_nodelay_all_c16_keepalive_ms,1.434595
latency,1,597,http1_rust_nodelay_all_c16_keepalive_ms,1.440274
latency,1,598,http1_rust_nodelay_all_c16_keepalive_ms,1.427505
latency,1,599,http1_rust_nodelay_all_c16_keepalive_ms,1.408043
latency,1,600,http1_rust_nodelay_all_c16_keepalive_ms,1.236551
latency,1,601,http1_rust_nodelay_all_c16_keepalive_ms,1.074999
latency,1,602,http1_rust_nodelay_all_c16_keepalive_ms,1.427834
latency,1,603,http1_rust_nodelay_all_c16_keepalive_ms,1.446815
latency,1,604,http1_rust_nodelay_all_c16_keepalive_ms,1.422974
latency,1,605,http1_rust_nodelay_all_c16_keepalive_ms,1.337953
latency,1,606,http1_rust_nodelay_all_c16_keepalive_ms,1.019887
latency,1,607,http1_rust_nodelay_all_c16_keepalive_ms,1.448625
latency,1,608,http1_rust_nodelay_all_c16_keepalive_ms,1.420024
latency,1,609,http1_rust_nodelay_all_c16_keepalive_ms,1.427254
latency,1,610,http1_rust_nodelay_all_c16_keepalive_ms,1.423405
latency,1,611,http1_rust_nodelay_all_c16_keepalive_ms,1.380763
latency,1,612,http1_rust_nodelay_all_c16_keepalive_ms,1.004677
latency,1,613,http1_rust_nodelay_all_c16_keepalive_ms,1.609287
latency,1,614,http1_rust_nodelay_all_c16_keepalive_ms,1.271832
latency,1,615,http1_rust_nodelay_all_c16_keepalive_ms,1.030168
latency,1,616,http1_rust_nodelay_all_c16_keepalive_ms,1.512745
latency,1,617,http1_rust_nodelay_all_c16_keepalive_ms,1.498516
latency,1,618,http1_rust_nodelay_all_c16_keepalive_ms,1.454345
latency,1,619,http1_rust_nodelay_all_c16_keepalive_ms,1.091878
latency,1,620,http1_rust_nodelay_all_c16_keepalive_ms,1.102389
latency,1,621,http1_rust_nodelay_all_c16_keepalive_ms,1.441245
latency,1,622,http1_rust_nodelay_all_c16_keepalive_ms,1.489035
latency,1,623,http1_rust_nodelay_all_c16_keepalive_ms,1.078258
latency,1,624,http1_rust_nodelay_all_c16_keepalive_ms,1.428304
latency,1,625,http1_rust_nodelay_all_c16_keepalive_ms,9.781517
latency,1,626,http1_rust_nodelay_all_c16_keepalive_ms,1.407164
latency,1,627,http1_rust_nodelay_all_c16_keepalive_ms,1.337453
latency,1,628,http1_rust_nodelay_all_c16_keepalive_ms,1.109999
latency,1,629,http1_rust_nodelay_all_c16_keepalive_ms,1.111389
latency,1,630,http1_rust_nodelay_all_c16_keepalive_ms,1.497085
latency,1,631,http1_rust_nodelay_all_c16_keepalive_ms,1.452545
latency,1,632,http1_rust_nodelay_all_c16_keepalive_ms,1.493095
latency,1,633,http1_rust_nodelay_all_c16_keepalive_ms,1.469315
latency,1,634,http1_rust_nodelay_all_c16_keepalive_ms,10.518719
latency,1,635,http1_rust_nodelay_all_c16_keepalive_ms,1.041608
latency,1,636,http1_rust_nodelay_all_c16_keepalive_ms,0.799923
latency,1,637,http1_rust_nodelay_all_c16_keepalive_ms,1.017258
latency,1,638,http1_rust_nodelay_all_c16_keepalive_ms,0.715382
latency,1,639,http1_rust_nodelay_all_c16_keepalive_ms,0.952376
latency,1,320,http1_rust_nodelay_all_c16_keepalive_ms,1.491375
latency,1,321,http1_rust_nodelay_all_c16_keepalive_ms,1.634378
latency,1,322,http1_rust_nodelay_all_c16_keepalive_ms,1.587747
latency,1,323,http1_rust_nodelay_all_c16_keepalive_ms,1.856392
latency,1,324,http1_rust_nodelay_all_c16_keepalive_ms,1.317972
latency,1,325,http1_rust_nodelay_all_c16_keepalive_ms,1.533106
latency,1,326,http1_rust_nodelay_all_c16_keepalive_ms,1.454075
latency,1,327,http1_rust_nodelay_all_c16_keepalive_ms,1.511386
latency,1,328,http1_rust_nodelay_all_c16_keepalive_ms,1.491355
latency,1,329,http1_rust_nodelay_all_c16_keepalive_ms,1.403234
latency,1,330,http1_rust_nodelay_all_c16_keepalive_ms,1.417304
latency,1,331,http1_rust_nodelay_all_c16_keepalive_ms,1.074549
latency,1,332,http1_rust_nodelay_all_c16_keepalive_ms,1.129749
latency,1,333,http1_rust_nodelay_all_c16_keepalive_ms,1.102239
latency,1,334,http1_rust_nodelay_all_c16_keepalive_ms,1.114009
latency,1,335,http1_rust_nodelay_all_c16_keepalive_ms,1.453804
latency,1,336,http1_rust_nodelay_all_c16_keepalive_ms,1.536946
latency,1,337,http1_rust_nodelay_all_c16_keepalive_ms,1.101199
latency,1,338,http1_rust_nodelay_all_c16_keepalive_ms,1.102779
latency,1,339,http1_rust_nodelay_all_c16_keepalive_ms,1.447364
latency,1,340,http1_rust_nodelay_all_c16_keepalive_ms,1.434225
latency,1,341,http1_rust_nodelay_all_c16_keepalive_ms,1.462105
latency,1,342,http1_rust_nodelay_all_c16_keepalive_ms,1.453875
latency,1,343,http1_rust_nodelay_all_c16_keepalive_ms,1.390573
latency,1,344,http1_rust_nodelay_all_c16_keepalive_ms,1.107319
latency,1,345,http1_rust_nodelay_all_c16_keepalive_ms,1.065578
latency,1,346,http1_rust_nodelay_all_c16_keepalive_ms,1.354953
latency,1,347,http1_rust_nodelay_all_c16_keepalive_ms,1.298112
latency,1,348,http1_rust_nodelay_all_c16_keepalive_ms,1.376694
latency,1,349,http1_rust_nodelay_all_c16_keepalive_ms,1.036857
latency,1,350,http1_rust_nodelay_all_c16_keepalive_ms,1.295822
latency,1,351,http1_rust_nodelay_all_c16_keepalive_ms,0.979307
latency,1,352,http1_rust_nodelay_all_c16_keepalive_ms,1.311722
latency,1,353,http1_rust_nodelay_all_c16_keepalive_ms,1.412234
latency,1,354,http1_rust_nodelay_all_c16_keepalive_ms,8.672628
latency,1,355,http1_rust_nodelay_all_c16_keepalive_ms,1.448375
latency,1,356,http1_rust_nodelay_all_c16_keepalive_ms,1.479365
latency,1,357,http1_rust_nodelay_all_c16_keepalive_ms,1.063398
latency,1,358,http1_rust_nodelay_all_c16_keepalive_ms,1.086138
latency,1,359,http1_rust_nodelay_all_c16_keepalive_ms,1.409814
latency,1,360,http1_rust_nodelay_all_c16_keepalive_ms,1.006228
latency,1,361,http1_rust_nodelay_all_c16_keepalive_ms,1.107669
latency,1,362,http1_rust_nodelay_all_c16_keepalive_ms,1.079228
latency,1,363,http1_rust_nodelay_all_c16_keepalive_ms,1.066648
latency,1,364,http1_rust_nodelay_all_c16_keepalive_ms,13.069642
latency,1,365,http1_rust_nodelay_all_c16_keepalive_ms,1.414285
latency,1,366,http1_rust_nodelay_all_c16_keepalive_ms,1.063988
latency,1,367,http1_rust_nodelay_all_c16_keepalive_ms,1.466485
latency,1,368,http1_rust_nodelay_all_c16_keepalive_ms,1.431084
latency,1,369,http1_rust_nodelay_all_c16_keepalive_ms,1.157760
latency,1,370,http1_rust_nodelay_all_c16_keepalive_ms,1.438814
latency,1,371,http1_rust_nodelay_all_c16_keepalive_ms,1.442735
latency,1,372,http1_rust_nodelay_all_c16_keepalive_ms,1.443204
latency,1,373,http1_rust_nodelay_all_c16_keepalive_ms,1.437315
latency,1,374,http1_rust_nodelay_all_c16_keepalive_ms,1.454054
latency,1,375,http1_rust_nodelay_all_c16_keepalive_ms,1.470795
latency,1,376,http1_rust_nodelay_all_c16_keepalive_ms,1.050158
latency,1,377,http1_rust_nodelay_all_c16_keepalive_ms,1.324153
latency,1,378,http1_rust_nodelay_all_c16_keepalive_ms,9.025903
latency,1,379,http1_rust_nodelay_all_c16_keepalive_ms,1.468205
latency,1,380,http1_rust_nodelay_all_c16_keepalive_ms,1.464325
latency,1,381,http1_rust_nodelay_all_c16_keepalive_ms,1.435655
latency,1,382,http1_rust_nodelay_all_c16_keepalive_ms,1.457215
latency,1,383,http1_rust_nodelay_all_c16_keepalive_ms,1.399374
latency,1,384,http1_rust_nodelay_all_c16_keepalive_ms,1.217080
latency,1,385,http1_rust_nodelay_all_c16_keepalive_ms,1.810381
latency,1,386,http1_rust_nodelay_all_c16_keepalive_ms,0.831324
latency,1,387,http1_rust_nodelay_all_c16_keepalive_ms,1.377824
latency,1,388,http1_rust_nodelay_all_c16_keepalive_ms,0.830664
latency,1,389,http1_rust_nodelay_all_c16_keepalive_ms,1.038118
latency,1,390,http1_rust_nodelay_all_c16_keepalive_ms,1.037187
latency,1,391,http1_rust_nodelay_all_c16_keepalive_ms,0.572670
latency,1,392,http1_rust_nodelay_all_c16_keepalive_ms,0.901575
latency,1,393,http1_rust_nodelay_all_c16_keepalive_ms,0.777753
latency,1,394,http1_rust_nodelay_all_c16_keepalive_ms,0.619511
latency,1,395,http1_rust_nodelay_all_c16_keepalive_ms,0.494888
latency,1,396,http1_rust_nodelay_all_c16_keepalive_ms,0.485149
latency,1,397,http1_rust_nodelay_all_c16_keepalive_ms,0.498898
latency,1,398,http1_rust_nodelay_all_c16_keepalive_ms,1.422314
latency,1,399,http1_rust_nodelay_all_c16_keepalive_ms,0.486859
latency,1,1120,http1_rust_nodelay_all_c16_keepalive_ms,1.476625
latency,1,1121,http1_rust_nodelay_all_c16_keepalive_ms,1.632818
latency,1,1122,http1_rust_nodelay_all_c16_keepalive_ms,1.586407
latency,1,1123,http1_rust_nodelay_all_c16_keepalive_ms,1.812100
latency,1,1124,http1_rust_nodelay_all_c16_keepalive_ms,1.308233
latency,1,1125,http1_rust_nodelay_all_c16_keepalive_ms,1.541976
latency,1,1126,http1_rust_nodelay_all_c16_keepalive_ms,1.445695
latency,1,1127,http1_rust_nodelay_all_c16_keepalive_ms,1.519676
latency,1,1128,http1_rust_nodelay_all_c16_keepalive_ms,1.476115
latency,1,1129,http1_rust_nodelay_all_c16_keepalive_ms,1.513386
latency,1,1130,http1_rust_nodelay_all_c16_keepalive_ms,1.108018
latency,1,1131,http1_rust_nodelay_all_c16_keepalive_ms,1.379024
latency,1,1132,http1_rust_nodelay_all_c16_keepalive_ms,9.426640
latency,1,1133,http1_rust_nodelay_all_c16_keepalive_ms,1.095479
latency,1,1134,http1_rust_nodelay_all_c16_keepalive_ms,1.081988
latency,1,1135,http1_rust_nodelay_all_c16_keepalive_ms,1.407944
latency,1,1136,http1_rust_nodelay_all_c16_keepalive_ms,1.457585
latency,1,1137,http1_rust_nodelay_all_c16_keepalive_ms,1.083479
latency,1,1138,http1_rust_nodelay_all_c16_keepalive_ms,1.407464
latency,1,1139,http1_rust_nodelay_all_c16_keepalive_ms,10.439197
latency,1,1140,http1_rust_nodelay_all_c16_keepalive_ms,1.511546
latency,1,1141,http1_rust_nodelay_all_c16_keepalive_ms,1.436394
latency,1,1142,http1_rust_nodelay_all_c16_keepalive_ms,1.089749
latency,1,1143,http1_rust_nodelay_all_c16_keepalive_ms,1.435004
latency,1,1144,http1_rust_nodelay_all_c16_keepalive_ms,1.259262
latency,1,1145,http1_rust_nodelay_all_c16_keepalive_ms,1.453354
latency,1,1146,http1_rust_nodelay_all_c16_keepalive_ms,1.474485
latency,1,1147,http1_rust_nodelay_all_c16_keepalive_ms,1.445425
latency,1,1148,http1_rust_nodelay_all_c16_keepalive_ms,1.276772
latency,1,1149,http1_rust_nodelay_all_c16_keepalive_ms,1.097869
latency,1,1150,http1_rust_nodelay_all_c16_keepalive_ms,1.432554
latency,1,1151,http1_rust_nodelay_all_c16_keepalive_ms,0.985477
latency,1,1152,http1_rust_nodelay_all_c16_keepalive_ms,1.363513
latency,1,1153,http1_rust_nodelay_all_c16_keepalive_ms,1.442365
latency,1,1154,http1_rust_nodelay_all_c16_keepalive_ms,1.391803
latency,1,1155,http1_rust_nodelay_all_c16_keepalive_ms,1.279422
latency,1,1156,http1_rust_nodelay_all_c16_keepalive_ms,1.403404
latency,1,1157,http1_rust_nodelay_all_c16_keepalive_ms,1.430694
latency,1,1158,http1_rust_nodelay_all_c16_keepalive_ms,1.006417
latency,1,1159,http1_rust_nodelay_all_c16_keepalive_ms,1.557997
latency,1,1160,http1_rust_nodelay_all_c16_keepalive_ms,1.678288
latency,1,1161,http1_rust_nodelay_all_c16_keepalive_ms,1.387514
latency,1,1162,http1_rust_nodelay_all_c16_keepalive_ms,1.542006
latency,1,1163,http1_rust_nodelay_all_c16_keepalive_ms,1.503226
latency,1,1164,http1_rust_nodelay_all_c16_keepalive_ms,1.439464
latency,1,1165,http1_rust_nodelay_all_c16_keepalive_ms,1.064779
latency,1,1166,http1_rust_nodelay_all_c16_keepalive_ms,1.107508
latency,1,1167,http1_rust_nodelay_all_c16_keepalive_ms,1.486146
latency,1,1168,http1_rust_nodelay_all_c16_keepalive_ms,1.459315
latency,1,1169,http1_rust_nodelay_all_c16_keepalive_ms,1.090188
latency,1,1170,http1_rust_nodelay_all_c16_keepalive_ms,1.435624
latency,1,1171,http1_rust_nodelay_all_c16_keepalive_ms,1.095459
latency,1,1172,http1_rust_nodelay_all_c16_keepalive_ms,1.093489
latency,1,1173,http1_rust_nodelay_all_c16_keepalive_ms,1.098568
latency,1,1174,http1_rust_nodelay_all_c16_keepalive_ms,1.112789
latency,1,1175,http1_rust_nodelay_all_c16_keepalive_ms,1.449845
latency,1,1176,http1_rust_nodelay_all_c16_keepalive_ms,1.382324
latency,1,1177,http1_rust_nodelay_all_c16_keepalive_ms,1.350403
latency,1,1178,http1_rust_nodelay_all_c16_keepalive_ms,1.490185
latency,1,1179,http1_rust_nodelay_all_c16_keepalive_ms,1.026037
latency,1,1180,http1_rust_nodelay_all_c16_keepalive_ms,1.441535
latency,1,1181,http1_rust_nodelay_all_c16_keepalive_ms,1.075888
latency,1,1182,http1_rust_nodelay_all_c16_keepalive_ms,1.126280
latency,1,1183,http1_rust_nodelay_all_c16_keepalive_ms,1.505285
latency,1,1184,http1_rust_nodelay_all_c16_keepalive_ms,11.323833
latency,1,1185,http1_rust_nodelay_all_c16_keepalive_ms,0.861515
latency,1,1186,http1_rust_nodelay_all_c16_keepalive_ms,0.779513
latency,1,1187,http1_rust_nodelay_all_c16_keepalive_ms,1.422624
latency,1,1188,http1_rust_nodelay_all_c16_keepalive_ms,0.800204
latency,1,1189,http1_rust_nodelay_all_c16_keepalive_ms,1.048537
latency,1,1190,http1_rust_nodelay_all_c16_keepalive_ms,1.071958
latency,1,1191,http1_rust_nodelay_all_c16_keepalive_ms,0.690282
latency,1,1192,http1_rust_nodelay_all_c16_keepalive_ms,0.948196
latency,1,1193,http1_rust_nodelay_all_c16_keepalive_ms,0.661162
latency,1,1194,http1_rust_nodelay_all_c16_keepalive_ms,0.487738
latency,1,1195,http1_rust_nodelay_all_c16_keepalive_ms,0.473188
latency,1,1196,http1_rust_nodelay_all_c16_keepalive_ms,0.528049
latency,1,1197,http1_rust_nodelay_all_c16_keepalive_ms,1.425304
latency,1,1198,http1_rust_nodelay_all_c16_keepalive_ms,0.616961
latency,1,1199,http1_rust_nodelay_all_c16_keepalive_ms,0.440157
latency,1,480,http1_rust_nodelay_all_c16_keepalive_ms,1.267972
latency,1,481,http1_rust_nodelay_all_c16_keepalive_ms,1.533406
latency,1,482,http1_rust_nodelay_all_c16_keepalive_ms,1.593107
latency,1,483,http1_rust_nodelay_all_c16_keepalive_ms,1.199000
latency,1,484,http1_rust_nodelay_all_c16_keepalive_ms,1.495295
latency,1,485,http1_rust_nodelay_all_c16_keepalive_ms,1.586917
latency,1,486,http1_rust_nodelay_all_c16_keepalive_ms,1.152720
latency,1,487,http1_rust_nodelay_all_c16_keepalive_ms,1.462295
latency,1,488,http1_rust_nodelay_all_c16_keepalive_ms,1.508186
latency,1,489,http1_rust_nodelay_all_c16_keepalive_ms,1.445204
latency,1,490,http1_rust_nodelay_all_c16_keepalive_ms,1.165300
latency,1,491,http1_rust_nodelay_all_c16_keepalive_ms,1.413884
latency,1,492,http1_rust_nodelay_all_c16_keepalive_ms,1.524316
latency,1,493,http1_rust_nodelay_all_c16_keepalive_ms,1.459555
latency,1,494,http1_rust_nodelay_all_c16_keepalive_ms,1.465385
latency,1,495,http1_rust_nodelay_all_c16_keepalive_ms,1.464285
latency,1,496,http1_rust_nodelay_all_c16_keepalive_ms,1.599627
latency,1,497,http1_rust_nodelay_all_c16_keepalive_ms,1.449415
latency,1,498,http1_rust_nodelay_all_c16_keepalive_ms,1.493155
latency,1,499,http1_rust_nodelay_all_c16_keepalive_ms,1.434975
latency,1,500,http1_rust_nodelay_all_c16_keepalive_ms,10.437687
latency,1,501,http1_rust_nodelay_all_c16_keepalive_ms,1.348593
latency,1,502,http1_rust_nodelay_all_c16_keepalive_ms,0.975427
latency,1,503,http1_rust_nodelay_all_c16_keepalive_ms,1.291182
latency,1,504,http1_rust_nodelay_all_c16_keepalive_ms,0.990667
latency,1,505,http1_rust_nodelay_all_c16_keepalive_ms,1.325962
latency,1,506,http1_rust_nodelay_all_c16_keepalive_ms,1.510956
latency,1,507,http1_rust_nodelay_all_c16_keepalive_ms,1.437744
latency,1,508,http1_rust_nodelay_all_c16_keepalive_ms,1.432775
latency,1,509,http1_rust_nodelay_all_c16_keepalive_ms,1.441084
latency,1,510,http1_rust_nodelay_all_c16_keepalive_ms,1.427605
latency,1,511,http1_rust_nodelay_all_c16_keepalive_ms,1.093048
latency,1,512,http1_rust_nodelay_all_c16_keepalive_ms,10.126873
latency,1,513,http1_rust_nodelay_all_c16_keepalive_ms,1.405184
latency,1,514,http1_rust_nodelay_all_c16_keepalive_ms,1.397053
latency,1,515,http1_rust_nodelay_all_c16_keepalive_ms,1.056248
latency,1,516,http1_rust_nodelay_all_c16_keepalive_ms,1.105049
latency,1,517,http1_rust_nodelay_all_c16_keepalive_ms,1.007557
latency,1,518,http1_rust_nodelay_all_c16_keepalive_ms,1.335843
latency,1,519,http1_rust_nodelay_all_c16_keepalive_ms,1.228361
latency,1,520,http1_rust_nodelay_all_c16_keepalive_ms,1.338052
latency,1,521,http1_rust_nodelay_all_c16_keepalive_ms,1.302053
latency,1,522,http1_rust_nodelay_all_c16_keepalive_ms,1.511895
latency,1,523,http1_rust_nodelay_all_c16_keepalive_ms,1.171560
latency,1,524,http1_rust_nodelay_all_c16_keepalive_ms,10.111992
latency,1,525,http1_rust_nodelay_all_c16_keepalive_ms,1.075269
latency,1,526,http1_rust_nodelay_all_c16_keepalive_ms,1.748289
latency,1,527,http1_rust_nodelay_all_c16_keepalive_ms,1.104309
latency,1,528,http1_rust_nodelay_all_c16_keepalive_ms,1.086339
latency,1,529,http1_rust_nodelay_all_c16_keepalive_ms,1.428614
latency,1,530,http1_rust_nodelay_all_c16_keepalive_ms,1.365883
latency,1,531,http1_rust_nodelay_all_c16_keepalive_ms,1.397924
latency,1,532,http1_rust_nodelay_all_c16_keepalive_ms,1.107289
latency,1,533,http1_rust_nodelay_all_c16_keepalive_ms,1.393984
latency,1,534,http1_rust_nodelay_all_c16_keepalive_ms,1.108609
latency,1,535,http1_rust_nodelay_all_c16_keepalive_ms,1.428864
latency,1,536,http1_rust_nodelay_all_c16_keepalive_ms,9.036404
latency,1,537,http1_rust_nodelay_all_c16_keepalive_ms,1.074398
latency,1,538,http1_rust_nodelay_all_c16_keepalive_ms,1.207021
latency,1,539,http1_rust_nodelay_all_c16_keepalive_ms,2.029674
latency,1,540,http1_rust_nodelay_all_c16_keepalive_ms,1.077529
latency,1,541,http1_rust_nodelay_all_c16_keepalive_ms,1.172100
latency,1,542,http1_rust_nodelay_all_c16_keepalive_ms,1.059588
latency,1,543,http1_rust_nodelay_all_c16_keepalive_ms,1.026547
latency,1,544,http1_rust_nodelay_all_c16_keepalive_ms,0.835914
latency,1,545,http1_rust_nodelay_all_c16_keepalive_ms,0.952016
latency,1,546,http1_rust_nodelay_all_c16_keepalive_ms,0.732023
latency,1,547,http1_rust_nodelay_all_c16_keepalive_ms,0.949926
latency,1,548,http1_rust_nodelay_all_c16_keepalive_ms,0.490528
latency,1,549,http1_rust_nodelay_all_c16_keepalive_ms,0.473688
latency,1,550,http1_rust_nodelay_all_c16_keepalive_ms,0.651271
latency,1,551,http1_rust_nodelay_all_c16_keepalive_ms,1.421155
latency,1,552,http1_rust_nodelay_all_c16_keepalive_ms,0.497358
latency,1,553,http1_rust_nodelay_all_c16_keepalive_ms,0.441678
latency,1,554,http1_rust_nodelay_all_c16_keepalive_ms,0.361666
latency,1,555,http1_rust_nodelay_all_c16_keepalive_ms,0.340086
latency,1,556,http1_rust_nodelay_all_c16_keepalive_ms,0.272864
latency,1,557,http1_rust_nodelay_all_c16_keepalive_ms,0.322736
latency,1,558,http1_rust_nodelay_all_c16_keepalive_ms,0.271044
latency,1,559,http1_rust_nodelay_all_c16_keepalive_ms,0.945607
latency,1,240,http1_rust_nodelay_all_c16_keepalive_ms,1.520266
latency,1,241,http1_rust_nodelay_all_c16_keepalive_ms,1.635688
latency,1,242,http1_rust_nodelay_all_c16_keepalive_ms,1.588027
latency,1,243,http1_rust_nodelay_all_c16_keepalive_ms,1.132959
latency,1,244,http1_rust_nodelay_all_c16_keepalive_ms,1.649928
latency,1,245,http1_rust_nodelay_all_c16_keepalive_ms,1.593797
latency,1,246,http1_rust_nodelay_all_c16_keepalive_ms,1.437685
latency,1,247,http1_rust_nodelay_all_c16_keepalive_ms,1.605467
latency,1,248,http1_rust_nodelay_all_c16_keepalive_ms,1.091719
latency,1,249,http1_rust_nodelay_all_c16_keepalive_ms,1.420074
latency,1,250,http1_rust_nodelay_all_c16_keepalive_ms,1.169470
latency,1,251,http1_rust_nodelay_all_c16_keepalive_ms,1.403844
latency,1,252,http1_rust_nodelay_all_c16_keepalive_ms,1.339083
latency,1,253,http1_rust_nodelay_all_c16_keepalive_ms,1.108829
latency,1,254,http1_rust_nodelay_all_c16_keepalive_ms,1.071868
latency,1,255,http1_rust_nodelay_all_c16_keepalive_ms,1.471645
latency,1,256,http1_rust_nodelay_all_c16_keepalive_ms,1.056878
latency,1,257,http1_rust_nodelay_all_c16_keepalive_ms,1.229991
latency,1,258,http1_rust_nodelay_all_c16_keepalive_ms,1.113538
latency,1,259,http1_rust_nodelay_all_c16_keepalive_ms,1.104999
latency,1,260,http1_rust_nodelay_all_c16_keepalive_ms,1.442955
latency,1,261,http1_rust_nodelay_all_c16_keepalive_ms,1.082698
latency,1,262,http1_rust_nodelay_all_c16_keepalive_ms,1.417765
latency,1,263,http1_rust_nodelay_all_c16_keepalive_ms,1.454144
latency,1,264,http1_rust_nodelay_all_c16_keepalive_ms,10.015791
latency,1,265,http1_rust_nodelay_all_c16_keepalive_ms,1.265521
latency,1,266,http1_rust_nodelay_all_c16_keepalive_ms,1.025428
latency,1,267,http1_rust_nodelay_all_c16_keepalive_ms,1.451914
latency,1,268,http1_rust_nodelay_all_c16_keepalive_ms,1.461015
latency,1,269,http1_rust_nodelay_all_c16_keepalive_ms,1.385644
latency,1,270,http1_rust_nodelay_all_c16_keepalive_ms,1.438424
latency,1,271,http1_rust_nodelay_all_c16_keepalive_ms,1.456425
latency,1,272,http1_rust_nodelay_all_c16_keepalive_ms,1.070159
latency,1,273,http1_rust_nodelay_all_c16_keepalive_ms,1.517895
latency,1,274,http1_rust_nodelay_all_c16_keepalive_ms,1.076578
latency,1,275,http1_rust_nodelay_all_c16_keepalive_ms,1.126250
latency,1,276,http1_rust_nodelay_all_c16_keepalive_ms,1.049287
latency,1,277,http1_rust_nodelay_all_c16_keepalive_ms,1.446825
latency,1,278,http1_rust_nodelay_all_c16_keepalive_ms,1.422814
latency,1,279,http1_rust_nodelay_all_c16_keepalive_ms,1.020128
latency,1,280,http1_rust_nodelay_all_c16_keepalive_ms,1.345233
latency,1,281,http1_rust_nodelay_all_c16_keepalive_ms,1.441234
latency,1,282,http1_rust_nodelay_all_c16_keepalive_ms,1.421434
latency,1,283,http1_rust_nodelay_all_c16_keepalive_ms,1.426135
latency,1,284,http1_rust_nodelay_all_c16_keepalive_ms,1.423634
latency,1,285,http1_rust_nodelay_all_c16_keepalive_ms,1.071058
latency,1,286,http1_rust_nodelay_all_c16_keepalive_ms,1.319392
latency,1,287,http1_rust_nodelay_all_c16_keepalive_ms,1.543997
latency,1,288,http1_rust_nodelay_all_c16_keepalive_ms,1.289512
latency,1,289,http1_rust_nodelay_all_c16_keepalive_ms,1.029427
latency,1,290,http1_rust_nodelay_all_c16_keepalive_ms,1.512216
latency,1,291,http1_rust_nodelay_all_c16_keepalive_ms,1.498606
latency,1,292,http1_rust_nodelay_all_c16_keepalive_ms,1.395593
latency,1,293,http1_rust_nodelay_all_c16_keepalive_ms,1.436525
latency,1,294,http1_rust_nodelay_all_c16_keepalive_ms,1.071948
latency,1,295,http1_rust_nodelay_all_c16_keepalive_ms,1.097919
latency,1,296,http1_rust_nodelay_all_c16_keepalive_ms,1.443544
latency,1,297,http1_rust_nodelay_all_c16_keepalive_ms,1.416445
latency,1,298,http1_rust_nodelay_all_c16_keepalive_ms,1.527555
latency,1,299,http1_rust_nodelay_all_c16_keepalive_ms,1.426654
latency,1,300,http1_rust_nodelay_all_c16_keepalive_ms,1.356234
latency,1,301,http1_rust_nodelay_all_c16_keepalive_ms,1.399853
latency,1,302,http1_rust_nodelay_all_c16_keepalive_ms,1.454275
latency,1,303,http1_rust_nodelay_all_c16_keepalive_ms,1.129660
latency,1,304,http1_rust_nodelay_all_c16_keepalive_ms,1.356343
latency,1,305,http1_rust_nodelay_all_c16_keepalive_ms,1.047838
latency,1,306,http1_rust_nodelay_all_c16_keepalive_ms,1.421524
latency,1,307,http1_rust_nodelay_all_c16_keepalive_ms,1.033757
latency,1,308,http1_rust_nodelay_all_c16_keepalive_ms,1.450305
latency,1,309,http1_rust_nodelay_all_c16_keepalive_ms,1.462845
latency,1,310,http1_rust_nodelay_all_c16_keepalive_ms,1.497565
latency,1,311,http1_rust_nodelay_all_c16_keepalive_ms,1.103509
latency,1,312,http1_rust_nodelay_all_c16_keepalive_ms,1.466815
latency,1,313,http1_rust_nodelay_all_c16_keepalive_ms,1.489665
latency,1,314,http1_rust_nodelay_all_c16_keepalive_ms,1.106719
latency,1,315,http1_rust_nodelay_all_c16_keepalive_ms,1.404484
latency,1,316,http1_rust_nodelay_all_c16_keepalive_ms,1.487696
latency,1,317,http1_rust_nodelay_all_c16_keepalive_ms,18.538755
latency,1,318,http1_rust_nodelay_all_c16_keepalive_ms,0.374266
latency,1,319,http1_rust_nodelay_all_c16_keepalive_ms,0.346076
latency,1,880,http1_rust_nodelay_all_c16_keepalive_ms,1.463065
latency,1,881,http1_rust_nodelay_all_c16_keepalive_ms,1.202100
latency,1,882,http1_rust_nodelay_all_c16_keepalive_ms,1.589967
latency,1,883,http1_rust_nodelay_all_c16_keepalive_ms,1.917113
latency,1,884,http1_rust_nodelay_all_c16_keepalive_ms,1.270871
latency,1,885,http1_rust_nodelay_all_c16_keepalive_ms,1.606248
latency,1,886,http1_rust_nodelay_all_c16_keepalive_ms,1.440494
latency,1,887,http1_rust_nodelay_all_c16_keepalive_ms,1.553237
latency,1,888,http1_rust_nodelay_all_c16_keepalive_ms,1.439274
latency,1,889,http1_rust_nodelay_all_c16_keepalive_ms,1.522416
latency,1,890,http1_rust_nodelay_all_c16_keepalive_ms,9.244077
latency,1,891,http1_rust_nodelay_all_c16_keepalive_ms,1.439795
latency,1,892,http1_rust_nodelay_all_c16_keepalive_ms,1.482665
latency,1,893,http1_rust_nodelay_all_c16_keepalive_ms,1.434205
latency,1,894,http1_rust_nodelay_all_c16_keepalive_ms,1.054768
latency,1,895,http1_rust_nodelay_all_c16_keepalive_ms,1.098278
latency,1,896,http1_rust_nodelay_all_c16_keepalive_ms,1.454385
latency,1,897,http1_rust_nodelay_all_c16_keepalive_ms,1.451695
latency,1,898,http1_rust_nodelay_all_c16_keepalive_ms,1.422284
latency,1,899,http1_rust_nodelay_all_c16_keepalive_ms,1.402814
latency,1,900,http1_rust_nodelay_all_c16_keepalive_ms,1.001627
latency,1,901,http1_rust_nodelay_all_c16_keepalive_ms,1.326192
latency,1,902,http1_rust_nodelay_all_c16_keepalive_ms,1.368374
latency,1,903,http1_rust_nodelay_all_c16_keepalive_ms,1.294472
latency,1,904,http1_rust_nodelay_all_c16_keepalive_ms,10.435178
latency,1,905,http1_rust_nodelay_all_c16_keepalive_ms,1.454674
latency,1,906,http1_rust_nodelay_all_c16_keepalive_ms,1.546126
latency,1,907,http1_rust_nodelay_all_c16_keepalive_ms,1.056458
latency,1,908,http1_rust_nodelay_all_c16_keepalive_ms,1.118869
latency,1,909,http1_rust_nodelay_all_c16_keepalive_ms,1.428215
latency,1,910,http1_rust_nodelay_all_c16_keepalive_ms,1.373273
latency,1,911,http1_rust_nodelay_all_c16_keepalive_ms,1.323113
latency,1,912,http1_rust_nodelay_all_c16_keepalive_ms,1.029847
latency,1,913,http1_rust_nodelay_all_c16_keepalive_ms,1.438605
latency,1,914,http1_rust_nodelay_all_c16_keepalive_ms,1.054268
latency,1,915,http1_rust_nodelay_all_c16_keepalive_ms,1.072668
latency,1,916,http1_rust_nodelay_all_c16_keepalive_ms,1.443735
latency,1,917,http1_rust_nodelay_all_c16_keepalive_ms,1.423714
latency,1,918,http1_rust_nodelay_all_c16_keepalive_ms,1.352543
latency,1,919,http1_rust_nodelay_all_c16_keepalive_ms,1.445054
latency,1,920,http1_rust_nodelay_all_c16_keepalive_ms,9.747136
latency,1,921,http1_rust_nodelay_all_c16_keepalive_ms,1.111769
latency,1,922,http1_rust_nodelay_all_c16_keepalive_ms,1.093119
latency,1,923,http1_rust_nodelay_all_c16_keepalive_ms,1.458555
latency,1,924,http1_rust_nodelay_all_c16_keepalive_ms,1.429514
latency,1,925,http1_rust_nodelay_all_c16_keepalive_ms,1.465045
latency,1,926,http1_rust_nodelay_all_c16_keepalive_ms,1.446644
latency,1,927,http1_rust_nodelay_all_c16_keepalive_ms,1.465485
latency,1,928,http1_rust_nodelay_all_c16_keepalive_ms,1.085159
latency,1,929,http1_rust_nodelay_all_c16_keepalive_ms,1.142529
latency,1,930,http1_rust_nodelay_all_c16_keepalive_ms,1.381634
latency,1,931,http1_rust_nodelay_all_c16_keepalive_ms,1.032597
latency,1,932,http1_rust_nodelay_all_c16_keepalive_ms,1.397714
latency,1,933,http1_rust_nodelay_all_c16_keepalive_ms,1.410454
latency,1,934,http1_rust_nodelay_all_c16_keepalive_ms,1.412574
latency,1,935,http1_rust_nodelay_all_c16_keepalive_ms,1.448155
latency,1,936,http1_rust_nodelay_all_c16_keepalive_ms,1.467235
latency,1,937,http1_rust_nodelay_all_c16_keepalive_ms,1.152609
latency,1,938,http1_rust_nodelay_all_c16_keepalive_ms,1.075499
latency,1,939,http1_rust_nodelay_all_c16_keepalive_ms,1.452804
latency,1,940,http1_rust_nodelay_all_c16_keepalive_ms,1.114659
latency,1,941,http1_rust_nodelay_all_c16_keepalive_ms,1.102359
latency,1,942,http1_rust_nodelay_all_c16_keepalive_ms,1.405414
latency,1,943,http1_rust_nodelay_all_c16_keepalive_ms,1.560427
latency,1,944,http1_rust_nodelay_all_c16_keepalive_ms,0.981956
latency,1,945,http1_rust_nodelay_all_c16_keepalive_ms,1.164290
latency,1,946,http1_rust_nodelay_all_c16_keepalive_ms,2.040475
latency,1,947,http1_rust_nodelay_all_c16_keepalive_ms,0.783823
latency,1,948,http1_rust_nodelay_all_c16_keepalive_ms,1.196281
latency,1,949,http1_rust_nodelay_all_c16_keepalive_ms,1.027627
latency,1,950,http1_rust_nodelay_all_c16_keepalive_ms,0.822364
latency,1,951,http1_rust_nodelay_all_c16_keepalive_ms,1.040138
latency,1,952,http1_rust_nodelay_all_c16_keepalive_ms,0.760523
latency,1,953,http1_rust_nodelay_all_c16_keepalive_ms,8.424413
latency,1,954,http1_rust_nodelay_all_c16_keepalive_ms,0.341816
latency,1,955,http1_rust_nodelay_all_c16_keepalive_ms,0.266455
latency,1,956,http1_rust_nodelay_all_c16_keepalive_ms,0.352266
latency,1,957,http1_rust_nodelay_all_c16_keepalive_ms,0.209373
latency,1,958,http1_rust_nodelay_all_c16_keepalive_ms,0.212824
latency,1,959,http1_rust_nodelay_all_c16_keepalive_ms,0.207903
latency,1,720,http1_rust_nodelay_all_c16_keepalive_ms,1.298322
latency,1,721,http1_rust_nodelay_all_c16_keepalive_ms,1.579047
latency,1,722,http1_rust_nodelay_all_c16_keepalive_ms,1.187330
latency,1,723,http1_rust_nodelay_all_c16_keepalive_ms,1.628088
latency,1,724,http1_rust_nodelay_all_c16_keepalive_ms,1.494825
latency,1,725,http1_rust_nodelay_all_c16_keepalive_ms,1.220641
latency,1,726,http1_rust_nodelay_all_c16_keepalive_ms,1.499846
latency,1,727,http1_rust_nodelay_all_c16_keepalive_ms,1.132969
latency,1,728,http1_rust_nodelay_all_c16_keepalive_ms,0.982267
latency,1,729,http1_rust_nodelay_all_c16_keepalive_ms,1.439514
latency,1,730,http1_rust_nodelay_all_c16_keepalive_ms,1.514956
latency,1,731,http1_rust_nodelay_all_c16_keepalive_ms,1.434454
latency,1,732,http1_rust_nodelay_all_c16_keepalive_ms,1.488326
latency,1,733,http1_rust_nodelay_all_c16_keepalive_ms,1.466365
latency,1,734,http1_rust_nodelay_all_c16_keepalive_ms,1.461935
latency,1,735,http1_rust_nodelay_all_c16_keepalive_ms,1.503585
latency,1,736,http1_rust_nodelay_all_c16_keepalive_ms,10.448988
latency,1,737,http1_rust_nodelay_all_c16_keepalive_ms,1.447355
latency,1,738,http1_rust_nodelay_all_c16_keepalive_ms,1.424624
latency,1,739,http1_rust_nodelay_all_c16_keepalive_ms,1.356643
latency,1,740,http1_rust_nodelay_all_c16_keepalive_ms,1.298012
latency,1,741,http1_rust_nodelay_all_c16_keepalive_ms,1.073108
latency,1,742,http1_rust_nodelay_all_c16_keepalive_ms,1.001027
latency,1,743,http1_rust_nodelay_all_c16_keepalive_ms,1.316323
latency,1,744,http1_rust_nodelay_all_c16_keepalive_ms,0.978096
latency,1,745,http1_rust_nodelay_all_c16_keepalive_ms,1.291472
latency,1,746,http1_rust_nodelay_all_c16_keepalive_ms,1.022508
latency,1,747,http1_rust_nodelay_all_c16_keepalive_ms,1.143119
latency,1,748,http1_rust_nodelay_all_c16_keepalive_ms,1.424675
latency,1,749,http1_rust_nodelay_all_c16_keepalive_ms,1.411624
latency,1,750,http1_rust_nodelay_all_c16_keepalive_ms,1.102658
latency,1,751,http1_rust_nodelay_all_c16_keepalive_ms,10.067442
latency,1,752,http1_rust_nodelay_all_c16_keepalive_ms,1.294022
latency,1,753,http1_rust_nodelay_all_c16_keepalive_ms,1.025657
latency,1,754,http1_rust_nodelay_all_c16_keepalive_ms,10.684722
latency,1,755,http1_rust_nodelay_all_c16_keepalive_ms,1.343563
latency,1,756,http1_rust_nodelay_all_c16_keepalive_ms,1.112369
latency,1,757,http1_rust_nodelay_all_c16_keepalive_ms,1.518626
latency,1,758,http1_rust_nodelay_all_c16_keepalive_ms,1.523466
latency,1,759,http1_rust_nodelay_all_c16_keepalive_ms,1.447344
latency,1,760,http1_rust_nodelay_all_c16_keepalive_ms,1.479815
latency,1,761,http1_rust_nodelay_all_c16_keepalive_ms,1.484076
latency,1,762,http1_rust_nodelay_all_c16_keepalive_ms,1.452795
latency,1,763,http1_rust_nodelay_all_c16_keepalive_ms,1.417144
latency,1,764,http1_rust_nodelay_all_c16_keepalive_ms,1.424774
latency,1,765,http1_rust_nodelay_all_c16_keepalive_ms,1.424864
latency,1,766,http1_rust_nodelay_all_c16_keepalive_ms,1.452295
latency,1,767,http1_rust_nodelay_all_c16_keepalive_ms,1.456814
latency,1,768,http1_rust_nodelay_all_c16_keepalive_ms,1.511736
latency,1,769,http1_rust_nodelay_all_c16_keepalive_ms,6.716165
latency,1,770,http1_rust_nodelay_all_c16_keepalive_ms,1.451294
latency,1,771,http1_rust_nodelay_all_c16_keepalive_ms,1.522186
latency,1,772,http1_rust_nodelay_all_c16_keepalive_ms,1.455115
latency,1,773,http1_rust_nodelay_all_c16_keepalive_ms,1.117379
latency,1,774,http1_rust_nodelay_all_c16_keepalive_ms,1.115569
latency,1,775,http1_rust_nodelay_all_c16_keepalive_ms,1.436144
latency,1,776,http1_rust_nodelay_all_c16_keepalive_ms,1.439415
latency,1,777,http1_rust_nodelay_all_c16_keepalive_ms,1.068728
latency,1,778,http1_rust_nodelay_all_c16_keepalive_ms,11.985454
latency,1,779,http1_rust_nodelay_all_c16_keepalive_ms,0.608110
latency,1,780,http1_rust_nodelay_all_c16_keepalive_ms,0.599821
latency,1,781,http1_rust_nodelay_all_c16_keepalive_ms,0.511678
latency,1,782,http1_rust_nodelay_all_c16_keepalive_ms,0.495759
latency,1,783,http1_rust_nodelay_all_c16_keepalive_ms,1.433904
latency,1,784,http1_rust_nodelay_all_c16_keepalive_ms,0.511319
latency,1,785,http1_rust_nodelay_all_c16_keepalive_ms,0.419797
latency,1,786,http1_rust_nodelay_all_c16_keepalive_ms,0.336626
latency,1,787,http1_rust_nodelay_all_c16_keepalive_ms,0.326055
latency,1,788,http1_rust_nodelay_all_c16_keepalive_ms,0.275195
latency,1,789,http1_rust_nodelay_all_c16_keepalive_ms,0.366156
latency,1,790,http1_rust_nodelay_all_c16_keepalive_ms,0.324616
latency,1,791,http1_rust_nodelay_all_c16_keepalive_ms,0.978366
latency,1,792,http1_rust_nodelay_all_c16_keepalive_ms,0.275705
latency,1,793,http1_rust_nodelay_all_c16_keepalive_ms,0.328986
latency,1,794,http1_rust_nodelay_all_c16_keepalive_ms,0.257514
latency,1,795,http1_rust_nodelay_all_c16_keepalive_ms,0.204914
latency,1,796,http1_rust_nodelay_all_c16_keepalive_ms,0.212193
latency,1,797,http1_rust_nodelay_all_c16_keepalive_ms,0.217924
latency,1,798,http1_rust_nodelay_all_c16_keepalive_ms,0.109352
latency,1,799,http1_rust_nodelay_all_c16_keepalive_ms,0.117812
latency,1,80,http1_rust_nodelay_all_c16_keepalive_ms,1.551056
latency,1,81,http1_rust_nodelay_all_c16_keepalive_ms,13.682723
latency,1,82,http1_rust_nodelay_all_c16_keepalive_ms,1.417814
latency,1,83,http1_rust_nodelay_all_c16_keepalive_ms,1.074148
latency,1,84,http1_rust_nodelay_all_c16_keepalive_ms,1.484456
latency,1,85,http1_rust_nodelay_all_c16_keepalive_ms,1.439324
latency,1,86,http1_rust_nodelay_all_c16_keepalive_ms,1.420554
latency,1,87,http1_rust_nodelay_all_c16_keepalive_ms,1.470535
latency,1,88,http1_rust_nodelay_all_c16_keepalive_ms,1.572577
latency,1,89,http1_rust_nodelay_all_c16_keepalive_ms,1.463025
latency,1,90,http1_rust_nodelay_all_c16_keepalive_ms,1.181930
latency,1,91,http1_rust_nodelay_all_c16_keepalive_ms,1.434074
latency,1,92,http1_rust_nodelay_all_c16_keepalive_ms,1.462145
latency,1,93,http1_rust_nodelay_all_c16_keepalive_ms,1.454165
latency,1,94,http1_rust_nodelay_all_c16_keepalive_ms,1.390674
latency,1,95,http1_rust_nodelay_all_c16_keepalive_ms,1.106899
latency,1,96,http1_rust_nodelay_all_c16_keepalive_ms,1.064418
latency,1,97,http1_rust_nodelay_all_c16_keepalive_ms,1.356123
latency,1,98,http1_rust_nodelay_all_c16_keepalive_ms,1.297832
latency,1,99,http1_rust_nodelay_all_c16_keepalive_ms,1.376023
latency,1,100,http1_rust_nodelay_all_c16_keepalive_ms,1.037858
latency,1,101,http1_rust_nodelay_all_c16_keepalive_ms,1.297652
latency,1,102,http1_rust_nodelay_all_c16_keepalive_ms,0.976176
latency,1,103,http1_rust_nodelay_all_c16_keepalive_ms,1.311343
latency,1,104,http1_rust_nodelay_all_c16_keepalive_ms,1.036277
latency,1,105,http1_rust_nodelay_all_c16_keepalive_ms,1.153880
latency,1,106,http1_rust_nodelay_all_c16_keepalive_ms,1.439325
latency,1,107,http1_rust_nodelay_all_c16_keepalive_ms,1.411734
latency,1,108,http1_rust_nodelay_all_c16_keepalive_ms,1.061788
latency,1,109,http1_rust_nodelay_all_c16_keepalive_ms,1.070578
latency,1,110,http1_rust_nodelay_all_c16_keepalive_ms,1.428864
latency,1,111,http1_rust_nodelay_all_c16_keepalive_ms,1.536276
latency,1,112,http1_rust_nodelay_all_c16_keepalive_ms,1.451175
latency,1,113,http1_rust_nodelay_all_c16_keepalive_ms,1.490075
latency,1,114,http1_rust_nodelay_all_c16_keepalive_ms,1.444265
latency,1,115,http1_rust_nodelay_all_c16_keepalive_ms,1.413594
latency,1,116,http1_rust_nodelay_all_c16_keepalive_ms,1.334393
latency,1,117,http1_rust_nodelay_all_c16_keepalive_ms,4.230772
latency,1,118,http1_rust_nodelay_all_c16_keepalive_ms,1.429874
latency,1,119,http1_rust_nodelay_all_c16_keepalive_ms,1.423895
latency,1,120,http1_rust_nodelay_all_c16_keepalive_ms,1.354003
latency,1,121,http1_rust_nodelay_all_c16_keepalive_ms,1.463464
latency,1,122,http1_rust_nodelay_all_c16_keepalive_ms,1.750090
latency,1,123,http1_rust_nodelay_all_c16_keepalive_ms,1.364113
latency,1,124,http1_rust_nodelay_all_c16_keepalive_ms,1.511956
latency,1,125,http1_rust_nodelay_all_c16_keepalive_ms,1.498606
latency,1,126,http1_rust_nodelay_all_c16_keepalive_ms,1.476685
latency,1,127,http1_rust_nodelay_all_c16_keepalive_ms,1.437104
latency,1,128,http1_rust_nodelay_all_c16_keepalive_ms,1.485146
latency,1,129,http1_rust_nodelay_all_c16_keepalive_ms,1.433954
latency,1,130,http1_rust_nodelay_all_c16_keepalive_ms,16.471030
latency,1,131,http1_rust_nodelay_all_c16_keepalive_ms,1.451465
latency,1,132,http1_rust_nodelay_all_c16_keepalive_ms,1.522746
latency,1,133,http1_rust_nodelay_all_c16_keepalive_ms,1.454584
latency,1,134,http1_rust_nodelay_all_c16_keepalive_ms,1.117519
latency,1,135,http1_rust_nodelay_all_c16_keepalive_ms,1.453565
latency,1,136,http1_rust_nodelay_all_c16_keepalive_ms,1.098359
latency,1,137,http1_rust_nodelay_all_c16_keepalive_ms,1.439134
latency,1,138,http1_rust_nodelay_all_c16_keepalive_ms,1.068889
latency,1,139,http1_rust_nodelay_all_c16_keepalive_ms,1.139129
latency,1,140,http1_rust_nodelay_all_c16_keepalive_ms,1.234401
latency,1,141,http1_rust_nodelay_all_c16_keepalive_ms,2.060555
latency,1,142,http1_rust_nodelay_all_c16_keepalive_ms,0.825904
latency,1,143,http1_rust_nodelay_all_c16_keepalive_ms,0.804634
latency,1,144,http1_rust_nodelay_all_c16_keepalive_ms,1.410514
latency,1,145,http1_rust_nodelay_all_c16_keepalive_ms,0.819024
latency,1,146,http1_rust_nodelay_all_c16_keepalive_ms,1.022377
latency,1,147,http1_rust_nodelay_all_c16_keepalive_ms,1.037448
latency,1,148,http1_rust_nodelay_all_c16_keepalive_ms,0.712032
latency,1,149,http1_rust_nodelay_all_c16_keepalive_ms,0.790443
latency,1,150,http1_rust_nodelay_all_c16_keepalive_ms,0.652791
latency,1,151,http1_rust_nodelay_all_c16_keepalive_ms,0.495359
latency,1,152,http1_rust_nodelay_all_c16_keepalive_ms,0.636081
latency,1,153,http1_rust_nodelay_all_c16_keepalive_ms,0.496218
latency,1,154,http1_rust_nodelay_all_c16_keepalive_ms,9.199047
latency,1,155,http1_rust_nodelay_all_c16_keepalive_ms,0.111412
latency,1,156,http1_rust_nodelay_all_c16_keepalive_ms,0.105612
latency,1,157,http1_rust_nodelay_all_c16_keepalive_ms,0.105762
latency,1,158,http1_rust_nodelay_all_c16_keepalive_ms,0.106421
latency,1,159,http1_rust_nodelay_all_c16_keepalive_ms,0.117272
latency,1,960,http1_rust_nodelay_all_c16_keepalive_ms,1.282812
latency,1,961,http1_rust_nodelay_all_c16_keepalive_ms,1.621068
latency,1,962,http1_rust_nodelay_all_c16_keepalive_ms,1.188830
latency,1,963,http1_rust_nodelay_all_c16_keepalive_ms,1.627357
latency,1,964,http1_rust_nodelay_all_c16_keepalive_ms,1.495636
latency,1,965,http1_rust_nodelay_all_c16_keepalive_ms,1.222190
latency,1,966,http1_rust_nodelay_all_c16_keepalive_ms,1.497686
latency,1,967,http1_rust_nodelay_all_c16_keepalive_ms,1.135289
latency,1,968,http1_rust_nodelay_all_c16_keepalive_ms,10.094402
latency,1,969,http1_rust_nodelay_all_c16_keepalive_ms,1.118259
latency,1,970,http1_rust_nodelay_all_c16_keepalive_ms,1.061568
latency,1,971,http1_rust_nodelay_all_c16_keepalive_ms,1.205631
latency,1,972,http1_rust_nodelay_all_c16_keepalive_ms,1.473295
latency,1,973,http1_rust_nodelay_all_c16_keepalive_ms,10.418667
latency,1,974,http1_rust_nodelay_all_c16_keepalive_ms,1.000727
latency,1,975,http1_rust_nodelay_all_c16_keepalive_ms,1.326923
latency,1,976,http1_rust_nodelay_all_c16_keepalive_ms,10.088172
latency,1,977,http1_rust_nodelay_all_c16_keepalive_ms,1.399203
latency,1,978,http1_rust_nodelay_all_c16_keepalive_ms,1.479896
latency,1,979,http1_rust_nodelay_all_c16_keepalive_ms,1.464834
latency,1,980,http1_rust_nodelay_all_c16_keepalive_ms,1.461855
latency,1,981,http1_rust_nodelay_all_c16_keepalive_ms,1.460025
latency,1,982,http1_rust_nodelay_all_c16_keepalive_ms,1.451015
latency,1,983,http1_rust_nodelay_all_c16_keepalive_ms,1.097318
latency,1,984,http1_rust_nodelay_all_c16_keepalive_ms,1.065949
latency,1,985,http1_rust_nodelay_all_c16_keepalive_ms,1.352053
latency,1,986,http1_rust_nodelay_all_c16_keepalive_ms,1.030367
latency,1,987,http1_rust_nodelay_all_c16_keepalive_ms,1.401374
latency,1,988,http1_rust_nodelay_all_c16_keepalive_ms,1.409464
latency,1,989,http1_rust_nodelay_all_c16_keepalive_ms,1.361993
latency,1,990,http1_rust_nodelay_all_c16_keepalive_ms,1.055538
latency,1,991,http1_rust_nodelay_all_c16_keepalive_ms,1.104729
latency,1,992,http1_rust_nodelay_all_c16_keepalive_ms,7.109411
latency,1,993,http1_rust_nodelay_all_c16_keepalive_ms,1.167500
latency,1,994,http1_rust_nodelay_all_c16_keepalive_ms,1.544526
latency,1,995,http1_rust_nodelay_all_c16_keepalive_ms,1.439315
latency,1,996,http1_rust_nodelay_all_c16_keepalive_ms,1.416604
latency,1,997,http1_rust_nodelay_all_c16_keepalive_ms,1.111849
latency,1,998,http1_rust_nodelay_all_c16_keepalive_ms,1.094299
latency,1,999,http1_rust_nodelay_all_c16_keepalive_ms,1.457284
latency,1,1000,http1_rust_nodelay_all_c16_keepalive_ms,1.430485
latency,1,1001,http1_rust_nodelay_all_c16_keepalive_ms,1.315202
latency,1,1002,http1_rust_nodelay_all_c16_keepalive_ms,1.076818
latency,1,1003,http1_rust_nodelay_all_c16_keepalive_ms,1.095069
latency,1,1004,http1_rust_nodelay_all_c16_keepalive_ms,1.424094
latency,1,1005,http1_rust_nodelay_all_c16_keepalive_ms,1.451405
latency,1,1006,http1_rust_nodelay_all_c16_keepalive_ms,1.435294
latency,1,1007,http1_rust_nodelay_all_c16_keepalive_ms,1.359783
latency,1,1008,http1_rust_nodelay_all_c16_keepalive_ms,1.403654
latency,1,1009,http1_rust_nodelay_all_c16_keepalive_ms,1.102799
latency,1,1010,http1_rust_nodelay_all_c16_keepalive_ms,1.315213
latency,1,1011,http1_rust_nodelay_all_c16_keepalive_ms,1.470235
latency,1,1012,http1_rust_nodelay_all_c16_keepalive_ms,1.453034
latency,1,1013,http1_rust_nodelay_all_c16_keepalive_ms,1.166280
latency,1,1014,http1_rust_nodelay_all_c16_keepalive_ms,1.426464
latency,1,1015,http1_rust_nodelay_all_c16_keepalive_ms,1.481675
latency,1,1016,http1_rust_nodelay_all_c16_keepalive_ms,1.468235
latency,1,1017,http1_rust_nodelay_all_c16_keepalive_ms,1.411204
latency,1,1018,http1_rust_nodelay_all_c16_keepalive_ms,1.125220
latency,1,1019,http1_rust_nodelay_all_c16_keepalive_ms,1.149659
latency,1,1020,http1_rust_nodelay_all_c16_keepalive_ms,1.248712
latency,1,1021,http1_rust_nodelay_all_c16_keepalive_ms,1.160329
latency,1,1022,http1_rust_nodelay_all_c16_keepalive_ms,11.911703
latency,1,1023,http1_rust_nodelay_all_c16_keepalive_ms,0.518069
latency,1,1024,http1_rust_nodelay_all_c16_keepalive_ms,0.512929
latency,1,1025,http1_rust_nodelay_all_c16_keepalive_ms,0.401386
latency,1,1026,http1_rust_nodelay_all_c16_keepalive_ms,0.336456
latency,1,1027,http1_rust_nodelay_all_c16_keepalive_ms,0.264525
latency,1,1028,http1_rust_nodelay_all_c16_keepalive_ms,0.336205
latency,1,1029,http1_rust_nodelay_all_c16_keepalive_ms,0.365907
latency,1,1030,http1_rust_nodelay_all_c16_keepalive_ms,0.245294
latency,1,1031,http1_rust_nodelay_all_c16_keepalive_ms,6.163605
latency,1,1032,http1_rust_nodelay_all_c16_keepalive_ms,0.115332
latency,1,1033,http1_rust_nodelay_all_c16_keepalive_ms,0.106542
latency,1,1034,http1_rust_nodelay_all_c16_keepalive_ms,0.106391
latency,1,1035,http1_rust_nodelay_all_c16_keepalive_ms,0.107192
latency,1,1036,http1_rust_nodelay_all_c16_keepalive_ms,0.112592
latency,1,1037,http1_rust_nodelay_all_c16_keepalive_ms,0.111662
latency,1,1038,http1_rust_nodelay_all_c16_keepalive_ms,0.105952
latency,1,1039,http1_rust_nodelay_all_c16_keepalive_ms,0.106111
latency,1,160,http1_rust_nodelay_all_c16_keepalive_ms,1.252311
latency,1,161,http1_rust_nodelay_all_c16_keepalive_ms,1.619418
latency,1,162,http1_rust_nodelay_all_c16_keepalive_ms,1.593897
latency,1,163,http1_rust_nodelay_all_c16_keepalive_ms,1.224520
latency,1,164,http1_rust_nodelay_all_c16_keepalive_ms,1.494816
latency,1,165,http1_rust_nodelay_all_c16_keepalive_ms,4.621919
latency,1,166,http1_rust_nodelay_all_c16_keepalive_ms,1.297412
latency,1,167,http1_rust_nodelay_all_c16_keepalive_ms,1.451355
latency,1,168,http1_rust_nodelay_all_c16_keepalive_ms,1.149389
latency,1,169,http1_rust_nodelay_all_c16_keepalive_ms,1.385644
latency,1,170,http1_rust_nodelay_all_c16_keepalive_ms,1.175120
latency,1,171,http1_rust_nodelay_all_c16_keepalive_ms,1.098759
latency,1,172,http1_rust_nodelay_all_c16_keepalive_ms,1.074688
latency,1,173,http1_rust_nodelay_all_c16_keepalive_ms,10.126502
latency,1,174,http1_rust_nodelay_all_c16_keepalive_ms,1.047998
latency,1,175,http1_rust_nodelay_all_c16_keepalive_ms,1.440414
latency,1,176,http1_rust_nodelay_all_c16_keepalive_ms,1.438595
latency,1,177,http1_rust_nodelay_all_c16_keepalive_ms,1.065898
latency,1,178,http1_rust_nodelay_all_c16_keepalive_ms,1.036228
latency,1,179,http1_rust_nodelay_all_c16_keepalive_ms,1.293271
latency,1,180,http1_rust_nodelay_all_c16_keepalive_ms,1.072399
latency,1,181,http1_rust_nodelay_all_c16_keepalive_ms,1.309742
latency,1,182,http1_rust_nodelay_all_c16_keepalive_ms,1.322853
latency,1,183,http1_rust_nodelay_all_c16_keepalive_ms,1.297992
latency,1,184,http1_rust_nodelay_all_c16_keepalive_ms,0.974736
latency,1,185,http1_rust_nodelay_all_c16_keepalive_ms,1.323173
latency,1,186,http1_rust_nodelay_all_c16_keepalive_ms,1.512716
latency,1,187,http1_rust_nodelay_all_c16_keepalive_ms,10.466868
latency,1,188,http1_rust_nodelay_all_c16_keepalive_ms,1.401374
latency,1,189,http1_rust_nodelay_all_c16_keepalive_ms,1.469705
latency,1,190,http1_rust_nodelay_all_c16_keepalive_ms,0.985396
latency,1,191,http1_rust_nodelay_all_c16_keepalive_ms,1.363944
latency,1,192,http1_rust_nodelay_all_c16_keepalive_ms,1.442394
latency,1,193,http1_rust_nodelay_all_c16_keepalive_ms,1.391904
latency,1,194,http1_rust_nodelay_all_c16_keepalive_ms,1.406734
latency,1,195,http1_rust_nodelay_all_c16_keepalive_ms,1.406464
latency,1,196,http1_rust_nodelay_all_c16_keepalive_ms,1.085658
latency,1,197,http1_rust_nodelay_all_c16_keepalive_ms,6.476430
latency,1,198,http1_rust_nodelay_all_c16_keepalive_ms,1.166880
latency,1,199,http1_rust_nodelay_all_c16_keepalive_ms,1.544367
latency,1,200,http1_rust_nodelay_all_c16_keepalive_ms,1.439234
latency,1,201,http1_rust_nodelay_all_c16_keepalive_ms,7.489417
latency,1,202,http1_rust_nodelay_all_c16_keepalive_ms,1.069339
latency,1,203,http1_rust_nodelay_all_c16_keepalive_ms,1.091928
latency,1,204,http1_rust_nodelay_all_c16_keepalive_ms,1.428835
latency,1,205,http1_rust_nodelay_all_c16_keepalive_ms,1.462904
latency,1,206,http1_rust_nodelay_all_c16_keepalive_ms,1.423485
latency,1,207,http1_rust_nodelay_all_c16_keepalive_ms,1.022267
latency,1,208,http1_rust_nodelay_all_c16_keepalive_ms,1.372094
latency,1,209,http1_rust_nodelay_all_c16_keepalive_ms,0.803873
latency,1,210,http1_rust_nodelay_all_c16_keepalive_ms,1.348093
latency,1,211,http1_rust_nodelay_all_c16_keepalive_ms,1.094049
latency,1,212,http1_rust_nodelay_all_c16_keepalive_ms,1.421934
latency,1,213,http1_rust_nodelay_all_c16_keepalive_ms,1.131099
latency,1,214,http1_rust_nodelay_all_c16_keepalive_ms,1.503246
latency,1,215,http1_rust_nodelay_all_c16_keepalive_ms,1.477595
latency,1,216,http1_rust_nodelay_all_c16_keepalive_ms,1.464885
latency,1,217,http1_rust_nodelay_all_c16_keepalive_ms,1.492775
latency,1,218,http1_rust_nodelay_all_c16_keepalive_ms,1.076849
latency,1,219,http1_rust_nodelay_all_c16_keepalive_ms,1.468545
latency,1,220,http1_rust_nodelay_all_c16_keepalive_ms,1.429474
latency,1,221,http1_rust_nodelay_all_c16_keepalive_ms,0.957146
latency,1,222,http1_rust_nodelay_all_c16_keepalive_ms,2.064785
latency,1,223,http1_rust_nodelay_all_c16_keepalive_ms,1.092289
latency,1,224,http1_rust_nodelay_all_c16_keepalive_ms,1.375684
latency,1,225,http1_rust_nodelay_all_c16_keepalive_ms,0.833334
latency,1,226,http1_rust_nodelay_all_c16_keepalive_ms,1.035547
latency,1,227,http1_rust_nodelay_all_c16_keepalive_ms,0.810984
latency,1,228,http1_rust_nodelay_all_c16_keepalive_ms,12.713437
latency,1,229,http1_rust_nodelay_all_c16_keepalive_ms,0.123332
latency,1,230,http1_rust_nodelay_all_c16_keepalive_ms,0.107871
latency,1,231,http1_rust_nodelay_all_c16_keepalive_ms,0.104732
latency,1,232,http1_rust_nodelay_all_c16_keepalive_ms,0.106592
latency,1,233,http1_rust_nodelay_all_c16_keepalive_ms,0.108182
latency,1,234,http1_rust_nodelay_all_c16_keepalive_ms,0.111652
latency,1,235,http1_rust_nodelay_all_c16_keepalive_ms,0.111152
latency,1,236,http1_rust_nodelay_all_c16_keepalive_ms,0.104892
latency,1,237,http1_rust_nodelay_all_c16_keepalive_ms,0.105771
latency,1,238,http1_rust_nodelay_all_c16_keepalive_ms,2.352620
latency,1,239,http1_rust_nodelay_all_c16_keepalive_ms,0.199523
trial,1,1280,http1_rust_nodelay_all_c16_median_ms,1.390573
trial,1,1280,http1_rust_nodelay_all_c16_p95_ms,1.700259
trial,1,1280,http1_rust_nodelay_all_c16_requests_per_second,9366.849
trial,1,1280,http1_rust_nodelay_all_c16_wall_ms,136.652
latency,2,80,http1_rust_nodelay_all_c16_keepalive_ms,1.571907
latency,2,81,http1_rust_nodelay_all_c16_keepalive_ms,1.561657
latency,2,82,http1_rust_nodelay_all_c16_keepalive_ms,1.511316
latency,2,83,http1_rust_nodelay_all_c16_keepalive_ms,1.217400
latency,2,84,http1_rust_nodelay_all_c16_keepalive_ms,1.453075
latency,2,85,http1_rust_nodelay_all_c16_keepalive_ms,1.071358
latency,2,86,http1_rust_nodelay_all_c16_keepalive_ms,1.142170
latency,2,87,http1_rust_nodelay_all_c16_keepalive_ms,1.442945
latency,2,88,http1_rust_nodelay_all_c16_keepalive_ms,1.157779
latency,2,89,http1_rust_nodelay_all_c16_keepalive_ms,1.495476
latency,2,90,http1_rust_nodelay_all_c16_keepalive_ms,1.180790
latency,2,91,http1_rust_nodelay_all_c16_keepalive_ms,1.420234
latency,2,92,http1_rust_nodelay_all_c16_keepalive_ms,1.116589
latency,2,93,http1_rust_nodelay_all_c16_keepalive_ms,1.402464
latency,2,94,http1_rust_nodelay_all_c16_keepalive_ms,1.431314
latency,2,95,http1_rust_nodelay_all_c16_keepalive_ms,1.530246
latency,2,96,http1_rust_nodelay_all_c16_keepalive_ms,1.570357
latency,2,97,http1_rust_nodelay_all_c16_keepalive_ms,1.418374
latency,2,98,http1_rust_nodelay_all_c16_keepalive_ms,1.086689
latency,2,99,http1_rust_nodelay_all_c16_keepalive_ms,1.063628
latency,2,100,http1_rust_nodelay_all_c16_keepalive_ms,1.477895
latency,2,101,http1_rust_nodelay_all_c16_keepalive_ms,1.512736
latency,2,102,http1_rust_nodelay_all_c16_keepalive_ms,1.345202
latency,2,103,http1_rust_nodelay_all_c16_keepalive_ms,1.360453
latency,2,104,http1_rust_nodelay_all_c16_keepalive_ms,1.391464
latency,2,105,http1_rust_nodelay_all_c16_keepalive_ms,1.347413
latency,2,106,http1_rust_nodelay_all_c16_keepalive_ms,1.026128
latency,2,107,http1_rust_nodelay_all_c16_keepalive_ms,1.261951
latency,2,108,http1_rust_nodelay_all_c16_keepalive_ms,1.319743
latency,2,109,http1_rust_nodelay_all_c16_keepalive_ms,1.043537
latency,2,110,http1_rust_nodelay_all_c16_keepalive_ms,1.361364
latency,2,111,http1_rust_nodelay_all_c16_keepalive_ms,1.047857
latency,2,112,http1_rust_nodelay_all_c16_keepalive_ms,1.043758
latency,2,113,http1_rust_nodelay_all_c16_keepalive_ms,1.422884
latency,2,114,http1_rust_nodelay_all_c16_keepalive_ms,1.123660
latency,2,115,http1_rust_nodelay_all_c16_keepalive_ms,1.113409
latency,2,116,http1_rust_nodelay_all_c16_keepalive_ms,1.486364
latency,2,117,http1_rust_nodelay_all_c16_keepalive_ms,1.071049
latency,2,118,http1_rust_nodelay_all_c16_keepalive_ms,1.129179
latency,2,119,http1_rust_nodelay_all_c16_keepalive_ms,1.394324
latency,2,120,http1_rust_nodelay_all_c16_keepalive_ms,1.577147
latency,2,121,http1_rust_nodelay_all_c16_keepalive_ms,1.410914
latency,2,122,http1_rust_nodelay_all_c16_keepalive_ms,1.334052
latency,2,123,http1_rust_nodelay_all_c16_keepalive_ms,1.042408
latency,2,124,http1_rust_nodelay_all_c16_keepalive_ms,1.331523
latency,2,125,http1_rust_nodelay_all_c16_keepalive_ms,1.020457
latency,2,126,http1_rust_nodelay_all_c16_keepalive_ms,0.926906
latency,2,127,http1_rust_nodelay_all_c16_keepalive_ms,1.254901
latency,2,128,http1_rust_nodelay_all_c16_keepalive_ms,1.046658
latency,2,129,http1_rust_nodelay_all_c16_keepalive_ms,1.308112
latency,2,130,http1_rust_nodelay_all_c16_keepalive_ms,1.437235
latency,2,131,http1_rust_nodelay_all_c16_keepalive_ms,1.029927
latency,2,132,http1_rust_nodelay_all_c16_keepalive_ms,1.322523
latency,2,133,http1_rust_nodelay_all_c16_keepalive_ms,1.472465
latency,2,134,http1_rust_nodelay_all_c16_keepalive_ms,1.456745
latency,2,135,http1_rust_nodelay_all_c16_keepalive_ms,1.417614
latency,2,136,http1_rust_nodelay_all_c16_keepalive_ms,1.427444
latency,2,137,http1_rust_nodelay_all_c16_keepalive_ms,1.457415
latency,2,138,http1_rust_nodelay_all_c16_keepalive_ms,1.038098
latency,2,139,http1_rust_nodelay_all_c16_keepalive_ms,1.044588
latency,2,140,http1_rust_nodelay_all_c16_keepalive_ms,1.233721
latency,2,141,http1_rust_nodelay_all_c16_keepalive_ms,1.272131
latency,2,142,http1_rust_nodelay_all_c16_keepalive_ms,0.917556
latency,2,143,http1_rust_nodelay_all_c16_keepalive_ms,0.975596
latency,2,144,http1_rust_nodelay_all_c16_keepalive_ms,1.233031
latency,2,145,http1_rust_nodelay_all_c16_keepalive_ms,1.418734
latency,2,146,http1_rust_nodelay_all_c16_keepalive_ms,1.333273
latency,2,147,http1_rust_nodelay_all_c16_keepalive_ms,1.427184
latency,2,148,http1_rust_nodelay_all_c16_keepalive_ms,1.052278
latency,2,149,http1_rust_nodelay_all_c16_keepalive_ms,1.305103
latency,2,150,http1_rust_nodelay_all_c16_keepalive_ms,1.038487
latency,2,151,http1_rust_nodelay_all_c16_keepalive_ms,1.314613
latency,2,152,http1_rust_nodelay_all_c16_keepalive_ms,1.040237
latency,2,153,http1_rust_nodelay_all_c16_keepalive_ms,1.043458
latency,2,154,http1_rust_nodelay_all_c16_keepalive_ms,1.357383
latency,2,155,http1_rust_nodelay_all_c16_keepalive_ms,1.427594
latency,2,156,http1_rust_nodelay_all_c16_keepalive_ms,1.121419
latency,2,157,http1_rust_nodelay_all_c16_keepalive_ms,1.107849
latency,2,158,http1_rust_nodelay_all_c16_keepalive_ms,1.468635
latency,2,159,http1_rust_nodelay_all_c16_keepalive_ms,1.193891
latency,2,240,http1_rust_nodelay_all_c16_keepalive_ms,1.512156
latency,2,241,http1_rust_nodelay_all_c16_keepalive_ms,1.190290
latency,2,242,http1_rust_nodelay_all_c16_keepalive_ms,1.510256
latency,2,243,http1_rust_nodelay_all_c16_keepalive_ms,1.612398
latency,2,244,http1_rust_nodelay_all_c16_keepalive_ms,1.072188
latency,2,245,http1_rust_nodelay_all_c16_keepalive_ms,1.090638
latency,2,246,http1_rust_nodelay_all_c16_keepalive_ms,1.154060
latency,2,247,http1_rust_nodelay_all_c16_keepalive_ms,1.163920
latency,2,248,http1_rust_nodelay_all_c16_keepalive_ms,1.120429
latency,2,249,http1_rust_nodelay_all_c16_keepalive_ms,1.513836
latency,2,250,http1_rust_nodelay_all_c16_keepalive_ms,1.499235
latency,2,251,http1_rust_nodelay_all_c16_keepalive_ms,1.470175
latency,2,252,http1_rust_nodelay_all_c16_keepalive_ms,1.468335
latency,2,253,http1_rust_nodelay_all_c16_keepalive_ms,1.402414
latency,2,254,http1_rust_nodelay_all_c16_keepalive_ms,1.431634
latency,2,255,http1_rust_nodelay_all_c16_keepalive_ms,1.530896
latency,2,256,http1_rust_nodelay_all_c16_keepalive_ms,1.576327
latency,2,257,http1_rust_nodelay_all_c16_keepalive_ms,1.128480
latency,2,258,http1_rust_nodelay_all_c16_keepalive_ms,1.370133
latency,2,259,http1_rust_nodelay_all_c16_keepalive_ms,1.064138
latency,2,260,http1_rust_nodelay_all_c16_keepalive_ms,1.484905
latency,2,261,http1_rust_nodelay_all_c16_keepalive_ms,1.505416
latency,2,262,http1_rust_nodelay_all_c16_keepalive_ms,1.019337
latency,2,263,http1_rust_nodelay_all_c16_keepalive_ms,1.319692
latency,2,264,http1_rust_nodelay_all_c16_keepalive_ms,1.096259
latency,2,265,http1_rust_nodelay_all_c16_keepalive_ms,1.334163
latency,2,266,http1_rust_nodelay_all_c16_keepalive_ms,1.108109
latency,2,267,http1_rust_nodelay_all_c16_keepalive_ms,1.244451
latency,2,268,http1_rust_nodelay_all_c16_keepalive_ms,10.264405
latency,2,269,http1_rust_nodelay_all_c16_keepalive_ms,1.514305
latency,2,270,http1_rust_nodelay_all_c16_keepalive_ms,1.443195
latency,2,271,http1_rust_nodelay_all_c16_keepalive_ms,1.448815
latency,2,272,http1_rust_nodelay_all_c16_keepalive_ms,1.114739
latency,2,273,http1_rust_nodelay_all_c16_keepalive_ms,1.090618
latency,2,274,http1_rust_nodelay_all_c16_keepalive_ms,1.098089
latency,2,275,http1_rust_nodelay_all_c16_keepalive_ms,1.339353
latency,2,276,http1_rust_nodelay_all_c16_keepalive_ms,1.034207
latency,2,277,http1_rust_nodelay_all_c16_keepalive_ms,1.370754
latency,2,278,http1_rust_nodelay_all_c16_keepalive_ms,1.312752
latency,2,279,http1_rust_nodelay_all_c16_keepalive_ms,1.250331
latency,2,280,http1_rust_nodelay_all_c16_keepalive_ms,1.026808
latency,2,281,http1_rust_nodelay_all_c16_keepalive_ms,1.353283
latency,2,282,http1_rust_nodelay_all_c16_keepalive_ms,1.325352
latency,2,283,http1_rust_nodelay_all_c16_keepalive_ms,1.086189
latency,2,284,http1_rust_nodelay_all_c16_keepalive_ms,1.367733
latency,2,285,http1_rust_nodelay_all_c16_keepalive_ms,1.381724
latency,2,286,http1_rust_nodelay_all_c16_keepalive_ms,1.447574
latency,2,287,http1_rust_nodelay_all_c16_keepalive_ms,1.490746
latency,2,288,http1_rust_nodelay_all_c16_keepalive_ms,1.473965
latency,2,289,http1_rust_nodelay_all_c16_keepalive_ms,1.535486
latency,2,290,http1_rust_nodelay_all_c16_keepalive_ms,1.320312
latency,2,291,http1_rust_nodelay_all_c16_keepalive_ms,1.027517
latency,2,292,http1_rust_nodelay_all_c16_keepalive_ms,0.999917
latency,2,293,http1_rust_nodelay_all_c16_keepalive_ms,1.241991
latency,2,294,http1_rust_nodelay_all_c16_keepalive_ms,1.278482
latency,2,295,http1_rust_nodelay_all_c16_keepalive_ms,0.669171
latency,2,296,http1_rust_nodelay_all_c16_keepalive_ms,1.239751
latency,2,297,http1_rust_nodelay_all_c16_keepalive_ms,1.334063
latency,2,298,http1_rust_nodelay_all_c16_keepalive_ms,1.380983
latency,2,299,http1_rust_nodelay_all_c16_keepalive_ms,1.085909
latency,2,300,http1_rust_nodelay_all_c16_keepalive_ms,0.988417
latency,2,301,http1_rust_nodelay_all_c16_keepalive_ms,1.052448
latency,2,302,http1_rust_nodelay_all_c16_keepalive_ms,1.305972
latency,2,303,http1_rust_nodelay_all_c16_keepalive_ms,1.037338
latency,2,304,http1_rust_nodelay_all_c16_keepalive_ms,1.316452
latency,2,305,http1_rust_nodelay_all_c16_keepalive_ms,1.330033
latency,2,306,http1_rust_nodelay_all_c16_keepalive_ms,1.344453
latency,2,307,http1_rust_nodelay_all_c16_keepalive_ms,1.435794
latency,2,308,http1_rust_nodelay_all_c16_keepalive_ms,1.083108
latency,2,309,http1_rust_nodelay_all_c16_keepalive_ms,1.446035
latency,2,310,http1_rust_nodelay_all_c16_keepalive_ms,1.105539
latency,2,311,http1_rust_nodelay_all_c16_keepalive_ms,1.527146
latency,2,312,http1_rust_nodelay_all_c16_keepalive_ms,1.353973
latency,2,313,http1_rust_nodelay_all_c16_keepalive_ms,1.396554
latency,2,314,http1_rust_nodelay_all_c16_keepalive_ms,1.386613
latency,2,315,http1_rust_nodelay_all_c16_keepalive_ms,1.031958
latency,2,316,http1_rust_nodelay_all_c16_keepalive_ms,1.330203
latency,2,317,http1_rust_nodelay_all_c16_keepalive_ms,1.408924
latency,2,318,http1_rust_nodelay_all_c16_keepalive_ms,1.330842
latency,2,319,http1_rust_nodelay_all_c16_keepalive_ms,1.033668
latency,2,0,http1_rust_nodelay_all_c16_keepalive_ms,1.481015
latency,2,1,http1_rust_nodelay_all_c16_keepalive_ms,1.190721
latency,2,2,http1_rust_nodelay_all_c16_keepalive_ms,1.508715
latency,2,3,http1_rust_nodelay_all_c16_keepalive_ms,1.612448
latency,2,4,http1_rust_nodelay_all_c16_keepalive_ms,1.071638
latency,2,5,http1_rust_nodelay_all_c16_keepalive_ms,1.525636
latency,2,6,http1_rust_nodelay_all_c16_keepalive_ms,1.449545
latency,2,7,http1_rust_nodelay_all_c16_keepalive_ms,1.136599
latency,2,8,http1_rust_nodelay_all_c16_keepalive_ms,1.157920
latency,2,9,http1_rust_nodelay_all_c16_keepalive_ms,1.495375
latency,2,10,http1_rust_nodelay_all_c16_keepalive_ms,1.451015
latency,2,11,http1_rust_nodelay_all_c16_keepalive_ms,1.142329
latency,2,12,http1_rust_nodelay_all_c16_keepalive_ms,1.124439
latency,2,13,http1_rust_nodelay_all_c16_keepalive_ms,1.402454
latency,2,14,http1_rust_nodelay_all_c16_keepalive_ms,1.431205
latency,2,15,http1_rust_nodelay_all_c16_keepalive_ms,1.530286
latency,2,16,http1_rust_nodelay_all_c16_keepalive_ms,10.558349
latency,2,17,http1_rust_nodelay_all_c16_keepalive_ms,1.090159
latency,2,18,http1_rust_nodelay_all_c16_keepalive_ms,1.333203
latency,2,19,http1_rust_nodelay_all_c16_keepalive_ms,1.109008
latency,2,20,http1_rust_nodelay_all_c16_keepalive_ms,1.244012
latency,2,21,http1_rust_nodelay_all_c16_keepalive_ms,1.004377
latency,2,22,http1_rust_nodelay_all_c16_keepalive_ms,1.371443
latency,2,23,http1_rust_nodelay_all_c16_keepalive_ms,1.329803
latency,2,24,http1_rust_nodelay_all_c16_keepalive_ms,1.048918
latency,2,25,http1_rust_nodelay_all_c16_keepalive_ms,1.382263
latency,2,26,http1_rust_nodelay_all_c16_keepalive_ms,1.370834
latency,2,27,http1_rust_nodelay_all_c16_keepalive_ms,1.140029
latency,2,28,http1_rust_nodelay_all_c16_keepalive_ms,1.444145
latency,2,29,http1_rust_nodelay_all_c16_keepalive_ms,1.532925
latency,2,30,http1_rust_nodelay_all_c16_keepalive_ms,1.444065
latency,2,31,http1_rust_nodelay_all_c16_keepalive_ms,1.437415
latency,2,32,http1_rust_nodelay_all_c16_keepalive_ms,1.453574
latency,2,33,http1_rust_nodelay_all_c16_keepalive_ms,1.392504
latency,2,34,http1_rust_nodelay_all_c16_keepalive_ms,1.012607
latency,2,35,http1_rust_nodelay_all_c16_keepalive_ms,1.351323
latency,2,36,http1_rust_nodelay_all_c16_keepalive_ms,1.048288
latency,2,37,http1_rust_nodelay_all_c16_keepalive_ms,1.329573
latency,2,38,http1_rust_nodelay_all_c16_keepalive_ms,1.242521
latency,2,39,http1_rust_nodelay_all_c16_keepalive_ms,0.956316
latency,2,40,http1_rust_nodelay_all_c16_keepalive_ms,1.337583
latency,2,41,http1_rust_nodelay_all_c16_keepalive_ms,1.359913
latency,2,42,http1_rust_nodelay_all_c16_keepalive_ms,1.015677
latency,2,43,http1_rust_nodelay_all_c16_keepalive_ms,1.387034
latency,2,44,http1_rust_nodelay_all_c16_keepalive_ms,1.383573
latency,2,45,http1_rust_nodelay_all_c16_keepalive_ms,1.392104
latency,2,46,http1_rust_nodelay_all_c16_keepalive_ms,1.488506
latency,2,47,http1_rust_nodelay_all_c16_keepalive_ms,1.283351
latency,2,48,http1_rust_nodelay_all_c16_keepalive_ms,1.106899
latency,2,49,http1_rust_nodelay_all_c16_keepalive_ms,1.491246
latency,2,50,http1_rust_nodelay_all_c16_keepalive_ms,1.021747
latency,2,51,http1_rust_nodelay_all_c16_keepalive_ms,1.356293
latency,2,52,http1_rust_nodelay_all_c16_keepalive_ms,1.005147
latency,2,53,http1_rust_nodelay_all_c16_keepalive_ms,1.226311
latency,2,54,http1_rust_nodelay_all_c16_keepalive_ms,0.968006
latency,2,55,http1_rust_nodelay_all_c16_keepalive_ms,1.270752
latency,2,56,http1_rust_nodelay_all_c16_keepalive_ms,1.238341
latency,2,57,http1_rust_nodelay_all_c16_keepalive_ms,1.059188
latency,2,58,http1_rust_nodelay_all_c16_keepalive_ms,1.418784
latency,2,59,http1_rust_nodelay_all_c16_keepalive_ms,1.374664
latency,2,60,http1_rust_nodelay_all_c16_keepalive_ms,1.318392
latency,2,61,http1_rust_nodelay_all_c16_keepalive_ms,1.033498
latency,2,62,http1_rust_nodelay_all_c16_keepalive_ms,1.306482
latency,2,63,http1_rust_nodelay_all_c16_keepalive_ms,1.020468
latency,2,64,http1_rust_nodelay_all_c16_keepalive_ms,1.329292
latency,2,65,http1_rust_nodelay_all_c16_keepalive_ms,1.344523
latency,2,66,http1_rust_nodelay_all_c16_keepalive_ms,1.413274
latency,2,67,http1_rust_nodelay_all_c16_keepalive_ms,1.080399
latency,2,68,http1_rust_nodelay_all_c16_keepalive_ms,1.450304
latency,2,69,http1_rust_nodelay_all_c16_keepalive_ms,1.448655
latency,2,70,http1_rust_nodelay_all_c16_keepalive_ms,1.102438
latency,2,71,http1_rust_nodelay_all_c16_keepalive_ms,1.398054
latency,2,72,http1_rust_nodelay_all_c16_keepalive_ms,1.412584
latency,2,73,http1_rust_nodelay_all_c16_keepalive_ms,1.015308
latency,2,74,http1_rust_nodelay_all_c16_keepalive_ms,1.705219
latency,2,75,http1_rust_nodelay_all_c16_keepalive_ms,1.361383
latency,2,76,http1_rust_nodelay_all_c16_keepalive_ms,1.096749
latency,2,77,http1_rust_nodelay_all_c16_keepalive_ms,1.347743
latency,2,78,http1_rust_nodelay_all_c16_keepalive_ms,1.011387
latency,2,79,http1_rust_nodelay_all_c16_keepalive_ms,1.320062
latency,2,880,http1_rust_nodelay_all_c16_keepalive_ms,1.293532
latency,2,881,http1_rust_nodelay_all_c16_keepalive_ms,1.556287
latency,2,882,http1_rust_nodelay_all_c16_keepalive_ms,1.132829
latency,2,883,http1_rust_nodelay_all_c16_keepalive_ms,1.573727
latency,2,884,http1_rust_nodelay_all_c16_keepalive_ms,1.464495
latency,2,885,http1_rust_nodelay_all_c16_keepalive_ms,1.491735
latency,2,886,http1_rust_nodelay_all_c16_keepalive_ms,1.468755
latency,2,887,http1_rust_nodelay_all_c16_keepalive_ms,1.501646
latency,2,888,http1_rust_nodelay_all_c16_keepalive_ms,1.515816
latency,2,889,http1_rust_nodelay_all_c16_keepalive_ms,1.111149
latency,2,890,http1_rust_nodelay_all_c16_keepalive_ms,1.480794
latency,2,891,http1_rust_nodelay_all_c16_keepalive_ms,1.476036
latency,2,892,http1_rust_nodelay_all_c16_keepalive_ms,1.444144
latency,2,893,http1_rust_nodelay_all_c16_keepalive_ms,1.034028
latency,2,894,http1_rust_nodelay_all_c16_keepalive_ms,1.170360
latency,2,895,http1_rust_nodelay_all_c16_keepalive_ms,1.129779
latency,2,896,http1_rust_nodelay_all_c16_keepalive_ms,1.490535
latency,2,897,http1_rust_nodelay_all_c16_keepalive_ms,1.129620
latency,2,898,http1_rust_nodelay_all_c16_keepalive_ms,1.394493
latency,2,899,http1_rust_nodelay_all_c16_keepalive_ms,1.481726
latency,2,900,http1_rust_nodelay_all_c16_keepalive_ms,1.083228
latency,2,901,http1_rust_nodelay_all_c16_keepalive_ms,1.140090
latency,2,902,http1_rust_nodelay_all_c16_keepalive_ms,1.342302
latency,2,903,http1_rust_nodelay_all_c16_keepalive_ms,1.379524
latency,2,904,http1_rust_nodelay_all_c16_keepalive_ms,9.604893
latency,2,905,http1_rust_nodelay_all_c16_keepalive_ms,1.391534
latency,2,906,http1_rust_nodelay_all_c16_keepalive_ms,1.074458
latency,2,907,http1_rust_nodelay_all_c16_keepalive_ms,1.469395
latency,2,908,http1_rust_nodelay_all_c16_keepalive_ms,1.099029
latency,2,909,http1_rust_nodelay_all_c16_keepalive_ms,1.089138
latency,2,910,http1_rust_nodelay_all_c16_keepalive_ms,1.474825
latency,2,911,http1_rust_nodelay_all_c16_keepalive_ms,1.100869
latency,2,912,http1_rust_nodelay_all_c16_keepalive_ms,1.441045
latency,2,913,http1_rust_nodelay_all_c16_keepalive_ms,1.517806
latency,2,914,http1_rust_nodelay_all_c16_keepalive_ms,1.037937
latency,2,915,http1_rust_nodelay_all_c16_keepalive_ms,1.349863
latency,2,916,http1_rust_nodelay_all_c16_keepalive_ms,1.041368
latency,2,917,http1_rust_nodelay_all_c16_keepalive_ms,1.330793
latency,2,918,http1_rust_nodelay_all_c16_keepalive_ms,0.913405
latency,2,919,http1_rust_nodelay_all_c16_keepalive_ms,1.280242
latency,2,920,http1_rust_nodelay_all_c16_keepalive_ms,1.251511
latency,2,921,http1_rust_nodelay_all_c16_keepalive_ms,1.000837
latency,2,922,http1_rust_nodelay_all_c16_keepalive_ms,1.345813
latency,2,923,http1_rust_nodelay_all_c16_keepalive_ms,1.004307
latency,2,924,http1_rust_nodelay_all_c16_keepalive_ms,1.108569
latency,2,925,http1_rust_nodelay_all_c16_keepalive_ms,1.320403
latency,2,926,http1_rust_nodelay_all_c16_keepalive_ms,10.354946
latency,2,927,http1_rust_nodelay_all_c16_keepalive_ms,1.226301
latency,2,928,http1_rust_nodelay_all_c16_keepalive_ms,0.968506
latency,2,929,http1_rust_nodelay_all_c16_keepalive_ms,1.269572
latency,2,930,http1_rust_nodelay_all_c16_keepalive_ms,1.239511
latency,2,931,http1_rust_nodelay_all_c16_keepalive_ms,1.336753
latency,2,932,http1_rust_nodelay_all_c16_keepalive_ms,1.073388
latency,2,933,http1_rust_nodelay_all_c16_keepalive_ms,1.009787
latency,2,934,http1_rust_nodelay_all_c16_keepalive_ms,1.076718
latency,2,935,http1_rust_nodelay_all_c16_keepalive_ms,1.311983
latency,2,936,http1_rust_nodelay_all_c16_keepalive_ms,1.003947
latency,2,937,http1_rust_nodelay_all_c16_keepalive_ms,1.321272
latency,2,938,http1_rust_nodelay_all_c16_keepalive_ms,1.315623
latency,2,939,http1_rust_nodelay_all_c16_keepalive_ms,1.020087
latency,2,940,http1_rust_nodelay_all_c16_keepalive_ms,1.042648
latency,2,941,http1_rust_nodelay_all_c16_keepalive_ms,1.357073
latency,2,942,http1_rust_nodelay_all_c16_keepalive_ms,1.127059
latency,2,943,http1_rust_nodelay_all_c16_keepalive_ms,1.082958
latency,2,944,http1_rust_nodelay_all_c16_keepalive_ms,1.447095
latency,2,945,http1_rust_nodelay_all_c16_keepalive_ms,1.468435
latency,2,946,http1_rust_nodelay_all_c16_keepalive_ms,1.341043
latency,2,947,http1_rust_nodelay_all_c16_keepalive_ms,1.398594
latency,2,948,http1_rust_nodelay_all_c16_keepalive_ms,1.617767
latency,2,949,http1_rust_nodelay_all_c16_keepalive_ms,1.402564
latency,2,950,http1_rust_nodelay_all_c16_keepalive_ms,1.031108
latency,2,951,http1_rust_nodelay_all_c16_keepalive_ms,1.066548
latency,2,952,http1_rust_nodelay_all_c16_keepalive_ms,1.333023
latency,2,953,http1_rust_nodelay_all_c16_keepalive_ms,1.312362
latency,2,954,http1_rust_nodelay_all_c16_keepalive_ms,1.112059
latency,2,955,http1_rust_nodelay_all_c16_keepalive_ms,0.896055
latency,2,956,http1_rust_nodelay_all_c16_keepalive_ms,1.781730
latency,2,957,http1_rust_nodelay_all_c16_keepalive_ms,0.875275
latency,2,958,http1_rust_nodelay_all_c16_keepalive_ms,0.868615
latency,2,959,http1_rust_nodelay_all_c16_keepalive_ms,1.140419
latency,2,160,http1_rust_nodelay_all_c16_keepalive_ms,1.433424
latency,2,161,http1_rust_nodelay_all_c16_keepalive_ms,1.553817
latency,2,162,http1_rust_nodelay_all_c16_keepalive_ms,1.113499
latency,2,163,http1_rust_nodelay_all_c16_keepalive_ms,1.580757
latency,2,164,http1_rust_nodelay_all_c16_keepalive_ms,1.456624
latency,2,165,http1_rust_nodelay_all_c16_keepalive_ms,10.185714
latency,2,166,http1_rust_nodelay_all_c16_keepalive_ms,1.403844
latency,2,167,http1_rust_nodelay_all_c16_keepalive_ms,1.430154
latency,2,168,http1_rust_nodelay_all_c16_keepalive_ms,1.528226
latency,2,169,http1_rust_nodelay_all_c16_keepalive_ms,1.548886
latency,2,170,http1_rust_nodelay_all_c16_keepalive_ms,1.429255
latency,2,171,http1_rust_nodelay_all_c16_keepalive_ms,1.396334
latency,2,172,http1_rust_nodelay_all_c16_keepalive_ms,1.516345
latency,2,173,http1_rust_nodelay_all_c16_keepalive_ms,1.434445
latency,2,174,http1_rust_nodelay_all_c16_keepalive_ms,1.423464
latency,2,175,http1_rust_nodelay_all_c16_keepalive_ms,1.067318
latency,2,176,http1_rust_nodelay_all_c16_keepalive_ms,1.353573
latency,2,177,http1_rust_nodelay_all_c16_keepalive_ms,1.036478
latency,2,178,http1_rust_nodelay_all_c16_keepalive_ms,1.338482
latency,2,179,http1_rust_nodelay_all_c16_keepalive_ms,1.357164
latency,2,180,http1_rust_nodelay_all_c16_keepalive_ms,0.968116
latency,2,181,http1_rust_nodelay_all_c16_keepalive_ms,1.320023
latency,2,182,http1_rust_nodelay_all_c16_keepalive_ms,1.374043
latency,2,183,http1_rust_nodelay_all_c16_keepalive_ms,1.378023
latency,2,184,http1_rust_nodelay_all_c16_keepalive_ms,1.354944
latency,2,185,http1_rust_nodelay_all_c16_keepalive_ms,1.428874
latency,2,186,http1_rust_nodelay_all_c16_keepalive_ms,1.469385
latency,2,187,http1_rust_nodelay_all_c16_keepalive_ms,1.099139
latency,2,188,http1_rust_nodelay_all_c16_keepalive_ms,1.069058
latency,2,189,http1_rust_nodelay_all_c16_keepalive_ms,1.473605
latency,2,190,http1_rust_nodelay_all_c16_keepalive_ms,10.408817
latency,2,191,http1_rust_nodelay_all_c16_keepalive_ms,1.248681
latency,2,192,http1_rust_nodelay_all_c16_keepalive_ms,1.283142
latency,2,193,http1_rust_nodelay_all_c16_keepalive_ms,1.020488
latency,2,194,http1_rust_nodelay_all_c16_keepalive_ms,1.371633
latency,2,195,http1_rust_nodelay_all_c16_keepalive_ms,1.379143
latency,2,196,http1_rust_nodelay_all_c16_keepalive_ms,1.016187
latency,2,197,http1_rust_nodelay_all_c16_keepalive_ms,1.357764
latency,2,198,http1_rust_nodelay_all_c16_keepalive_ms,1.097898
latency,2,199,http1_rust_nodelay_all_c16_keepalive_ms,1.130180
latency,2,200,http1_rust_nodelay_all_c16_keepalive_ms,1.071258
latency,2,201,http1_rust_nodelay_all_c16_keepalive_ms,1.440704
latency,2,202,http1_rust_nodelay_all_c16_keepalive_ms,1.528726
latency,2,203,http1_rust_nodelay_all_c16_keepalive_ms,1.044158
latency,2,204,http1_rust_nodelay_all_c16_keepalive_ms,1.301242
latency,2,205,http1_rust_nodelay_all_c16_keepalive_ms,1.346833
latency,2,206,http1_rust_nodelay_all_c16_keepalive_ms,1.222851
latency,2,207,http1_rust_nodelay_all_c16_keepalive_ms,0.962726
latency,2,208,http1_rust_nodelay_all_c16_keepalive_ms,1.254622
latency,2,209,http1_rust_nodelay_all_c16_keepalive_ms,1.232431
latency,2,210,http1_rust_nodelay_all_c16_keepalive_ms,1.140839
latency,2,211,http1_rust_nodelay_all_c16_keepalive_ms,1.332193
latency,2,212,http1_rust_nodelay_all_c16_keepalive_ms,1.031867
latency,2,213,http1_rust_nodelay_all_c16_keepalive_ms,1.031858
latency,2,214,http1_rust_nodelay_all_c16_keepalive_ms,1.315792
latency,2,215,http1_rust_nodelay_all_c16_keepalive_ms,1.410754
latency,2,216,http1_rust_nodelay_all_c16_keepalive_ms,1.312103
latency,2,217,http1_rust_nodelay_all_c16_keepalive_ms,1.031667
latency,2,218,http1_rust_nodelay_all_c16_keepalive_ms,0.998597
latency,2,219,http1_rust_nodelay_all_c16_keepalive_ms,1.389804
latency,2,220,http1_rust_nodelay_all_c16_keepalive_ms,1.082408
latency,2,221,http1_rust_nodelay_all_c16_keepalive_ms,1.077908
latency,2,222,http1_rust_nodelay_all_c16_keepalive_ms,1.456395
latency,2,223,http1_rust_nodelay_all_c16_keepalive_ms,1.437505
latency,2,224,http1_rust_nodelay_all_c16_keepalive_ms,1.785890
latency,2,225,http1_rust_nodelay_all_c16_keepalive_ms,1.076819
latency,2,226,http1_rust_nodelay_all_c16_keepalive_ms,1.014127
latency,2,227,http1_rust_nodelay_all_c16_keepalive_ms,1.386153
latency,2,228,http1_rust_nodelay_all_c16_keepalive_ms,1.335543
latency,2,229,http1_rust_nodelay_all_c16_keepalive_ms,1.035088
latency,2,230,http1_rust_nodelay_all_c16_keepalive_ms,1.423164
latency,2,231,http1_rust_nodelay_all_c16_keepalive_ms,1.346553
latency,2,232,http1_rust_nodelay_all_c16_keepalive_ms,1.438145
latency,2,233,http1_rust_nodelay_all_c16_keepalive_ms,1.152779
latency,2,234,http1_rust_nodelay_all_c16_keepalive_ms,1.884172
latency,2,235,http1_rust_nodelay_all_c16_keepalive_ms,0.860385
latency,2,236,http1_rust_nodelay_all_c16_keepalive_ms,1.129459
latency,2,237,http1_rust_nodelay_all_c16_keepalive_ms,1.231991
latency,2,238,http1_rust_nodelay_all_c16_keepalive_ms,1.171880
latency,2,239,http1_rust_nodelay_all_c16_keepalive_ms,1.142679
latency,2,480,http1_rust_nodelay_all_c16_keepalive_ms,1.464675
latency,2,481,http1_rust_nodelay_all_c16_keepalive_ms,1.584407
latency,2,482,http1_rust_nodelay_all_c16_keepalive_ms,1.519186
latency,2,483,http1_rust_nodelay_all_c16_keepalive_ms,1.543026
latency,2,484,http1_rust_nodelay_all_c16_keepalive_ms,1.480905
latency,2,485,http1_rust_nodelay_all_c16_keepalive_ms,1.467975
latency,2,486,http1_rust_nodelay_all_c16_keepalive_ms,1.202091
latency,2,487,http1_rust_nodelay_all_c16_keepalive_ms,1.468515
latency,2,488,http1_rust_nodelay_all_c16_keepalive_ms,1.168270
latency,2,489,http1_rust_nodelay_all_c16_keepalive_ms,1.495015
latency,2,490,http1_rust_nodelay_all_c16_keepalive_ms,1.103109
latency,2,491,http1_rust_nodelay_all_c16_keepalive_ms,1.419434
latency,2,492,http1_rust_nodelay_all_c16_keepalive_ms,1.050398
latency,2,493,http1_rust_nodelay_all_c16_keepalive_ms,1.449024
latency,2,494,http1_rust_nodelay_all_c16_keepalive_ms,1.509156
latency,2,495,http1_rust_nodelay_all_c16_keepalive_ms,1.497406
latency,2,496,http1_rust_nodelay_all_c16_keepalive_ms,1.508055
latency,2,497,http1_rust_nodelay_all_c16_keepalive_ms,1.383184
latency,2,498,http1_rust_nodelay_all_c16_keepalive_ms,1.106959
latency,2,499,http1_rust_nodelay_all_c16_keepalive_ms,1.438714
latency,2,500,http1_rust_nodelay_all_c16_keepalive_ms,1.517626
latency,2,501,http1_rust_nodelay_all_c16_keepalive_ms,1.368693
latency,2,502,http1_rust_nodelay_all_c16_keepalive_ms,1.030148
latency,2,503,http1_rust_nodelay_all_c16_keepalive_ms,1.397734
latency,2,504,http1_rust_nodelay_all_c16_keepalive_ms,0.996187
latency,2,505,http1_rust_nodelay_all_c16_keepalive_ms,1.419784
latency,2,506,http1_rust_nodelay_all_c16_keepalive_ms,9.770036
latency,2,507,http1_rust_nodelay_all_c16_keepalive_ms,1.494166
latency,2,508,http1_rust_nodelay_all_c16_keepalive_ms,1.476765
latency,2,509,http1_rust_nodelay_all_c16_keepalive_ms,1.473925
latency,2,510,http1_rust_nodelay_all_c16_keepalive_ms,1.437034
latency,2,511,http1_rust_nodelay_all_c16_keepalive_ms,1.459335
latency,2,512,http1_rust_nodelay_all_c16_keepalive_ms,1.103839
latency,2,513,http1_rust_nodelay_all_c16_keepalive_ms,1.406974
latency,2,514,http1_rust_nodelay_all_c16_keepalive_ms,1.333953
latency,2,515,http1_rust_nodelay_all_c16_keepalive_ms,1.356243
latency,2,516,http1_rust_nodelay_all_c16_keepalive_ms,1.058628
latency,2,517,http1_rust_nodelay_all_c16_keepalive_ms,10.060381
latency,2,518,http1_rust_nodelay_all_c16_keepalive_ms,1.126359
latency,2,519,http1_rust_nodelay_all_c16_keepalive_ms,1.088839
latency,2,520,http1_rust_nodelay_all_c16_keepalive_ms,1.405613
latency,2,521,http1_rust_nodelay_all_c16_keepalive_ms,1.427495
latency,2,522,http1_rust_nodelay_all_c16_keepalive_ms,1.404764
latency,2,523,http1_rust_nodelay_all_c16_keepalive_ms,1.037587
latency,2,524,http1_rust_nodelay_all_c16_keepalive_ms,1.400244
latency,2,525,http1_rust_nodelay_all_c16_keepalive_ms,1.227241
latency,2,526,http1_rust_nodelay_all_c16_keepalive_ms,0.967416
latency,2,527,http1_rust_nodelay_all_c16_keepalive_ms,1.270442
latency,2,528,http1_rust_nodelay_all_c16_keepalive_ms,1.239261
latency,2,529,http1_rust_nodelay_all_c16_keepalive_ms,1.337353
latency,2,530,http1_rust_nodelay_all_c16_keepalive_ms,1.071728
latency,2,531,http1_rust_nodelay_all_c16_keepalive_ms,1.357633
latency,2,532,http1_rust_nodelay_all_c16_keepalive_ms,0.988627
latency,2,533,http1_rust_nodelay_all_c16_keepalive_ms,1.051258
latency,2,534,http1_rust_nodelay_all_c16_keepalive_ms,1.216011
latency,2,535,http1_rust_nodelay_all_c16_keepalive_ms,1.348903
latency,2,536,http1_rust_nodelay_all_c16_keepalive_ms,1.346543
latency,2,537,http1_rust_nodelay_all_c16_keepalive_ms,1.338903
latency,2,538,http1_rust_nodelay_all_c16_keepalive_ms,1.406874
latency,2,539,http1_rust_nodelay_all_c16_keepalive_ms,1.441134
latency,2,540,http1_rust_nodelay_all_c16_keepalive_ms,1.464835
latency,2,541,http1_rust_nodelay_all_c16_keepalive_ms,1.427454
latency,2,542,http1_rust_nodelay_all_c16_keepalive_ms,1.450915
latency,2,543,http1_rust_nodelay_all_c16_keepalive_ms,1.444964
latency,2,544,http1_rust_nodelay_all_c16_keepalive_ms,1.345203
latency,2,545,http1_rust_nodelay_all_c16_keepalive_ms,1.674139
latency,2,546,http1_rust_nodelay_all_c16_keepalive_ms,1.381413
latency,2,547,http1_rust_nodelay_all_c16_keepalive_ms,1.343043
latency,2,548,http1_rust_nodelay_all_c16_keepalive_ms,1.360413
latency,2,549,http1_rust_nodelay_all_c16_keepalive_ms,1.022798
latency,2,550,http1_rust_nodelay_all_c16_keepalive_ms,1.370023
latency,2,551,http1_rust_nodelay_all_c16_keepalive_ms,1.255211
latency,2,552,http1_rust_nodelay_all_c16_keepalive_ms,0.856945
latency,2,553,http1_rust_nodelay_all_c16_keepalive_ms,1.418154
latency,2,554,http1_rust_nodelay_all_c16_keepalive_ms,1.165060
latency,2,555,http1_rust_nodelay_all_c16_keepalive_ms,1.110309
latency,2,556,http1_rust_nodelay_all_c16_keepalive_ms,1.259511
latency,2,557,http1_rust_nodelay_all_c16_keepalive_ms,1.126219
latency,2,558,http1_rust_nodelay_all_c16_keepalive_ms,1.234462
latency,2,559,http1_rust_nodelay_all_c16_keepalive_ms,1.216090
latency,2,560,http1_rust_nodelay_all_c16_keepalive_ms,1.589287
latency,2,561,http1_rust_nodelay_all_c16_keepalive_ms,1.562396
latency,2,562,http1_rust_nodelay_all_c16_keepalive_ms,1.508736
latency,2,563,http1_rust_nodelay_all_c16_keepalive_ms,1.217331
latency,2,564,http1_rust_nodelay_all_c16_keepalive_ms,1.453835
latency,2,565,http1_rust_nodelay_all_c16_keepalive_ms,1.098338
latency,2,566,http1_rust_nodelay_all_c16_keepalive_ms,1.134500
latency,2,567,http1_rust_nodelay_all_c16_keepalive_ms,1.487345
latency,2,568,http1_rust_nodelay_all_c16_keepalive_ms,1.539206
latency,2,569,http1_rust_nodelay_all_c16_keepalive_ms,1.482765
latency,2,570,http1_rust_nodelay_all_c16_keepalive_ms,1.480814
latency,2,571,http1_rust_nodelay_all_c16_keepalive_ms,1.476875
latency,2,572,http1_rust_nodelay_all_c16_keepalive_ms,1.441475
latency,2,573,http1_rust_nodelay_all_c16_keepalive_ms,1.391914
latency,2,574,http1_rust_nodelay_all_c16_keepalive_ms,1.100849
latency,2,575,http1_rust_nodelay_all_c16_keepalive_ms,1.494885
latency,2,576,http1_rust_nodelay_all_c16_keepalive_ms,1.475985
latency,2,577,http1_rust_nodelay_all_c16_keepalive_ms,1.122419
latency,2,578,http1_rust_nodelay_all_c16_keepalive_ms,1.393284
latency,2,579,http1_rust_nodelay_all_c16_keepalive_ms,1.134229
latency,2,580,http1_rust_nodelay_all_c16_keepalive_ms,1.430365
latency,2,581,http1_rust_nodelay_all_c16_keepalive_ms,9.956459
latency,2,582,http1_rust_nodelay_all_c16_keepalive_ms,1.325803
latency,2,583,http1_rust_nodelay_all_c16_keepalive_ms,1.382093
latency,2,584,http1_rust_nodelay_all_c16_keepalive_ms,1.013918
latency,2,585,http1_rust_nodelay_all_c16_keepalive_ms,1.027157
latency,2,586,http1_rust_nodelay_all_c16_keepalive_ms,1.476275
latency,2,587,http1_rust_nodelay_all_c16_keepalive_ms,1.503046
latency,2,588,http1_rust_nodelay_all_c16_keepalive_ms,1.429434
latency,2,589,http1_rust_nodelay_all_c16_keepalive_ms,1.148619
latency,2,590,http1_rust_nodelay_all_c16_keepalive_ms,1.130000
latency,2,591,http1_rust_nodelay_all_c16_keepalive_ms,1.435424
latency,2,592,http1_rust_nodelay_all_c16_keepalive_ms,1.472335
latency,2,593,http1_rust_nodelay_all_c16_keepalive_ms,1.431645
latency,2,594,http1_rust_nodelay_all_c16_keepalive_ms,1.374693
latency,2,595,http1_rust_nodelay_all_c16_keepalive_ms,1.382204
latency,2,596,http1_rust_nodelay_all_c16_keepalive_ms,1.331812
latency,2,597,http1_rust_nodelay_all_c16_keepalive_ms,1.020308
latency,2,598,http1_rust_nodelay_all_c16_keepalive_ms,1.250961
latency,2,599,http1_rust_nodelay_all_c16_keepalive_ms,1.254021
latency,2,600,http1_rust_nodelay_all_c16_keepalive_ms,1.357743
latency,2,601,http1_rust_nodelay_all_c16_keepalive_ms,1.346323
latency,2,602,http1_rust_nodelay_all_c16_keepalive_ms,1.385714
latency,2,603,http1_rust_nodelay_all_c16_keepalive_ms,1.041637
latency,2,604,http1_rust_nodelay_all_c16_keepalive_ms,1.380984
latency,2,605,http1_rust_nodelay_all_c16_keepalive_ms,1.449575
latency,2,606,http1_rust_nodelay_all_c16_keepalive_ms,1.471555
latency,2,607,http1_rust_nodelay_all_c16_keepalive_ms,1.479025
latency,2,608,http1_rust_nodelay_all_c16_keepalive_ms,1.414524
latency,2,609,http1_rust_nodelay_all_c16_keepalive_ms,1.327563
latency,2,610,http1_rust_nodelay_all_c16_keepalive_ms,1.353733
latency,2,611,http1_rust_nodelay_all_c16_keepalive_ms,1.003677
latency,2,612,http1_rust_nodelay_all_c16_keepalive_ms,1.204190
latency,2,613,http1_rust_nodelay_all_c16_keepalive_ms,1.238161
latency,2,614,http1_rust_nodelay_all_c16_keepalive_ms,1.245811
latency,2,615,http1_rust_nodelay_all_c16_keepalive_ms,1.005597
latency,2,616,http1_rust_nodelay_all_c16_keepalive_ms,1.418475
latency,2,617,http1_rust_nodelay_all_c16_keepalive_ms,1.324572
latency,2,618,http1_rust_nodelay_all_c16_keepalive_ms,1.412664
latency,2,619,http1_rust_nodelay_all_c16_keepalive_ms,1.326583
latency,2,620,http1_rust_nodelay_all_c16_keepalive_ms,1.324102
latency,2,621,http1_rust_nodelay_all_c16_keepalive_ms,1.359444
latency,2,622,http1_rust_nodelay_all_c16_keepalive_ms,10.302655
latency,2,623,http1_rust_nodelay_all_c16_keepalive_ms,1.459275
latency,2,624,http1_rust_nodelay_all_c16_keepalive_ms,1.700499
latency,2,625,http1_rust_nodelay_all_c16_keepalive_ms,1.040817
latency,2,626,http1_rust_nodelay_all_c16_keepalive_ms,1.035978
latency,2,627,http1_rust_nodelay_all_c16_keepalive_ms,1.392114
latency,2,628,http1_rust_nodelay_all_c16_keepalive_ms,1.375723
latency,2,629,http1_rust_nodelay_all_c16_keepalive_ms,1.308103
latency,2,630,http1_rust_nodelay_all_c16_keepalive_ms,1.056228
latency,2,631,http1_rust_nodelay_all_c16_keepalive_ms,0.966156
latency,2,632,http1_rust_nodelay_all_c16_keepalive_ms,1.134049
latency,2,633,http1_rust_nodelay_all_c16_keepalive_ms,1.796941
latency,2,634,http1_rust_nodelay_all_c16_keepalive_ms,1.163879
latency,2,635,http1_rust_nodelay_all_c16_keepalive_ms,1.520496
latency,2,636,http1_rust_nodelay_all_c16_keepalive_ms,0.881405
latency,2,637,http1_rust_nodelay_all_c16_keepalive_ms,1.123420
latency,2,638,http1_rust_nodelay_all_c16_keepalive_ms,1.294192
latency,2,639,http1_rust_nodelay_all_c16_keepalive_ms,1.557826
latency,2,960,http1_rust_nodelay_all_c16_keepalive_ms,8.903962
latency,2,961,http1_rust_nodelay_all_c16_keepalive_ms,1.479615
latency,2,962,http1_rust_nodelay_all_c16_keepalive_ms,1.522286
latency,2,963,http1_rust_nodelay_all_c16_keepalive_ms,1.168090
latency,2,964,http1_rust_nodelay_all_c16_keepalive_ms,1.465595
latency,2,965,http1_rust_nodelay_all_c16_keepalive_ms,1.087138
latency,2,966,http1_rust_nodelay_all_c16_keepalive_ms,1.477045
latency,2,967,http1_rust_nodelay_all_c16_keepalive_ms,1.069028
latency,2,968,http1_rust_nodelay_all_c16_keepalive_ms,1.408044
latency,2,969,http1_rust_nodelay_all_c16_keepalive_ms,1.509016
latency,2,970,http1_rust_nodelay_all_c16_keepalive_ms,1.184910
latency,2,971,http1_rust_nodelay_all_c16_keepalive_ms,1.132570
latency,2,972,http1_rust_nodelay_all_c16_keepalive_ms,1.424254
latency,2,973,http1_rust_nodelay_all_c16_keepalive_ms,1.469315
latency,2,974,http1_rust_nodelay_all_c16_keepalive_ms,1.111219
latency,2,975,http1_rust_nodelay_all_c16_keepalive_ms,1.087479
latency,2,976,http1_rust_nodelay_all_c16_keepalive_ms,1.467545
latency,2,977,http1_rust_nodelay_all_c16_keepalive_ms,1.337002
latency,2,978,http1_rust_nodelay_all_c16_keepalive_ms,1.393614
latency,2,979,http1_rust_nodelay_all_c16_keepalive_ms,1.321262
latency,2,980,http1_rust_nodelay_all_c16_keepalive_ms,1.441715
latency,2,981,http1_rust_nodelay_all_c16_keepalive_ms,1.297132
latency,2,982,http1_rust_nodelay_all_c16_keepalive_ms,0.985517
latency,2,983,http1_rust_nodelay_all_c16_keepalive_ms,1.356043
latency,2,984,http1_rust_nodelay_all_c16_keepalive_ms,1.364693
latency,2,985,http1_rust_nodelay_all_c16_keepalive_ms,1.339163
latency,2,986,http1_rust_nodelay_all_c16_keepalive_ms,1.388854
latency,2,987,http1_rust_nodelay_all_c16_keepalive_ms,1.452674
latency,2,988,http1_rust_nodelay_all_c16_keepalive_ms,1.433425
latency,2,989,http1_rust_nodelay_all_c16_keepalive_ms,10.438647
latency,2,990,http1_rust_nodelay_all_c16_keepalive_ms,1.073009
latency,2,991,http1_rust_nodelay_all_c16_keepalive_ms,1.342092
latency,2,992,http1_rust_nodelay_all_c16_keepalive_ms,1.319433
latency,2,993,http1_rust_nodelay_all_c16_keepalive_ms,1.224391
latency,2,994,http1_rust_nodelay_all_c16_keepalive_ms,1.006747
latency,2,995,http1_rust_nodelay_all_c16_keepalive_ms,1.328192
latency,2,996,http1_rust_nodelay_all_c16_keepalive_ms,1.039918
latency,2,997,http1_rust_nodelay_all_c16_keepalive_ms,1.423404
latency,2,998,http1_rust_nodelay_all_c16_keepalive_ms,1.312313
latency,2,999,http1_rust_nodelay_all_c16_keepalive_ms,1.092298
latency,2,1000,http1_rust_nodelay_all_c16_keepalive_ms,1.092769
latency,2,1001,http1_rust_nodelay_all_c16_keepalive_ms,1.107889
latency,2,1002,http1_rust_nodelay_all_c16_keepalive_ms,1.448384
latency,2,1003,http1_rust_nodelay_all_c16_keepalive_ms,1.087499
latency,2,1004,http1_rust_nodelay_all_c16_keepalive_ms,1.156980
latency,2,1005,http1_rust_nodelay_all_c16_keepalive_ms,1.371033
latency,2,1006,http1_rust_nodelay_all_c16_keepalive_ms,1.006897
latency,2,1007,http1_rust_nodelay_all_c16_keepalive_ms,1.299102
latency,2,1008,http1_rust_nodelay_all_c16_keepalive_ms,0.936796
latency,2,1009,http1_rust_nodelay_all_c16_keepalive_ms,1.260571
latency,2,1010,http1_rust_nodelay_all_c16_keepalive_ms,1.246312
latency,2,1011,http1_rust_nodelay_all_c16_keepalive_ms,0.974516
latency,2,1012,http1_rust_nodelay_all_c16_keepalive_ms,1.376444
latency,2,1013,http1_rust_nodelay_all_c16_keepalive_ms,1.410864
latency,2,1014,http1_rust_nodelay_all_c16_keepalive_ms,1.317102
latency,2,1015,http1_rust_nodelay_all_c16_keepalive_ms,1.368853
latency,2,1016,http1_rust_nodelay_all_c16_keepalive_ms,1.006408
latency,2,1017,http1_rust_nodelay_all_c16_keepalive_ms,1.346873
latency,2,1018,http1_rust_nodelay_all_c16_keepalive_ms,1.012637
latency,2,1019,http1_rust_nodelay_all_c16_keepalive_ms,1.359583
latency,2,1020,http1_rust_nodelay_all_c16_keepalive_ms,1.329823
latency,2,1021,http1_rust_nodelay_all_c16_keepalive_ms,1.082178
latency,2,1022,http1_rust_nodelay_all_c16_keepalive_ms,1.430784
latency,2,1023,http1_rust_nodelay_all_c16_keepalive_ms,1.442095
latency,2,1024,http1_rust_nodelay_all_c16_keepalive_ms,1.435334
latency,2,1025,http1_rust_nodelay_all_c16_keepalive_ms,1.101269
latency,2,1026,http1_rust_nodelay_all_c16_keepalive_ms,1.102429
latency,2,1027,http1_rust_nodelay_all_c16_keepalive_ms,1.405374
latency,2,1028,http1_rust_nodelay_all_c16_keepalive_ms,11.820771
latency,2,1029,http1_rust_nodelay_all_c16_keepalive_ms,1.136579
latency,2,1030,http1_rust_nodelay_all_c16_keepalive_ms,1.147960
latency,2,1031,http1_rust_nodelay_all_c16_keepalive_ms,1.235851
latency,2,1032,http1_rust_nodelay_all_c16_keepalive_ms,1.151749
latency,2,1033,http1_rust_nodelay_all_c16_keepalive_ms,0.858495
latency,2,1034,http1_rust_nodelay_all_c16_keepalive_ms,1.569387
latency,2,1035,http1_rust_nodelay_all_c16_keepalive_ms,1.628568
latency,2,1036,http1_rust_nodelay_all_c16_keepalive_ms,1.101408
latency,2,1037,http1_rust_nodelay_all_c16_keepalive_ms,0.798014
latency,2,1038,http1_rust_nodelay_all_c16_keepalive_ms,0.975537
latency,2,1039,http1_rust_nodelay_all_c16_keepalive_ms,0.671241
latency,2,1120,http1_rust_nodelay_all_c16_keepalive_ms,1.496416
latency,2,1121,http1_rust_nodelay_all_c16_keepalive_ms,1.191070
latency,2,1122,http1_rust_nodelay_all_c16_keepalive_ms,1.509326
latency,2,1123,http1_rust_nodelay_all_c16_keepalive_ms,1.532216
latency,2,1124,http1_rust_nodelay_all_c16_keepalive_ms,1.451915
latency,2,1125,http1_rust_nodelay_all_c16_keepalive_ms,1.522496
latency,2,1126,http1_rust_nodelay_all_c16_keepalive_ms,1.471555
latency,2,1127,http1_rust_nodelay_all_c16_keepalive_ms,1.110409
latency,2,1128,http1_rust_nodelay_all_c16_keepalive_ms,1.175170
latency,2,1129,http1_rust_nodelay_all_c16_keepalive_ms,1.455244
latency,2,1130,http1_rust_nodelay_all_c16_keepalive_ms,1.094179
latency,2,1131,http1_rust_nodelay_all_c16_keepalive_ms,1.139839
latency,2,1132,http1_rust_nodelay_all_c16_keepalive_ms,1.432954
latency,2,1133,http1_rust_nodelay_all_c16_keepalive_ms,1.097039
latency,2,1134,http1_rust_nodelay_all_c16_keepalive_ms,1.432415
latency,2,1135,http1_rust_nodelay_all_c16_keepalive_ms,1.528386
latency,2,1136,http1_rust_nodelay_all_c16_keepalive_ms,1.547366
latency,2,1137,http1_rust_nodelay_all_c16_keepalive_ms,1.429364
latency,2,1138,http1_rust_nodelay_all_c16_keepalive_ms,1.397644
latency,2,1139,http1_rust_nodelay_all_c16_keepalive_ms,1.355323
latency,2,1140,http1_rust_nodelay_all_c16_keepalive_ms,1.083549
latency,2,1141,http1_rust_nodelay_all_c16_keepalive_ms,1.140239
latency,2,1142,http1_rust_nodelay_all_c16_keepalive_ms,1.343263
latency,2,1143,http1_rust_nodelay_all_c16_keepalive_ms,1.029607
latency,2,1144,http1_rust_nodelay_all_c16_keepalive_ms,1.409244
latency,2,1145,http1_rust_nodelay_all_c16_keepalive_ms,1.361133
latency,2,1146,http1_rust_nodelay_all_c16_keepalive_ms,1.405884
latency,2,1147,http1_rust_nodelay_all_c16_keepalive_ms,1.243952
latency,2,1148,http1_rust_nodelay_all_c16_keepalive_ms,0.678371
latency,2,1149,http1_rust_nodelay_all_c16_keepalive_ms,1.372254
latency,2,1150,http1_rust_nodelay_all_c16_keepalive_ms,1.032757
latency,2,1151,http1_rust_nodelay_all_c16_keepalive_ms,1.344853
latency,2,1152,http1_rust_nodelay_all_c16_keepalive_ms,1.382044
latency,2,1153,http1_rust_nodelay_all_c16_keepalive_ms,1.016267
latency,2,1154,http1_rust_nodelay_all_c16_keepalive_ms,1.495225
latency,2,1155,http1_rust_nodelay_all_c16_keepalive_ms,1.443895
latency,2,1156,http1_rust_nodelay_all_c16_keepalive_ms,1.533086
latency,2,1157,http1_rust_nodelay_all_c16_keepalive_ms,1.444744
latency,2,1158,http1_rust_nodelay_all_c16_keepalive_ms,1.442545
latency,2,1159,http1_rust_nodelay_all_c16_keepalive_ms,1.448405
latency,2,1160,http1_rust_nodelay_all_c16_keepalive_ms,1.487965
latency,2,1161,http1_rust_nodelay_all_c16_keepalive_ms,1.371253
latency,2,1162,http1_rust_nodelay_all_c16_keepalive_ms,1.387254
latency,2,1163,http1_rust_nodelay_all_c16_keepalive_ms,1.328103
latency,2,1164,http1_rust_nodelay_all_c16_keepalive_ms,1.036057
latency,2,1165,http1_rust_nodelay_all_c16_keepalive_ms,1.271122
latency,2,1166,http1_rust_nodelay_all_c16_keepalive_ms,1.254061
latency,2,1167,http1_rust_nodelay_all_c16_keepalive_ms,1.012868
latency,2,1168,http1_rust_nodelay_all_c16_keepalive_ms,1.041127
latency,2,1169,http1_rust_nodelay_all_c16_keepalive_ms,1.355063
latency,2,1170,http1_rust_nodelay_all_c16_keepalive_ms,1.035658
latency,2,1171,http1_rust_nodelay_all_c16_keepalive_ms,1.358393
latency,2,1172,http1_rust_nodelay_all_c16_keepalive_ms,1.068918
latency,2,1173,http1_rust_nodelay_all_c16_keepalive_ms,1.127709
latency,2,1174,http1_rust_nodelay_all_c16_keepalive_ms,10.098682
latency,2,1175,http1_rust_nodelay_all_c16_keepalive_ms,1.263812
latency,2,1176,http1_rust_nodelay_all_c16_keepalive_ms,0.988486
latency,2,1177,http1_rust_nodelay_all_c16_keepalive_ms,1.330643
latency,2,1178,http1_rust_nodelay_all_c16_keepalive_ms,1.378754
latency,2,1179,http1_rust_nodelay_all_c16_keepalive_ms,10.341746
latency,2,1180,http1_rust_nodelay_all_c16_keepalive_ms,1.458344
latency,2,1181,http1_rust_nodelay_all_c16_keepalive_ms,1.477016
latency,2,1182,http1_rust_nodelay_all_c16_keepalive_ms,1.429354
latency,2,1183,http1_rust_nodelay_all_c16_keepalive_ms,1.722329
latency,2,1184,http1_rust_nodelay_all_c16_keepalive_ms,1.088489
latency,2,1185,http1_rust_nodelay_all_c16_keepalive_ms,1.358583
latency,2,1186,http1_rust_nodelay_all_c16_keepalive_ms,1.386944
latency,2,1187,http1_rust_nodelay_all_c16_keepalive_ms,1.031867
latency,2,1188,http1_rust_nodelay_all_c16_keepalive_ms,1.331103
latency,2,1189,http1_rust_nodelay_all_c16_keepalive_ms,11.166740
latency,2,1190,http1_rust_nodelay_all_c16_keepalive_ms,0.914275
latency,2,1191,http1_rust_nodelay_all_c16_keepalive_ms,1.511226
latency,2,1192,http1_rust_nodelay_all_c16_keepalive_ms,0.616001
latency,2,1193,http1_rust_nodelay_all_c16_keepalive_ms,1.879322
latency,2,1194,http1_rust_nodelay_all_c16_keepalive_ms,0.876805
latency,2,1195,http1_rust_nodelay_all_c16_keepalive_ms,1.017157
latency,2,1196,http1_rust_nodelay_all_c16_keepalive_ms,0.755153
latency,2,1197,http1_rust_nodelay_all_c16_keepalive_ms,0.852224
latency,2,1198,http1_rust_nodelay_all_c16_keepalive_ms,0.504719
latency,2,1199,http1_rust_nodelay_all_c16_keepalive_ms,0.498348
latency,2,720,http1_rust_nodelay_all_c16_keepalive_ms,1.263091
latency,2,721,http1_rust_nodelay_all_c16_keepalive_ms,1.551157
latency,2,722,http1_rust_nodelay_all_c16_keepalive_ms,1.517906
latency,2,723,http1_rust_nodelay_all_c16_keepalive_ms,0.702662
latency,2,724,http1_rust_nodelay_all_c16_keepalive_ms,1.560686
latency,2,725,http1_rust_nodelay_all_c16_keepalive_ms,1.106969
latency,2,726,http1_rust_nodelay_all_c16_keepalive_ms,1.151380
latency,2,727,http1_rust_nodelay_all_c16_keepalive_ms,1.476265
latency,2,728,http1_rust_nodelay_all_c16_keepalive_ms,1.526946
latency,2,729,http1_rust_nodelay_all_c16_keepalive_ms,1.511856
latency,2,730,http1_rust_nodelay_all_c16_keepalive_ms,1.501845
latency,2,731,http1_rust_nodelay_all_c16_keepalive_ms,1.453075
latency,2,732,http1_rust_nodelay_all_c16_keepalive_ms,1.432344
latency,2,733,http1_rust_nodelay_all_c16_keepalive_ms,1.383914
latency,2,734,http1_rust_nodelay_all_c16_keepalive_ms,1.115739
latency,2,735,http1_rust_nodelay_all_c16_keepalive_ms,1.181090
latency,2,736,http1_rust_nodelay_all_c16_keepalive_ms,1.088238
latency,2,737,http1_rust_nodelay_all_c16_keepalive_ms,1.215331
latency,2,738,http1_rust_nodelay_all_c16_keepalive_ms,1.380894
latency,2,739,http1_rust_nodelay_all_c16_keepalive_ms,10.489738
latency,2,740,http1_rust_nodelay_all_c16_keepalive_ms,0.966546
latency,2,741,http1_rust_nodelay_all_c16_keepalive_ms,1.267572
latency,2,742,http1_rust_nodelay_all_c16_keepalive_ms,1.354093
latency,2,743,http1_rust_nodelay_all_c16_keepalive_ms,1.014687
latency,2,744,http1_rust_nodelay_all_c16_keepalive_ms,13.428519
latency,2,745,http1_rust_nodelay_all_c16_keepalive_ms,1.374073
latency,2,746,http1_rust_nodelay_all_c16_keepalive_ms,1.018468
latency,2,747,http1_rust_nodelay_all_c16_keepalive_ms,1.356773
latency,2,748,http1_rust_nodelay_all_c16_keepalive_ms,1.016817
latency,2,749,http1_rust_nodelay_all_c16_keepalive_ms,1.356273
latency,2,750,http1_rust_nodelay_all_c16_keepalive_ms,0.656701
latency,2,751,http1_rust_nodelay_all_c16_keepalive_ms,1.250452
latency,2,752,http1_rust_nodelay_all_c16_keepalive_ms,1.238961
latency,2,753,http1_rust_nodelay_all_c16_keepalive_ms,1.346972
latency,2,754,http1_rust_nodelay_all_c16_keepalive_ms,1.383054
latency,2,755,http1_rust_nodelay_all_c16_keepalive_ms,1.330503
latency,2,756,http1_rust_nodelay_all_c16_keepalive_ms,1.040747
latency,2,757,http1_rust_nodelay_all_c16_keepalive_ms,1.471776
latency,2,758,http1_rust_nodelay_all_c16_keepalive_ms,1.457244
latency,2,759,http1_rust_nodelay_all_c16_keepalive_ms,1.126930
latency,2,760,http1_rust_nodelay_all_c16_keepalive_ms,1.408494
latency,2,761,http1_rust_nodelay_all_c16_keepalive_ms,1.157159
latency,2,762,http1_rust_nodelay_all_c16_keepalive_ms,9.383650
latency,2,763,http1_rust_nodelay_all_c16_keepalive_ms,1.386613
latency,2,764,http1_rust_nodelay_all_c16_keepalive_ms,1.054218
latency,2,765,http1_rust_nodelay_all_c16_keepalive_ms,1.319153
latency,2,766,http1_rust_nodelay_all_c16_keepalive_ms,1.315732
latency,2,767,http1_rust_nodelay_all_c16_keepalive_ms,1.022058
latency,2,768,http1_rust_nodelay_all_c16_keepalive_ms,1.337913
latency,2,769,http1_rust_nodelay_all_c16_keepalive_ms,1.013257
latency,2,770,http1_rust_nodelay_all_c16_keepalive_ms,1.022017
latency,2,771,http1_rust_nodelay_all_c16_keepalive_ms,1.324853
latency,2,772,http1_rust_nodelay_all_c16_keepalive_ms,10.797043
latency,2,773,http1_rust_nodelay_all_c16_keepalive_ms,1.026658
latency,2,774,http1_rust_nodelay_all_c16_keepalive_ms,1.338783
latency,2,775,http1_rust_nodelay_all_c16_keepalive_ms,1.408354
latency,2,776,http1_rust_nodelay_all_c16_keepalive_ms,1.023657
latency,2,777,http1_rust_nodelay_all_c16_keepalive_ms,1.326913
latency,2,778,http1_rust_nodelay_all_c16_keepalive_ms,1.255001
latency,2,779,http1_rust_nodelay_all_c16_keepalive_ms,0.855934
latency,2,780,http1_rust_nodelay_all_c16_keepalive_ms,1.419505
latency,2,781,http1_rust_nodelay_all_c16_keepalive_ms,1.165040
latency,2,782,http1_rust_nodelay_all_c16_keepalive_ms,1.109608
latency,2,783,http1_rust_nodelay_all_c16_keepalive_ms,1.452575
latency,2,784,http1_rust_nodelay_all_c16_keepalive_ms,0.914986
latency,2,785,http1_rust_nodelay_all_c16_keepalive_ms,1.232151
latency,2,786,http1_rust_nodelay_all_c16_keepalive_ms,1.217661
latency,2,787,http1_rust_nodelay_all_c16_keepalive_ms,1.624117
latency,2,788,http1_rust_nodelay_all_c16_keepalive_ms,1.056638
latency,2,789,http1_rust_nodelay_all_c16_keepalive_ms,1.035628
latency,2,790,http1_rust_nodelay_all_c16_keepalive_ms,0.680431
latency,2,791,http1_rust_nodelay_all_c16_keepalive_ms,0.690332
latency,2,792,http1_rust_nodelay_all_c16_keepalive_ms,0.511539
latency,2,793,http1_rust_nodelay_all_c16_keepalive_ms,0.641701
latency,2,794,http1_rust_nodelay_all_c16_keepalive_ms,0.414947
latency,2,795,http1_rust_nodelay_all_c16_keepalive_ms,0.362536
latency,2,796,http1_rust_nodelay_all_c16_keepalive_ms,0.208573
latency,2,797,http1_rust_nodelay_all_c16_keepalive_ms,0.217954
latency,2,798,http1_rust_nodelay_all_c16_keepalive_ms,0.203513
latency,2,799,http1_rust_nodelay_all_c16_keepalive_ms,0.218604
latency,2,640,http1_rust_nodelay_all_c16_keepalive_ms,1.525336
latency,2,641,http1_rust_nodelay_all_c16_keepalive_ms,1.190201
latency,2,642,http1_rust_nodelay_all_c16_keepalive_ms,1.516486
latency,2,643,http1_rust_nodelay_all_c16_keepalive_ms,1.562836
latency,2,644,http1_rust_nodelay_all_c16_keepalive_ms,1.073068
latency,2,645,http1_rust_nodelay_all_c16_keepalive_ms,1.404674
latency,2,646,http1_rust_nodelay_all_c16_keepalive_ms,1.454245
latency,2,647,http1_rust_nodelay_all_c16_keepalive_ms,1.496116
latency,2,648,http1_rust_nodelay_all_c16_keepalive_ms,9.029583
latency,2,649,http1_rust_nodelay_all_c16_keepalive_ms,9.737276
latency,2,650,http1_rust_nodelay_all_c16_keepalive_ms,1.336763
latency,2,651,http1_rust_nodelay_all_c16_keepalive_ms,1.394253
latency,2,652,http1_rust_nodelay_all_c16_keepalive_ms,1.318963
latency,2,653,http1_rust_nodelay_all_c16_keepalive_ms,1.444074
latency,2,654,http1_rust_nodelay_all_c16_keepalive_ms,1.297272
latency,2,655,http1_rust_nodelay_all_c16_keepalive_ms,0.985467
latency,2,656,http1_rust_nodelay_all_c16_keepalive_ms,1.354553
latency,2,657,http1_rust_nodelay_all_c16_keepalive_ms,1.016678
latency,2,658,http1_rust_nodelay_all_c16_keepalive_ms,1.377413
latency,2,659,http1_rust_nodelay_all_c16_keepalive_ms,1.354283
latency,2,660,http1_rust_nodelay_all_c16_keepalive_ms,1.010008
latency,2,661,http1_rust_nodelay_all_c16_keepalive_ms,6.725994
latency,2,662,http1_rust_nodelay_all_c16_keepalive_ms,1.101178
latency,2,663,http1_rust_nodelay_all_c16_keepalive_ms,1.125160
latency,2,664,http1_rust_nodelay_all_c16_keepalive_ms,1.426834
latency,2,665,http1_rust_nodelay_all_c16_keepalive_ms,8.961133
latency,2,666,http1_rust_nodelay_all_c16_keepalive_ms,1.042947
latency,2,667,http1_rust_nodelay_all_c16_keepalive_ms,1.428534
latency,2,668,http1_rust_nodelay_all_c16_keepalive_ms,1.354774
latency,2,669,http1_rust_nodelay_all_c16_keepalive_ms,1.356173
latency,2,670,http1_rust_nodelay_all_c16_keepalive_ms,1.482875
latency,2,671,http1_rust_nodelay_all_c16_keepalive_ms,1.466185
latency,2,672,http1_rust_nodelay_all_c16_keepalive_ms,1.423584
latency,2,673,http1_rust_nodelay_all_c16_keepalive_ms,1.550207
latency,2,674,http1_rust_nodelay_all_c16_keepalive_ms,1.384193
latency,2,675,http1_rust_nodelay_all_c16_keepalive_ms,1.374784
latency,2,676,http1_rust_nodelay_all_c16_keepalive_ms,0.999377
latency,2,677,http1_rust_nodelay_all_c16_keepalive_ms,1.242451
latency,2,678,http1_rust_nodelay_all_c16_keepalive_ms,10.264944
latency,2,679,http1_rust_nodelay_all_c16_keepalive_ms,1.349343
latency,2,680,http1_rust_nodelay_all_c16_keepalive_ms,1.347453
latency,2,681,http1_rust_nodelay_all_c16_keepalive_ms,1.338983
latency,2,682,http1_rust_nodelay_all_c16_keepalive_ms,1.405774
latency,2,683,http1_rust_nodelay_all_c16_keepalive_ms,1.442375
latency,2,684,http1_rust_nodelay_all_c16_keepalive_ms,1.457154
latency,2,685,http1_rust_nodelay_all_c16_keepalive_ms,1.477495
latency,2,686,http1_rust_nodelay_all_c16_keepalive_ms,1.451495
latency,2,687,http1_rust_nodelay_all_c16_keepalive_ms,10.752963
latency,2,688,http1_rust_nodelay_all_c16_keepalive_ms,1.293592
latency,2,689,http1_rust_nodelay_all_c16_keepalive_ms,1.133659
latency,2,690,http1_rust_nodelay_all_c16_keepalive_ms,1.602728
latency,2,691,http1_rust_nodelay_all_c16_keepalive_ms,0.879385
latency,2,692,http1_rust_nodelay_all_c16_keepalive_ms,1.110659
latency,2,693,http1_rust_nodelay_all_c16_keepalive_ms,1.260811
latency,2,694,http1_rust_nodelay_all_c16_keepalive_ms,0.905106
latency,2,695,http1_rust_nodelay_all_c16_keepalive_ms,1.464404
latency,2,696,http1_rust_nodelay_all_c16_keepalive_ms,1.524786
latency,2,697,http1_rust_nodelay_all_c16_keepalive_ms,1.548367
latency,2,698,http1_rust_nodelay_all_c16_keepalive_ms,1.036818
latency,2,699,http1_rust_nodelay_all_c16_keepalive_ms,0.797383
latency,2,700,http1_rust_nodelay_all_c16_keepalive_ms,0.691472
latency,2,701,http1_rust_nodelay_all_c16_keepalive_ms,0.827134
latency,2,702,http1_rust_nodelay_all_c16_keepalive_ms,0.480358
latency,2,703,http1_rust_nodelay_all_c16_keepalive_ms,0.525599
latency,2,704,http1_rust_nodelay_all_c16_keepalive_ms,0.408237
latency,2,705,http1_rust_nodelay_all_c16_keepalive_ms,0.382516
latency,2,706,http1_rust_nodelay_all_c16_keepalive_ms,0.210914
latency,2,707,http1_rust_nodelay_all_c16_keepalive_ms,0.212023
latency,2,708,http1_rust_nodelay_all_c16_keepalive_ms,0.205264
latency,2,709,http1_rust_nodelay_all_c16_keepalive_ms,0.235204
latency,2,710,http1_rust_nodelay_all_c16_keepalive_ms,0.114082
latency,2,711,http1_rust_nodelay_all_c16_keepalive_ms,0.105802
latency,2,712,http1_rust_nodelay_all_c16_keepalive_ms,0.105011
latency,2,713,http1_rust_nodelay_all_c16_keepalive_ms,0.104702
latency,2,714,http1_rust_nodelay_all_c16_keepalive_ms,0.106412
latency,2,715,http1_rust_nodelay_all_c16_keepalive_ms,0.105312
latency,2,716,http1_rust_nodelay_all_c16_keepalive_ms,0.104802
latency,2,717,http1_rust_nodelay_all_c16_keepalive_ms,0.108592
latency,2,718,http1_rust_nodelay_all_c16_keepalive_ms,0.125772
latency,2,719,http1_rust_nodelay_all_c16_keepalive_ms,0.105451
latency,2,1200,http1_rust_nodelay_all_c16_keepalive_ms,1.405474
latency,2,1201,http1_rust_nodelay_all_c16_keepalive_ms,1.554857
latency,2,1202,http1_rust_nodelay_all_c16_keepalive_ms,1.091239
latency,2,1203,http1_rust_nodelay_all_c16_keepalive_ms,1.568616
latency,2,1204,http1_rust_nodelay_all_c16_keepalive_ms,9.068375
latency,2,1205,http1_rust_nodelay_all_c16_keepalive_ms,1.438734
latency,2,1206,http1_rust_nodelay_all_c16_keepalive_ms,1.472855
latency,2,1207,http1_rust_nodelay_all_c16_keepalive_ms,1.096979
latency,2,1208,http1_rust_nodelay_all_c16_keepalive_ms,1.432584
latency,2,1209,http1_rust_nodelay_all_c16_keepalive_ms,1.529146
latency,2,1210,http1_rust_nodelay_all_c16_keepalive_ms,1.546697
latency,2,1211,http1_rust_nodelay_all_c16_keepalive_ms,1.429784
latency,2,1212,http1_rust_nodelay_all_c16_keepalive_ms,1.397754
latency,2,1213,http1_rust_nodelay_all_c16_keepalive_ms,1.128729
latency,2,1214,http1_rust_nodelay_all_c16_keepalive_ms,1.106649
latency,2,1215,http1_rust_nodelay_all_c16_keepalive_ms,1.500285
latency,2,1216,http1_rust_nodelay_all_c16_keepalive_ms,1.327503
latency,2,1217,http1_rust_nodelay_all_c16_keepalive_ms,1.003937
latency,2,1218,http1_rust_nodelay_all_c16_keepalive_ms,1.381623
latency,2,1219,http1_rust_nodelay_all_c16_keepalive_ms,1.059238
latency,2,1220,http1_rust_nodelay_all_c16_keepalive_ms,1.396774
latency,2,1221,http1_rust_nodelay_all_c16_keepalive_ms,0.976887
latency,2,1222,http1_rust_nodelay_all_c16_keepalive_ms,1.257731
latency,2,1223,http1_rust_nodelay_all_c16_keepalive_ms,1.384134
latency,2,1224,http1_rust_nodelay_all_c16_keepalive_ms,1.341103
latency,2,1225,http1_rust_nodelay_all_c16_keepalive_ms,1.375013
latency,2,1226,http1_rust_nodelay_all_c16_keepalive_ms,1.387134
latency,2,1227,http1_rust_nodelay_all_c16_keepalive_ms,1.476335
latency,2,1228,http1_rust_nodelay_all_c16_keepalive_ms,1.431434
latency,2,1229,http1_rust_nodelay_all_c16_keepalive_ms,1.135600
latency,2,1230,http1_rust_nodelay_all_c16_keepalive_ms,1.155589
latency,2,1231,http1_rust_nodelay_all_c16_keepalive_ms,1.517786
latency,2,1232,http1_rust_nodelay_all_c16_keepalive_ms,1.093889
latency,2,1233,http1_rust_nodelay_all_c16_keepalive_ms,1.455234
latency,2,1234,http1_rust_nodelay_all_c16_keepalive_ms,1.095449
latency,2,1235,http1_rust_nodelay_all_c16_keepalive_ms,1.353753
latency,2,1236,http1_rust_nodelay_all_c16_keepalive_ms,1.050638
latency,2,1237,http1_rust_nodelay_all_c16_keepalive_ms,1.349053
latency,2,1238,http1_rust_nodelay_all_c16_keepalive_ms,1.022607
latency,2,1239,http1_rust_nodelay_all_c16_keepalive_ms,1.328883
latency,2,1240,http1_rust_nodelay_all_c16_keepalive_ms,0.983307
latency,2,1241,http1_rust_nodelay_all_c16_keepalive_ms,1.296802
latency,2,1242,http1_rust_nodelay_all_c16_keepalive_ms,1.357343
latency,2,1243,http1_rust_nodelay_all_c16_keepalive_ms,1.023507
latency,2,1244,http1_rust_nodelay_all_c16_keepalive_ms,1.382534
latency,2,1245,http1_rust_nodelay_all_c16_keepalive_ms,1.368383
latency,2,1246,http1_rust_nodelay_all_c16_keepalive_ms,1.381154
latency,2,1247,http1_rust_nodelay_all_c16_keepalive_ms,1.449084
latency,2,1248,http1_rust_nodelay_all_c16_keepalive_ms,1.472405
latency,2,1249,http1_rust_nodelay_all_c16_keepalive_ms,1.479036
latency,2,1250,http1_rust_nodelay_all_c16_keepalive_ms,1.532756
latency,2,1251,http1_rust_nodelay_all_c16_keepalive_ms,1.042307
latency,2,1252,http1_rust_nodelay_all_c16_keepalive_ms,1.303593
latency,2,1253,http1_rust_nodelay_all_c16_keepalive_ms,1.345383
latency,2,1254,http1_rust_nodelay_all_c16_keepalive_ms,1.219990
latency,2,1255,http1_rust_nodelay_all_c16_keepalive_ms,0.964976
latency,2,1256,http1_rust_nodelay_all_c16_keepalive_ms,0.936126
latency,2,1257,http1_rust_nodelay_all_c16_keepalive_ms,1.271902
latency,2,1258,http1_rust_nodelay_all_c16_keepalive_ms,1.374144
latency,2,1259,http1_rust_nodelay_all_c16_keepalive_ms,1.043437
latency,2,1260,http1_rust_nodelay_all_c16_keepalive_ms,1.299552
latency,2,1261,http1_rust_nodelay_all_c16_keepalive_ms,1.327143
latency,2,1262,http1_rust_nodelay_all_c16_keepalive_ms,1.391674
latency,2,1263,http1_rust_nodelay_all_c16_keepalive_ms,1.327142
latency,2,1264,http1_rust_nodelay_all_c16_keepalive_ms,0.986927
latency,2,1265,http1_rust_nodelay_all_c16_keepalive_ms,1.319763
latency,2,1266,http1_rust_nodelay_all_c16_keepalive_ms,1.329962
latency,2,1267,http1_rust_nodelay_all_c16_keepalive_ms,1.081149
latency,2,1268,http1_rust_nodelay_all_c16_keepalive_ms,1.430184
latency,2,1269,http1_rust_nodelay_all_c16_keepalive_ms,11.452765
latency,2,1270,http1_rust_nodelay_all_c16_keepalive_ms,1.352333
latency,2,1271,http1_rust_nodelay_all_c16_keepalive_ms,0.999587
latency,2,1272,http1_rust_nodelay_all_c16_keepalive_ms,11.056968
latency,2,1273,http1_rust_nodelay_all_c16_keepalive_ms,1.247531
latency,2,1274,http1_rust_nodelay_all_c16_keepalive_ms,1.509216
latency,2,1275,http1_rust_nodelay_all_c16_keepalive_ms,0.829524
latency,2,1276,http1_rust_nodelay_all_c16_keepalive_ms,1.026838
latency,2,1277,http1_rust_nodelay_all_c16_keepalive_ms,0.885365
latency,2,1278,http1_rust_nodelay_all_c16_keepalive_ms,5.587095
latency,2,1279,http1_rust_nodelay_all_c16_keepalive_ms,0.149732
latency,2,800,http1_rust_nodelay_all_c16_keepalive_ms,1.278832
latency,2,801,http1_rust_nodelay_all_c16_keepalive_ms,1.553216
latency,2,802,http1_rust_nodelay_all_c16_keepalive_ms,9.522963
latency,2,803,http1_rust_nodelay_all_c16_keepalive_ms,1.122239
latency,2,804,http1_rust_nodelay_all_c16_keepalive_ms,10.419467
latency,2,805,http1_rust_nodelay_all_c16_keepalive_ms,1.384283
latency,2,806,http1_rust_nodelay_all_c16_keepalive_ms,1.130300
latency,2,807,http1_rust_nodelay_all_c16_keepalive_ms,1.436024
latency,2,808,http1_rust_nodelay_all_c16_keepalive_ms,1.526216
latency,2,809,http1_rust_nodelay_all_c16_keepalive_ms,1.361643
latency,2,810,http1_rust_nodelay_all_c16_keepalive_ms,1.030068
latency,2,811,http1_rust_nodelay_all_c16_keepalive_ms,1.397073
latency,2,812,http1_rust_nodelay_all_c16_keepalive_ms,0.997627
latency,2,813,http1_rust_nodelay_all_c16_keepalive_ms,1.421045
latency,2,814,http1_rust_nodelay_all_c16_keepalive_ms,9.743706
latency,2,815,http1_rust_nodelay_all_c16_keepalive_ms,1.494135
latency,2,816,http1_rust_nodelay_all_c16_keepalive_ms,1.478155
latency,2,817,http1_rust_nodelay_all_c16_keepalive_ms,1.472305
latency,2,818,http1_rust_nodelay_all_c16_keepalive_ms,1.443095
latency,2,819,http1_rust_nodelay_all_c16_keepalive_ms,1.071078
latency,2,820,http1_rust_nodelay_all_c16_keepalive_ms,1.504396
latency,2,821,http1_rust_nodelay_all_c16_keepalive_ms,1.412274
latency,2,822,http1_rust_nodelay_all_c16_keepalive_ms,10.407957
latency,2,823,http1_rust_nodelay_all_c16_keepalive_ms,1.336642
latency,2,824,http1_rust_nodelay_all_c16_keepalive_ms,1.040868
latency,2,825,http1_rust_nodelay_all_c16_keepalive_ms,1.471225
latency,2,826,http1_rust_nodelay_all_c16_keepalive_ms,1.458095
latency,2,827,http1_rust_nodelay_all_c16_keepalive_ms,1.448825
latency,2,828,http1_rust_nodelay_all_c16_keepalive_ms,1.086238
latency,2,829,http1_rust_nodelay_all_c16_keepalive_ms,1.156860
latency,2,830,http1_rust_nodelay_all_c16_keepalive_ms,1.370963
latency,2,831,http1_rust_nodelay_all_c16_keepalive_ms,1.354053
latency,2,832,http1_rust_nodelay_all_c16_keepalive_ms,1.251752
latency,2,833,http1_rust_nodelay_all_c16_keepalive_ms,0.955836
latency,2,834,http1_rust_nodelay_all_c16_keepalive_ms,1.236651
latency,2,835,http1_rust_nodelay_all_c16_keepalive_ms,1.247631
latency,2,836,http1_rust_nodelay_all_c16_keepalive_ms,0.678192
latency,2,837,http1_rust_nodelay_all_c16_keepalive_ms,1.378263
latency,2,838,http1_rust_nodelay_all_c16_keepalive_ms,8.822250
latency,2,839,http1_rust_nodelay_all_c16_keepalive_ms,1.329833
latency,2,840,http1_rust_nodelay_all_c16_keepalive_ms,1.081189
latency,2,841,http1_rust_nodelay_all_c16_keepalive_ms,1.430404
latency,2,842,http1_rust_nodelay_all_c16_keepalive_ms,1.442244
latency,2,843,http1_rust_nodelay_all_c16_keepalive_ms,1.129269
latency,2,844,http1_rust_nodelay_all_c16_keepalive_ms,1.406974
latency,2,845,http1_rust_nodelay_all_c16_keepalive_ms,1.102669
latency,2,846,http1_rust_nodelay_all_c16_keepalive_ms,1.407964
latency,2,847,http1_rust_nodelay_all_c16_keepalive_ms,1.677699
latency,2,848,http1_rust_nodelay_all_c16_keepalive_ms,1.404264
latency,2,849,http1_rust_nodelay_all_c16_keepalive_ms,1.360273
latency,2,850,http1_rust_nodelay_all_c16_keepalive_ms,1.025197
latency,2,851,http1_rust_nodelay_all_c16_keepalive_ms,1.046748
latency,2,852,http1_rust_nodelay_all_c16_keepalive_ms,1.310772
latency,2,853,http1_rust_nodelay_all_c16_keepalive_ms,1.103539
latency,2,854,http1_rust_nodelay_all_c16_keepalive_ms,0.902035
latency,2,855,http1_rust_nodelay_all_c16_keepalive_ms,0.847565
latency,2,856,http1_rust_nodelay_all_c16_keepalive_ms,9.804407
latency,2,857,http1_rust_nodelay_all_c16_keepalive_ms,1.103589
latency,2,858,http1_rust_nodelay_all_c16_keepalive_ms,1.017277
latency,2,859,http1_rust_nodelay_all_c16_keepalive_ms,0.756183
latency,2,860,http1_rust_nodelay_all_c16_keepalive_ms,0.670591
latency,2,861,http1_rust_nodelay_all_c16_keepalive_ms,0.568330
latency,2,862,http1_rust_nodelay_all_c16_keepalive_ms,0.626031
latency,2,863,http1_rust_nodelay_all_c16_keepalive_ms,0.444457
latency,2,864,http1_rust_nodelay_all_c16_keepalive_ms,0.320245
latency,2,865,http1_rust_nodelay_all_c16_keepalive_ms,4.124301
latency,2,866,http1_rust_nodelay_all_c16_keepalive_ms,0.109291
latency,2,867,http1_rust_nodelay_all_c16_keepalive_ms,0.106132
latency,2,868,http1_rust_nodelay_all_c16_keepalive_ms,0.107432
latency,2,869,http1_rust_nodelay_all_c16_keepalive_ms,0.105682
latency,2,870,http1_rust_nodelay_all_c16_keepalive_ms,0.105562
latency,2,871,http1_rust_nodelay_all_c16_keepalive_ms,0.105321
latency,2,872,http1_rust_nodelay_all_c16_keepalive_ms,0.111102
latency,2,873,http1_rust_nodelay_all_c16_keepalive_ms,0.116492
latency,2,874,http1_rust_nodelay_all_c16_keepalive_ms,0.116982
latency,2,875,http1_rust_nodelay_all_c16_keepalive_ms,0.106552
latency,2,876,http1_rust_nodelay_all_c16_keepalive_ms,0.110912
latency,2,877,http1_rust_nodelay_all_c16_keepalive_ms,0.106242
latency,2,878,http1_rust_nodelay_all_c16_keepalive_ms,0.105932
latency,2,879,http1_rust_nodelay_all_c16_keepalive_ms,0.105771
latency,2,320,http1_rust_nodelay_all_c16_keepalive_ms,1.449385
latency,2,321,http1_rust_nodelay_all_c16_keepalive_ms,1.583557
latency,2,322,http1_rust_nodelay_all_c16_keepalive_ms,1.517865
latency,2,323,http1_rust_nodelay_all_c16_keepalive_ms,1.521426
latency,2,324,http1_rust_nodelay_all_c16_keepalive_ms,1.480396
latency,2,325,http1_rust_nodelay_all_c16_keepalive_ms,1.467755
latency,2,326,http1_rust_nodelay_all_c16_keepalive_ms,1.480225
latency,2,327,http1_rust_nodelay_all_c16_keepalive_ms,1.575357
latency,2,328,http1_rust_nodelay_all_c16_keepalive_ms,1.150599
latency,2,329,http1_rust_nodelay_all_c16_keepalive_ms,1.500426
latency,2,330,http1_rust_nodelay_all_c16_keepalive_ms,1.089378
latency,2,331,http1_rust_nodelay_all_c16_keepalive_ms,10.461228
latency,2,332,http1_rust_nodelay_all_c16_keepalive_ms,1.436705
latency,2,333,http1_rust_nodelay_all_c16_keepalive_ms,1.429234
latency,2,334,http1_rust_nodelay_all_c16_keepalive_ms,1.108019
latency,2,335,http1_rust_nodelay_all_c16_keepalive_ms,1.368523
latency,2,336,http1_rust_nodelay_all_c16_keepalive_ms,1.047098
latency,2,337,http1_rust_nodelay_all_c16_keepalive_ms,1.345213
latency,2,338,http1_rust_nodelay_all_c16_keepalive_ms,1.023197
latency,2,339,http1_rust_nodelay_all_c16_keepalive_ms,1.377314
latency,2,340,http1_rust_nodelay_all_c16_keepalive_ms,1.262191
latency,2,341,http1_rust_nodelay_all_c16_keepalive_ms,1.048568
latency,2,342,http1_rust_nodelay_all_c16_keepalive_ms,1.350003
latency,2,343,http1_rust_nodelay_all_c16_keepalive_ms,1.012767
latency,2,344,http1_rust_nodelay_all_c16_keepalive_ms,1.408114
latency,2,345,http1_rust_nodelay_all_c16_keepalive_ms,1.316133
latency,2,346,http1_rust_nodelay_all_c16_keepalive_ms,1.129959
latency,2,347,http1_rust_nodelay_all_c16_keepalive_ms,1.427624
latency,2,348,http1_rust_nodelay_all_c16_keepalive_ms,1.472945
latency,2,349,http1_rust_nodelay_all_c16_keepalive_ms,1.142980
latency,2,350,http1_rust_nodelay_all_c16_keepalive_ms,1.121129
latency,2,351,http1_rust_nodelay_all_c16_keepalive_ms,1.437734
latency,2,352,http1_rust_nodelay_all_c16_keepalive_ms,1.453585
latency,2,353,http1_rust_nodelay_all_c16_keepalive_ms,1.490785
latency,2,354,http1_rust_nodelay_all_c16_keepalive_ms,1.370974
latency,2,355,http1_rust_nodelay_all_c16_keepalive_ms,1.380703
latency,2,356,http1_rust_nodelay_all_c16_keepalive_ms,1.335073
latency,2,357,http1_rust_nodelay_all_c16_keepalive_ms,10.050821
latency,2,358,http1_rust_nodelay_all_c16_keepalive_ms,1.100879
latency,2,359,http1_rust_nodelay_all_c16_keepalive_ms,1.127229
latency,2,360,http1_rust_nodelay_all_c16_keepalive_ms,1.070818
latency,2,361,http1_rust_nodelay_all_c16_keepalive_ms,1.440195
latency,2,362,http1_rust_nodelay_all_c16_keepalive_ms,1.528906
latency,2,363,http1_rust_nodelay_all_c16_keepalive_ms,1.386403
latency,2,364,http1_rust_nodelay_all_c16_keepalive_ms,1.350523
latency,2,365,http1_rust_nodelay_all_c16_keepalive_ms,18.362043
latency,2,366,http1_rust_nodelay_all_c16_keepalive_ms,1.449744
latency,2,367,http1_rust_nodelay_all_c16_keepalive_ms,1.453915
latency,2,368,http1_rust_nodelay_all_c16_keepalive_ms,1.439525
latency,2,369,http1_rust_nodelay_all_c16_keepalive_ms,1.387593
latency,2,370,http1_rust_nodelay_all_c16_keepalive_ms,1.086659
latency,2,371,http1_rust_nodelay_all_c16_keepalive_ms,1.041318
latency,2,372,http1_rust_nodelay_all_c16_keepalive_ms,1.721169
latency,2,373,http1_rust_nodelay_all_c16_keepalive_ms,1.335173
latency,2,374,http1_rust_nodelay_all_c16_keepalive_ms,1.035057
latency,2,375,http1_rust_nodelay_all_c16_keepalive_ms,1.422975
latency,2,376,http1_rust_nodelay_all_c16_keepalive_ms,1.346642
latency,2,377,http1_rust_nodelay_all_c16_keepalive_ms,1.441475
latency,2,378,http1_rust_nodelay_all_c16_keepalive_ms,1.150919
latency,2,379,http1_rust_nodelay_all_c16_keepalive_ms,1.920743
latency,2,380,http1_rust_nodelay_all_c16_keepalive_ms,0.856625
latency,2,381,http1_rust_nodelay_all_c16_keepalive_ms,0.883065
latency,2,382,http1_rust_nodelay_all_c16_keepalive_ms,1.479315
latency,2,383,http1_rust_nodelay_all_c16_keepalive_ms,1.173350
latency,2,384,http1_rust_nodelay_all_c16_keepalive_ms,1.437854
latency,2,385,http1_rust_nodelay_all_c16_keepalive_ms,0.957347
latency,2,386,http1_rust_nodelay_all_c16_keepalive_ms,1.878262
latency,2,387,http1_rust_nodelay_all_c16_keepalive_ms,0.877705
latency,2,388,http1_rust_nodelay_all_c16_keepalive_ms,1.017117
latency,2,389,http1_rust_nodelay_all_c16_keepalive_ms,0.765963
latency,2,390,http1_rust_nodelay_all_c16_keepalive_ms,0.847265
latency,2,391,http1_rust_nodelay_all_c16_keepalive_ms,0.535989
latency,2,392,http1_rust_nodelay_all_c16_keepalive_ms,0.497108
latency,2,393,http1_rust_nodelay_all_c16_keepalive_ms,0.475128
latency,2,394,http1_rust_nodelay_all_c16_keepalive_ms,0.401547
latency,2,395,http1_rust_nodelay_all_c16_keepalive_ms,6.080863
latency,2,396,http1_rust_nodelay_all_c16_keepalive_ms,0.110912
latency,2,397,http1_rust_nodelay_all_c16_keepalive_ms,0.106372
latency,2,398,http1_rust_nodelay_all_c16_keepalive_ms,0.105282
latency,2,399,http1_rust_nodelay_all_c16_keepalive_ms,0.110002
latency,2,400,http1_rust_nodelay_all_c16_keepalive_ms,1.604477
latency,2,401,http1_rust_nodelay_all_c16_keepalive_ms,1.562557
latency,2,402,http1_rust_nodelay_all_c16_keepalive_ms,1.509585
latency,2,403,http1_rust_nodelay_all_c16_keepalive_ms,1.215941
latency,2,404,http1_rust_nodelay_all_c16_keepalive_ms,1.106779
latency,2,405,http1_rust_nodelay_all_c16_keepalive_ms,1.446735
latency,2,406,http1_rust_nodelay_all_c16_keepalive_ms,1.133409
latency,2,407,http1_rust_nodelay_all_c16_keepalive_ms,1.487735
latency,2,408,http1_rust_nodelay_all_c16_keepalive_ms,1.539007
latency,2,409,http1_rust_nodelay_all_c16_keepalive_ms,1.482705
latency,2,410,http1_rust_nodelay_all_c16_keepalive_ms,1.480975
latency,2,411,http1_rust_nodelay_all_c16_keepalive_ms,1.476405
latency,2,412,http1_rust_nodelay_all_c16_keepalive_ms,1.443194
latency,2,413,http1_rust_nodelay_all_c16_keepalive_ms,1.033938
latency,2,414,http1_rust_nodelay_all_c16_keepalive_ms,1.188870
latency,2,415,http1_rust_nodelay_all_c16_keepalive_ms,1.474885
latency,2,416,http1_rust_nodelay_all_c16_keepalive_ms,1.127350
latency,2,417,http1_rust_nodelay_all_c16_keepalive_ms,1.129409
latency,2,418,http1_rust_nodelay_all_c16_keepalive_ms,1.394834
latency,2,419,http1_rust_nodelay_all_c16_keepalive_ms,1.432844
latency,2,420,http1_rust_nodelay_all_c16_keepalive_ms,1.458165
latency,2,421,http1_rust_nodelay_all_c16_keepalive_ms,1.382034
latency,2,422,http1_rust_nodelay_all_c16_keepalive_ms,1.035917
latency,2,423,http1_rust_nodelay_all_c16_keepalive_ms,1.360593
latency,2,424,http1_rust_nodelay_all_c16_keepalive_ms,1.015647
latency,2,425,http1_rust_nodelay_all_c16_keepalive_ms,1.341723
latency,2,426,http1_rust_nodelay_all_c16_keepalive_ms,1.140620
latency,2,427,http1_rust_nodelay_all_c16_keepalive_ms,1.243491
latency,2,428,http1_rust_nodelay_all_c16_keepalive_ms,1.303372
latency,2,429,http1_rust_nodelay_all_c16_keepalive_ms,1.056718
latency,2,430,http1_rust_nodelay_all_c16_keepalive_ms,1.310812
latency,2,431,http1_rust_nodelay_all_c16_keepalive_ms,1.357344
latency,2,432,http1_rust_nodelay_all_c16_keepalive_ms,1.045277
latency,2,433,http1_rust_nodelay_all_c16_keepalive_ms,0.952877
latency,2,434,http1_rust_nodelay_all_c16_keepalive_ms,1.468175
latency,2,435,http1_rust_nodelay_all_c16_keepalive_ms,1.443344
latency,2,436,http1_rust_nodelay_all_c16_keepalive_ms,1.535176
latency,2,437,http1_rust_nodelay_all_c16_keepalive_ms,1.444375
latency,2,438,http1_rust_nodelay_all_c16_keepalive_ms,1.448854
latency,2,439,http1_rust_nodelay_all_c16_keepalive_ms,1.114949
latency,2,440,http1_rust_nodelay_all_c16_keepalive_ms,1.090999
latency,2,441,http1_rust_nodelay_all_c16_keepalive_ms,1.097309
latency,2,442,http1_rust_nodelay_all_c16_keepalive_ms,1.339062
latency,2,443,http1_rust_nodelay_all_c16_keepalive_ms,1.034538
latency,2,444,http1_rust_nodelay_all_c16_keepalive_ms,1.366893
latency,2,445,http1_rust_nodelay_all_c16_keepalive_ms,1.317103
latency,2,446,http1_rust_nodelay_all_c16_keepalive_ms,1.249891
latency,2,447,http1_rust_nodelay_all_c16_keepalive_ms,0.649691
latency,2,448,http1_rust_nodelay_all_c16_keepalive_ms,10.429978
latency,2,449,http1_rust_nodelay_all_c16_keepalive_ms,1.086218
latency,2,450,http1_rust_nodelay_all_c16_keepalive_ms,1.470615
latency,2,451,http1_rust_nodelay_all_c16_keepalive_ms,1.058618
latency,2,452,http1_rust_nodelay_all_c16_keepalive_ms,1.334503
latency,2,453,http1_rust_nodelay_all_c16_keepalive_ms,9.984950
latency,2,454,http1_rust_nodelay_all_c16_keepalive_ms,1.324882
latency,2,455,http1_rust_nodelay_all_c16_keepalive_ms,10.381477
latency,2,456,http1_rust_nodelay_all_c16_keepalive_ms,1.106439
latency,2,457,http1_rust_nodelay_all_c16_keepalive_ms,1.102848
latency,2,458,http1_rust_nodelay_all_c16_keepalive_ms,1.384034
latency,2,459,http1_rust_nodelay_all_c16_keepalive_ms,1.385224
latency,2,460,http1_rust_nodelay_all_c16_keepalive_ms,1.765180
latency,2,461,http1_rust_nodelay_all_c16_keepalive_ms,1.361093
latency,2,462,http1_rust_nodelay_all_c16_keepalive_ms,1.361293
latency,2,463,http1_rust_nodelay_all_c16_keepalive_ms,0.707192
latency,2,464,http1_rust_nodelay_all_c16_keepalive_ms,1.333373
latency,2,465,http1_rust_nodelay_all_c16_keepalive_ms,1.031408
latency,2,466,http1_rust_nodelay_all_c16_keepalive_ms,1.025167
latency,2,467,http1_rust_nodelay_all_c16_keepalive_ms,0.892715
latency,2,468,http1_rust_nodelay_all_c16_keepalive_ms,1.688829
latency,2,469,http1_rust_nodelay_all_c16_keepalive_ms,0.859384
latency,2,470,http1_rust_nodelay_all_c16_keepalive_ms,1.125969
latency,2,471,http1_rust_nodelay_all_c16_keepalive_ms,1.237012
latency,2,472,http1_rust_nodelay_all_c16_keepalive_ms,1.144079
latency,2,473,http1_rust_nodelay_all_c16_keepalive_ms,0.881885
latency,2,474,http1_rust_nodelay_all_c16_keepalive_ms,1.534916
latency,2,475,http1_rust_nodelay_all_c16_keepalive_ms,1.296232
latency,2,476,http1_rust_nodelay_all_c16_keepalive_ms,1.460285
latency,2,477,http1_rust_nodelay_all_c16_keepalive_ms,0.803194
latency,2,478,http1_rust_nodelay_all_c16_keepalive_ms,10.758613
latency,2,479,http1_rust_nodelay_all_c16_keepalive_ms,0.232724
latency,2,1040,http1_rust_nodelay_all_c16_keepalive_ms,1.418694
latency,2,1041,http1_rust_nodelay_all_c16_keepalive_ms,1.554346
latency,2,1042,http1_rust_nodelay_all_c16_keepalive_ms,1.113099
latency,2,1043,http1_rust_nodelay_all_c16_keepalive_ms,1.573507
latency,2,1044,http1_rust_nodelay_all_c16_keepalive_ms,1.463835
latency,2,1045,http1_rust_nodelay_all_c16_keepalive_ms,1.493486
latency,2,1046,http1_rust_nodelay_all_c16_keepalive_ms,1.467905
latency,2,1047,http1_rust_nodelay_all_c16_keepalive_ms,1.502575
latency,2,1048,http1_rust_nodelay_all_c16_keepalive_ms,1.514786
latency,2,1049,http1_rust_nodelay_all_c16_keepalive_ms,1.110379
latency,2,1050,http1_rust_nodelay_all_c16_keepalive_ms,1.480885
latency,2,1051,http1_rust_nodelay_all_c16_keepalive_ms,1.477255
latency,2,1052,http1_rust_nodelay_all_c16_keepalive_ms,1.442954
latency,2,1053,http1_rust_nodelay_all_c16_keepalive_ms,1.033798
latency,2,1054,http1_rust_nodelay_all_c16_keepalive_ms,1.171890
latency,2,1055,http1_rust_nodelay_all_c16_keepalive_ms,1.130459
latency,2,1056,http1_rust_nodelay_all_c16_keepalive_ms,1.185961
latency,2,1057,http1_rust_nodelay_all_c16_keepalive_ms,1.433154
latency,2,1058,http1_rust_nodelay_all_c16_keepalive_ms,1.395724
latency,2,1059,http1_rust_nodelay_all_c16_keepalive_ms,1.481165
latency,2,1060,http1_rust_nodelay_all_c16_keepalive_ms,1.081558
latency,2,1061,http1_rust_nodelay_all_c16_keepalive_ms,1.140080
latency,2,1062,http1_rust_nodelay_all_c16_keepalive_ms,9.047124
latency,2,1063,http1_rust_nodelay_all_c16_keepalive_ms,1.349673
latency,2,1064,http1_rust_nodelay_all_c16_keepalive_ms,1.338663
latency,2,1065,http1_rust_nodelay_all_c16_keepalive_ms,1.052757
latency,2,1066,http1_rust_nodelay_all_c16_keepalive_ms,1.038378
latency,2,1067,http1_rust_nodelay_all_c16_keepalive_ms,1.342713
latency,2,1068,http1_rust_nodelay_all_c16_keepalive_ms,1.123199
latency,2,1069,http1_rust_nodelay_all_c16_keepalive_ms,1.111679
latency,2,1070,http1_rust_nodelay_all_c16_keepalive_ms,1.481065
latency,2,1071,http1_rust_nodelay_all_c16_keepalive_ms,1.078728
latency,2,1072,http1_rust_nodelay_all_c16_keepalive_ms,1.129040
latency,2,1073,http1_rust_nodelay_all_c16_keepalive_ms,1.394263
latency,2,1074,http1_rust_nodelay_all_c16_keepalive_ms,10.437808
latency,2,1075,http1_rust_nodelay_all_c16_keepalive_ms,1.034288
latency,2,1076,http1_rust_nodelay_all_c16_keepalive_ms,1.333752
latency,2,1077,http1_rust_nodelay_all_c16_keepalive_ms,9.765057
latency,2,1078,http1_rust_nodelay_all_c16_keepalive_ms,9.339858
latency,2,1079,http1_rust_nodelay_all_c16_keepalive_ms,1.386144
latency,2,1080,http1_rust_nodelay_all_c16_keepalive_ms,1.054708
latency,2,1081,http1_rust_nodelay_all_c16_keepalive_ms,1.319723
latency,2,1082,http1_rust_nodelay_all_c16_keepalive_ms,1.315742
latency,2,1083,http1_rust_nodelay_all_c16_keepalive_ms,1.315512
latency,2,1084,http1_rust_nodelay_all_c16_keepalive_ms,1.311703
latency,2,1085,http1_rust_nodelay_all_c16_keepalive_ms,1.031957
latency,2,1086,http1_rust_nodelay_all_c16_keepalive_ms,0.996987
latency,2,1087,http1_rust_nodelay_all_c16_keepalive_ms,1.390064
latency,2,1088,http1_rust_nodelay_all_c16_keepalive_ms,1.433764
latency,2,1089,http1_rust_nodelay_all_c16_keepalive_ms,1.072838
latency,2,1090,http1_rust_nodelay_all_c16_keepalive_ms,1.111129
latency,2,1091,http1_rust_nodelay_all_c16_keepalive_ms,1.430855
latency,2,1092,http1_rust_nodelay_all_c16_keepalive_ms,1.618557
latency,2,1093,http1_rust_nodelay_all_c16_keepalive_ms,1.056748
latency,2,1094,http1_rust_nodelay_all_c16_keepalive_ms,1.333203
latency,2,1095,http1_rust_nodelay_all_c16_keepalive_ms,1.704759
latency,2,1096,http1_rust_nodelay_all_c16_keepalive_ms,1.065838
latency,2,1097,http1_rust_nodelay_all_c16_keepalive_ms,1.302252
latency,2,1098,http1_rust_nodelay_all_c16_keepalive_ms,1.348443
latency,2,1099,http1_rust_nodelay_all_c16_keepalive_ms,1.333113
latency,2,1100,http1_rust_nodelay_all_c16_keepalive_ms,1.401224
latency,2,1101,http1_rust_nodelay_all_c16_keepalive_ms,1.150809
latency,2,1102,http1_rust_nodelay_all_c16_keepalive_ms,1.931693
latency,2,1103,http1_rust_nodelay_all_c16_keepalive_ms,0.894405
latency,2,1104,http1_rust_nodelay_all_c16_keepalive_ms,0.842785
latency,2,1105,http1_rust_nodelay_all_c16_keepalive_ms,1.509276
latency,2,1106,http1_rust_nodelay_all_c16_keepalive_ms,1.179730
latency,2,1107,http1_rust_nodelay_all_c16_keepalive_ms,1.534116
latency,2,1108,http1_rust_nodelay_all_c16_keepalive_ms,0.938006
latency,2,1109,http1_rust_nodelay_all_c16_keepalive_ms,1.880902
latency,2,1110,http1_rust_nodelay_all_c16_keepalive_ms,0.800133
latency,2,1111,http1_rust_nodelay_all_c16_keepalive_ms,1.034628
latency,2,1112,http1_rust_nodelay_all_c16_keepalive_ms,10.266715
latency,2,1113,http1_rust_nodelay_all_c16_keepalive_ms,0.535009
latency,2,1114,http1_rust_nodelay_all_c16_keepalive_ms,0.111422
latency,2,1115,http1_rust_nodelay_all_c16_keepalive_ms,0.108152
latency,2,1116,http1_rust_nodelay_all_c16_keepalive_ms,0.109341
latency,2,1117,http1_rust_nodelay_all_c16_keepalive_ms,0.122093
latency,2,1118,http1_rust_nodelay_all_c16_keepalive_ms,0.109831
latency,2,1119,http1_rust_nodelay_all_c16_keepalive_ms,0.105802
trial,2,1280,http1_rust_nodelay_all_c16_median_ms,1.331103
trial,2,1280,http1_rust_nodelay_all_c16_p95_ms,1.700499
trial,2,1280,http1_rust_nodelay_all_c16_requests_per_second,9279.384
trial,2,1280,http1_rust_nodelay_all_c16_wall_ms,137.940
latency,3,1120,http1_rust_nodelay_all_c16_keepalive_ms,1.750500
latency,3,1121,http1_rust_nodelay_all_c16_keepalive_ms,1.851121
latency,3,1122,http1_rust_nodelay_all_c16_keepalive_ms,1.603818
latency,3,1123,http1_rust_nodelay_all_c16_keepalive_ms,1.583726
latency,3,1124,http1_rust_nodelay_all_c16_keepalive_ms,0.869325
latency,3,1125,http1_rust_nodelay_all_c16_keepalive_ms,1.453685
latency,3,1126,http1_rust_nodelay_all_c16_keepalive_ms,1.065648
latency,3,1127,http1_rust_nodelay_all_c16_keepalive_ms,1.128279
latency,3,1128,http1_rust_nodelay_all_c16_keepalive_ms,1.126629
latency,3,1129,http1_rust_nodelay_all_c16_keepalive_ms,1.050818
latency,3,1130,http1_rust_nodelay_all_c16_keepalive_ms,10.147703
latency,3,1131,http1_rust_nodelay_all_c16_keepalive_ms,1.433814
latency,3,1132,http1_rust_nodelay_all_c16_keepalive_ms,1.065409
latency,3,1133,http1_rust_nodelay_all_c16_keepalive_ms,1.152809
latency,3,1134,http1_rust_nodelay_all_c16_keepalive_ms,1.436255
latency,3,1135,http1_rust_nodelay_all_c16_keepalive_ms,1.485305
latency,3,1136,http1_rust_nodelay_all_c16_keepalive_ms,1.102249
latency,3,1137,http1_rust_nodelay_all_c16_keepalive_ms,1.134299
latency,3,1138,http1_rust_nodelay_all_c16_keepalive_ms,1.327633
latency,3,1139,http1_rust_nodelay_all_c16_keepalive_ms,1.056778
latency,3,1140,http1_rust_nodelay_all_c16_keepalive_ms,1.306012
latency,3,1141,http1_rust_nodelay_all_c16_keepalive_ms,1.235941
latency,3,1142,http1_rust_nodelay_all_c16_keepalive_ms,1.273782
latency,3,1143,http1_rust_nodelay_all_c16_keepalive_ms,0.971886
latency,3,1144,http1_rust_nodelay_all_c16_keepalive_ms,0.918906
latency,3,1145,http1_rust_nodelay_all_c16_keepalive_ms,1.282501
latency,3,1146,http1_rust_nodelay_all_c16_keepalive_ms,1.030958
latency,3,1147,http1_rust_nodelay_all_c16_keepalive_ms,1.308382
latency,3,1148,http1_rust_nodelay_all_c16_keepalive_ms,1.433385
latency,3,1149,http1_rust_nodelay_all_c16_keepalive_ms,1.117589
latency,3,1150,http1_rust_nodelay_all_c16_keepalive_ms,1.093438
latency,3,1151,http1_rust_nodelay_all_c16_keepalive_ms,1.116559
latency,3,1152,http1_rust_nodelay_all_c16_keepalive_ms,1.055808
latency,3,1153,http1_rust_nodelay_all_c16_keepalive_ms,1.435784
latency,3,1154,http1_rust_nodelay_all_c16_keepalive_ms,1.493225
latency,3,1155,http1_rust_nodelay_all_c16_keepalive_ms,1.595418
latency,3,1156,http1_rust_nodelay_all_c16_keepalive_ms,0.773103
latency,3,1157,http1_rust_nodelay_all_c16_keepalive_ms,1.447864
latency,3,1158,http1_rust_nodelay_all_c16_keepalive_ms,1.474895
latency,3,1159,http1_rust_nodelay_all_c16_keepalive_ms,1.506376
latency,3,1160,http1_rust_nodelay_all_c16_keepalive_ms,1.087258
latency,3,1161,http1_rust_nodelay_all_c16_keepalive_ms,1.114839
latency,3,1162,http1_rust_nodelay_all_c16_keepalive_ms,1.106819
latency,3,1163,http1_rust_nodelay_all_c16_keepalive_ms,1.455415
latency,3,1164,http1_rust_nodelay_all_c16_keepalive_ms,1.478345
latency,3,1165,http1_rust_nodelay_all_c16_keepalive_ms,1.496426
latency,3,1166,http1_rust_nodelay_all_c16_keepalive_ms,1.119429
latency,3,1167,http1_rust_nodelay_all_c16_keepalive_ms,1.424364
latency,3,1168,http1_rust_nodelay_all_c16_keepalive_ms,1.107529
latency,3,1169,http1_rust_nodelay_all_c16_keepalive_ms,1.481805
latency,3,1170,http1_rust_nodelay_all_c16_keepalive_ms,1.441034
latency,3,1171,http1_rust_nodelay_all_c16_keepalive_ms,1.486996
latency,3,1172,http1_rust_nodelay_all_c16_keepalive_ms,1.109039
latency,3,1173,http1_rust_nodelay_all_c16_keepalive_ms,1.063248
latency,3,1174,http1_rust_nodelay_all_c16_keepalive_ms,1.337043
latency,3,1175,http1_rust_nodelay_all_c16_keepalive_ms,1.015387
latency,3,1176,http1_rust_nodelay_all_c16_keepalive_ms,1.293862
latency,3,1177,http1_rust_nodelay_all_c16_keepalive_ms,1.377633
latency,3,1178,http1_rust_nodelay_all_c16_keepalive_ms,1.254752
latency,3,1179,http1_rust_nodelay_all_c16_keepalive_ms,0.992727
latency,3,1180,http1_rust_nodelay_all_c16_keepalive_ms,1.361293
latency,3,1181,http1_rust_nodelay_all_c16_keepalive_ms,1.471475
latency,3,1182,http1_rust_nodelay_all_c16_keepalive_ms,1.075908
latency,3,1183,http1_rust_nodelay_all_c16_keepalive_ms,1.150940
latency,3,1184,http1_rust_nodelay_all_c16_keepalive_ms,1.491395
latency,3,1185,http1_rust_nodelay_all_c16_keepalive_ms,1.414164
latency,3,1186,http1_rust_nodelay_all_c16_keepalive_ms,1.648848
latency,3,1187,http1_rust_nodelay_all_c16_keepalive_ms,1.453535
latency,3,1188,http1_rust_nodelay_all_c16_keepalive_ms,1.468235
latency,3,1189,http1_rust_nodelay_all_c16_keepalive_ms,1.437865
latency,3,1190,http1_rust_nodelay_all_c16_keepalive_ms,1.448224
latency,3,1191,http1_rust_nodelay_all_c16_keepalive_ms,1.162050
latency,3,1192,http1_rust_nodelay_all_c16_keepalive_ms,1.071818
latency,3,1193,http1_rust_nodelay_all_c16_keepalive_ms,1.136350
latency,3,1194,http1_rust_nodelay_all_c16_keepalive_ms,1.548566
latency,3,1195,http1_rust_nodelay_all_c16_keepalive_ms,1.068208
latency,3,1196,http1_rust_nodelay_all_c16_keepalive_ms,1.116249
latency,3,1197,http1_rust_nodelay_all_c16_keepalive_ms,1.482925
latency,3,1198,http1_rust_nodelay_all_c16_keepalive_ms,1.457405
latency,3,1199,http1_rust_nodelay_all_c16_keepalive_ms,1.536226
latency,3,640,http1_rust_nodelay_all_c16_keepalive_ms,1.605018
latency,3,641,http1_rust_nodelay_all_c16_keepalive_ms,1.740839
latency,3,642,http1_rust_nodelay_all_c16_keepalive_ms,1.649239
latency,3,643,http1_rust_nodelay_all_c16_keepalive_ms,1.577056
latency,3,644,http1_rust_nodelay_all_c16_keepalive_ms,1.229401
latency,3,645,http1_rust_nodelay_all_c16_keepalive_ms,1.474975
latency,3,646,http1_rust_nodelay_all_c16_keepalive_ms,1.450765
latency,3,647,http1_rust_nodelay_all_c16_keepalive_ms,1.465725
latency,3,648,http1_rust_nodelay_all_c16_keepalive_ms,1.441634
latency,3,649,http1_rust_nodelay_all_c16_keepalive_ms,1.506496
latency,3,650,http1_rust_nodelay_all_c16_keepalive_ms,1.448005
latency,3,651,http1_rust_nodelay_all_c16_keepalive_ms,1.460185
latency,3,652,http1_rust_nodelay_all_c16_keepalive_ms,1.064708
latency,3,653,http1_rust_nodelay_all_c16_keepalive_ms,1.105539
latency,3,654,http1_rust_nodelay_all_c16_keepalive_ms,1.498735
latency,3,655,http1_rust_nodelay_all_c16_keepalive_ms,1.459355
latency,3,656,http1_rust_nodelay_all_c16_keepalive_ms,1.422924
latency,3,657,http1_rust_nodelay_all_c16_keepalive_ms,1.443764
latency,3,658,http1_rust_nodelay_all_c16_keepalive_ms,1.504116
latency,3,659,http1_rust_nodelay_all_c16_keepalive_ms,1.101469
latency,3,660,http1_rust_nodelay_all_c16_keepalive_ms,1.131369
latency,3,661,http1_rust_nodelay_all_c16_keepalive_ms,1.467425
latency,3,662,http1_rust_nodelay_all_c16_keepalive_ms,10.439148
latency,3,663,http1_rust_nodelay_all_c16_keepalive_ms,1.337133
latency,3,664,http1_rust_nodelay_all_c16_keepalive_ms,1.010247
latency,3,665,http1_rust_nodelay_all_c16_keepalive_ms,1.460305
latency,3,666,http1_rust_nodelay_all_c16_keepalive_ms,1.429814
latency,3,667,http1_rust_nodelay_all_c16_keepalive_ms,1.428294
latency,3,668,http1_rust_nodelay_all_c16_keepalive_ms,1.455535
latency,3,669,http1_rust_nodelay_all_c16_keepalive_ms,1.444945
latency,3,670,http1_rust_nodelay_all_c16_keepalive_ms,1.121529
latency,3,671,http1_rust_nodelay_all_c16_keepalive_ms,1.146789
latency,3,672,http1_rust_nodelay_all_c16_keepalive_ms,1.198571
latency,3,673,http1_rust_nodelay_all_c16_keepalive_ms,1.439564
latency,3,674,http1_rust_nodelay_all_c16_keepalive_ms,1.459795
latency,3,675,http1_rust_nodelay_all_c16_keepalive_ms,1.143849
latency,3,676,http1_rust_nodelay_all_c16_keepalive_ms,1.132230
latency,3,677,http1_rust_nodelay_all_c16_keepalive_ms,1.455675
latency,3,678,http1_rust_nodelay_all_c16_keepalive_ms,1.478385
latency,3,679,http1_rust_nodelay_all_c16_keepalive_ms,1.444054
latency,3,680,http1_rust_nodelay_all_c16_keepalive_ms,1.121259
latency,3,681,http1_rust_nodelay_all_c16_keepalive_ms,1.139320
latency,3,682,http1_rust_nodelay_all_c16_keepalive_ms,1.107239
latency,3,683,http1_rust_nodelay_all_c16_keepalive_ms,1.460225
latency,3,684,http1_rust_nodelay_all_c16_keepalive_ms,1.483345
latency,3,685,http1_rust_nodelay_all_c16_keepalive_ms,1.411744
latency,3,686,http1_rust_nodelay_all_c16_keepalive_ms,1.486475
latency,3,687,http1_rust_nodelay_all_c16_keepalive_ms,1.121969
latency,3,688,http1_rust_nodelay_all_c16_keepalive_ms,1.100189
latency,3,689,http1_rust_nodelay_all_c16_keepalive_ms,1.465705
latency,3,690,http1_rust_nodelay_all_c16_keepalive_ms,1.359853
latency,3,691,http1_rust_nodelay_all_c16_keepalive_ms,1.365213
latency,3,692,http1_rust_nodelay_all_c16_keepalive_ms,1.238551
latency,3,693,http1_rust_nodelay_all_c16_keepalive_ms,1.017428
latency,3,694,http1_rust_nodelay_all_c16_keepalive_ms,1.374003
latency,3,695,http1_rust_nodelay_all_c16_keepalive_ms,1.015137
latency,3,696,http1_rust_nodelay_all_c16_keepalive_ms,1.324173
latency,3,697,http1_rust_nodelay_all_c16_keepalive_ms,1.056178
latency,3,698,http1_rust_nodelay_all_c16_keepalive_ms,1.444165
latency,3,699,http1_rust_nodelay_all_c16_keepalive_ms,1.499945
latency,3,700,http1_rust_nodelay_all_c16_keepalive_ms,1.479955
latency,3,701,http1_rust_nodelay_all_c16_keepalive_ms,1.442975
latency,3,702,http1_rust_nodelay_all_c16_keepalive_ms,1.228480
latency,3,703,http1_rust_nodelay_all_c16_keepalive_ms,1.172220
latency,3,704,http1_rust_nodelay_all_c16_keepalive_ms,1.432385
latency,3,705,http1_rust_nodelay_all_c16_keepalive_ms,1.095779
latency,3,706,http1_rust_nodelay_all_c16_keepalive_ms,1.107438
latency,3,707,http1_rust_nodelay_all_c16_keepalive_ms,1.439315
latency,3,708,http1_rust_nodelay_all_c16_keepalive_ms,1.536636
latency,3,709,http1_rust_nodelay_all_c16_keepalive_ms,1.482645
latency,3,710,http1_rust_nodelay_all_c16_keepalive_ms,1.564427
latency,3,711,http1_rust_nodelay_all_c16_keepalive_ms,1.474615
latency,3,712,http1_rust_nodelay_all_c16_keepalive_ms,1.440384
latency,3,713,http1_rust_nodelay_all_c16_keepalive_ms,1.490926
latency,3,714,http1_rust_nodelay_all_c16_keepalive_ms,1.098189
latency,3,715,http1_rust_nodelay_all_c16_keepalive_ms,1.149829
latency,3,716,http1_rust_nodelay_all_c16_keepalive_ms,1.921923
latency,3,717,http1_rust_nodelay_all_c16_keepalive_ms,1.079068
latency,3,718,http1_rust_nodelay_all_c16_keepalive_ms,1.096819
latency,3,719,http1_rust_nodelay_all_c16_keepalive_ms,1.325103
latency,3,400,http1_rust_nodelay_all_c16_keepalive_ms,1.765340
latency,3,401,http1_rust_nodelay_all_c16_keepalive_ms,1.851232
latency,3,402,http1_rust_nodelay_all_c16_keepalive_ms,7.612599
latency,3,403,http1_rust_nodelay_all_c16_keepalive_ms,1.283052
latency,3,404,http1_rust_nodelay_all_c16_keepalive_ms,1.454955
latency,3,405,http1_rust_nodelay_all_c16_keepalive_ms,1.483905
latency,3,406,http1_rust_nodelay_all_c16_keepalive_ms,1.121979
latency,3,407,http1_rust_nodelay_all_c16_keepalive_ms,1.073829
latency,3,408,http1_rust_nodelay_all_c16_keepalive_ms,1.443354
latency,3,409,http1_rust_nodelay_all_c16_keepalive_ms,1.104869
latency,3,410,http1_rust_nodelay_all_c16_keepalive_ms,1.501676
latency,3,411,http1_rust_nodelay_all_c16_keepalive_ms,1.113429
latency,3,412,http1_rust_nodelay_all_c16_keepalive_ms,1.137789
latency,3,413,http1_rust_nodelay_all_c16_keepalive_ms,1.396863
latency,3,414,http1_rust_nodelay_all_c16_keepalive_ms,1.123919
latency,3,415,http1_rust_nodelay_all_c16_keepalive_ms,1.114789
latency,3,416,http1_rust_nodelay_all_c16_keepalive_ms,1.468576
latency,3,417,http1_rust_nodelay_all_c16_keepalive_ms,1.445504
latency,3,418,http1_rust_nodelay_all_c16_keepalive_ms,1.475965
latency,3,419,http1_rust_nodelay_all_c16_keepalive_ms,1.410424
latency,3,420,http1_rust_nodelay_all_c16_keepalive_ms,1.344123
latency,3,421,http1_rust_nodelay_all_c16_keepalive_ms,1.009207
latency,3,422,http1_rust_nodelay_all_c16_keepalive_ms,1.267232
latency,3,423,http1_rust_nodelay_all_c16_keepalive_ms,1.273932
latency,3,424,http1_rust_nodelay_all_c16_keepalive_ms,0.956676
latency,3,425,http1_rust_nodelay_all_c16_keepalive_ms,1.230191
latency,3,426,http1_rust_nodelay_all_c16_keepalive_ms,0.674851
latency,3,427,http1_rust_nodelay_all_c16_keepalive_ms,1.300742
latency,3,428,http1_rust_nodelay_all_c16_keepalive_ms,1.046828
latency,3,429,http1_rust_nodelay_all_c16_keepalive_ms,1.309782
latency,3,430,http1_rust_nodelay_all_c16_keepalive_ms,1.464595
latency,3,431,http1_rust_nodelay_all_c16_keepalive_ms,1.442845
latency,3,432,http1_rust_nodelay_all_c16_keepalive_ms,1.124139
latency,3,433,http1_rust_nodelay_all_c16_keepalive_ms,1.055338
latency,3,434,http1_rust_nodelay_all_c16_keepalive_ms,1.085479
latency,3,435,http1_rust_nodelay_all_c16_keepalive_ms,1.455205
latency,3,436,http1_rust_nodelay_all_c16_keepalive_ms,1.546316
latency,3,437,http1_rust_nodelay_all_c16_keepalive_ms,1.536336
latency,3,438,http1_rust_nodelay_all_c16_keepalive_ms,1.079438
latency,3,439,http1_rust_nodelay_all_c16_keepalive_ms,1.436565
latency,3,440,http1_rust_nodelay_all_c16_keepalive_ms,1.111258
latency,3,441,http1_rust_nodelay_all_c16_keepalive_ms,1.477846
latency,3,442,http1_rust_nodelay_all_c16_keepalive_ms,1.476445
latency,3,443,http1_rust_nodelay_all_c16_keepalive_ms,1.133749
latency,3,444,http1_rust_nodelay_all_c16_keepalive_ms,1.428134
latency,3,445,http1_rust_nodelay_all_c16_keepalive_ms,1.136340
latency,3,446,http1_rust_nodelay_all_c16_keepalive_ms,1.498315
latency,3,447,http1_rust_nodelay_all_c16_keepalive_ms,1.455215
latency,3,448,http1_rust_nodelay_all_c16_keepalive_ms,1.458335
latency,3,449,http1_rust_nodelay_all_c16_keepalive_ms,1.429604
latency,3,450,http1_rust_nodelay_all_c16_keepalive_ms,1.086959
latency,3,451,http1_rust_nodelay_all_c16_keepalive_ms,1.126259
latency,3,452,http1_rust_nodelay_all_c16_keepalive_ms,1.091308
latency,3,453,http1_rust_nodelay_all_c16_keepalive_ms,1.447355
latency,3,454,http1_rust_nodelay_all_c16_keepalive_ms,1.423204
latency,3,455,http1_rust_nodelay_all_c16_keepalive_ms,1.380394
latency,3,456,http1_rust_nodelay_all_c16_keepalive_ms,1.599387
latency,3,457,http1_rust_nodelay_all_c16_keepalive_ms,1.022057
latency,3,458,http1_rust_nodelay_all_c16_keepalive_ms,1.314233
latency,3,459,http1_rust_nodelay_all_c16_keepalive_ms,1.057418
latency,3,460,http1_rust_nodelay_all_c16_keepalive_ms,1.332853
latency,3,461,http1_rust_nodelay_all_c16_keepalive_ms,1.356013
latency,3,462,http1_rust_nodelay_all_c16_keepalive_ms,1.447744
latency,3,463,http1_rust_nodelay_all_c16_keepalive_ms,1.496116
latency,3,464,http1_rust_nodelay_all_c16_keepalive_ms,1.483475
latency,3,465,http1_rust_nodelay_all_c16_keepalive_ms,1.535376
latency,3,466,http1_rust_nodelay_all_c16_keepalive_ms,1.649798
latency,3,467,http1_rust_nodelay_all_c16_keepalive_ms,1.419734
latency,3,468,http1_rust_nodelay_all_c16_keepalive_ms,1.469445
latency,3,469,http1_rust_nodelay_all_c16_keepalive_ms,1.437805
latency,3,470,http1_rust_nodelay_all_c16_keepalive_ms,1.446125
latency,3,471,http1_rust_nodelay_all_c16_keepalive_ms,1.426384
latency,3,472,http1_rust_nodelay_all_c16_keepalive_ms,1.481955
latency,3,473,http1_rust_nodelay_all_c16_keepalive_ms,9.576743
latency,3,474,http1_rust_nodelay_all_c16_keepalive_ms,1.118209
latency,3,475,http1_rust_nodelay_all_c16_keepalive_ms,1.450385
latency,3,476,http1_rust_nodelay_all_c16_keepalive_ms,1.063728
latency,3,477,http1_rust_nodelay_all_c16_keepalive_ms,1.395094
latency,3,478,http1_rust_nodelay_all_c16_keepalive_ms,1.025737
latency,3,479,http1_rust_nodelay_all_c16_keepalive_ms,1.323613
latency,3,240,http1_rust_nodelay_all_c16_keepalive_ms,1.524186
latency,3,241,http1_rust_nodelay_all_c16_keepalive_ms,1.319573
latency,3,242,http1_rust_nodelay_all_c16_keepalive_ms,1.770590
latency,3,243,http1_rust_nodelay_all_c16_keepalive_ms,1.632408
latency,3,244,http1_rust_nodelay_all_c16_keepalive_ms,1.174919
latency,3,245,http1_rust_nodelay_all_c16_keepalive_ms,1.553037
latency,3,246,http1_rust_nodelay_all_c16_keepalive_ms,1.437624
latency,3,247,http1_rust_nodelay_all_c16_keepalive_ms,1.470085
latency,3,248,http1_rust_nodelay_all_c16_keepalive_ms,1.446565
latency,3,249,http1_rust_nodelay_all_c16_keepalive_ms,1.481695
latency,3,250,http1_rust_nodelay_all_c16_keepalive_ms,1.434585
latency,3,251,http1_rust_nodelay_all_c16_keepalive_ms,7.164812
latency,3,252,http1_rust_nodelay_all_c16_keepalive_ms,1.412483
latency,3,253,http1_rust_nodelay_all_c16_keepalive_ms,1.134510
latency,3,254,http1_rust_nodelay_all_c16_keepalive_ms,1.085108
latency,3,255,http1_rust_nodelay_all_c16_keepalive_ms,1.453265
latency,3,256,http1_rust_nodelay_all_c16_keepalive_ms,1.493105
latency,3,257,http1_rust_nodelay_all_c16_keepalive_ms,1.123950
latency,3,258,http1_rust_nodelay_all_c16_keepalive_ms,1.062038
latency,3,259,http1_rust_nodelay_all_c16_keepalive_ms,1.405064
latency,3,260,http1_rust_nodelay_all_c16_keepalive_ms,1.387453
latency,3,261,http1_rust_nodelay_all_c16_keepalive_ms,1.299132
latency,3,262,http1_rust_nodelay_all_c16_keepalive_ms,1.236061
latency,3,263,http1_rust_nodelay_all_c16_keepalive_ms,0.991157
latency,3,264,http1_rust_nodelay_all_c16_keepalive_ms,1.254532
latency,3,265,http1_rust_nodelay_all_c16_keepalive_ms,0.918645
latency,3,266,http1_rust_nodelay_all_c16_keepalive_ms,1.283422
latency,3,267,http1_rust_nodelay_all_c16_keepalive_ms,1.029587
latency,3,268,http1_rust_nodelay_all_c16_keepalive_ms,1.308843
latency,3,269,http1_rust_nodelay_all_c16_keepalive_ms,1.096268
latency,3,270,http1_rust_nodelay_all_c16_keepalive_ms,1.096589
latency,3,271,http1_rust_nodelay_all_c16_keepalive_ms,1.134849
latency,3,272,http1_rust_nodelay_all_c16_keepalive_ms,1.433225
latency,3,273,http1_rust_nodelay_all_c16_keepalive_ms,1.460205
latency,3,274,http1_rust_nodelay_all_c16_keepalive_ms,1.404984
latency,3,275,http1_rust_nodelay_all_c16_keepalive_ms,1.516236
latency,3,276,http1_rust_nodelay_all_c16_keepalive_ms,1.239451
latency,3,277,http1_rust_nodelay_all_c16_keepalive_ms,1.093238
latency,3,278,http1_rust_nodelay_all_c16_keepalive_ms,1.462225
latency,3,279,http1_rust_nodelay_all_c16_keepalive_ms,1.488445
latency,3,280,http1_rust_nodelay_all_c16_keepalive_ms,1.390044
latency,3,281,http1_rust_nodelay_all_c16_keepalive_ms,1.461205
latency,3,282,http1_rust_nodelay_all_c16_keepalive_ms,1.123999
latency,3,283,http1_rust_nodelay_all_c16_keepalive_ms,1.102429
latency,3,284,http1_rust_nodelay_all_c16_keepalive_ms,1.466585
latency,3,285,http1_rust_nodelay_all_c16_keepalive_ms,1.472535
latency,3,286,http1_rust_nodelay_all_c16_keepalive_ms,1.465595
latency,3,287,http1_rust_nodelay_all_c16_keepalive_ms,1.416174
latency,3,288,http1_rust_nodelay_all_c16_keepalive_ms,1.081938
latency,3,289,http1_rust_nodelay_all_c16_keepalive_ms,1.126560
latency,3,290,http1_rust_nodelay_all_c16_keepalive_ms,1.457864
latency,3,291,http1_rust_nodelay_all_c16_keepalive_ms,1.505586
latency,3,292,http1_rust_nodelay_all_c16_keepalive_ms,1.433944
latency,3,293,http1_rust_nodelay_all_c16_keepalive_ms,10.514229
latency,3,294,http1_rust_nodelay_all_c16_keepalive_ms,1.438485
latency,3,295,http1_rust_nodelay_all_c16_keepalive_ms,1.482485
latency,3,296,http1_rust_nodelay_all_c16_keepalive_ms,1.076928
latency,3,297,http1_rust_nodelay_all_c16_keepalive_ms,1.129699
latency,3,298,http1_rust_nodelay_all_c16_keepalive_ms,1.360484
latency,3,299,http1_rust_nodelay_all_c16_keepalive_ms,1.608927
latency,3,300,http1_rust_nodelay_all_c16_keepalive_ms,1.130369
latency,3,301,http1_rust_nodelay_all_c16_keepalive_ms,1.067428
latency,3,302,http1_rust_nodelay_all_c16_keepalive_ms,1.102729
latency,3,303,http1_rust_nodelay_all_c16_keepalive_ms,1.460585
latency,3,304,http1_rust_nodelay_all_c16_keepalive_ms,1.448085
latency,3,305,http1_rust_nodelay_all_c16_keepalive_ms,1.507286
latency,3,306,http1_rust_nodelay_all_c16_keepalive_ms,1.459644
latency,3,307,http1_rust_nodelay_all_c16_keepalive_ms,1.591177
latency,3,308,http1_rust_nodelay_all_c16_keepalive_ms,1.425364
latency,3,309,http1_rust_nodelay_all_c16_keepalive_ms,1.153490
latency,3,310,http1_rust_nodelay_all_c16_keepalive_ms,1.149380
latency,3,311,http1_rust_nodelay_all_c16_keepalive_ms,1.110409
latency,3,312,http1_rust_nodelay_all_c16_keepalive_ms,1.536576
latency,3,313,http1_rust_nodelay_all_c16_keepalive_ms,1.887322
latency,3,314,http1_rust_nodelay_all_c16_keepalive_ms,1.046828
latency,3,315,http1_rust_nodelay_all_c16_keepalive_ms,1.104379
latency,3,316,http1_rust_nodelay_all_c16_keepalive_ms,1.437664
latency,3,317,http1_rust_nodelay_all_c16_keepalive_ms,1.372564
latency,3,318,http1_rust_nodelay_all_c16_keepalive_ms,1.300902
latency,3,319,http1_rust_nodelay_all_c16_keepalive_ms,1.578766
latency,3,80,http1_rust_nodelay_all_c16_keepalive_ms,1.265592
latency,3,81,http1_rust_nodelay_all_c16_keepalive_ms,1.864491
latency,3,82,http1_rust_nodelay_all_c16_keepalive_ms,1.669909
latency,3,83,http1_rust_nodelay_all_c16_keepalive_ms,1.583887
latency,3,84,http1_rust_nodelay_all_c16_keepalive_ms,1.559846
latency,3,85,http1_rust_nodelay_all_c16_keepalive_ms,10.450548
latency,3,86,http1_rust_nodelay_all_c16_keepalive_ms,1.103089
latency,3,87,http1_rust_nodelay_all_c16_keepalive_ms,1.088959
latency,3,88,http1_rust_nodelay_all_c16_keepalive_ms,1.471095
latency,3,89,http1_rust_nodelay_all_c16_keepalive_ms,1.492725
latency,3,90,http1_rust_nodelay_all_c16_keepalive_ms,1.102018
latency,3,91,http1_rust_nodelay_all_c16_keepalive_ms,1.415265
latency,3,92,http1_rust_nodelay_all_c16_keepalive_ms,1.375433
latency,3,93,http1_rust_nodelay_all_c16_keepalive_ms,1.101609
latency,3,94,http1_rust_nodelay_all_c16_keepalive_ms,1.134269
latency,3,95,http1_rust_nodelay_all_c16_keepalive_ms,1.439445
latency,3,96,http1_rust_nodelay_all_c16_keepalive_ms,1.062418
latency,3,97,http1_rust_nodelay_all_c16_keepalive_ms,1.402794
latency,3,98,http1_rust_nodelay_all_c16_keepalive_ms,1.036817
latency,3,99,http1_rust_nodelay_all_c16_keepalive_ms,1.379654
latency,3,100,http1_rust_nodelay_all_c16_keepalive_ms,0.943676
latency,3,101,http1_rust_nodelay_all_c16_keepalive_ms,0.930626
latency,3,102,http1_rust_nodelay_all_c16_keepalive_ms,1.275472
latency,3,103,http1_rust_nodelay_all_c16_keepalive_ms,1.268221
latency,3,104,http1_rust_nodelay_all_c16_keepalive_ms,1.311482
latency,3,105,http1_rust_nodelay_all_c16_keepalive_ms,1.370873
latency,3,106,http1_rust_nodelay_all_c16_keepalive_ms,1.374864
latency,3,107,http1_rust_nodelay_all_c16_keepalive_ms,1.428884
latency,3,108,http1_rust_nodelay_all_c16_keepalive_ms,1.418534
latency,3,109,http1_rust_nodelay_all_c16_keepalive_ms,1.471636
latency,3,110,http1_rust_nodelay_all_c16_keepalive_ms,1.434284
latency,3,111,http1_rust_nodelay_all_c16_keepalive_ms,1.086638
latency,3,112,http1_rust_nodelay_all_c16_keepalive_ms,1.464735
latency,3,113,http1_rust_nodelay_all_c16_keepalive_ms,1.174410
latency,3,114,http1_rust_nodelay_all_c16_keepalive_ms,1.535457
latency,3,115,http1_rust_nodelay_all_c16_keepalive_ms,1.371883
latency,3,116,http1_rust_nodelay_all_c16_keepalive_ms,1.481795
latency,3,117,http1_rust_nodelay_all_c16_keepalive_ms,1.432094
latency,3,118,http1_rust_nodelay_all_c16_keepalive_ms,0.758503
latency,3,119,http1_rust_nodelay_all_c16_keepalive_ms,1.443845
latency,3,120,http1_rust_nodelay_all_c16_keepalive_ms,1.106659
latency,3,121,http1_rust_nodelay_all_c16_keepalive_ms,1.456235
latency,3,122,http1_rust_nodelay_all_c16_keepalive_ms,1.480375
latency,3,123,http1_rust_nodelay_all_c16_keepalive_ms,1.135829
latency,3,124,http1_rust_nodelay_all_c16_keepalive_ms,1.098799
latency,3,125,http1_rust_nodelay_all_c16_keepalive_ms,1.457865
latency,3,126,http1_rust_nodelay_all_c16_keepalive_ms,1.452584
latency,3,127,http1_rust_nodelay_all_c16_keepalive_ms,1.481726
latency,3,128,http1_rust_nodelay_all_c16_keepalive_ms,1.445044
latency,3,129,http1_rust_nodelay_all_c16_keepalive_ms,1.345053
latency,3,130,http1_rust_nodelay_all_c16_keepalive_ms,1.446974
latency,3,131,http1_rust_nodelay_all_c16_keepalive_ms,1.375984
latency,3,132,http1_rust_nodelay_all_c16_keepalive_ms,1.035428
latency,3,133,http1_rust_nodelay_all_c16_keepalive_ms,1.355903
latency,3,134,http1_rust_nodelay_all_c16_keepalive_ms,1.319872
latency,3,135,http1_rust_nodelay_all_c16_keepalive_ms,1.025888
latency,3,136,http1_rust_nodelay_all_c16_keepalive_ms,1.369963
latency,3,137,http1_rust_nodelay_all_c16_keepalive_ms,1.037318
latency,3,138,http1_rust_nodelay_all_c16_keepalive_ms,1.365923
latency,3,139,http1_rust_nodelay_all_c16_keepalive_ms,1.081488
latency,3,140,http1_rust_nodelay_all_c16_keepalive_ms,1.075259
latency,3,141,http1_rust_nodelay_all_c16_keepalive_ms,10.485798
latency,3,142,http1_rust_nodelay_all_c16_keepalive_ms,1.092439
latency,3,143,http1_rust_nodelay_all_c16_keepalive_ms,1.156549
latency,3,144,http1_rust_nodelay_all_c16_keepalive_ms,1.071069
latency,3,145,http1_rust_nodelay_all_c16_keepalive_ms,1.444634
latency,3,146,http1_rust_nodelay_all_c16_keepalive_ms,0.877695
latency,3,147,http1_rust_nodelay_all_c16_keepalive_ms,1.105279
latency,3,148,http1_rust_nodelay_all_c16_keepalive_ms,1.419714
latency,3,149,http1_rust_nodelay_all_c16_keepalive_ms,1.486195
latency,3,150,http1_rust_nodelay_all_c16_keepalive_ms,1.454325
latency,3,151,http1_rust_nodelay_all_c16_keepalive_ms,1.898562
latency,3,152,http1_rust_nodelay_all_c16_keepalive_ms,1.177040
latency,3,153,http1_rust_nodelay_all_c16_keepalive_ms,1.400384
latency,3,154,http1_rust_nodelay_all_c16_keepalive_ms,1.101949
latency,3,155,http1_rust_nodelay_all_c16_keepalive_ms,1.424254
latency,3,156,http1_rust_nodelay_all_c16_keepalive_ms,0.984427
latency,3,157,http1_rust_nodelay_all_c16_keepalive_ms,1.326083
latency,3,158,http1_rust_nodelay_all_c16_keepalive_ms,1.964483
latency,3,159,http1_rust_nodelay_all_c16_keepalive_ms,1.125689
latency,3,0,http1_rust_nodelay_all_c16_keepalive_ms,1.621888
latency,3,1,http1_rust_nodelay_all_c16_keepalive_ms,1.840922
latency,3,2,http1_rust_nodelay_all_c16_keepalive_ms,1.639187
latency,3,3,http1_rust_nodelay_all_c16_keepalive_ms,1.219461
latency,3,4,http1_rust_nodelay_all_c16_keepalive_ms,1.565486
latency,3,5,http1_rust_nodelay_all_c16_keepalive_ms,1.476006
latency,3,6,http1_rust_nodelay_all_c16_keepalive_ms,1.454104
latency,3,7,http1_rust_nodelay_all_c16_keepalive_ms,1.571037
latency,3,8,http1_rust_nodelay_all_c16_keepalive_ms,1.059108
latency,3,9,http1_rust_nodelay_all_c16_keepalive_ms,1.055948
latency,3,10,http1_rust_nodelay_all_c16_keepalive_ms,1.446145
latency,3,11,http1_rust_nodelay_all_c16_keepalive_ms,1.120469
latency,3,12,http1_rust_nodelay_all_c16_keepalive_ms,1.107589
latency,3,13,http1_rust_nodelay_all_c16_keepalive_ms,1.440374
latency,3,14,http1_rust_nodelay_all_c16_keepalive_ms,1.491096
latency,3,15,http1_rust_nodelay_all_c16_keepalive_ms,1.065598
latency,3,16,http1_rust_nodelay_all_c16_keepalive_ms,1.121169
latency,3,17,http1_rust_nodelay_all_c16_keepalive_ms,1.444554
latency,3,18,http1_rust_nodelay_all_c16_keepalive_ms,1.131250
latency,3,19,http1_rust_nodelay_all_c16_keepalive_ms,1.385183
latency,3,20,http1_rust_nodelay_all_c16_keepalive_ms,1.469225
latency,3,21,http1_rust_nodelay_all_c16_keepalive_ms,1.484836
latency,3,22,http1_rust_nodelay_all_c16_keepalive_ms,1.471105
latency,3,23,http1_rust_nodelay_all_c16_keepalive_ms,1.344133
latency,3,24,http1_rust_nodelay_all_c16_keepalive_ms,1.050878
latency,3,25,http1_rust_nodelay_all_c16_keepalive_ms,1.348113
latency,3,26,http1_rust_nodelay_all_c16_keepalive_ms,0.951996
latency,3,27,http1_rust_nodelay_all_c16_keepalive_ms,0.951066
latency,3,28,http1_rust_nodelay_all_c16_keepalive_ms,1.274252
latency,3,29,http1_rust_nodelay_all_c16_keepalive_ms,1.274521
latency,3,30,http1_rust_nodelay_all_c16_keepalive_ms,1.244741
latency,3,31,http1_rust_nodelay_all_c16_keepalive_ms,1.286622
latency,3,32,http1_rust_nodelay_all_c16_keepalive_ms,1.043288
latency,3,33,http1_rust_nodelay_all_c16_keepalive_ms,1.378383
latency,3,34,http1_rust_nodelay_all_c16_keepalive_ms,1.456975
latency,3,35,http1_rust_nodelay_all_c16_keepalive_ms,1.453045
latency,3,36,http1_rust_nodelay_all_c16_keepalive_ms,1.445575
latency,3,37,http1_rust_nodelay_all_c16_keepalive_ms,1.448964
latency,3,38,http1_rust_nodelay_all_c16_keepalive_ms,1.438215
latency,3,39,http1_rust_nodelay_all_c16_keepalive_ms,1.561846
latency,3,40,http1_rust_nodelay_all_c16_keepalive_ms,1.507716
latency,3,41,http1_rust_nodelay_all_c16_keepalive_ms,1.481355
latency,3,42,http1_rust_nodelay_all_c16_keepalive_ms,1.090399
latency,3,43,http1_rust_nodelay_all_c16_keepalive_ms,1.131169
latency,3,44,http1_rust_nodelay_all_c16_keepalive_ms,1.456985
latency,3,45,http1_rust_nodelay_all_c16_keepalive_ms,1.475145
latency,3,46,http1_rust_nodelay_all_c16_keepalive_ms,1.473205
latency,3,47,http1_rust_nodelay_all_c16_keepalive_ms,1.122579
latency,3,48,http1_rust_nodelay_all_c16_keepalive_ms,1.089789
latency,3,49,http1_rust_nodelay_all_c16_keepalive_ms,1.505325
latency,3,50,http1_rust_nodelay_all_c16_keepalive_ms,1.477606
latency,3,51,http1_rust_nodelay_all_c16_keepalive_ms,1.444794
latency,3,52,http1_rust_nodelay_all_c16_keepalive_ms,1.503566
latency,3,53,http1_rust_nodelay_all_c16_keepalive_ms,1.119019
latency,3,54,http1_rust_nodelay_all_c16_keepalive_ms,1.072838
latency,3,55,http1_rust_nodelay_all_c16_keepalive_ms,10.059011
latency,3,56,http1_rust_nodelay_all_c16_keepalive_ms,1.323593
latency,3,57,http1_rust_nodelay_all_c16_keepalive_ms,1.025287
latency,3,58,http1_rust_nodelay_all_c16_keepalive_ms,10.426058
latency,3,59,http1_rust_nodelay_all_c16_keepalive_ms,1.443814
latency,3,60,http1_rust_nodelay_all_c16_keepalive_ms,1.461185
latency,3,61,http1_rust_nodelay_all_c16_keepalive_ms,1.458925
latency,3,62,http1_rust_nodelay_all_c16_keepalive_ms,1.504776
latency,3,63,http1_rust_nodelay_all_c16_keepalive_ms,1.118979
latency,3,64,http1_rust_nodelay_all_c16_keepalive_ms,1.139549
latency,3,65,http1_rust_nodelay_all_c16_keepalive_ms,1.470645
latency,3,66,http1_rust_nodelay_all_c16_keepalive_ms,1.037327
latency,3,67,http1_rust_nodelay_all_c16_keepalive_ms,1.138980
latency,3,68,http1_rust_nodelay_all_c16_keepalive_ms,1.156060
latency,3,69,http1_rust_nodelay_all_c16_keepalive_ms,1.102708
latency,3,70,http1_rust_nodelay_all_c16_keepalive_ms,1.536246
latency,3,71,http1_rust_nodelay_all_c16_keepalive_ms,1.915463
latency,3,72,http1_rust_nodelay_all_c16_keepalive_ms,1.452015
latency,3,73,http1_rust_nodelay_all_c16_keepalive_ms,1.347693
latency,3,74,http1_rust_nodelay_all_c16_keepalive_ms,1.113479
latency,3,75,http1_rust_nodelay_all_c16_keepalive_ms,1.324402
latency,3,76,http1_rust_nodelay_all_c16_keepalive_ms,1.929543
latency,3,77,http1_rust_nodelay_all_c16_keepalive_ms,1.008527
latency,3,78,http1_rust_nodelay_all_c16_keepalive_ms,0.831774
latency,3,79,http1_rust_nodelay_all_c16_keepalive_ms,0.866325
latency,3,560,http1_rust_nodelay_all_c16_keepalive_ms,1.540546
latency,3,561,http1_rust_nodelay_all_c16_keepalive_ms,1.318383
latency,3,562,http1_rust_nodelay_all_c16_keepalive_ms,1.770690
latency,3,563,http1_rust_nodelay_all_c16_keepalive_ms,1.551487
latency,3,564,http1_rust_nodelay_all_c16_keepalive_ms,1.175139
latency,3,565,http1_rust_nodelay_all_c16_keepalive_ms,1.523736
latency,3,566,http1_rust_nodelay_all_c16_keepalive_ms,1.080249
latency,3,567,http1_rust_nodelay_all_c16_keepalive_ms,1.087358
latency,3,568,http1_rust_nodelay_all_c16_keepalive_ms,1.513226
latency,3,569,http1_rust_nodelay_all_c16_keepalive_ms,1.455905
latency,3,570,http1_rust_nodelay_all_c16_keepalive_ms,1.482675
latency,3,571,http1_rust_nodelay_all_c16_keepalive_ms,1.436554
latency,3,572,http1_rust_nodelay_all_c16_keepalive_ms,1.461105
latency,3,573,http1_rust_nodelay_all_c16_keepalive_ms,1.100579
latency,3,574,http1_rust_nodelay_all_c16_keepalive_ms,1.090089
latency,3,575,http1_rust_nodelay_all_c16_keepalive_ms,1.471255
latency,3,576,http1_rust_nodelay_all_c16_keepalive_ms,1.518846
latency,3,577,http1_rust_nodelay_all_c16_keepalive_ms,1.102228
latency,3,578,http1_rust_nodelay_all_c16_keepalive_ms,1.415624
latency,3,579,http1_rust_nodelay_all_c16_keepalive_ms,1.535596
latency,3,580,http1_rust_nodelay_all_c16_keepalive_ms,1.467295
latency,3,581,http1_rust_nodelay_all_c16_keepalive_ms,1.443655
latency,3,582,http1_rust_nodelay_all_c16_keepalive_ms,1.474245
latency,3,583,http1_rust_nodelay_all_c16_keepalive_ms,1.459185
latency,3,584,http1_rust_nodelay_all_c16_keepalive_ms,1.344263
latency,3,585,http1_rust_nodelay_all_c16_keepalive_ms,1.008417
latency,3,586,http1_rust_nodelay_all_c16_keepalive_ms,1.268562
latency,3,587,http1_rust_nodelay_all_c16_keepalive_ms,10.248804
latency,3,588,http1_rust_nodelay_all_c16_keepalive_ms,1.474585
latency,3,589,http1_rust_nodelay_all_c16_keepalive_ms,1.436145
latency,3,590,http1_rust_nodelay_all_c16_keepalive_ms,1.426834
latency,3,591,http1_rust_nodelay_all_c16_keepalive_ms,1.121889
latency,3,592,http1_rust_nodelay_all_c16_keepalive_ms,1.176500
latency,3,593,http1_rust_nodelay_all_c16_keepalive_ms,1.536566
latency,3,594,http1_rust_nodelay_all_c16_keepalive_ms,1.434724
latency,3,595,http1_rust_nodelay_all_c16_keepalive_ms,1.102039
latency,3,596,http1_rust_nodelay_all_c16_keepalive_ms,1.098509
latency,3,597,http1_rust_nodelay_all_c16_keepalive_ms,1.491845
latency,3,598,http1_rust_nodelay_all_c16_keepalive_ms,1.468905
latency,3,599,http1_rust_nodelay_all_c16_keepalive_ms,1.466935
latency,3,600,http1_rust_nodelay_all_c16_keepalive_ms,1.101799
latency,3,601,http1_rust_nodelay_all_c16_keepalive_ms,1.434675
latency,3,602,http1_rust_nodelay_all_c16_keepalive_ms,1.142989
latency,3,603,http1_rust_nodelay_all_c16_keepalive_ms,1.124979
latency,3,604,http1_rust_nodelay_all_c16_keepalive_ms,1.445695
latency,3,605,http1_rust_nodelay_all_c16_keepalive_ms,1.460575
latency,3,606,http1_rust_nodelay_all_c16_keepalive_ms,1.473335
latency,3,607,http1_rust_nodelay_all_c16_keepalive_ms,1.125289
latency,3,608,http1_rust_nodelay_all_c16_keepalive_ms,1.373493
latency,3,609,http1_rust_nodelay_all_c16_keepalive_ms,1.109909
latency,3,610,http1_rust_nodelay_all_c16_keepalive_ms,1.128139
latency,3,611,http1_rust_nodelay_all_c16_keepalive_ms,1.308482
latency,3,612,http1_rust_nodelay_all_c16_keepalive_ms,1.033868
latency,3,613,http1_rust_nodelay_all_c16_keepalive_ms,1.144340
latency,3,614,http1_rust_nodelay_all_c16_keepalive_ms,1.302292
latency,3,615,http1_rust_nodelay_all_c16_keepalive_ms,10.046491
latency,3,616,http1_rust_nodelay_all_c16_keepalive_ms,1.519876
latency,3,617,http1_rust_nodelay_all_c16_keepalive_ms,1.560496
latency,3,618,http1_rust_nodelay_all_c16_keepalive_ms,1.458775
latency,3,619,http1_rust_nodelay_all_c16_keepalive_ms,1.423014
latency,3,620,http1_rust_nodelay_all_c16_keepalive_ms,1.463125
latency,3,621,http1_rust_nodelay_all_c16_keepalive_ms,1.115209
latency,3,622,http1_rust_nodelay_all_c16_keepalive_ms,1.147600
latency,3,623,http1_rust_nodelay_all_c16_keepalive_ms,1.142449
latency,3,624,http1_rust_nodelay_all_c16_keepalive_ms,1.459035
latency,3,625,http1_rust_nodelay_all_c16_keepalive_ms,0.813844
latency,3,626,http1_rust_nodelay_all_c16_keepalive_ms,1.077138
latency,3,627,http1_rust_nodelay_all_c16_keepalive_ms,1.430144
latency,3,628,http1_rust_nodelay_all_c16_keepalive_ms,1.488176
latency,3,629,http1_rust_nodelay_all_c16_keepalive_ms,1.488335
latency,3,630,http1_rust_nodelay_all_c16_keepalive_ms,1.978524
latency,3,631,http1_rust_nodelay_all_c16_keepalive_ms,1.113389
latency,3,632,http1_rust_nodelay_all_c16_keepalive_ms,1.451725
latency,3,633,http1_rust_nodelay_all_c16_keepalive_ms,1.064558
latency,3,634,http1_rust_nodelay_all_c16_keepalive_ms,1.392523
latency,3,635,http1_rust_nodelay_all_c16_keepalive_ms,1.026798
latency,3,636,http1_rust_nodelay_all_c16_keepalive_ms,1.333653
latency,3,637,http1_rust_nodelay_all_c16_keepalive_ms,1.905962
latency,3,638,http1_rust_nodelay_all_c16_keepalive_ms,1.129879
latency,3,639,http1_rust_nodelay_all_c16_keepalive_ms,1.924183
latency,3,1040,http1_rust_nodelay_all_c16_keepalive_ms,1.676718
latency,3,1041,http1_rust_nodelay_all_c16_keepalive_ms,1.817361
latency,3,1042,http1_rust_nodelay_all_c16_keepalive_ms,0.823874
latency,3,1043,http1_rust_nodelay_all_c16_keepalive_ms,1.627698
latency,3,1044,http1_rust_nodelay_all_c16_keepalive_ms,1.569236
latency,3,1045,http1_rust_nodelay_all_c16_keepalive_ms,1.555187
latency,3,1046,http1_rust_nodelay_all_c16_keepalive_ms,1.437275
latency,3,1047,http1_rust_nodelay_all_c16_keepalive_ms,1.522255
latency,3,1048,http1_rust_nodelay_all_c16_keepalive_ms,1.099249
latency,3,1049,http1_rust_nodelay_all_c16_keepalive_ms,1.104399
latency,3,1050,http1_rust_nodelay_all_c16_keepalive_ms,1.115009
latency,3,1051,http1_rust_nodelay_all_c16_keepalive_ms,1.430104
latency,3,1052,http1_rust_nodelay_all_c16_keepalive_ms,1.460685
latency,3,1053,http1_rust_nodelay_all_c16_keepalive_ms,1.438715
latency,3,1054,http1_rust_nodelay_all_c16_keepalive_ms,1.523406
latency,3,1055,http1_rust_nodelay_all_c16_keepalive_ms,1.486465
latency,3,1056,http1_rust_nodelay_all_c16_keepalive_ms,1.465125
latency,3,1057,http1_rust_nodelay_all_c16_keepalive_ms,1.436854
latency,3,1058,http1_rust_nodelay_all_c16_keepalive_ms,1.509436
latency,3,1059,http1_rust_nodelay_all_c16_keepalive_ms,1.116509
latency,3,1060,http1_rust_nodelay_all_c16_keepalive_ms,1.497275
latency,3,1061,http1_rust_nodelay_all_c16_keepalive_ms,1.465745
latency,3,1062,http1_rust_nodelay_all_c16_keepalive_ms,1.470916
latency,3,1063,http1_rust_nodelay_all_c16_keepalive_ms,1.005347
latency,3,1064,http1_rust_nodelay_all_c16_keepalive_ms,1.355943
latency,3,1065,http1_rust_nodelay_all_c16_keepalive_ms,10.044091
latency,3,1066,http1_rust_nodelay_all_c16_keepalive_ms,1.129379
latency,3,1067,http1_rust_nodelay_all_c16_keepalive_ms,1.428074
latency,3,1068,http1_rust_nodelay_all_c16_keepalive_ms,1.439655
latency,3,1069,http1_rust_nodelay_all_c16_keepalive_ms,1.454944
latency,3,1070,http1_rust_nodelay_all_c16_keepalive_ms,1.403764
latency,3,1071,http1_rust_nodelay_all_c16_keepalive_ms,1.138810
latency,3,1072,http1_rust_nodelay_all_c16_keepalive_ms,1.224241
latency,3,1073,http1_rust_nodelay_all_c16_keepalive_ms,1.489745
latency,3,1074,http1_rust_nodelay_all_c16_keepalive_ms,1.301602
latency,3,1075,http1_rust_nodelay_all_c16_keepalive_ms,1.501065
latency,3,1076,http1_rust_nodelay_all_c16_keepalive_ms,1.449265
latency,3,1077,http1_rust_nodelay_all_c16_keepalive_ms,1.459705
latency,3,1078,http1_rust_nodelay_all_c16_keepalive_ms,1.477105
latency,3,1079,http1_rust_nodelay_all_c16_keepalive_ms,1.483836
latency,3,1080,http1_rust_nodelay_all_c16_keepalive_ms,1.478195
latency,3,1081,http1_rust_nodelay_all_c16_keepalive_ms,1.495335
latency,3,1082,http1_rust_nodelay_all_c16_keepalive_ms,1.449245
latency,3,1083,http1_rust_nodelay_all_c16_keepalive_ms,1.114699
latency,3,1084,http1_rust_nodelay_all_c16_keepalive_ms,1.104509
latency,3,1085,http1_rust_nodelay_all_c16_keepalive_ms,1.484915
latency,3,1086,http1_rust_nodelay_all_c16_keepalive_ms,1.439534
latency,3,1087,http1_rust_nodelay_all_c16_keepalive_ms,1.487336
latency,3,1088,http1_rust_nodelay_all_c16_keepalive_ms,1.108958
latency,3,1089,http1_rust_nodelay_all_c16_keepalive_ms,1.118799
latency,3,1090,http1_rust_nodelay_all_c16_keepalive_ms,1.337303
latency,3,1091,http1_rust_nodelay_all_c16_keepalive_ms,1.013508
latency,3,1092,http1_rust_nodelay_all_c16_keepalive_ms,1.294932
latency,3,1093,http1_rust_nodelay_all_c16_keepalive_ms,1.377933
latency,3,1094,http1_rust_nodelay_all_c16_keepalive_ms,1.388514
latency,3,1095,http1_rust_nodelay_all_c16_keepalive_ms,1.354673
latency,3,1096,http1_rust_nodelay_all_c16_keepalive_ms,1.011847
latency,3,1097,http1_rust_nodelay_all_c16_keepalive_ms,1.072678
latency,3,1098,http1_rust_nodelay_all_c16_keepalive_ms,1.126109
latency,3,1099,http1_rust_nodelay_all_c16_keepalive_ms,1.444205
latency,3,1100,http1_rust_nodelay_all_c16_keepalive_ms,1.490505
latency,3,1101,http1_rust_nodelay_all_c16_keepalive_ms,1.439245
latency,3,1102,http1_rust_nodelay_all_c16_keepalive_ms,1.638838
latency,3,1103,http1_rust_nodelay_all_c16_keepalive_ms,1.409174
latency,3,1104,http1_rust_nodelay_all_c16_keepalive_ms,1.098608
latency,3,1105,http1_rust_nodelay_all_c16_keepalive_ms,10.479179
latency,3,1106,http1_rust_nodelay_all_c16_keepalive_ms,1.491545
latency,3,1107,http1_rust_nodelay_all_c16_keepalive_ms,1.448005
latency,3,1108,http1_rust_nodelay_all_c16_keepalive_ms,1.221301
latency,3,1109,http1_rust_nodelay_all_c16_keepalive_ms,1.889492
latency,3,1110,http1_rust_nodelay_all_c16_keepalive_ms,1.047408
latency,3,1111,http1_rust_nodelay_all_c16_keepalive_ms,1.376453
latency,3,1112,http1_rust_nodelay_all_c16_keepalive_ms,1.423364
latency,3,1113,http1_rust_nodelay_all_c16_keepalive_ms,0.985087
latency,3,1114,http1_rust_nodelay_all_c16_keepalive_ms,1.325383
latency,3,1115,http1_rust_nodelay_all_c16_keepalive_ms,1.590897
latency,3,1116,http1_rust_nodelay_all_c16_keepalive_ms,1.234130
latency,3,1117,http1_rust_nodelay_all_c16_keepalive_ms,1.120300
latency,3,1118,http1_rust_nodelay_all_c16_keepalive_ms,1.657808
latency,3,1119,http1_rust_nodelay_all_c16_keepalive_ms,0.723652
latency,3,880,http1_rust_nodelay_all_c16_keepalive_ms,1.556467
latency,3,881,http1_rust_nodelay_all_c16_keepalive_ms,1.318302
latency,3,882,http1_rust_nodelay_all_c16_keepalive_ms,1.770130
latency,3,883,http1_rust_nodelay_all_c16_keepalive_ms,1.191631
latency,3,884,http1_rust_nodelay_all_c16_keepalive_ms,1.190180
latency,3,885,http1_rust_nodelay_all_c16_keepalive_ms,1.512125
latency,3,886,http1_rust_nodelay_all_c16_keepalive_ms,1.490686
latency,3,887,http1_rust_nodelay_all_c16_keepalive_ms,1.331873
latency,3,888,http1_rust_nodelay_all_c16_keepalive_ms,1.279491
latency,3,889,http1_rust_nodelay_all_c16_keepalive_ms,1.455165
latency,3,890,http1_rust_nodelay_all_c16_keepalive_ms,1.484605
latency,3,891,http1_rust_nodelay_all_c16_keepalive_ms,1.122780
latency,3,892,http1_rust_nodelay_all_c16_keepalive_ms,1.408984
latency,3,893,http1_rust_nodelay_all_c16_keepalive_ms,1.064338
latency,3,894,http1_rust_nodelay_all_c16_keepalive_ms,1.104909
latency,3,895,http1_rust_nodelay_all_c16_keepalive_ms,1.499075
latency,3,896,http1_rust_nodelay_all_c16_keepalive_ms,1.115829
latency,3,897,http1_rust_nodelay_all_c16_keepalive_ms,1.137249
latency,3,898,http1_rust_nodelay_all_c16_keepalive_ms,1.397744
latency,3,899,http1_rust_nodelay_all_c16_keepalive_ms,1.489495
latency,3,900,http1_rust_nodelay_all_c16_keepalive_ms,1.486046
latency,3,901,http1_rust_nodelay_all_c16_keepalive_ms,1.481615
latency,3,902,http1_rust_nodelay_all_c16_keepalive_ms,1.470115
latency,3,903,http1_rust_nodelay_all_c16_keepalive_ms,1.495205
latency,3,904,http1_rust_nodelay_all_c16_keepalive_ms,1.316053
latency,3,905,http1_rust_nodelay_all_c16_keepalive_ms,1.043088
latency,3,906,http1_rust_nodelay_all_c16_keepalive_ms,1.256341
latency,3,907,http1_rust_nodelay_all_c16_keepalive_ms,1.255602
latency,3,908,http1_rust_nodelay_all_c16_keepalive_ms,1.261891
latency,3,909,http1_rust_nodelay_all_c16_keepalive_ms,0.970656
latency,3,910,http1_rust_nodelay_all_c16_keepalive_ms,1.241691
latency,3,911,http1_rust_nodelay_all_c16_keepalive_ms,1.011468
latency,3,912,http1_rust_nodelay_all_c16_keepalive_ms,1.024167
latency,3,913,http1_rust_nodelay_all_c16_keepalive_ms,1.374303
latency,3,914,http1_rust_nodelay_all_c16_keepalive_ms,1.433325
latency,3,915,http1_rust_nodelay_all_c16_keepalive_ms,1.049838
latency,3,916,http1_rust_nodelay_all_c16_keepalive_ms,1.139569
latency,3,917,http1_rust_nodelay_all_c16_keepalive_ms,1.098219
latency,3,918,http1_rust_nodelay_all_c16_keepalive_ms,1.118719
latency,3,919,http1_rust_nodelay_all_c16_keepalive_ms,1.405484
latency,3,920,http1_rust_nodelay_all_c16_keepalive_ms,1.463925
latency,3,921,http1_rust_nodelay_all_c16_keepalive_ms,9.025573
latency,3,922,http1_rust_nodelay_all_c16_keepalive_ms,1.124819
latency,3,923,http1_rust_nodelay_all_c16_keepalive_ms,1.448535
latency,3,924,http1_rust_nodelay_all_c16_keepalive_ms,1.476555
latency,3,925,http1_rust_nodelay_all_c16_keepalive_ms,1.453165
latency,3,926,http1_rust_nodelay_all_c16_keepalive_ms,1.120689
latency,3,927,http1_rust_nodelay_all_c16_keepalive_ms,1.463495
latency,3,928,http1_rust_nodelay_all_c16_keepalive_ms,1.114659
latency,3,929,http1_rust_nodelay_all_c16_keepalive_ms,1.443014
latency,3,930,http1_rust_nodelay_all_c16_keepalive_ms,1.507706
latency,3,931,http1_rust_nodelay_all_c16_keepalive_ms,1.442315
latency,3,932,http1_rust_nodelay_all_c16_keepalive_ms,1.088208
latency,3,933,http1_rust_nodelay_all_c16_keepalive_ms,10.407558
latency,3,934,http1_rust_nodelay_all_c16_keepalive_ms,1.457884
latency,3,935,http1_rust_nodelay_all_c16_keepalive_ms,1.447995
latency,3,936,http1_rust_nodelay_all_c16_keepalive_ms,0.804113
latency,3,937,http1_rust_nodelay_all_c16_keepalive_ms,1.698499
latency,3,938,http1_rust_nodelay_all_c16_keepalive_ms,1.242122
latency,3,939,http1_rust_nodelay_all_c16_keepalive_ms,1.150579
latency,3,940,http1_rust_nodelay_all_c16_keepalive_ms,1.104179
latency,3,941,http1_rust_nodelay_all_c16_keepalive_ms,1.424804
latency,3,942,http1_rust_nodelay_all_c16_keepalive_ms,1.107519
latency,3,943,http1_rust_nodelay_all_c16_keepalive_ms,1.438225
latency,3,944,http1_rust_nodelay_all_c16_keepalive_ms,1.537826
latency,3,945,http1_rust_nodelay_all_c16_keepalive_ms,1.489575
latency,3,946,http1_rust_nodelay_all_c16_keepalive_ms,1.557727
latency,3,947,http1_rust_nodelay_all_c16_keepalive_ms,1.473534
latency,3,948,http1_rust_nodelay_all_c16_keepalive_ms,1.379054
latency,3,949,http1_rust_nodelay_all_c16_keepalive_ms,1.490135
latency,3,950,http1_rust_nodelay_all_c16_keepalive_ms,1.078719
latency,3,951,http1_rust_nodelay_all_c16_keepalive_ms,10.621291
latency,3,952,http1_rust_nodelay_all_c16_keepalive_ms,1.289331
latency,3,953,http1_rust_nodelay_all_c16_keepalive_ms,1.138060
latency,3,954,http1_rust_nodelay_all_c16_keepalive_ms,1.905652
latency,3,955,http1_rust_nodelay_all_c16_keepalive_ms,0.647081
latency,3,956,http1_rust_nodelay_all_c16_keepalive_ms,0.598761
latency,3,957,http1_rust_nodelay_all_c16_keepalive_ms,0.504378
latency,3,958,http1_rust_nodelay_all_c16_keepalive_ms,0.597970
latency,3,959,http1_rust_nodelay_all_c16_keepalive_ms,0.482709
latency,3,800,http1_rust_nodelay_all_c16_keepalive_ms,1.662428
latency,3,801,http1_rust_nodelay_all_c16_keepalive_ms,1.814181
latency,3,802,http1_rust_nodelay_all_c16_keepalive_ms,1.244991
latency,3,803,http1_rust_nodelay_all_c16_keepalive_ms,1.209571
latency,3,804,http1_rust_nodelay_all_c16_keepalive_ms,1.569066
latency,3,805,http1_rust_nodelay_all_c16_keepalive_ms,1.552987
latency,3,806,http1_rust_nodelay_all_c16_keepalive_ms,1.438004
latency,3,807,http1_rust_nodelay_all_c16_keepalive_ms,1.430554
latency,3,808,http1_rust_nodelay_all_c16_keepalive_ms,1.453995
latency,3,809,http1_rust_nodelay_all_c16_keepalive_ms,1.486006
latency,3,810,http1_rust_nodelay_all_c16_keepalive_ms,1.124919
latency,3,811,http1_rust_nodelay_all_c16_keepalive_ms,1.131439
latency,3,812,http1_rust_nodelay_all_c16_keepalive_ms,1.405084
latency,3,813,http1_rust_nodelay_all_c16_keepalive_ms,1.472285
latency,3,814,http1_rust_nodelay_all_c16_keepalive_ms,1.170610
latency,3,815,http1_rust_nodelay_all_c16_keepalive_ms,1.079858
latency,3,816,http1_rust_nodelay_all_c16_keepalive_ms,4.436836
latency,3,817,http1_rust_nodelay_all_c16_keepalive_ms,1.459345
latency,3,818,http1_rust_nodelay_all_c16_keepalive_ms,1.080848
latency,3,819,http1_rust_nodelay_all_c16_keepalive_ms,1.172680
latency,3,820,http1_rust_nodelay_all_c16_keepalive_ms,1.105659
latency,3,821,http1_rust_nodelay_all_c16_keepalive_ms,1.423174
latency,3,822,http1_rust_nodelay_all_c16_keepalive_ms,1.332653
latency,3,823,http1_rust_nodelay_all_c16_keepalive_ms,10.421077
latency,3,824,http1_rust_nodelay_all_c16_keepalive_ms,1.054128
latency,3,825,http1_rust_nodelay_all_c16_keepalive_ms,1.116699
latency,3,826,http1_rust_nodelay_all_c16_keepalive_ms,1.424264
latency,3,827,http1_rust_nodelay_all_c16_keepalive_ms,1.460065
latency,3,828,http1_rust_nodelay_all_c16_keepalive_ms,1.445725
latency,3,829,http1_rust_nodelay_all_c16_keepalive_ms,1.449295
latency,3,830,http1_rust_nodelay_all_c16_keepalive_ms,1.515625
latency,3,831,http1_rust_nodelay_all_c16_keepalive_ms,1.510976
latency,3,832,http1_rust_nodelay_all_c16_keepalive_ms,1.113159
latency,3,833,http1_rust_nodelay_all_c16_keepalive_ms,1.477995
latency,3,834,http1_rust_nodelay_all_c16_keepalive_ms,1.506246
latency,3,835,http1_rust_nodelay_all_c16_keepalive_ms,1.461334
latency,3,836,http1_rust_nodelay_all_c16_keepalive_ms,10.105823
latency,3,837,http1_rust_nodelay_all_c16_keepalive_ms,1.124849
latency,3,838,http1_rust_nodelay_all_c16_keepalive_ms,1.072128
latency,3,839,http1_rust_nodelay_all_c16_keepalive_ms,1.133669
latency,3,840,http1_rust_nodelay_all_c16_keepalive_ms,1.432994
latency,3,841,http1_rust_nodelay_all_c16_keepalive_ms,1.476506
latency,3,842,http1_rust_nodelay_all_c16_keepalive_ms,1.334552
latency,3,843,http1_rust_nodelay_all_c16_keepalive_ms,1.330883
latency,3,844,http1_rust_nodelay_all_c16_keepalive_ms,1.277042
latency,3,845,http1_rust_nodelay_all_c16_keepalive_ms,1.329223
latency,3,846,http1_rust_nodelay_all_c16_keepalive_ms,1.046197
latency,3,847,http1_rust_nodelay_all_c16_keepalive_ms,1.336673
latency,3,848,http1_rust_nodelay_all_c16_keepalive_ms,1.369663
latency,3,849,http1_rust_nodelay_all_c16_keepalive_ms,1.441575
latency,3,850,http1_rust_nodelay_all_c16_keepalive_ms,1.480855
latency,3,851,http1_rust_nodelay_all_c16_keepalive_ms,1.438004
latency,3,852,http1_rust_nodelay_all_c16_keepalive_ms,1.388384
latency,3,853,http1_rust_nodelay_all_c16_keepalive_ms,1.517066
latency,3,854,http1_rust_nodelay_all_c16_keepalive_ms,1.494895
latency,3,855,http1_rust_nodelay_all_c16_keepalive_ms,1.460285
latency,3,856,http1_rust_nodelay_all_c16_keepalive_ms,1.424395
latency,3,857,http1_rust_nodelay_all_c16_keepalive_ms,1.462015
latency,3,858,http1_rust_nodelay_all_c16_keepalive_ms,1.446624
latency,3,859,http1_rust_nodelay_all_c16_keepalive_ms,1.431165
latency,3,860,http1_rust_nodelay_all_c16_keepalive_ms,1.458594
latency,3,861,http1_rust_nodelay_all_c16_keepalive_ms,1.492105
latency,3,862,http1_rust_nodelay_all_c16_keepalive_ms,1.425145
latency,3,863,http1_rust_nodelay_all_c16_keepalive_ms,11.086519
latency,3,864,http1_rust_nodelay_all_c16_keepalive_ms,1.031397
latency,3,865,http1_rust_nodelay_all_c16_keepalive_ms,1.878452
latency,3,866,http1_rust_nodelay_all_c16_keepalive_ms,1.284072
latency,3,867,http1_rust_nodelay_all_c16_keepalive_ms,0.881755
latency,3,868,http1_rust_nodelay_all_c16_keepalive_ms,1.064148
latency,3,869,http1_rust_nodelay_all_c16_keepalive_ms,1.576197
latency,3,870,http1_rust_nodelay_all_c16_keepalive_ms,0.588210
latency,3,871,http1_rust_nodelay_all_c16_keepalive_ms,0.513369
latency,3,872,http1_rust_nodelay_all_c16_keepalive_ms,0.483098
latency,3,873,http1_rust_nodelay_all_c16_keepalive_ms,0.483178
latency,3,874,http1_rust_nodelay_all_c16_keepalive_ms,0.351086
latency,3,875,http1_rust_nodelay_all_c16_keepalive_ms,1.369903
latency,3,876,http1_rust_nodelay_all_c16_keepalive_ms,0.405727
latency,3,877,http1_rust_nodelay_all_c16_keepalive_ms,0.412777
latency,3,878,http1_rust_nodelay_all_c16_keepalive_ms,0.407657
latency,3,879,http1_rust_nodelay_all_c16_keepalive_ms,0.404857
latency,3,960,http1_rust_nodelay_all_c16_keepalive_ms,1.306323
latency,3,961,http1_rust_nodelay_all_c16_keepalive_ms,1.859101
latency,3,962,http1_rust_nodelay_all_c16_keepalive_ms,1.666309
latency,3,963,http1_rust_nodelay_all_c16_keepalive_ms,1.584527
latency,3,964,http1_rust_nodelay_all_c16_keepalive_ms,1.559306
latency,3,965,http1_rust_nodelay_all_c16_keepalive_ms,1.138509
latency,3,966,http1_rust_nodelay_all_c16_keepalive_ms,1.066358
latency,3,967,http1_rust_nodelay_all_c16_keepalive_ms,10.112063
latency,3,968,http1_rust_nodelay_all_c16_keepalive_ms,9.418340
latency,3,969,http1_rust_nodelay_all_c16_keepalive_ms,1.467025
latency,3,970,http1_rust_nodelay_all_c16_keepalive_ms,1.473725
latency,3,971,http1_rust_nodelay_all_c16_keepalive_ms,1.000907
latency,3,972,http1_rust_nodelay_all_c16_keepalive_ms,1.359683
latency,3,973,http1_rust_nodelay_all_c16_keepalive_ms,1.244831
latency,3,974,http1_rust_nodelay_all_c16_keepalive_ms,0.953767
latency,3,975,http1_rust_nodelay_all_c16_keepalive_ms,0.959626
latency,3,976,http1_rust_nodelay_all_c16_keepalive_ms,1.259811
latency,3,977,http1_rust_nodelay_all_c16_keepalive_ms,0.953686
latency,3,978,http1_rust_nodelay_all_c16_keepalive_ms,1.312713
latency,3,979,http1_rust_nodelay_all_c16_keepalive_ms,1.339543
latency,3,980,http1_rust_nodelay_all_c16_keepalive_ms,1.010587
latency,3,981,http1_rust_nodelay_all_c16_keepalive_ms,1.456505
latency,3,982,http1_rust_nodelay_all_c16_keepalive_ms,1.429684
latency,3,983,http1_rust_nodelay_all_c16_keepalive_ms,1.482715
latency,3,984,http1_rust_nodelay_all_c16_keepalive_ms,1.110789
latency,3,985,http1_rust_nodelay_all_c16_keepalive_ms,10.138753
latency,3,986,http1_rust_nodelay_all_c16_keepalive_ms,1.456684
latency,3,987,http1_rust_nodelay_all_c16_keepalive_ms,1.101369
latency,3,988,http1_rust_nodelay_all_c16_keepalive_ms,1.479335
latency,3,989,http1_rust_nodelay_all_c16_keepalive_ms,1.464225
latency,3,990,http1_rust_nodelay_all_c16_keepalive_ms,1.473315
latency,3,991,http1_rust_nodelay_all_c16_keepalive_ms,1.467025
latency,3,992,http1_rust_nodelay_all_c16_keepalive_ms,1.139890
latency,3,993,http1_rust_nodelay_all_c16_keepalive_ms,1.419964
latency,3,994,http1_rust_nodelay_all_c16_keepalive_ms,1.126509
latency,3,995,http1_rust_nodelay_all_c16_keepalive_ms,1.467775
latency,3,996,http1_rust_nodelay_all_c16_keepalive_ms,1.495115
latency,3,997,http1_rust_nodelay_all_c16_keepalive_ms,1.434115
latency,3,998,http1_rust_nodelay_all_c16_keepalive_ms,1.116169
latency,3,999,http1_rust_nodelay_all_c16_keepalive_ms,1.031507
latency,3,1000,http1_rust_nodelay_all_c16_keepalive_ms,1.345013
latency,3,1001,http1_rust_nodelay_all_c16_keepalive_ms,1.311863
latency,3,1002,http1_rust_nodelay_all_c16_keepalive_ms,1.333612
latency,3,1003,http1_rust_nodelay_all_c16_keepalive_ms,1.367374
latency,3,1004,http1_rust_nodelay_all_c16_keepalive_ms,1.379873
latency,3,1005,http1_rust_nodelay_all_c16_keepalive_ms,1.336493
latency,3,1006,http1_rust_nodelay_all_c16_keepalive_ms,1.080159
latency,3,1007,http1_rust_nodelay_all_c16_keepalive_ms,1.121098
latency,3,1008,http1_rust_nodelay_all_c16_keepalive_ms,1.122049
latency,3,1009,http1_rust_nodelay_all_c16_keepalive_ms,1.466325
latency,3,1010,http1_rust_nodelay_all_c16_keepalive_ms,1.456785
latency,3,1011,http1_rust_nodelay_all_c16_keepalive_ms,1.666669
latency,3,1012,http1_rust_nodelay_all_c16_keepalive_ms,1.461814
latency,3,1013,http1_rust_nodelay_all_c16_keepalive_ms,1.084789
latency,3,1014,http1_rust_nodelay_all_c16_keepalive_ms,1.087589
latency,3,1015,http1_rust_nodelay_all_c16_keepalive_ms,1.122749
latency,3,1016,http1_rust_nodelay_all_c16_keepalive_ms,1.111109
latency,3,1017,http1_rust_nodelay_all_c16_keepalive_ms,10.084211
latency,3,1018,http1_rust_nodelay_all_c16_keepalive_ms,1.576417
latency,3,1019,http1_rust_nodelay_all_c16_keepalive_ms,1.888292
latency,3,1020,http1_rust_nodelay_all_c16_keepalive_ms,1.047628
latency,3,1021,http1_rust_nodelay_all_c16_keepalive_ms,1.432014
latency,3,1022,http1_rust_nodelay_all_c16_keepalive_ms,1.446645
latency,3,1023,http1_rust_nodelay_all_c16_keepalive_ms,1.312562
latency,3,1024,http1_rust_nodelay_all_c16_keepalive_ms,0.993257
latency,3,1025,http1_rust_nodelay_all_c16_keepalive_ms,1.985514
latency,3,1026,http1_rust_nodelay_all_c16_keepalive_ms,0.859944
latency,3,1027,http1_rust_nodelay_all_c16_keepalive_ms,0.867005
latency,3,1028,http1_rust_nodelay_all_c16_keepalive_ms,1.897363
latency,3,1029,http1_rust_nodelay_all_c16_keepalive_ms,0.575749
latency,3,1030,http1_rust_nodelay_all_c16_keepalive_ms,0.554660
latency,3,1031,http1_rust_nodelay_all_c16_keepalive_ms,0.514459
latency,3,1032,http1_rust_nodelay_all_c16_keepalive_ms,0.596440
latency,3,1033,http1_rust_nodelay_all_c16_keepalive_ms,1.409424
latency,3,1034,http1_rust_nodelay_all_c16_keepalive_ms,0.418807
latency,3,1035,http1_rust_nodelay_all_c16_keepalive_ms,0.403477
latency,3,1036,http1_rust_nodelay_all_c16_keepalive_ms,0.414897
latency,3,1037,http1_rust_nodelay_all_c16_keepalive_ms,0.404407
latency,3,1038,http1_rust_nodelay_all_c16_keepalive_ms,0.429057
latency,3,1039,http1_rust_nodelay_all_c16_keepalive_ms,0.278075
latency,3,480,http1_rust_nodelay_all_c16_keepalive_ms,1.644198
latency,3,481,http1_rust_nodelay_all_c16_keepalive_ms,1.789050
latency,3,482,http1_rust_nodelay_all_c16_keepalive_ms,1.639718
latency,3,483,http1_rust_nodelay_all_c16_keepalive_ms,1.214871
latency,3,484,http1_rust_nodelay_all_c16_keepalive_ms,1.566756
latency,3,485,http1_rust_nodelay_all_c16_keepalive_ms,1.479725
latency,3,486,http1_rust_nodelay_all_c16_keepalive_ms,1.454315
latency,3,487,http1_rust_nodelay_all_c16_keepalive_ms,1.570537
latency,3,488,http1_rust_nodelay_all_c16_keepalive_ms,1.445434
latency,3,489,http1_rust_nodelay_all_c16_keepalive_ms,1.483526
latency,3,490,http1_rust_nodelay_all_c16_keepalive_ms,1.476065
latency,3,491,http1_rust_nodelay_all_c16_keepalive_ms,1.466835
latency,3,492,http1_rust_nodelay_all_c16_keepalive_ms,1.438734
latency,3,493,http1_rust_nodelay_all_c16_keepalive_ms,1.523516
latency,3,494,http1_rust_nodelay_all_c16_keepalive_ms,1.485896
latency,3,495,http1_rust_nodelay_all_c16_keepalive_ms,1.441454
latency,3,496,http1_rust_nodelay_all_c16_keepalive_ms,1.093929
latency,3,497,http1_rust_nodelay_all_c16_keepalive_ms,1.078708
latency,3,498,http1_rust_nodelay_all_c16_keepalive_ms,1.445085
latency,3,499,http1_rust_nodelay_all_c16_keepalive_ms,1.468605
latency,3,500,http1_rust_nodelay_all_c16_keepalive_ms,1.172800
latency,3,501,http1_rust_nodelay_all_c16_keepalive_ms,1.420314
latency,3,502,http1_rust_nodelay_all_c16_keepalive_ms,1.105439
latency,3,503,http1_rust_nodelay_all_c16_keepalive_ms,1.332612
latency,3,504,http1_rust_nodelay_all_c16_keepalive_ms,1.377604
latency,3,505,http1_rust_nodelay_all_c16_keepalive_ms,1.263191
latency,3,506,http1_rust_nodelay_all_c16_keepalive_ms,1.239452
latency,3,507,http1_rust_nodelay_all_c16_keepalive_ms,0.676581
latency,3,508,http1_rust_nodelay_all_c16_keepalive_ms,1.242321
latency,3,509,http1_rust_nodelay_all_c16_keepalive_ms,0.996707
latency,3,510,http1_rust_nodelay_all_c16_keepalive_ms,0.944606
latency,3,511,http1_rust_nodelay_all_c16_keepalive_ms,1.344163
latency,3,512,http1_rust_nodelay_all_c16_keepalive_ms,10.008260
latency,3,513,http1_rust_nodelay_all_c16_keepalive_ms,1.534627
latency,3,514,http1_rust_nodelay_all_c16_keepalive_ms,1.142009
latency,3,515,http1_rust_nodelay_all_c16_keepalive_ms,1.476435
latency,3,516,http1_rust_nodelay_all_c16_keepalive_ms,1.460455
latency,3,517,http1_rust_nodelay_all_c16_keepalive_ms,10.450538
latency,3,518,http1_rust_nodelay_all_c16_keepalive_ms,1.448365
latency,3,519,http1_rust_nodelay_all_c16_keepalive_ms,1.443584
latency,3,520,http1_rust_nodelay_all_c16_keepalive_ms,1.486775
latency,3,521,http1_rust_nodelay_all_c16_keepalive_ms,1.521256
latency,3,522,http1_rust_nodelay_all_c16_keepalive_ms,1.462745
latency,3,523,http1_rust_nodelay_all_c16_keepalive_ms,1.376523
latency,3,524,http1_rust_nodelay_all_c16_keepalive_ms,1.039438
latency,3,525,http1_rust_nodelay_all_c16_keepalive_ms,1.365673
latency,3,526,http1_rust_nodelay_all_c16_keepalive_ms,0.946556
latency,3,527,http1_rust_nodelay_all_c16_keepalive_ms,1.330273
latency,3,528,http1_rust_nodelay_all_c16_keepalive_ms,1.348523
latency,3,529,http1_rust_nodelay_all_c16_keepalive_ms,1.354753
latency,3,530,http1_rust_nodelay_all_c16_keepalive_ms,1.013058
latency,3,531,http1_rust_nodelay_all_c16_keepalive_ms,1.439014
latency,3,532,http1_rust_nodelay_all_c16_keepalive_ms,1.477375
latency,3,533,http1_rust_nodelay_all_c16_keepalive_ms,1.444574
latency,3,534,http1_rust_nodelay_all_c16_keepalive_ms,1.522256
latency,3,535,http1_rust_nodelay_all_c16_keepalive_ms,1.518556
latency,3,536,http1_rust_nodelay_all_c16_keepalive_ms,1.182280
latency,3,537,http1_rust_nodelay_all_c16_keepalive_ms,1.082729
latency,3,538,http1_rust_nodelay_all_c16_keepalive_ms,1.120099
latency,3,539,http1_rust_nodelay_all_c16_keepalive_ms,1.414684
latency,3,540,http1_rust_nodelay_all_c16_keepalive_ms,0.766693
latency,3,541,http1_rust_nodelay_all_c16_keepalive_ms,1.399674
latency,3,542,http1_rust_nodelay_all_c16_keepalive_ms,1.148990
latency,3,543,http1_rust_nodelay_all_c16_keepalive_ms,1.479015
latency,3,544,http1_rust_nodelay_all_c16_keepalive_ms,1.575006
latency,3,545,http1_rust_nodelay_all_c16_keepalive_ms,1.438765
latency,3,546,http1_rust_nodelay_all_c16_keepalive_ms,1.428734
latency,3,547,http1_rust_nodelay_all_c16_keepalive_ms,1.488245
latency,3,548,http1_rust_nodelay_all_c16_keepalive_ms,1.488446
latency,3,549,http1_rust_nodelay_all_c16_keepalive_ms,1.597167
latency,3,550,http1_rust_nodelay_all_c16_keepalive_ms,1.469695
latency,3,551,http1_rust_nodelay_all_c16_keepalive_ms,1.313393
latency,3,552,http1_rust_nodelay_all_c16_keepalive_ms,14.137300
latency,3,553,http1_rust_nodelay_all_c16_keepalive_ms,0.407357
latency,3,554,http1_rust_nodelay_all_c16_keepalive_ms,0.406427
latency,3,555,http1_rust_nodelay_all_c16_keepalive_ms,0.412807
latency,3,556,http1_rust_nodelay_all_c16_keepalive_ms,0.405157
latency,3,557,http1_rust_nodelay_all_c16_keepalive_ms,0.404577
latency,3,558,http1_rust_nodelay_all_c16_keepalive_ms,0.285975
latency,3,559,http1_rust_nodelay_all_c16_keepalive_ms,0.213223
latency,3,160,http1_rust_nodelay_all_c16_keepalive_ms,1.321643
latency,3,161,http1_rust_nodelay_all_c16_keepalive_ms,1.859462
latency,3,162,http1_rust_nodelay_all_c16_keepalive_ms,1.666148
latency,3,163,http1_rust_nodelay_all_c16_keepalive_ms,1.584867
latency,3,164,http1_rust_nodelay_all_c16_keepalive_ms,1.241801
latency,3,165,http1_rust_nodelay_all_c16_keepalive_ms,1.454875
latency,3,166,http1_rust_nodelay_all_c16_keepalive_ms,1.065748
latency,3,167,http1_rust_nodelay_all_c16_keepalive_ms,1.127159
latency,3,168,http1_rust_nodelay_all_c16_keepalive_ms,1.279232
latency,3,169,http1_rust_nodelay_all_c16_keepalive_ms,1.455455
latency,3,170,http1_rust_nodelay_all_c16_keepalive_ms,1.353283
latency,3,171,http1_rust_nodelay_all_c16_keepalive_ms,1.435864
latency,3,172,http1_rust_nodelay_all_c16_keepalive_ms,1.461835
latency,3,173,http1_rust_nodelay_all_c16_keepalive_ms,1.433774
latency,3,174,http1_rust_nodelay_all_c16_keepalive_ms,1.496236
latency,3,175,http1_rust_nodelay_all_c16_keepalive_ms,1.486195
latency,3,176,http1_rust_nodelay_all_c16_keepalive_ms,1.481825
latency,3,177,http1_rust_nodelay_all_c16_keepalive_ms,1.103899
latency,3,178,http1_rust_nodelay_all_c16_keepalive_ms,1.464715
latency,3,179,http1_rust_nodelay_all_c16_keepalive_ms,1.494245
latency,3,180,http1_rust_nodelay_all_c16_keepalive_ms,1.481296
latency,3,181,http1_rust_nodelay_all_c16_keepalive_ms,1.463875
latency,3,182,http1_rust_nodelay_all_c16_keepalive_ms,1.489185
latency,3,183,http1_rust_nodelay_all_c16_keepalive_ms,0.997817
latency,3,184,http1_rust_nodelay_all_c16_keepalive_ms,1.364283
latency,3,185,http1_rust_nodelay_all_c16_keepalive_ms,1.000427
latency,3,186,http1_rust_nodelay_all_c16_keepalive_ms,0.940766
latency,3,187,http1_rust_nodelay_all_c16_keepalive_ms,1.239691
latency,3,188,http1_rust_nodelay_all_c16_keepalive_ms,1.292242
latency,3,189,http1_rust_nodelay_all_c16_keepalive_ms,1.224391
latency,3,190,http1_rust_nodelay_all_c16_keepalive_ms,1.342383
latency,3,191,http1_rust_nodelay_all_c16_keepalive_ms,1.362933
latency,3,192,http1_rust_nodelay_all_c16_keepalive_ms,1.250861
latency,3,193,http1_rust_nodelay_all_c16_keepalive_ms,1.456135
latency,3,194,http1_rust_nodelay_all_c16_keepalive_ms,1.427865
latency,3,195,http1_rust_nodelay_all_c16_keepalive_ms,1.440914
latency,3,196,http1_rust_nodelay_all_c16_keepalive_ms,1.453775
latency,3,197,http1_rust_nodelay_all_c16_keepalive_ms,1.403564
latency,3,198,http1_rust_nodelay_all_c16_keepalive_ms,1.147289
latency,3,199,http1_rust_nodelay_all_c16_keepalive_ms,1.173060
latency,3,200,http1_rust_nodelay_all_c16_keepalive_ms,1.490026
latency,3,201,http1_rust_nodelay_all_c16_keepalive_ms,1.462524
latency,3,202,http1_rust_nodelay_all_c16_keepalive_ms,1.487476
latency,3,203,http1_rust_nodelay_all_c16_keepalive_ms,1.157379
latency,3,204,http1_rust_nodelay_all_c16_keepalive_ms,1.453165
latency,3,205,http1_rust_nodelay_all_c16_keepalive_ms,1.480985
latency,3,206,http1_rust_nodelay_all_c16_keepalive_ms,1.442725
latency,3,207,http1_rust_nodelay_all_c16_keepalive_ms,10.473028
latency,3,208,http1_rust_nodelay_all_c16_keepalive_ms,1.434984
latency,3,209,http1_rust_nodelay_all_c16_keepalive_ms,1.476696
latency,3,210,http1_rust_nodelay_all_c16_keepalive_ms,1.010907
latency,3,211,http1_rust_nodelay_all_c16_keepalive_ms,1.325542
latency,3,212,http1_rust_nodelay_all_c16_keepalive_ms,9.791267
latency,3,213,http1_rust_nodelay_all_c16_keepalive_ms,1.466445
latency,3,214,http1_rust_nodelay_all_c16_keepalive_ms,10.529319
latency,3,215,http1_rust_nodelay_all_c16_keepalive_ms,1.481516
latency,3,216,http1_rust_nodelay_all_c16_keepalive_ms,1.532026
latency,3,217,http1_rust_nodelay_all_c16_keepalive_ms,1.484035
latency,3,218,http1_rust_nodelay_all_c16_keepalive_ms,1.418764
latency,3,219,http1_rust_nodelay_all_c16_keepalive_ms,1.492375
latency,3,220,http1_rust_nodelay_all_c16_keepalive_ms,1.447555
latency,3,221,http1_rust_nodelay_all_c16_keepalive_ms,1.218771
latency,3,222,http1_rust_nodelay_all_c16_keepalive_ms,1.891842
latency,3,223,http1_rust_nodelay_all_c16_keepalive_ms,1.400864
latency,3,224,http1_rust_nodelay_all_c16_keepalive_ms,1.441814
latency,3,225,http1_rust_nodelay_all_c16_keepalive_ms,1.103909
latency,3,226,http1_rust_nodelay_all_c16_keepalive_ms,1.313263
latency,3,227,http1_rust_nodelay_all_c16_keepalive_ms,0.994207
latency,3,228,http1_rust_nodelay_all_c16_keepalive_ms,12.431681
latency,3,229,http1_rust_nodelay_all_c16_keepalive_ms,0.109292
latency,3,230,http1_rust_nodelay_all_c16_keepalive_ms,0.106652
latency,3,231,http1_rust_nodelay_all_c16_keepalive_ms,0.106042
latency,3,232,http1_rust_nodelay_all_c16_keepalive_ms,0.107471
latency,3,233,http1_rust_nodelay_all_c16_keepalive_ms,0.108772
latency,3,234,http1_rust_nodelay_all_c16_keepalive_ms,0.105722
latency,3,235,http1_rust_nodelay_all_c16_keepalive_ms,0.106762
latency,3,236,http1_rust_nodelay_all_c16_keepalive_ms,0.109162
latency,3,237,http1_rust_nodelay_all_c16_keepalive_ms,0.118422
latency,3,238,http1_rust_nodelay_all_c16_keepalive_ms,0.106882
latency,3,239,http1_rust_nodelay_all_c16_keepalive_ms,0.105621
latency,3,320,http1_rust_nodelay_all_c16_keepalive_ms,1.694169
latency,3,321,http1_rust_nodelay_all_c16_keepalive_ms,1.420084
latency,3,322,http1_rust_nodelay_all_c16_keepalive_ms,1.221081
latency,3,323,http1_rust_nodelay_all_c16_keepalive_ms,1.625408
latency,3,324,http1_rust_nodelay_all_c16_keepalive_ms,1.570466
latency,3,325,http1_rust_nodelay_all_c16_keepalive_ms,1.139269
latency,3,326,http1_rust_nodelay_all_c16_keepalive_ms,1.446745
latency,3,327,http1_rust_nodelay_all_c16_keepalive_ms,1.521346
latency,3,328,http1_rust_nodelay_all_c16_keepalive_ms,1.101519
latency,3,329,http1_rust_nodelay_all_c16_keepalive_ms,1.129419
latency,3,330,http1_rust_nodelay_all_c16_keepalive_ms,1.094709
latency,3,331,http1_rust_nodelay_all_c16_keepalive_ms,1.447224
latency,3,332,http1_rust_nodelay_all_c16_keepalive_ms,1.461455
latency,3,333,http1_rust_nodelay_all_c16_keepalive_ms,1.469525
latency,3,334,http1_rust_nodelay_all_c16_keepalive_ms,1.383644
latency,3,335,http1_rust_nodelay_all_c16_keepalive_ms,1.140029
latency,3,336,http1_rust_nodelay_all_c16_keepalive_ms,1.094049
latency,3,337,http1_rust_nodelay_all_c16_keepalive_ms,19.400710
latency,3,338,http1_rust_nodelay_all_c16_keepalive_ms,1.301162
latency,3,339,http1_rust_nodelay_all_c16_keepalive_ms,1.121589
latency,3,340,http1_rust_nodelay_all_c16_keepalive_ms,1.456845
latency,3,341,http1_rust_nodelay_all_c16_keepalive_ms,10.439407
latency,3,342,http1_rust_nodelay_all_c16_keepalive_ms,1.474336
latency,3,343,http1_rust_nodelay_all_c16_keepalive_ms,1.471195
latency,3,344,http1_rust_nodelay_all_c16_keepalive_ms,1.452464
latency,3,345,http1_rust_nodelay_all_c16_keepalive_ms,1.480686
latency,3,346,http1_rust_nodelay_all_c16_keepalive_ms,1.463335
latency,3,347,http1_rust_nodelay_all_c16_keepalive_ms,1.473865
latency,3,348,http1_rust_nodelay_all_c16_keepalive_ms,1.504225
latency,3,349,http1_rust_nodelay_all_c16_keepalive_ms,1.319893
latency,3,350,http1_rust_nodelay_all_c16_keepalive_ms,1.446354
latency,3,351,http1_rust_nodelay_all_c16_keepalive_ms,1.455465
latency,3,352,http1_rust_nodelay_all_c16_keepalive_ms,1.478695
latency,3,353,http1_rust_nodelay_all_c16_keepalive_ms,1.444655
latency,3,354,http1_rust_nodelay_all_c16_keepalive_ms,1.508745
latency,3,355,http1_rust_nodelay_all_c16_keepalive_ms,1.465725
latency,3,356,http1_rust_nodelay_all_c16_keepalive_ms,1.359704
latency,3,357,http1_rust_nodelay_all_c16_keepalive_ms,1.042177
latency,3,358,http1_rust_nodelay_all_c16_keepalive_ms,1.060158
latency,3,359,http1_rust_nodelay_all_c16_keepalive_ms,1.318943
latency,3,360,http1_rust_nodelay_all_c16_keepalive_ms,1.312992
latency,3,361,http1_rust_nodelay_all_c16_keepalive_ms,1.058328
latency,3,362,http1_rust_nodelay_all_c16_keepalive_ms,1.331593
latency,3,363,http1_rust_nodelay_all_c16_keepalive_ms,1.356463
latency,3,364,http1_rust_nodelay_all_c16_keepalive_ms,1.451095
latency,3,365,http1_rust_nodelay_all_c16_keepalive_ms,1.493015
latency,3,366,http1_rust_nodelay_all_c16_keepalive_ms,1.483575
latency,3,367,http1_rust_nodelay_all_c16_keepalive_ms,1.162870
latency,3,368,http1_rust_nodelay_all_c16_keepalive_ms,1.658108
latency,3,369,http1_rust_nodelay_all_c16_keepalive_ms,1.439215
latency,3,370,http1_rust_nodelay_all_c16_keepalive_ms,1.440094
latency,3,371,http1_rust_nodelay_all_c16_keepalive_ms,1.483836
latency,3,372,http1_rust_nodelay_all_c16_keepalive_ms,1.439344
latency,3,373,http1_rust_nodelay_all_c16_keepalive_ms,1.533716
latency,3,374,http1_rust_nodelay_all_c16_keepalive_ms,1.074769
latency,3,375,http1_rust_nodelay_all_c16_keepalive_ms,1.417874
latency,3,376,http1_rust_nodelay_all_c16_keepalive_ms,1.286301
latency,3,377,http1_rust_nodelay_all_c16_keepalive_ms,1.069199
latency,3,378,http1_rust_nodelay_all_c16_keepalive_ms,1.114529
latency,3,379,http1_rust_nodelay_all_c16_keepalive_ms,1.482975
latency,3,380,http1_rust_nodelay_all_c16_keepalive_ms,1.458245
latency,3,381,http1_rust_nodelay_all_c16_keepalive_ms,1.536566
latency,3,382,http1_rust_nodelay_all_c16_keepalive_ms,1.919753
latency,3,383,http1_rust_nodelay_all_c16_keepalive_ms,1.450194
latency,3,384,http1_rust_nodelay_all_c16_keepalive_ms,1.345283
latency,3,385,http1_rust_nodelay_all_c16_keepalive_ms,1.114099
latency,3,386,http1_rust_nodelay_all_c16_keepalive_ms,1.324243
latency,3,387,http1_rust_nodelay_all_c16_keepalive_ms,1.024957
latency,3,388,http1_rust_nodelay_all_c16_keepalive_ms,1.617248
latency,3,389,http1_rust_nodelay_all_c16_keepalive_ms,1.128499
latency,3,390,http1_rust_nodelay_all_c16_keepalive_ms,1.125489
latency,3,391,http1_rust_nodelay_all_c16_keepalive_ms,10.808224
latency,3,392,http1_rust_nodelay_all_c16_keepalive_ms,0.115312
latency,3,393,http1_rust_nodelay_all_c16_keepalive_ms,0.107692
latency,3,394,http1_rust_nodelay_all_c16_keepalive_ms,0.106212
latency,3,395,http1_rust_nodelay_all_c16_keepalive_ms,0.106992
latency,3,396,http1_rust_nodelay_all_c16_keepalive_ms,0.116922
latency,3,397,http1_rust_nodelay_all_c16_keepalive_ms,0.105591
latency,3,398,http1_rust_nodelay_all_c16_keepalive_ms,0.105302
latency,3,399,http1_rust_nodelay_all_c16_keepalive_ms,0.105292
latency,3,720,http1_rust_nodelay_all_c16_keepalive_ms,1.287562
latency,3,721,http1_rust_nodelay_all_c16_keepalive_ms,1.860912
latency,3,722,http1_rust_nodelay_all_c16_keepalive_ms,1.667028
latency,3,723,http1_rust_nodelay_all_c16_keepalive_ms,1.584427
latency,3,724,http1_rust_nodelay_all_c16_keepalive_ms,1.559656
latency,3,725,http1_rust_nodelay_all_c16_keepalive_ms,1.138800
latency,3,726,http1_rust_nodelay_all_c16_keepalive_ms,1.066518
latency,3,727,http1_rust_nodelay_all_c16_keepalive_ms,1.519046
latency,3,728,http1_rust_nodelay_all_c16_keepalive_ms,1.104719
latency,3,729,http1_rust_nodelay_all_c16_keepalive_ms,1.124709
latency,3,730,http1_rust_nodelay_all_c16_keepalive_ms,1.060818
latency,3,731,http1_rust_nodelay_all_c16_keepalive_ms,1.448415
latency,3,732,http1_rust_nodelay_all_c16_keepalive_ms,1.460945
latency,3,733,http1_rust_nodelay_all_c16_keepalive_ms,1.469275
latency,3,734,http1_rust_nodelay_all_c16_keepalive_ms,1.551066
latency,3,735,http1_rust_nodelay_all_c16_keepalive_ms,1.445815
latency,3,736,http1_rust_nodelay_all_c16_keepalive_ms,1.411744
latency,3,737,http1_rust_nodelay_all_c16_keepalive_ms,1.443054
latency,3,738,http1_rust_nodelay_all_c16_keepalive_ms,10.408987
latency,3,739,http1_rust_nodelay_all_c16_keepalive_ms,0.946446
latency,3,740,http1_rust_nodelay_all_c16_keepalive_ms,1.219021
latency,3,741,http1_rust_nodelay_all_c16_keepalive_ms,1.007077
latency,3,742,http1_rust_nodelay_all_c16_keepalive_ms,0.994127
latency,3,743,http1_rust_nodelay_all_c16_keepalive_ms,1.244351
latency,3,744,http1_rust_nodelay_all_c16_keepalive_ms,10.325726
latency,3,745,http1_rust_nodelay_all_c16_keepalive_ms,1.495786
latency,3,746,http1_rust_nodelay_all_c16_keepalive_ms,1.541966
latency,3,747,http1_rust_nodelay_all_c16_keepalive_ms,1.482535
latency,3,748,http1_rust_nodelay_all_c16_keepalive_ms,1.429744
latency,3,749,http1_rust_nodelay_all_c16_keepalive_ms,1.120149
latency,3,750,http1_rust_nodelay_all_c16_keepalive_ms,1.127779
latency,3,751,http1_rust_nodelay_all_c16_keepalive_ms,1.452435
latency,3,752,http1_rust_nodelay_all_c16_keepalive_ms,1.480805
latency,3,753,http1_rust_nodelay_all_c16_keepalive_ms,1.424735
latency,3,754,http1_rust_nodelay_all_c16_keepalive_ms,1.108269
latency,3,755,http1_rust_nodelay_all_c16_keepalive_ms,1.132809
latency,3,756,http1_rust_nodelay_all_c16_keepalive_ms,1.148350
latency,3,757,http1_rust_nodelay_all_c16_keepalive_ms,1.458014
latency,3,758,http1_rust_nodelay_all_c16_keepalive_ms,1.450045
latency,3,759,http1_rust_nodelay_all_c16_keepalive_ms,10.387217
latency,3,760,http1_rust_nodelay_all_c16_keepalive_ms,1.318692
latency,3,761,http1_rust_nodelay_all_c16_keepalive_ms,1.027258
latency,3,762,http1_rust_nodelay_all_c16_keepalive_ms,1.351043
latency,3,763,http1_rust_nodelay_all_c16_keepalive_ms,1.324482
latency,3,764,http1_rust_nodelay_all_c16_keepalive_ms,1.036238
latency,3,765,http1_rust_nodelay_all_c16_keepalive_ms,1.439305
latency,3,766,http1_rust_nodelay_all_c16_keepalive_ms,1.482194
latency,3,767,http1_rust_nodelay_all_c16_keepalive_ms,1.439525
latency,3,768,http1_rust_nodelay_all_c16_keepalive_ms,1.100589
latency,3,769,http1_rust_nodelay_all_c16_keepalive_ms,1.089048
latency,3,770,http1_rust_nodelay_all_c16_keepalive_ms,1.317993
latency,3,771,http1_rust_nodelay_all_c16_keepalive_ms,1.419814
latency,3,772,http1_rust_nodelay_all_c16_keepalive_ms,1.468795
latency,3,773,http1_rust_nodelay_all_c16_keepalive_ms,1.438835
latency,3,774,http1_rust_nodelay_all_c16_keepalive_ms,1.443734
latency,3,775,http1_rust_nodelay_all_c16_keepalive_ms,1.532026
latency,3,776,http1_rust_nodelay_all_c16_keepalive_ms,1.490646
latency,3,777,http1_rust_nodelay_all_c16_keepalive_ms,1.557176
latency,3,778,http1_rust_nodelay_all_c16_keepalive_ms,1.472975
latency,3,779,http1_rust_nodelay_all_c16_keepalive_ms,1.419314
latency,3,780,http1_rust_nodelay_all_c16_keepalive_ms,0.719042
latency,3,781,http1_rust_nodelay_all_c16_keepalive_ms,1.455015
latency,3,782,http1_rust_nodelay_all_c16_keepalive_ms,1.190890
latency,3,783,http1_rust_nodelay_all_c16_keepalive_ms,1.928043
latency,3,784,http1_rust_nodelay_all_c16_keepalive_ms,1.464275
latency,3,785,http1_rust_nodelay_all_c16_keepalive_ms,1.457575
latency,3,786,http1_rust_nodelay_all_c16_keepalive_ms,1.388794
latency,3,787,http1_rust_nodelay_all_c16_keepalive_ms,1.373173
latency,3,788,http1_rust_nodelay_all_c16_keepalive_ms,1.301352
latency,3,789,http1_rust_nodelay_all_c16_keepalive_ms,1.632408
latency,3,790,http1_rust_nodelay_all_c16_keepalive_ms,0.898155
latency,3,791,http1_rust_nodelay_all_c16_keepalive_ms,0.874555
latency,3,792,http1_rust_nodelay_all_c16_keepalive_ms,1.936863
latency,3,793,http1_rust_nodelay_all_c16_keepalive_ms,0.625791
latency,3,794,http1_rust_nodelay_all_c16_keepalive_ms,0.588350
latency,3,795,http1_rust_nodelay_all_c16_keepalive_ms,0.490248
latency,3,796,http1_rust_nodelay_all_c16_keepalive_ms,0.636011
latency,3,797,http1_rust_nodelay_all_c16_keepalive_ms,0.509589
latency,3,798,http1_rust_nodelay_all_c16_keepalive_ms,7.970695
latency,3,799,http1_rust_nodelay_all_c16_keepalive_ms,0.124523
latency,3,1200,http1_rust_nodelay_all_c16_keepalive_ms,1.510446
latency,3,1201,http1_rust_nodelay_all_c16_keepalive_ms,1.319692
latency,3,1202,http1_rust_nodelay_all_c16_keepalive_ms,12.641265
latency,3,1203,http1_rust_nodelay_all_c16_keepalive_ms,1.435155
latency,3,1204,http1_rust_nodelay_all_c16_keepalive_ms,1.461625
latency,3,1205,http1_rust_nodelay_all_c16_keepalive_ms,1.432244
latency,3,1206,http1_rust_nodelay_all_c16_keepalive_ms,1.475255
latency,3,1207,http1_rust_nodelay_all_c16_keepalive_ms,1.486276
latency,3,1208,http1_rust_nodelay_all_c16_keepalive_ms,1.468754
latency,3,1209,http1_rust_nodelay_all_c16_keepalive_ms,1.434875
latency,3,1210,http1_rust_nodelay_all_c16_keepalive_ms,1.508475
latency,3,1211,http1_rust_nodelay_all_c16_keepalive_ms,1.117339
latency,3,1212,http1_rust_nodelay_all_c16_keepalive_ms,10.389987
latency,3,1213,http1_rust_nodelay_all_c16_keepalive_ms,1.277422
latency,3,1214,http1_rust_nodelay_all_c16_keepalive_ms,1.241611
latency,3,1215,http1_rust_nodelay_all_c16_keepalive_ms,1.011827
latency,3,1216,http1_rust_nodelay_all_c16_keepalive_ms,1.361013
latency,3,1217,http1_rust_nodelay_all_c16_keepalive_ms,1.376444
latency,3,1218,http1_rust_nodelay_all_c16_keepalive_ms,1.464485
latency,3,1219,http1_rust_nodelay_all_c16_keepalive_ms,1.400144
latency,3,1220,http1_rust_nodelay_all_c16_keepalive_ms,1.124279
latency,3,1221,http1_rust_nodelay_all_c16_keepalive_ms,1.054078
latency,3,1222,http1_rust_nodelay_all_c16_keepalive_ms,1.135219
latency,3,1223,http1_rust_nodelay_all_c16_keepalive_ms,1.450395
latency,3,1224,http1_rust_nodelay_all_c16_keepalive_ms,1.546266
latency,3,1225,http1_rust_nodelay_all_c16_keepalive_ms,1.536176
latency,3,1226,http1_rust_nodelay_all_c16_keepalive_ms,10.091222
latency,3,1227,http1_rust_nodelay_all_c16_keepalive_ms,1.112929
latency,3,1228,http1_rust_nodelay_all_c16_keepalive_ms,1.110939
latency,3,1229,http1_rust_nodelay_all_c16_keepalive_ms,10.076751
latency,3,1230,http1_rust_nodelay_all_c16_keepalive_ms,1.337003
latency,3,1231,http1_rust_nodelay_all_c16_keepalive_ms,1.350143
latency,3,1232,http1_rust_nodelay_all_c16_keepalive_ms,1.319903
latency,3,1233,http1_rust_nodelay_all_c16_keepalive_ms,1.025657
latency,3,1234,http1_rust_nodelay_all_c16_keepalive_ms,1.371183
latency,3,1235,http1_rust_nodelay_all_c16_keepalive_ms,1.036778
latency,3,1236,http1_rust_nodelay_all_c16_keepalive_ms,1.294812
latency,3,1237,http1_rust_nodelay_all_c16_keepalive_ms,1.434735
latency,3,1238,http1_rust_nodelay_all_c16_keepalive_ms,1.081178
latency,3,1239,http1_rust_nodelay_all_c16_keepalive_ms,1.114289
latency,3,1240,http1_rust_nodelay_all_c16_keepalive_ms,1.175330
latency,3,1241,http1_rust_nodelay_all_c16_keepalive_ms,1.039457
latency,3,1242,http1_rust_nodelay_all_c16_keepalive_ms,1.657079
latency,3,1243,http1_rust_nodelay_all_c16_keepalive_ms,10.541639
latency,3,1244,http1_rust_nodelay_all_c16_keepalive_ms,1.474975
latency,3,1245,http1_rust_nodelay_all_c16_keepalive_ms,1.419764
latency,3,1246,http1_rust_nodelay_all_c16_keepalive_ms,1.492316
latency,3,1247,http1_rust_nodelay_all_c16_keepalive_ms,1.447914
latency,3,1248,http1_rust_nodelay_all_c16_keepalive_ms,1.220221
latency,3,1249,http1_rust_nodelay_all_c16_keepalive_ms,1.890682
latency,3,1250,http1_rust_nodelay_all_c16_keepalive_ms,1.399274
latency,3,1251,http1_rust_nodelay_all_c16_keepalive_ms,1.101969
latency,3,1252,http1_rust_nodelay_all_c16_keepalive_ms,1.445765
latency,3,1253,http1_rust_nodelay_all_c16_keepalive_ms,1.313372
latency,3,1254,http1_rust_nodelay_all_c16_keepalive_ms,0.992437
latency,3,1255,http1_rust_nodelay_all_c16_keepalive_ms,1.986264
latency,3,1256,http1_rust_nodelay_all_c16_keepalive_ms,0.859824
latency,3,1257,http1_rust_nodelay_all_c16_keepalive_ms,1.101059
latency,3,1258,http1_rust_nodelay_all_c16_keepalive_ms,1.663338
latency,3,1259,http1_rust_nodelay_all_c16_keepalive_ms,0.575860
latency,3,1260,http1_rust_nodelay_all_c16_keepalive_ms,0.554239
latency,3,1261,http1_rust_nodelay_all_c16_keepalive_ms,0.629631
latency,3,1262,http1_rust_nodelay_all_c16_keepalive_ms,0.482118
latency,3,1263,http1_rust_nodelay_all_c16_keepalive_ms,1.378084
latency,3,1264,http1_rust_nodelay_all_c16_keepalive_ms,0.425597
latency,3,1265,http1_rust_nodelay_all_c16_keepalive_ms,0.404217
latency,3,1266,http1_rust_nodelay_all_c16_keepalive_ms,0.414467
latency,3,1267,http1_rust_nodelay_all_c16_keepalive_ms,0.404627
latency,3,1268,http1_rust_nodelay_all_c16_keepalive_ms,0.420947
latency,3,1269,http1_rust_nodelay_all_c16_keepalive_ms,0.379327
latency,3,1270,http1_rust_nodelay_all_c16_keepalive_ms,0.246484
latency,3,1271,http1_rust_nodelay_all_c16_keepalive_ms,0.197343
latency,3,1272,http1_rust_nodelay_all_c16_keepalive_ms,0.113312
latency,3,1273,http1_rust_nodelay_all_c16_keepalive_ms,4.509817
latency,3,1274,http1_rust_nodelay_all_c16_keepalive_ms,0.125352
latency,3,1275,http1_rust_nodelay_all_c16_keepalive_ms,0.115952
latency,3,1276,http1_rust_nodelay_all_c16_keepalive_ms,0.114792
latency,3,1277,http1_rust_nodelay_all_c16_keepalive_ms,0.114252
latency,3,1278,http1_rust_nodelay_all_c16_keepalive_ms,0.118472
latency,3,1279,http1_rust_nodelay_all_c16_keepalive_ms,0.116712
trial,3,1280,http1_rust_nodelay_all_c16_median_ms,1.400384
trial,3,1280,http1_rust_nodelay_all_c16_p95_ms,1.887322
trial,3,1280,http1_rust_nodelay_all_c16_requests_per_second,9285.983
trial,3,1280,http1_rust_nodelay_all_c16_wall_ms,137.842
latency,4,480,http1_rust_nodelay_all_c16_keepalive_ms,1.471935
latency,4,481,http1_rust_nodelay_all_c16_keepalive_ms,1.487815
latency,4,482,http1_rust_nodelay_all_c16_keepalive_ms,1.090509
latency,4,483,http1_rust_nodelay_all_c16_keepalive_ms,1.514966
latency,4,484,http1_rust_nodelay_all_c16_keepalive_ms,1.199300
latency,4,485,http1_rust_nodelay_all_c16_keepalive_ms,1.549487
latency,4,486,http1_rust_nodelay_all_c16_keepalive_ms,1.489855
latency,4,487,http1_rust_nodelay_all_c16_keepalive_ms,1.096209
latency,4,488,http1_rust_nodelay_all_c16_keepalive_ms,1.096469
latency,4,489,http1_rust_nodelay_all_c16_keepalive_ms,1.441084
latency,4,490,http1_rust_nodelay_all_c16_keepalive_ms,1.085139
latency,4,491,http1_rust_nodelay_all_c16_keepalive_ms,1.133109
latency,4,492,http1_rust_nodelay_all_c16_keepalive_ms,1.126919
latency,4,493,http1_rust_nodelay_all_c16_keepalive_ms,1.486955
latency,4,494,http1_rust_nodelay_all_c16_keepalive_ms,1.491145
latency,4,495,http1_rust_nodelay_all_c16_keepalive_ms,1.550847
latency,4,496,http1_rust_nodelay_all_c16_keepalive_ms,1.426264
latency,4,497,http1_rust_nodelay_all_c16_keepalive_ms,1.462975
latency,4,498,http1_rust_nodelay_all_c16_keepalive_ms,1.085909
latency,4,499,http1_rust_nodelay_all_c16_keepalive_ms,1.445544
latency,4,500,http1_rust_nodelay_all_c16_keepalive_ms,1.495726
latency,4,501,http1_rust_nodelay_all_c16_keepalive_ms,1.089688
latency,4,502,http1_rust_nodelay_all_c16_keepalive_ms,1.148130
latency,4,503,http1_rust_nodelay_all_c16_keepalive_ms,1.116379
latency,4,504,http1_rust_nodelay_all_c16_keepalive_ms,1.051418
latency,4,505,http1_rust_nodelay_all_c16_keepalive_ms,1.459724
latency,4,506,http1_rust_nodelay_all_c16_keepalive_ms,1.432415
latency,4,507,http1_rust_nodelay_all_c16_keepalive_ms,1.420954
latency,4,508,http1_rust_nodelay_all_c16_keepalive_ms,1.079918
latency,4,509,http1_rust_nodelay_all_c16_keepalive_ms,1.071409
latency,4,510,http1_rust_nodelay_all_c16_keepalive_ms,1.152039
latency,4,511,http1_rust_nodelay_all_c16_keepalive_ms,1.444715
latency,4,512,http1_rust_nodelay_all_c16_keepalive_ms,1.130839
latency,4,513,http1_rust_nodelay_all_c16_keepalive_ms,1.418064
latency,4,514,http1_rust_nodelay_all_c16_keepalive_ms,1.443525
latency,4,515,http1_rust_nodelay_all_c16_keepalive_ms,1.432824
latency,4,516,http1_rust_nodelay_all_c16_keepalive_ms,1.485376
latency,4,517,http1_rust_nodelay_all_c16_keepalive_ms,1.438914
latency,4,518,http1_rust_nodelay_all_c16_keepalive_ms,1.443634
latency,4,519,http1_rust_nodelay_all_c16_keepalive_ms,1.426735
latency,4,520,http1_rust_nodelay_all_c16_keepalive_ms,1.424274
latency,4,521,http1_rust_nodelay_all_c16_keepalive_ms,1.522596
latency,4,522,http1_rust_nodelay_all_c16_keepalive_ms,1.434214
latency,4,523,http1_rust_nodelay_all_c16_keepalive_ms,1.085469
latency,4,524,http1_rust_nodelay_all_c16_keepalive_ms,1.105889
latency,4,525,http1_rust_nodelay_all_c16_keepalive_ms,1.499675
latency,4,526,http1_rust_nodelay_all_c16_keepalive_ms,1.096359
latency,4,527,http1_rust_nodelay_all_c16_keepalive_ms,1.446535
latency,4,528,http1_rust_nodelay_all_c16_keepalive_ms,1.093058
latency,4,529,http1_rust_nodelay_all_c16_keepalive_ms,1.507896
latency,4,530,http1_rust_nodelay_all_c16_keepalive_ms,1.461084
latency,4,531,http1_rust_nodelay_all_c16_keepalive_ms,1.451135
latency,4,532,http1_rust_nodelay_all_c16_keepalive_ms,1.436185
latency,4,533,http1_rust_nodelay_all_c16_keepalive_ms,1.317732
latency,4,534,http1_rust_nodelay_all_c16_keepalive_ms,1.418984
latency,4,535,http1_rust_nodelay_all_c16_keepalive_ms,1.103889
latency,4,536,http1_rust_nodelay_all_c16_keepalive_ms,1.097599
latency,4,537,http1_rust_nodelay_all_c16_keepalive_ms,1.102109
latency,4,538,http1_rust_nodelay_all_c16_keepalive_ms,1.403914
latency,4,539,http1_rust_nodelay_all_c16_keepalive_ms,1.060048
latency,4,540,http1_rust_nodelay_all_c16_keepalive_ms,1.104459
latency,4,541,http1_rust_nodelay_all_c16_keepalive_ms,1.095718
latency,4,542,http1_rust_nodelay_all_c16_keepalive_ms,1.473595
latency,4,543,http1_rust_nodelay_all_c16_keepalive_ms,1.518206
latency,4,544,http1_rust_nodelay_all_c16_keepalive_ms,1.285302
latency,4,545,http1_rust_nodelay_all_c16_keepalive_ms,1.041097
latency,4,546,http1_rust_nodelay_all_c16_keepalive_ms,1.314693
latency,4,547,http1_rust_nodelay_all_c16_keepalive_ms,1.346313
latency,4,548,http1_rust_nodelay_all_c16_keepalive_ms,1.010577
latency,4,549,http1_rust_nodelay_all_c16_keepalive_ms,1.076908
latency,4,550,http1_rust_nodelay_all_c16_keepalive_ms,1.338383
latency,4,551,http1_rust_nodelay_all_c16_keepalive_ms,1.129219
latency,4,552,http1_rust_nodelay_all_c16_keepalive_ms,1.092829
latency,4,553,http1_rust_nodelay_all_c16_keepalive_ms,1.463385
latency,4,554,http1_rust_nodelay_all_c16_keepalive_ms,1.096949
latency,4,555,http1_rust_nodelay_all_c16_keepalive_ms,1.066038
latency,4,556,http1_rust_nodelay_all_c16_keepalive_ms,1.466364
latency,4,557,http1_rust_nodelay_all_c16_keepalive_ms,1.077989
latency,4,558,http1_rust_nodelay_all_c16_keepalive_ms,1.618867
latency,4,559,http1_rust_nodelay_all_c16_keepalive_ms,1.110599
latency,4,1040,http1_rust_nodelay_all_c16_keepalive_ms,1.441965
latency,4,1041,http1_rust_nodelay_all_c16_keepalive_ms,1.578126
latency,4,1042,http1_rust_nodelay_all_c16_keepalive_ms,1.490106
latency,4,1043,http1_rust_nodelay_all_c16_keepalive_ms,1.517656
latency,4,1044,http1_rust_nodelay_all_c16_keepalive_ms,1.563066
latency,4,1045,http1_rust_nodelay_all_c16_keepalive_ms,1.586747
latency,4,1046,http1_rust_nodelay_all_c16_keepalive_ms,1.076299
latency,4,1047,http1_rust_nodelay_all_c16_keepalive_ms,1.098868
latency,4,1048,http1_rust_nodelay_all_c16_keepalive_ms,1.450945
latency,4,1049,http1_rust_nodelay_all_c16_keepalive_ms,1.106509
latency,4,1050,http1_rust_nodelay_all_c16_keepalive_ms,1.097849
latency,4,1051,http1_rust_nodelay_all_c16_keepalive_ms,1.429334
latency,4,1052,http1_rust_nodelay_all_c16_keepalive_ms,1.464945
latency,4,1053,http1_rust_nodelay_all_c16_keepalive_ms,1.532476
latency,4,1054,http1_rust_nodelay_all_c16_keepalive_ms,1.486225
latency,4,1055,http1_rust_nodelay_all_c16_keepalive_ms,1.483625
latency,4,1056,http1_rust_nodelay_all_c16_keepalive_ms,1.394574
latency,4,1057,http1_rust_nodelay_all_c16_keepalive_ms,1.138979
latency,4,1058,http1_rust_nodelay_all_c16_keepalive_ms,1.462235
latency,4,1059,http1_rust_nodelay_all_c16_keepalive_ms,1.448385
latency,4,1060,http1_rust_nodelay_all_c16_keepalive_ms,1.459435
latency,4,1061,http1_rust_nodelay_all_c16_keepalive_ms,1.486285
latency,4,1062,http1_rust_nodelay_all_c16_keepalive_ms,1.099809
latency,4,1063,http1_rust_nodelay_all_c16_keepalive_ms,1.098839
latency,4,1064,http1_rust_nodelay_all_c16_keepalive_ms,1.090878
latency,4,1065,http1_rust_nodelay_all_c16_keepalive_ms,1.056138
latency,4,1066,http1_rust_nodelay_all_c16_keepalive_ms,1.436404
latency,4,1067,http1_rust_nodelay_all_c16_keepalive_ms,1.411054
latency,4,1068,http1_rust_nodelay_all_c16_keepalive_ms,1.062169
latency,4,1069,http1_rust_nodelay_all_c16_keepalive_ms,1.526976
latency,4,1070,http1_rust_nodelay_all_c16_keepalive_ms,1.109039
latency,4,1071,http1_rust_nodelay_all_c16_keepalive_ms,0.796173
latency,4,1072,http1_rust_nodelay_all_c16_keepalive_ms,1.058938
latency,4,1073,http1_rust_nodelay_all_c16_keepalive_ms,1.423244
latency,4,1074,http1_rust_nodelay_all_c16_keepalive_ms,1.437385
latency,4,1075,http1_rust_nodelay_all_c16_keepalive_ms,1.469905
latency,4,1076,http1_rust_nodelay_all_c16_keepalive_ms,1.427944
latency,4,1077,http1_rust_nodelay_all_c16_keepalive_ms,1.438474
latency,4,1078,http1_rust_nodelay_all_c16_keepalive_ms,1.446645
latency,4,1079,http1_rust_nodelay_all_c16_keepalive_ms,1.420384
latency,4,1080,http1_rust_nodelay_all_c16_keepalive_ms,1.437875
latency,4,1081,http1_rust_nodelay_all_c16_keepalive_ms,1.473405
latency,4,1082,http1_rust_nodelay_all_c16_keepalive_ms,1.368683
latency,4,1083,http1_rust_nodelay_all_c16_keepalive_ms,1.445295
latency,4,1084,http1_rust_nodelay_all_c16_keepalive_ms,1.520466
latency,4,1085,http1_rust_nodelay_all_c16_keepalive_ms,1.428764
latency,4,1086,http1_rust_nodelay_all_c16_keepalive_ms,1.452745
latency,4,1087,http1_rust_nodelay_all_c16_keepalive_ms,1.474635
latency,4,1088,http1_rust_nodelay_all_c16_keepalive_ms,1.478135
latency,4,1089,http1_rust_nodelay_all_c16_keepalive_ms,1.131089
latency,4,1090,http1_rust_nodelay_all_c16_keepalive_ms,1.127129
latency,4,1091,http1_rust_nodelay_all_c16_keepalive_ms,1.092109
latency,4,1092,http1_rust_nodelay_all_c16_keepalive_ms,1.406834
latency,4,1093,http1_rust_nodelay_all_c16_keepalive_ms,1.108319
latency,4,1094,http1_rust_nodelay_all_c16_keepalive_ms,1.105049
latency,4,1095,http1_rust_nodelay_all_c16_keepalive_ms,1.068608
latency,4,1096,http1_rust_nodelay_all_c16_keepalive_ms,1.433054
latency,4,1097,http1_rust_nodelay_all_c16_keepalive_ms,1.092639
latency,4,1098,http1_rust_nodelay_all_c16_keepalive_ms,1.061558
latency,4,1099,http1_rust_nodelay_all_c16_keepalive_ms,1.114189
latency,4,1100,http1_rust_nodelay_all_c16_keepalive_ms,1.085369
latency,4,1101,http1_rust_nodelay_all_c16_keepalive_ms,1.440494
latency,4,1102,http1_rust_nodelay_all_c16_keepalive_ms,1.489315
latency,4,1103,http1_rust_nodelay_all_c16_keepalive_ms,1.424634
latency,4,1104,http1_rust_nodelay_all_c16_keepalive_ms,1.314973
latency,4,1105,http1_rust_nodelay_all_c16_keepalive_ms,1.033697
latency,4,1106,http1_rust_nodelay_all_c16_keepalive_ms,1.340013
latency,4,1107,http1_rust_nodelay_all_c16_keepalive_ms,1.362833
latency,4,1108,http1_rust_nodelay_all_c16_keepalive_ms,1.062009
latency,4,1109,http1_rust_nodelay_all_c16_keepalive_ms,1.348033
latency,4,1110,http1_rust_nodelay_all_c16_keepalive_ms,1.078518
latency,4,1111,http1_rust_nodelay_all_c16_keepalive_ms,1.086028
latency,4,1112,http1_rust_nodelay_all_c16_keepalive_ms,1.437345
latency,4,1113,http1_rust_nodelay_all_c16_keepalive_ms,0.751673
latency,4,1114,http1_rust_nodelay_all_c16_keepalive_ms,1.102389
latency,4,1115,http1_rust_nodelay_all_c16_keepalive_ms,1.415233
latency,4,1116,http1_rust_nodelay_all_c16_keepalive_ms,1.419574
latency,4,1117,http1_rust_nodelay_all_c16_keepalive_ms,1.100479
latency,4,1118,http1_rust_nodelay_all_c16_keepalive_ms,1.360423
latency,4,1119,http1_rust_nodelay_all_c16_keepalive_ms,1.506906
latency,4,560,http1_rust_nodelay_all_c16_keepalive_ms,1.500635
latency,4,561,http1_rust_nodelay_all_c16_keepalive_ms,1.535096
latency,4,562,http1_rust_nodelay_all_c16_keepalive_ms,1.490565
latency,4,563,http1_rust_nodelay_all_c16_keepalive_ms,1.518776
latency,4,564,http1_rust_nodelay_all_c16_keepalive_ms,1.563327
latency,4,565,http1_rust_nodelay_all_c16_keepalive_ms,1.587057
latency,4,566,http1_rust_nodelay_all_c16_keepalive_ms,1.076898
latency,4,567,http1_rust_nodelay_all_c16_keepalive_ms,1.098619
latency,4,568,http1_rust_nodelay_all_c16_keepalive_ms,1.450685
latency,4,569,http1_rust_nodelay_all_c16_keepalive_ms,1.106399
latency,4,570,http1_rust_nodelay_all_c16_keepalive_ms,1.101138
latency,4,571,http1_rust_nodelay_all_c16_keepalive_ms,1.425515
latency,4,572,http1_rust_nodelay_all_c16_keepalive_ms,1.323332
latency,4,573,http1_rust_nodelay_all_c16_keepalive_ms,1.119409
latency,4,574,http1_rust_nodelay_all_c16_keepalive_ms,1.438454
latency,4,575,http1_rust_nodelay_all_c16_keepalive_ms,1.202341
latency,4,576,http1_rust_nodelay_all_c16_keepalive_ms,1.455605
latency,4,577,http1_rust_nodelay_all_c16_keepalive_ms,1.429744
latency,4,578,http1_rust_nodelay_all_c16_keepalive_ms,1.469005
latency,4,579,http1_rust_nodelay_all_c16_keepalive_ms,1.439125
latency,4,580,http1_rust_nodelay_all_c16_keepalive_ms,1.500715
latency,4,581,http1_rust_nodelay_all_c16_keepalive_ms,1.377904
latency,4,582,http1_rust_nodelay_all_c16_keepalive_ms,1.452285
latency,4,583,http1_rust_nodelay_all_c16_keepalive_ms,1.419324
latency,4,584,http1_rust_nodelay_all_c16_keepalive_ms,1.423404
latency,4,585,http1_rust_nodelay_all_c16_keepalive_ms,1.412624
latency,4,586,http1_rust_nodelay_all_c16_keepalive_ms,1.111489
latency,4,587,http1_rust_nodelay_all_c16_keepalive_ms,1.088578
latency,4,588,http1_rust_nodelay_all_c16_keepalive_ms,1.496286
latency,4,589,http1_rust_nodelay_all_c16_keepalive_ms,1.513395
latency,4,590,http1_rust_nodelay_all_c16_keepalive_ms,1.466455
latency,4,591,http1_rust_nodelay_all_c16_keepalive_ms,1.428665
latency,4,592,http1_rust_nodelay_all_c16_keepalive_ms,1.416124
latency,4,593,http1_rust_nodelay_all_c16_keepalive_ms,1.089189
latency,4,594,http1_rust_nodelay_all_c16_keepalive_ms,1.079168
latency,4,595,http1_rust_nodelay_all_c16_keepalive_ms,1.412744
latency,4,596,http1_rust_nodelay_all_c16_keepalive_ms,1.441994
latency,4,597,http1_rust_nodelay_all_c16_keepalive_ms,1.421364
latency,4,598,http1_rust_nodelay_all_c16_keepalive_ms,1.083739
latency,4,599,http1_rust_nodelay_all_c16_keepalive_ms,1.094289
latency,4,600,http1_rust_nodelay_all_c16_keepalive_ms,1.108788
latency,4,601,http1_rust_nodelay_all_c16_keepalive_ms,1.162990
latency,4,602,http1_rust_nodelay_all_c16_keepalive_ms,1.438785
latency,4,603,http1_rust_nodelay_all_c16_keepalive_ms,1.074108
latency,4,604,http1_rust_nodelay_all_c16_keepalive_ms,1.102359
latency,4,605,http1_rust_nodelay_all_c16_keepalive_ms,1.110149
latency,4,606,http1_rust_nodelay_all_c16_keepalive_ms,1.384713
latency,4,607,http1_rust_nodelay_all_c16_keepalive_ms,1.165340
latency,4,608,http1_rust_nodelay_all_c16_keepalive_ms,1.474185
latency,4,609,http1_rust_nodelay_all_c16_keepalive_ms,1.477445
latency,4,610,http1_rust_nodelay_all_c16_keepalive_ms,1.443565
latency,4,611,http1_rust_nodelay_all_c16_keepalive_ms,1.504495
latency,4,612,http1_rust_nodelay_all_c16_keepalive_ms,1.097139
latency,4,613,http1_rust_nodelay_all_c16_keepalive_ms,1.071188
latency,4,614,http1_rust_nodelay_all_c16_keepalive_ms,1.433255
latency,4,615,http1_rust_nodelay_all_c16_keepalive_ms,1.432774
latency,4,616,http1_rust_nodelay_all_c16_keepalive_ms,1.450495
latency,4,617,http1_rust_nodelay_all_c16_keepalive_ms,1.099119
latency,4,618,http1_rust_nodelay_all_c16_keepalive_ms,1.070978
latency,4,619,http1_rust_nodelay_all_c16_keepalive_ms,1.418864
latency,4,620,http1_rust_nodelay_all_c16_keepalive_ms,1.447235
latency,4,621,http1_rust_nodelay_all_c16_keepalive_ms,1.450334
latency,4,622,http1_rust_nodelay_all_c16_keepalive_ms,1.118199
latency,4,623,http1_rust_nodelay_all_c16_keepalive_ms,1.053738
latency,4,624,http1_rust_nodelay_all_c16_keepalive_ms,1.326953
latency,4,625,http1_rust_nodelay_all_c16_keepalive_ms,1.330972
latency,4,626,http1_rust_nodelay_all_c16_keepalive_ms,1.026098
latency,4,627,http1_rust_nodelay_all_c16_keepalive_ms,0.979167
latency,4,628,http1_rust_nodelay_all_c16_keepalive_ms,1.383303
latency,4,629,http1_rust_nodelay_all_c16_keepalive_ms,1.073008
latency,4,630,http1_rust_nodelay_all_c16_keepalive_ms,1.419945
latency,4,631,http1_rust_nodelay_all_c16_keepalive_ms,1.445324
latency,4,632,http1_rust_nodelay_all_c16_keepalive_ms,1.498306
latency,4,633,http1_rust_nodelay_all_c16_keepalive_ms,1.443724
latency,4,634,http1_rust_nodelay_all_c16_keepalive_ms,1.443835
latency,4,635,http1_rust_nodelay_all_c16_keepalive_ms,1.094218
latency,4,636,http1_rust_nodelay_all_c16_keepalive_ms,1.449025
latency,4,637,http1_rust_nodelay_all_c16_keepalive_ms,1.289272
latency,4,638,http1_rust_nodelay_all_c16_keepalive_ms,1.899102
latency,4,639,http1_rust_nodelay_all_c16_keepalive_ms,1.365844
latency,4,960,http1_rust_nodelay_all_c16_keepalive_ms,1.238281
latency,4,961,http1_rust_nodelay_all_c16_keepalive_ms,1.111329
latency,4,962,http1_rust_nodelay_all_c16_keepalive_ms,1.554366
latency,4,963,http1_rust_nodelay_all_c16_keepalive_ms,1.178161
latency,4,964,http1_rust_nodelay_all_c16_keepalive_ms,1.521275
latency,4,965,http1_rust_nodelay_all_c16_keepalive_ms,1.205891
latency,4,966,http1_rust_nodelay_all_c16_keepalive_ms,1.169370
latency,4,967,http1_rust_nodelay_all_c16_keepalive_ms,1.410014
latency,4,968,http1_rust_nodelay_all_c16_keepalive_ms,1.349043
latency,4,969,http1_rust_nodelay_all_c16_keepalive_ms,1.502056
latency,4,970,http1_rust_nodelay_all_c16_keepalive_ms,1.445584
latency,4,971,http1_rust_nodelay_all_c16_keepalive_ms,1.443275
latency,4,972,http1_rust_nodelay_all_c16_keepalive_ms,1.452164
latency,4,973,http1_rust_nodelay_all_c16_keepalive_ms,1.425334
latency,4,974,http1_rust_nodelay_all_c16_keepalive_ms,1.496896
latency,4,975,http1_rust_nodelay_all_c16_keepalive_ms,1.392894
latency,4,976,http1_rust_nodelay_all_c16_keepalive_ms,1.451124
latency,4,977,http1_rust_nodelay_all_c16_keepalive_ms,1.481186
latency,4,978,http1_rust_nodelay_all_c16_keepalive_ms,1.462605
latency,4,979,http1_rust_nodelay_all_c16_keepalive_ms,1.436344
latency,4,980,http1_rust_nodelay_all_c16_keepalive_ms,1.471385
latency,4,981,http1_rust_nodelay_all_c16_keepalive_ms,1.503386
latency,4,982,http1_rust_nodelay_all_c16_keepalive_ms,1.106859
latency,4,983,http1_rust_nodelay_all_c16_keepalive_ms,1.099528
latency,4,984,http1_rust_nodelay_all_c16_keepalive_ms,1.088079
latency,4,985,http1_rust_nodelay_all_c16_keepalive_ms,1.057418
latency,4,986,http1_rust_nodelay_all_c16_keepalive_ms,1.438114
latency,4,987,http1_rust_nodelay_all_c16_keepalive_ms,1.410954
latency,4,988,http1_rust_nodelay_all_c16_keepalive_ms,1.432255
latency,4,989,http1_rust_nodelay_all_c16_keepalive_ms,1.517165
latency,4,990,http1_rust_nodelay_all_c16_keepalive_ms,1.483826
latency,4,991,http1_rust_nodelay_all_c16_keepalive_ms,1.051168
latency,4,992,http1_rust_nodelay_all_c16_keepalive_ms,1.085978
latency,4,993,http1_rust_nodelay_all_c16_keepalive_ms,1.442585
latency,4,994,http1_rust_nodelay_all_c16_keepalive_ms,1.434084
latency,4,995,http1_rust_nodelay_all_c16_keepalive_ms,1.499406
latency,4,996,http1_rust_nodelay_all_c16_keepalive_ms,1.428064
latency,4,997,http1_rust_nodelay_all_c16_keepalive_ms,1.407214
latency,4,998,http1_rust_nodelay_all_c16_keepalive_ms,1.451174
latency,4,999,http1_rust_nodelay_all_c16_keepalive_ms,1.497896
latency,4,1000,http1_rust_nodelay_all_c16_keepalive_ms,1.495905
latency,4,1001,http1_rust_nodelay_all_c16_keepalive_ms,1.484016
latency,4,1002,http1_rust_nodelay_all_c16_keepalive_ms,1.066338
latency,4,1003,http1_rust_nodelay_all_c16_keepalive_ms,1.509646
latency,4,1004,http1_rust_nodelay_all_c16_keepalive_ms,1.437794
latency,4,1005,http1_rust_nodelay_all_c16_keepalive_ms,1.422064
latency,4,1006,http1_rust_nodelay_all_c16_keepalive_ms,1.139920
latency,4,1007,http1_rust_nodelay_all_c16_keepalive_ms,1.084558
latency,4,1008,http1_rust_nodelay_all_c16_keepalive_ms,0.784254
latency,4,1009,http1_rust_nodelay_all_c16_keepalive_ms,1.434034
latency,4,1010,http1_rust_nodelay_all_c16_keepalive_ms,1.108269
latency,4,1011,http1_rust_nodelay_all_c16_keepalive_ms,1.462134
latency,4,1012,http1_rust_nodelay_all_c16_keepalive_ms,1.430625
latency,4,1013,http1_rust_nodelay_all_c16_keepalive_ms,1.483485
latency,4,1014,http1_rust_nodelay_all_c16_keepalive_ms,1.434635
latency,4,1015,http1_rust_nodelay_all_c16_keepalive_ms,1.435244
latency,4,1016,http1_rust_nodelay_all_c16_keepalive_ms,1.442075
latency,4,1017,http1_rust_nodelay_all_c16_keepalive_ms,1.455224
latency,4,1018,http1_rust_nodelay_all_c16_keepalive_ms,1.468646
latency,4,1019,http1_rust_nodelay_all_c16_keepalive_ms,1.414194
latency,4,1020,http1_rust_nodelay_all_c16_keepalive_ms,1.484934
latency,4,1021,http1_rust_nodelay_all_c16_keepalive_ms,1.088609
latency,4,1022,http1_rust_nodelay_all_c16_keepalive_ms,1.285542
latency,4,1023,http1_rust_nodelay_all_c16_keepalive_ms,1.041938
latency,4,1024,http1_rust_nodelay_all_c16_keepalive_ms,1.315632
latency,4,1025,http1_rust_nodelay_all_c16_keepalive_ms,1.343103
latency,4,1026,http1_rust_nodelay_all_c16_keepalive_ms,1.407394
latency,4,1027,http1_rust_nodelay_all_c16_keepalive_ms,1.378834
latency,4,1028,http1_rust_nodelay_all_c16_keepalive_ms,1.039057
latency,4,1029,http1_rust_nodelay_all_c16_keepalive_ms,1.090519
latency,4,1030,http1_rust_nodelay_all_c16_keepalive_ms,1.104909
latency,4,1031,http1_rust_nodelay_all_c16_keepalive_ms,1.455404
latency,4,1032,http1_rust_nodelay_all_c16_keepalive_ms,1.448355
latency,4,1033,http1_rust_nodelay_all_c16_keepalive_ms,1.451855
latency,4,1034,http1_rust_nodelay_all_c16_keepalive_ms,1.060108
latency,4,1035,http1_rust_nodelay_all_c16_keepalive_ms,1.183100
latency,4,1036,http1_rust_nodelay_all_c16_keepalive_ms,14.518977
latency,4,1037,http1_rust_nodelay_all_c16_keepalive_ms,1.076118
latency,4,1038,http1_rust_nodelay_all_c16_keepalive_ms,0.812054
latency,4,1039,http1_rust_nodelay_all_c16_keepalive_ms,0.989447
latency,4,160,http1_rust_nodelay_all_c16_keepalive_ms,1.253152
latency,4,161,http1_rust_nodelay_all_c16_keepalive_ms,1.111138
latency,4,162,http1_rust_nodelay_all_c16_keepalive_ms,1.555107
latency,4,163,http1_rust_nodelay_all_c16_keepalive_ms,1.178090
latency,4,164,http1_rust_nodelay_all_c16_keepalive_ms,1.521026
latency,4,165,http1_rust_nodelay_all_c16_keepalive_ms,1.234391
latency,4,166,http1_rust_nodelay_all_c16_keepalive_ms,1.509636
latency,4,167,http1_rust_nodelay_all_c16_keepalive_ms,1.437414
latency,4,168,http1_rust_nodelay_all_c16_keepalive_ms,1.475505
latency,4,169,http1_rust_nodelay_all_c16_keepalive_ms,1.082249
latency,4,170,http1_rust_nodelay_all_c16_keepalive_ms,1.390263
latency,4,171,http1_rust_nodelay_all_c16_keepalive_ms,1.443385
latency,4,172,http1_rust_nodelay_all_c16_keepalive_ms,1.441354
latency,4,173,http1_rust_nodelay_all_c16_keepalive_ms,1.446225
latency,4,174,http1_rust_nodelay_all_c16_keepalive_ms,1.493405
latency,4,175,http1_rust_nodelay_all_c16_keepalive_ms,1.460765
latency,4,176,http1_rust_nodelay_all_c16_keepalive_ms,1.074928
latency,4,177,http1_rust_nodelay_all_c16_keepalive_ms,1.104049
latency,4,178,http1_rust_nodelay_all_c16_keepalive_ms,1.442845
latency,4,179,http1_rust_nodelay_all_c16_keepalive_ms,1.480435
latency,4,180,http1_rust_nodelay_all_c16_keepalive_ms,1.126499
latency,4,181,http1_rust_nodelay_all_c16_keepalive_ms,1.105539
latency,4,182,http1_rust_nodelay_all_c16_keepalive_ms,1.501126
latency,4,183,http1_rust_nodelay_all_c16_keepalive_ms,1.453625
latency,4,184,http1_rust_nodelay_all_c16_keepalive_ms,1.429303
latency,4,185,http1_rust_nodelay_all_c16_keepalive_ms,1.450475
latency,4,186,http1_rust_nodelay_all_c16_keepalive_ms,1.475455
latency,4,187,http1_rust_nodelay_all_c16_keepalive_ms,1.418115
latency,4,188,http1_rust_nodelay_all_c16_keepalive_ms,1.496565
latency,4,189,http1_rust_nodelay_all_c16_keepalive_ms,1.513586
latency,4,190,http1_rust_nodelay_all_c16_keepalive_ms,1.466635
latency,4,191,http1_rust_nodelay_all_c16_keepalive_ms,1.427794
latency,4,192,http1_rust_nodelay_all_c16_keepalive_ms,1.415884
latency,4,193,http1_rust_nodelay_all_c16_keepalive_ms,1.089659
latency,4,194,http1_rust_nodelay_all_c16_keepalive_ms,1.079138
latency,4,195,http1_rust_nodelay_all_c16_keepalive_ms,1.092159
latency,4,196,http1_rust_nodelay_all_c16_keepalive_ms,1.093249
latency,4,197,http1_rust_nodelay_all_c16_keepalive_ms,1.425153
latency,4,198,http1_rust_nodelay_all_c16_keepalive_ms,1.095219
latency,4,199,http1_rust_nodelay_all_c16_keepalive_ms,1.074588
latency,4,200,http1_rust_nodelay_all_c16_keepalive_ms,1.517776
latency,4,201,http1_rust_nodelay_all_c16_keepalive_ms,1.472315
latency,4,202,http1_rust_nodelay_all_c16_keepalive_ms,9.740406
latency,4,203,http1_rust_nodelay_all_c16_keepalive_ms,1.461715
latency,4,204,http1_rust_nodelay_all_c16_keepalive_ms,1.451575
latency,4,205,http1_rust_nodelay_all_c16_keepalive_ms,1.435204
latency,4,206,http1_rust_nodelay_all_c16_keepalive_ms,1.463705
latency,4,207,http1_rust_nodelay_all_c16_keepalive_ms,1.461555
latency,4,208,http1_rust_nodelay_all_c16_keepalive_ms,1.492745
latency,4,209,http1_rust_nodelay_all_c16_keepalive_ms,1.456305
latency,4,210,http1_rust_nodelay_all_c16_keepalive_ms,1.456315
latency,4,211,http1_rust_nodelay_all_c16_keepalive_ms,1.449775
latency,4,212,http1_rust_nodelay_all_c16_keepalive_ms,1.437874
latency,4,213,http1_rust_nodelay_all_c16_keepalive_ms,1.077279
latency,4,214,http1_rust_nodelay_all_c16_keepalive_ms,1.126808
latency,4,215,http1_rust_nodelay_all_c16_keepalive_ms,1.119459
latency,4,216,http1_rust_nodelay_all_c16_keepalive_ms,1.290752
latency,4,217,http1_rust_nodelay_all_c16_keepalive_ms,1.018648
latency,4,218,http1_rust_nodelay_all_c16_keepalive_ms,1.335873
latency,4,219,http1_rust_nodelay_all_c16_keepalive_ms,0.722692
latency,4,220,http1_rust_nodelay_all_c16_keepalive_ms,1.303242
latency,4,221,http1_rust_nodelay_all_c16_keepalive_ms,1.400294
latency,4,222,http1_rust_nodelay_all_c16_keepalive_ms,1.366103
latency,4,223,http1_rust_nodelay_all_c16_keepalive_ms,1.487616
latency,4,224,http1_rust_nodelay_all_c16_keepalive_ms,1.438094
latency,4,225,http1_rust_nodelay_all_c16_keepalive_ms,9.498632
latency,4,226,http1_rust_nodelay_all_c16_keepalive_ms,1.345113
latency,4,227,http1_rust_nodelay_all_c16_keepalive_ms,1.301122
latency,4,228,http1_rust_nodelay_all_c16_keepalive_ms,0.865465
latency,4,229,http1_rust_nodelay_all_c16_keepalive_ms,1.721399
latency,4,230,http1_rust_nodelay_all_c16_keepalive_ms,1.163670
latency,4,231,http1_rust_nodelay_all_c16_keepalive_ms,1.146399
latency,4,232,http1_rust_nodelay_all_c16_keepalive_ms,1.126249
latency,4,233,http1_rust_nodelay_all_c16_keepalive_ms,1.172960
latency,4,234,http1_rust_nodelay_all_c16_keepalive_ms,1.165970
latency,4,235,http1_rust_nodelay_all_c16_keepalive_ms,0.892285
latency,4,236,http1_rust_nodelay_all_c16_keepalive_ms,0.767323
latency,4,237,http1_rust_nodelay_all_c16_keepalive_ms,1.045338
latency,4,238,http1_rust_nodelay_all_c16_keepalive_ms,0.728272
latency,4,239,http1_rust_nodelay_all_c16_keepalive_ms,0.871905
latency,4,320,http1_rust_nodelay_all_c16_keepalive_ms,1.222561
latency,4,321,http1_rust_nodelay_all_c16_keepalive_ms,1.599487
latency,4,322,http1_rust_nodelay_all_c16_keepalive_ms,1.478635
latency,4,323,http1_rust_nodelay_all_c16_keepalive_ms,0.764183
latency,4,324,http1_rust_nodelay_all_c16_keepalive_ms,1.523156
latency,4,325,http1_rust_nodelay_all_c16_keepalive_ms,1.564997
latency,4,326,http1_rust_nodelay_all_c16_keepalive_ms,1.173860
latency,4,327,http1_rust_nodelay_all_c16_keepalive_ms,1.436064
latency,4,328,http1_rust_nodelay_all_c16_keepalive_ms,1.479515
latency,4,329,http1_rust_nodelay_all_c16_keepalive_ms,1.465725
latency,4,330,http1_rust_nodelay_all_c16_keepalive_ms,1.465635
latency,4,331,http1_rust_nodelay_all_c16_keepalive_ms,1.118120
latency,4,332,http1_rust_nodelay_all_c16_keepalive_ms,1.393093
latency,4,333,http1_rust_nodelay_all_c16_keepalive_ms,10.172093
latency,4,334,http1_rust_nodelay_all_c16_keepalive_ms,1.113509
latency,4,335,http1_rust_nodelay_all_c16_keepalive_ms,1.108739
latency,4,336,http1_rust_nodelay_all_c16_keepalive_ms,1.094849
latency,4,337,http1_rust_nodelay_all_c16_keepalive_ms,1.084988
latency,4,338,http1_rust_nodelay_all_c16_keepalive_ms,1.422864
latency,4,339,http1_rust_nodelay_all_c16_keepalive_ms,1.457315
latency,4,340,http1_rust_nodelay_all_c16_keepalive_ms,1.437084
latency,4,341,http1_rust_nodelay_all_c16_keepalive_ms,1.040948
latency,4,342,http1_rust_nodelay_all_c16_keepalive_ms,1.059298
latency,4,343,http1_rust_nodelay_all_c16_keepalive_ms,1.175260
latency,4,344,http1_rust_nodelay_all_c16_keepalive_ms,1.498136
latency,4,345,http1_rust_nodelay_all_c16_keepalive_ms,1.130989
latency,4,346,http1_rust_nodelay_all_c16_keepalive_ms,1.430144
latency,4,347,http1_rust_nodelay_all_c16_keepalive_ms,1.416175
latency,4,348,http1_rust_nodelay_all_c16_keepalive_ms,1.431584
latency,4,349,http1_rust_nodelay_all_c16_keepalive_ms,1.464535
latency,4,350,http1_rust_nodelay_all_c16_keepalive_ms,1.430954
latency,4,351,http1_rust_nodelay_all_c16_keepalive_ms,10.494889
latency,4,352,http1_rust_nodelay_all_c16_keepalive_ms,1.462615
latency,4,353,http1_rust_nodelay_all_c16_keepalive_ms,1.422034
latency,4,354,http1_rust_nodelay_all_c16_keepalive_ms,1.139039
latency,4,355,http1_rust_nodelay_all_c16_keepalive_ms,1.086419
latency,4,356,http1_rust_nodelay_all_c16_keepalive_ms,1.113699
latency,4,357,http1_rust_nodelay_all_c16_keepalive_ms,1.103678
latency,4,358,http1_rust_nodelay_all_c16_keepalive_ms,1.108259
latency,4,359,http1_rust_nodelay_all_c16_keepalive_ms,1.462275
latency,4,360,http1_rust_nodelay_all_c16_keepalive_ms,1.430735
latency,4,361,http1_rust_nodelay_all_c16_keepalive_ms,1.124129
latency,4,362,http1_rust_nodelay_all_c16_keepalive_ms,1.116329
latency,4,363,http1_rust_nodelay_all_c16_keepalive_ms,1.454964
latency,4,364,http1_rust_nodelay_all_c16_keepalive_ms,1.421055
latency,4,365,http1_rust_nodelay_all_c16_keepalive_ms,1.471115
latency,4,366,http1_rust_nodelay_all_c16_keepalive_ms,1.421294
latency,4,367,http1_rust_nodelay_all_c16_keepalive_ms,1.445845
latency,4,368,http1_rust_nodelay_all_c16_keepalive_ms,1.451634
latency,4,369,http1_rust_nodelay_all_c16_keepalive_ms,1.523236
latency,4,370,http1_rust_nodelay_all_c16_keepalive_ms,1.322002
latency,4,371,http1_rust_nodelay_all_c16_keepalive_ms,1.325953
latency,4,372,http1_rust_nodelay_all_c16_keepalive_ms,1.316643
latency,4,373,http1_rust_nodelay_all_c16_keepalive_ms,1.342092
latency,4,374,http1_rust_nodelay_all_c16_keepalive_ms,1.053718
latency,4,375,http1_rust_nodelay_all_c16_keepalive_ms,1.394064
latency,4,376,http1_rust_nodelay_all_c16_keepalive_ms,1.018398
latency,4,377,http1_rust_nodelay_all_c16_keepalive_ms,1.450044
latency,4,378,http1_rust_nodelay_all_c16_keepalive_ms,1.454685
latency,4,379,http1_rust_nodelay_all_c16_keepalive_ms,1.470345
latency,4,380,http1_rust_nodelay_all_c16_keepalive_ms,1.436035
latency,4,381,http1_rust_nodelay_all_c16_keepalive_ms,1.323612
latency,4,382,http1_rust_nodelay_all_c16_keepalive_ms,1.410994
latency,4,383,http1_rust_nodelay_all_c16_keepalive_ms,1.637238
latency,4,384,http1_rust_nodelay_all_c16_keepalive_ms,1.900042
latency,4,385,http1_rust_nodelay_all_c16_keepalive_ms,1.371333
latency,4,386,http1_rust_nodelay_all_c16_keepalive_ms,0.959957
latency,4,387,http1_rust_nodelay_all_c16_keepalive_ms,1.160340
latency,4,388,http1_rust_nodelay_all_c16_keepalive_ms,1.475085
latency,4,389,http1_rust_nodelay_all_c16_keepalive_ms,1.127199
latency,4,390,http1_rust_nodelay_all_c16_keepalive_ms,0.859275
latency,4,391,http1_rust_nodelay_all_c16_keepalive_ms,0.876955
latency,4,392,http1_rust_nodelay_all_c16_keepalive_ms,1.156729
latency,4,393,http1_rust_nodelay_all_c16_keepalive_ms,1.167160
latency,4,394,http1_rust_nodelay_all_c16_keepalive_ms,1.227991
latency,4,395,http1_rust_nodelay_all_c16_keepalive_ms,0.812443
latency,4,396,http1_rust_nodelay_all_c16_keepalive_ms,0.774644
latency,4,397,http1_rust_nodelay_all_c16_keepalive_ms,1.015227
latency,4,398,http1_rust_nodelay_all_c16_keepalive_ms,0.934226
latency,4,399,http1_rust_nodelay_all_c16_keepalive_ms,0.680612
latency,4,400,http1_rust_nodelay_all_c16_keepalive_ms,0.939096
latency,4,401,http1_rust_nodelay_all_c16_keepalive_ms,1.549786
latency,4,402,http1_rust_nodelay_all_c16_keepalive_ms,1.382414
latency,4,403,http1_rust_nodelay_all_c16_keepalive_ms,1.512065
latency,4,404,http1_rust_nodelay_all_c16_keepalive_ms,1.195991
latency,4,405,http1_rust_nodelay_all_c16_keepalive_ms,1.565656
latency,4,406,http1_rust_nodelay_all_c16_keepalive_ms,1.510386
latency,4,407,http1_rust_nodelay_all_c16_keepalive_ms,1.460335
latency,4,408,http1_rust_nodelay_all_c16_keepalive_ms,1.464565
latency,4,409,http1_rust_nodelay_all_c16_keepalive_ms,1.431254
latency,4,410,http1_rust_nodelay_all_c16_keepalive_ms,1.448925
latency,4,411,http1_rust_nodelay_all_c16_keepalive_ms,1.459085
latency,4,412,http1_rust_nodelay_all_c16_keepalive_ms,1.487495
latency,4,413,http1_rust_nodelay_all_c16_keepalive_ms,1.489365
latency,4,414,http1_rust_nodelay_all_c16_keepalive_ms,1.547887
latency,4,415,http1_rust_nodelay_all_c16_keepalive_ms,1.085968
latency,4,416,http1_rust_nodelay_all_c16_keepalive_ms,1.104939
latency,4,417,http1_rust_nodelay_all_c16_keepalive_ms,1.445985
latency,4,418,http1_rust_nodelay_all_c16_keepalive_ms,1.113989
latency,4,419,http1_rust_nodelay_all_c16_keepalive_ms,1.084328
latency,4,420,http1_rust_nodelay_all_c16_keepalive_ms,1.462545
latency,4,421,http1_rust_nodelay_all_c16_keepalive_ms,1.151930
latency,4,422,http1_rust_nodelay_all_c16_keepalive_ms,1.463605
latency,4,423,http1_rust_nodelay_all_c16_keepalive_ms,10.437787
latency,4,424,http1_rust_nodelay_all_c16_keepalive_ms,1.455545
latency,4,425,http1_rust_nodelay_all_c16_keepalive_ms,1.430664
latency,4,426,http1_rust_nodelay_all_c16_keepalive_ms,1.444585
latency,4,427,http1_rust_nodelay_all_c16_keepalive_ms,1.433404
latency,4,428,http1_rust_nodelay_all_c16_keepalive_ms,0.976717
latency,4,429,http1_rust_nodelay_all_c16_keepalive_ms,1.409324
latency,4,430,http1_rust_nodelay_all_c16_keepalive_ms,1.124789
latency,4,431,http1_rust_nodelay_all_c16_keepalive_ms,1.410984
latency,4,432,http1_rust_nodelay_all_c16_keepalive_ms,1.338433
latency,4,433,http1_rust_nodelay_all_c16_keepalive_ms,1.123079
latency,4,434,http1_rust_nodelay_all_c16_keepalive_ms,1.093689
latency,4,435,http1_rust_nodelay_all_c16_keepalive_ms,1.442444
latency,4,436,http1_rust_nodelay_all_c16_keepalive_ms,1.445035
latency,4,437,http1_rust_nodelay_all_c16_keepalive_ms,1.500165
latency,4,438,http1_rust_nodelay_all_c16_keepalive_ms,1.079089
latency,4,439,http1_rust_nodelay_all_c16_keepalive_ms,1.064288
latency,4,440,http1_rust_nodelay_all_c16_keepalive_ms,1.508566
latency,4,441,http1_rust_nodelay_all_c16_keepalive_ms,1.430564
latency,4,442,http1_rust_nodelay_all_c16_keepalive_ms,1.492145
latency,4,443,http1_rust_nodelay_all_c16_keepalive_ms,1.495145
latency,4,444,http1_rust_nodelay_all_c16_keepalive_ms,1.399004
latency,4,445,http1_rust_nodelay_all_c16_keepalive_ms,1.432745
latency,4,446,http1_rust_nodelay_all_c16_keepalive_ms,1.150519
latency,4,447,http1_rust_nodelay_all_c16_keepalive_ms,1.443385
latency,4,448,http1_rust_nodelay_all_c16_keepalive_ms,1.451695
latency,4,449,http1_rust_nodelay_all_c16_keepalive_ms,1.091928
latency,4,450,http1_rust_nodelay_all_c16_keepalive_ms,1.056768
latency,4,451,http1_rust_nodelay_all_c16_keepalive_ms,1.467155
latency,4,452,http1_rust_nodelay_all_c16_keepalive_ms,1.104049
latency,4,453,http1_rust_nodelay_all_c16_keepalive_ms,1.095299
latency,4,454,http1_rust_nodelay_all_c16_keepalive_ms,1.472545
latency,4,455,http1_rust_nodelay_all_c16_keepalive_ms,10.494858
latency,4,456,http1_rust_nodelay_all_c16_keepalive_ms,1.439515
latency,4,457,http1_rust_nodelay_all_c16_keepalive_ms,1.502106
latency,4,458,http1_rust_nodelay_all_c16_keepalive_ms,1.444434
latency,4,459,http1_rust_nodelay_all_c16_keepalive_ms,1.458145
latency,4,460,http1_rust_nodelay_all_c16_keepalive_ms,1.448544
latency,4,461,http1_rust_nodelay_all_c16_keepalive_ms,1.493306
latency,4,462,http1_rust_nodelay_all_c16_keepalive_ms,1.173310
latency,4,463,http1_rust_nodelay_all_c16_keepalive_ms,1.900722
latency,4,464,http1_rust_nodelay_all_c16_keepalive_ms,1.038398
latency,4,465,http1_rust_nodelay_all_c16_keepalive_ms,1.261481
latency,4,466,http1_rust_nodelay_all_c16_keepalive_ms,0.886215
latency,4,467,http1_rust_nodelay_all_c16_keepalive_ms,1.718280
latency,4,468,http1_rust_nodelay_all_c16_keepalive_ms,1.140399
latency,4,469,http1_rust_nodelay_all_c16_keepalive_ms,1.150720
latency,4,470,http1_rust_nodelay_all_c16_keepalive_ms,1.158110
latency,4,471,http1_rust_nodelay_all_c16_keepalive_ms,0.878575
latency,4,472,http1_rust_nodelay_all_c16_keepalive_ms,1.128568
latency,4,473,http1_rust_nodelay_all_c16_keepalive_ms,0.939926
latency,4,474,http1_rust_nodelay_all_c16_keepalive_ms,0.800554
latency,4,475,http1_rust_nodelay_all_c16_keepalive_ms,1.018607
latency,4,476,http1_rust_nodelay_all_c16_keepalive_ms,0.833425
latency,4,477,http1_rust_nodelay_all_c16_keepalive_ms,0.921235
latency,4,478,http1_rust_nodelay_all_c16_keepalive_ms,0.637171
latency,4,479,http1_rust_nodelay_all_c16_keepalive_ms,1.421234
latency,4,80,http1_rust_nodelay_all_c16_keepalive_ms,1.561026
latency,4,81,http1_rust_nodelay_all_c16_keepalive_ms,1.582907
latency,4,82,http1_rust_nodelay_all_c16_keepalive_ms,1.465075
latency,4,83,http1_rust_nodelay_all_c16_keepalive_ms,1.227631
latency,4,84,http1_rust_nodelay_all_c16_keepalive_ms,1.499036
latency,4,85,http1_rust_nodelay_all_c16_keepalive_ms,1.189710
latency,4,86,http1_rust_nodelay_all_c16_keepalive_ms,1.489035
latency,4,87,http1_rust_nodelay_all_c16_keepalive_ms,1.419555
latency,4,88,http1_rust_nodelay_all_c16_keepalive_ms,1.514265
latency,4,89,http1_rust_nodelay_all_c16_keepalive_ms,1.424795
latency,4,90,http1_rust_nodelay_all_c16_keepalive_ms,1.462705
latency,4,91,http1_rust_nodelay_all_c16_keepalive_ms,1.104688
latency,4,92,http1_rust_nodelay_all_c16_keepalive_ms,1.128189
latency,4,93,http1_rust_nodelay_all_c16_keepalive_ms,1.490266
latency,4,94,http1_rust_nodelay_all_c16_keepalive_ms,1.088818
latency,4,95,http1_rust_nodelay_all_c16_keepalive_ms,1.169280
latency,4,96,http1_rust_nodelay_all_c16_keepalive_ms,1.452355
latency,4,97,http1_rust_nodelay_all_c16_keepalive_ms,1.456045
latency,4,98,http1_rust_nodelay_all_c16_keepalive_ms,1.092418
latency,4,99,http1_rust_nodelay_all_c16_keepalive_ms,1.083249
latency,4,100,http1_rust_nodelay_all_c16_keepalive_ms,1.461325
latency,4,101,http1_rust_nodelay_all_c16_keepalive_ms,1.513246
latency,4,102,http1_rust_nodelay_all_c16_keepalive_ms,1.463064
latency,4,103,http1_rust_nodelay_all_c16_keepalive_ms,1.453925
latency,4,104,http1_rust_nodelay_all_c16_keepalive_ms,1.460285
latency,4,105,http1_rust_nodelay_all_c16_keepalive_ms,1.083028
latency,4,106,http1_rust_nodelay_all_c16_keepalive_ms,1.046538
latency,4,107,http1_rust_nodelay_all_c16_keepalive_ms,1.411534
latency,4,108,http1_rust_nodelay_all_c16_keepalive_ms,1.531386
latency,4,109,http1_rust_nodelay_all_c16_keepalive_ms,1.517406
latency,4,110,http1_rust_nodelay_all_c16_keepalive_ms,1.484475
latency,4,111,http1_rust_nodelay_all_c16_keepalive_ms,1.050328
latency,4,112,http1_rust_nodelay_all_c16_keepalive_ms,1.085139
latency,4,113,http1_rust_nodelay_all_c16_keepalive_ms,1.444104
latency,4,114,http1_rust_nodelay_all_c16_keepalive_ms,1.434025
latency,4,115,http1_rust_nodelay_all_c16_keepalive_ms,10.471658
latency,4,116,http1_rust_nodelay_all_c16_keepalive_ms,1.445515
latency,4,117,http1_rust_nodelay_all_c16_keepalive_ms,1.520715
latency,4,118,http1_rust_nodelay_all_c16_keepalive_ms,1.428525
latency,4,119,http1_rust_nodelay_all_c16_keepalive_ms,1.452845
latency,4,120,http1_rust_nodelay_all_c16_keepalive_ms,1.474595
latency,4,121,http1_rust_nodelay_all_c16_keepalive_ms,1.359623
latency,4,122,http1_rust_nodelay_all_c16_keepalive_ms,1.444074
latency,4,123,http1_rust_nodelay_all_c16_keepalive_ms,1.463325
latency,4,124,http1_rust_nodelay_all_c16_keepalive_ms,1.451015
latency,4,125,http1_rust_nodelay_all_c16_keepalive_ms,1.519326
latency,4,126,http1_rust_nodelay_all_c16_keepalive_ms,1.443774
latency,4,127,http1_rust_nodelay_all_c16_keepalive_ms,1.342503
latency,4,128,http1_rust_nodelay_all_c16_keepalive_ms,1.420994
latency,4,129,http1_rust_nodelay_all_c16_keepalive_ms,1.471395
latency,4,130,http1_rust_nodelay_all_c16_keepalive_ms,1.419385
latency,4,131,http1_rust_nodelay_all_c16_keepalive_ms,1.447494
latency,4,132,http1_rust_nodelay_all_c16_keepalive_ms,1.451205
latency,4,133,http1_rust_nodelay_all_c16_keepalive_ms,1.392973
latency,4,134,http1_rust_nodelay_all_c16_keepalive_ms,1.011818
latency,4,135,http1_rust_nodelay_all_c16_keepalive_ms,1.315962
latency,4,136,http1_rust_nodelay_all_c16_keepalive_ms,10.043121
latency,4,137,http1_rust_nodelay_all_c16_keepalive_ms,1.442635
latency,4,138,http1_rust_nodelay_all_c16_keepalive_ms,1.400484
latency,4,139,http1_rust_nodelay_all_c16_keepalive_ms,1.094488
latency,4,140,http1_rust_nodelay_all_c16_keepalive_ms,1.449385
latency,4,141,http1_rust_nodelay_all_c16_keepalive_ms,1.577127
latency,4,142,http1_rust_nodelay_all_c16_keepalive_ms,1.907702
latency,4,143,http1_rust_nodelay_all_c16_keepalive_ms,1.032168
latency,4,144,http1_rust_nodelay_all_c16_keepalive_ms,1.260601
latency,4,145,http1_rust_nodelay_all_c16_keepalive_ms,0.888205
latency,4,146,http1_rust_nodelay_all_c16_keepalive_ms,1.728130
latency,4,147,http1_rust_nodelay_all_c16_keepalive_ms,0.892575
latency,4,148,http1_rust_nodelay_all_c16_keepalive_ms,0.852464
latency,4,149,http1_rust_nodelay_all_c16_keepalive_ms,1.097659
latency,4,150,http1_rust_nodelay_all_c16_keepalive_ms,0.882685
latency,4,151,http1_rust_nodelay_all_c16_keepalive_ms,1.156790
latency,4,152,http1_rust_nodelay_all_c16_keepalive_ms,0.862244
latency,4,153,http1_rust_nodelay_all_c16_keepalive_ms,1.226241
latency,4,154,http1_rust_nodelay_all_c16_keepalive_ms,0.989797
latency,4,155,http1_rust_nodelay_all_c16_keepalive_ms,0.811114
latency,4,156,http1_rust_nodelay_all_c16_keepalive_ms,0.981407
latency,4,157,http1_rust_nodelay_all_c16_keepalive_ms,0.681931
latency,4,158,http1_rust_nodelay_all_c16_keepalive_ms,1.470965
latency,4,159,http1_rust_nodelay_all_c16_keepalive_ms,0.473638
latency,4,880,http1_rust_nodelay_all_c16_keepalive_ms,1.545916
latency,4,881,http1_rust_nodelay_all_c16_keepalive_ms,1.230551
latency,4,882,http1_rust_nodelay_all_c16_keepalive_ms,1.479475
latency,4,883,http1_rust_nodelay_all_c16_keepalive_ms,1.129679
latency,4,884,http1_rust_nodelay_all_c16_keepalive_ms,1.522756
latency,4,885,http1_rust_nodelay_all_c16_keepalive_ms,1.548127
latency,4,886,http1_rust_nodelay_all_c16_keepalive_ms,1.163360
latency,4,887,http1_rust_nodelay_all_c16_keepalive_ms,1.460244
latency,4,888,http1_rust_nodelay_all_c16_keepalive_ms,1.484806
latency,4,889,http1_rust_nodelay_all_c16_keepalive_ms,1.430204
latency,4,890,http1_rust_nodelay_all_c16_keepalive_ms,10.486748
latency,4,891,http1_rust_nodelay_all_c16_keepalive_ms,1.471726
latency,4,892,http1_rust_nodelay_all_c16_keepalive_ms,1.451284
latency,4,893,http1_rust_nodelay_all_c16_keepalive_ms,1.488816
latency,4,894,http1_rust_nodelay_all_c16_keepalive_ms,1.427344
latency,4,895,http1_rust_nodelay_all_c16_keepalive_ms,1.462895
latency,4,896,http1_rust_nodelay_all_c16_keepalive_ms,1.429704
latency,4,897,http1_rust_nodelay_all_c16_keepalive_ms,1.118239
latency,4,898,http1_rust_nodelay_all_c16_keepalive_ms,1.091799
latency,4,899,http1_rust_nodelay_all_c16_keepalive_ms,1.424604
latency,4,900,http1_rust_nodelay_all_c16_keepalive_ms,1.407234
latency,4,901,http1_rust_nodelay_all_c16_keepalive_ms,1.502835
latency,4,902,http1_rust_nodelay_all_c16_keepalive_ms,1.513026
latency,4,903,http1_rust_nodelay_all_c16_keepalive_ms,1.144000
latency,4,904,http1_rust_nodelay_all_c16_keepalive_ms,1.401714
latency,4,905,http1_rust_nodelay_all_c16_keepalive_ms,1.080988
latency,4,906,http1_rust_nodelay_all_c16_keepalive_ms,1.437875
latency,4,907,http1_rust_nodelay_all_c16_keepalive_ms,1.467825
latency,4,908,http1_rust_nodelay_all_c16_keepalive_ms,1.429744
latency,4,909,http1_rust_nodelay_all_c16_keepalive_ms,1.438454
latency,4,910,http1_rust_nodelay_all_c16_keepalive_ms,1.446345
latency,4,911,http1_rust_nodelay_all_c16_keepalive_ms,1.420314
latency,4,912,http1_rust_nodelay_all_c16_keepalive_ms,1.504556
latency,4,913,http1_rust_nodelay_all_c16_keepalive_ms,1.473025
latency,4,914,http1_rust_nodelay_all_c16_keepalive_ms,1.414464
latency,4,915,http1_rust_nodelay_all_c16_keepalive_ms,1.103869
latency,4,916,http1_rust_nodelay_all_c16_keepalive_ms,1.524276
latency,4,917,http1_rust_nodelay_all_c16_keepalive_ms,1.424624
latency,4,918,http1_rust_nodelay_all_c16_keepalive_ms,1.446825
latency,4,919,http1_rust_nodelay_all_c16_keepalive_ms,1.449454
latency,4,920,http1_rust_nodelay_all_c16_keepalive_ms,1.085089
latency,4,921,http1_rust_nodelay_all_c16_keepalive_ms,1.126959
latency,4,922,http1_rust_nodelay_all_c16_keepalive_ms,1.100868
latency,4,923,http1_rust_nodelay_all_c16_keepalive_ms,1.462335
latency,4,924,http1_rust_nodelay_all_c16_keepalive_ms,1.442395
latency,4,925,http1_rust_nodelay_all_c16_keepalive_ms,1.467035
latency,4,926,http1_rust_nodelay_all_c16_keepalive_ms,1.103869
latency,4,927,http1_rust_nodelay_all_c16_keepalive_ms,10.076201
latency,4,928,http1_rust_nodelay_all_c16_keepalive_ms,1.014827
latency,4,929,http1_rust_nodelay_all_c16_keepalive_ms,1.315443
latency,4,930,http1_rust_nodelay_all_c16_keepalive_ms,1.011557
latency,4,931,http1_rust_nodelay_all_c16_keepalive_ms,1.339513
latency,4,932,http1_rust_nodelay_all_c16_keepalive_ms,10.309515
latency,4,933,http1_rust_nodelay_all_c16_keepalive_ms,1.407974
latency,4,934,http1_rust_nodelay_all_c16_keepalive_ms,1.448095
latency,4,935,http1_rust_nodelay_all_c16_keepalive_ms,1.694349
latency,4,936,http1_rust_nodelay_all_c16_keepalive_ms,1.533706
latency,4,937,http1_rust_nodelay_all_c16_keepalive_ms,1.061728
latency,4,938,http1_rust_nodelay_all_c16_keepalive_ms,1.284022
latency,4,939,http1_rust_nodelay_all_c16_keepalive_ms,1.160900
latency,4,940,http1_rust_nodelay_all_c16_keepalive_ms,1.465345
latency,4,941,http1_rust_nodelay_all_c16_keepalive_ms,1.151489
latency,4,942,http1_rust_nodelay_all_c16_keepalive_ms,1.147680
latency,4,943,http1_rust_nodelay_all_c16_keepalive_ms,1.161960
latency,4,944,http1_rust_nodelay_all_c16_keepalive_ms,1.133719
latency,4,945,http1_rust_nodelay_all_c16_keepalive_ms,1.138699
latency,4,946,http1_rust_nodelay_all_c16_keepalive_ms,0.930716
latency,4,947,http1_rust_nodelay_all_c16_keepalive_ms,0.822244
latency,4,948,http1_rust_nodelay_all_c16_keepalive_ms,1.013387
latency,4,949,http1_rust_nodelay_all_c16_keepalive_ms,0.825194
latency,4,950,http1_rust_nodelay_all_c16_keepalive_ms,0.877135
latency,4,951,http1_rust_nodelay_all_c16_keepalive_ms,0.659401
latency,4,952,http1_rust_nodelay_all_c16_keepalive_ms,1.430045
latency,4,953,http1_rust_nodelay_all_c16_keepalive_ms,0.422327
latency,4,954,http1_rust_nodelay_all_c16_keepalive_ms,0.329685
latency,4,955,http1_rust_nodelay_all_c16_keepalive_ms,0.320586
latency,4,956,http1_rust_nodelay_all_c16_keepalive_ms,0.268965
latency,4,957,http1_rust_nodelay_all_c16_keepalive_ms,0.361786
latency,4,958,http1_rust_nodelay_all_c16_keepalive_ms,0.329785
latency,4,959,http1_rust_nodelay_all_c16_keepalive_ms,0.253395
latency,4,1120,http1_rust_nodelay_all_c16_keepalive_ms,1.426114
latency,4,1121,http1_rust_nodelay_all_c16_keepalive_ms,1.574167
latency,4,1122,http1_rust_nodelay_all_c16_keepalive_ms,1.492965
latency,4,1123,http1_rust_nodelay_all_c16_keepalive_ms,1.518806
latency,4,1124,http1_rust_nodelay_all_c16_keepalive_ms,1.141450
latency,4,1125,http1_rust_nodelay_all_c16_keepalive_ms,1.567816
latency,4,1126,http1_rust_nodelay_all_c16_keepalive_ms,1.488596
latency,4,1127,http1_rust_nodelay_all_c16_keepalive_ms,1.086458
latency,4,1128,http1_rust_nodelay_all_c16_keepalive_ms,1.127829
latency,4,1129,http1_rust_nodelay_all_c16_keepalive_ms,1.442465
latency,4,1130,http1_rust_nodelay_all_c16_keepalive_ms,1.062388
latency,4,1131,http1_rust_nodelay_all_c16_keepalive_ms,1.065228
latency,4,1132,http1_rust_nodelay_all_c16_keepalive_ms,1.115939
latency,4,1133,http1_rust_nodelay_all_c16_keepalive_ms,1.155370
latency,4,1134,http1_rust_nodelay_all_c16_keepalive_ms,1.459505
latency,4,1135,http1_rust_nodelay_all_c16_keepalive_ms,1.142779
latency,4,1136,http1_rust_nodelay_all_c16_keepalive_ms,9.352479
latency,4,1137,http1_rust_nodelay_all_c16_keepalive_ms,1.427185
latency,4,1138,http1_rust_nodelay_all_c16_keepalive_ms,1.051208
latency,4,1139,http1_rust_nodelay_all_c16_keepalive_ms,1.461294
latency,4,1140,http1_rust_nodelay_all_c16_keepalive_ms,1.429015
latency,4,1141,http1_rust_nodelay_all_c16_keepalive_ms,1.288221
latency,4,1142,http1_rust_nodelay_all_c16_keepalive_ms,1.407644
latency,4,1143,http1_rust_nodelay_all_c16_keepalive_ms,1.501316
latency,4,1144,http1_rust_nodelay_all_c16_keepalive_ms,1.512026
latency,4,1145,http1_rust_nodelay_all_c16_keepalive_ms,1.399224
latency,4,1146,http1_rust_nodelay_all_c16_keepalive_ms,1.100988
latency,4,1147,http1_rust_nodelay_all_c16_keepalive_ms,1.057878
latency,4,1148,http1_rust_nodelay_all_c16_keepalive_ms,1.084009
latency,4,1149,http1_rust_nodelay_all_c16_keepalive_ms,1.070378
latency,4,1150,http1_rust_nodelay_all_c16_keepalive_ms,1.111709
latency,4,1151,http1_rust_nodelay_all_c16_keepalive_ms,1.073558
latency,4,1152,http1_rust_nodelay_all_c16_keepalive_ms,1.396794
latency,4,1153,http1_rust_nodelay_all_c16_keepalive_ms,1.099259
latency,4,1154,http1_rust_nodelay_all_c16_keepalive_ms,1.451464
latency,4,1155,http1_rust_nodelay_all_c16_keepalive_ms,1.478386
latency,4,1156,http1_rust_nodelay_all_c16_keepalive_ms,1.498775
latency,4,1157,http1_rust_nodelay_all_c16_keepalive_ms,1.475125
latency,4,1158,http1_rust_nodelay_all_c16_keepalive_ms,1.446625
latency,4,1159,http1_rust_nodelay_all_c16_keepalive_ms,1.524286
latency,4,1160,http1_rust_nodelay_all_c16_keepalive_ms,1.424804
latency,4,1161,http1_rust_nodelay_all_c16_keepalive_ms,1.445095
latency,4,1162,http1_rust_nodelay_all_c16_keepalive_ms,1.471595
latency,4,1163,http1_rust_nodelay_all_c16_keepalive_ms,1.030037
latency,4,1164,http1_rust_nodelay_all_c16_keepalive_ms,1.469735
latency,4,1165,http1_rust_nodelay_all_c16_keepalive_ms,1.479585
latency,4,1166,http1_rust_nodelay_all_c16_keepalive_ms,1.089719
latency,4,1167,http1_rust_nodelay_all_c16_keepalive_ms,1.080408
latency,4,1168,http1_rust_nodelay_all_c16_keepalive_ms,10.072552
latency,4,1169,http1_rust_nodelay_all_c16_keepalive_ms,1.112359
latency,4,1170,http1_rust_nodelay_all_c16_keepalive_ms,1.500495
latency,4,1171,http1_rust_nodelay_all_c16_keepalive_ms,1.044388
latency,4,1172,http1_rust_nodelay_all_c16_keepalive_ms,1.316202
latency,4,1173,http1_rust_nodelay_all_c16_keepalive_ms,1.293912
latency,4,1174,http1_rust_nodelay_all_c16_keepalive_ms,0.701202
latency,4,1175,http1_rust_nodelay_all_c16_keepalive_ms,1.305253
latency,4,1176,http1_rust_nodelay_all_c16_keepalive_ms,1.392513
latency,4,1177,http1_rust_nodelay_all_c16_keepalive_ms,1.411794
latency,4,1178,http1_rust_nodelay_all_c16_keepalive_ms,1.430225
latency,4,1179,http1_rust_nodelay_all_c16_keepalive_ms,1.435794
latency,4,1180,http1_rust_nodelay_all_c16_keepalive_ms,1.521926
latency,4,1181,http1_rust_nodelay_all_c16_keepalive_ms,1.082319
latency,4,1182,http1_rust_nodelay_all_c16_keepalive_ms,11.698029
latency,4,1183,http1_rust_nodelay_all_c16_keepalive_ms,1.112969
latency,4,1184,http1_rust_nodelay_all_c16_keepalive_ms,0.876335
latency,4,1185,http1_rust_nodelay_all_c16_keepalive_ms,0.896165
latency,4,1186,http1_rust_nodelay_all_c16_keepalive_ms,9.637254
latency,4,1187,http1_rust_nodelay_all_c16_keepalive_ms,0.477018
latency,4,1188,http1_rust_nodelay_all_c16_keepalive_ms,0.358366
latency,4,1189,http1_rust_nodelay_all_c16_keepalive_ms,0.327625
latency,4,1190,http1_rust_nodelay_all_c16_keepalive_ms,0.264105
latency,4,1191,http1_rust_nodelay_all_c16_keepalive_ms,0.323535
latency,4,1192,http1_rust_nodelay_all_c16_keepalive_ms,0.264795
latency,4,1193,http1_rust_nodelay_all_c16_keepalive_ms,0.335116
latency,4,1194,http1_rust_nodelay_all_c16_keepalive_ms,0.255464
latency,4,1195,http1_rust_nodelay_all_c16_keepalive_ms,0.237944
latency,4,1196,http1_rust_nodelay_all_c16_keepalive_ms,0.229444
latency,4,1197,http1_rust_nodelay_all_c16_keepalive_ms,0.106592
latency,4,1198,http1_rust_nodelay_all_c16_keepalive_ms,0.105392
latency,4,1199,http1_rust_nodelay_all_c16_keepalive_ms,0.106601
latency,4,640,http1_rust_nodelay_all_c16_keepalive_ms,1.531176
latency,4,641,http1_rust_nodelay_all_c16_keepalive_ms,1.196190
latency,4,642,http1_rust_nodelay_all_c16_keepalive_ms,18.820700
latency,4,643,http1_rust_nodelay_all_c16_keepalive_ms,1.455435
latency,4,644,http1_rust_nodelay_all_c16_keepalive_ms,1.429755
latency,4,645,http1_rust_nodelay_all_c16_keepalive_ms,1.469625
latency,4,646,http1_rust_nodelay_all_c16_keepalive_ms,1.438524
latency,4,647,http1_rust_nodelay_all_c16_keepalive_ms,1.500136
latency,4,648,http1_rust_nodelay_all_c16_keepalive_ms,1.507525
latency,4,649,http1_rust_nodelay_all_c16_keepalive_ms,1.463785
latency,4,650,http1_rust_nodelay_all_c16_keepalive_ms,1.385724
latency,4,651,http1_rust_nodelay_all_c16_keepalive_ms,1.117829
latency,4,652,http1_rust_nodelay_all_c16_keepalive_ms,1.092498
latency,4,653,http1_rust_nodelay_all_c16_keepalive_ms,10.092382
latency,4,654,http1_rust_nodelay_all_c16_keepalive_ms,1.095149
latency,4,655,http1_rust_nodelay_all_c16_keepalive_ms,1.432054
latency,4,656,http1_rust_nodelay_all_c16_keepalive_ms,1.062088
latency,4,657,http1_rust_nodelay_all_c16_keepalive_ms,1.076019
latency,4,658,http1_rust_nodelay_all_c16_keepalive_ms,0.794123
latency,4,659,http1_rust_nodelay_all_c16_keepalive_ms,1.383763
latency,4,660,http1_rust_nodelay_all_c16_keepalive_ms,1.073829
latency,4,661,http1_rust_nodelay_all_c16_keepalive_ms,1.518336
latency,4,662,http1_rust_nodelay_all_c16_keepalive_ms,1.473195
latency,4,663,http1_rust_nodelay_all_c16_keepalive_ms,1.459245
latency,4,664,http1_rust_nodelay_all_c16_keepalive_ms,1.445384
latency,4,665,http1_rust_nodelay_all_c16_keepalive_ms,1.520166
latency,4,666,http1_rust_nodelay_all_c16_keepalive_ms,1.428285
latency,4,667,http1_rust_nodelay_all_c16_keepalive_ms,1.453094
latency,4,668,http1_rust_nodelay_all_c16_keepalive_ms,1.474295
latency,4,669,http1_rust_nodelay_all_c16_keepalive_ms,1.154820
latency,4,670,http1_rust_nodelay_all_c16_keepalive_ms,1.104528
latency,4,671,http1_rust_nodelay_all_c16_keepalive_ms,1.107299
latency,4,672,http1_rust_nodelay_all_c16_keepalive_ms,1.462285
latency,4,673,http1_rust_nodelay_all_c16_keepalive_ms,1.433285
latency,4,674,http1_rust_nodelay_all_c16_keepalive_ms,1.458125
latency,4,675,http1_rust_nodelay_all_c16_keepalive_ms,1.087078
latency,4,676,http1_rust_nodelay_all_c16_keepalive_ms,1.116189
latency,4,677,http1_rust_nodelay_all_c16_keepalive_ms,1.421244
latency,4,678,http1_rust_nodelay_all_c16_keepalive_ms,1.447765
latency,4,679,http1_rust_nodelay_all_c16_keepalive_ms,1.063818
latency,4,680,http1_rust_nodelay_all_c16_keepalive_ms,1.094439
latency,4,681,http1_rust_nodelay_all_c16_keepalive_ms,1.418054
latency,4,682,http1_rust_nodelay_all_c16_keepalive_ms,1.483955
latency,4,683,http1_rust_nodelay_all_c16_keepalive_ms,1.510306
latency,4,684,http1_rust_nodelay_all_c16_keepalive_ms,1.304092
latency,4,685,http1_rust_nodelay_all_c16_keepalive_ms,1.020267
latency,4,686,http1_rust_nodelay_all_c16_keepalive_ms,1.359373
latency,4,687,http1_rust_nodelay_all_c16_keepalive_ms,1.325823
latency,4,688,http1_rust_nodelay_all_c16_keepalive_ms,1.034218
latency,4,689,http1_rust_nodelay_all_c16_keepalive_ms,1.380243
latency,4,690,http1_rust_nodelay_all_c16_keepalive_ms,1.038098
latency,4,691,http1_rust_nodelay_all_c16_keepalive_ms,1.090588
latency,4,692,http1_rust_nodelay_all_c16_keepalive_ms,1.427305
latency,4,693,http1_rust_nodelay_all_c16_keepalive_ms,0.795803
latency,4,694,http1_rust_nodelay_all_c16_keepalive_ms,1.093479
latency,4,695,http1_rust_nodelay_all_c16_keepalive_ms,1.448165
latency,4,696,http1_rust_nodelay_all_c16_keepalive_ms,1.406753
latency,4,697,http1_rust_nodelay_all_c16_keepalive_ms,1.098669
latency,4,698,http1_rust_nodelay_all_c16_keepalive_ms,0.984707
latency,4,699,http1_rust_nodelay_all_c16_keepalive_ms,1.867802
latency,4,700,http1_rust_nodelay_all_c16_keepalive_ms,1.159389
latency,4,701,http1_rust_nodelay_all_c16_keepalive_ms,1.323113
latency,4,702,http1_rust_nodelay_all_c16_keepalive_ms,0.945416
latency,4,703,http1_rust_nodelay_all_c16_keepalive_ms,1.744870
latency,4,704,http1_rust_nodelay_all_c16_keepalive_ms,0.871405
latency,4,705,http1_rust_nodelay_all_c16_keepalive_ms,1.114759
latency,4,706,http1_rust_nodelay_all_c16_keepalive_ms,0.892045
latency,4,707,http1_rust_nodelay_all_c16_keepalive_ms,0.863735
latency,4,708,http1_rust_nodelay_all_c16_keepalive_ms,0.870934
latency,4,709,http1_rust_nodelay_all_c16_keepalive_ms,0.872515
latency,4,710,http1_rust_nodelay_all_c16_keepalive_ms,1.167340
latency,4,711,http1_rust_nodelay_all_c16_keepalive_ms,10.714472
latency,4,712,http1_rust_nodelay_all_c16_keepalive_ms,0.402447
latency,4,713,http1_rust_nodelay_all_c16_keepalive_ms,0.396897
latency,4,714,http1_rust_nodelay_all_c16_keepalive_ms,0.293855
latency,4,715,http1_rust_nodelay_all_c16_keepalive_ms,0.403357
latency,4,716,http1_rust_nodelay_all_c16_keepalive_ms,0.399137
latency,4,717,http1_rust_nodelay_all_c16_keepalive_ms,0.406837
latency,4,718,http1_rust_nodelay_all_c16_keepalive_ms,0.405087
latency,4,719,http1_rust_nodelay_all_c16_keepalive_ms,0.389876
latency,4,800,http1_rust_nodelay_all_c16_keepalive_ms,1.486765
latency,4,801,http1_rust_nodelay_all_c16_keepalive_ms,1.576786
latency,4,802,http1_rust_nodelay_all_c16_keepalive_ms,1.491156
latency,4,803,http1_rust_nodelay_all_c16_keepalive_ms,1.519876
latency,4,804,http1_rust_nodelay_all_c16_keepalive_ms,1.563136
latency,4,805,http1_rust_nodelay_all_c16_keepalive_ms,1.616888
latency,4,806,http1_rust_nodelay_all_c16_keepalive_ms,1.431274
latency,4,807,http1_rust_nodelay_all_c16_keepalive_ms,1.430215
latency,4,808,http1_rust_nodelay_all_c16_keepalive_ms,1.497155
latency,4,809,http1_rust_nodelay_all_c16_keepalive_ms,1.445585
latency,4,810,http1_rust_nodelay_all_c16_keepalive_ms,1.425064
latency,4,811,http1_rust_nodelay_all_c16_keepalive_ms,1.470555
latency,4,812,http1_rust_nodelay_all_c16_keepalive_ms,1.533696
latency,4,813,http1_rust_nodelay_all_c16_keepalive_ms,1.483335
latency,4,814,http1_rust_nodelay_all_c16_keepalive_ms,1.173530
latency,4,815,http1_rust_nodelay_all_c16_keepalive_ms,1.078209
latency,4,816,http1_rust_nodelay_all_c16_keepalive_ms,1.448844
latency,4,817,http1_rust_nodelay_all_c16_keepalive_ms,1.442485
latency,4,818,http1_rust_nodelay_all_c16_keepalive_ms,1.050348
latency,4,819,http1_rust_nodelay_all_c16_keepalive_ms,1.125599
latency,4,820,http1_rust_nodelay_all_c16_keepalive_ms,1.105719
latency,4,821,http1_rust_nodelay_all_c16_keepalive_ms,9.745655
latency,4,822,http1_rust_nodelay_all_c16_keepalive_ms,1.149690
latency,4,823,http1_rust_nodelay_all_c16_keepalive_ms,1.147880
latency,4,824,http1_rust_nodelay_all_c16_keepalive_ms,13.032821
latency,4,825,http1_rust_nodelay_all_c16_keepalive_ms,1.481196
latency,4,826,http1_rust_nodelay_all_c16_keepalive_ms,1.088308
latency,4,827,http1_rust_nodelay_all_c16_keepalive_ms,1.134390
latency,4,828,http1_rust_nodelay_all_c16_keepalive_ms,1.401113
latency,4,829,http1_rust_nodelay_all_c16_keepalive_ms,1.157130
latency,4,830,http1_rust_nodelay_all_c16_keepalive_ms,1.062928
latency,4,831,http1_rust_nodelay_all_c16_keepalive_ms,1.068508
latency,4,832,http1_rust_nodelay_all_c16_keepalive_ms,1.513666
latency,4,833,http1_rust_nodelay_all_c16_keepalive_ms,1.486966
latency,4,834,http1_rust_nodelay_all_c16_keepalive_ms,1.467844
latency,4,835,http1_rust_nodelay_all_c16_keepalive_ms,1.504756
latency,4,836,http1_rust_nodelay_all_c16_keepalive_ms,1.092468
latency,4,837,http1_rust_nodelay_all_c16_keepalive_ms,1.080479
latency,4,838,http1_rust_nodelay_all_c16_keepalive_ms,1.099869
latency,4,839,http1_rust_nodelay_all_c16_keepalive_ms,1.423014
latency,4,840,http1_rust_nodelay_all_c16_keepalive_ms,1.400944
latency,4,841,http1_rust_nodelay_all_c16_keepalive_ms,1.456915
latency,4,842,http1_rust_nodelay_all_c16_keepalive_ms,1.455024
latency,4,843,http1_rust_nodelay_all_c16_keepalive_ms,1.449685
latency,4,844,http1_rust_nodelay_all_c16_keepalive_ms,1.437755
latency,4,845,http1_rust_nodelay_all_c16_keepalive_ms,1.077568
latency,4,846,http1_rust_nodelay_all_c16_keepalive_ms,1.127369
latency,4,847,http1_rust_nodelay_all_c16_keepalive_ms,1.118259
latency,4,848,http1_rust_nodelay_all_c16_keepalive_ms,1.007317
latency,4,849,http1_rust_nodelay_all_c16_keepalive_ms,1.303672
latency,4,850,http1_rust_nodelay_all_c16_keepalive_ms,1.266682
latency,4,851,http1_rust_nodelay_all_c16_keepalive_ms,1.325622
latency,4,852,http1_rust_nodelay_all_c16_keepalive_ms,1.060199
latency,4,853,http1_rust_nodelay_all_c16_keepalive_ms,1.353333
latency,4,854,http1_rust_nodelay_all_c16_keepalive_ms,1.059768
latency,4,855,http1_rust_nodelay_all_c16_keepalive_ms,9.602893
latency,4,856,http1_rust_nodelay_all_c16_keepalive_ms,1.553536
latency,4,857,http1_rust_nodelay_all_c16_keepalive_ms,1.838292
latency,4,858,http1_rust_nodelay_all_c16_keepalive_ms,1.329372
latency,4,859,http1_rust_nodelay_all_c16_keepalive_ms,0.938856
latency,4,860,http1_rust_nodelay_all_c16_keepalive_ms,1.681829
latency,4,861,http1_rust_nodelay_all_c16_keepalive_ms,1.107619
latency,4,862,http1_rust_nodelay_all_c16_keepalive_ms,0.876095
latency,4,863,http1_rust_nodelay_all_c16_keepalive_ms,0.896155
latency,4,864,http1_rust_nodelay_all_c16_keepalive_ms,1.143650
latency,4,865,http1_rust_nodelay_all_c16_keepalive_ms,0.878885
latency,4,866,http1_rust_nodelay_all_c16_keepalive_ms,0.891165
latency,4,867,http1_rust_nodelay_all_c16_keepalive_ms,1.176409
latency,4,868,http1_rust_nodelay_all_c16_keepalive_ms,1.075589
latency,4,869,http1_rust_nodelay_all_c16_keepalive_ms,0.784933
latency,4,870,http1_rust_nodelay_all_c16_keepalive_ms,8.459904
latency,4,871,http1_rust_nodelay_all_c16_keepalive_ms,0.409227
latency,4,872,http1_rust_nodelay_all_c16_keepalive_ms,0.398217
latency,4,873,http1_rust_nodelay_all_c16_keepalive_ms,0.426077
latency,4,874,http1_rust_nodelay_all_c16_keepalive_ms,0.402867
latency,4,875,http1_rust_nodelay_all_c16_keepalive_ms,0.398847
latency,4,876,http1_rust_nodelay_all_c16_keepalive_ms,0.433797
latency,4,877,http1_rust_nodelay_all_c16_keepalive_ms,0.406687
latency,4,878,http1_rust_nodelay_all_c16_keepalive_ms,0.454518
latency,4,879,http1_rust_nodelay_all_c16_keepalive_ms,0.219904
latency,4,240,http1_rust_nodelay_all_c16_keepalive_ms,1.515135
latency,4,241,http1_rust_nodelay_all_c16_keepalive_ms,1.555837
latency,4,242,http1_rust_nodelay_all_c16_keepalive_ms,1.149919
latency,4,243,http1_rust_nodelay_all_c16_keepalive_ms,13.522870
latency,4,244,http1_rust_nodelay_all_c16_keepalive_ms,1.479576
latency,4,245,http1_rust_nodelay_all_c16_keepalive_ms,1.083878
latency,4,246,http1_rust_nodelay_all_c16_keepalive_ms,1.201861
latency,4,247,http1_rust_nodelay_all_c16_keepalive_ms,1.454634
latency,4,248,http1_rust_nodelay_all_c16_keepalive_ms,1.431045
latency,4,249,http1_rust_nodelay_all_c16_keepalive_ms,1.092978
latency,4,250,http1_rust_nodelay_all_c16_keepalive_ms,1.099959
latency,4,251,http1_rust_nodelay_all_c16_keepalive_ms,1.493146
latency,4,252,http1_rust_nodelay_all_c16_keepalive_ms,1.446594
latency,4,253,http1_rust_nodelay_all_c16_keepalive_ms,1.501596
latency,4,254,http1_rust_nodelay_all_c16_keepalive_ms,1.452035
latency,4,255,http1_rust_nodelay_all_c16_keepalive_ms,1.365042
latency,4,256,http1_rust_nodelay_all_c16_keepalive_ms,1.453735
latency,4,257,http1_rust_nodelay_all_c16_keepalive_ms,1.045288
latency,4,258,http1_rust_nodelay_all_c16_keepalive_ms,1.411144
latency,4,259,http1_rust_nodelay_all_c16_keepalive_ms,1.529276
latency,4,260,http1_rust_nodelay_all_c16_keepalive_ms,1.516866
latency,4,261,http1_rust_nodelay_all_c16_keepalive_ms,1.487605
latency,4,262,http1_rust_nodelay_all_c16_keepalive_ms,1.442875
latency,4,263,http1_rust_nodelay_all_c16_keepalive_ms,7.416016
latency,4,264,http1_rust_nodelay_all_c16_keepalive_ms,1.408814
latency,4,265,http1_rust_nodelay_all_c16_keepalive_ms,1.426604
latency,4,266,http1_rust_nodelay_all_c16_keepalive_ms,1.112199
latency,4,267,http1_rust_nodelay_all_c16_keepalive_ms,1.146010
latency,4,268,http1_rust_nodelay_all_c16_keepalive_ms,1.086638
latency,4,269,http1_rust_nodelay_all_c16_keepalive_ms,1.439935
latency,4,270,http1_rust_nodelay_all_c16_keepalive_ms,1.026937
latency,4,271,http1_rust_nodelay_all_c16_keepalive_ms,9.647304
latency,4,272,http1_rust_nodelay_all_c16_keepalive_ms,1.450355
latency,4,273,http1_rust_nodelay_all_c16_keepalive_ms,1.450705
latency,4,274,http1_rust_nodelay_all_c16_keepalive_ms,1.440854
latency,4,275,http1_rust_nodelay_all_c16_keepalive_ms,1.455185
latency,4,276,http1_rust_nodelay_all_c16_keepalive_ms,1.419874
latency,4,277,http1_rust_nodelay_all_c16_keepalive_ms,10.461208
latency,4,278,http1_rust_nodelay_all_c16_keepalive_ms,1.339263
latency,4,279,http1_rust_nodelay_all_c16_keepalive_ms,1.316283
latency,4,280,http1_rust_nodelay_all_c16_keepalive_ms,1.384833
latency,4,281,http1_rust_nodelay_all_c16_keepalive_ms,1.052828
latency,4,282,http1_rust_nodelay_all_c16_keepalive_ms,1.434295
latency,4,283,http1_rust_nodelay_all_c16_keepalive_ms,1.078038
latency,4,284,http1_rust_nodelay_all_c16_keepalive_ms,1.060848
latency,4,285,http1_rust_nodelay_all_c16_keepalive_ms,1.464005
latency,4,286,http1_rust_nodelay_all_c16_keepalive_ms,1.435024
latency,4,287,http1_rust_nodelay_all_c16_keepalive_ms,1.097569
latency,4,288,http1_rust_nodelay_all_c16_keepalive_ms,1.411694
latency,4,289,http1_rust_nodelay_all_c16_keepalive_ms,1.714279
latency,4,290,http1_rust_nodelay_all_c16_keepalive_ms,1.900372
latency,4,291,http1_rust_nodelay_all_c16_keepalive_ms,1.371164
latency,4,292,http1_rust_nodelay_all_c16_keepalive_ms,1.305202
latency,4,293,http1_rust_nodelay_all_c16_keepalive_ms,19.336829
latency,4,294,http1_rust_nodelay_all_c16_keepalive_ms,0.401037
latency,4,295,http1_rust_nodelay_all_c16_keepalive_ms,0.396417
latency,4,296,http1_rust_nodelay_all_c16_keepalive_ms,0.428137
latency,4,297,http1_rust_nodelay_all_c16_keepalive_ms,0.401297
latency,4,298,http1_rust_nodelay_all_c16_keepalive_ms,0.411547
latency,4,299,http1_rust_nodelay_all_c16_keepalive_ms,0.420647
latency,4,300,http1_rust_nodelay_all_c16_keepalive_ms,0.408457
latency,4,301,http1_rust_nodelay_all_c16_keepalive_ms,0.361786
latency,4,302,http1_rust_nodelay_all_c16_keepalive_ms,0.217934
latency,4,303,http1_rust_nodelay_all_c16_keepalive_ms,0.136972
latency,4,304,http1_rust_nodelay_all_c16_keepalive_ms,0.107332
latency,4,305,http1_rust_nodelay_all_c16_keepalive_ms,0.106572
latency,4,306,http1_rust_nodelay_all_c16_keepalive_ms,0.106332
latency,4,307,http1_rust_nodelay_all_c16_keepalive_ms,0.113372
latency,4,308,http1_rust_nodelay_all_c16_keepalive_ms,0.106871
latency,4,309,http1_rust_nodelay_all_c16_keepalive_ms,0.105302
latency,4,310,http1_rust_nodelay_all_c16_keepalive_ms,0.107232
latency,4,311,http1_rust_nodelay_all_c16_keepalive_ms,0.105812
latency,4,312,http1_rust_nodelay_all_c16_keepalive_ms,0.105791
latency,4,313,http1_rust_nodelay_all_c16_keepalive_ms,0.105712
latency,4,314,http1_rust_nodelay_all_c16_keepalive_ms,0.106582
latency,4,315,http1_rust_nodelay_all_c16_keepalive_ms,0.105022
latency,4,316,http1_rust_nodelay_all_c16_keepalive_ms,0.114452
latency,4,317,http1_rust_nodelay_all_c16_keepalive_ms,0.108252
latency,4,318,http1_rust_nodelay_all_c16_keepalive_ms,0.105791
latency,4,319,http1_rust_nodelay_all_c16_keepalive_ms,0.109322
latency,4,1200,http1_rust_nodelay_all_c16_keepalive_ms,6.182795
latency,4,1201,http1_rust_nodelay_all_c16_keepalive_ms,1.522756
latency,4,1202,http1_rust_nodelay_all_c16_keepalive_ms,1.521206
latency,4,1203,http1_rust_nodelay_all_c16_keepalive_ms,1.075768
latency,4,1204,http1_rust_nodelay_all_c16_keepalive_ms,1.098829
latency,4,1205,http1_rust_nodelay_all_c16_keepalive_ms,1.450884
latency,4,1206,http1_rust_nodelay_all_c16_keepalive_ms,1.107039
latency,4,1207,http1_rust_nodelay_all_c16_keepalive_ms,1.097469
latency,4,1208,http1_rust_nodelay_all_c16_keepalive_ms,1.428564
latency,4,1209,http1_rust_nodelay_all_c16_keepalive_ms,1.465655
latency,4,1210,http1_rust_nodelay_all_c16_keepalive_ms,1.535946
latency,4,1211,http1_rust_nodelay_all_c16_keepalive_ms,1.482655
latency,4,1212,http1_rust_nodelay_all_c16_keepalive_ms,1.483586
latency,4,1213,http1_rust_nodelay_all_c16_keepalive_ms,1.436454
latency,4,1214,http1_rust_nodelay_all_c16_keepalive_ms,1.138460
latency,4,1215,http1_rust_nodelay_all_c16_keepalive_ms,1.456834
latency,4,1216,http1_rust_nodelay_all_c16_keepalive_ms,10.391757
latency,4,1217,http1_rust_nodelay_all_c16_keepalive_ms,1.407834
latency,4,1218,http1_rust_nodelay_all_c16_keepalive_ms,0.963187
latency,4,1219,http1_rust_nodelay_all_c16_keepalive_ms,1.472805
latency,4,1220,http1_rust_nodelay_all_c16_keepalive_ms,1.134269
latency,4,1221,http1_rust_nodelay_all_c16_keepalive_ms,1.451305
latency,4,1222,http1_rust_nodelay_all_c16_keepalive_ms,1.429674
latency,4,1223,http1_rust_nodelay_all_c16_keepalive_ms,1.444945
latency,4,1224,http1_rust_nodelay_all_c16_keepalive_ms,1.082438
latency,4,1225,http1_rust_nodelay_all_c16_keepalive_ms,1.106479
latency,4,1226,http1_rust_nodelay_all_c16_keepalive_ms,1.436454
latency,4,1227,http1_rust_nodelay_all_c16_keepalive_ms,1.423544
latency,4,1228,http1_rust_nodelay_all_c16_keepalive_ms,1.095979
latency,4,1229,http1_rust_nodelay_all_c16_keepalive_ms,1.383434
latency,4,1230,http1_rust_nodelay_all_c16_keepalive_ms,1.143719
latency,4,1231,http1_rust_nodelay_all_c16_keepalive_ms,1.105999
latency,4,1232,http1_rust_nodelay_all_c16_keepalive_ms,1.087908
latency,4,1233,http1_rust_nodelay_all_c16_keepalive_ms,1.431015
latency,4,1234,http1_rust_nodelay_all_c16_keepalive_ms,1.104949
latency,4,1235,http1_rust_nodelay_all_c16_keepalive_ms,1.155179
latency,4,1236,http1_rust_nodelay_all_c16_keepalive_ms,1.063929
latency,4,1237,http1_rust_nodelay_all_c16_keepalive_ms,1.067688
latency,4,1238,http1_rust_nodelay_all_c16_keepalive_ms,1.512446
latency,4,1239,http1_rust_nodelay_all_c16_keepalive_ms,1.489825
latency,4,1240,http1_rust_nodelay_all_c16_keepalive_ms,1.468005
latency,4,1241,http1_rust_nodelay_all_c16_keepalive_ms,10.471028
latency,4,1242,http1_rust_nodelay_all_c16_keepalive_ms,1.452405
latency,4,1243,http1_rust_nodelay_all_c16_keepalive_ms,1.437314
latency,4,1244,http1_rust_nodelay_all_c16_keepalive_ms,1.440875
latency,4,1245,http1_rust_nodelay_all_c16_keepalive_ms,1.112488
latency,4,1246,http1_rust_nodelay_all_c16_keepalive_ms,1.429965
latency,4,1247,http1_rust_nodelay_all_c16_keepalive_ms,1.327082
latency,4,1248,http1_rust_nodelay_all_c16_keepalive_ms,1.190451
latency,4,1249,http1_rust_nodelay_all_c16_keepalive_ms,1.339462
latency,4,1250,http1_rust_nodelay_all_c16_keepalive_ms,1.317503
latency,4,1251,http1_rust_nodelay_all_c16_keepalive_ms,1.038898
latency,4,1252,http1_rust_nodelay_all_c16_keepalive_ms,1.070408
latency,4,1253,http1_rust_nodelay_all_c16_keepalive_ms,1.352553
latency,4,1254,http1_rust_nodelay_all_c16_keepalive_ms,1.443325
latency,4,1255,http1_rust_nodelay_all_c16_keepalive_ms,1.528996
latency,4,1256,http1_rust_nodelay_all_c16_keepalive_ms,1.097218
latency,4,1257,http1_rust_nodelay_all_c16_keepalive_ms,1.065869
latency,4,1258,http1_rust_nodelay_all_c16_keepalive_ms,1.465454
latency,4,1259,http1_rust_nodelay_all_c16_keepalive_ms,1.411074
latency,4,1260,http1_rust_nodelay_all_c16_keepalive_ms,1.329603
latency,4,1261,http1_rust_nodelay_all_c16_keepalive_ms,1.466905
latency,4,1262,http1_rust_nodelay_all_c16_keepalive_ms,1.214030
latency,4,1263,http1_rust_nodelay_all_c16_keepalive_ms,1.009278
latency,4,1264,http1_rust_nodelay_all_c16_keepalive_ms,1.260411
latency,4,1265,http1_rust_nodelay_all_c16_keepalive_ms,1.063808
latency,4,1266,http1_rust_nodelay_all_c16_keepalive_ms,1.683759
latency,4,1267,http1_rust_nodelay_all_c16_keepalive_ms,0.897005
latency,4,1268,http1_rust_nodelay_all_c16_keepalive_ms,1.109339
latency,4,1269,http1_rust_nodelay_all_c16_keepalive_ms,0.601230
latency,4,1270,http1_rust_nodelay_all_c16_keepalive_ms,1.133690
latency,4,1271,http1_rust_nodelay_all_c16_keepalive_ms,0.872245
latency,4,1272,http1_rust_nodelay_all_c16_keepalive_ms,1.235310
latency,4,1273,http1_rust_nodelay_all_c16_keepalive_ms,0.811804
latency,4,1274,http1_rust_nodelay_all_c16_keepalive_ms,0.768973
latency,4,1275,http1_rust_nodelay_all_c16_keepalive_ms,1.086209
latency,4,1276,http1_rust_nodelay_all_c16_keepalive_ms,0.729062
latency,4,1277,http1_rust_nodelay_all_c16_keepalive_ms,0.868055
latency,4,1278,http1_rust_nodelay_all_c16_keepalive_ms,4.446366
latency,4,1279,http1_rust_nodelay_all_c16_keepalive_ms,8.352352
latency,4,0,http1_rust_nodelay_all_c16_keepalive_ms,1.456985
latency,4,1,http1_rust_nodelay_all_c16_keepalive_ms,1.577127
latency,4,2,http1_rust_nodelay_all_c16_keepalive_ms,1.490765
latency,4,3,http1_rust_nodelay_all_c16_keepalive_ms,1.518506
latency,4,4,http1_rust_nodelay_all_c16_keepalive_ms,1.563547
latency,4,5,http1_rust_nodelay_all_c16_keepalive_ms,7.552758
latency,4,6,http1_rust_nodelay_all_c16_keepalive_ms,1.420025
latency,4,7,http1_rust_nodelay_all_c16_keepalive_ms,1.470204
latency,4,8,http1_rust_nodelay_all_c16_keepalive_ms,1.532186
latency,4,9,http1_rust_nodelay_all_c16_keepalive_ms,1.460095
latency,4,10,http1_rust_nodelay_all_c16_keepalive_ms,1.172100
latency,4,11,http1_rust_nodelay_all_c16_keepalive_ms,1.077829
latency,4,12,http1_rust_nodelay_all_c16_keepalive_ms,1.449794
latency,4,13,http1_rust_nodelay_all_c16_keepalive_ms,1.099359
latency,4,14,http1_rust_nodelay_all_c16_keepalive_ms,1.083188
latency,4,15,http1_rust_nodelay_all_c16_keepalive_ms,1.460375
latency,4,16,http1_rust_nodelay_all_c16_keepalive_ms,1.514016
latency,4,17,http1_rust_nodelay_all_c16_keepalive_ms,1.462335
latency,4,18,http1_rust_nodelay_all_c16_keepalive_ms,1.454535
latency,4,19,http1_rust_nodelay_all_c16_keepalive_ms,1.460434
latency,4,20,http1_rust_nodelay_all_c16_keepalive_ms,1.427775
latency,4,21,http1_rust_nodelay_all_c16_keepalive_ms,1.093198
latency,4,22,http1_rust_nodelay_all_c16_keepalive_ms,1.409384
latency,4,23,http1_rust_nodelay_all_c16_keepalive_ms,1.495916
latency,4,24,http1_rust_nodelay_all_c16_keepalive_ms,1.517736
latency,4,25,http1_rust_nodelay_all_c16_keepalive_ms,1.354153
latency,4,26,http1_rust_nodelay_all_c16_keepalive_ms,1.428914
latency,4,27,http1_rust_nodelay_all_c16_keepalive_ms,1.416404
latency,4,28,http1_rust_nodelay_all_c16_keepalive_ms,1.431015
latency,4,29,http1_rust_nodelay_all_c16_keepalive_ms,1.464705
latency,4,30,http1_rust_nodelay_all_c16_keepalive_ms,1.430904
latency,4,31,http1_rust_nodelay_all_c16_keepalive_ms,1.490585
latency,4,32,http1_rust_nodelay_all_c16_keepalive_ms,1.096579
latency,4,33,http1_rust_nodelay_all_c16_keepalive_ms,1.073808
latency,4,34,http1_rust_nodelay_all_c16_keepalive_ms,10.180594
latency,4,35,http1_rust_nodelay_all_c16_keepalive_ms,1.473425
latency,4,36,http1_rust_nodelay_all_c16_keepalive_ms,10.429817
latency,4,37,http1_rust_nodelay_all_c16_keepalive_ms,1.457125
latency,4,38,http1_rust_nodelay_all_c16_keepalive_ms,1.126049
latency,4,39,http1_rust_nodelay_all_c16_keepalive_ms,1.391994
latency,4,40,http1_rust_nodelay_all_c16_keepalive_ms,1.086068
latency,4,41,http1_rust_nodelay_all_c16_keepalive_ms,1.441645
latency,4,42,http1_rust_nodelay_all_c16_keepalive_ms,1.490085
latency,4,43,http1_rust_nodelay_all_c16_keepalive_ms,10.423028
latency,4,44,http1_rust_nodelay_all_c16_keepalive_ms,1.441054
latency,4,45,http1_rust_nodelay_all_c16_keepalive_ms,1.458485
latency,4,46,http1_rust_nodelay_all_c16_keepalive_ms,1.439424
latency,4,47,http1_rust_nodelay_all_c16_keepalive_ms,1.440475
latency,4,48,http1_rust_nodelay_all_c16_keepalive_ms,1.445314
latency,4,49,http1_rust_nodelay_all_c16_keepalive_ms,1.620118
latency,4,50,http1_rust_nodelay_all_c16_keepalive_ms,1.909912
latency,4,51,http1_rust_nodelay_all_c16_keepalive_ms,1.017348
latency,4,52,http1_rust_nodelay_all_c16_keepalive_ms,1.324062
latency,4,53,http1_rust_nodelay_all_c16_keepalive_ms,0.910926
latency,4,54,http1_rust_nodelay_all_c16_keepalive_ms,5.180728
latency,4,55,http1_rust_nodelay_all_c16_keepalive_ms,0.869495
latency,4,56,http1_rust_nodelay_all_c16_keepalive_ms,1.140949
latency,4,57,http1_rust_nodelay_all_c16_keepalive_ms,0.900595
latency,4,58,http1_rust_nodelay_all_c16_keepalive_ms,1.112739
latency,4,59,http1_rust_nodelay_all_c16_keepalive_ms,1.019278
latency,4,60,http1_rust_nodelay_all_c16_keepalive_ms,0.833424
latency,4,61,http1_rust_nodelay_all_c16_keepalive_ms,0.920976
latency,4,62,http1_rust_nodelay_all_c16_keepalive_ms,0.479288
latency,4,63,http1_rust_nodelay_all_c16_keepalive_ms,1.589157
latency,4,64,http1_rust_nodelay_all_c16_keepalive_ms,0.446187
latency,4,65,http1_rust_nodelay_all_c16_keepalive_ms,0.294366
latency,4,66,http1_rust_nodelay_all_c16_keepalive_ms,0.328155
latency,4,67,http1_rust_nodelay_all_c16_keepalive_ms,0.328046
latency,4,68,http1_rust_nodelay_all_c16_keepalive_ms,0.259434
latency,4,69,http1_rust_nodelay_all_c16_keepalive_ms,0.354736
latency,4,70,http1_rust_nodelay_all_c16_keepalive_ms,0.333916
latency,4,71,http1_rust_nodelay_all_c16_keepalive_ms,0.274135
latency,4,72,http1_rust_nodelay_all_c16_keepalive_ms,8.566805
latency,4,73,http1_rust_nodelay_all_c16_keepalive_ms,0.514289
latency,4,74,http1_rust_nodelay_all_c16_keepalive_ms,0.122942
latency,4,75,http1_rust_nodelay_all_c16_keepalive_ms,0.109802
latency,4,76,http1_rust_nodelay_all_c16_keepalive_ms,0.106632
latency,4,77,http1_rust_nodelay_all_c16_keepalive_ms,0.107732
latency,4,78,http1_rust_nodelay_all_c16_keepalive_ms,0.109431
latency,4,79,http1_rust_nodelay_all_c16_keepalive_ms,0.105272
latency,4,720,http1_rust_nodelay_all_c16_keepalive_ms,1.361933
latency,4,721,http1_rust_nodelay_all_c16_keepalive_ms,1.111339
latency,4,722,http1_rust_nodelay_all_c16_keepalive_ms,1.216570
latency,4,723,http1_rust_nodelay_all_c16_keepalive_ms,1.516346
latency,4,724,http1_rust_nodelay_all_c16_keepalive_ms,1.521506
latency,4,725,http1_rust_nodelay_all_c16_keepalive_ms,1.234171
latency,4,726,http1_rust_nodelay_all_c16_keepalive_ms,1.509536
latency,4,727,http1_rust_nodelay_all_c16_keepalive_ms,1.437444
latency,4,728,http1_rust_nodelay_all_c16_keepalive_ms,1.431065
latency,4,729,http1_rust_nodelay_all_c16_keepalive_ms,1.083298
latency,4,730,http1_rust_nodelay_all_c16_keepalive_ms,1.496126
latency,4,731,http1_rust_nodelay_all_c16_keepalive_ms,1.065238
latency,4,732,http1_rust_nodelay_all_c16_keepalive_ms,1.429714
latency,4,733,http1_rust_nodelay_all_c16_keepalive_ms,1.159100
latency,4,734,http1_rust_nodelay_all_c16_keepalive_ms,1.142489
latency,4,735,http1_rust_nodelay_all_c16_keepalive_ms,1.141920
latency,4,736,http1_rust_nodelay_all_c16_keepalive_ms,1.506375
latency,4,737,http1_rust_nodelay_all_c16_keepalive_ms,1.419444
latency,4,738,http1_rust_nodelay_all_c16_keepalive_ms,10.470099
latency,4,739,http1_rust_nodelay_all_c16_keepalive_ms,1.427974
latency,4,740,http1_rust_nodelay_all_c16_keepalive_ms,1.342073
latency,4,741,http1_rust_nodelay_all_c16_keepalive_ms,1.078358
latency,4,742,http1_rust_nodelay_all_c16_keepalive_ms,10.056412
latency,4,743,http1_rust_nodelay_all_c16_keepalive_ms,1.072688
latency,4,744,http1_rust_nodelay_all_c16_keepalive_ms,1.086238
latency,4,745,http1_rust_nodelay_all_c16_keepalive_ms,1.409224
latency,4,746,http1_rust_nodelay_all_c16_keepalive_ms,1.450745
latency,4,747,http1_rust_nodelay_all_c16_keepalive_ms,1.478525
latency,4,748,http1_rust_nodelay_all_c16_keepalive_ms,1.498845
latency,4,749,http1_rust_nodelay_all_c16_keepalive_ms,1.474876
latency,4,750,http1_rust_nodelay_all_c16_keepalive_ms,1.447014
latency,4,751,http1_rust_nodelay_all_c16_keepalive_ms,1.524176
latency,4,752,http1_rust_nodelay_all_c16_keepalive_ms,1.424905
latency,4,753,http1_rust_nodelay_all_c16_keepalive_ms,1.446034
latency,4,754,http1_rust_nodelay_all_c16_keepalive_ms,9.056384
latency,4,755,http1_rust_nodelay_all_c16_keepalive_ms,1.443725
latency,4,756,http1_rust_nodelay_all_c16_keepalive_ms,1.427134
latency,4,757,http1_rust_nodelay_all_c16_keepalive_ms,1.091509
latency,4,758,http1_rust_nodelay_all_c16_keepalive_ms,1.056898
latency,4,759,http1_rust_nodelay_all_c16_keepalive_ms,1.424594
latency,4,760,http1_rust_nodelay_all_c16_keepalive_ms,1.464975
latency,4,761,http1_rust_nodelay_all_c16_keepalive_ms,10.394497
latency,4,762,http1_rust_nodelay_all_c16_keepalive_ms,1.412304
latency,4,763,http1_rust_nodelay_all_c16_keepalive_ms,1.326312
latency,4,764,http1_rust_nodelay_all_c16_keepalive_ms,1.437185
latency,4,765,http1_rust_nodelay_all_c16_keepalive_ms,1.513716
latency,4,766,http1_rust_nodelay_all_c16_keepalive_ms,1.443784
latency,4,767,http1_rust_nodelay_all_c16_keepalive_ms,1.333263
latency,4,768,http1_rust_nodelay_all_c16_keepalive_ms,1.428474
latency,4,769,http1_rust_nodelay_all_c16_keepalive_ms,1.412734
latency,4,770,http1_rust_nodelay_all_c16_keepalive_ms,1.529216
latency,4,771,http1_rust_nodelay_all_c16_keepalive_ms,1.837261
latency,4,772,http1_rust_nodelay_all_c16_keepalive_ms,1.311433
latency,4,773,http1_rust_nodelay_all_c16_keepalive_ms,0.939226
latency,4,774,http1_rust_nodelay_all_c16_keepalive_ms,1.784200
latency,4,775,http1_rust_nodelay_all_c16_keepalive_ms,1.149500
latency,4,776,http1_rust_nodelay_all_c16_keepalive_ms,1.124279
latency,4,777,http1_rust_nodelay_all_c16_keepalive_ms,1.192710
latency,4,778,http1_rust_nodelay_all_c16_keepalive_ms,1.131750
latency,4,779,http1_rust_nodelay_all_c16_keepalive_ms,1.163909
latency,4,780,http1_rust_nodelay_all_c16_keepalive_ms,1.125179
latency,4,781,http1_rust_nodelay_all_c16_keepalive_ms,10.375497
latency,4,782,http1_rust_nodelay_all_c16_keepalive_ms,0.403467
latency,4,783,http1_rust_nodelay_all_c16_keepalive_ms,0.397017
latency,4,784,http1_rust_nodelay_all_c16_keepalive_ms,0.426637
latency,4,785,http1_rust_nodelay_all_c16_keepalive_ms,0.402407
latency,4,786,http1_rust_nodelay_all_c16_keepalive_ms,0.407247
latency,4,787,http1_rust_nodelay_all_c16_keepalive_ms,0.427547
latency,4,788,http1_rust_nodelay_all_c16_keepalive_ms,0.410007
latency,4,789,http1_rust_nodelay_all_c16_keepalive_ms,5.127927
latency,4,790,http1_rust_nodelay_all_c16_keepalive_ms,0.113342
latency,4,791,http1_rust_nodelay_all_c16_keepalive_ms,0.107322
latency,4,792,http1_rust_nodelay_all_c16_keepalive_ms,0.106222
latency,4,793,http1_rust_nodelay_all_c16_keepalive_ms,0.107271
latency,4,794,http1_rust_nodelay_all_c16_keepalive_ms,0.106002
latency,4,795,http1_rust_nodelay_all_c16_keepalive_ms,0.105722
latency,4,796,http1_rust_nodelay_all_c16_keepalive_ms,0.106002
latency,4,797,http1_rust_nodelay_all_c16_keepalive_ms,0.106932
latency,4,798,http1_rust_nodelay_all_c16_keepalive_ms,0.105011
latency,4,799,http1_rust_nodelay_all_c16_keepalive_ms,0.113492
trial,4,1280,http1_rust_nodelay_all_c16_median_ms,1.400484
trial,4,1280,http1_rust_nodelay_all_c16_p95_ms,1.620118
trial,4,1280,http1_rust_nodelay_all_c16_requests_per_second,9396.552
trial,4,1280,http1_rust_nodelay_all_c16_wall_ms,136.220
summary,0,6400,http1_rust_nodelay_all_c16_keepalive_ms_median,1.365042
summary,0,6400,http1_rust_nodelay_all_c16_keepalive_ms_p95,1.765340
meta,0,10080,origin_requests_expected,10080
meta,0,10080,origin_requests_seen,10080
meta,0,10080,credentialed_origin_requests_seen,10080
