kind,trial,index,metric,value
meta,0,0,backend,rama
meta,0,0,profile,release
meta,0,0,rustc,rustc 1.98.1 (48a229cea 2026-09-01)
meta,0,0,origin,python
meta,0,0,cpu_affinity,0
meta,0,0,tcp_nodelay,off
meta,0,0,concurrency_levels,1;4;16
latency,0,0,http1_python_nodelay_off_c1_keepalive_ms,40.971757
latency,0,1,http1_python_nodelay_off_c1_keepalive_ms,40.981187
latency,0,2,http1_python_nodelay_off_c1_keepalive_ms,41.000187
latency,0,3,http1_python_nodelay_off_c1_keepalive_ms,41.003418
latency,0,4,http1_python_nodelay_off_c1_keepalive_ms,40.994647
latency,0,5,http1_python_nodelay_off_c1_keepalive_ms,41.010598
latency,0,6,http1_python_nodelay_off_c1_keepalive_ms,41.958514
latency,0,7,http1_python_nodelay_off_c1_keepalive_ms,42.993961
latency,0,8,http1_python_nodelay_off_c1_keepalive_ms,42.004965
latency,0,9,http1_python_nodelay_off_c1_keepalive_ms,42.035005
latency,0,10,http1_python_nodelay_off_c1_keepalive_ms,41.967264
latency,0,11,http1_python_nodelay_off_c1_keepalive_ms,42.004054
latency,0,12,http1_python_nodelay_off_c1_keepalive_ms,41.993745
latency,0,13,http1_python_nodelay_off_c1_keepalive_ms,42.021815
latency,0,14,http1_python_nodelay_off_c1_keepalive_ms,41.006557
latency,0,15,http1_python_nodelay_off_c1_keepalive_ms,41.012378
latency,0,16,http1_python_nodelay_off_c1_keepalive_ms,41.003547
latency,0,17,http1_python_nodelay_off_c1_keepalive_ms,40.981688
latency,0,18,http1_python_nodelay_off_c1_keepalive_ms,41.006527
latency,0,19,http1_python_nodelay_off_c1_keepalive_ms,41.000568
latency,0,20,http1_python_nodelay_off_c1_keepalive_ms,41.998404
latency,0,21,http1_python_nodelay_off_c1_keepalive_ms,41.000468
latency,0,22,http1_python_nodelay_off_c1_keepalive_ms,41.003037
latency,0,23,http1_python_nodelay_off_c1_keepalive_ms,41.001498
latency,0,24,http1_python_nodelay_off_c1_keepalive_ms,40.981917
latency,0,25,http1_python_nodelay_off_c1_keepalive_ms,41.021148
latency,0,26,http1_python_nodelay_off_c1_keepalive_ms,40.989357
latency,0,27,http1_python_nodelay_off_c1_keepalive_ms,40.979337
latency,0,28,http1_python_nodelay_off_c1_keepalive_ms,41.030808
latency,0,29,http1_python_nodelay_off_c1_keepalive_ms,40.997627
latency,0,30,http1_python_nodelay_off_c1_keepalive_ms,40.982868
latency,0,31,http1_python_nodelay_off_c1_keepalive_ms,41.016077
latency,0,32,http1_python_nodelay_off_c1_keepalive_ms,40.996958
latency,0,33,http1_python_nodelay_off_c1_keepalive_ms,41.040378
latency,0,34,http1_python_nodelay_off_c1_keepalive_ms,40.973947
latency,0,35,http1_python_nodelay_off_c1_keepalive_ms,41.901413
latency,0,36,http1_python_nodelay_off_c1_keepalive_ms,42.077206
latency,0,37,http1_python_nodelay_off_c1_keepalive_ms,41.002087
latency,0,38,http1_python_nodelay_off_c1_keepalive_ms,41.007118
latency,0,39,http1_python_nodelay_off_c1_keepalive_ms,40.997687
latency,0,40,http1_python_nodelay_off_c1_keepalive_ms,41.003498
latency,0,41,http1_python_nodelay_off_c1_keepalive_ms,40.994117
latency,0,42,http1_python_nodelay_off_c1_keepalive_ms,41.002618
latency,0,43,http1_python_nodelay_off_c1_keepalive_ms,41.004497
latency,0,44,http1_python_nodelay_off_c1_keepalive_ms,41.004397
latency,0,45,http1_python_nodelay_off_c1_keepalive_ms,40.990578
latency,0,46,http1_python_nodelay_off_c1_keepalive_ms,41.004818
latency,0,47,http1_python_nodelay_off_c1_keepalive_ms,40.968367
latency,0,48,http1_python_nodelay_off_c1_keepalive_ms,41.029087
latency,0,49,http1_python_nodelay_off_c1_keepalive_ms,41.014458
latency,0,50,http1_python_nodelay_off_c1_keepalive_ms,40.955567
latency,0,51,http1_python_nodelay_off_c1_keepalive_ms,41.030148
latency,0,52,http1_python_nodelay_off_c1_keepalive_ms,40.995737
latency,0,53,http1_python_nodelay_off_c1_keepalive_ms,41.049199
latency,0,54,http1_python_nodelay_off_c1_keepalive_ms,40.962136
latency,0,55,http1_python_nodelay_off_c1_keepalive_ms,40.982358
latency,0,56,http1_python_nodelay_off_c1_keepalive_ms,41.019217
latency,0,57,http1_python_nodelay_off_c1_keepalive_ms,40.996838
latency,0,58,http1_python_nodelay_off_c1_keepalive_ms,40.995077
latency,0,59,http1_python_nodelay_off_c1_keepalive_ms,40.990748
latency,0,60,http1_python_nodelay_off_c1_keepalive_ms,41.008187
latency,0,61,http1_python_nodelay_off_c1_keepalive_ms,40.988197
latency,0,62,http1_python_nodelay_off_c1_keepalive_ms,41.947144
latency,0,63,http1_python_nodelay_off_c1_keepalive_ms,41.101949
latency,0,64,http1_python_nodelay_off_c1_keepalive_ms,40.963407
latency,0,65,http1_python_nodelay_off_c1_keepalive_ms,40.995648
latency,0,66,http1_python_nodelay_off_c1_keepalive_ms,41.119009
latency,0,67,http1_python_nodelay_off_c1_keepalive_ms,41.833492
latency,0,68,http1_python_nodelay_off_c1_keepalive_ms,42.093816
latency,0,69,http1_python_nodelay_off_c1_keepalive_ms,40.968227
latency,0,70,http1_python_nodelay_off_c1_keepalive_ms,41.042568
latency,0,71,http1_python_nodelay_off_c1_keepalive_ms,41.934444
latency,0,72,http1_python_nodelay_off_c1_keepalive_ms,41.923462
latency,0,73,http1_python_nodelay_off_c1_keepalive_ms,42.079526
latency,0,74,http1_python_nodelay_off_c1_keepalive_ms,41.994305
latency,0,75,http1_python_nodelay_off_c1_keepalive_ms,41.973694
latency,0,76,http1_python_nodelay_off_c1_keepalive_ms,42.051555
latency,0,77,http1_python_nodelay_off_c1_keepalive_ms,40.969957
latency,0,78,http1_python_nodelay_off_c1_keepalive_ms,42.015125
latency,0,79,http1_python_nodelay_off_c1_keepalive_ms,41.963644
trial,0,80,http1_python_nodelay_off_c1_median_ms,41.004818
trial,0,80,http1_python_nodelay_off_c1_p95_ms,42.051555
trial,0,80,http1_python_nodelay_off_c1_requests_per_second,24.218
trial,0,80,http1_python_nodelay_off_c1_wall_ms,3303.308
latency,1,0,http1_python_nodelay_off_c1_keepalive_ms,40.977217
latency,1,1,http1_python_nodelay_off_c1_keepalive_ms,40.991497
latency,1,2,http1_python_nodelay_off_c1_keepalive_ms,41.010108
latency,1,3,http1_python_nodelay_off_c1_keepalive_ms,41.045458
latency,1,4,http1_python_nodelay_off_c1_keepalive_ms,41.045679
latency,1,5,http1_python_nodelay_off_c1_keepalive_ms,41.005157
latency,1,6,http1_python_nodelay_off_c1_keepalive_ms,40.952627
latency,1,7,http1_python_nodelay_off_c1_keepalive_ms,41.040048
latency,1,8,http1_python_nodelay_off_c1_keepalive_ms,41.012408
latency,1,9,http1_python_nodelay_off_c1_keepalive_ms,41.011857
latency,1,10,http1_python_nodelay_off_c1_keepalive_ms,40.964337
latency,1,11,http1_python_nodelay_off_c1_keepalive_ms,40.998438
latency,1,12,http1_python_nodelay_off_c1_keepalive_ms,40.994037
latency,1,13,http1_python_nodelay_off_c1_keepalive_ms,41.011078
latency,1,14,http1_python_nodelay_off_c1_keepalive_ms,40.996877
latency,1,15,http1_python_nodelay_off_c1_keepalive_ms,40.993838
latency,1,16,http1_python_nodelay_off_c1_keepalive_ms,40.993657
latency,1,17,http1_python_nodelay_off_c1_keepalive_ms,41.090379
latency,1,18,http1_python_nodelay_off_c1_keepalive_ms,40.956727
latency,1,19,http1_python_nodelay_off_c1_keepalive_ms,40.956066
latency,1,20,http1_python_nodelay_off_c1_keepalive_ms,41.004428
latency,1,21,http1_python_nodelay_off_c1_keepalive_ms,41.018418
latency,1,22,http1_python_nodelay_off_c1_keepalive_ms,41.025828
latency,1,23,http1_python_nodelay_off_c1_keepalive_ms,40.959766
latency,1,24,http1_python_nodelay_off_c1_keepalive_ms,41.003248
latency,1,25,http1_python_nodelay_off_c1_keepalive_ms,40.997478
latency,1,26,http1_python_nodelay_off_c1_keepalive_ms,41.984844
latency,1,27,http1_python_nodelay_off_c1_keepalive_ms,41.020068
latency,1,28,http1_python_nodelay_off_c1_keepalive_ms,40.988287
latency,1,29,http1_python_nodelay_off_c1_keepalive_ms,40.986677
latency,1,30,http1_python_nodelay_off_c1_keepalive_ms,41.021218
latency,1,31,http1_python_nodelay_off_c1_keepalive_ms,40.987588
latency,1,32,http1_python_nodelay_off_c1_keepalive_ms,41.016477
latency,1,33,http1_python_nodelay_off_c1_keepalive_ms,40.992617
latency,1,34,http1_python_nodelay_off_c1_keepalive_ms,41.004088
latency,1,35,http1_python_nodelay_off_c1_keepalive_ms,40.994558
latency,1,36,http1_python_nodelay_off_c1_keepalive_ms,41.001397
latency,1,37,http1_python_nodelay_off_c1_keepalive_ms,41.004437
latency,1,38,http1_python_nodelay_off_c1_keepalive_ms,41.019668
latency,1,39,http1_python_nodelay_off_c1_keepalive_ms,40.969307
latency,1,40,http1_python_nodelay_off_c1_keepalive_ms,41.007988
latency,1,41,http1_python_nodelay_off_c1_keepalive_ms,40.987988
latency,1,42,http1_python_nodelay_off_c1_keepalive_ms,40.995877
latency,1,43,http1_python_nodelay_off_c1_keepalive_ms,41.023048
latency,1,44,http1_python_nodelay_off_c1_keepalive_ms,40.982537
latency,1,45,http1_python_nodelay_off_c1_keepalive_ms,42.006035
latency,1,46,http1_python_nodelay_off_c1_keepalive_ms,41.001977
latency,1,47,http1_python_nodelay_off_c1_keepalive_ms,41.014788
latency,1,48,http1_python_nodelay_off_c1_keepalive_ms,40.999877
latency,1,49,http1_python_nodelay_off_c1_keepalive_ms,40.980008
latency,1,50,http1_python_nodelay_off_c1_keepalive_ms,41.019687
latency,1,51,http1_python_nodelay_off_c1_keepalive_ms,40.995488
latency,1,52,http1_python_nodelay_off_c1_keepalive_ms,40.972327
latency,1,53,http1_python_nodelay_off_c1_keepalive_ms,41.949503
latency,1,54,http1_python_nodelay_off_c1_keepalive_ms,41.074269
latency,1,55,http1_python_nodelay_off_c1_keepalive_ms,41.998924
latency,1,56,http1_python_nodelay_off_c1_keepalive_ms,41.003448
latency,1,57,http1_python_nodelay_off_c1_keepalive_ms,40.995688
latency,1,58,http1_python_nodelay_off_c1_keepalive_ms,40.999227
latency,1,59,http1_python_nodelay_off_c1_keepalive_ms,40.968167
latency,1,60,http1_python_nodelay_off_c1_keepalive_ms,42.030905
latency,1,61,http1_python_nodelay_off_c1_keepalive_ms,40.996308
latency,1,62,http1_python_nodelay_off_c1_keepalive_ms,41.997454
latency,1,63,http1_python_nodelay_off_c1_keepalive_ms,41.973354
latency,1,64,http1_python_nodelay_off_c1_keepalive_ms,41.025418
latency,1,65,http1_python_nodelay_off_c1_keepalive_ms,40.994457
latency,1,66,http1_python_nodelay_off_c1_keepalive_ms,41.120320
latency,1,67,http1_python_nodelay_off_c1_keepalive_ms,40.910176
latency,1,68,http1_python_nodelay_off_c1_keepalive_ms,40.991738
latency,1,69,http1_python_nodelay_off_c1_keepalive_ms,40.996267
latency,1,70,http1_python_nodelay_off_c1_keepalive_ms,40.995347
latency,1,71,http1_python_nodelay_off_c1_keepalive_ms,41.008708
latency,1,72,http1_python_nodelay_off_c1_keepalive_ms,41.000887
latency,1,73,http1_python_nodelay_off_c1_keepalive_ms,40.996028
latency,1,74,http1_python_nodelay_off_c1_keepalive_ms,40.999307
latency,1,75,http1_python_nodelay_off_c1_keepalive_ms,40.990168
latency,1,76,http1_python_nodelay_off_c1_keepalive_ms,40.975227
latency,1,77,http1_python_nodelay_off_c1_keepalive_ms,42.019555
latency,1,78,http1_python_nodelay_off_c1_keepalive_ms,41.004217
latency,1,79,http1_python_nodelay_off_c1_keepalive_ms,41.948054
trial,1,80,http1_python_nodelay_off_c1_median_ms,41.000887
trial,1,80,http1_python_nodelay_off_c1_p95_ms,41.997454
trial,1,80,http1_python_nodelay_off_c1_requests_per_second,24.320
trial,1,80,http1_python_nodelay_off_c1_wall_ms,3289.453
latency,2,0,http1_python_nodelay_off_c1_keepalive_ms,40.996957
latency,2,1,http1_python_nodelay_off_c1_keepalive_ms,41.999424
latency,2,2,http1_python_nodelay_off_c1_keepalive_ms,40.974347
latency,2,3,http1_python_nodelay_off_c1_keepalive_ms,41.012618
latency,2,4,http1_python_nodelay_off_c1_keepalive_ms,41.062029
latency,2,5,http1_python_nodelay_off_c1_keepalive_ms,41.033418
latency,2,6,http1_python_nodelay_off_c1_keepalive_ms,40.999137
latency,2,7,http1_python_nodelay_off_c1_keepalive_ms,40.948997
latency,2,8,http1_python_nodelay_off_c1_keepalive_ms,41.026778
latency,2,9,http1_python_nodelay_off_c1_keepalive_ms,42.000145
latency,2,10,http1_python_nodelay_off_c1_keepalive_ms,40.989967
latency,2,11,http1_python_nodelay_off_c1_keepalive_ms,41.019917
latency,2,12,http1_python_nodelay_off_c1_keepalive_ms,40.992828
latency,2,13,http1_python_nodelay_off_c1_keepalive_ms,40.997077
latency,2,14,http1_python_nodelay_off_c1_keepalive_ms,41.006388
latency,2,15,http1_python_nodelay_off_c1_keepalive_ms,40.993598
latency,2,16,http1_python_nodelay_off_c1_keepalive_ms,41.926743
latency,2,17,http1_python_nodelay_off_c1_keepalive_ms,41.076729
latency,2,18,http1_python_nodelay_off_c1_keepalive_ms,41.066688
latency,2,19,http1_python_nodelay_off_c1_keepalive_ms,40.950577
latency,2,20,http1_python_nodelay_off_c1_keepalive_ms,40.985467
latency,2,21,http1_python_nodelay_off_c1_keepalive_ms,40.990368
latency,2,22,http1_python_nodelay_off_c1_keepalive_ms,40.998507
latency,2,23,http1_python_nodelay_off_c1_keepalive_ms,41.006388
latency,2,24,http1_python_nodelay_off_c1_keepalive_ms,41.000327
latency,2,25,http1_python_nodelay_off_c1_keepalive_ms,40.999418
latency,2,26,http1_python_nodelay_off_c1_keepalive_ms,40.986087
latency,2,27,http1_python_nodelay_off_c1_keepalive_ms,40.988367
latency,2,28,http1_python_nodelay_off_c1_keepalive_ms,41.018958
latency,2,29,http1_python_nodelay_off_c1_keepalive_ms,40.993107
latency,2,30,http1_python_nodelay_off_c1_keepalive_ms,42.019395
latency,2,31,http1_python_nodelay_off_c1_keepalive_ms,40.991248
latency,2,32,http1_python_nodelay_off_c1_keepalive_ms,41.004388
latency,2,33,http1_python_nodelay_off_c1_keepalive_ms,41.995894
latency,2,34,http1_python_nodelay_off_c1_keepalive_ms,40.977277
latency,2,35,http1_python_nodelay_off_c1_keepalive_ms,42.038975
latency,2,36,http1_python_nodelay_off_c1_keepalive_ms,40.974207
latency,2,37,http1_python_nodelay_off_c1_keepalive_ms,41.005658
latency,2,38,http1_python_nodelay_off_c1_keepalive_ms,41.034818
latency,2,39,http1_python_nodelay_off_c1_keepalive_ms,40.975717
latency,2,40,http1_python_nodelay_off_c1_keepalive_ms,40.996237
latency,2,41,http1_python_nodelay_off_c1_keepalive_ms,41.005208
latency,2,42,http1_python_nodelay_off_c1_keepalive_ms,40.990218
latency,2,43,http1_python_nodelay_off_c1_keepalive_ms,41.002827
latency,2,44,http1_python_nodelay_off_c1_keepalive_ms,40.981217
latency,2,45,http1_python_nodelay_off_c1_keepalive_ms,41.008388
latency,2,46,http1_python_nodelay_off_c1_keepalive_ms,41.004197
latency,2,47,http1_python_nodelay_off_c1_keepalive_ms,40.993838
latency,2,48,http1_python_nodelay_off_c1_keepalive_ms,41.922633
latency,2,49,http1_python_nodelay_off_c1_keepalive_ms,41.078619
latency,2,50,http1_python_nodelay_off_c1_keepalive_ms,41.996704
latency,2,51,http1_python_nodelay_off_c1_keepalive_ms,40.979928
latency,2,52,http1_python_nodelay_off_c1_keepalive_ms,41.021047
latency,2,53,http1_python_nodelay_off_c1_keepalive_ms,40.996018
latency,2,54,http1_python_nodelay_off_c1_keepalive_ms,41.047358
latency,2,55,http1_python_nodelay_off_c1_keepalive_ms,40.978908
latency,2,56,http1_python_nodelay_off_c1_keepalive_ms,41.014187
latency,2,57,http1_python_nodelay_off_c1_keepalive_ms,41.963734
latency,2,58,http1_python_nodelay_off_c1_keepalive_ms,41.012398
latency,2,59,http1_python_nodelay_off_c1_keepalive_ms,41.006808
latency,2,60,http1_python_nodelay_off_c1_keepalive_ms,40.998077
latency,2,61,http1_python_nodelay_off_c1_keepalive_ms,40.958657
latency,2,62,http1_python_nodelay_off_c1_keepalive_ms,41.030688
latency,2,63,http1_python_nodelay_off_c1_keepalive_ms,40.988907
latency,2,64,http1_python_nodelay_off_c1_keepalive_ms,42.010425
latency,2,65,http1_python_nodelay_off_c1_keepalive_ms,41.944754
latency,2,66,http1_python_nodelay_off_c1_keepalive_ms,41.152250
latency,2,67,http1_python_nodelay_off_c1_keepalive_ms,40.920706
latency,2,68,http1_python_nodelay_off_c1_keepalive_ms,40.971187
latency,2,69,http1_python_nodelay_off_c1_keepalive_ms,41.016008
latency,2,70,http1_python_nodelay_off_c1_keepalive_ms,41.912353
latency,2,71,http1_python_nodelay_off_c1_keepalive_ms,42.079296
latency,2,72,http1_python_nodelay_off_c1_keepalive_ms,41.987124
latency,2,73,http1_python_nodelay_off_c1_keepalive_ms,41.024278
latency,2,74,http1_python_nodelay_off_c1_keepalive_ms,41.987554
latency,2,75,http1_python_nodelay_off_c1_keepalive_ms,41.005118
latency,2,76,http1_python_nodelay_off_c1_keepalive_ms,41.017998
latency,2,77,http1_python_nodelay_off_c1_keepalive_ms,41.979044
latency,2,78,http1_python_nodelay_off_c1_keepalive_ms,40.996707
latency,2,79,http1_python_nodelay_off_c1_keepalive_ms,40.991727
trial,2,80,http1_python_nodelay_off_c1_median_ms,41.005208
trial,2,80,http1_python_nodelay_off_c1_p95_ms,42.000145
trial,2,80,http1_python_nodelay_off_c1_requests_per_second,24.268
trial,2,80,http1_python_nodelay_off_c1_wall_ms,3296.475
latency,3,0,http1_python_nodelay_off_c1_keepalive_ms,40.991987
latency,3,1,http1_python_nodelay_off_c1_keepalive_ms,40.985027
latency,3,2,http1_python_nodelay_off_c1_keepalive_ms,42.007535
latency,3,3,http1_python_nodelay_off_c1_keepalive_ms,41.078109
latency,3,4,http1_python_nodelay_off_c1_keepalive_ms,40.998227
latency,3,5,http1_python_nodelay_off_c1_keepalive_ms,41.003688
latency,3,6,http1_python_nodelay_off_c1_keepalive_ms,40.984727
latency,3,7,http1_python_nodelay_off_c1_keepalive_ms,41.038909
latency,3,8,http1_python_nodelay_off_c1_keepalive_ms,41.981144
latency,3,9,http1_python_nodelay_off_c1_keepalive_ms,41.997724
latency,3,10,http1_python_nodelay_off_c1_keepalive_ms,41.967674
latency,3,11,http1_python_nodelay_off_c1_keepalive_ms,41.040469
latency,3,12,http1_python_nodelay_off_c1_keepalive_ms,40.987777
latency,3,13,http1_python_nodelay_off_c1_keepalive_ms,41.013437
latency,3,14,http1_python_nodelay_off_c1_keepalive_ms,41.932994
latency,3,15,http1_python_nodelay_off_c1_keepalive_ms,41.051678
latency,3,16,http1_python_nodelay_off_c1_keepalive_ms,40.998878
latency,3,17,http1_python_nodelay_off_c1_keepalive_ms,41.009488
latency,3,18,http1_python_nodelay_off_c1_keepalive_ms,41.091599
latency,3,19,http1_python_nodelay_off_c1_keepalive_ms,40.933106
latency,3,20,http1_python_nodelay_off_c1_keepalive_ms,41.996414
latency,3,21,http1_python_nodelay_off_c1_keepalive_ms,41.005268
latency,3,22,http1_python_nodelay_off_c1_keepalive_ms,40.997538
latency,3,23,http1_python_nodelay_off_c1_keepalive_ms,40.978807
latency,3,24,http1_python_nodelay_off_c1_keepalive_ms,41.004167
latency,3,25,http1_python_nodelay_off_c1_keepalive_ms,41.025148
latency,3,26,http1_python_nodelay_off_c1_keepalive_ms,40.970108
latency,3,27,http1_python_nodelay_off_c1_keepalive_ms,41.002797
latency,3,28,http1_python_nodelay_off_c1_keepalive_ms,40.994377
latency,3,29,http1_python_nodelay_off_c1_keepalive_ms,41.016768
latency,3,30,http1_python_nodelay_off_c1_keepalive_ms,40.988967
latency,3,31,http1_python_nodelay_off_c1_keepalive_ms,42.002185
latency,3,32,http1_python_nodelay_off_c1_keepalive_ms,41.004148
latency,3,33,http1_python_nodelay_off_c1_keepalive_ms,41.004387
latency,3,34,http1_python_nodelay_off_c1_keepalive_ms,41.003438
latency,3,35,http1_python_nodelay_off_c1_keepalive_ms,40.972767
latency,3,36,http1_python_nodelay_off_c1_keepalive_ms,41.020108
latency,3,37,http1_python_nodelay_off_c1_keepalive_ms,40.993457
latency,3,38,http1_python_nodelay_off_c1_keepalive_ms,40.997478
latency,3,39,http1_python_nodelay_off_c1_keepalive_ms,41.007607
latency,3,40,http1_python_nodelay_off_c1_keepalive_ms,40.967728
latency,3,41,http1_python_nodelay_off_c1_keepalive_ms,42.020855
latency,3,42,http1_python_nodelay_off_c1_keepalive_ms,42.001114
latency,3,43,http1_python_nodelay_off_c1_keepalive_ms,42.014845
latency,3,44,http1_python_nodelay_off_c1_keepalive_ms,40.972457
latency,3,45,http1_python_nodelay_off_c1_keepalive_ms,41.952054
latency,3,46,http1_python_nodelay_off_c1_keepalive_ms,41.060128
latency,3,47,http1_python_nodelay_off_c1_keepalive_ms,41.987685
latency,3,48,http1_python_nodelay_off_c1_keepalive_ms,41.004967
latency,3,49,http1_python_nodelay_off_c1_keepalive_ms,40.998147
latency,3,50,http1_python_nodelay_off_c1_keepalive_ms,41.002608
latency,3,51,http1_python_nodelay_off_c1_keepalive_ms,40.975607
latency,3,52,http1_python_nodelay_off_c1_keepalive_ms,41.023528
latency,3,53,http1_python_nodelay_off_c1_keepalive_ms,40.995378
latency,3,54,http1_python_nodelay_off_c1_keepalive_ms,41.058318
latency,3,55,http1_python_nodelay_off_c1_keepalive_ms,40.951487
latency,3,56,http1_python_nodelay_off_c1_keepalive_ms,41.000768
latency,3,57,http1_python_nodelay_off_c1_keepalive_ms,41.995294
latency,3,58,http1_python_nodelay_off_c1_keepalive_ms,40.993057
latency,3,59,http1_python_nodelay_off_c1_keepalive_ms,41.003808
latency,3,60,http1_python_nodelay_off_c1_keepalive_ms,41.918333
latency,3,61,http1_python_nodelay_off_c1_keepalive_ms,41.117370
latency,3,62,http1_python_nodelay_off_c1_keepalive_ms,40.973517
latency,3,63,http1_python_nodelay_off_c1_keepalive_ms,42.003215
latency,3,64,http1_python_nodelay_off_c1_keepalive_ms,41.001907
latency,3,65,http1_python_nodelay_off_c1_keepalive_ms,41.001307
latency,3,66,http1_python_nodelay_off_c1_keepalive_ms,42.063636
latency,3,67,http1_python_nodelay_off_c1_keepalive_ms,41.937254
latency,3,68,http1_python_nodelay_off_c1_keepalive_ms,41.020908
latency,3,69,http1_python_nodelay_off_c1_keepalive_ms,40.979517
latency,3,70,http1_python_nodelay_off_c1_keepalive_ms,40.992997
latency,3,71,http1_python_nodelay_off_c1_keepalive_ms,40.994788
latency,3,72,http1_python_nodelay_off_c1_keepalive_ms,41.003217
latency,3,73,http1_python_nodelay_off_c1_keepalive_ms,42.002495
latency,3,74,http1_python_nodelay_off_c1_keepalive_ms,41.997534
latency,3,75,http1_python_nodelay_off_c1_keepalive_ms,41.993265
latency,3,76,http1_python_nodelay_off_c1_keepalive_ms,42.000204
latency,3,77,http1_python_nodelay_off_c1_keepalive_ms,42.009505
latency,3,78,http1_python_nodelay_off_c1_keepalive_ms,41.021428
latency,3,79,http1_python_nodelay_off_c1_keepalive_ms,40.980387
trial,3,80,http1_python_nodelay_off_c1_median_ms,41.004967
trial,3,80,http1_python_nodelay_off_c1_p95_ms,42.007535
trial,3,80,http1_python_nodelay_off_c1_requests_per_second,24.224
trial,3,80,http1_python_nodelay_off_c1_wall_ms,3302.534
latency,4,0,http1_python_nodelay_off_c1_keepalive_ms,41.037869
latency,4,1,http1_python_nodelay_off_c1_keepalive_ms,41.049138
latency,4,2,http1_python_nodelay_off_c1_keepalive_ms,41.964814
latency,4,3,http1_python_nodelay_off_c1_keepalive_ms,40.992108
latency,4,4,http1_python_nodelay_off_c1_keepalive_ms,41.017487
latency,4,5,http1_python_nodelay_off_c1_keepalive_ms,40.997258
latency,4,6,http1_python_nodelay_off_c1_keepalive_ms,41.017347
latency,4,7,http1_python_nodelay_off_c1_keepalive_ms,40.974608
latency,4,8,http1_python_nodelay_off_c1_keepalive_ms,40.981107
latency,4,9,http1_python_nodelay_off_c1_keepalive_ms,41.024838
latency,4,10,http1_python_nodelay_off_c1_keepalive_ms,40.999637
latency,4,11,http1_python_nodelay_off_c1_keepalive_ms,40.986548
latency,4,12,http1_python_nodelay_off_c1_keepalive_ms,41.005457
latency,4,13,http1_python_nodelay_off_c1_keepalive_ms,40.998248
latency,4,14,http1_python_nodelay_off_c1_keepalive_ms,42.002625
latency,4,15,http1_python_nodelay_off_c1_keepalive_ms,40.993647
latency,4,16,http1_python_nodelay_off_c1_keepalive_ms,41.005067
latency,4,17,http1_python_nodelay_off_c1_keepalive_ms,41.009158
latency,4,18,http1_python_nodelay_off_c1_keepalive_ms,41.055409
latency,4,19,http1_python_nodelay_off_c1_keepalive_ms,40.956127
latency,4,20,http1_python_nodelay_off_c1_keepalive_ms,40.992737
latency,4,21,http1_python_nodelay_off_c1_keepalive_ms,41.995395
latency,4,22,http1_python_nodelay_off_c1_keepalive_ms,40.992867
latency,4,23,http1_python_nodelay_off_c1_keepalive_ms,41.000768
latency,4,24,http1_python_nodelay_off_c1_keepalive_ms,40.996417
latency,4,25,http1_python_nodelay_off_c1_keepalive_ms,41.008738
latency,4,26,http1_python_nodelay_off_c1_keepalive_ms,41.008268
latency,4,27,http1_python_nodelay_off_c1_keepalive_ms,40.991177
latency,4,28,http1_python_nodelay_off_c1_keepalive_ms,40.992517
latency,4,29,http1_python_nodelay_off_c1_keepalive_ms,41.012778
latency,4,30,http1_python_nodelay_off_c1_keepalive_ms,41.998185
latency,4,31,http1_python_nodelay_off_c1_keepalive_ms,42.005274
latency,4,32,http1_python_nodelay_off_c1_keepalive_ms,40.992898
latency,4,33,http1_python_nodelay_off_c1_keepalive_ms,41.001807
latency,4,34,http1_python_nodelay_off_c1_keepalive_ms,40.997248
latency,4,35,http1_python_nodelay_off_c1_keepalive_ms,42.014825
latency,4,36,http1_python_nodelay_off_c1_keepalive_ms,40.985247
latency,4,37,http1_python_nodelay_off_c1_keepalive_ms,40.998327
latency,4,38,http1_python_nodelay_off_c1_keepalive_ms,41.985345
latency,4,39,http1_python_nodelay_off_c1_keepalive_ms,41.007617
latency,4,40,http1_python_nodelay_off_c1_keepalive_ms,40.993968
latency,4,41,http1_python_nodelay_off_c1_keepalive_ms,42.007125
latency,4,42,http1_python_nodelay_off_c1_keepalive_ms,42.035635
latency,4,43,http1_python_nodelay_off_c1_keepalive_ms,41.970234
latency,4,44,http1_python_nodelay_off_c1_keepalive_ms,41.015088
latency,4,45,http1_python_nodelay_off_c1_keepalive_ms,41.966853
latency,4,46,http1_python_nodelay_off_c1_keepalive_ms,42.035846
latency,4,47,http1_python_nodelay_off_c1_keepalive_ms,41.946803
latency,4,48,http1_python_nodelay_off_c1_keepalive_ms,42.029556
latency,4,49,http1_python_nodelay_off_c1_keepalive_ms,40.997957
latency,4,50,http1_python_nodelay_off_c1_keepalive_ms,42.004475
latency,4,51,http1_python_nodelay_off_c1_keepalive_ms,41.000657
latency,4,52,http1_python_nodelay_off_c1_keepalive_ms,41.004928
latency,4,53,http1_python_nodelay_off_c1_keepalive_ms,40.980017
latency,4,54,http1_python_nodelay_off_c1_keepalive_ms,41.012268
latency,4,55,http1_python_nodelay_off_c1_keepalive_ms,41.010377
latency,4,56,http1_python_nodelay_off_c1_keepalive_ms,42.975152
latency,4,57,http1_python_nodelay_off_c1_keepalive_ms,41.006177
latency,4,58,http1_python_nodelay_off_c1_keepalive_ms,41.019458
latency,4,59,http1_python_nodelay_off_c1_keepalive_ms,41.994465
latency,4,60,http1_python_nodelay_off_c1_keepalive_ms,41.007128
latency,4,61,http1_python_nodelay_off_c1_keepalive_ms,40.988107
latency,4,62,http1_python_nodelay_off_c1_keepalive_ms,41.017148
latency,4,63,http1_python_nodelay_off_c1_keepalive_ms,40.983917
latency,4,64,http1_python_nodelay_off_c1_keepalive_ms,41.002588
latency,4,65,http1_python_nodelay_off_c1_keepalive_ms,40.990897
latency,4,66,http1_python_nodelay_off_c1_keepalive_ms,41.102469
latency,4,67,http1_python_nodelay_off_c1_keepalive_ms,40.912466
latency,4,68,http1_python_nodelay_off_c1_keepalive_ms,41.007688
latency,4,69,http1_python_nodelay_off_c1_keepalive_ms,41.930033
latency,4,70,http1_python_nodelay_off_c1_keepalive_ms,41.056919
latency,4,71,http1_python_nodelay_off_c1_keepalive_ms,42.034475
latency,4,72,http1_python_nodelay_off_c1_keepalive_ms,40.952627
latency,4,73,http1_python_nodelay_off_c1_keepalive_ms,41.007138
latency,4,74,http1_python_nodelay_off_c1_keepalive_ms,40.999047
latency,4,75,http1_python_nodelay_off_c1_keepalive_ms,41.004958
latency,4,76,http1_python_nodelay_off_c1_keepalive_ms,41.009188
latency,4,77,http1_python_nodelay_off_c1_keepalive_ms,41.004167
latency,4,78,http1_python_nodelay_off_c1_keepalive_ms,40.961147
latency,4,79,http1_python_nodelay_off_c1_keepalive_ms,42.035095
trial,4,80,http1_python_nodelay_off_c1_median_ms,41.007138
trial,4,80,http1_python_nodelay_off_c1_p95_ms,42.034475
trial,4,80,http1_python_nodelay_off_c1_requests_per_second,24.231
trial,4,80,http1_python_nodelay_off_c1_wall_ms,3301.516
summary,0,400,http1_python_nodelay_off_c1_keepalive_ms_median,41.004958
summary,0,400,http1_python_nodelay_off_c1_keepalive_ms_p95,42.015125
latency,0,160,http1_python_nodelay_off_c4_keepalive_ms,41.535526
latency,0,161,http1_python_nodelay_off_c4_keepalive_ms,41.650759
latency,0,162,http1_python_nodelay_off_c4_keepalive_ms,41.860242
latency,0,163,http1_python_nodelay_off_c4_keepalive_ms,42.086156
latency,0,164,http1_python_nodelay_off_c4_keepalive_ms,44.975376
latency,0,165,http1_python_nodelay_off_c4_keepalive_ms,40.987367
latency,0,166,http1_python_nodelay_off_c4_keepalive_ms,40.953777
latency,0,167,http1_python_nodelay_off_c4_keepalive_ms,40.996597
latency,0,168,http1_python_nodelay_off_c4_keepalive_ms,41.014768
latency,0,169,http1_python_nodelay_off_c4_keepalive_ms,41.054069
latency,0,170,http1_python_nodelay_off_c4_keepalive_ms,40.926466
latency,0,171,http1_python_nodelay_off_c4_keepalive_ms,41.011368
latency,0,172,http1_python_nodelay_off_c4_keepalive_ms,40.911865
latency,0,173,http1_python_nodelay_off_c4_keepalive_ms,40.976168
latency,0,174,http1_python_nodelay_off_c4_keepalive_ms,41.097039
latency,0,175,http1_python_nodelay_off_c4_keepalive_ms,41.002867
latency,0,176,http1_python_nodelay_off_c4_keepalive_ms,40.920667
latency,0,177,http1_python_nodelay_off_c4_keepalive_ms,41.183810
latency,0,178,http1_python_nodelay_off_c4_keepalive_ms,40.811685
latency,0,179,http1_python_nodelay_off_c4_keepalive_ms,41.020178
latency,0,180,http1_python_nodelay_off_c4_keepalive_ms,41.000837
latency,0,181,http1_python_nodelay_off_c4_keepalive_ms,40.992998
latency,0,182,http1_python_nodelay_off_c4_keepalive_ms,41.000617
latency,0,183,http1_python_nodelay_off_c4_keepalive_ms,40.994948
latency,0,184,http1_python_nodelay_off_c4_keepalive_ms,40.990257
latency,0,185,http1_python_nodelay_off_c4_keepalive_ms,41.012658
latency,0,186,http1_python_nodelay_off_c4_keepalive_ms,41.000838
latency,0,187,http1_python_nodelay_off_c4_keepalive_ms,40.978147
latency,0,188,http1_python_nodelay_off_c4_keepalive_ms,41.001718
latency,0,189,http1_python_nodelay_off_c4_keepalive_ms,40.978907
latency,0,190,http1_python_nodelay_off_c4_keepalive_ms,41.012388
latency,0,191,http1_python_nodelay_off_c4_keepalive_ms,41.006977
latency,0,192,http1_python_nodelay_off_c4_keepalive_ms,42.032956
latency,0,193,http1_python_nodelay_off_c4_keepalive_ms,40.999967
latency,0,194,http1_python_nodelay_off_c4_keepalive_ms,42.001944
latency,0,195,http1_python_nodelay_off_c4_keepalive_ms,41.883943
latency,0,196,http1_python_nodelay_off_c4_keepalive_ms,41.114750
latency,0,197,http1_python_nodelay_off_c4_keepalive_ms,41.988344
latency,0,198,http1_python_nodelay_off_c4_keepalive_ms,40.989277
latency,0,199,http1_python_nodelay_off_c4_keepalive_ms,41.004368
latency,0,200,http1_python_nodelay_off_c4_keepalive_ms,41.000208
latency,0,201,http1_python_nodelay_off_c4_keepalive_ms,40.992417
latency,0,202,http1_python_nodelay_off_c4_keepalive_ms,40.993828
latency,0,203,http1_python_nodelay_off_c4_keepalive_ms,40.975567
latency,0,204,http1_python_nodelay_off_c4_keepalive_ms,42.021945
latency,0,205,http1_python_nodelay_off_c4_keepalive_ms,41.007728
latency,0,206,http1_python_nodelay_off_c4_keepalive_ms,40.996987
latency,0,207,http1_python_nodelay_off_c4_keepalive_ms,40.989097
latency,0,208,http1_python_nodelay_off_c4_keepalive_ms,41.030279
latency,0,209,http1_python_nodelay_off_c4_keepalive_ms,41.000367
latency,0,210,http1_python_nodelay_off_c4_keepalive_ms,40.987178
latency,0,211,http1_python_nodelay_off_c4_keepalive_ms,41.924673
latency,0,212,http1_python_nodelay_off_c4_keepalive_ms,41.071539
latency,0,213,http1_python_nodelay_off_c4_keepalive_ms,41.013608
latency,0,214,http1_python_nodelay_off_c4_keepalive_ms,41.996774
latency,0,215,http1_python_nodelay_off_c4_keepalive_ms,40.991217
latency,0,216,http1_python_nodelay_off_c4_keepalive_ms,41.005288
latency,0,217,http1_python_nodelay_off_c4_keepalive_ms,40.999827
latency,0,218,http1_python_nodelay_off_c4_keepalive_ms,40.997268
latency,0,219,http1_python_nodelay_off_c4_keepalive_ms,41.908263
latency,0,220,http1_python_nodelay_off_c4_keepalive_ms,41.094549
latency,0,221,http1_python_nodelay_off_c4_keepalive_ms,41.001818
latency,0,222,http1_python_nodelay_off_c4_keepalive_ms,40.986877
latency,0,223,http1_python_nodelay_off_c4_keepalive_ms,40.998598
latency,0,224,http1_python_nodelay_off_c4_keepalive_ms,40.983217
latency,0,225,http1_python_nodelay_off_c4_keepalive_ms,41.008248
latency,0,226,http1_python_nodelay_off_c4_keepalive_ms,42.084476
latency,0,227,http1_python_nodelay_off_c4_keepalive_ms,40.904186
latency,0,228,http1_python_nodelay_off_c4_keepalive_ms,41.013238
latency,0,229,http1_python_nodelay_off_c4_keepalive_ms,41.006787
latency,0,230,http1_python_nodelay_off_c4_keepalive_ms,42.000635
latency,0,231,http1_python_nodelay_off_c4_keepalive_ms,40.995957
latency,0,232,http1_python_nodelay_off_c4_keepalive_ms,41.002508
latency,0,233,http1_python_nodelay_off_c4_keepalive_ms,41.012788
latency,0,234,http1_python_nodelay_off_c4_keepalive_ms,40.991907
latency,0,235,http1_python_nodelay_off_c4_keepalive_ms,40.994278
latency,0,236,http1_python_nodelay_off_c4_keepalive_ms,41.003118
latency,0,237,http1_python_nodelay_off_c4_keepalive_ms,40.973757
latency,0,238,http1_python_nodelay_off_c4_keepalive_ms,41.031318
latency,0,239,http1_python_nodelay_off_c4_keepalive_ms,40.972297
latency,0,0,http1_python_nodelay_off_c4_keepalive_ms,41.067328
latency,0,1,http1_python_nodelay_off_c4_keepalive_ms,42.711667
latency,0,2,http1_python_nodelay_off_c4_keepalive_ms,41.311853
latency,0,3,http1_python_nodelay_off_c4_keepalive_ms,42.030525
latency,0,4,http1_python_nodelay_off_c4_keepalive_ms,44.820463
latency,0,5,http1_python_nodelay_off_c4_keepalive_ms,41.134489
latency,0,6,http1_python_nodelay_off_c4_keepalive_ms,41.429335
latency,0,7,http1_python_nodelay_off_c4_keepalive_ms,40.521090
latency,0,8,http1_python_nodelay_off_c4_keepalive_ms,41.490646
latency,0,9,http1_python_nodelay_off_c4_keepalive_ms,40.578210
latency,0,10,http1_python_nodelay_off_c4_keepalive_ms,41.412384
latency,0,11,http1_python_nodelay_off_c4_keepalive_ms,40.525950
latency,0,12,http1_python_nodelay_off_c4_keepalive_ms,41.307323
latency,0,13,http1_python_nodelay_off_c4_keepalive_ms,40.907146
latency,0,14,http1_python_nodelay_off_c4_keepalive_ms,41.233121
latency,0,15,http1_python_nodelay_off_c4_keepalive_ms,40.540570
latency,0,16,http1_python_nodelay_off_c4_keepalive_ms,41.374574
latency,0,17,http1_python_nodelay_off_c4_keepalive_ms,40.719983
latency,0,18,http1_python_nodelay_off_c4_keepalive_ms,42.930250
latency,0,19,http1_python_nodelay_off_c4_keepalive_ms,41.986135
latency,0,20,http1_python_nodelay_off_c4_keepalive_ms,41.224551
latency,0,21,http1_python_nodelay_off_c4_keepalive_ms,40.840425
latency,0,22,http1_python_nodelay_off_c4_keepalive_ms,40.908546
latency,0,23,http1_python_nodelay_off_c4_keepalive_ms,41.948844
latency,0,24,http1_python_nodelay_off_c4_keepalive_ms,41.052968
latency,0,25,http1_python_nodelay_off_c4_keepalive_ms,40.967667
latency,0,26,http1_python_nodelay_off_c4_keepalive_ms,41.293463
latency,0,27,http1_python_nodelay_off_c4_keepalive_ms,40.689932
latency,0,28,http1_python_nodelay_off_c4_keepalive_ms,41.280532
latency,0,29,http1_python_nodelay_off_c4_keepalive_ms,40.722863
latency,0,30,http1_python_nodelay_off_c4_keepalive_ms,41.280462
latency,0,31,http1_python_nodelay_off_c4_keepalive_ms,40.830325
latency,0,32,http1_python_nodelay_off_c4_keepalive_ms,40.938427
latency,0,33,http1_python_nodelay_off_c4_keepalive_ms,40.959587
latency,0,34,http1_python_nodelay_off_c4_keepalive_ms,41.026908
latency,0,35,http1_python_nodelay_off_c4_keepalive_ms,41.888412
latency,0,36,http1_python_nodelay_off_c4_keepalive_ms,41.349884
latency,0,37,http1_python_nodelay_off_c4_keepalive_ms,41.695309
latency,0,38,http1_python_nodelay_off_c4_keepalive_ms,41.069859
latency,0,39,http1_python_nodelay_off_c4_keepalive_ms,41.031618
latency,0,40,http1_python_nodelay_off_c4_keepalive_ms,41.972834
latency,0,41,http1_python_nodelay_off_c4_keepalive_ms,41.031349
latency,0,42,http1_python_nodelay_off_c4_keepalive_ms,41.268912
latency,0,43,http1_python_nodelay_off_c4_keepalive_ms,41.650658
latency,0,44,http1_python_nodelay_off_c4_keepalive_ms,41.056899
latency,0,45,http1_python_nodelay_off_c4_keepalive_ms,41.939624
latency,0,46,http1_python_nodelay_off_c4_keepalive_ms,41.299742
latency,0,47,http1_python_nodelay_off_c4_keepalive_ms,41.716460
latency,0,48,http1_python_nodelay_off_c4_keepalive_ms,40.997697
latency,0,49,http1_python_nodelay_off_c4_keepalive_ms,40.994608
latency,0,50,http1_python_nodelay_off_c4_keepalive_ms,41.300182
latency,0,51,http1_python_nodelay_off_c4_keepalive_ms,41.688820
latency,0,52,http1_python_nodelay_off_c4_keepalive_ms,41.272492
latency,0,53,http1_python_nodelay_off_c4_keepalive_ms,41.728410
latency,0,54,http1_python_nodelay_off_c4_keepalive_ms,41.365794
latency,0,55,http1_python_nodelay_off_c4_keepalive_ms,40.682892
latency,0,56,http1_python_nodelay_off_c4_keepalive_ms,41.015288
latency,0,57,http1_python_nodelay_off_c4_keepalive_ms,40.946836
latency,0,58,http1_python_nodelay_off_c4_keepalive_ms,42.167298
latency,0,59,http1_python_nodelay_off_c4_keepalive_ms,41.851002
latency,0,60,http1_python_nodelay_off_c4_keepalive_ms,41.102189
latency,0,61,http1_python_nodelay_off_c4_keepalive_ms,40.876346
latency,0,62,http1_python_nodelay_off_c4_keepalive_ms,41.002097
latency,0,63,http1_python_nodelay_off_c4_keepalive_ms,40.994378
latency,0,64,http1_python_nodelay_off_c4_keepalive_ms,41.321553
latency,0,65,http1_python_nodelay_off_c4_keepalive_ms,40.787214
latency,0,66,http1_python_nodelay_off_c4_keepalive_ms,41.247732
latency,0,67,http1_python_nodelay_off_c4_keepalive_ms,40.645021
latency,0,68,http1_python_nodelay_off_c4_keepalive_ms,42.327771
latency,0,69,http1_python_nodelay_off_c4_keepalive_ms,41.695619
latency,0,70,http1_python_nodelay_off_c4_keepalive_ms,41.256702
latency,0,71,http1_python_nodelay_off_c4_keepalive_ms,40.719632
latency,0,72,http1_python_nodelay_off_c4_keepalive_ms,42.051976
latency,0,73,http1_python_nodelay_off_c4_keepalive_ms,40.953557
latency,0,74,http1_python_nodelay_off_c4_keepalive_ms,41.095159
latency,0,75,http1_python_nodelay_off_c4_keepalive_ms,40.970267
latency,0,76,http1_python_nodelay_off_c4_keepalive_ms,41.232452
latency,0,77,http1_python_nodelay_off_c4_keepalive_ms,41.683329
latency,0,78,http1_python_nodelay_off_c4_keepalive_ms,41.311073
latency,0,79,http1_python_nodelay_off_c4_keepalive_ms,40.710062
latency,0,240,http1_python_nodelay_off_c4_keepalive_ms,41.984874
latency,0,241,http1_python_nodelay_off_c4_keepalive_ms,41.177591
latency,0,242,http1_python_nodelay_off_c4_keepalive_ms,41.930723
latency,0,243,http1_python_nodelay_off_c4_keepalive_ms,42.010135
latency,0,244,http1_python_nodelay_off_c4_keepalive_ms,44.968745
latency,0,245,http1_python_nodelay_off_c4_keepalive_ms,41.518357
latency,0,246,http1_python_nodelay_off_c4_keepalive_ms,40.459618
latency,0,247,http1_python_nodelay_off_c4_keepalive_ms,41.471606
latency,0,248,http1_python_nodelay_off_c4_keepalive_ms,40.539640
latency,0,249,http1_python_nodelay_off_c4_keepalive_ms,41.119359
latency,0,250,http1_python_nodelay_off_c4_keepalive_ms,40.861075
latency,0,251,http1_python_nodelay_off_c4_keepalive_ms,41.486936
latency,0,252,http1_python_nodelay_off_c4_keepalive_ms,41.064679
latency,0,253,http1_python_nodelay_off_c4_keepalive_ms,40.886515
latency,0,254,http1_python_nodelay_off_c4_keepalive_ms,40.558380
latency,0,255,http1_python_nodelay_off_c4_keepalive_ms,41.463726
latency,0,256,http1_python_nodelay_off_c4_keepalive_ms,40.519699
latency,0,257,http1_python_nodelay_off_c4_keepalive_ms,41.816442
latency,0,258,http1_python_nodelay_off_c4_keepalive_ms,42.140677
latency,0,259,http1_python_nodelay_off_c4_keepalive_ms,42.050015
latency,0,260,http1_python_nodelay_off_c4_keepalive_ms,40.916846
latency,0,261,http1_python_nodelay_off_c4_keepalive_ms,41.145391
latency,0,262,http1_python_nodelay_off_c4_keepalive_ms,40.961766
latency,0,263,http1_python_nodelay_off_c4_keepalive_ms,42.213619
latency,0,264,http1_python_nodelay_off_c4_keepalive_ms,40.788274
latency,0,265,http1_python_nodelay_off_c4_keepalive_ms,41.267772
latency,0,266,http1_python_nodelay_off_c4_keepalive_ms,40.674592
latency,0,267,http1_python_nodelay_off_c4_keepalive_ms,41.309143
latency,0,268,http1_python_nodelay_off_c4_keepalive_ms,40.660182
latency,0,269,http1_python_nodelay_off_c4_keepalive_ms,41.314212
latency,0,270,http1_python_nodelay_off_c4_keepalive_ms,40.671402
latency,0,271,http1_python_nodelay_off_c4_keepalive_ms,41.114540
latency,0,272,http1_python_nodelay_off_c4_keepalive_ms,40.991307
latency,0,273,http1_python_nodelay_off_c4_keepalive_ms,41.231302
latency,0,274,http1_python_nodelay_off_c4_keepalive_ms,40.754893
latency,0,275,http1_python_nodelay_off_c4_keepalive_ms,41.897493
latency,0,276,http1_python_nodelay_off_c4_keepalive_ms,41.022658
latency,0,277,http1_python_nodelay_off_c4_keepalive_ms,42.311290
latency,0,278,http1_python_nodelay_off_c4_keepalive_ms,40.772564
latency,0,279,http1_python_nodelay_off_c4_keepalive_ms,40.977537
latency,0,280,http1_python_nodelay_off_c4_keepalive_ms,42.026575
latency,0,281,http1_python_nodelay_off_c4_keepalive_ms,40.978217
latency,0,282,http1_python_nodelay_off_c4_keepalive_ms,40.957917
latency,0,283,http1_python_nodelay_off_c4_keepalive_ms,42.282779
latency,0,284,http1_python_nodelay_off_c4_keepalive_ms,40.789294
latency,0,285,http1_python_nodelay_off_c4_keepalive_ms,42.240019
latency,0,286,http1_python_nodelay_off_c4_keepalive_ms,40.680832
latency,0,287,http1_python_nodelay_off_c4_keepalive_ms,42.355071
latency,0,288,http1_python_nodelay_off_c4_keepalive_ms,40.670821
latency,0,289,http1_python_nodelay_off_c4_keepalive_ms,41.300953
latency,0,290,http1_python_nodelay_off_c4_keepalive_ms,40.669092
latency,0,291,http1_python_nodelay_off_c4_keepalive_ms,41.938504
latency,0,292,http1_python_nodelay_off_c4_keepalive_ms,41.055538
latency,0,293,http1_python_nodelay_off_c4_keepalive_ms,42.291750
latency,0,294,http1_python_nodelay_off_c4_keepalive_ms,40.742753
latency,0,295,http1_python_nodelay_off_c4_keepalive_ms,40.994258
latency,0,296,http1_python_nodelay_off_c4_keepalive_ms,41.062838
latency,0,297,http1_python_nodelay_off_c4_keepalive_ms,41.215432
latency,0,298,http1_python_nodelay_off_c4_keepalive_ms,41.661688
latency,0,299,http1_python_nodelay_off_c4_keepalive_ms,42.334721
latency,0,300,http1_python_nodelay_off_c4_keepalive_ms,40.802394
latency,0,301,http1_python_nodelay_off_c4_keepalive_ms,41.208981
latency,0,302,http1_python_nodelay_off_c4_keepalive_ms,40.714743
latency,0,303,http1_python_nodelay_off_c4_keepalive_ms,41.309683
latency,0,304,http1_python_nodelay_off_c4_keepalive_ms,40.663852
latency,0,305,http1_python_nodelay_off_c4_keepalive_ms,41.084069
latency,0,306,http1_python_nodelay_off_c4_keepalive_ms,40.941056
latency,0,307,http1_python_nodelay_off_c4_keepalive_ms,41.286293
latency,0,308,http1_python_nodelay_off_c4_keepalive_ms,41.688389
latency,0,309,http1_python_nodelay_off_c4_keepalive_ms,42.007145
latency,0,310,http1_python_nodelay_off_c4_keepalive_ms,40.984707
latency,0,311,http1_python_nodelay_off_c4_keepalive_ms,41.349013
latency,0,312,http1_python_nodelay_off_c4_keepalive_ms,41.741010
latency,0,313,http1_python_nodelay_off_c4_keepalive_ms,41.262842
latency,0,314,http1_python_nodelay_off_c4_keepalive_ms,40.827005
latency,0,315,http1_python_nodelay_off_c4_keepalive_ms,40.876266
latency,0,316,http1_python_nodelay_off_c4_keepalive_ms,40.962467
latency,0,317,http1_python_nodelay_off_c4_keepalive_ms,41.938383
latency,0,318,http1_python_nodelay_off_c4_keepalive_ms,41.050629
latency,0,319,http1_python_nodelay_off_c4_keepalive_ms,41.623658
latency,0,80,http1_python_nodelay_off_c4_keepalive_ms,41.101409
latency,0,81,http1_python_nodelay_off_c4_keepalive_ms,42.076105
latency,0,82,http1_python_nodelay_off_c4_keepalive_ms,41.938064
latency,0,83,http1_python_nodelay_off_c4_keepalive_ms,41.996265
latency,0,84,http1_python_nodelay_off_c4_keepalive_ms,45.559055
latency,0,85,http1_python_nodelay_off_c4_keepalive_ms,42.211258
latency,0,86,http1_python_nodelay_off_c4_keepalive_ms,42.062206
latency,0,87,http1_python_nodelay_off_c4_keepalive_ms,41.019497
latency,0,88,http1_python_nodelay_off_c4_keepalive_ms,41.000838
latency,0,89,http1_python_nodelay_off_c4_keepalive_ms,41.005298
latency,0,90,http1_python_nodelay_off_c4_keepalive_ms,42.009044
latency,0,91,http1_python_nodelay_off_c4_keepalive_ms,41.002668
latency,0,92,http1_python_nodelay_off_c4_keepalive_ms,41.976694
latency,0,93,http1_python_nodelay_off_c4_keepalive_ms,41.038859
latency,0,94,http1_python_nodelay_off_c4_keepalive_ms,40.975607
latency,0,95,http1_python_nodelay_off_c4_keepalive_ms,41.906023
latency,0,96,http1_python_nodelay_off_c4_keepalive_ms,41.084939
latency,0,97,http1_python_nodelay_off_c4_keepalive_ms,41.040128
latency,0,98,http1_python_nodelay_off_c4_keepalive_ms,40.972187
latency,0,99,http1_python_nodelay_off_c4_keepalive_ms,41.993675
latency,0,100,http1_python_nodelay_off_c4_keepalive_ms,41.909803
latency,0,101,http1_python_nodelay_off_c4_keepalive_ms,41.104549
latency,0,102,http1_python_nodelay_off_c4_keepalive_ms,40.990287
latency,0,103,http1_python_nodelay_off_c4_keepalive_ms,40.995768
latency,0,104,http1_python_nodelay_off_c4_keepalive_ms,40.986137
latency,0,105,http1_python_nodelay_off_c4_keepalive_ms,41.018678
latency,0,106,http1_python_nodelay_off_c4_keepalive_ms,41.002978
latency,0,107,http1_python_nodelay_off_c4_keepalive_ms,41.005107
latency,0,108,http1_python_nodelay_off_c4_keepalive_ms,40.977777
latency,0,109,http1_python_nodelay_off_c4_keepalive_ms,41.005228
latency,0,110,http1_python_nodelay_off_c4_keepalive_ms,41.019878
latency,0,111,http1_python_nodelay_off_c4_keepalive_ms,41.982154
latency,0,112,http1_python_nodelay_off_c4_keepalive_ms,41.013038
latency,0,113,http1_python_nodelay_off_c4_keepalive_ms,41.019378
latency,0,114,http1_python_nodelay_off_c4_keepalive_ms,40.963337
latency,0,115,http1_python_nodelay_off_c4_keepalive_ms,40.996618
latency,0,116,http1_python_nodelay_off_c4_keepalive_ms,41.012207
latency,0,117,http1_python_nodelay_off_c4_keepalive_ms,41.011838
latency,0,118,http1_python_nodelay_off_c4_keepalive_ms,40.947607
latency,0,119,http1_python_nodelay_off_c4_keepalive_ms,41.028228
latency,0,120,http1_python_nodelay_off_c4_keepalive_ms,40.991217
latency,0,121,http1_python_nodelay_off_c4_keepalive_ms,42.003985
latency,0,122,http1_python_nodelay_off_c4_keepalive_ms,41.012828
latency,0,123,http1_python_nodelay_off_c4_keepalive_ms,41.003008
latency,0,124,http1_python_nodelay_off_c4_keepalive_ms,40.988277
latency,0,125,http1_python_nodelay_off_c4_keepalive_ms,41.987374
latency,0,126,http1_python_nodelay_off_c4_keepalive_ms,41.012608
latency,0,127,http1_python_nodelay_off_c4_keepalive_ms,41.016528
latency,0,128,http1_python_nodelay_off_c4_keepalive_ms,41.972154
latency,0,129,http1_python_nodelay_off_c4_keepalive_ms,41.022748
latency,0,130,http1_python_nodelay_off_c4_keepalive_ms,41.015108
latency,0,131,http1_python_nodelay_off_c4_keepalive_ms,41.928623
latency,0,132,http1_python_nodelay_off_c4_keepalive_ms,41.024828
latency,0,133,http1_python_nodelay_off_c4_keepalive_ms,42.051236
latency,0,134,http1_python_nodelay_off_c4_keepalive_ms,41.012167
latency,0,135,http1_python_nodelay_off_c4_keepalive_ms,40.955027
latency,0,136,http1_python_nodelay_off_c4_keepalive_ms,41.010428
latency,0,137,http1_python_nodelay_off_c4_keepalive_ms,42.031025
latency,0,138,http1_python_nodelay_off_c4_keepalive_ms,40.965867
latency,0,139,http1_python_nodelay_off_c4_keepalive_ms,40.972747
latency,0,140,http1_python_nodelay_off_c4_keepalive_ms,42.019785
latency,0,141,http1_python_nodelay_off_c4_keepalive_ms,41.030438
latency,0,142,http1_python_nodelay_off_c4_keepalive_ms,41.987445
latency,0,143,http1_python_nodelay_off_c4_keepalive_ms,41.021078
latency,0,144,http1_python_nodelay_off_c4_keepalive_ms,40.966327
latency,0,145,http1_python_nodelay_off_c4_keepalive_ms,40.999467
latency,0,146,http1_python_nodelay_off_c4_keepalive_ms,40.992258
latency,0,147,http1_python_nodelay_off_c4_keepalive_ms,41.022627
latency,0,148,http1_python_nodelay_off_c4_keepalive_ms,40.983388
latency,0,149,http1_python_nodelay_off_c4_keepalive_ms,41.986214
latency,0,150,http1_python_nodelay_off_c4_keepalive_ms,41.012908
latency,0,151,http1_python_nodelay_off_c4_keepalive_ms,42.002394
latency,0,152,http1_python_nodelay_off_c4_keepalive_ms,40.997338
latency,0,153,http1_python_nodelay_off_c4_keepalive_ms,42.017405
latency,0,154,http1_python_nodelay_off_c4_keepalive_ms,40.982757
latency,0,155,http1_python_nodelay_off_c4_keepalive_ms,41.002508
latency,0,156,http1_python_nodelay_off_c4_keepalive_ms,41.004768
latency,0,157,http1_python_nodelay_off_c4_keepalive_ms,40.993537
latency,0,158,http1_python_nodelay_off_c4_keepalive_ms,41.010528
latency,0,159,http1_python_nodelay_off_c4_keepalive_ms,41.015438
trial,0,320,http1_python_nodelay_off_c4_median_ms,41.019378
trial,0,320,http1_python_nodelay_off_c4_p95_ms,42.140677
trial,0,320,http1_python_nodelay_off_c4_requests_per_second,96.752
trial,0,320,http1_python_nodelay_off_c4_wall_ms,3307.411
latency,1,0,http1_python_nodelay_off_c4_keepalive_ms,41.044199
latency,1,1,http1_python_nodelay_off_c4_keepalive_ms,41.170640
latency,1,2,http1_python_nodelay_off_c4_keepalive_ms,40.706013
latency,1,3,http1_python_nodelay_off_c4_keepalive_ms,41.234571
latency,1,4,http1_python_nodelay_off_c4_keepalive_ms,40.823015
latency,1,5,http1_python_nodelay_off_c4_keepalive_ms,41.000257
latency,1,6,http1_python_nodelay_off_c4_keepalive_ms,40.956447
latency,1,7,http1_python_nodelay_off_c4_keepalive_ms,41.013158
latency,1,8,http1_python_nodelay_off_c4_keepalive_ms,41.025548
latency,1,9,http1_python_nodelay_off_c4_keepalive_ms,41.217341
latency,1,10,http1_python_nodelay_off_c4_keepalive_ms,41.660239
latency,1,11,http1_python_nodelay_off_c4_keepalive_ms,41.099830
latency,1,12,http1_python_nodelay_off_c4_keepalive_ms,41.028348
latency,1,13,http1_python_nodelay_off_c4_keepalive_ms,41.921893
latency,1,14,http1_python_nodelay_off_c4_keepalive_ms,41.064979
latency,1,15,http1_python_nodelay_off_c4_keepalive_ms,40.975387
latency,1,16,http1_python_nodelay_off_c4_keepalive_ms,41.025218
latency,1,17,http1_python_nodelay_off_c4_keepalive_ms,41.080269
latency,1,18,http1_python_nodelay_off_c4_keepalive_ms,40.962117
latency,1,19,http1_python_nodelay_off_c4_keepalive_ms,41.965874
latency,1,20,http1_python_nodelay_off_c4_keepalive_ms,41.007768
latency,1,21,http1_python_nodelay_off_c4_keepalive_ms,40.996707
latency,1,22,http1_python_nodelay_off_c4_keepalive_ms,40.992207
latency,1,23,http1_python_nodelay_off_c4_keepalive_ms,41.195271
latency,1,24,http1_python_nodelay_off_c4_keepalive_ms,40.828025
latency,1,25,http1_python_nodelay_off_c4_keepalive_ms,40.964337
latency,1,26,http1_python_nodelay_off_c4_keepalive_ms,41.023308
latency,1,27,http1_python_nodelay_off_c4_keepalive_ms,40.969117
latency,1,28,http1_python_nodelay_off_c4_keepalive_ms,41.018358
latency,1,29,http1_python_nodelay_off_c4_keepalive_ms,41.069919
latency,1,30,http1_python_nodelay_off_c4_keepalive_ms,40.934046
latency,1,31,http1_python_nodelay_off_c4_keepalive_ms,40.968387
latency,1,32,http1_python_nodelay_off_c4_keepalive_ms,41.027788
latency,1,33,http1_python_nodelay_off_c4_keepalive_ms,40.971647
latency,1,34,http1_python_nodelay_off_c4_keepalive_ms,41.020718
latency,1,35,http1_python_nodelay_off_c4_keepalive_ms,40.981908
latency,1,36,http1_python_nodelay_off_c4_keepalive_ms,40.988207
latency,1,37,http1_python_nodelay_off_c4_keepalive_ms,41.015168
latency,1,38,http1_python_nodelay_off_c4_keepalive_ms,41.018848
latency,1,39,http1_python_nodelay_off_c4_keepalive_ms,40.973597
latency,1,40,http1_python_nodelay_off_c4_keepalive_ms,41.027688
latency,1,41,http1_python_nodelay_off_c4_keepalive_ms,41.845622
latency,1,42,http1_python_nodelay_off_c4_keepalive_ms,41.428365
latency,1,43,http1_python_nodelay_off_c4_keepalive_ms,41.625968
latency,1,44,http1_python_nodelay_off_c4_keepalive_ms,42.314380
latency,1,45,http1_python_nodelay_off_c4_keepalive_ms,40.792164
latency,1,46,http1_python_nodelay_off_c4_keepalive_ms,41.106570
latency,1,47,http1_python_nodelay_off_c4_keepalive_ms,40.808134
latency,1,48,http1_python_nodelay_off_c4_keepalive_ms,41.324743
latency,1,49,http1_python_nodelay_off_c4_keepalive_ms,40.682742
latency,1,50,http1_python_nodelay_off_c4_keepalive_ms,41.055219
latency,1,51,http1_python_nodelay_off_c4_keepalive_ms,42.179548
latency,1,52,http1_python_nodelay_off_c4_keepalive_ms,41.063948
latency,1,53,http1_python_nodelay_off_c4_keepalive_ms,40.848195
latency,1,54,http1_python_nodelay_off_c4_keepalive_ms,41.767301
latency,1,55,http1_python_nodelay_off_c4_keepalive_ms,41.077539
latency,1,56,http1_python_nodelay_off_c4_keepalive_ms,41.330003
latency,1,57,http1_python_nodelay_off_c4_keepalive_ms,40.670802
latency,1,58,http1_python_nodelay_off_c4_keepalive_ms,41.329843
latency,1,59,http1_python_nodelay_off_c4_keepalive_ms,41.749151
latency,1,60,http1_python_nodelay_off_c4_keepalive_ms,41.971974
latency,1,61,http1_python_nodelay_off_c4_keepalive_ms,41.074169
latency,1,62,http1_python_nodelay_off_c4_keepalive_ms,40.928136
latency,1,63,http1_python_nodelay_off_c4_keepalive_ms,42.022195
latency,1,64,http1_python_nodelay_off_c4_keepalive_ms,40.947027
latency,1,65,http1_python_nodelay_off_c4_keepalive_ms,42.059755
latency,1,66,http1_python_nodelay_off_c4_keepalive_ms,42.058056
latency,1,67,http1_python_nodelay_off_c4_keepalive_ms,40.966547
latency,1,68,http1_python_nodelay_off_c4_keepalive_ms,40.947917
latency,1,69,http1_python_nodelay_off_c4_keepalive_ms,41.044098
latency,1,70,http1_python_nodelay_off_c4_keepalive_ms,40.951057
latency,1,71,http1_python_nodelay_off_c4_keepalive_ms,40.964667
latency,1,72,http1_python_nodelay_off_c4_keepalive_ms,42.187258
latency,1,73,http1_python_nodelay_off_c4_keepalive_ms,40.917416
latency,1,74,http1_python_nodelay_off_c4_keepalive_ms,41.089279
latency,1,75,http1_python_nodelay_off_c4_keepalive_ms,41.847892
latency,1,76,http1_python_nodelay_off_c4_keepalive_ms,41.283472
latency,1,77,http1_python_nodelay_off_c4_keepalive_ms,40.769014
latency,1,78,http1_python_nodelay_off_c4_keepalive_ms,41.814261
latency,1,79,http1_python_nodelay_off_c4_keepalive_ms,41.126940
latency,1,80,http1_python_nodelay_off_c4_keepalive_ms,41.118040
latency,1,81,http1_python_nodelay_off_c4_keepalive_ms,40.825314
latency,1,82,http1_python_nodelay_off_c4_keepalive_ms,41.327994
latency,1,83,http1_python_nodelay_off_c4_keepalive_ms,40.622671
latency,1,84,http1_python_nodelay_off_c4_keepalive_ms,41.066278
latency,1,85,http1_python_nodelay_off_c4_keepalive_ms,41.053639
latency,1,86,http1_python_nodelay_off_c4_keepalive_ms,40.909826
latency,1,87,http1_python_nodelay_off_c4_keepalive_ms,41.060089
latency,1,88,http1_python_nodelay_off_c4_keepalive_ms,40.972257
latency,1,89,http1_python_nodelay_off_c4_keepalive_ms,40.946016
latency,1,90,http1_python_nodelay_off_c4_keepalive_ms,41.919314
latency,1,91,http1_python_nodelay_off_c4_keepalive_ms,41.162520
latency,1,92,http1_python_nodelay_off_c4_keepalive_ms,40.976977
latency,1,93,http1_python_nodelay_off_c4_keepalive_ms,41.967854
latency,1,94,http1_python_nodelay_off_c4_keepalive_ms,41.018828
latency,1,95,http1_python_nodelay_off_c4_keepalive_ms,41.027938
latency,1,96,http1_python_nodelay_off_c4_keepalive_ms,40.973177
latency,1,97,http1_python_nodelay_off_c4_keepalive_ms,41.139700
latency,1,98,http1_python_nodelay_off_c4_keepalive_ms,40.900746
latency,1,99,http1_python_nodelay_off_c4_keepalive_ms,42.020745
latency,1,100,http1_python_nodelay_off_c4_keepalive_ms,40.960567
latency,1,101,http1_python_nodelay_off_c4_keepalive_ms,41.043558
latency,1,102,http1_python_nodelay_off_c4_keepalive_ms,40.939737
latency,1,103,http1_python_nodelay_off_c4_keepalive_ms,40.936577
latency,1,104,http1_python_nodelay_off_c4_keepalive_ms,41.086749
latency,1,105,http1_python_nodelay_off_c4_keepalive_ms,41.016257
latency,1,106,http1_python_nodelay_off_c4_keepalive_ms,40.971518
latency,1,107,http1_python_nodelay_off_c4_keepalive_ms,41.021238
latency,1,108,http1_python_nodelay_off_c4_keepalive_ms,40.966397
latency,1,109,http1_python_nodelay_off_c4_keepalive_ms,41.130269
latency,1,110,http1_python_nodelay_off_c4_keepalive_ms,40.873366
latency,1,111,http1_python_nodelay_off_c4_keepalive_ms,41.020588
latency,1,112,http1_python_nodelay_off_c4_keepalive_ms,40.975917
latency,1,113,http1_python_nodelay_off_c4_keepalive_ms,41.023168
latency,1,114,http1_python_nodelay_off_c4_keepalive_ms,40.969217
latency,1,115,http1_python_nodelay_off_c4_keepalive_ms,41.033418
latency,1,116,http1_python_nodelay_off_c4_keepalive_ms,40.942707
latency,1,117,http1_python_nodelay_off_c4_keepalive_ms,41.060748
latency,1,118,http1_python_nodelay_off_c4_keepalive_ms,40.966977
latency,1,119,http1_python_nodelay_off_c4_keepalive_ms,41.025728
latency,1,120,http1_python_nodelay_off_c4_keepalive_ms,40.975758
latency,1,121,http1_python_nodelay_off_c4_keepalive_ms,42.091526
latency,1,122,http1_python_nodelay_off_c4_keepalive_ms,40.862525
latency,1,123,http1_python_nodelay_off_c4_keepalive_ms,42.259889
latency,1,124,http1_python_nodelay_off_c4_keepalive_ms,41.728240
latency,1,125,http1_python_nodelay_off_c4_keepalive_ms,41.204601
latency,1,126,http1_python_nodelay_off_c4_keepalive_ms,40.875656
latency,1,127,http1_python_nodelay_off_c4_keepalive_ms,41.228311
latency,1,128,http1_python_nodelay_off_c4_keepalive_ms,40.694363
latency,1,129,http1_python_nodelay_off_c4_keepalive_ms,41.355333
latency,1,130,http1_python_nodelay_off_c4_keepalive_ms,40.736333
latency,1,131,http1_python_nodelay_off_c4_keepalive_ms,41.853002
latency,1,132,http1_python_nodelay_off_c4_keepalive_ms,41.056909
latency,1,133,http1_python_nodelay_off_c4_keepalive_ms,41.103119
latency,1,134,http1_python_nodelay_off_c4_keepalive_ms,41.855282
latency,1,135,http1_python_nodelay_off_c4_keepalive_ms,41.376434
latency,1,136,http1_python_nodelay_off_c4_keepalive_ms,40.666622
latency,1,137,http1_python_nodelay_off_c4_keepalive_ms,41.279413
latency,1,138,http1_python_nodelay_off_c4_keepalive_ms,40.720483
latency,1,139,http1_python_nodelay_off_c4_keepalive_ms,42.051705
latency,1,140,http1_python_nodelay_off_c4_keepalive_ms,42.026445
latency,1,141,http1_python_nodelay_off_c4_keepalive_ms,41.019468
latency,1,142,http1_python_nodelay_off_c4_keepalive_ms,40.982697
latency,1,143,http1_python_nodelay_off_c4_keepalive_ms,41.968254
latency,1,144,http1_python_nodelay_off_c4_keepalive_ms,40.992558
latency,1,145,http1_python_nodelay_off_c4_keepalive_ms,42.014415
latency,1,146,http1_python_nodelay_off_c4_keepalive_ms,42.118536
latency,1,147,http1_python_nodelay_off_c4_keepalive_ms,40.904776
latency,1,148,http1_python_nodelay_off_c4_keepalive_ms,40.997368
latency,1,149,http1_python_nodelay_off_c4_keepalive_ms,40.995758
latency,1,150,http1_python_nodelay_off_c4_keepalive_ms,41.003457
latency,1,151,http1_python_nodelay_off_c4_keepalive_ms,41.334263
latency,1,152,http1_python_nodelay_off_c4_keepalive_ms,41.690940
latency,1,153,http1_python_nodelay_off_c4_keepalive_ms,41.117849
latency,1,154,http1_python_nodelay_off_c4_keepalive_ms,40.892536
latency,1,155,http1_python_nodelay_off_c4_keepalive_ms,41.979154
latency,1,156,http1_python_nodelay_off_c4_keepalive_ms,40.909467
latency,1,157,http1_python_nodelay_off_c4_keepalive_ms,41.082329
latency,1,158,http1_python_nodelay_off_c4_keepalive_ms,41.927553
latency,1,159,http1_python_nodelay_off_c4_keepalive_ms,41.508256
latency,1,240,http1_python_nodelay_off_c4_keepalive_ms,41.727270
latency,1,241,http1_python_nodelay_off_c4_keepalive_ms,41.414695
latency,1,242,http1_python_nodelay_off_c4_keepalive_ms,41.074588
latency,1,243,http1_python_nodelay_off_c4_keepalive_ms,40.721733
latency,1,244,http1_python_nodelay_off_c4_keepalive_ms,42.020665
latency,1,245,http1_python_nodelay_off_c4_keepalive_ms,42.062706
latency,1,246,http1_python_nodelay_off_c4_keepalive_ms,40.978467
latency,1,247,http1_python_nodelay_off_c4_keepalive_ms,40.989338
latency,1,248,http1_python_nodelay_off_c4_keepalive_ms,41.844262
latency,1,249,http1_python_nodelay_off_c4_keepalive_ms,41.435875
latency,1,250,http1_python_nodelay_off_c4_keepalive_ms,41.713019
latency,1,251,http1_python_nodelay_off_c4_keepalive_ms,41.977314
latency,1,252,http1_python_nodelay_off_c4_keepalive_ms,40.997338
latency,1,253,http1_python_nodelay_off_c4_keepalive_ms,41.026368
latency,1,254,http1_python_nodelay_off_c4_keepalive_ms,41.978844
latency,1,255,http1_python_nodelay_off_c4_keepalive_ms,41.015568
latency,1,256,http1_python_nodelay_off_c4_keepalive_ms,40.986077
latency,1,257,http1_python_nodelay_off_c4_keepalive_ms,42.064836
latency,1,258,http1_python_nodelay_off_c4_keepalive_ms,40.901936
latency,1,259,http1_python_nodelay_off_c4_keepalive_ms,41.054828
latency,1,260,http1_python_nodelay_off_c4_keepalive_ms,41.050389
latency,1,261,http1_python_nodelay_off_c4_keepalive_ms,40.957697
latency,1,262,http1_python_nodelay_off_c4_keepalive_ms,41.866852
latency,1,263,http1_python_nodelay_off_c4_keepalive_ms,41.125990
latency,1,264,http1_python_nodelay_off_c4_keepalive_ms,41.029078
latency,1,265,http1_python_nodelay_off_c4_keepalive_ms,40.969517
latency,1,266,http1_python_nodelay_off_c4_keepalive_ms,41.022488
latency,1,267,http1_python_nodelay_off_c4_keepalive_ms,40.948947
latency,1,268,http1_python_nodelay_off_c4_keepalive_ms,40.996107
latency,1,269,http1_python_nodelay_off_c4_keepalive_ms,41.004578
latency,1,270,http1_python_nodelay_off_c4_keepalive_ms,41.034568
latency,1,271,http1_python_nodelay_off_c4_keepalive_ms,40.966417
latency,1,272,http1_python_nodelay_off_c4_keepalive_ms,41.025798
latency,1,273,http1_python_nodelay_off_c4_keepalive_ms,40.983527
latency,1,274,http1_python_nodelay_off_c4_keepalive_ms,42.020885
latency,1,275,http1_python_nodelay_off_c4_keepalive_ms,40.988718
latency,1,276,http1_python_nodelay_off_c4_keepalive_ms,41.020148
latency,1,277,http1_python_nodelay_off_c4_keepalive_ms,40.976937
latency,1,278,http1_python_nodelay_off_c4_keepalive_ms,42.014555
latency,1,279,http1_python_nodelay_off_c4_keepalive_ms,40.966417
latency,1,280,http1_python_nodelay_off_c4_keepalive_ms,41.028768
latency,1,281,http1_python_nodelay_off_c4_keepalive_ms,41.245762
latency,1,282,http1_python_nodelay_off_c4_keepalive_ms,40.704812
latency,1,283,http1_python_nodelay_off_c4_keepalive_ms,42.111047
latency,1,284,http1_python_nodelay_off_c4_keepalive_ms,40.860765
latency,1,285,http1_python_nodelay_off_c4_keepalive_ms,42.321570
latency,1,286,http1_python_nodelay_off_c4_keepalive_ms,40.687452
latency,1,287,http1_python_nodelay_off_c4_keepalive_ms,41.321213
latency,1,288,http1_python_nodelay_off_c4_keepalive_ms,40.674382
latency,1,289,http1_python_nodelay_off_c4_keepalive_ms,41.053039
latency,1,290,http1_python_nodelay_off_c4_keepalive_ms,41.025418
latency,1,291,http1_python_nodelay_off_c4_keepalive_ms,41.259622
latency,1,292,http1_python_nodelay_off_c4_keepalive_ms,40.665242
latency,1,293,http1_python_nodelay_off_c4_keepalive_ms,41.315753
latency,1,294,http1_python_nodelay_off_c4_keepalive_ms,41.601948
latency,1,295,http1_python_nodelay_off_c4_keepalive_ms,41.273112
latency,1,296,http1_python_nodelay_off_c4_keepalive_ms,40.872255
latency,1,297,http1_python_nodelay_off_c4_keepalive_ms,41.219942
latency,1,298,http1_python_nodelay_off_c4_keepalive_ms,40.789174
latency,1,299,http1_python_nodelay_off_c4_keepalive_ms,40.968067
latency,1,300,http1_python_nodelay_off_c4_keepalive_ms,41.028058
latency,1,301,http1_python_nodelay_off_c4_keepalive_ms,40.975457
latency,1,302,http1_python_nodelay_off_c4_keepalive_ms,41.020898
latency,1,303,http1_python_nodelay_off_c4_keepalive_ms,40.982937
latency,1,304,http1_python_nodelay_off_c4_keepalive_ms,42.013805
latency,1,305,http1_python_nodelay_off_c4_keepalive_ms,42.012095
latency,1,306,http1_python_nodelay_off_c4_keepalive_ms,41.032228
latency,1,307,http1_python_nodelay_off_c4_keepalive_ms,41.941754
latency,1,308,http1_python_nodelay_off_c4_keepalive_ms,41.044488
latency,1,309,http1_python_nodelay_off_c4_keepalive_ms,40.911646
latency,1,310,http1_python_nodelay_off_c4_keepalive_ms,42.124657
latency,1,311,http1_python_nodelay_off_c4_keepalive_ms,40.869645
latency,1,312,http1_python_nodelay_off_c4_keepalive_ms,42.325500
latency,1,313,http1_python_nodelay_off_c4_keepalive_ms,41.638189
latency,1,314,http1_python_nodelay_off_c4_keepalive_ms,41.352514
latency,1,315,http1_python_nodelay_off_c4_keepalive_ms,40.698122
latency,1,316,http1_python_nodelay_off_c4_keepalive_ms,41.043268
latency,1,317,http1_python_nodelay_off_c4_keepalive_ms,41.019028
latency,1,318,http1_python_nodelay_off_c4_keepalive_ms,41.881813
latency,1,319,http1_python_nodelay_off_c4_keepalive_ms,41.036618
latency,1,160,http1_python_nodelay_off_c4_keepalive_ms,41.030978
latency,1,161,http1_python_nodelay_off_c4_keepalive_ms,41.740570
latency,1,162,http1_python_nodelay_off_c4_keepalive_ms,41.067229
latency,1,163,http1_python_nodelay_off_c4_keepalive_ms,41.012678
latency,1,164,http1_python_nodelay_off_c4_keepalive_ms,42.066726
latency,1,165,http1_python_nodelay_off_c4_keepalive_ms,42.009715
latency,1,166,http1_python_nodelay_off_c4_keepalive_ms,41.072178
latency,1,167,http1_python_nodelay_off_c4_keepalive_ms,40.895656
latency,1,168,http1_python_nodelay_off_c4_keepalive_ms,42.128207
latency,1,169,http1_python_nodelay_off_c4_keepalive_ms,40.846125
latency,1,170,http1_python_nodelay_off_c4_keepalive_ms,42.072966
latency,1,171,http1_python_nodelay_off_c4_keepalive_ms,41.930323
latency,1,172,http1_python_nodelay_off_c4_keepalive_ms,41.042588
latency,1,173,http1_python_nodelay_off_c4_keepalive_ms,40.975157
latency,1,174,http1_python_nodelay_off_c4_keepalive_ms,42.030245
latency,1,175,http1_python_nodelay_off_c4_keepalive_ms,40.964287
latency,1,176,http1_python_nodelay_off_c4_keepalive_ms,41.037729
latency,1,177,http1_python_nodelay_off_c4_keepalive_ms,42.011175
latency,1,178,http1_python_nodelay_off_c4_keepalive_ms,40.950006
latency,1,179,http1_python_nodelay_off_c4_keepalive_ms,41.008058
latency,1,180,http1_python_nodelay_off_c4_keepalive_ms,41.009648
latency,1,181,http1_python_nodelay_off_c4_keepalive_ms,40.998897
latency,1,182,http1_python_nodelay_off_c4_keepalive_ms,42.102247
latency,1,183,http1_python_nodelay_off_c4_keepalive_ms,40.940556
latency,1,184,http1_python_nodelay_off_c4_keepalive_ms,40.978247
latency,1,185,http1_python_nodelay_off_c4_keepalive_ms,41.023048
latency,1,186,http1_python_nodelay_off_c4_keepalive_ms,40.969388
latency,1,187,http1_python_nodelay_off_c4_keepalive_ms,41.001587
latency,1,188,http1_python_nodelay_off_c4_keepalive_ms,40.950357
latency,1,189,http1_python_nodelay_off_c4_keepalive_ms,41.050018
latency,1,190,http1_python_nodelay_off_c4_keepalive_ms,40.982678
latency,1,191,http1_python_nodelay_off_c4_keepalive_ms,41.018198
latency,1,192,http1_python_nodelay_off_c4_keepalive_ms,40.973797
latency,1,193,http1_python_nodelay_off_c4_keepalive_ms,41.035568
latency,1,194,http1_python_nodelay_off_c4_keepalive_ms,41.968874
latency,1,195,http1_python_nodelay_off_c4_keepalive_ms,41.041018
latency,1,196,http1_python_nodelay_off_c4_keepalive_ms,40.967987
latency,1,197,http1_python_nodelay_off_c4_keepalive_ms,41.028688
latency,1,198,http1_python_nodelay_off_c4_keepalive_ms,41.962614
latency,1,199,http1_python_nodelay_off_c4_keepalive_ms,41.018378
latency,1,200,http1_python_nodelay_off_c4_keepalive_ms,40.976797
latency,1,201,http1_python_nodelay_off_c4_keepalive_ms,40.958627
latency,1,202,http1_python_nodelay_off_c4_keepalive_ms,41.370094
latency,1,203,http1_python_nodelay_off_c4_keepalive_ms,41.730880
latency,1,204,http1_python_nodelay_off_c4_keepalive_ms,41.221562
latency,1,205,http1_python_nodelay_off_c4_keepalive_ms,41.663939
latency,1,206,http1_python_nodelay_off_c4_keepalive_ms,41.290282
latency,1,207,http1_python_nodelay_off_c4_keepalive_ms,40.718493
latency,1,208,http1_python_nodelay_off_c4_keepalive_ms,41.292432
latency,1,209,http1_python_nodelay_off_c4_keepalive_ms,40.786004
latency,1,210,http1_python_nodelay_off_c4_keepalive_ms,40.973248
latency,1,211,http1_python_nodelay_off_c4_keepalive_ms,40.943216
latency,1,212,http1_python_nodelay_off_c4_keepalive_ms,41.331213
latency,1,213,http1_python_nodelay_off_c4_keepalive_ms,40.694023
latency,1,214,http1_python_nodelay_off_c4_keepalive_ms,42.110946
latency,1,215,http1_python_nodelay_off_c4_keepalive_ms,40.947897
latency,1,216,http1_python_nodelay_off_c4_keepalive_ms,41.102129
latency,1,217,http1_python_nodelay_off_c4_keepalive_ms,40.809505
latency,1,218,http1_python_nodelay_off_c4_keepalive_ms,41.057638
latency,1,219,http1_python_nodelay_off_c4_keepalive_ms,41.020368
latency,1,220,http1_python_nodelay_off_c4_keepalive_ms,40.975757
latency,1,221,http1_python_nodelay_off_c4_keepalive_ms,41.027538
latency,1,222,http1_python_nodelay_off_c4_keepalive_ms,40.969138
latency,1,223,http1_python_nodelay_off_c4_keepalive_ms,41.034858
latency,1,224,http1_python_nodelay_off_c4_keepalive_ms,41.961884
latency,1,225,http1_python_nodelay_off_c4_keepalive_ms,41.989994
latency,1,226,http1_python_nodelay_off_c4_keepalive_ms,41.052629
latency,1,227,http1_python_nodelay_off_c4_keepalive_ms,41.996494
latency,1,228,http1_python_nodelay_off_c4_keepalive_ms,40.990638
latency,1,229,http1_python_nodelay_off_c4_keepalive_ms,40.957847
latency,1,230,http1_python_nodelay_off_c4_keepalive_ms,41.893352
latency,1,231,http1_python_nodelay_off_c4_keepalive_ms,41.406215
latency,1,232,http1_python_nodelay_off_c4_keepalive_ms,41.665619
latency,1,233,http1_python_nodelay_off_c4_keepalive_ms,42.302450
latency,1,234,http1_python_nodelay_off_c4_keepalive_ms,40.694712
latency,1,235,http1_python_nodelay_off_c4_keepalive_ms,41.321613
latency,1,236,http1_python_nodelay_off_c4_keepalive_ms,40.775234
latency,1,237,http1_python_nodelay_off_c4_keepalive_ms,40.966807
latency,1,238,http1_python_nodelay_off_c4_keepalive_ms,41.871782
latency,1,239,http1_python_nodelay_off_c4_keepalive_ms,41.848062
trial,1,320,http1_python_nodelay_off_c4_median_ms,41.028688
trial,1,320,http1_python_nodelay_off_c4_p95_ms,42.064836
trial,1,320,http1_python_nodelay_off_c4_requests_per_second,96.903
trial,1,320,http1_python_nodelay_off_c4_wall_ms,3302.264
latency,2,0,http1_python_nodelay_off_c4_keepalive_ms,1.057868
latency,2,1,http1_python_nodelay_off_c4_keepalive_ms,41.036038
latency,2,2,http1_python_nodelay_off_c4_keepalive_ms,41.265492
latency,2,3,http1_python_nodelay_off_c4_keepalive_ms,40.637032
latency,2,4,http1_python_nodelay_off_c4_keepalive_ms,41.238052
latency,2,5,http1_python_nodelay_off_c4_keepalive_ms,41.071048
latency,2,6,http1_python_nodelay_off_c4_keepalive_ms,40.773904
latency,2,7,http1_python_nodelay_off_c4_keepalive_ms,41.267952
latency,2,8,http1_python_nodelay_off_c4_keepalive_ms,40.729893
latency,2,9,http1_python_nodelay_off_c4_keepalive_ms,40.987678
latency,2,10,http1_python_nodelay_off_c4_keepalive_ms,41.205901
latency,2,11,http1_python_nodelay_off_c4_keepalive_ms,42.238178
latency,2,12,http1_python_nodelay_off_c4_keepalive_ms,41.740311
latency,2,13,http1_python_nodelay_off_c4_keepalive_ms,40.983737
latency,2,14,http1_python_nodelay_off_c4_keepalive_ms,40.892086
latency,2,15,http1_python_nodelay_off_c4_keepalive_ms,41.279222
latency,2,16,http1_python_nodelay_off_c4_keepalive_ms,40.681302
latency,2,17,http1_python_nodelay_off_c4_keepalive_ms,42.765578
latency,2,18,http1_python_nodelay_off_c4_keepalive_ms,41.776551
latency,2,19,http1_python_nodelay_off_c4_keepalive_ms,40.615321
latency,2,20,http1_python_nodelay_off_c4_keepalive_ms,41.686569
latency,2,21,http1_python_nodelay_off_c4_keepalive_ms,41.345753
latency,2,22,http1_python_nodelay_off_c4_keepalive_ms,41.972315
latency,2,23,http1_python_nodelay_off_c4_keepalive_ms,40.972537
latency,2,24,http1_python_nodelay_off_c4_keepalive_ms,40.922316
latency,2,25,http1_python_nodelay_off_c4_keepalive_ms,41.012638
latency,2,26,http1_python_nodelay_off_c4_keepalive_ms,41.986084
latency,2,27,http1_python_nodelay_off_c4_keepalive_ms,42.020065
latency,2,28,http1_python_nodelay_off_c4_keepalive_ms,41.957164
latency,2,29,http1_python_nodelay_off_c4_keepalive_ms,41.217931
latency,2,30,http1_python_nodelay_off_c4_keepalive_ms,40.781724
latency,2,31,http1_python_nodelay_off_c4_keepalive_ms,40.945057
latency,2,32,http1_python_nodelay_off_c4_keepalive_ms,42.030955
latency,2,33,http1_python_nodelay_off_c4_keepalive_ms,40.967747
latency,2,34,http1_python_nodelay_off_c4_keepalive_ms,41.036878
latency,2,35,http1_python_nodelay_off_c4_keepalive_ms,40.971957
latency,2,36,http1_python_nodelay_off_c4_keepalive_ms,42.200759
latency,2,37,http1_python_nodelay_off_c4_keepalive_ms,41.702789
latency,2,38,http1_python_nodelay_off_c4_keepalive_ms,41.213441
latency,2,39,http1_python_nodelay_off_c4_keepalive_ms,40.869376
latency,2,40,http1_python_nodelay_off_c4_keepalive_ms,41.004148
latency,2,41,http1_python_nodelay_off_c4_keepalive_ms,42.027194
latency,2,42,http1_python_nodelay_off_c4_keepalive_ms,40.978898
latency,2,43,http1_python_nodelay_off_c4_keepalive_ms,42.043485
latency,2,44,http1_python_nodelay_off_c4_keepalive_ms,41.948344
latency,2,45,http1_python_nodelay_off_c4_keepalive_ms,42.023085
latency,2,46,http1_python_nodelay_off_c4_keepalive_ms,41.003108
latency,2,47,http1_python_nodelay_off_c4_keepalive_ms,41.996284
latency,2,48,http1_python_nodelay_off_c4_keepalive_ms,40.971388
latency,2,49,http1_python_nodelay_off_c4_keepalive_ms,41.050088
latency,2,50,http1_python_nodelay_off_c4_keepalive_ms,41.829662
latency,2,51,http1_python_nodelay_off_c4_keepalive_ms,41.416864
latency,2,52,http1_python_nodelay_off_c4_keepalive_ms,40.669212
latency,2,53,http1_python_nodelay_off_c4_keepalive_ms,41.352074
latency,2,54,http1_python_nodelay_off_c4_keepalive_ms,40.667782
latency,2,55,http1_python_nodelay_off_c4_keepalive_ms,41.295573
latency,2,56,http1_python_nodelay_off_c4_keepalive_ms,41.667219
latency,2,57,http1_python_nodelay_off_c4_keepalive_ms,42.030735
latency,2,58,http1_python_nodelay_off_c4_keepalive_ms,41.017368
latency,2,59,http1_python_nodelay_off_c4_keepalive_ms,41.977544
latency,2,60,http1_python_nodelay_off_c4_keepalive_ms,41.028328
latency,2,61,http1_python_nodelay_off_c4_keepalive_ms,41.965624
latency,2,62,http1_python_nodelay_off_c4_keepalive_ms,42.019915
latency,2,63,http1_python_nodelay_off_c4_keepalive_ms,40.992327
latency,2,64,http1_python_nodelay_off_c4_keepalive_ms,41.052159
latency,2,65,http1_python_nodelay_off_c4_keepalive_ms,42.011115
latency,2,66,http1_python_nodelay_off_c4_keepalive_ms,41.882882
latency,2,67,http1_python_nodelay_off_c4_keepalive_ms,42.129877
latency,2,68,http1_python_nodelay_off_c4_keepalive_ms,41.875653
latency,2,69,http1_python_nodelay_off_c4_keepalive_ms,44.965215
latency,2,70,http1_python_nodelay_off_c4_keepalive_ms,41.200541
latency,2,71,http1_python_nodelay_off_c4_keepalive_ms,41.015308
latency,2,72,http1_python_nodelay_off_c4_keepalive_ms,40.896926
latency,2,73,http1_python_nodelay_off_c4_keepalive_ms,41.478445
latency,2,74,http1_python_nodelay_off_c4_keepalive_ms,40.527220
latency,2,75,http1_python_nodelay_off_c4_keepalive_ms,42.453852
latency,2,76,http1_python_nodelay_off_c4_keepalive_ms,41.531017
latency,2,77,http1_python_nodelay_off_c4_keepalive_ms,42.462392
latency,2,78,http1_python_nodelay_off_c4_keepalive_ms,41.857803
latency,2,79,http1_python_nodelay_off_c4_keepalive_ms,42.161137
latency,2,240,http1_python_nodelay_off_c4_keepalive_ms,40.984597
latency,2,241,http1_python_nodelay_off_c4_keepalive_ms,40.985547
latency,2,242,http1_python_nodelay_off_c4_keepalive_ms,41.056319
latency,2,243,http1_python_nodelay_off_c4_keepalive_ms,40.940486
latency,2,244,http1_python_nodelay_off_c4_keepalive_ms,41.143371
latency,2,245,http1_python_nodelay_off_c4_keepalive_ms,40.868045
latency,2,246,http1_python_nodelay_off_c4_keepalive_ms,41.075879
latency,2,247,http1_python_nodelay_off_c4_keepalive_ms,41.058908
latency,2,248,http1_python_nodelay_off_c4_keepalive_ms,41.006128
latency,2,249,http1_python_nodelay_off_c4_keepalive_ms,42.150447
latency,2,250,http1_python_nodelay_off_c4_keepalive_ms,41.702320
latency,2,251,http1_python_nodelay_off_c4_keepalive_ms,42.283809
latency,2,252,http1_python_nodelay_off_c4_keepalive_ms,41.691380
latency,2,253,http1_python_nodelay_off_c4_keepalive_ms,41.080749
latency,2,254,http1_python_nodelay_off_c4_keepalive_ms,40.988077
latency,2,255,http1_python_nodelay_off_c4_keepalive_ms,41.015278
latency,2,256,http1_python_nodelay_off_c4_keepalive_ms,41.089489
latency,2,257,http1_python_nodelay_off_c4_keepalive_ms,41.906863
latency,2,258,http1_python_nodelay_off_c4_keepalive_ms,41.214911
latency,2,259,http1_python_nodelay_off_c4_keepalive_ms,41.024078
latency,2,260,http1_python_nodelay_off_c4_keepalive_ms,42.057596
latency,2,261,http1_python_nodelay_off_c4_keepalive_ms,41.928163
latency,2,262,http1_python_nodelay_off_c4_keepalive_ms,40.946437
latency,2,263,http1_python_nodelay_off_c4_keepalive_ms,41.018058
latency,2,264,http1_python_nodelay_off_c4_keepalive_ms,40.918776
latency,2,265,http1_python_nodelay_off_c4_keepalive_ms,42.120507
latency,2,266,http1_python_nodelay_off_c4_keepalive_ms,41.906553
latency,2,267,http1_python_nodelay_off_c4_keepalive_ms,42.006805
latency,2,268,http1_python_nodelay_off_c4_keepalive_ms,42.800308
latency,2,269,http1_python_nodelay_off_c4_keepalive_ms,41.139840
latency,2,270,http1_python_nodelay_off_c4_keepalive_ms,40.968737
latency,2,271,http1_python_nodelay_off_c4_keepalive_ms,41.045258
latency,2,272,http1_python_nodelay_off_c4_keepalive_ms,40.952807
latency,2,273,http1_python_nodelay_off_c4_keepalive_ms,41.035428
latency,2,274,http1_python_nodelay_off_c4_keepalive_ms,40.976217
latency,2,275,http1_python_nodelay_off_c4_keepalive_ms,41.079539
latency,2,276,http1_python_nodelay_off_c4_keepalive_ms,40.974347
latency,2,277,http1_python_nodelay_off_c4_keepalive_ms,42.627926
latency,2,278,http1_python_nodelay_off_c4_keepalive_ms,41.589297
latency,2,279,http1_python_nodelay_off_c4_keepalive_ms,40.721583
latency,2,280,http1_python_nodelay_off_c4_keepalive_ms,42.021725
latency,2,281,http1_python_nodelay_off_c4_keepalive_ms,41.979265
latency,2,282,http1_python_nodelay_off_c4_keepalive_ms,42.040205
latency,2,283,http1_python_nodelay_off_c4_keepalive_ms,41.956534
latency,2,284,http1_python_nodelay_off_c4_keepalive_ms,42.023825
latency,2,285,http1_python_nodelay_off_c4_keepalive_ms,41.020928
latency,2,286,http1_python_nodelay_off_c4_keepalive_ms,41.977204
latency,2,287,http1_python_nodelay_off_c4_keepalive_ms,41.976654
latency,2,288,http1_python_nodelay_off_c4_keepalive_ms,41.042429
latency,2,289,http1_python_nodelay_off_c4_keepalive_ms,41.279272
latency,2,290,http1_python_nodelay_off_c4_keepalive_ms,40.709713
latency,2,291,http1_python_nodelay_off_c4_keepalive_ms,41.262462
latency,2,292,http1_python_nodelay_off_c4_keepalive_ms,40.675342
latency,2,293,http1_python_nodelay_off_c4_keepalive_ms,41.263602
latency,2,294,http1_python_nodelay_off_c4_keepalive_ms,40.716233
latency,2,295,http1_python_nodelay_off_c4_keepalive_ms,42.265619
latency,2,296,http1_python_nodelay_off_c4_keepalive_ms,41.779701
latency,2,297,http1_python_nodelay_off_c4_keepalive_ms,41.978624
latency,2,298,http1_python_nodelay_off_c4_keepalive_ms,42.017585
latency,2,299,http1_python_nodelay_off_c4_keepalive_ms,40.978177
latency,2,300,http1_python_nodelay_off_c4_keepalive_ms,42.015515
latency,2,301,http1_python_nodelay_off_c4_keepalive_ms,41.980795
latency,2,302,http1_python_nodelay_off_c4_keepalive_ms,41.038468
latency,2,303,http1_python_nodelay_off_c4_keepalive_ms,40.997227
latency,2,304,http1_python_nodelay_off_c4_keepalive_ms,40.944047
latency,2,305,http1_python_nodelay_off_c4_keepalive_ms,42.072946
latency,2,306,http1_python_nodelay_off_c4_keepalive_ms,41.909943
latency,2,307,http1_python_nodelay_off_c4_keepalive_ms,44.305884
latency,2,308,http1_python_nodelay_off_c4_keepalive_ms,40.919716
latency,2,309,http1_python_nodelay_off_c4_keepalive_ms,40.972187
latency,2,310,http1_python_nodelay_off_c4_keepalive_ms,40.968037
latency,2,311,http1_python_nodelay_off_c4_keepalive_ms,40.943017
latency,2,312,http1_python_nodelay_off_c4_keepalive_ms,41.005418
latency,2,313,http1_python_nodelay_off_c4_keepalive_ms,41.000677
latency,2,314,http1_python_nodelay_off_c4_keepalive_ms,41.987525
latency,2,315,http1_python_nodelay_off_c4_keepalive_ms,41.997544
latency,2,316,http1_python_nodelay_off_c4_keepalive_ms,42.000575
latency,2,317,http1_python_nodelay_off_c4_keepalive_ms,41.926033
latency,2,318,http1_python_nodelay_off_c4_keepalive_ms,42.080636
latency,2,319,http1_python_nodelay_off_c4_keepalive_ms,41.931754
latency,2,160,http1_python_nodelay_off_c4_keepalive_ms,42.038055
latency,2,161,http1_python_nodelay_off_c4_keepalive_ms,40.951847
latency,2,162,http1_python_nodelay_off_c4_keepalive_ms,41.092709
latency,2,163,http1_python_nodelay_off_c4_keepalive_ms,40.871056
latency,2,164,http1_python_nodelay_off_c4_keepalive_ms,41.055788
latency,2,165,http1_python_nodelay_off_c4_keepalive_ms,41.346284
latency,2,166,http1_python_nodelay_off_c4_keepalive_ms,40.661571
latency,2,167,http1_python_nodelay_off_c4_keepalive_ms,41.041829
latency,2,168,http1_python_nodelay_off_c4_keepalive_ms,41.039048
latency,2,169,http1_python_nodelay_off_c4_keepalive_ms,41.206681
latency,2,170,http1_python_nodelay_off_c4_keepalive_ms,41.685669
latency,2,171,http1_python_nodelay_off_c4_keepalive_ms,42.229099
latency,2,172,http1_python_nodelay_off_c4_keepalive_ms,40.977777
latency,2,173,http1_python_nodelay_off_c4_keepalive_ms,41.029278
latency,2,174,http1_python_nodelay_off_c4_keepalive_ms,40.854385
latency,2,175,http1_python_nodelay_off_c4_keepalive_ms,41.477616
latency,2,176,http1_python_nodelay_off_c4_keepalive_ms,42.276019
latency,2,177,http1_python_nodelay_off_c4_keepalive_ms,41.444306
latency,2,178,http1_python_nodelay_off_c4_keepalive_ms,40.996087
latency,2,179,http1_python_nodelay_off_c4_keepalive_ms,40.952697
latency,2,180,http1_python_nodelay_off_c4_keepalive_ms,42.014435
latency,2,181,http1_python_nodelay_off_c4_keepalive_ms,41.971854
latency,2,182,http1_python_nodelay_off_c4_keepalive_ms,40.994477
latency,2,183,http1_python_nodelay_off_c4_keepalive_ms,40.969147
latency,2,184,http1_python_nodelay_off_c4_keepalive_ms,40.966107
latency,2,185,http1_python_nodelay_off_c4_keepalive_ms,42.031986
latency,2,186,http1_python_nodelay_off_c4_keepalive_ms,42.017575
latency,2,187,http1_python_nodelay_off_c4_keepalive_ms,41.981764
latency,2,188,http1_python_nodelay_off_c4_keepalive_ms,40.884736
latency,2,189,http1_python_nodelay_off_c4_keepalive_ms,41.043718
latency,2,190,http1_python_nodelay_off_c4_keepalive_ms,40.993817
latency,2,191,http1_python_nodelay_off_c4_keepalive_ms,41.982165
latency,2,192,http1_python_nodelay_off_c4_keepalive_ms,41.059768
latency,2,193,http1_python_nodelay_off_c4_keepalive_ms,40.944807
latency,2,194,http1_python_nodelay_off_c4_keepalive_ms,41.020788
latency,2,195,http1_python_nodelay_off_c4_keepalive_ms,41.936513
latency,2,196,http1_python_nodelay_off_c4_keepalive_ms,42.354231
latency,2,197,http1_python_nodelay_off_c4_keepalive_ms,40.845875
latency,2,198,http1_python_nodelay_off_c4_keepalive_ms,41.123500
latency,2,199,http1_python_nodelay_off_c4_keepalive_ms,40.730793
latency,2,200,http1_python_nodelay_off_c4_keepalive_ms,41.978554
latency,2,201,http1_python_nodelay_off_c4_keepalive_ms,41.027438
latency,2,202,http1_python_nodelay_off_c4_keepalive_ms,41.995035
latency,2,203,http1_python_nodelay_off_c4_keepalive_ms,41.996975
latency,2,204,http1_python_nodelay_off_c4_keepalive_ms,41.974934
latency,2,205,http1_python_nodelay_off_c4_keepalive_ms,41.050968
latency,2,206,http1_python_nodelay_off_c4_keepalive_ms,41.948014
latency,2,207,http1_python_nodelay_off_c4_keepalive_ms,41.020288
latency,2,208,http1_python_nodelay_off_c4_keepalive_ms,41.000778
latency,2,209,http1_python_nodelay_off_c4_keepalive_ms,42.067845
latency,2,210,http1_python_nodelay_off_c4_keepalive_ms,40.875696
latency,2,211,http1_python_nodelay_off_c4_keepalive_ms,41.321033
latency,2,212,http1_python_nodelay_off_c4_keepalive_ms,40.706343
latency,2,213,http1_python_nodelay_off_c4_keepalive_ms,41.378274
latency,2,214,http1_python_nodelay_off_c4_keepalive_ms,40.587180
latency,2,215,http1_python_nodelay_off_c4_keepalive_ms,42.248899
latency,2,216,http1_python_nodelay_off_c4_keepalive_ms,41.788221
latency,2,217,http1_python_nodelay_off_c4_keepalive_ms,40.976587
latency,2,218,http1_python_nodelay_off_c4_keepalive_ms,42.017955
latency,2,219,http1_python_nodelay_off_c4_keepalive_ms,40.989328
latency,2,220,http1_python_nodelay_off_c4_keepalive_ms,42.004734
latency,2,221,http1_python_nodelay_off_c4_keepalive_ms,41.980765
latency,2,222,http1_python_nodelay_off_c4_keepalive_ms,41.031438
latency,2,223,http1_python_nodelay_off_c4_keepalive_ms,41.008507
latency,2,224,http1_python_nodelay_off_c4_keepalive_ms,42.062636
latency,2,225,http1_python_nodelay_off_c4_keepalive_ms,42.169728
latency,2,226,http1_python_nodelay_off_c4_keepalive_ms,41.692579
latency,2,227,http1_python_nodelay_off_c4_keepalive_ms,46.278148
latency,2,228,http1_python_nodelay_off_c4_keepalive_ms,40.987027
latency,2,229,http1_python_nodelay_off_c4_keepalive_ms,40.948157
latency,2,230,http1_python_nodelay_off_c4_keepalive_ms,40.920096
latency,2,231,http1_python_nodelay_off_c4_keepalive_ms,41.452855
latency,2,232,http1_python_nodelay_off_c4_keepalive_ms,40.495049
latency,2,233,http1_python_nodelay_off_c4_keepalive_ms,41.455886
latency,2,234,http1_python_nodelay_off_c4_keepalive_ms,41.533026
latency,2,235,http1_python_nodelay_off_c4_keepalive_ms,42.465363
latency,2,236,http1_python_nodelay_off_c4_keepalive_ms,41.532607
latency,2,237,http1_python_nodelay_off_c4_keepalive_ms,42.349710
latency,2,238,http1_python_nodelay_off_c4_keepalive_ms,41.657109
latency,2,239,http1_python_nodelay_off_c4_keepalive_ms,42.752037
latency,2,80,http1_python_nodelay_off_c4_keepalive_ms,41.391525
latency,2,81,http1_python_nodelay_off_c4_keepalive_ms,40.947846
latency,2,82,http1_python_nodelay_off_c4_keepalive_ms,40.722533
latency,2,83,http1_python_nodelay_off_c4_keepalive_ms,41.248502
latency,2,84,http1_python_nodelay_off_c4_keepalive_ms,40.685232
latency,2,85,http1_python_nodelay_off_c4_keepalive_ms,41.240902
latency,2,86,http1_python_nodelay_off_c4_keepalive_ms,41.073529
latency,2,87,http1_python_nodelay_off_c4_keepalive_ms,40.791624
latency,2,88,http1_python_nodelay_off_c4_keepalive_ms,40.958497
latency,2,89,http1_python_nodelay_off_c4_keepalive_ms,42.249509
latency,2,90,http1_python_nodelay_off_c4_keepalive_ms,41.691279
latency,2,91,http1_python_nodelay_off_c4_keepalive_ms,42.176918
latency,2,92,http1_python_nodelay_off_c4_keepalive_ms,41.024708
latency,2,93,http1_python_nodelay_off_c4_keepalive_ms,40.980437
latency,2,94,http1_python_nodelay_off_c4_keepalive_ms,40.903096
latency,2,95,http1_python_nodelay_off_c4_keepalive_ms,41.015288
latency,2,96,http1_python_nodelay_off_c4_keepalive_ms,41.929813
latency,2,97,http1_python_nodelay_off_c4_keepalive_ms,41.039688
latency,2,98,http1_python_nodelay_off_c4_keepalive_ms,41.936964
latency,2,99,http1_python_nodelay_off_c4_keepalive_ms,41.174790
latency,2,100,http1_python_nodelay_off_c4_keepalive_ms,42.065196
latency,2,101,http1_python_nodelay_off_c4_keepalive_ms,41.922213
latency,2,102,http1_python_nodelay_off_c4_keepalive_ms,41.742511
latency,2,103,http1_python_nodelay_off_c4_keepalive_ms,41.101669
latency,2,104,http1_python_nodelay_off_c4_keepalive_ms,40.973217
latency,2,105,http1_python_nodelay_off_c4_keepalive_ms,41.812562
latency,2,106,http1_python_nodelay_off_c4_keepalive_ms,41.978894
latency,2,107,http1_python_nodelay_off_c4_keepalive_ms,41.951724
latency,2,108,http1_python_nodelay_off_c4_keepalive_ms,42.564444
latency,2,109,http1_python_nodelay_off_c4_keepalive_ms,40.757973
latency,2,110,http1_python_nodelay_off_c4_keepalive_ms,41.014598
latency,2,111,http1_python_nodelay_off_c4_keepalive_ms,40.997038
latency,2,112,http1_python_nodelay_off_c4_keepalive_ms,41.000417
latency,2,113,http1_python_nodelay_off_c4_keepalive_ms,40.987278
latency,2,114,http1_python_nodelay_off_c4_keepalive_ms,41.026288
latency,2,115,http1_python_nodelay_off_c4_keepalive_ms,41.077829
latency,2,116,http1_python_nodelay_off_c4_keepalive_ms,41.776341
latency,2,117,http1_python_nodelay_off_c4_keepalive_ms,41.268962
latency,2,118,http1_python_nodelay_off_c4_keepalive_ms,41.759000
latency,2,119,http1_python_nodelay_off_c4_keepalive_ms,41.105910
latency,2,120,http1_python_nodelay_off_c4_keepalive_ms,41.975404
latency,2,121,http1_python_nodelay_off_c4_keepalive_ms,42.028305
latency,2,122,http1_python_nodelay_off_c4_keepalive_ms,41.990614
latency,2,123,http1_python_nodelay_off_c4_keepalive_ms,42.005915
latency,2,124,http1_python_nodelay_off_c4_keepalive_ms,41.974374
latency,2,125,http1_python_nodelay_off_c4_keepalive_ms,41.070699
latency,2,126,http1_python_nodelay_off_c4_keepalive_ms,41.928614
latency,2,127,http1_python_nodelay_off_c4_keepalive_ms,42.024775
latency,2,128,http1_python_nodelay_off_c4_keepalive_ms,40.984017
latency,2,129,http1_python_nodelay_off_c4_keepalive_ms,40.974017
latency,2,130,http1_python_nodelay_off_c4_keepalive_ms,41.179361
latency,2,131,http1_python_nodelay_off_c4_keepalive_ms,40.795514
latency,2,132,http1_python_nodelay_off_c4_keepalive_ms,41.306113
latency,2,133,http1_python_nodelay_off_c4_keepalive_ms,40.683542
latency,2,134,http1_python_nodelay_off_c4_keepalive_ms,41.344144
latency,2,135,http1_python_nodelay_off_c4_keepalive_ms,41.643168
latency,2,136,http1_python_nodelay_off_c4_keepalive_ms,42.040716
latency,2,137,http1_python_nodelay_off_c4_keepalive_ms,42.018735
latency,2,138,http1_python_nodelay_off_c4_keepalive_ms,41.977644
latency,2,139,http1_python_nodelay_off_c4_keepalive_ms,41.017708
latency,2,140,http1_python_nodelay_off_c4_keepalive_ms,41.976494
latency,2,141,http1_python_nodelay_off_c4_keepalive_ms,42.019725
latency,2,142,http1_python_nodelay_off_c4_keepalive_ms,40.998228
latency,2,143,http1_python_nodelay_off_c4_keepalive_ms,41.041538
latency,2,144,http1_python_nodelay_off_c4_keepalive_ms,41.190021
latency,2,145,http1_python_nodelay_off_c4_keepalive_ms,41.825631
latency,2,146,http1_python_nodelay_off_c4_keepalive_ms,42.131487
latency,2,147,http1_python_nodelay_off_c4_keepalive_ms,43.768765
latency,2,148,http1_python_nodelay_off_c4_keepalive_ms,41.238352
latency,2,149,http1_python_nodelay_off_c4_keepalive_ms,42.718927
latency,2,150,http1_python_nodelay_off_c4_keepalive_ms,41.047348
latency,2,151,http1_python_nodelay_off_c4_keepalive_ms,41.008828
latency,2,152,http1_python_nodelay_off_c4_keepalive_ms,42.004014
latency,2,153,http1_python_nodelay_off_c4_keepalive_ms,40.989888
latency,2,154,http1_python_nodelay_off_c4_keepalive_ms,42.016595
latency,2,155,http1_python_nodelay_off_c4_keepalive_ms,41.978304
latency,2,156,http1_python_nodelay_off_c4_keepalive_ms,42.022695
latency,2,157,http1_python_nodelay_off_c4_keepalive_ms,41.970774
latency,2,158,http1_python_nodelay_off_c4_keepalive_ms,42.002635
latency,2,159,http1_python_nodelay_off_c4_keepalive_ms,42.022545
trial,2,320,http1_python_nodelay_off_c4_median_ms,41.262462
trial,2,320,http1_python_nodelay_off_c4_p95_ms,42.276019
trial,2,320,http1_python_nodelay_off_c4_requests_per_second,96.343
trial,2,320,http1_python_nodelay_off_c4_wall_ms,3321.457
latency,3,0,http1_python_nodelay_off_c4_keepalive_ms,41.143361
latency,3,1,http1_python_nodelay_off_c4_keepalive_ms,40.963066
latency,3,2,http1_python_nodelay_off_c4_keepalive_ms,41.190211
latency,3,3,http1_python_nodelay_off_c4_keepalive_ms,40.782244
latency,3,4,http1_python_nodelay_off_c4_keepalive_ms,42.241199
latency,3,5,http1_python_nodelay_off_c4_keepalive_ms,40.756353
latency,3,6,http1_python_nodelay_off_c4_keepalive_ms,40.932077
latency,3,7,http1_python_nodelay_off_c4_keepalive_ms,41.037058
latency,3,8,http1_python_nodelay_off_c4_keepalive_ms,41.015788
latency,3,9,http1_python_nodelay_off_c4_keepalive_ms,41.975604
latency,3,10,http1_python_nodelay_off_c4_keepalive_ms,40.971397
latency,3,11,http1_python_nodelay_off_c4_keepalive_ms,41.018508
latency,3,12,http1_python_nodelay_off_c4_keepalive_ms,40.970337
latency,3,13,http1_python_nodelay_off_c4_keepalive_ms,41.020648
latency,3,14,http1_python_nodelay_off_c4_keepalive_ms,40.986608
latency,3,15,http1_python_nodelay_off_c4_keepalive_ms,41.121360
latency,3,16,http1_python_nodelay_off_c4_keepalive_ms,45.212929
latency,3,17,http1_python_nodelay_off_c4_keepalive_ms,40.626261
latency,3,18,http1_python_nodelay_off_c4_keepalive_ms,41.323053
latency,3,19,http1_python_nodelay_off_c4_keepalive_ms,40.667712
latency,3,20,http1_python_nodelay_off_c4_keepalive_ms,41.336614
latency,3,21,http1_python_nodelay_off_c4_keepalive_ms,40.773173
latency,3,22,http1_python_nodelay_off_c4_keepalive_ms,40.970937
latency,3,23,http1_python_nodelay_off_c4_keepalive_ms,40.997078
latency,3,24,http1_python_nodelay_off_c4_keepalive_ms,41.029568
latency,3,25,http1_python_nodelay_off_c4_keepalive_ms,40.969197
latency,3,26,http1_python_nodelay_off_c4_keepalive_ms,40.999558
latency,3,27,http1_python_nodelay_off_c4_keepalive_ms,40.976477
latency,3,28,http1_python_nodelay_off_c4_keepalive_ms,41.023208
latency,3,29,http1_python_nodelay_off_c4_keepalive_ms,40.972837
latency,3,30,http1_python_nodelay_off_c4_keepalive_ms,41.024828
latency,3,31,http1_python_nodelay_off_c4_keepalive_ms,40.972248
latency,3,32,http1_python_nodelay_off_c4_keepalive_ms,41.023748
latency,3,33,http1_python_nodelay_off_c4_keepalive_ms,40.976277
latency,3,34,http1_python_nodelay_off_c4_keepalive_ms,41.032748
latency,3,35,http1_python_nodelay_off_c4_keepalive_ms,40.997717
latency,3,36,http1_python_nodelay_off_c4_keepalive_ms,41.002738
latency,3,37,http1_python_nodelay_off_c4_keepalive_ms,40.975157
latency,3,38,http1_python_nodelay_off_c4_keepalive_ms,41.016579
latency,3,39,http1_python_nodelay_off_c4_keepalive_ms,40.976147
latency,3,40,http1_python_nodelay_off_c4_keepalive_ms,41.021298
latency,3,41,http1_python_nodelay_off_c4_keepalive_ms,41.976664
latency,3,42,http1_python_nodelay_off_c4_keepalive_ms,41.041358
latency,3,43,http1_python_nodelay_off_c4_keepalive_ms,42.085306
latency,3,44,http1_python_nodelay_off_c4_keepalive_ms,40.930867
latency,3,45,http1_python_nodelay_off_c4_keepalive_ms,40.971217
latency,3,46,http1_python_nodelay_off_c4_keepalive_ms,40.964517
latency,3,47,http1_python_nodelay_off_c4_keepalive_ms,41.026408
latency,3,48,http1_python_nodelay_off_c4_keepalive_ms,41.026688
latency,3,49,http1_python_nodelay_off_c4_keepalive_ms,41.973234
latency,3,50,http1_python_nodelay_off_c4_keepalive_ms,40.941557
latency,3,51,http1_python_nodelay_off_c4_keepalive_ms,42.303920
latency,3,52,http1_python_nodelay_off_c4_keepalive_ms,40.713263
latency,3,53,http1_python_nodelay_off_c4_keepalive_ms,41.195851
latency,3,54,http1_python_nodelay_off_c4_keepalive_ms,40.789664
latency,3,55,http1_python_nodelay_off_c4_keepalive_ms,41.302902
latency,3,56,http1_python_nodelay_off_c4_keepalive_ms,41.683260
latency,3,57,http1_python_nodelay_off_c4_keepalive_ms,42.028875
latency,3,58,http1_python_nodelay_off_c4_keepalive_ms,41.038658
latency,3,59,http1_python_nodelay_off_c4_keepalive_ms,41.243462
latency,3,60,http1_python_nodelay_off_c4_keepalive_ms,41.744900
latency,3,61,http1_python_nodelay_off_c4_keepalive_ms,41.275972
latency,3,62,http1_python_nodelay_off_c4_keepalive_ms,41.638079
latency,3,63,http1_python_nodelay_off_c4_keepalive_ms,42.108337
latency,3,64,http1_python_nodelay_off_c4_keepalive_ms,42.112186
latency,3,65,http1_python_nodelay_off_c4_keepalive_ms,40.888846
latency,3,66,http1_python_nodelay_off_c4_keepalive_ms,42.071246
latency,3,67,http1_python_nodelay_off_c4_keepalive_ms,40.850795
latency,3,68,http1_python_nodelay_off_c4_keepalive_ms,41.136300
latency,3,69,http1_python_nodelay_off_c4_keepalive_ms,40.877765
latency,3,70,http1_python_nodelay_off_c4_keepalive_ms,41.185621
latency,3,71,http1_python_nodelay_off_c4_keepalive_ms,40.811014
latency,3,72,http1_python_nodelay_off_c4_keepalive_ms,41.043999
latency,3,73,http1_python_nodelay_off_c4_keepalive_ms,41.033548
latency,3,74,http1_python_nodelay_off_c4_keepalive_ms,41.028868
latency,3,75,http1_python_nodelay_off_c4_keepalive_ms,40.969277
latency,3,76,http1_python_nodelay_off_c4_keepalive_ms,40.979148
latency,3,77,http1_python_nodelay_off_c4_keepalive_ms,40.946096
latency,3,78,http1_python_nodelay_off_c4_keepalive_ms,41.304833
latency,3,79,http1_python_nodelay_off_c4_keepalive_ms,40.700733
latency,3,80,http1_python_nodelay_off_c4_keepalive_ms,41.107690
latency,3,81,http1_python_nodelay_off_c4_keepalive_ms,40.989527
latency,3,82,http1_python_nodelay_off_c4_keepalive_ms,40.904486
latency,3,83,http1_python_nodelay_off_c4_keepalive_ms,41.143660
latency,3,84,http1_python_nodelay_off_c4_keepalive_ms,41.839842
latency,3,85,http1_python_nodelay_off_c4_keepalive_ms,41.081799
latency,3,86,http1_python_nodelay_off_c4_keepalive_ms,40.983257
latency,3,87,http1_python_nodelay_off_c4_keepalive_ms,40.985588
latency,3,88,http1_python_nodelay_off_c4_keepalive_ms,41.067268
latency,3,89,http1_python_nodelay_off_c4_keepalive_ms,41.925584
latency,3,90,http1_python_nodelay_off_c4_keepalive_ms,41.019618
latency,3,91,http1_python_nodelay_off_c4_keepalive_ms,40.970037
latency,3,92,http1_python_nodelay_off_c4_keepalive_ms,41.018878
latency,3,93,http1_python_nodelay_off_c4_keepalive_ms,40.972617
latency,3,94,http1_python_nodelay_off_c4_keepalive_ms,41.034048
latency,3,95,http1_python_nodelay_off_c4_keepalive_ms,41.066889
latency,3,96,http1_python_nodelay_off_c4_keepalive_ms,44.880544
latency,3,97,http1_python_nodelay_off_c4_keepalive_ms,41.271262
latency,3,98,http1_python_nodelay_off_c4_keepalive_ms,40.714103
latency,3,99,http1_python_nodelay_off_c4_keepalive_ms,41.265072
latency,3,100,http1_python_nodelay_off_c4_keepalive_ms,40.734773
latency,3,101,http1_python_nodelay_off_c4_keepalive_ms,41.079399
latency,3,102,http1_python_nodelay_off_c4_keepalive_ms,41.022228
latency,3,103,http1_python_nodelay_off_c4_keepalive_ms,40.995757
latency,3,104,http1_python_nodelay_off_c4_keepalive_ms,40.978368
latency,3,105,http1_python_nodelay_off_c4_keepalive_ms,40.952076
latency,3,106,http1_python_nodelay_off_c4_keepalive_ms,41.019088
latency,3,107,http1_python_nodelay_off_c4_keepalive_ms,41.025269
latency,3,108,http1_python_nodelay_off_c4_keepalive_ms,40.974267
latency,3,109,http1_python_nodelay_off_c4_keepalive_ms,41.021038
latency,3,110,http1_python_nodelay_off_c4_keepalive_ms,40.976957
latency,3,111,http1_python_nodelay_off_c4_keepalive_ms,41.020588
latency,3,112,http1_python_nodelay_off_c4_keepalive_ms,40.975287
latency,3,113,http1_python_nodelay_off_c4_keepalive_ms,41.023948
latency,3,114,http1_python_nodelay_off_c4_keepalive_ms,40.984447
latency,3,115,http1_python_nodelay_off_c4_keepalive_ms,41.046759
latency,3,116,http1_python_nodelay_off_c4_keepalive_ms,40.954057
latency,3,117,http1_python_nodelay_off_c4_keepalive_ms,41.023338
latency,3,118,http1_python_nodelay_off_c4_keepalive_ms,40.968827
latency,3,119,http1_python_nodelay_off_c4_keepalive_ms,41.024238
latency,3,120,http1_python_nodelay_off_c4_keepalive_ms,40.973187
latency,3,121,http1_python_nodelay_off_c4_keepalive_ms,42.026975
latency,3,122,http1_python_nodelay_off_c4_keepalive_ms,41.041669
latency,3,123,http1_python_nodelay_off_c4_keepalive_ms,41.844222
latency,3,124,http1_python_nodelay_off_c4_keepalive_ms,41.119609
latency,3,125,http1_python_nodelay_off_c4_keepalive_ms,41.022908
latency,3,126,http1_python_nodelay_off_c4_keepalive_ms,40.918286
latency,3,127,http1_python_nodelay_off_c4_keepalive_ms,41.114060
latency,3,128,http1_python_nodelay_off_c4_keepalive_ms,40.931756
latency,3,129,http1_python_nodelay_off_c4_keepalive_ms,42.026685
latency,3,130,http1_python_nodelay_off_c4_keepalive_ms,41.226602
latency,3,131,http1_python_nodelay_off_c4_keepalive_ms,41.702180
latency,3,132,http1_python_nodelay_off_c4_keepalive_ms,41.340923
latency,3,133,http1_python_nodelay_off_c4_keepalive_ms,40.624172
latency,3,134,http1_python_nodelay_off_c4_keepalive_ms,41.363163
latency,3,135,http1_python_nodelay_off_c4_keepalive_ms,40.661382
latency,3,136,http1_python_nodelay_off_c4_keepalive_ms,41.949164
latency,3,137,http1_python_nodelay_off_c4_keepalive_ms,42.083416
latency,3,138,http1_python_nodelay_off_c4_keepalive_ms,41.068149
latency,3,139,http1_python_nodelay_off_c4_keepalive_ms,40.900356
latency,3,140,http1_python_nodelay_off_c4_keepalive_ms,42.494303
latency,3,141,http1_python_nodelay_off_c4_keepalive_ms,40.519589
latency,3,142,http1_python_nodelay_off_c4_keepalive_ms,41.903573
latency,3,143,http1_python_nodelay_off_c4_keepalive_ms,42.171048
latency,3,144,http1_python_nodelay_off_c4_keepalive_ms,42.145247
latency,3,145,http1_python_nodelay_off_c4_keepalive_ms,40.856635
latency,3,146,http1_python_nodelay_off_c4_keepalive_ms,41.828602
latency,3,147,http1_python_nodelay_off_c4_keepalive_ms,41.361304
latency,3,148,http1_python_nodelay_off_c4_keepalive_ms,40.707042
latency,3,149,http1_python_nodelay_off_c4_keepalive_ms,41.313963
latency,3,150,http1_python_nodelay_off_c4_keepalive_ms,40.770524
latency,3,151,http1_python_nodelay_off_c4_keepalive_ms,41.247482
latency,3,152,http1_python_nodelay_off_c4_keepalive_ms,40.747933
latency,3,153,http1_python_nodelay_off_c4_keepalive_ms,40.981017
latency,3,154,http1_python_nodelay_off_c4_keepalive_ms,41.090220
latency,3,155,http1_python_nodelay_off_c4_keepalive_ms,40.907916
latency,3,156,http1_python_nodelay_off_c4_keepalive_ms,41.031348
latency,3,157,http1_python_nodelay_off_c4_keepalive_ms,41.269172
latency,3,158,http1_python_nodelay_off_c4_keepalive_ms,40.657352
latency,3,159,http1_python_nodelay_off_c4_keepalive_ms,41.807541
latency,3,160,http1_python_nodelay_off_c4_keepalive_ms,41.123940
latency,3,161,http1_python_nodelay_off_c4_keepalive_ms,42.812758
latency,3,162,http1_python_nodelay_off_c4_keepalive_ms,41.077869
latency,3,163,http1_python_nodelay_off_c4_keepalive_ms,42.242509
latency,3,164,http1_python_nodelay_off_c4_keepalive_ms,41.835392
latency,3,165,http1_python_nodelay_off_c4_keepalive_ms,41.922583
latency,3,166,http1_python_nodelay_off_c4_keepalive_ms,42.019695
latency,3,167,http1_python_nodelay_off_c4_keepalive_ms,41.980865
latency,3,168,http1_python_nodelay_off_c4_keepalive_ms,42.012895
latency,3,169,http1_python_nodelay_off_c4_keepalive_ms,41.975554
latency,3,170,http1_python_nodelay_off_c4_keepalive_ms,41.022228
latency,3,171,http1_python_nodelay_off_c4_keepalive_ms,40.980977
latency,3,172,http1_python_nodelay_off_c4_keepalive_ms,41.031178
latency,3,173,http1_python_nodelay_off_c4_keepalive_ms,40.976117
latency,3,174,http1_python_nodelay_off_c4_keepalive_ms,41.011308
latency,3,175,http1_python_nodelay_off_c4_keepalive_ms,41.328543
latency,3,176,http1_python_nodelay_off_c4_keepalive_ms,40.674232
latency,3,177,http1_python_nodelay_off_c4_keepalive_ms,41.228982
latency,3,178,http1_python_nodelay_off_c4_keepalive_ms,40.768143
latency,3,179,http1_python_nodelay_off_c4_keepalive_ms,41.215012
latency,3,180,http1_python_nodelay_off_c4_keepalive_ms,40.794034
latency,3,181,http1_python_nodelay_off_c4_keepalive_ms,40.969977
latency,3,182,http1_python_nodelay_off_c4_keepalive_ms,41.034068
latency,3,183,http1_python_nodelay_off_c4_keepalive_ms,40.963287
latency,3,184,http1_python_nodelay_off_c4_keepalive_ms,41.026308
latency,3,185,http1_python_nodelay_off_c4_keepalive_ms,40.974318
latency,3,186,http1_python_nodelay_off_c4_keepalive_ms,41.017877
latency,3,187,http1_python_nodelay_off_c4_keepalive_ms,40.988558
latency,3,188,http1_python_nodelay_off_c4_keepalive_ms,41.028708
latency,3,189,http1_python_nodelay_off_c4_keepalive_ms,40.970767
latency,3,190,http1_python_nodelay_off_c4_keepalive_ms,41.013758
latency,3,191,http1_python_nodelay_off_c4_keepalive_ms,40.978488
latency,3,192,http1_python_nodelay_off_c4_keepalive_ms,41.029988
latency,3,193,http1_python_nodelay_off_c4_keepalive_ms,40.996337
latency,3,194,http1_python_nodelay_off_c4_keepalive_ms,40.999548
latency,3,195,http1_python_nodelay_off_c4_keepalive_ms,41.010488
latency,3,196,http1_python_nodelay_off_c4_keepalive_ms,40.986247
latency,3,197,http1_python_nodelay_off_c4_keepalive_ms,40.974107
latency,3,198,http1_python_nodelay_off_c4_keepalive_ms,41.025438
latency,3,199,http1_python_nodelay_off_c4_keepalive_ms,40.979507
latency,3,200,http1_python_nodelay_off_c4_keepalive_ms,41.029789
latency,3,201,http1_python_nodelay_off_c4_keepalive_ms,40.981617
latency,3,202,http1_python_nodelay_off_c4_keepalive_ms,42.024575
latency,3,203,http1_python_nodelay_off_c4_keepalive_ms,42.122757
latency,3,204,http1_python_nodelay_off_c4_keepalive_ms,40.878075
latency,3,205,http1_python_nodelay_off_c4_keepalive_ms,40.997918
latency,3,206,http1_python_nodelay_off_c4_keepalive_ms,42.011955
latency,3,207,http1_python_nodelay_off_c4_keepalive_ms,40.951357
latency,3,208,http1_python_nodelay_off_c4_keepalive_ms,41.063318
latency,3,209,http1_python_nodelay_off_c4_keepalive_ms,41.826162
latency,3,210,http1_python_nodelay_off_c4_keepalive_ms,41.408654
latency,3,211,http1_python_nodelay_off_c4_keepalive_ms,40.662292
latency,3,212,http1_python_nodelay_off_c4_keepalive_ms,41.227022
latency,3,213,http1_python_nodelay_off_c4_keepalive_ms,41.775411
latency,3,214,http1_python_nodelay_off_c4_keepalive_ms,41.335233
latency,3,215,http1_python_nodelay_off_c4_keepalive_ms,40.703273
latency,3,216,http1_python_nodelay_off_c4_keepalive_ms,41.027868
latency,3,217,http1_python_nodelay_off_c4_keepalive_ms,41.067319
latency,3,218,http1_python_nodelay_off_c4_keepalive_ms,41.791911
latency,3,219,http1_python_nodelay_off_c4_keepalive_ms,42.361681
latency,3,220,http1_python_nodelay_off_c4_keepalive_ms,40.831364
latency,3,221,http1_python_nodelay_off_c4_keepalive_ms,42.220699
latency,3,222,http1_python_nodelay_off_c4_keepalive_ms,40.756663
latency,3,223,http1_python_nodelay_off_c4_keepalive_ms,41.965144
latency,3,224,http1_python_nodelay_off_c4_keepalive_ms,41.042348
latency,3,225,http1_python_nodelay_off_c4_keepalive_ms,41.973465
latency,3,226,http1_python_nodelay_off_c4_keepalive_ms,42.003995
latency,3,227,http1_python_nodelay_off_c4_keepalive_ms,41.243741
latency,3,228,http1_python_nodelay_off_c4_keepalive_ms,40.681123
latency,3,229,http1_python_nodelay_off_c4_keepalive_ms,41.335543
latency,3,230,http1_python_nodelay_off_c4_keepalive_ms,40.665892
latency,3,231,http1_python_nodelay_off_c4_keepalive_ms,41.043628
latency,3,232,http1_python_nodelay_off_c4_keepalive_ms,40.982707
latency,3,233,http1_python_nodelay_off_c4_keepalive_ms,41.015888
latency,3,234,http1_python_nodelay_off_c4_keepalive_ms,41.023308
latency,3,235,http1_python_nodelay_off_c4_keepalive_ms,40.977988
latency,3,236,http1_python_nodelay_off_c4_keepalive_ms,41.245542
latency,3,237,http1_python_nodelay_off_c4_keepalive_ms,40.982617
latency,3,238,http1_python_nodelay_off_c4_keepalive_ms,40.720123
latency,3,239,http1_python_nodelay_off_c4_keepalive_ms,41.928023
latency,3,240,http1_python_nodelay_off_c4_keepalive_ms,41.775731
latency,3,241,http1_python_nodelay_off_c4_keepalive_ms,42.398481
latency,3,242,http1_python_nodelay_off_c4_keepalive_ms,41.199261
latency,3,243,http1_python_nodelay_off_c4_keepalive_ms,41.600798
latency,3,244,http1_python_nodelay_off_c4_keepalive_ms,42.069436
latency,3,245,http1_python_nodelay_off_c4_keepalive_ms,42.015535
latency,3,246,http1_python_nodelay_off_c4_keepalive_ms,41.971094
latency,3,247,http1_python_nodelay_off_c4_keepalive_ms,42.029505
latency,3,248,http1_python_nodelay_off_c4_keepalive_ms,41.964734
latency,3,249,http1_python_nodelay_off_c4_keepalive_ms,42.023405
latency,3,250,http1_python_nodelay_off_c4_keepalive_ms,40.974547
latency,3,251,http1_python_nodelay_off_c4_keepalive_ms,41.028548
latency,3,252,http1_python_nodelay_off_c4_keepalive_ms,40.983648
latency,3,253,http1_python_nodelay_off_c4_keepalive_ms,41.023428
latency,3,254,http1_python_nodelay_off_c4_keepalive_ms,40.964207
latency,3,255,http1_python_nodelay_off_c4_keepalive_ms,40.980187
latency,3,256,http1_python_nodelay_off_c4_keepalive_ms,41.167660
latency,3,257,http1_python_nodelay_off_c4_keepalive_ms,40.812275
latency,3,258,http1_python_nodelay_off_c4_keepalive_ms,41.178090
latency,3,259,http1_python_nodelay_off_c4_keepalive_ms,40.812095
latency,3,260,http1_python_nodelay_off_c4_keepalive_ms,41.057459
latency,3,261,http1_python_nodelay_off_c4_keepalive_ms,41.018968
latency,3,262,http1_python_nodelay_off_c4_keepalive_ms,40.985697
latency,3,263,http1_python_nodelay_off_c4_keepalive_ms,41.011728
latency,3,264,http1_python_nodelay_off_c4_keepalive_ms,40.976977
latency,3,265,http1_python_nodelay_off_c4_keepalive_ms,41.023168
latency,3,266,http1_python_nodelay_off_c4_keepalive_ms,40.969317
latency,3,267,http1_python_nodelay_off_c4_keepalive_ms,41.037278
latency,3,268,http1_python_nodelay_off_c4_keepalive_ms,40.979898
latency,3,269,http1_python_nodelay_off_c4_keepalive_ms,41.019257
latency,3,270,http1_python_nodelay_off_c4_keepalive_ms,40.965748
latency,3,271,http1_python_nodelay_off_c4_keepalive_ms,41.026878
latency,3,272,http1_python_nodelay_off_c4_keepalive_ms,40.981537
latency,3,273,http1_python_nodelay_off_c4_keepalive_ms,41.046779
latency,3,274,http1_python_nodelay_off_c4_keepalive_ms,40.948716
latency,3,275,http1_python_nodelay_off_c4_keepalive_ms,41.060059
latency,3,276,http1_python_nodelay_off_c4_keepalive_ms,40.936486
latency,3,277,http1_python_nodelay_off_c4_keepalive_ms,41.022768
latency,3,278,http1_python_nodelay_off_c4_keepalive_ms,40.977538
latency,3,279,http1_python_nodelay_off_c4_keepalive_ms,41.027688
latency,3,280,http1_python_nodelay_off_c4_keepalive_ms,40.981447
latency,3,281,http1_python_nodelay_off_c4_keepalive_ms,41.032769
latency,3,282,http1_python_nodelay_off_c4_keepalive_ms,41.970054
latency,3,283,http1_python_nodelay_off_c4_keepalive_ms,41.981864
latency,3,284,http1_python_nodelay_off_c4_keepalive_ms,41.019768
latency,3,285,http1_python_nodelay_off_c4_keepalive_ms,41.051178
latency,3,286,http1_python_nodelay_off_c4_keepalive_ms,41.958904
latency,3,287,http1_python_nodelay_off_c4_keepalive_ms,41.005218
latency,3,288,http1_python_nodelay_off_c4_keepalive_ms,41.009158
latency,3,289,http1_python_nodelay_off_c4_keepalive_ms,42.061925
latency,3,290,http1_python_nodelay_off_c4_keepalive_ms,40.861976
latency,3,291,http1_python_nodelay_off_c4_keepalive_ms,41.293402
latency,3,292,http1_python_nodelay_off_c4_keepalive_ms,40.816605
latency,3,293,http1_python_nodelay_off_c4_keepalive_ms,42.191108
latency,3,294,http1_python_nodelay_off_c4_keepalive_ms,40.707853
latency,3,295,http1_python_nodelay_off_c4_keepalive_ms,41.376114
latency,3,296,http1_python_nodelay_off_c4_keepalive_ms,40.711522
latency,3,297,http1_python_nodelay_off_c4_keepalive_ms,40.972667
latency,3,298,http1_python_nodelay_off_c4_keepalive_ms,42.106747
latency,3,299,http1_python_nodelay_off_c4_keepalive_ms,41.818411
latency,3,300,http1_python_nodelay_off_c4_keepalive_ms,41.171221
latency,3,301,http1_python_nodelay_off_c4_keepalive_ms,41.848052
latency,3,302,http1_python_nodelay_off_c4_keepalive_ms,41.058099
latency,3,303,http1_python_nodelay_off_c4_keepalive_ms,42.018505
latency,3,304,http1_python_nodelay_off_c4_keepalive_ms,40.987247
latency,3,305,http1_python_nodelay_off_c4_keepalive_ms,42.029785
latency,3,306,http1_python_nodelay_off_c4_keepalive_ms,42.096587
latency,3,307,http1_python_nodelay_off_c4_keepalive_ms,40.798604
latency,3,308,http1_python_nodelay_off_c4_keepalive_ms,41.289432
latency,3,309,http1_python_nodelay_off_c4_keepalive_ms,40.726023
latency,3,310,http1_python_nodelay_off_c4_keepalive_ms,41.300913
latency,3,311,http1_python_nodelay_off_c4_keepalive_ms,40.760874
latency,3,312,http1_python_nodelay_off_c4_keepalive_ms,40.937106
latency,3,313,http1_python_nodelay_off_c4_keepalive_ms,41.061669
latency,3,314,http1_python_nodelay_off_c4_keepalive_ms,40.971597
latency,3,315,http1_python_nodelay_off_c4_keepalive_ms,41.031638
latency,3,316,http1_python_nodelay_off_c4_keepalive_ms,41.007458
latency,3,317,http1_python_nodelay_off_c4_keepalive_ms,40.900726
latency,3,318,http1_python_nodelay_off_c4_keepalive_ms,41.365574
latency,3,319,http1_python_nodelay_off_c4_keepalive_ms,41.619128
trial,3,320,http1_python_nodelay_off_c4_median_ms,41.024828
trial,3,320,http1_python_nodelay_off_c4_p95_ms,42.106747
trial,3,320,http1_python_nodelay_off_c4_requests_per_second,96.912
trial,3,320,http1_python_nodelay_off_c4_wall_ms,3301.953
latency,4,80,http1_python_nodelay_off_c4_keepalive_ms,41.241912
latency,4,81,http1_python_nodelay_off_c4_keepalive_ms,41.930033
latency,4,82,http1_python_nodelay_off_c4_keepalive_ms,41.008688
latency,4,83,http1_python_nodelay_off_c4_keepalive_ms,40.910586
latency,4,84,http1_python_nodelay_off_c4_keepalive_ms,40.956877
latency,4,85,http1_python_nodelay_off_c4_keepalive_ms,41.012408
latency,4,86,http1_python_nodelay_off_c4_keepalive_ms,40.976027
latency,4,87,http1_python_nodelay_off_c4_keepalive_ms,41.038058
latency,4,88,http1_python_nodelay_off_c4_keepalive_ms,40.968287
latency,4,89,http1_python_nodelay_off_c4_keepalive_ms,41.018958
latency,4,90,http1_python_nodelay_off_c4_keepalive_ms,40.980728
latency,4,91,http1_python_nodelay_off_c4_keepalive_ms,41.027388
latency,4,92,http1_python_nodelay_off_c4_keepalive_ms,40.927636
latency,4,93,http1_python_nodelay_off_c4_keepalive_ms,41.061699
latency,4,94,http1_python_nodelay_off_c4_keepalive_ms,40.975237
latency,4,95,http1_python_nodelay_off_c4_keepalive_ms,41.141880
latency,4,96,http1_python_nodelay_off_c4_keepalive_ms,41.182111
latency,4,97,http1_python_nodelay_off_c4_keepalive_ms,41.585628
latency,4,98,http1_python_nodelay_off_c4_keepalive_ms,42.094106
latency,4,99,http1_python_nodelay_off_c4_keepalive_ms,40.992707
latency,4,100,http1_python_nodelay_off_c4_keepalive_ms,41.030588
latency,4,101,http1_python_nodelay_off_c4_keepalive_ms,41.973885
latency,4,102,http1_python_nodelay_off_c4_keepalive_ms,42.012565
latency,4,103,http1_python_nodelay_off_c4_keepalive_ms,41.948724
latency,4,104,http1_python_nodelay_off_c4_keepalive_ms,41.039468
latency,4,105,http1_python_nodelay_off_c4_keepalive_ms,42.009575
latency,4,106,http1_python_nodelay_off_c4_keepalive_ms,41.016648
latency,4,107,http1_python_nodelay_off_c4_keepalive_ms,41.035148
latency,4,108,http1_python_nodelay_off_c4_keepalive_ms,41.949914
latency,4,109,http1_python_nodelay_off_c4_keepalive_ms,42.020214
latency,4,110,http1_python_nodelay_off_c4_keepalive_ms,41.073269
latency,4,111,http1_python_nodelay_off_c4_keepalive_ms,40.957207
latency,4,112,http1_python_nodelay_off_c4_keepalive_ms,40.942577
latency,4,113,http1_python_nodelay_off_c4_keepalive_ms,41.032948
latency,4,114,http1_python_nodelay_off_c4_keepalive_ms,41.927914
latency,4,115,http1_python_nodelay_off_c4_keepalive_ms,42.158367
latency,4,116,http1_python_nodelay_off_c4_keepalive_ms,40.906046
latency,4,117,http1_python_nodelay_off_c4_keepalive_ms,41.875813
latency,4,118,http1_python_nodelay_off_c4_keepalive_ms,42.282499
latency,4,119,http1_python_nodelay_off_c4_keepalive_ms,40.770594
latency,4,120,http1_python_nodelay_off_c4_keepalive_ms,41.047378
latency,4,121,http1_python_nodelay_off_c4_keepalive_ms,41.046509
latency,4,122,http1_python_nodelay_off_c4_keepalive_ms,41.820092
latency,4,123,http1_python_nodelay_off_c4_keepalive_ms,42.407161
latency,4,124,http1_python_nodelay_off_c4_keepalive_ms,40.765734
latency,4,125,http1_python_nodelay_off_c4_keepalive_ms,41.152190
latency,4,126,http1_python_nodelay_off_c4_keepalive_ms,41.673539
latency,4,127,http1_python_nodelay_off_c4_keepalive_ms,41.257822
latency,4,128,http1_python_nodelay_off_c4_keepalive_ms,40.897876
latency,4,129,http1_python_nodelay_off_c4_keepalive_ms,41.217581
latency,4,130,http1_python_nodelay_off_c4_keepalive_ms,41.661279
latency,4,131,http1_python_nodelay_off_c4_keepalive_ms,42.362201
latency,4,132,http1_python_nodelay_off_c4_keepalive_ms,41.708460
latency,4,133,http1_python_nodelay_off_c4_keepalive_ms,41.322603
latency,4,134,http1_python_nodelay_off_c4_keepalive_ms,40.646662
latency,4,135,http1_python_nodelay_off_c4_keepalive_ms,41.064488
latency,4,136,http1_python_nodelay_off_c4_keepalive_ms,40.968917
latency,4,137,http1_python_nodelay_off_c4_keepalive_ms,41.021538
latency,4,138,http1_python_nodelay_off_c4_keepalive_ms,41.032019
latency,4,139,http1_python_nodelay_off_c4_keepalive_ms,40.927546
latency,4,140,http1_python_nodelay_off_c4_keepalive_ms,40.986698
latency,4,141,http1_python_nodelay_off_c4_keepalive_ms,41.141780
latency,4,142,http1_python_nodelay_off_c4_keepalive_ms,40.908556
latency,4,143,http1_python_nodelay_off_c4_keepalive_ms,41.913933
latency,4,144,http1_python_nodelay_off_c4_keepalive_ms,41.065488
latency,4,145,http1_python_nodelay_off_c4_keepalive_ms,41.338554
latency,4,146,http1_python_nodelay_off_c4_keepalive_ms,41.604198
latency,4,147,http1_python_nodelay_off_c4_keepalive_ms,41.208781
latency,4,148,http1_python_nodelay_off_c4_keepalive_ms,40.894516
latency,4,149,http1_python_nodelay_off_c4_keepalive_ms,41.972204
latency,4,150,http1_python_nodelay_off_c4_keepalive_ms,41.044799
latency,4,151,http1_python_nodelay_off_c4_keepalive_ms,42.215578
latency,4,152,http1_python_nodelay_off_c4_keepalive_ms,40.714743
latency,4,153,http1_python_nodelay_off_c4_keepalive_ms,41.332843
latency,4,154,http1_python_nodelay_off_c4_keepalive_ms,40.642252
latency,4,155,http1_python_nodelay_off_c4_keepalive_ms,41.219401
latency,4,156,http1_python_nodelay_off_c4_keepalive_ms,41.741540
latency,4,157,http1_python_nodelay_off_c4_keepalive_ms,41.093130
latency,4,158,http1_python_nodelay_off_c4_keepalive_ms,41.075278
latency,4,159,http1_python_nodelay_off_c4_keepalive_ms,40.941397
latency,4,240,http1_python_nodelay_off_c4_keepalive_ms,41.244532
latency,4,241,http1_python_nodelay_off_c4_keepalive_ms,41.982305
latency,4,242,http1_python_nodelay_off_c4_keepalive_ms,40.956156
latency,4,243,http1_python_nodelay_off_c4_keepalive_ms,40.910856
latency,4,244,http1_python_nodelay_off_c4_keepalive_ms,41.009828
latency,4,245,http1_python_nodelay_off_c4_keepalive_ms,40.959288
latency,4,246,http1_python_nodelay_off_c4_keepalive_ms,41.028648
latency,4,247,http1_python_nodelay_off_c4_keepalive_ms,40.985387
latency,4,248,http1_python_nodelay_off_c4_keepalive_ms,41.020828
latency,4,249,http1_python_nodelay_off_c4_keepalive_ms,40.966787
latency,4,250,http1_python_nodelay_off_c4_keepalive_ms,41.033008
latency,4,251,http1_python_nodelay_off_c4_keepalive_ms,40.975357
latency,4,252,http1_python_nodelay_off_c4_keepalive_ms,40.972638
latency,4,253,http1_python_nodelay_off_c4_keepalive_ms,41.016488
latency,4,254,http1_python_nodelay_off_c4_keepalive_ms,41.027098
latency,4,255,http1_python_nodelay_off_c4_keepalive_ms,41.081629
latency,4,256,http1_python_nodelay_off_c4_keepalive_ms,40.863845
latency,4,257,http1_python_nodelay_off_c4_keepalive_ms,42.155837
latency,4,258,http1_python_nodelay_off_c4_keepalive_ms,41.900583
latency,4,259,http1_python_nodelay_off_c4_keepalive_ms,40.948957
latency,4,260,http1_python_nodelay_off_c4_keepalive_ms,41.002748
latency,4,261,http1_python_nodelay_off_c4_keepalive_ms,42.047085
latency,4,262,http1_python_nodelay_off_c4_keepalive_ms,42.013565
latency,4,263,http1_python_nodelay_off_c4_keepalive_ms,41.941194
latency,4,264,http1_python_nodelay_off_c4_keepalive_ms,41.045918
latency,4,265,http1_python_nodelay_off_c4_keepalive_ms,41.891733
latency,4,266,http1_python_nodelay_off_c4_keepalive_ms,41.131430
latency,4,267,http1_python_nodelay_off_c4_keepalive_ms,40.985597
latency,4,268,http1_python_nodelay_off_c4_keepalive_ms,42.002785
latency,4,269,http1_python_nodelay_off_c4_keepalive_ms,41.964734
latency,4,270,http1_python_nodelay_off_c4_keepalive_ms,41.137510
latency,4,271,http1_python_nodelay_off_c4_keepalive_ms,40.895636
latency,4,272,http1_python_nodelay_off_c4_keepalive_ms,40.995418
latency,4,273,http1_python_nodelay_off_c4_keepalive_ms,40.980517
latency,4,274,http1_python_nodelay_off_c4_keepalive_ms,41.975504
latency,4,275,http1_python_nodelay_off_c4_keepalive_ms,41.888413
latency,4,276,http1_python_nodelay_off_c4_keepalive_ms,41.130070
latency,4,277,http1_python_nodelay_off_c4_keepalive_ms,42.127607
latency,4,278,http1_python_nodelay_off_c4_keepalive_ms,41.785811
latency,4,279,http1_python_nodelay_off_c4_keepalive_ms,41.355903
latency,4,280,http1_python_nodelay_off_c4_keepalive_ms,40.758104
latency,4,281,http1_python_nodelay_off_c4_keepalive_ms,40.992738
latency,4,282,http1_python_nodelay_off_c4_keepalive_ms,42.060245
latency,4,283,http1_python_nodelay_off_c4_keepalive_ms,41.861752
latency,4,284,http1_python_nodelay_off_c4_keepalive_ms,41.124970
latency,4,285,http1_python_nodelay_off_c4_keepalive_ms,40.857865
latency,4,286,http1_python_nodelay_off_c4_keepalive_ms,42.153808
latency,4,287,http1_python_nodelay_off_c4_keepalive_ms,40.934686
latency,4,288,http1_python_nodelay_off_c4_keepalive_ms,40.981347
latency,4,289,http1_python_nodelay_off_c4_keepalive_ms,40.952128
latency,4,290,http1_python_nodelay_off_c4_keepalive_ms,41.918043
latency,4,291,http1_python_nodelay_off_c4_keepalive_ms,42.105116
latency,4,292,http1_python_nodelay_off_c4_keepalive_ms,42.310070
latency,4,293,http1_python_nodelay_off_c4_keepalive_ms,40.678262
latency,4,294,http1_python_nodelay_off_c4_keepalive_ms,41.280343
latency,4,295,http1_python_nodelay_off_c4_keepalive_ms,40.792564
latency,4,296,http1_python_nodelay_off_c4_keepalive_ms,40.923616
latency,4,297,http1_python_nodelay_off_c4_keepalive_ms,41.066709
latency,4,298,http1_python_nodelay_off_c4_keepalive_ms,40.979977
latency,4,299,http1_python_nodelay_off_c4_keepalive_ms,40.972718
latency,4,300,http1_python_nodelay_off_c4_keepalive_ms,41.303352
latency,4,301,http1_python_nodelay_off_c4_keepalive_ms,40.660322
latency,4,302,http1_python_nodelay_off_c4_keepalive_ms,41.466826
latency,4,303,http1_python_nodelay_off_c4_keepalive_ms,41.543407
latency,4,304,http1_python_nodelay_off_c4_keepalive_ms,41.390624
latency,4,305,http1_python_nodelay_off_c4_keepalive_ms,40.617841
latency,4,306,http1_python_nodelay_off_c4_keepalive_ms,42.257519
latency,4,307,http1_python_nodelay_off_c4_keepalive_ms,40.794044
latency,4,308,http1_python_nodelay_off_c4_keepalive_ms,40.983148
latency,4,309,http1_python_nodelay_off_c4_keepalive_ms,42.024075
latency,4,310,http1_python_nodelay_off_c4_keepalive_ms,40.986167
latency,4,311,http1_python_nodelay_off_c4_keepalive_ms,41.937734
latency,4,312,http1_python_nodelay_off_c4_keepalive_ms,41.358284
latency,4,313,http1_python_nodelay_off_c4_keepalive_ms,40.649281
latency,4,314,http1_python_nodelay_off_c4_keepalive_ms,41.301023
latency,4,315,http1_python_nodelay_off_c4_keepalive_ms,40.796194
latency,4,316,http1_python_nodelay_off_c4_keepalive_ms,41.821252
latency,4,317,http1_python_nodelay_off_c4_keepalive_ms,41.153080
latency,4,318,http1_python_nodelay_off_c4_keepalive_ms,41.023628
latency,4,319,http1_python_nodelay_off_c4_keepalive_ms,41.448195
latency,4,160,http1_python_nodelay_off_c4_keepalive_ms,41.207511
latency,4,161,http1_python_nodelay_off_c4_keepalive_ms,42.031095
latency,4,162,http1_python_nodelay_off_c4_keepalive_ms,41.726580
latency,4,163,http1_python_nodelay_off_c4_keepalive_ms,42.104386
latency,4,164,http1_python_nodelay_off_c4_keepalive_ms,40.982248
latency,4,165,http1_python_nodelay_off_c4_keepalive_ms,41.028838
latency,4,166,http1_python_nodelay_off_c4_keepalive_ms,41.969194
latency,4,167,http1_python_nodelay_off_c4_keepalive_ms,41.021358
latency,4,168,http1_python_nodelay_off_c4_keepalive_ms,41.983425
latency,4,169,http1_python_nodelay_off_c4_keepalive_ms,41.016407
latency,4,170,http1_python_nodelay_off_c4_keepalive_ms,41.010058
latency,4,171,http1_python_nodelay_off_c4_keepalive_ms,40.998238
latency,4,172,http1_python_nodelay_off_c4_keepalive_ms,40.963697
latency,4,173,http1_python_nodelay_off_c4_keepalive_ms,40.985517
latency,4,174,http1_python_nodelay_off_c4_keepalive_ms,41.015688
latency,4,175,http1_python_nodelay_off_c4_keepalive_ms,40.968737
latency,4,176,http1_python_nodelay_off_c4_keepalive_ms,41.058579
latency,4,177,http1_python_nodelay_off_c4_keepalive_ms,41.894723
latency,4,178,http1_python_nodelay_off_c4_keepalive_ms,41.080159
latency,4,179,http1_python_nodelay_off_c4_keepalive_ms,41.029308
latency,4,180,http1_python_nodelay_off_c4_keepalive_ms,41.944954
latency,4,181,http1_python_nodelay_off_c4_keepalive_ms,41.054718
latency,4,182,http1_python_nodelay_off_c4_keepalive_ms,40.985137
latency,4,183,http1_python_nodelay_off_c4_keepalive_ms,42.011185
latency,4,184,http1_python_nodelay_off_c4_keepalive_ms,41.874393
latency,4,185,http1_python_nodelay_off_c4_keepalive_ms,41.123770
latency,4,186,http1_python_nodelay_off_c4_keepalive_ms,41.001558
latency,4,187,http1_python_nodelay_off_c4_keepalive_ms,40.983037
latency,4,188,http1_python_nodelay_off_c4_keepalive_ms,42.018485
latency,4,189,http1_python_nodelay_off_c4_keepalive_ms,41.973134
latency,4,190,http1_python_nodelay_off_c4_keepalive_ms,42.026835
latency,4,191,http1_python_nodelay_off_c4_keepalive_ms,41.984154
latency,4,192,http1_python_nodelay_off_c4_keepalive_ms,41.027088
latency,4,193,http1_python_nodelay_off_c4_keepalive_ms,40.972898
latency,4,194,http1_python_nodelay_off_c4_keepalive_ms,41.017288
latency,4,195,http1_python_nodelay_off_c4_keepalive_ms,41.863702
latency,4,196,http1_python_nodelay_off_c4_keepalive_ms,41.131580
latency,4,197,http1_python_nodelay_off_c4_keepalive_ms,41.237192
latency,4,198,http1_python_nodelay_off_c4_keepalive_ms,40.757323
latency,4,199,http1_python_nodelay_off_c4_keepalive_ms,41.857222
latency,4,200,http1_python_nodelay_off_c4_keepalive_ms,41.149340
latency,4,201,http1_python_nodelay_off_c4_keepalive_ms,40.976378
latency,4,202,http1_python_nodelay_off_c4_keepalive_ms,41.929684
latency,4,203,http1_python_nodelay_off_c4_keepalive_ms,41.383044
latency,4,204,http1_python_nodelay_off_c4_keepalive_ms,41.634608
latency,4,205,http1_python_nodelay_off_c4_keepalive_ms,42.179038
latency,4,206,http1_python_nodelay_off_c4_keepalive_ms,40.855865
latency,4,207,http1_python_nodelay_off_c4_keepalive_ms,41.035498
latency,4,208,http1_python_nodelay_off_c4_keepalive_ms,42.068186
latency,4,209,http1_python_nodelay_off_c4_keepalive_ms,40.971077
latency,4,210,http1_python_nodelay_off_c4_keepalive_ms,42.061666
latency,4,211,http1_python_nodelay_off_c4_keepalive_ms,41.822281
latency,4,212,http1_python_nodelay_off_c4_keepalive_ms,42.352681
latency,4,213,http1_python_nodelay_off_c4_keepalive_ms,40.763124
latency,4,214,http1_python_nodelay_off_c4_keepalive_ms,41.238142
latency,4,215,http1_python_nodelay_off_c4_keepalive_ms,40.726303
latency,4,216,http1_python_nodelay_off_c4_keepalive_ms,40.986997
latency,4,217,http1_python_nodelay_off_c4_keepalive_ms,40.974777
latency,4,218,http1_python_nodelay_off_c4_keepalive_ms,41.028108
latency,4,219,http1_python_nodelay_off_c4_keepalive_ms,42.106267
latency,4,220,http1_python_nodelay_off_c4_keepalive_ms,40.899766
latency,4,221,http1_python_nodelay_off_c4_keepalive_ms,41.227991
latency,4,222,http1_python_nodelay_off_c4_keepalive_ms,40.701143
latency,4,223,http1_python_nodelay_off_c4_keepalive_ms,41.391014
latency,4,224,http1_python_nodelay_off_c4_keepalive_ms,41.629598
latency,4,225,http1_python_nodelay_off_c4_keepalive_ms,41.281253
latency,4,226,http1_python_nodelay_off_c4_keepalive_ms,40.700923
latency,4,227,http1_python_nodelay_off_c4_keepalive_ms,41.023498
latency,4,228,http1_python_nodelay_off_c4_keepalive_ms,41.066218
latency,4,229,http1_python_nodelay_off_c4_keepalive_ms,40.964097
latency,4,230,http1_python_nodelay_off_c4_keepalive_ms,42.081066
latency,4,231,http1_python_nodelay_off_c4_keepalive_ms,40.864676
latency,4,232,http1_python_nodelay_off_c4_keepalive_ms,42.315170
latency,4,233,http1_python_nodelay_off_c4_keepalive_ms,41.684079
latency,4,234,http1_python_nodelay_off_c4_keepalive_ms,41.335754
latency,4,235,http1_python_nodelay_off_c4_keepalive_ms,41.667019
latency,4,236,http1_python_nodelay_off_c4_keepalive_ms,41.070838
latency,4,237,http1_python_nodelay_off_c4_keepalive_ms,41.014147
latency,4,238,http1_python_nodelay_off_c4_keepalive_ms,40.967067
latency,4,239,http1_python_nodelay_off_c4_keepalive_ms,42.023195
latency,4,0,http1_python_nodelay_off_c4_keepalive_ms,41.275442
latency,4,1,http1_python_nodelay_off_c4_keepalive_ms,41.979204
latency,4,2,http1_python_nodelay_off_c4_keepalive_ms,41.737331
latency,4,3,http1_python_nodelay_off_c4_keepalive_ms,42.045345
latency,4,4,http1_python_nodelay_off_c4_keepalive_ms,41.034498
latency,4,5,http1_python_nodelay_off_c4_keepalive_ms,40.974167
latency,4,6,http1_python_nodelay_off_c4_keepalive_ms,42.022776
latency,4,7,http1_python_nodelay_off_c4_keepalive_ms,40.968327
latency,4,8,http1_python_nodelay_off_c4_keepalive_ms,42.035145
latency,4,9,http1_python_nodelay_off_c4_keepalive_ms,40.964947
latency,4,10,http1_python_nodelay_off_c4_keepalive_ms,40.989367
latency,4,11,http1_python_nodelay_off_c4_keepalive_ms,41.018788
latency,4,12,http1_python_nodelay_off_c4_keepalive_ms,41.015108
latency,4,13,http1_python_nodelay_off_c4_keepalive_ms,40.940897
latency,4,14,http1_python_nodelay_off_c4_keepalive_ms,41.060468
latency,4,15,http1_python_nodelay_off_c4_keepalive_ms,41.269813
latency,4,16,http1_python_nodelay_off_c4_keepalive_ms,40.759473
latency,4,17,http1_python_nodelay_off_c4_keepalive_ms,41.902913
latency,4,18,http1_python_nodelay_off_c4_keepalive_ms,41.068039
latency,4,19,http1_python_nodelay_off_c4_keepalive_ms,40.977797
latency,4,20,http1_python_nodelay_off_c4_keepalive_ms,41.998725
latency,4,21,http1_python_nodelay_off_c4_keepalive_ms,41.001658
latency,4,22,http1_python_nodelay_off_c4_keepalive_ms,41.037488
latency,4,23,http1_python_nodelay_off_c4_keepalive_ms,41.959454
latency,4,24,http1_python_nodelay_off_c4_keepalive_ms,42.076806
latency,4,25,http1_python_nodelay_off_c4_keepalive_ms,40.971087
latency,4,26,http1_python_nodelay_off_c4_keepalive_ms,40.952367
latency,4,27,http1_python_nodelay_off_c4_keepalive_ms,41.035088
latency,4,28,http1_python_nodelay_off_c4_keepalive_ms,41.965914
latency,4,29,http1_python_nodelay_off_c4_keepalive_ms,42.025445
latency,4,30,http1_python_nodelay_off_c4_keepalive_ms,41.975255
latency,4,31,http1_python_nodelay_off_c4_keepalive_ms,42.036095
latency,4,32,http1_python_nodelay_off_c4_keepalive_ms,40.975067
latency,4,33,http1_python_nodelay_off_c4_keepalive_ms,41.024798
latency,4,34,http1_python_nodelay_off_c4_keepalive_ms,40.965227
latency,4,35,http1_python_nodelay_off_c4_keepalive_ms,41.864203
latency,4,36,http1_python_nodelay_off_c4_keepalive_ms,41.132610
latency,4,37,http1_python_nodelay_off_c4_keepalive_ms,40.949796
latency,4,38,http1_python_nodelay_off_c4_keepalive_ms,41.334454
latency,4,39,http1_python_nodelay_off_c4_keepalive_ms,41.628698
latency,4,40,http1_python_nodelay_off_c4_keepalive_ms,41.087699
latency,4,41,http1_python_nodelay_off_c4_keepalive_ms,41.027498
latency,4,42,http1_python_nodelay_off_c4_keepalive_ms,42.230269
latency,4,43,http1_python_nodelay_off_c4_keepalive_ms,40.715053
latency,4,44,http1_python_nodelay_off_c4_keepalive_ms,42.268129
latency,4,45,http1_python_nodelay_off_c4_keepalive_ms,41.775691
latency,4,46,http1_python_nodelay_off_c4_keepalive_ms,41.263662
latency,4,47,http1_python_nodelay_off_c4_keepalive_ms,40.765254
latency,4,48,http1_python_nodelay_off_c4_keepalive_ms,41.832631
latency,4,49,http1_python_nodelay_off_c4_keepalive_ms,41.204931
latency,4,50,http1_python_nodelay_off_c4_keepalive_ms,41.818032
latency,4,51,http1_python_nodelay_off_c4_keepalive_ms,42.334350
latency,4,52,http1_python_nodelay_off_c4_keepalive_ms,41.716280
latency,4,53,http1_python_nodelay_off_c4_keepalive_ms,41.156781
latency,4,54,http1_python_nodelay_off_c4_keepalive_ms,40.850855
latency,4,55,http1_python_nodelay_off_c4_keepalive_ms,41.036868
latency,4,56,http1_python_nodelay_off_c4_keepalive_ms,41.038618
latency,4,57,http1_python_nodelay_off_c4_keepalive_ms,40.995298
latency,4,58,http1_python_nodelay_off_c4_keepalive_ms,41.007628
latency,4,59,http1_python_nodelay_off_c4_keepalive_ms,41.871012
latency,4,60,http1_python_nodelay_off_c4_keepalive_ms,41.169981
latency,4,61,http1_python_nodelay_off_c4_keepalive_ms,40.864805
latency,4,62,http1_python_nodelay_off_c4_keepalive_ms,41.335113
latency,4,63,http1_python_nodelay_off_c4_keepalive_ms,40.693703
latency,4,64,http1_python_nodelay_off_c4_keepalive_ms,42.293439
latency,4,65,http1_python_nodelay_off_c4_keepalive_ms,40.696243
latency,4,66,http1_python_nodelay_off_c4_keepalive_ms,41.314463
latency,4,67,http1_python_nodelay_off_c4_keepalive_ms,40.716943
latency,4,68,http1_python_nodelay_off_c4_keepalive_ms,41.019298
latency,4,69,http1_python_nodelay_off_c4_keepalive_ms,41.017208
latency,4,70,http1_python_nodelay_off_c4_keepalive_ms,41.846572
latency,4,71,http1_python_nodelay_off_c4_keepalive_ms,41.353103
latency,4,72,http1_python_nodelay_off_c4_keepalive_ms,41.750031
latency,4,73,http1_python_nodelay_off_c4_keepalive_ms,42.255669
latency,4,74,http1_python_nodelay_off_c4_keepalive_ms,40.718783
latency,4,75,http1_python_nodelay_off_c4_keepalive_ms,42.309980
latency,4,76,http1_python_nodelay_off_c4_keepalive_ms,40.785214
latency,4,77,http1_python_nodelay_off_c4_keepalive_ms,40.961827
latency,4,78,http1_python_nodelay_off_c4_keepalive_ms,41.018858
latency,4,79,http1_python_nodelay_off_c4_keepalive_ms,42.711067
trial,4,320,http1_python_nodelay_off_c4_median_ms,41.070838
trial,4,320,http1_python_nodelay_off_c4_p95_ms,42.158367
trial,4,320,http1_python_nodelay_off_c4_requests_per_second,96.664
trial,4,320,http1_python_nodelay_off_c4_wall_ms,3310.422
summary,0,1600,http1_python_nodelay_off_c4_keepalive_ms_median,41.041538
summary,0,1600,http1_python_nodelay_off_c4_keepalive_ms_p95,42.150447
latency,0,240,http1_python_nodelay_off_c16_keepalive_ms,44.098171
latency,0,241,http1_python_nodelay_off_c16_keepalive_ms,43.786345
latency,0,242,http1_python_nodelay_off_c16_keepalive_ms,43.657732
latency,0,243,http1_python_nodelay_off_c16_keepalive_ms,44.738142
latency,0,244,http1_python_nodelay_off_c16_keepalive_ms,43.491850
latency,0,245,http1_python_nodelay_off_c16_keepalive_ms,42.890360
latency,0,246,http1_python_nodelay_off_c16_keepalive_ms,42.881370
latency,0,247,http1_python_nodelay_off_c16_keepalive_ms,42.070366
latency,0,248,http1_python_nodelay_off_c16_keepalive_ms,41.902843
latency,0,249,http1_python_nodelay_off_c16_keepalive_ms,43.142344
latency,0,250,http1_python_nodelay_off_c16_keepalive_ms,41.891972
latency,0,251,http1_python_nodelay_off_c16_keepalive_ms,41.966145
latency,0,252,http1_python_nodelay_off_c16_keepalive_ms,44.071740
latency,0,253,http1_python_nodelay_off_c16_keepalive_ms,44.229812
latency,0,254,http1_python_nodelay_off_c16_keepalive_ms,42.756158
latency,0,255,http1_python_nodelay_off_c16_keepalive_ms,42.967291
latency,0,256,http1_python_nodelay_off_c16_keepalive_ms,43.166384
latency,0,257,http1_python_nodelay_off_c16_keepalive_ms,40.762414
latency,0,258,http1_python_nodelay_off_c16_keepalive_ms,41.981544
latency,0,259,http1_python_nodelay_off_c16_keepalive_ms,42.058136
latency,0,260,http1_python_nodelay_off_c16_keepalive_ms,40.946657
latency,0,261,http1_python_nodelay_off_c16_keepalive_ms,40.994757
latency,0,262,http1_python_nodelay_off_c16_keepalive_ms,41.006188
latency,0,263,http1_python_nodelay_off_c16_keepalive_ms,41.006288
latency,0,264,http1_python_nodelay_off_c16_keepalive_ms,41.994324
latency,0,265,http1_python_nodelay_off_c16_keepalive_ms,42.015676
latency,0,266,http1_python_nodelay_off_c16_keepalive_ms,40.980837
latency,0,267,http1_python_nodelay_off_c16_keepalive_ms,41.003318
latency,0,268,http1_python_nodelay_off_c16_keepalive_ms,40.998987
latency,0,269,http1_python_nodelay_off_c16_keepalive_ms,41.010338
latency,0,270,http1_python_nodelay_off_c16_keepalive_ms,41.011368
latency,0,271,http1_python_nodelay_off_c16_keepalive_ms,40.972987
latency,0,272,http1_python_nodelay_off_c16_keepalive_ms,41.005308
latency,0,273,http1_python_nodelay_off_c16_keepalive_ms,41.008808
latency,0,274,http1_python_nodelay_off_c16_keepalive_ms,40.993487
latency,0,275,http1_python_nodelay_off_c16_keepalive_ms,40.996738
latency,0,276,http1_python_nodelay_off_c16_keepalive_ms,41.006528
latency,0,277,http1_python_nodelay_off_c16_keepalive_ms,40.990927
latency,0,278,http1_python_nodelay_off_c16_keepalive_ms,40.996078
latency,0,279,http1_python_nodelay_off_c16_keepalive_ms,41.003137
latency,0,280,http1_python_nodelay_off_c16_keepalive_ms,41.996995
latency,0,281,http1_python_nodelay_off_c16_keepalive_ms,41.014678
latency,0,282,http1_python_nodelay_off_c16_keepalive_ms,40.988618
latency,0,283,http1_python_nodelay_off_c16_keepalive_ms,42.001424
latency,0,284,http1_python_nodelay_off_c16_keepalive_ms,41.998585
latency,0,285,http1_python_nodelay_off_c16_keepalive_ms,41.995015
latency,0,286,http1_python_nodelay_off_c16_keepalive_ms,42.020655
latency,0,287,http1_python_nodelay_off_c16_keepalive_ms,41.976184
latency,0,288,http1_python_nodelay_off_c16_keepalive_ms,42.007445
latency,0,289,http1_python_nodelay_off_c16_keepalive_ms,41.994235
latency,0,290,http1_python_nodelay_off_c16_keepalive_ms,42.007074
latency,0,291,http1_python_nodelay_off_c16_keepalive_ms,41.997625
latency,0,292,http1_python_nodelay_off_c16_keepalive_ms,40.992497
latency,0,293,http1_python_nodelay_off_c16_keepalive_ms,42.009735
latency,0,294,http1_python_nodelay_off_c16_keepalive_ms,40.998028
latency,0,295,http1_python_nodelay_off_c16_keepalive_ms,42.007715
latency,0,296,http1_python_nodelay_off_c16_keepalive_ms,40.993707
latency,0,297,http1_python_nodelay_off_c16_keepalive_ms,40.995148
latency,0,298,http1_python_nodelay_off_c16_keepalive_ms,41.004228
latency,0,299,http1_python_nodelay_off_c16_keepalive_ms,40.998827
latency,0,300,http1_python_nodelay_off_c16_keepalive_ms,40.999858
latency,0,301,http1_python_nodelay_off_c16_keepalive_ms,41.003558
latency,0,302,http1_python_nodelay_off_c16_keepalive_ms,40.996707
latency,0,303,http1_python_nodelay_off_c16_keepalive_ms,41.001948
latency,0,304,http1_python_nodelay_off_c16_keepalive_ms,40.997228
latency,0,305,http1_python_nodelay_off_c16_keepalive_ms,40.996417
latency,0,306,http1_python_nodelay_off_c16_keepalive_ms,41.000817
latency,0,307,http1_python_nodelay_off_c16_keepalive_ms,40.994638
latency,0,308,http1_python_nodelay_off_c16_keepalive_ms,41.022778
latency,0,309,http1_python_nodelay_off_c16_keepalive_ms,40.979997
latency,0,310,http1_python_nodelay_off_c16_keepalive_ms,40.995548
latency,0,311,http1_python_nodelay_off_c16_keepalive_ms,42.010045
latency,0,312,http1_python_nodelay_off_c16_keepalive_ms,41.066618
latency,0,313,http1_python_nodelay_off_c16_keepalive_ms,41.012418
latency,0,314,http1_python_nodelay_off_c16_keepalive_ms,42.983132
latency,0,315,http1_python_nodelay_off_c16_keepalive_ms,41.040698
latency,0,316,http1_python_nodelay_off_c16_keepalive_ms,40.897336
latency,0,317,http1_python_nodelay_off_c16_keepalive_ms,40.991458
latency,0,318,http1_python_nodelay_off_c16_keepalive_ms,41.005307
latency,0,319,http1_python_nodelay_off_c16_keepalive_ms,41.999055
latency,0,0,http1_python_nodelay_off_c16_keepalive_ms,43.469679
latency,0,1,http1_python_nodelay_off_c16_keepalive_ms,44.389645
latency,0,2,http1_python_nodelay_off_c16_keepalive_ms,44.103361
latency,0,3,http1_python_nodelay_off_c16_keepalive_ms,43.554541
latency,0,4,http1_python_nodelay_off_c16_keepalive_ms,44.209472
latency,0,5,http1_python_nodelay_off_c16_keepalive_ms,42.833339
latency,0,6,http1_python_nodelay_off_c16_keepalive_ms,42.936951
latency,0,7,http1_python_nodelay_off_c16_keepalive_ms,42.015635
latency,0,8,http1_python_nodelay_off_c16_keepalive_ms,41.952304
latency,0,9,http1_python_nodelay_off_c16_keepalive_ms,43.059883
latency,0,10,http1_python_nodelay_off_c16_keepalive_ms,41.981024
latency,0,11,http1_python_nodelay_off_c16_keepalive_ms,41.963324
latency,0,12,http1_python_nodelay_off_c16_keepalive_ms,44.067040
latency,0,13,http1_python_nodelay_off_c16_keepalive_ms,44.168471
latency,0,14,http1_python_nodelay_off_c16_keepalive_ms,42.745578
latency,0,15,http1_python_nodelay_off_c16_keepalive_ms,42.991911
latency,0,16,http1_python_nodelay_off_c16_keepalive_ms,43.032203
latency,0,17,http1_python_nodelay_off_c16_keepalive_ms,42.062775
latency,0,18,http1_python_nodelay_off_c16_keepalive_ms,41.941924
latency,0,19,http1_python_nodelay_off_c16_keepalive_ms,42.150797
latency,0,20,http1_python_nodelay_off_c16_keepalive_ms,41.855803
latency,0,21,http1_python_nodelay_off_c16_keepalive_ms,41.993024
latency,0,22,http1_python_nodelay_off_c16_keepalive_ms,42.093907
latency,0,23,http1_python_nodelay_off_c16_keepalive_ms,41.915783
latency,0,24,http1_python_nodelay_off_c16_keepalive_ms,41.925153
latency,0,25,http1_python_nodelay_off_c16_keepalive_ms,42.090766
latency,0,26,http1_python_nodelay_off_c16_keepalive_ms,41.993965
latency,0,27,http1_python_nodelay_off_c16_keepalive_ms,42.080536
latency,0,28,http1_python_nodelay_off_c16_keepalive_ms,41.897603
latency,0,29,http1_python_nodelay_off_c16_keepalive_ms,41.935154
latency,0,30,http1_python_nodelay_off_c16_keepalive_ms,42.061765
latency,0,31,http1_python_nodelay_off_c16_keepalive_ms,42.008075
latency,0,32,http1_python_nodelay_off_c16_keepalive_ms,41.967344
latency,0,33,http1_python_nodelay_off_c16_keepalive_ms,42.042396
latency,0,34,http1_python_nodelay_off_c16_keepalive_ms,42.036605
latency,0,35,http1_python_nodelay_off_c16_keepalive_ms,42.030505
latency,0,36,http1_python_nodelay_off_c16_keepalive_ms,41.876473
latency,0,37,http1_python_nodelay_off_c16_keepalive_ms,43.074423
latency,0,38,http1_python_nodelay_off_c16_keepalive_ms,42.116937
latency,0,39,http1_python_nodelay_off_c16_keepalive_ms,41.950753
latency,0,40,http1_python_nodelay_off_c16_keepalive_ms,42.016865
latency,0,41,http1_python_nodelay_off_c16_keepalive_ms,41.958904
latency,0,42,http1_python_nodelay_off_c16_keepalive_ms,41.915583
latency,0,43,http1_python_nodelay_off_c16_keepalive_ms,42.117377
latency,0,44,http1_python_nodelay_off_c16_keepalive_ms,41.904273
latency,0,45,http1_python_nodelay_off_c16_keepalive_ms,41.928604
latency,0,46,http1_python_nodelay_off_c16_keepalive_ms,42.112896
latency,0,47,http1_python_nodelay_off_c16_keepalive_ms,41.894163
latency,0,48,http1_python_nodelay_off_c16_keepalive_ms,42.155308
latency,0,49,http1_python_nodelay_off_c16_keepalive_ms,41.905643
latency,0,50,http1_python_nodelay_off_c16_keepalive_ms,42.058815
latency,0,51,http1_python_nodelay_off_c16_keepalive_ms,41.908263
latency,0,52,http1_python_nodelay_off_c16_keepalive_ms,41.959565
latency,0,53,http1_python_nodelay_off_c16_keepalive_ms,42.072746
latency,0,54,http1_python_nodelay_off_c16_keepalive_ms,40.943336
latency,0,55,http1_python_nodelay_off_c16_keepalive_ms,40.957687
latency,0,56,http1_python_nodelay_off_c16_keepalive_ms,41.003188
latency,0,57,http1_python_nodelay_off_c16_keepalive_ms,41.990574
latency,0,58,http1_python_nodelay_off_c16_keepalive_ms,41.007768
latency,0,59,http1_python_nodelay_off_c16_keepalive_ms,41.996195
latency,0,60,http1_python_nodelay_off_c16_keepalive_ms,40.997407
latency,0,61,http1_python_nodelay_off_c16_keepalive_ms,40.998158
latency,0,62,http1_python_nodelay_off_c16_keepalive_ms,40.997208
latency,0,63,http1_python_nodelay_off_c16_keepalive_ms,41.003438
latency,0,64,http1_python_nodelay_off_c16_keepalive_ms,40.994687
latency,0,65,http1_python_nodelay_off_c16_keepalive_ms,41.008448
latency,0,66,http1_python_nodelay_off_c16_keepalive_ms,40.994327
latency,0,67,http1_python_nodelay_off_c16_keepalive_ms,41.002268
latency,0,68,http1_python_nodelay_off_c16_keepalive_ms,41.005968
latency,0,69,http1_python_nodelay_off_c16_keepalive_ms,41.997305
latency,0,70,http1_python_nodelay_off_c16_keepalive_ms,40.997767
latency,0,71,http1_python_nodelay_off_c16_keepalive_ms,41.004458
latency,0,72,http1_python_nodelay_off_c16_keepalive_ms,41.000558
latency,0,73,http1_python_nodelay_off_c16_keepalive_ms,40.991607
latency,0,74,http1_python_nodelay_off_c16_keepalive_ms,41.000708
latency,0,75,http1_python_nodelay_off_c16_keepalive_ms,40.994638
latency,0,76,http1_python_nodelay_off_c16_keepalive_ms,41.003987
latency,0,77,http1_python_nodelay_off_c16_keepalive_ms,41.004788
latency,0,78,http1_python_nodelay_off_c16_keepalive_ms,41.998655
latency,0,79,http1_python_nodelay_off_c16_keepalive_ms,41.005128
latency,0,800,http1_python_nodelay_off_c16_keepalive_ms,43.586382
latency,0,801,http1_python_nodelay_off_c16_keepalive_ms,44.331004
latency,0,802,http1_python_nodelay_off_c16_keepalive_ms,44.101150
latency,0,803,http1_python_nodelay_off_c16_keepalive_ms,43.980519
latency,0,804,http1_python_nodelay_off_c16_keepalive_ms,43.677933
latency,0,805,http1_python_nodelay_off_c16_keepalive_ms,44.960715
latency,0,806,http1_python_nodelay_off_c16_keepalive_ms,43.178665
latency,0,807,http1_python_nodelay_off_c16_keepalive_ms,41.787491
latency,0,808,http1_python_nodelay_off_c16_keepalive_ms,42.011815
latency,0,809,http1_python_nodelay_off_c16_keepalive_ms,43.009292
latency,0,810,http1_python_nodelay_off_c16_keepalive_ms,42.028825
latency,0,811,http1_python_nodelay_off_c16_keepalive_ms,41.948334
latency,0,812,http1_python_nodelay_off_c16_keepalive_ms,42.238179
latency,0,813,http1_python_nodelay_off_c16_keepalive_ms,43.968268
latency,0,814,http1_python_nodelay_off_c16_keepalive_ms,42.752067
latency,0,815,http1_python_nodelay_off_c16_keepalive_ms,43.178365
latency,0,816,http1_python_nodelay_off_c16_keepalive_ms,42.791818
latency,0,817,http1_python_nodelay_off_c16_keepalive_ms,42.016975
latency,0,818,http1_python_nodelay_off_c16_keepalive_ms,42.039615
latency,0,819,http1_python_nodelay_off_c16_keepalive_ms,41.978325
latency,0,820,http1_python_nodelay_off_c16_keepalive_ms,42.057786
latency,0,821,http1_python_nodelay_off_c16_keepalive_ms,41.907333
latency,0,822,http1_python_nodelay_off_c16_keepalive_ms,42.149087
latency,0,823,http1_python_nodelay_off_c16_keepalive_ms,41.916273
latency,0,824,http1_python_nodelay_off_c16_keepalive_ms,41.969434
latency,0,825,http1_python_nodelay_off_c16_keepalive_ms,41.998825
latency,0,826,http1_python_nodelay_off_c16_keepalive_ms,41.993844
latency,0,827,http1_python_nodelay_off_c16_keepalive_ms,42.050776
latency,0,828,http1_python_nodelay_off_c16_keepalive_ms,41.976855
latency,0,829,http1_python_nodelay_off_c16_keepalive_ms,41.964994
latency,0,830,http1_python_nodelay_off_c16_keepalive_ms,42.034135
latency,0,831,http1_python_nodelay_off_c16_keepalive_ms,42.147597
latency,0,832,http1_python_nodelay_off_c16_keepalive_ms,41.842222
latency,0,833,http1_python_nodelay_off_c16_keepalive_ms,42.028775
latency,0,834,http1_python_nodelay_off_c16_keepalive_ms,42.060926
latency,0,835,http1_python_nodelay_off_c16_keepalive_ms,41.837612
latency,0,836,http1_python_nodelay_off_c16_keepalive_ms,42.114947
latency,0,837,http1_python_nodelay_off_c16_keepalive_ms,42.876069
latency,0,838,http1_python_nodelay_off_c16_keepalive_ms,42.240599
latency,0,839,http1_python_nodelay_off_c16_keepalive_ms,41.833642
latency,0,840,http1_python_nodelay_off_c16_keepalive_ms,41.999844
latency,0,841,http1_python_nodelay_off_c16_keepalive_ms,41.997535
latency,0,842,http1_python_nodelay_off_c16_keepalive_ms,41.930553
latency,0,843,http1_python_nodelay_off_c16_keepalive_ms,41.999405
latency,0,844,http1_python_nodelay_off_c16_keepalive_ms,42.129907
latency,0,845,http1_python_nodelay_off_c16_keepalive_ms,41.903933
latency,0,846,http1_python_nodelay_off_c16_keepalive_ms,42.057256
latency,0,847,http1_python_nodelay_off_c16_keepalive_ms,42.137267
latency,0,848,http1_python_nodelay_off_c16_keepalive_ms,41.857332
latency,0,849,http1_python_nodelay_off_c16_keepalive_ms,42.011645
latency,0,850,http1_python_nodelay_off_c16_keepalive_ms,42.063496
latency,0,851,http1_python_nodelay_off_c16_keepalive_ms,41.936563
latency,0,852,http1_python_nodelay_off_c16_keepalive_ms,41.931524
latency,0,853,http1_python_nodelay_off_c16_keepalive_ms,42.097216
latency,0,854,http1_python_nodelay_off_c16_keepalive_ms,41.917634
latency,0,855,http1_python_nodelay_off_c16_keepalive_ms,42.976031
latency,0,856,http1_python_nodelay_off_c16_keepalive_ms,42.112827
latency,0,857,http1_python_nodelay_off_c16_keepalive_ms,42.005814
latency,0,858,http1_python_nodelay_off_c16_keepalive_ms,41.856862
latency,0,859,http1_python_nodelay_off_c16_keepalive_ms,42.015275
latency,0,860,http1_python_nodelay_off_c16_keepalive_ms,40.980388
latency,0,861,http1_python_nodelay_off_c16_keepalive_ms,41.025348
latency,0,862,http1_python_nodelay_off_c16_keepalive_ms,41.233372
latency,0,863,http1_python_nodelay_off_c16_keepalive_ms,40.721063
latency,0,864,http1_python_nodelay_off_c16_keepalive_ms,41.003007
latency,0,865,http1_python_nodelay_off_c16_keepalive_ms,41.044049
latency,0,866,http1_python_nodelay_off_c16_keepalive_ms,41.206801
latency,0,867,http1_python_nodelay_off_c16_keepalive_ms,40.803944
latency,0,868,http1_python_nodelay_off_c16_keepalive_ms,40.947917
latency,0,869,http1_python_nodelay_off_c16_keepalive_ms,41.002688
latency,0,870,http1_python_nodelay_off_c16_keepalive_ms,40.992278
latency,0,871,http1_python_nodelay_off_c16_keepalive_ms,41.286472
latency,0,872,http1_python_nodelay_off_c16_keepalive_ms,40.714933
latency,0,873,http1_python_nodelay_off_c16_keepalive_ms,41.043788
latency,0,874,http1_python_nodelay_off_c16_keepalive_ms,41.234792
latency,0,875,http1_python_nodelay_off_c16_keepalive_ms,41.001868
latency,0,876,http1_python_nodelay_off_c16_keepalive_ms,41.068668
latency,0,877,http1_python_nodelay_off_c16_keepalive_ms,40.712223
latency,0,878,http1_python_nodelay_off_c16_keepalive_ms,42.327600
latency,0,879,http1_python_nodelay_off_c16_keepalive_ms,41.624279
latency,0,720,http1_python_nodelay_off_c16_keepalive_ms,43.686673
latency,0,721,http1_python_nodelay_off_c16_keepalive_ms,44.996806
latency,0,722,http1_python_nodelay_off_c16_keepalive_ms,43.833766
latency,0,723,http1_python_nodelay_off_c16_keepalive_ms,44.170571
latency,0,724,http1_python_nodelay_off_c16_keepalive_ms,44.221673
latency,0,725,http1_python_nodelay_off_c16_keepalive_ms,42.184797
latency,0,726,http1_python_nodelay_off_c16_keepalive_ms,43.107994
latency,0,727,http1_python_nodelay_off_c16_keepalive_ms,41.899823
latency,0,728,http1_python_nodelay_off_c16_keepalive_ms,41.771101
latency,0,729,http1_python_nodelay_off_c16_keepalive_ms,42.735397
latency,0,730,http1_python_nodelay_off_c16_keepalive_ms,42.426442
latency,0,731,http1_python_nodelay_off_c16_keepalive_ms,41.828472
latency,0,732,http1_python_nodelay_off_c16_keepalive_ms,44.313164
latency,0,733,http1_python_nodelay_off_c16_keepalive_ms,44.060760
latency,0,734,http1_python_nodelay_off_c16_keepalive_ms,42.370801
latency,0,735,http1_python_nodelay_off_c16_keepalive_ms,43.033882
latency,0,736,http1_python_nodelay_off_c16_keepalive_ms,42.908990
latency,0,737,http1_python_nodelay_off_c16_keepalive_ms,42.625965
latency,0,738,http1_python_nodelay_off_c16_keepalive_ms,41.768441
latency,0,739,http1_python_nodelay_off_c16_keepalive_ms,41.709380
latency,0,740,http1_python_nodelay_off_c16_keepalive_ms,41.853162
latency,0,741,http1_python_nodelay_off_c16_keepalive_ms,41.964064
latency,0,742,http1_python_nodelay_off_c16_keepalive_ms,41.992555
latency,0,743,http1_python_nodelay_off_c16_keepalive_ms,42.170677
latency,0,744,http1_python_nodelay_off_c16_keepalive_ms,42.216429
latency,0,745,http1_python_nodelay_off_c16_keepalive_ms,41.803181
latency,0,746,http1_python_nodelay_off_c16_keepalive_ms,41.919703
latency,0,747,http1_python_nodelay_off_c16_keepalive_ms,42.336701
latency,0,748,http1_python_nodelay_off_c16_keepalive_ms,42.018935
latency,0,749,http1_python_nodelay_off_c16_keepalive_ms,41.983384
latency,0,750,http1_python_nodelay_off_c16_keepalive_ms,41.742121
latency,0,751,http1_python_nodelay_off_c16_keepalive_ms,42.307000
latency,0,752,http1_python_nodelay_off_c16_keepalive_ms,41.994764
latency,0,753,http1_python_nodelay_off_c16_keepalive_ms,41.828822
latency,0,754,http1_python_nodelay_off_c16_keepalive_ms,41.820541
latency,0,755,http1_python_nodelay_off_c16_keepalive_ms,42.243729
latency,0,756,http1_python_nodelay_off_c16_keepalive_ms,42.015135
latency,0,757,http1_python_nodelay_off_c16_keepalive_ms,42.624716
latency,0,758,http1_python_nodelay_off_c16_keepalive_ms,41.995764
latency,0,759,http1_python_nodelay_off_c16_keepalive_ms,43.346598
latency,0,760,http1_python_nodelay_off_c16_keepalive_ms,41.027988
latency,0,761,http1_python_nodelay_off_c16_keepalive_ms,41.645729
latency,0,762,http1_python_nodelay_off_c16_keepalive_ms,42.310320
latency,0,763,http1_python_nodelay_off_c16_keepalive_ms,42.036145
latency,0,764,http1_python_nodelay_off_c16_keepalive_ms,41.716240
latency,0,765,http1_python_nodelay_off_c16_keepalive_ms,42.268689
latency,0,766,http1_python_nodelay_off_c16_keepalive_ms,42.057156
latency,0,767,http1_python_nodelay_off_c16_keepalive_ms,42.055255
latency,0,768,http1_python_nodelay_off_c16_keepalive_ms,41.975365
latency,0,769,http1_python_nodelay_off_c16_keepalive_ms,41.942683
latency,0,770,http1_python_nodelay_off_c16_keepalive_ms,42.240889
latency,0,771,http1_python_nodelay_off_c16_keepalive_ms,41.782591
latency,0,772,http1_python_nodelay_off_c16_keepalive_ms,41.965804
latency,0,773,http1_python_nodelay_off_c16_keepalive_ms,41.707220
latency,0,774,http1_python_nodelay_off_c16_keepalive_ms,42.217348
latency,0,775,http1_python_nodelay_off_c16_keepalive_ms,43.044263
latency,0,776,http1_python_nodelay_off_c16_keepalive_ms,41.701279
latency,0,777,http1_python_nodelay_off_c16_keepalive_ms,42.414062
latency,0,778,http1_python_nodelay_off_c16_keepalive_ms,41.854212
latency,0,779,http1_python_nodelay_off_c16_keepalive_ms,41.750991
latency,0,780,http1_python_nodelay_off_c16_keepalive_ms,41.163170
latency,0,781,http1_python_nodelay_off_c16_keepalive_ms,40.952037
latency,0,782,http1_python_nodelay_off_c16_keepalive_ms,40.847625
latency,0,783,http1_python_nodelay_off_c16_keepalive_ms,41.058989
latency,0,784,http1_python_nodelay_off_c16_keepalive_ms,41.095829
latency,0,785,http1_python_nodelay_off_c16_keepalive_ms,40.986618
latency,0,786,http1_python_nodelay_off_c16_keepalive_ms,40.934506
latency,0,787,http1_python_nodelay_off_c16_keepalive_ms,41.077479
latency,0,788,http1_python_nodelay_off_c16_keepalive_ms,41.033638
latency,0,789,http1_python_nodelay_off_c16_keepalive_ms,40.880346
latency,0,790,http1_python_nodelay_off_c16_keepalive_ms,41.081839
latency,0,791,http1_python_nodelay_off_c16_keepalive_ms,40.862956
latency,0,792,http1_python_nodelay_off_c16_keepalive_ms,41.131089
latency,0,793,http1_python_nodelay_off_c16_keepalive_ms,41.004828
latency,0,794,http1_python_nodelay_off_c16_keepalive_ms,40.947867
latency,0,795,http1_python_nodelay_off_c16_keepalive_ms,40.895016
latency,0,796,http1_python_nodelay_off_c16_keepalive_ms,41.010668
latency,0,797,http1_python_nodelay_off_c16_keepalive_ms,41.166090
latency,0,798,http1_python_nodelay_off_c16_keepalive_ms,41.949684
latency,0,799,http1_python_nodelay_off_c16_keepalive_ms,42.424282
latency,0,480,http1_python_nodelay_off_c16_keepalive_ms,43.606432
latency,0,481,http1_python_nodelay_off_c16_keepalive_ms,45.227079
latency,0,482,http1_python_nodelay_off_c16_keepalive_ms,43.623872
latency,0,483,http1_python_nodelay_off_c16_keepalive_ms,44.190702
latency,0,484,http1_python_nodelay_off_c16_keepalive_ms,44.398126
latency,0,485,http1_python_nodelay_off_c16_keepalive_ms,44.299664
latency,0,486,http1_python_nodelay_off_c16_keepalive_ms,43.043482
latency,0,487,http1_python_nodelay_off_c16_keepalive_ms,43.497040
latency,0,488,http1_python_nodelay_off_c16_keepalive_ms,41.872183
latency,0,489,http1_python_nodelay_off_c16_keepalive_ms,42.733797
latency,0,490,http1_python_nodelay_off_c16_keepalive_ms,42.223169
latency,0,491,http1_python_nodelay_off_c16_keepalive_ms,41.266012
latency,0,492,http1_python_nodelay_off_c16_keepalive_ms,42.753517
latency,0,493,http1_python_nodelay_off_c16_keepalive_ms,42.647546
latency,0,494,http1_python_nodelay_off_c16_keepalive_ms,43.001052
latency,0,495,http1_python_nodelay_off_c16_keepalive_ms,42.240838
latency,0,496,http1_python_nodelay_off_c16_keepalive_ms,43.046773
latency,0,497,http1_python_nodelay_off_c16_keepalive_ms,42.306140
latency,0,498,http1_python_nodelay_off_c16_keepalive_ms,41.911473
latency,0,499,http1_python_nodelay_off_c16_keepalive_ms,42.192598
latency,0,500,http1_python_nodelay_off_c16_keepalive_ms,41.952304
latency,0,501,http1_python_nodelay_off_c16_keepalive_ms,42.346391
latency,0,502,http1_python_nodelay_off_c16_keepalive_ms,41.467745
latency,0,503,http1_python_nodelay_off_c16_keepalive_ms,41.909733
latency,0,504,http1_python_nodelay_off_c16_keepalive_ms,42.390542
latency,0,505,http1_python_nodelay_off_c16_keepalive_ms,41.736250
latency,0,506,http1_python_nodelay_off_c16_keepalive_ms,42.225628
latency,0,507,http1_python_nodelay_off_c16_keepalive_ms,41.504936
latency,0,508,http1_python_nodelay_off_c16_keepalive_ms,42.001665
latency,0,509,http1_python_nodelay_off_c16_keepalive_ms,42.282810
latency,0,510,http1_python_nodelay_off_c16_keepalive_ms,42.244259
latency,0,511,http1_python_nodelay_off_c16_keepalive_ms,41.810211
latency,0,512,http1_python_nodelay_off_c16_keepalive_ms,41.629339
latency,0,513,http1_python_nodelay_off_c16_keepalive_ms,42.992931
latency,0,514,http1_python_nodelay_off_c16_keepalive_ms,41.410545
latency,0,515,http1_python_nodelay_off_c16_keepalive_ms,41.895873
latency,0,516,http1_python_nodelay_off_c16_keepalive_ms,41.685709
latency,0,517,http1_python_nodelay_off_c16_keepalive_ms,43.274377
latency,0,518,http1_python_nodelay_off_c16_keepalive_ms,42.067725
latency,0,519,http1_python_nodelay_off_c16_keepalive_ms,41.605948
latency,0,520,http1_python_nodelay_off_c16_keepalive_ms,42.058356
latency,0,521,http1_python_nodelay_off_c16_keepalive_ms,42.299310
latency,0,522,http1_python_nodelay_off_c16_keepalive_ms,41.766550
latency,0,523,http1_python_nodelay_off_c16_keepalive_ms,41.947054
latency,0,524,http1_python_nodelay_off_c16_keepalive_ms,42.538904
latency,0,525,http1_python_nodelay_off_c16_keepalive_ms,41.698610
latency,0,526,http1_python_nodelay_off_c16_keepalive_ms,41.795311
latency,0,527,http1_python_nodelay_off_c16_keepalive_ms,42.279729
latency,0,528,http1_python_nodelay_off_c16_keepalive_ms,41.686830
latency,0,529,http1_python_nodelay_off_c16_keepalive_ms,42.335600
latency,0,530,http1_python_nodelay_off_c16_keepalive_ms,42.149847
latency,0,531,http1_python_nodelay_off_c16_keepalive_ms,41.804852
latency,0,532,http1_python_nodelay_off_c16_keepalive_ms,42.275549
latency,0,533,http1_python_nodelay_off_c16_keepalive_ms,42.125807
latency,0,534,http1_python_nodelay_off_c16_keepalive_ms,41.556917
latency,0,535,http1_python_nodelay_off_c16_keepalive_ms,42.762088
latency,0,536,http1_python_nodelay_off_c16_keepalive_ms,42.304640
latency,0,537,http1_python_nodelay_off_c16_keepalive_ms,41.984864
latency,0,538,http1_python_nodelay_off_c16_keepalive_ms,41.648689
latency,0,539,http1_python_nodelay_off_c16_keepalive_ms,42.118896
latency,0,540,http1_python_nodelay_off_c16_keepalive_ms,41.043099
latency,0,541,http1_python_nodelay_off_c16_keepalive_ms,40.949027
latency,0,542,http1_python_nodelay_off_c16_keepalive_ms,41.494276
latency,0,543,http1_python_nodelay_off_c16_keepalive_ms,40.916476
latency,0,544,http1_python_nodelay_off_c16_keepalive_ms,40.591751
latency,0,545,http1_python_nodelay_off_c16_keepalive_ms,40.987367
latency,0,546,http1_python_nodelay_off_c16_keepalive_ms,40.933947
latency,0,547,http1_python_nodelay_off_c16_keepalive_ms,41.077849
latency,0,548,http1_python_nodelay_off_c16_keepalive_ms,41.033328
latency,0,549,http1_python_nodelay_off_c16_keepalive_ms,41.292603
latency,0,550,http1_python_nodelay_off_c16_keepalive_ms,40.670452
latency,0,551,http1_python_nodelay_off_c16_keepalive_ms,41.430895
latency,0,552,http1_python_nodelay_off_c16_keepalive_ms,40.562210
latency,0,553,http1_python_nodelay_off_c16_keepalive_ms,41.004838
latency,0,554,http1_python_nodelay_off_c16_keepalive_ms,40.946587
latency,0,555,http1_python_nodelay_off_c16_keepalive_ms,41.282022
latency,0,556,http1_python_nodelay_off_c16_keepalive_ms,40.979667
latency,0,557,http1_python_nodelay_off_c16_keepalive_ms,40.809535
latency,0,558,http1_python_nodelay_off_c16_keepalive_ms,41.907903
latency,0,559,http1_python_nodelay_off_c16_keepalive_ms,43.277896
latency,0,1120,http1_python_nodelay_off_c16_keepalive_ms,43.619423
latency,0,1121,http1_python_nodelay_off_c16_keepalive_ms,45.158498
latency,0,1122,http1_python_nodelay_off_c16_keepalive_ms,43.738644
latency,0,1123,http1_python_nodelay_off_c16_keepalive_ms,44.170232
latency,0,1124,http1_python_nodelay_off_c16_keepalive_ms,43.645242
latency,0,1125,http1_python_nodelay_off_c16_keepalive_ms,42.710667
latency,0,1126,http1_python_nodelay_off_c16_keepalive_ms,43.017762
latency,0,1127,http1_python_nodelay_off_c16_keepalive_ms,42.043516
latency,0,1128,http1_python_nodelay_off_c16_keepalive_ms,41.762040
latency,0,1129,http1_python_nodelay_off_c16_keepalive_ms,42.778558
latency,0,1130,http1_python_nodelay_off_c16_keepalive_ms,42.344581
latency,0,1131,http1_python_nodelay_off_c16_keepalive_ms,41.532616
latency,0,1132,http1_python_nodelay_off_c16_keepalive_ms,44.595639
latency,0,1133,http1_python_nodelay_off_c16_keepalive_ms,44.215583
latency,0,1134,http1_python_nodelay_off_c16_keepalive_ms,43.135384
latency,0,1135,http1_python_nodelay_off_c16_keepalive_ms,42.052055
latency,0,1136,http1_python_nodelay_off_c16_keepalive_ms,43.089643
latency,0,1137,http1_python_nodelay_off_c16_keepalive_ms,42.306980
latency,0,1138,http1_python_nodelay_off_c16_keepalive_ms,42.024885
latency,0,1139,http1_python_nodelay_off_c16_keepalive_ms,41.540087
latency,0,1140,http1_python_nodelay_off_c16_keepalive_ms,42.059896
latency,0,1141,http1_python_nodelay_off_c16_keepalive_ms,42.217229
latency,0,1142,http1_python_nodelay_off_c16_keepalive_ms,41.792821
latency,0,1143,http1_python_nodelay_off_c16_keepalive_ms,41.892333
latency,0,1144,http1_python_nodelay_off_c16_keepalive_ms,42.093136
latency,0,1145,http1_python_nodelay_off_c16_keepalive_ms,42.334570
latency,0,1146,http1_python_nodelay_off_c16_keepalive_ms,41.949174
latency,0,1147,http1_python_nodelay_off_c16_keepalive_ms,41.663119
latency,0,1148,http1_python_nodelay_off_c16_keepalive_ms,42.071316
latency,0,1149,http1_python_nodelay_off_c16_keepalive_ms,42.287490
latency,0,1150,http1_python_nodelay_off_c16_keepalive_ms,42.307359
latency,0,1151,http1_python_nodelay_off_c16_keepalive_ms,41.388215
latency,0,1152,http1_python_nodelay_off_c16_keepalive_ms,42.898610
latency,0,1153,http1_python_nodelay_off_c16_keepalive_ms,42.261399
latency,0,1154,http1_python_nodelay_off_c16_keepalive_ms,41.301842
latency,0,1155,http1_python_nodelay_off_c16_keepalive_ms,41.804852
latency,0,1156,http1_python_nodelay_off_c16_keepalive_ms,42.326810
latency,0,1157,http1_python_nodelay_off_c16_keepalive_ms,42.430212
latency,0,1158,http1_python_nodelay_off_c16_keepalive_ms,42.565875
latency,0,1159,http1_python_nodelay_off_c16_keepalive_ms,41.592417
latency,0,1160,http1_python_nodelay_off_c16_keepalive_ms,41.875853
latency,0,1161,http1_python_nodelay_off_c16_keepalive_ms,42.220668
latency,0,1162,http1_python_nodelay_off_c16_keepalive_ms,41.653239
latency,0,1163,http1_python_nodelay_off_c16_keepalive_ms,42.116687
latency,0,1164,http1_python_nodelay_off_c16_keepalive_ms,42.424972
latency,0,1165,http1_python_nodelay_off_c16_keepalive_ms,42.836509
latency,0,1166,http1_python_nodelay_off_c16_keepalive_ms,41.091129
latency,0,1167,http1_python_nodelay_off_c16_keepalive_ms,41.906013
latency,0,1168,http1_python_nodelay_off_c16_keepalive_ms,41.735380
latency,0,1169,http1_python_nodelay_off_c16_keepalive_ms,41.902963
latency,0,1170,http1_python_nodelay_off_c16_keepalive_ms,42.528404
latency,0,1171,http1_python_nodelay_off_c16_keepalive_ms,41.876832
latency,0,1172,http1_python_nodelay_off_c16_keepalive_ms,41.918724
latency,0,1173,http1_python_nodelay_off_c16_keepalive_ms,41.676139
latency,0,1174,http1_python_nodelay_off_c16_keepalive_ms,42.599905
latency,0,1175,http1_python_nodelay_off_c16_keepalive_ms,42.691746
latency,0,1176,http1_python_nodelay_off_c16_keepalive_ms,42.048896
latency,0,1177,http1_python_nodelay_off_c16_keepalive_ms,42.001245
latency,0,1178,http1_python_nodelay_off_c16_keepalive_ms,41.920463
latency,0,1179,http1_python_nodelay_off_c16_keepalive_ms,41.903583
latency,0,1180,http1_python_nodelay_off_c16_keepalive_ms,41.749221
latency,0,1181,http1_python_nodelay_off_c16_keepalive_ms,41.074699
latency,0,1182,http1_python_nodelay_off_c16_keepalive_ms,41.011167
latency,0,1183,http1_python_nodelay_off_c16_keepalive_ms,40.980568
latency,0,1184,http1_python_nodelay_off_c16_keepalive_ms,41.013247
latency,0,1185,http1_python_nodelay_off_c16_keepalive_ms,40.998708
latency,0,1186,http1_python_nodelay_off_c16_keepalive_ms,41.001638
latency,0,1187,http1_python_nodelay_off_c16_keepalive_ms,41.008538
latency,0,1188,http1_python_nodelay_off_c16_keepalive_ms,40.972627
latency,0,1189,http1_python_nodelay_off_c16_keepalive_ms,41.007058
latency,0,1190,http1_python_nodelay_off_c16_keepalive_ms,41.005408
latency,0,1191,http1_python_nodelay_off_c16_keepalive_ms,41.031598
latency,0,1192,http1_python_nodelay_off_c16_keepalive_ms,40.963257
latency,0,1193,http1_python_nodelay_off_c16_keepalive_ms,40.996017
latency,0,1194,http1_python_nodelay_off_c16_keepalive_ms,41.042239
latency,0,1195,http1_python_nodelay_off_c16_keepalive_ms,42.006755
latency,0,1196,http1_python_nodelay_off_c16_keepalive_ms,40.979007
latency,0,1197,http1_python_nodelay_off_c16_keepalive_ms,40.977187
latency,0,1198,http1_python_nodelay_off_c16_keepalive_ms,42.022875
latency,0,1199,http1_python_nodelay_off_c16_keepalive_ms,42.057236
latency,0,880,http1_python_nodelay_off_c16_keepalive_ms,44.665900
latency,0,881,http1_python_nodelay_off_c16_keepalive_ms,43.270557
latency,0,882,http1_python_nodelay_off_c16_keepalive_ms,44.491267
latency,0,883,http1_python_nodelay_off_c16_keepalive_ms,44.082950
latency,0,884,http1_python_nodelay_off_c16_keepalive_ms,43.986408
latency,0,885,http1_python_nodelay_off_c16_keepalive_ms,42.580385
latency,0,886,http1_python_nodelay_off_c16_keepalive_ms,43.059103
latency,0,887,http1_python_nodelay_off_c16_keepalive_ms,41.631878
latency,0,888,http1_python_nodelay_off_c16_keepalive_ms,41.976745
latency,0,889,http1_python_nodelay_off_c16_keepalive_ms,43.365228
latency,0,890,http1_python_nodelay_off_c16_keepalive_ms,41.789851
latency,0,891,http1_python_nodelay_off_c16_keepalive_ms,41.898802
latency,0,892,http1_python_nodelay_off_c16_keepalive_ms,44.286924
latency,0,893,http1_python_nodelay_off_c16_keepalive_ms,44.194782
latency,0,894,http1_python_nodelay_off_c16_keepalive_ms,43.229276
latency,0,895,http1_python_nodelay_off_c16_keepalive_ms,42.033805
latency,0,896,http1_python_nodelay_off_c16_keepalive_ms,42.993762
latency,0,897,http1_python_nodelay_off_c16_keepalive_ms,42.430752
latency,0,898,http1_python_nodelay_off_c16_keepalive_ms,41.893132
latency,0,899,http1_python_nodelay_off_c16_keepalive_ms,41.936764
latency,0,900,http1_python_nodelay_off_c16_keepalive_ms,42.246499
latency,0,901,http1_python_nodelay_off_c16_keepalive_ms,42.833839
latency,0,902,http1_python_nodelay_off_c16_keepalive_ms,40.944207
latency,0,903,http1_python_nodelay_off_c16_keepalive_ms,43.042222
latency,0,904,http1_python_nodelay_off_c16_keepalive_ms,40.924126
latency,0,905,http1_python_nodelay_off_c16_keepalive_ms,41.674739
latency,0,906,http1_python_nodelay_off_c16_keepalive_ms,42.096877
latency,0,907,http1_python_nodelay_off_c16_keepalive_ms,42.337910
latency,0,908,http1_python_nodelay_off_c16_keepalive_ms,41.969294
latency,0,909,http1_python_nodelay_off_c16_keepalive_ms,41.753361
latency,0,910,http1_python_nodelay_off_c16_keepalive_ms,42.340291
latency,0,911,http1_python_nodelay_off_c16_keepalive_ms,41.897232
latency,0,912,http1_python_nodelay_off_c16_keepalive_ms,42.086677
latency,0,913,http1_python_nodelay_off_c16_keepalive_ms,41.773380
latency,0,914,http1_python_nodelay_off_c16_keepalive_ms,41.786811
latency,0,915,http1_python_nodelay_off_c16_keepalive_ms,41.955164
latency,0,916,http1_python_nodelay_off_c16_keepalive_ms,42.110317
latency,0,917,http1_python_nodelay_off_c16_keepalive_ms,43.199335
latency,0,918,http1_python_nodelay_off_c16_keepalive_ms,41.750751
latency,0,919,http1_python_nodelay_off_c16_keepalive_ms,42.001704
latency,0,920,http1_python_nodelay_off_c16_keepalive_ms,42.317180
latency,0,921,http1_python_nodelay_off_c16_keepalive_ms,41.592048
latency,0,922,http1_python_nodelay_off_c16_keepalive_ms,43.343328
latency,0,923,http1_python_nodelay_off_c16_keepalive_ms,41.012407
latency,0,924,http1_python_nodelay_off_c16_keepalive_ms,41.640219
latency,0,925,http1_python_nodelay_off_c16_keepalive_ms,42.054626
latency,0,926,http1_python_nodelay_off_c16_keepalive_ms,42.416202
latency,0,927,http1_python_nodelay_off_c16_keepalive_ms,43.107513
latency,0,928,http1_python_nodelay_off_c16_keepalive_ms,40.830025
latency,0,929,http1_python_nodelay_off_c16_keepalive_ms,42.058865
latency,0,930,http1_python_nodelay_off_c16_keepalive_ms,42.194358
latency,0,931,http1_python_nodelay_off_c16_keepalive_ms,41.403885
latency,0,932,http1_python_nodelay_off_c16_keepalive_ms,41.986205
latency,0,933,http1_python_nodelay_off_c16_keepalive_ms,42.704616
latency,0,934,http1_python_nodelay_off_c16_keepalive_ms,41.536637
latency,0,935,http1_python_nodelay_off_c16_keepalive_ms,43.362768
latency,0,936,http1_python_nodelay_off_c16_keepalive_ms,41.500436
latency,0,937,http1_python_nodelay_off_c16_keepalive_ms,42.443512
latency,0,938,http1_python_nodelay_off_c16_keepalive_ms,42.624436
latency,0,939,http1_python_nodelay_off_c16_keepalive_ms,42.841649
latency,0,940,http1_python_nodelay_off_c16_keepalive_ms,41.096729
latency,0,941,http1_python_nodelay_off_c16_keepalive_ms,40.919976
latency,0,942,http1_python_nodelay_off_c16_keepalive_ms,40.988718
latency,0,943,http1_python_nodelay_off_c16_keepalive_ms,41.004838
latency,0,944,http1_python_nodelay_off_c16_keepalive_ms,40.975907
latency,0,945,http1_python_nodelay_off_c16_keepalive_ms,40.990238
latency,0,946,http1_python_nodelay_off_c16_keepalive_ms,41.026808
latency,0,947,http1_python_nodelay_off_c16_keepalive_ms,40.975557
latency,0,948,http1_python_nodelay_off_c16_keepalive_ms,40.998107
latency,0,949,http1_python_nodelay_off_c16_keepalive_ms,41.000098
latency,0,950,http1_python_nodelay_off_c16_keepalive_ms,41.007608
latency,0,951,http1_python_nodelay_off_c16_keepalive_ms,40.985017
latency,0,952,http1_python_nodelay_off_c16_keepalive_ms,42.029386
latency,0,953,http1_python_nodelay_off_c16_keepalive_ms,40.990617
latency,0,954,http1_python_nodelay_off_c16_keepalive_ms,41.899163
latency,0,955,http1_python_nodelay_off_c16_keepalive_ms,41.061209
latency,0,956,http1_python_nodelay_off_c16_keepalive_ms,41.046028
latency,0,957,http1_python_nodelay_off_c16_keepalive_ms,40.981578
latency,0,958,http1_python_nodelay_off_c16_keepalive_ms,41.973594
latency,0,959,http1_python_nodelay_off_c16_keepalive_ms,42.029565
latency,0,560,http1_python_nodelay_off_c16_keepalive_ms,44.161751
latency,0,561,http1_python_nodelay_off_c16_keepalive_ms,44.287744
latency,0,562,http1_python_nodelay_off_c16_keepalive_ms,46.241097
latency,0,563,http1_python_nodelay_off_c16_keepalive_ms,42.991061
latency,0,564,http1_python_nodelay_off_c16_keepalive_ms,44.532778
latency,0,565,http1_python_nodelay_off_c16_keepalive_ms,43.071103
latency,0,566,http1_python_nodelay_off_c16_keepalive_ms,42.985282
latency,0,567,http1_python_nodelay_off_c16_keepalive_ms,41.672889
latency,0,568,http1_python_nodelay_off_c16_keepalive_ms,41.949784
latency,0,569,http1_python_nodelay_off_c16_keepalive_ms,42.813028
latency,0,570,http1_python_nodelay_off_c16_keepalive_ms,42.453653
latency,0,571,http1_python_nodelay_off_c16_keepalive_ms,41.627308
latency,0,572,http1_python_nodelay_off_c16_keepalive_ms,42.510643
latency,0,573,http1_python_nodelay_off_c16_keepalive_ms,44.139391
latency,0,574,http1_python_nodelay_off_c16_keepalive_ms,44.858134
latency,0,575,http1_python_nodelay_off_c16_keepalive_ms,42.969071
latency,0,576,http1_python_nodelay_off_c16_keepalive_ms,42.855109
latency,0,577,http1_python_nodelay_off_c16_keepalive_ms,41.947134
latency,0,578,http1_python_nodelay_off_c16_keepalive_ms,41.900093
latency,0,579,http1_python_nodelay_off_c16_keepalive_ms,43.514600
latency,0,580,http1_python_nodelay_off_c16_keepalive_ms,41.206921
latency,0,581,http1_python_nodelay_off_c16_keepalive_ms,42.246339
latency,0,582,http1_python_nodelay_off_c16_keepalive_ms,41.748141
latency,0,583,http1_python_nodelay_off_c16_keepalive_ms,41.351454
latency,0,584,http1_python_nodelay_off_c16_keepalive_ms,42.235968
latency,0,585,http1_python_nodelay_off_c16_keepalive_ms,41.701290
latency,0,586,http1_python_nodelay_off_c16_keepalive_ms,42.017335
latency,0,587,http1_python_nodelay_off_c16_keepalive_ms,41.973354
latency,0,588,http1_python_nodelay_off_c16_keepalive_ms,41.943984
latency,0,589,http1_python_nodelay_off_c16_keepalive_ms,42.128917
latency,0,590,http1_python_nodelay_off_c16_keepalive_ms,41.894423
latency,0,591,http1_python_nodelay_off_c16_keepalive_ms,42.185337
latency,0,592,http1_python_nodelay_off_c16_keepalive_ms,42.086297
latency,0,593,http1_python_nodelay_off_c16_keepalive_ms,45.326551
latency,0,594,http1_python_nodelay_off_c16_keepalive_ms,42.208388
latency,0,595,http1_python_nodelay_off_c16_keepalive_ms,42.507613
latency,0,596,http1_python_nodelay_off_c16_keepalive_ms,41.763201
latency,0,597,http1_python_nodelay_off_c16_keepalive_ms,41.827252
latency,0,598,http1_python_nodelay_off_c16_keepalive_ms,42.493723
latency,0,599,http1_python_nodelay_off_c16_keepalive_ms,41.639468
latency,0,600,http1_python_nodelay_off_c16_keepalive_ms,41.977475
latency,0,601,http1_python_nodelay_off_c16_keepalive_ms,42.102806
latency,0,602,http1_python_nodelay_off_c16_keepalive_ms,42.002905
latency,0,603,http1_python_nodelay_off_c16_keepalive_ms,42.270159
latency,0,604,http1_python_nodelay_off_c16_keepalive_ms,42.719477
latency,0,605,http1_python_nodelay_off_c16_keepalive_ms,41.521427
latency,0,606,http1_python_nodelay_off_c16_keepalive_ms,42.674876
latency,0,607,http1_python_nodelay_off_c16_keepalive_ms,41.752940
latency,0,608,http1_python_nodelay_off_c16_keepalive_ms,42.029136
latency,0,609,http1_python_nodelay_off_c16_keepalive_ms,41.581237
latency,0,610,http1_python_nodelay_off_c16_keepalive_ms,42.283910
latency,0,611,http1_python_nodelay_off_c16_keepalive_ms,42.004744
latency,0,612,http1_python_nodelay_off_c16_keepalive_ms,41.689090
latency,0,613,http1_python_nodelay_off_c16_keepalive_ms,42.150927
latency,0,614,http1_python_nodelay_off_c16_keepalive_ms,41.014158
latency,0,615,http1_python_nodelay_off_c16_keepalive_ms,41.974204
latency,0,616,http1_python_nodelay_off_c16_keepalive_ms,41.002648
latency,0,617,http1_python_nodelay_off_c16_keepalive_ms,40.928957
latency,0,618,http1_python_nodelay_off_c16_keepalive_ms,41.215021
latency,0,619,http1_python_nodelay_off_c16_keepalive_ms,42.681466
latency,0,620,http1_python_nodelay_off_c16_keepalive_ms,43.707754
latency,0,621,http1_python_nodelay_off_c16_keepalive_ms,41.553987
latency,0,622,http1_python_nodelay_off_c16_keepalive_ms,40.885756
latency,0,623,http1_python_nodelay_off_c16_keepalive_ms,40.956577
latency,0,624,http1_python_nodelay_off_c16_keepalive_ms,41.057218
latency,0,625,http1_python_nodelay_off_c16_keepalive_ms,41.430495
latency,0,626,http1_python_nodelay_off_c16_keepalive_ms,41.903973
latency,0,627,http1_python_nodelay_off_c16_keepalive_ms,42.000075
latency,0,628,http1_python_nodelay_off_c16_keepalive_ms,41.793641
latency,0,629,http1_python_nodelay_off_c16_keepalive_ms,41.760311
latency,0,630,http1_python_nodelay_off_c16_keepalive_ms,42.043755
latency,0,631,http1_python_nodelay_off_c16_keepalive_ms,40.912896
latency,0,632,http1_python_nodelay_off_c16_keepalive_ms,40.978788
latency,0,633,http1_python_nodelay_off_c16_keepalive_ms,41.060649
latency,0,634,http1_python_nodelay_off_c16_keepalive_ms,40.998937
latency,0,635,http1_python_nodelay_off_c16_keepalive_ms,40.997168
latency,0,636,http1_python_nodelay_off_c16_keepalive_ms,40.996837
latency,0,637,http1_python_nodelay_off_c16_keepalive_ms,40.956988
latency,0,638,http1_python_nodelay_off_c16_keepalive_ms,41.567617
latency,0,639,http1_python_nodelay_off_c16_keepalive_ms,40.458928
latency,0,80,http1_python_nodelay_off_c16_keepalive_ms,44.707791
latency,0,81,http1_python_nodelay_off_c16_keepalive_ms,43.090763
latency,0,82,http1_python_nodelay_off_c16_keepalive_ms,46.687785
latency,0,83,http1_python_nodelay_off_c16_keepalive_ms,43.308287
latency,0,84,http1_python_nodelay_off_c16_keepalive_ms,42.551304
latency,0,85,http1_python_nodelay_off_c16_keepalive_ms,44.933944
latency,0,86,http1_python_nodelay_off_c16_keepalive_ms,42.941091
latency,0,87,http1_python_nodelay_off_c16_keepalive_ms,41.672509
latency,0,88,http1_python_nodelay_off_c16_keepalive_ms,41.849823
latency,0,89,http1_python_nodelay_off_c16_keepalive_ms,43.143414
latency,0,90,http1_python_nodelay_off_c16_keepalive_ms,42.152187
latency,0,91,http1_python_nodelay_off_c16_keepalive_ms,41.697499
latency,0,92,http1_python_nodelay_off_c16_keepalive_ms,42.440613
latency,0,93,http1_python_nodelay_off_c16_keepalive_ms,44.061179
latency,0,94,http1_python_nodelay_off_c16_keepalive_ms,42.307820
latency,0,95,http1_python_nodelay_off_c16_keepalive_ms,43.633593
latency,0,96,http1_python_nodelay_off_c16_keepalive_ms,42.883859
latency,0,97,http1_python_nodelay_off_c16_keepalive_ms,41.944094
latency,0,98,http1_python_nodelay_off_c16_keepalive_ms,41.884513
latency,0,99,http1_python_nodelay_off_c16_keepalive_ms,41.890812
latency,0,100,http1_python_nodelay_off_c16_keepalive_ms,41.802412
latency,0,101,http1_python_nodelay_off_c16_keepalive_ms,41.995425
latency,0,102,http1_python_nodelay_off_c16_keepalive_ms,42.353320
latency,0,103,http1_python_nodelay_off_c16_keepalive_ms,41.865053
latency,0,104,http1_python_nodelay_off_c16_keepalive_ms,41.757130
latency,0,105,http1_python_nodelay_off_c16_keepalive_ms,42.327090
latency,0,106,http1_python_nodelay_off_c16_keepalive_ms,41.583128
latency,0,107,http1_python_nodelay_off_c16_keepalive_ms,42.475313
latency,0,108,http1_python_nodelay_off_c16_keepalive_ms,41.911183
latency,0,109,http1_python_nodelay_off_c16_keepalive_ms,41.608348
latency,0,110,http1_python_nodelay_off_c16_keepalive_ms,42.087826
latency,0,111,http1_python_nodelay_off_c16_keepalive_ms,42.338411
latency,0,112,http1_python_nodelay_off_c16_keepalive_ms,42.012235
latency,0,113,http1_python_nodelay_off_c16_keepalive_ms,43.747214
latency,0,114,http1_python_nodelay_off_c16_keepalive_ms,41.189531
latency,0,115,http1_python_nodelay_off_c16_keepalive_ms,42.031245
latency,0,116,http1_python_nodelay_off_c16_keepalive_ms,40.941697
latency,0,117,http1_python_nodelay_off_c16_keepalive_ms,43.949658
latency,0,118,http1_python_nodelay_off_c16_keepalive_ms,40.991767
latency,0,119,http1_python_nodelay_off_c16_keepalive_ms,42.068396
latency,0,120,http1_python_nodelay_off_c16_keepalive_ms,41.741950
latency,0,121,http1_python_nodelay_off_c16_keepalive_ms,42.558655
latency,0,122,http1_python_nodelay_off_c16_keepalive_ms,41.688109
latency,0,123,http1_python_nodelay_off_c16_keepalive_ms,42.980881
latency,0,124,http1_python_nodelay_off_c16_keepalive_ms,41.240182
latency,0,125,http1_python_nodelay_off_c16_keepalive_ms,41.800782
latency,0,126,http1_python_nodelay_off_c16_keepalive_ms,42.056925
latency,0,127,http1_python_nodelay_off_c16_keepalive_ms,41.855762
latency,0,128,http1_python_nodelay_off_c16_keepalive_ms,42.126167
latency,0,129,http1_python_nodelay_off_c16_keepalive_ms,41.990745
latency,0,130,http1_python_nodelay_off_c16_keepalive_ms,42.193618
latency,0,131,http1_python_nodelay_off_c16_keepalive_ms,41.849442
latency,0,132,http1_python_nodelay_off_c16_keepalive_ms,41.659779
latency,0,133,http1_python_nodelay_off_c16_keepalive_ms,42.606295
latency,0,134,http1_python_nodelay_off_c16_keepalive_ms,41.603388
latency,0,135,http1_python_nodelay_off_c16_keepalive_ms,42.708947
latency,0,136,http1_python_nodelay_off_c16_keepalive_ms,42.357360
latency,0,137,http1_python_nodelay_off_c16_keepalive_ms,42.049916
latency,0,138,http1_python_nodelay_off_c16_keepalive_ms,41.575307
latency,0,139,http1_python_nodelay_off_c16_keepalive_ms,44.069990
latency,0,140,http1_python_nodelay_off_c16_keepalive_ms,41.925023
latency,0,141,http1_python_nodelay_off_c16_keepalive_ms,41.175801
latency,0,142,http1_python_nodelay_off_c16_keepalive_ms,41.359204
latency,0,143,http1_python_nodelay_off_c16_keepalive_ms,40.814165
latency,0,144,http1_python_nodelay_off_c16_keepalive_ms,41.222451
latency,0,145,http1_python_nodelay_off_c16_keepalive_ms,41.755310
latency,0,146,http1_python_nodelay_off_c16_keepalive_ms,43.285757
latency,0,147,http1_python_nodelay_off_c16_keepalive_ms,41.873143
latency,0,148,http1_python_nodelay_off_c16_keepalive_ms,41.842502
latency,0,149,http1_python_nodelay_off_c16_keepalive_ms,41.881732
latency,0,150,http1_python_nodelay_off_c16_keepalive_ms,40.910717
latency,0,151,http1_python_nodelay_off_c16_keepalive_ms,40.899055
latency,0,152,http1_python_nodelay_off_c16_keepalive_ms,41.042549
latency,0,153,http1_python_nodelay_off_c16_keepalive_ms,40.953917
latency,0,154,http1_python_nodelay_off_c16_keepalive_ms,41.340583
latency,0,155,http1_python_nodelay_off_c16_keepalive_ms,40.660572
latency,0,156,http1_python_nodelay_off_c16_keepalive_ms,41.292833
latency,0,157,http1_python_nodelay_off_c16_keepalive_ms,40.776904
latency,0,158,http1_python_nodelay_off_c16_keepalive_ms,42.015745
latency,0,159,http1_python_nodelay_off_c16_keepalive_ms,41.933963
latency,0,640,http1_python_nodelay_off_c16_keepalive_ms,44.795212
latency,0,641,http1_python_nodelay_off_c16_keepalive_ms,43.930958
latency,0,642,http1_python_nodelay_off_c16_keepalive_ms,43.661892
latency,0,643,http1_python_nodelay_off_c16_keepalive_ms,44.337605
latency,0,644,http1_python_nodelay_off_c16_keepalive_ms,43.676363
latency,0,645,http1_python_nodelay_off_c16_keepalive_ms,42.594255
latency,0,646,http1_python_nodelay_off_c16_keepalive_ms,43.141424
latency,0,647,http1_python_nodelay_off_c16_keepalive_ms,42.050896
latency,0,648,http1_python_nodelay_off_c16_keepalive_ms,41.638768
latency,0,649,http1_python_nodelay_off_c16_keepalive_ms,43.231936
latency,0,650,http1_python_nodelay_off_c16_keepalive_ms,41.899823
latency,0,651,http1_python_nodelay_off_c16_keepalive_ms,41.917903
latency,0,652,http1_python_nodelay_off_c16_keepalive_ms,44.222663
latency,0,653,http1_python_nodelay_off_c16_keepalive_ms,44.111280
latency,0,654,http1_python_nodelay_off_c16_keepalive_ms,42.416262
latency,0,655,http1_python_nodelay_off_c16_keepalive_ms,43.098434
latency,0,656,http1_python_nodelay_off_c16_keepalive_ms,45.002335
latency,0,657,http1_python_nodelay_off_c16_keepalive_ms,42.245449
latency,0,658,http1_python_nodelay_off_c16_keepalive_ms,41.984985
latency,0,659,http1_python_nodelay_off_c16_keepalive_ms,41.849752
latency,0,660,http1_python_nodelay_off_c16_keepalive_ms,41.629518
latency,0,661,http1_python_nodelay_off_c16_keepalive_ms,42.376181
latency,0,662,http1_python_nodelay_off_c16_keepalive_ms,41.754641
latency,0,663,http1_python_nodelay_off_c16_keepalive_ms,42.078346
latency,0,664,http1_python_nodelay_off_c16_keepalive_ms,42.591795
latency,0,665,http1_python_nodelay_off_c16_keepalive_ms,41.748290
latency,0,666,http1_python_nodelay_off_c16_keepalive_ms,41.889203
latency,0,667,http1_python_nodelay_off_c16_keepalive_ms,42.098536
latency,0,668,http1_python_nodelay_off_c16_keepalive_ms,41.905923
latency,0,669,http1_python_nodelay_off_c16_keepalive_ms,42.061916
latency,0,670,http1_python_nodelay_off_c16_keepalive_ms,41.570357
latency,0,671,http1_python_nodelay_off_c16_keepalive_ms,42.035276
latency,0,672,http1_python_nodelay_off_c16_keepalive_ms,42.626985
latency,0,673,http1_python_nodelay_off_c16_keepalive_ms,46.703785
latency,0,674,http1_python_nodelay_off_c16_keepalive_ms,41.065239
latency,0,675,http1_python_nodelay_off_c16_keepalive_ms,41.565257
latency,0,676,http1_python_nodelay_off_c16_keepalive_ms,42.873749
latency,0,677,http1_python_nodelay_off_c16_keepalive_ms,42.306720
latency,0,678,http1_python_nodelay_off_c16_keepalive_ms,41.180121
latency,0,679,http1_python_nodelay_off_c16_keepalive_ms,42.107276
latency,0,680,http1_python_nodelay_off_c16_keepalive_ms,42.024996
latency,0,681,http1_python_nodelay_off_c16_keepalive_ms,42.041645
latency,0,682,http1_python_nodelay_off_c16_keepalive_ms,41.851642
latency,0,683,http1_python_nodelay_off_c16_keepalive_ms,42.004885
latency,0,684,http1_python_nodelay_off_c16_keepalive_ms,43.110554
latency,0,685,http1_python_nodelay_off_c16_keepalive_ms,42.043235
latency,0,686,http1_python_nodelay_off_c16_keepalive_ms,42.154777
latency,0,687,http1_python_nodelay_off_c16_keepalive_ms,41.770811
latency,0,688,http1_python_nodelay_off_c16_keepalive_ms,41.967384
latency,0,689,http1_python_nodelay_off_c16_keepalive_ms,42.076206
latency,0,690,http1_python_nodelay_off_c16_keepalive_ms,42.501524
latency,0,691,http1_python_nodelay_off_c16_keepalive_ms,42.994371
latency,0,692,http1_python_nodelay_off_c16_keepalive_ms,42.176378
latency,0,693,http1_python_nodelay_off_c16_keepalive_ms,42.105846
latency,0,694,http1_python_nodelay_off_c16_keepalive_ms,40.882326
latency,0,695,http1_python_nodelay_off_c16_keepalive_ms,41.979284
latency,0,696,http1_python_nodelay_off_c16_keepalive_ms,41.029249
latency,0,697,http1_python_nodelay_off_c16_keepalive_ms,41.981244
latency,0,698,http1_python_nodelay_off_c16_keepalive_ms,40.948197
latency,0,699,http1_python_nodelay_off_c16_keepalive_ms,42.107316
latency,0,700,http1_python_nodelay_off_c16_keepalive_ms,40.961327
latency,0,701,http1_python_nodelay_off_c16_keepalive_ms,41.740631
latency,0,702,http1_python_nodelay_off_c16_keepalive_ms,41.163890
latency,0,703,http1_python_nodelay_off_c16_keepalive_ms,41.050629
latency,0,704,http1_python_nodelay_off_c16_keepalive_ms,40.964107
latency,0,705,http1_python_nodelay_off_c16_keepalive_ms,41.388384
latency,0,706,http1_python_nodelay_off_c16_keepalive_ms,42.052275
latency,0,707,http1_python_nodelay_off_c16_keepalive_ms,42.004115
latency,0,708,http1_python_nodelay_off_c16_keepalive_ms,41.799952
latency,0,709,http1_python_nodelay_off_c16_keepalive_ms,41.721560
latency,0,710,http1_python_nodelay_off_c16_keepalive_ms,40.996847
latency,0,711,http1_python_nodelay_off_c16_keepalive_ms,41.224611
latency,0,712,http1_python_nodelay_off_c16_keepalive_ms,40.772315
latency,0,713,http1_python_nodelay_off_c16_keepalive_ms,41.222161
latency,0,714,http1_python_nodelay_off_c16_keepalive_ms,40.714833
latency,0,715,http1_python_nodelay_off_c16_keepalive_ms,41.317263
latency,0,716,http1_python_nodelay_off_c16_keepalive_ms,40.663822
latency,0,717,http1_python_nodelay_off_c16_keepalive_ms,41.058159
latency,0,718,http1_python_nodelay_off_c16_keepalive_ms,42.014944
latency,0,719,http1_python_nodelay_off_c16_keepalive_ms,42.661616
latency,0,160,http1_python_nodelay_off_c16_keepalive_ms,44.619719
latency,0,161,http1_python_nodelay_off_c16_keepalive_ms,43.267516
latency,0,162,http1_python_nodelay_off_c16_keepalive_ms,44.617099
latency,0,163,http1_python_nodelay_off_c16_keepalive_ms,44.102651
latency,0,164,http1_python_nodelay_off_c16_keepalive_ms,43.771155
latency,0,165,http1_python_nodelay_off_c16_keepalive_ms,44.051539
latency,0,166,http1_python_nodelay_off_c16_keepalive_ms,43.267406
latency,0,167,http1_python_nodelay_off_c16_keepalive_ms,43.741225
latency,0,168,http1_python_nodelay_off_c16_keepalive_ms,42.200478
latency,0,169,http1_python_nodelay_off_c16_keepalive_ms,42.852379
latency,0,170,http1_python_nodelay_off_c16_keepalive_ms,42.123547
latency,0,171,http1_python_nodelay_off_c16_keepalive_ms,41.233912
latency,0,172,http1_python_nodelay_off_c16_keepalive_ms,43.227885
latency,0,173,http1_python_nodelay_off_c16_keepalive_ms,42.069196
latency,0,174,http1_python_nodelay_off_c16_keepalive_ms,45.482344
latency,0,175,http1_python_nodelay_off_c16_keepalive_ms,42.623535
latency,0,176,http1_python_nodelay_off_c16_keepalive_ms,42.856290
latency,0,177,http1_python_nodelay_off_c16_keepalive_ms,41.882302
latency,0,178,http1_python_nodelay_off_c16_keepalive_ms,41.899053
latency,0,179,http1_python_nodelay_off_c16_keepalive_ms,41.846282
latency,0,180,http1_python_nodelay_off_c16_keepalive_ms,41.684859
latency,0,181,http1_python_nodelay_off_c16_keepalive_ms,42.301550
latency,0,182,http1_python_nodelay_off_c16_keepalive_ms,41.828302
latency,0,183,http1_python_nodelay_off_c16_keepalive_ms,42.017375
latency,0,184,http1_python_nodelay_off_c16_keepalive_ms,42.362731
latency,0,185,http1_python_nodelay_off_c16_keepalive_ms,41.966204
latency,0,186,http1_python_nodelay_off_c16_keepalive_ms,41.952144
latency,0,187,http1_python_nodelay_off_c16_keepalive_ms,42.056636
latency,0,188,http1_python_nodelay_off_c16_keepalive_ms,41.969044
latency,0,189,http1_python_nodelay_off_c16_keepalive_ms,41.977154
latency,0,190,http1_python_nodelay_off_c16_keepalive_ms,42.066696
latency,0,191,http1_python_nodelay_off_c16_keepalive_ms,41.992715
latency,0,192,http1_python_nodelay_off_c16_keepalive_ms,42.286609
latency,0,193,http1_python_nodelay_off_c16_keepalive_ms,45.164429
latency,0,194,http1_python_nodelay_off_c16_keepalive_ms,42.245439
latency,0,195,http1_python_nodelay_off_c16_keepalive_ms,42.289959
latency,0,196,http1_python_nodelay_off_c16_keepalive_ms,41.963764
latency,0,197,http1_python_nodelay_off_c16_keepalive_ms,41.963224
latency,0,198,http1_python_nodelay_off_c16_keepalive_ms,41.765871
latency,0,199,http1_python_nodelay_off_c16_keepalive_ms,42.316480
latency,0,200,http1_python_nodelay_off_c16_keepalive_ms,41.963304
latency,0,201,http1_python_nodelay_off_c16_keepalive_ms,42.147728
latency,0,202,http1_python_nodelay_off_c16_keepalive_ms,43.349037
latency,0,203,http1_python_nodelay_off_c16_keepalive_ms,42.065816
latency,0,204,http1_python_nodelay_off_c16_keepalive_ms,41.488176
latency,0,205,http1_python_nodelay_off_c16_keepalive_ms,41.999264
latency,0,206,http1_python_nodelay_off_c16_keepalive_ms,42.199098
latency,0,207,http1_python_nodelay_off_c16_keepalive_ms,41.750631
latency,0,208,http1_python_nodelay_off_c16_keepalive_ms,42.071326
latency,0,209,http1_python_nodelay_off_c16_keepalive_ms,42.341341
latency,0,210,http1_python_nodelay_off_c16_keepalive_ms,42.166217
latency,0,211,http1_python_nodelay_off_c16_keepalive_ms,42.964981
latency,0,212,http1_python_nodelay_off_c16_keepalive_ms,42.211668
latency,0,213,http1_python_nodelay_off_c16_keepalive_ms,42.038116
latency,0,214,http1_python_nodelay_off_c16_keepalive_ms,40.947226
latency,0,215,http1_python_nodelay_off_c16_keepalive_ms,42.026476
latency,0,216,http1_python_nodelay_off_c16_keepalive_ms,40.982747
latency,0,217,http1_python_nodelay_off_c16_keepalive_ms,42.030315
latency,0,218,http1_python_nodelay_off_c16_keepalive_ms,41.990835
latency,0,219,http1_python_nodelay_off_c16_keepalive_ms,40.997157
latency,0,220,http1_python_nodelay_off_c16_keepalive_ms,41.731850
latency,0,221,http1_python_nodelay_off_c16_keepalive_ms,41.359474
latency,0,222,http1_python_nodelay_off_c16_keepalive_ms,40.842166
latency,0,223,http1_python_nodelay_off_c16_keepalive_ms,41.003977
latency,0,224,http1_python_nodelay_off_c16_keepalive_ms,41.010288
latency,0,225,http1_python_nodelay_off_c16_keepalive_ms,41.428565
latency,0,226,http1_python_nodelay_off_c16_keepalive_ms,42.077536
latency,0,227,http1_python_nodelay_off_c16_keepalive_ms,41.892513
latency,0,228,http1_python_nodelay_off_c16_keepalive_ms,41.844292
latency,0,229,http1_python_nodelay_off_c16_keepalive_ms,42.787958
latency,0,230,http1_python_nodelay_off_c16_keepalive_ms,41.904493
latency,0,231,http1_python_nodelay_off_c16_keepalive_ms,41.992345
latency,0,232,http1_python_nodelay_off_c16_keepalive_ms,41.020598
latency,0,233,http1_python_nodelay_off_c16_keepalive_ms,40.917146
latency,0,234,http1_python_nodelay_off_c16_keepalive_ms,41.011128
latency,0,235,http1_python_nodelay_off_c16_keepalive_ms,41.001168
latency,0,236,http1_python_nodelay_off_c16_keepalive_ms,40.986797
latency,0,237,http1_python_nodelay_off_c16_keepalive_ms,42.001545
latency,0,238,http1_python_nodelay_off_c16_keepalive_ms,41.996814
latency,0,239,http1_python_nodelay_off_c16_keepalive_ms,42.033206
latency,0,1040,http1_python_nodelay_off_c16_keepalive_ms,44.597909
latency,0,1041,http1_python_nodelay_off_c16_keepalive_ms,44.490347
latency,0,1042,http1_python_nodelay_off_c16_keepalive_ms,42.720887
latency,0,1043,http1_python_nodelay_off_c16_keepalive_ms,43.810605
latency,0,1044,http1_python_nodelay_off_c16_keepalive_ms,45.608046
latency,0,1045,http1_python_nodelay_off_c16_keepalive_ms,44.043550
latency,0,1046,http1_python_nodelay_off_c16_keepalive_ms,42.663726
latency,0,1047,http1_python_nodelay_off_c16_keepalive_ms,41.923913
latency,0,1048,http1_python_nodelay_off_c16_keepalive_ms,41.926114
latency,0,1049,http1_python_nodelay_off_c16_keepalive_ms,42.761208
latency,0,1050,http1_python_nodelay_off_c16_keepalive_ms,42.533673
latency,0,1051,http1_python_nodelay_off_c16_keepalive_ms,41.694540
latency,0,1052,http1_python_nodelay_off_c16_keepalive_ms,42.402191
latency,0,1053,http1_python_nodelay_off_c16_keepalive_ms,44.111961
latency,0,1054,http1_python_nodelay_off_c16_keepalive_ms,43.390008
latency,0,1055,http1_python_nodelay_off_c16_keepalive_ms,42.544604
latency,0,1056,http1_python_nodelay_off_c16_keepalive_ms,42.367281
latency,0,1057,http1_python_nodelay_off_c16_keepalive_ms,43.947238
latency,0,1058,http1_python_nodelay_off_c16_keepalive_ms,42.430462
latency,0,1059,http1_python_nodelay_off_c16_keepalive_ms,43.485960
latency,0,1060,http1_python_nodelay_off_c16_keepalive_ms,41.796491
latency,0,1061,http1_python_nodelay_off_c16_keepalive_ms,41.674819
latency,0,1062,http1_python_nodelay_off_c16_keepalive_ms,41.760751
latency,0,1063,http1_python_nodelay_off_c16_keepalive_ms,41.308543
latency,0,1064,http1_python_nodelay_off_c16_keepalive_ms,41.884803
latency,0,1065,http1_python_nodelay_off_c16_keepalive_ms,43.527680
latency,0,1066,http1_python_nodelay_off_c16_keepalive_ms,42.055346
latency,0,1067,http1_python_nodelay_off_c16_keepalive_ms,42.009405
latency,0,1068,http1_python_nodelay_off_c16_keepalive_ms,42.008924
latency,0,1069,http1_python_nodelay_off_c16_keepalive_ms,41.995995
latency,0,1070,http1_python_nodelay_off_c16_keepalive_ms,41.640319
latency,0,1071,http1_python_nodelay_off_c16_keepalive_ms,40.893406
latency,0,1072,http1_python_nodelay_off_c16_keepalive_ms,42.181527
latency,0,1073,http1_python_nodelay_off_c16_keepalive_ms,45.377863
latency,0,1074,http1_python_nodelay_off_c16_keepalive_ms,42.342900
latency,0,1075,http1_python_nodelay_off_c16_keepalive_ms,42.332420
latency,0,1076,http1_python_nodelay_off_c16_keepalive_ms,41.819632
latency,0,1077,http1_python_nodelay_off_c16_keepalive_ms,41.735960
latency,0,1078,http1_python_nodelay_off_c16_keepalive_ms,42.085406
latency,0,1079,http1_python_nodelay_off_c16_keepalive_ms,41.613879
latency,0,1080,http1_python_nodelay_off_c16_keepalive_ms,42.888670
latency,0,1081,http1_python_nodelay_off_c16_keepalive_ms,41.541566
latency,0,1082,http1_python_nodelay_off_c16_keepalive_ms,42.040636
latency,0,1083,http1_python_nodelay_off_c16_keepalive_ms,41.527316
latency,0,1084,http1_python_nodelay_off_c16_keepalive_ms,43.544641
latency,0,1085,http1_python_nodelay_off_c16_keepalive_ms,41.959444
latency,0,1086,http1_python_nodelay_off_c16_keepalive_ms,42.352941
latency,0,1087,http1_python_nodelay_off_c16_keepalive_ms,41.530096
latency,0,1088,http1_python_nodelay_off_c16_keepalive_ms,42.121508
latency,0,1089,http1_python_nodelay_off_c16_keepalive_ms,42.103626
latency,0,1090,http1_python_nodelay_off_c16_keepalive_ms,41.695419
latency,0,1091,http1_python_nodelay_off_c16_keepalive_ms,42.069196
latency,0,1092,http1_python_nodelay_off_c16_keepalive_ms,41.581688
latency,0,1093,http1_python_nodelay_off_c16_keepalive_ms,42.191718
latency,0,1094,http1_python_nodelay_off_c16_keepalive_ms,41.758790
latency,0,1095,http1_python_nodelay_off_c16_keepalive_ms,41.294693
latency,0,1096,http1_python_nodelay_off_c16_keepalive_ms,40.980607
latency,0,1097,http1_python_nodelay_off_c16_keepalive_ms,40.955097
latency,0,1098,http1_python_nodelay_off_c16_keepalive_ms,41.190571
latency,0,1099,http1_python_nodelay_off_c16_keepalive_ms,43.139154
latency,0,1100,http1_python_nodelay_off_c16_keepalive_ms,41.753581
latency,0,1101,http1_python_nodelay_off_c16_keepalive_ms,41.751580
latency,0,1102,http1_python_nodelay_off_c16_keepalive_ms,41.121620
latency,0,1103,http1_python_nodelay_off_c16_keepalive_ms,41.042208
latency,0,1104,http1_python_nodelay_off_c16_keepalive_ms,40.918857
latency,0,1105,http1_python_nodelay_off_c16_keepalive_ms,42.317060
latency,0,1106,http1_python_nodelay_off_c16_keepalive_ms,42.193118
latency,0,1107,http1_python_nodelay_off_c16_keepalive_ms,43.349218
latency,0,1108,http1_python_nodelay_off_c16_keepalive_ms,41.768720
latency,0,1109,http1_python_nodelay_off_c16_keepalive_ms,41.884493
latency,0,1110,http1_python_nodelay_off_c16_keepalive_ms,42.677796
latency,0,1111,http1_python_nodelay_off_c16_keepalive_ms,40.950767
latency,0,1112,http1_python_nodelay_off_c16_keepalive_ms,41.905513
latency,0,1113,http1_python_nodelay_off_c16_keepalive_ms,42.958291
latency,0,1114,http1_python_nodelay_off_c16_keepalive_ms,42.165717
latency,0,1115,http1_python_nodelay_off_c16_keepalive_ms,41.939595
latency,0,1116,http1_python_nodelay_off_c16_keepalive_ms,42.265579
latency,0,1117,http1_python_nodelay_off_c16_keepalive_ms,41.831661
latency,0,1118,http1_python_nodelay_off_c16_keepalive_ms,40.863346
latency,0,1119,http1_python_nodelay_off_c16_keepalive_ms,41.810901
latency,0,400,http1_python_nodelay_off_c16_keepalive_ms,44.788952
latency,0,401,http1_python_nodelay_off_c16_keepalive_ms,44.010479
latency,0,402,http1_python_nodelay_off_c16_keepalive_ms,43.711874
latency,0,403,http1_python_nodelay_off_c16_keepalive_ms,44.264773
latency,0,404,http1_python_nodelay_off_c16_keepalive_ms,43.807396
latency,0,405,http1_python_nodelay_off_c16_keepalive_ms,42.576244
latency,0,406,http1_python_nodelay_off_c16_keepalive_ms,42.436243
latency,0,407,http1_python_nodelay_off_c16_keepalive_ms,42.641875
latency,0,408,http1_python_nodelay_off_c16_keepalive_ms,41.635079
latency,0,409,http1_python_nodelay_off_c16_keepalive_ms,43.016682
latency,0,410,http1_python_nodelay_off_c16_keepalive_ms,42.119496
latency,0,411,http1_python_nodelay_off_c16_keepalive_ms,42.218839
latency,0,412,http1_python_nodelay_off_c16_keepalive_ms,43.949438
latency,0,413,http1_python_nodelay_off_c16_keepalive_ms,44.095000
latency,0,414,http1_python_nodelay_off_c16_keepalive_ms,43.354938
latency,0,415,http1_python_nodelay_off_c16_keepalive_ms,44.020099
latency,0,416,http1_python_nodelay_off_c16_keepalive_ms,43.552911
latency,0,417,http1_python_nodelay_off_c16_keepalive_ms,41.821742
latency,0,418,http1_python_nodelay_off_c16_keepalive_ms,42.859729
latency,0,419,http1_python_nodelay_off_c16_keepalive_ms,40.994227
latency,0,420,http1_python_nodelay_off_c16_keepalive_ms,42.257339
latency,0,421,http1_python_nodelay_off_c16_keepalive_ms,41.725621
latency,0,422,http1_python_nodelay_off_c16_keepalive_ms,42.022055
latency,0,423,http1_python_nodelay_off_c16_keepalive_ms,41.819931
latency,0,424,http1_python_nodelay_off_c16_keepalive_ms,42.516734
latency,0,425,http1_python_nodelay_off_c16_keepalive_ms,41.664779
latency,0,426,http1_python_nodelay_off_c16_keepalive_ms,42.061975
latency,0,427,http1_python_nodelay_off_c16_keepalive_ms,42.015155
latency,0,428,http1_python_nodelay_off_c16_keepalive_ms,41.968744
latency,0,429,http1_python_nodelay_off_c16_keepalive_ms,42.061726
latency,0,430,http1_python_nodelay_off_c16_keepalive_ms,41.960564
latency,0,431,http1_python_nodelay_off_c16_keepalive_ms,42.163888
latency,0,432,http1_python_nodelay_off_c16_keepalive_ms,42.180958
latency,0,433,http1_python_nodelay_off_c16_keepalive_ms,45.241400
latency,0,434,http1_python_nodelay_off_c16_keepalive_ms,42.115226
latency,0,435,http1_python_nodelay_off_c16_keepalive_ms,42.549034
latency,0,436,http1_python_nodelay_off_c16_keepalive_ms,41.804681
latency,0,437,http1_python_nodelay_off_c16_keepalive_ms,42.616966
latency,0,438,http1_python_nodelay_off_c16_keepalive_ms,41.334663
latency,0,439,http1_python_nodelay_off_c16_keepalive_ms,41.943274
latency,0,440,http1_python_nodelay_off_c16_keepalive_ms,42.106946
latency,0,441,http1_python_nodelay_off_c16_keepalive_ms,41.550137
latency,0,442,http1_python_nodelay_off_c16_keepalive_ms,42.404792
latency,0,443,http1_python_nodelay_off_c16_keepalive_ms,41.921073
latency,0,444,http1_python_nodelay_off_c16_keepalive_ms,42.656616
latency,0,445,http1_python_nodelay_off_c16_keepalive_ms,42.406672
latency,0,446,http1_python_nodelay_off_c16_keepalive_ms,42.207848
latency,0,447,http1_python_nodelay_off_c16_keepalive_ms,41.872182
latency,0,448,http1_python_nodelay_off_c16_keepalive_ms,41.902184
latency,0,449,http1_python_nodelay_off_c16_keepalive_ms,42.094796
latency,0,450,http1_python_nodelay_off_c16_keepalive_ms,41.790331
latency,0,451,http1_python_nodelay_off_c16_keepalive_ms,42.117487
latency,0,452,http1_python_nodelay_off_c16_keepalive_ms,41.592617
latency,0,453,http1_python_nodelay_off_c16_keepalive_ms,42.221969
latency,0,454,http1_python_nodelay_off_c16_keepalive_ms,40.994928
latency,0,455,http1_python_nodelay_off_c16_keepalive_ms,42.018905
latency,0,456,http1_python_nodelay_off_c16_keepalive_ms,41.710789
latency,0,457,http1_python_nodelay_off_c16_keepalive_ms,41.031688
latency,0,458,http1_python_nodelay_off_c16_keepalive_ms,41.285793
latency,0,459,http1_python_nodelay_off_c16_keepalive_ms,42.235049
latency,0,460,http1_python_nodelay_off_c16_keepalive_ms,41.703869
latency,0,461,http1_python_nodelay_off_c16_keepalive_ms,41.002838
latency,0,462,http1_python_nodelay_off_c16_keepalive_ms,40.845665
latency,0,463,http1_python_nodelay_off_c16_keepalive_ms,41.353064
latency,0,464,http1_python_nodelay_off_c16_keepalive_ms,40.690992
latency,0,465,http1_python_nodelay_off_c16_keepalive_ms,42.194898
latency,0,466,http1_python_nodelay_off_c16_keepalive_ms,42.759638
latency,0,467,http1_python_nodelay_off_c16_keepalive_ms,42.544104
latency,0,468,http1_python_nodelay_off_c16_keepalive_ms,42.883860
latency,0,469,http1_python_nodelay_off_c16_keepalive_ms,42.075336
latency,0,470,http1_python_nodelay_off_c16_keepalive_ms,41.934203
latency,0,471,http1_python_nodelay_off_c16_keepalive_ms,41.852272
latency,0,472,http1_python_nodelay_off_c16_keepalive_ms,41.992725
latency,0,473,http1_python_nodelay_off_c16_keepalive_ms,42.988611
latency,0,474,http1_python_nodelay_off_c16_keepalive_ms,41.664319
latency,0,475,http1_python_nodelay_off_c16_keepalive_ms,42.234829
latency,0,476,http1_python_nodelay_off_c16_keepalive_ms,41.769461
latency,0,477,http1_python_nodelay_off_c16_keepalive_ms,41.084209
latency,0,478,http1_python_nodelay_off_c16_keepalive_ms,42.210688
latency,0,479,http1_python_nodelay_off_c16_keepalive_ms,41.703470
latency,0,320,http1_python_nodelay_off_c16_keepalive_ms,44.898024
latency,0,321,http1_python_nodelay_off_c16_keepalive_ms,43.603402
latency,0,322,http1_python_nodelay_off_c16_keepalive_ms,46.040523
latency,0,323,http1_python_nodelay_off_c16_keepalive_ms,43.303447
latency,0,324,http1_python_nodelay_off_c16_keepalive_ms,44.421726
latency,0,325,http1_python_nodelay_off_c16_keepalive_ms,43.011142
latency,0,326,http1_python_nodelay_off_c16_keepalive_ms,42.958071
latency,0,327,http1_python_nodelay_off_c16_keepalive_ms,41.673279
latency,0,328,http1_python_nodelay_off_c16_keepalive_ms,41.976924
latency,0,329,http1_python_nodelay_off_c16_keepalive_ms,41.266113
latency,0,330,http1_python_nodelay_off_c16_keepalive_ms,43.454929
latency,0,331,http1_python_nodelay_off_c16_keepalive_ms,42.260579
latency,0,332,http1_python_nodelay_off_c16_keepalive_ms,42.250439
latency,0,333,http1_python_nodelay_off_c16_keepalive_ms,44.228443
latency,0,334,http1_python_nodelay_off_c16_keepalive_ms,42.633685
latency,0,335,http1_python_nodelay_off_c16_keepalive_ms,44.740131
latency,0,336,http1_python_nodelay_off_c16_keepalive_ms,43.481750
latency,0,337,http1_python_nodelay_off_c16_keepalive_ms,41.800321
latency,0,338,http1_python_nodelay_off_c16_keepalive_ms,41.957004
latency,0,339,http1_python_nodelay_off_c16_keepalive_ms,43.638813
latency,0,340,http1_python_nodelay_off_c16_keepalive_ms,41.149230
latency,0,341,http1_python_nodelay_off_c16_keepalive_ms,41.115590
latency,0,342,http1_python_nodelay_off_c16_keepalive_ms,42.082376
latency,0,343,http1_python_nodelay_off_c16_keepalive_ms,42.087896
latency,0,344,http1_python_nodelay_off_c16_keepalive_ms,41.541937
latency,0,345,http1_python_nodelay_off_c16_keepalive_ms,42.496853
latency,0,346,http1_python_nodelay_off_c16_keepalive_ms,41.954834
latency,0,347,http1_python_nodelay_off_c16_keepalive_ms,41.907453
latency,0,348,http1_python_nodelay_off_c16_keepalive_ms,42.097876
latency,0,349,http1_python_nodelay_off_c16_keepalive_ms,41.913844
latency,0,350,http1_python_nodelay_off_c16_keepalive_ms,42.024265
latency,0,351,http1_python_nodelay_off_c16_keepalive_ms,42.139037
latency,0,352,http1_python_nodelay_off_c16_keepalive_ms,41.584708
latency,0,353,http1_python_nodelay_off_c16_keepalive_ms,45.982812
latency,0,354,http1_python_nodelay_off_c16_keepalive_ms,42.532974
latency,0,355,http1_python_nodelay_off_c16_keepalive_ms,41.951644
latency,0,356,http1_python_nodelay_off_c16_keepalive_ms,42.003724
latency,0,357,http1_python_nodelay_off_c16_keepalive_ms,41.753971
latency,0,358,http1_python_nodelay_off_c16_keepalive_ms,41.611428
latency,0,359,http1_python_nodelay_off_c16_keepalive_ms,42.431562
latency,0,360,http1_python_nodelay_off_c16_keepalive_ms,42.044616
latency,0,361,http1_python_nodelay_off_c16_keepalive_ms,41.842132
latency,0,362,http1_python_nodelay_off_c16_keepalive_ms,42.089586
latency,0,363,http1_python_nodelay_off_c16_keepalive_ms,41.941113
latency,0,364,http1_python_nodelay_off_c16_keepalive_ms,43.112224
latency,0,365,http1_python_nodelay_off_c16_keepalive_ms,42.064836
latency,0,366,http1_python_nodelay_off_c16_keepalive_ms,41.536107
latency,0,367,http1_python_nodelay_off_c16_keepalive_ms,42.432372
latency,0,368,http1_python_nodelay_off_c16_keepalive_ms,41.968124
latency,0,369,http1_python_nodelay_off_c16_keepalive_ms,42.170718
latency,0,370,http1_python_nodelay_off_c16_keepalive_ms,42.340350
latency,0,371,http1_python_nodelay_off_c16_keepalive_ms,41.423915
latency,0,372,http1_python_nodelay_off_c16_keepalive_ms,42.283259
latency,0,373,http1_python_nodelay_off_c16_keepalive_ms,41.557257
latency,0,374,http1_python_nodelay_off_c16_keepalive_ms,40.965798
latency,0,375,http1_python_nodelay_off_c16_keepalive_ms,42.024155
latency,0,376,http1_python_nodelay_off_c16_keepalive_ms,40.953267
latency,0,377,http1_python_nodelay_off_c16_keepalive_ms,40.979397
latency,0,378,http1_python_nodelay_off_c16_keepalive_ms,41.234822
latency,0,379,http1_python_nodelay_off_c16_keepalive_ms,43.091033
latency,0,380,http1_python_nodelay_off_c16_keepalive_ms,41.500506
latency,0,381,http1_python_nodelay_off_c16_keepalive_ms,41.230242
latency,0,382,http1_python_nodelay_off_c16_keepalive_ms,40.892636
latency,0,383,http1_python_nodelay_off_c16_keepalive_ms,40.928606
latency,0,384,http1_python_nodelay_off_c16_keepalive_ms,41.115980
latency,0,385,http1_python_nodelay_off_c16_keepalive_ms,42.216948
latency,0,386,http1_python_nodelay_off_c16_keepalive_ms,42.681017
latency,0,387,http1_python_nodelay_off_c16_keepalive_ms,42.426641
latency,0,388,http1_python_nodelay_off_c16_keepalive_ms,42.922391
latency,0,389,http1_python_nodelay_off_c16_keepalive_ms,41.723080
latency,0,390,http1_python_nodelay_off_c16_keepalive_ms,41.947784
latency,0,391,http1_python_nodelay_off_c16_keepalive_ms,41.952663
latency,0,392,http1_python_nodelay_off_c16_keepalive_ms,42.151918
latency,0,393,http1_python_nodelay_off_c16_keepalive_ms,42.900200
latency,0,394,http1_python_nodelay_off_c16_keepalive_ms,42.168337
latency,0,395,http1_python_nodelay_off_c16_keepalive_ms,41.989405
latency,0,396,http1_python_nodelay_off_c16_keepalive_ms,41.822932
latency,0,397,http1_python_nodelay_off_c16_keepalive_ms,41.028608
latency,0,398,http1_python_nodelay_off_c16_keepalive_ms,42.166957
latency,0,399,http1_python_nodelay_off_c16_keepalive_ms,41.849772
latency,0,960,http1_python_nodelay_off_c16_keepalive_ms,43.779705
latency,0,961,http1_python_nodelay_off_c16_keepalive_ms,45.026716
latency,0,962,http1_python_nodelay_off_c16_keepalive_ms,43.831306
latency,0,963,http1_python_nodelay_off_c16_keepalive_ms,44.026239
latency,0,964,http1_python_nodelay_off_c16_keepalive_ms,45.642417
latency,0,965,http1_python_nodelay_off_c16_keepalive_ms,43.010351
latency,0,966,http1_python_nodelay_off_c16_keepalive_ms,43.087754
latency,0,967,http1_python_nodelay_off_c16_keepalive_ms,43.494640
latency,0,968,http1_python_nodelay_off_c16_keepalive_ms,41.876222
latency,0,969,http1_python_nodelay_off_c16_keepalive_ms,42.790489
latency,0,970,http1_python_nodelay_off_c16_keepalive_ms,42.174837
latency,0,971,http1_python_nodelay_off_c16_keepalive_ms,41.261573
latency,0,972,http1_python_nodelay_off_c16_keepalive_ms,42.868169
latency,0,973,http1_python_nodelay_off_c16_keepalive_ms,42.363651
latency,0,974,http1_python_nodelay_off_c16_keepalive_ms,43.285726
latency,0,975,http1_python_nodelay_off_c16_keepalive_ms,44.483377
latency,0,976,http1_python_nodelay_off_c16_keepalive_ms,43.172975
latency,0,977,http1_python_nodelay_off_c16_keepalive_ms,41.794871
latency,0,978,http1_python_nodelay_off_c16_keepalive_ms,42.107237
latency,0,979,http1_python_nodelay_off_c16_keepalive_ms,43.470569
latency,0,980,http1_python_nodelay_off_c16_keepalive_ms,41.170881
latency,0,981,http1_python_nodelay_off_c16_keepalive_ms,42.010865
latency,0,982,http1_python_nodelay_off_c16_keepalive_ms,41.225181
latency,0,983,http1_python_nodelay_off_c16_keepalive_ms,42.046126
latency,0,984,http1_python_nodelay_off_c16_keepalive_ms,41.597098
latency,0,985,http1_python_nodelay_off_c16_keepalive_ms,42.188567
latency,0,986,http1_python_nodelay_off_c16_keepalive_ms,42.102537
latency,0,987,http1_python_nodelay_off_c16_keepalive_ms,42.060536
latency,0,988,http1_python_nodelay_off_c16_keepalive_ms,42.052795
latency,0,989,http1_python_nodelay_off_c16_keepalive_ms,41.977175
latency,0,990,http1_python_nodelay_off_c16_keepalive_ms,42.024055
latency,0,991,http1_python_nodelay_off_c16_keepalive_ms,41.571747
latency,0,992,http1_python_nodelay_off_c16_keepalive_ms,42.773588
latency,0,993,http1_python_nodelay_off_c16_keepalive_ms,45.155328
latency,0,994,http1_python_nodelay_off_c16_keepalive_ms,42.105357
latency,0,995,http1_python_nodelay_off_c16_keepalive_ms,42.202638
latency,0,996,http1_python_nodelay_off_c16_keepalive_ms,42.178568
latency,0,997,http1_python_nodelay_off_c16_keepalive_ms,42.787038
latency,0,998,http1_python_nodelay_off_c16_keepalive_ms,41.192861
latency,0,999,http1_python_nodelay_off_c16_keepalive_ms,43.142644
latency,0,1000,http1_python_nodelay_off_c16_keepalive_ms,40.905436
latency,0,1001,http1_python_nodelay_off_c16_keepalive_ms,42.061456
latency,0,1002,http1_python_nodelay_off_c16_keepalive_ms,41.894873
latency,0,1003,http1_python_nodelay_off_c16_keepalive_ms,41.919313
latency,0,1004,http1_python_nodelay_off_c16_keepalive_ms,43.195745
latency,0,1005,http1_python_nodelay_off_c16_keepalive_ms,41.999925
latency,0,1006,http1_python_nodelay_off_c16_keepalive_ms,42.074725
latency,0,1007,http1_python_nodelay_off_c16_keepalive_ms,41.916234
latency,0,1008,http1_python_nodelay_off_c16_keepalive_ms,41.854832
latency,0,1009,http1_python_nodelay_off_c16_keepalive_ms,42.533734
latency,0,1010,http1_python_nodelay_off_c16_keepalive_ms,42.057686
latency,0,1011,http1_python_nodelay_off_c16_keepalive_ms,42.961961
latency,0,1012,http1_python_nodelay_off_c16_keepalive_ms,42.317420
latency,0,1013,http1_python_nodelay_off_c16_keepalive_ms,41.882732
latency,0,1014,http1_python_nodelay_off_c16_keepalive_ms,41.787051
latency,0,1015,http1_python_nodelay_off_c16_keepalive_ms,41.284603
latency,0,1016,http1_python_nodelay_off_c16_keepalive_ms,41.035198
latency,0,1017,http1_python_nodelay_off_c16_keepalive_ms,41.982695
latency,0,1018,http1_python_nodelay_off_c16_keepalive_ms,40.874135
latency,0,1019,http1_python_nodelay_off_c16_keepalive_ms,42.070306
latency,0,1020,http1_python_nodelay_off_c16_keepalive_ms,41.003908
latency,0,1021,http1_python_nodelay_off_c16_keepalive_ms,41.025338
latency,0,1022,http1_python_nodelay_off_c16_keepalive_ms,40.955997
latency,0,1023,http1_python_nodelay_off_c16_keepalive_ms,40.947747
latency,0,1024,http1_python_nodelay_off_c16_keepalive_ms,41.300232
latency,0,1025,http1_python_nodelay_off_c16_keepalive_ms,40.842895
latency,0,1026,http1_python_nodelay_off_c16_keepalive_ms,42.834840
latency,0,1027,http1_python_nodelay_off_c16_keepalive_ms,42.497113
latency,0,1028,http1_python_nodelay_off_c16_keepalive_ms,42.877959
latency,0,1029,http1_python_nodelay_off_c16_keepalive_ms,42.146637
latency,0,1030,http1_python_nodelay_off_c16_keepalive_ms,41.862943
latency,0,1031,http1_python_nodelay_off_c16_keepalive_ms,42.492893
latency,0,1032,http1_python_nodelay_off_c16_keepalive_ms,41.403394
latency,0,1033,http1_python_nodelay_off_c16_keepalive_ms,42.738827
latency,0,1034,http1_python_nodelay_off_c16_keepalive_ms,41.854663
latency,0,1035,http1_python_nodelay_off_c16_keepalive_ms,42.288880
latency,0,1036,http1_python_nodelay_off_c16_keepalive_ms,41.811081
latency,0,1037,http1_python_nodelay_off_c16_keepalive_ms,41.452455
latency,0,1038,http1_python_nodelay_off_c16_keepalive_ms,41.804472
latency,0,1039,http1_python_nodelay_off_c16_keepalive_ms,41.793161
latency,0,1200,http1_python_nodelay_off_c16_keepalive_ms,43.843996
latency,0,1201,http1_python_nodelay_off_c16_keepalive_ms,44.936734
latency,0,1202,http1_python_nodelay_off_c16_keepalive_ms,43.715054
latency,0,1203,http1_python_nodelay_off_c16_keepalive_ms,43.180395
latency,0,1204,http1_python_nodelay_off_c16_keepalive_ms,44.580818
latency,0,1205,http1_python_nodelay_off_c16_keepalive_ms,44.633430
latency,0,1206,http1_python_nodelay_off_c16_keepalive_ms,43.384088
latency,0,1207,http1_python_nodelay_off_c16_keepalive_ms,43.328847
latency,0,1208,http1_python_nodelay_off_c16_keepalive_ms,42.238599
latency,0,1209,http1_python_nodelay_off_c16_keepalive_ms,42.677967
latency,0,1210,http1_python_nodelay_off_c16_keepalive_ms,42.273809
latency,0,1211,http1_python_nodelay_off_c16_keepalive_ms,41.208531
latency,0,1212,http1_python_nodelay_off_c16_keepalive_ms,43.184135
latency,0,1213,http1_python_nodelay_off_c16_keepalive_ms,42.052066
latency,0,1214,http1_python_nodelay_off_c16_keepalive_ms,45.817909
latency,0,1215,http1_python_nodelay_off_c16_keepalive_ms,42.299180
latency,0,1216,http1_python_nodelay_off_c16_keepalive_ms,42.819949
latency,0,1217,http1_python_nodelay_off_c16_keepalive_ms,41.861232
latency,0,1218,http1_python_nodelay_off_c16_keepalive_ms,42.041935
latency,0,1219,http1_python_nodelay_off_c16_keepalive_ms,41.831122
latency,0,1220,http1_python_nodelay_off_c16_keepalive_ms,41.671119
latency,0,1221,http1_python_nodelay_off_c16_keepalive_ms,42.350931
latency,0,1222,http1_python_nodelay_off_c16_keepalive_ms,42.814919
latency,0,1223,http1_python_nodelay_off_c16_keepalive_ms,41.251371
latency,0,1224,http1_python_nodelay_off_c16_keepalive_ms,42.042996
latency,0,1225,http1_python_nodelay_off_c16_keepalive_ms,42.005825
latency,0,1226,http1_python_nodelay_off_c16_keepalive_ms,41.888882
latency,0,1227,http1_python_nodelay_off_c16_keepalive_ms,41.987265
latency,0,1228,http1_python_nodelay_off_c16_keepalive_ms,42.143797
latency,0,1229,http1_python_nodelay_off_c16_keepalive_ms,41.868882
latency,0,1230,http1_python_nodelay_off_c16_keepalive_ms,42.133768
latency,0,1231,http1_python_nodelay_off_c16_keepalive_ms,41.946763
latency,0,1232,http1_python_nodelay_off_c16_keepalive_ms,42.288210
latency,0,1233,http1_python_nodelay_off_c16_keepalive_ms,45.319421
latency,0,1234,http1_python_nodelay_off_c16_keepalive_ms,42.355281
latency,0,1235,http1_python_nodelay_off_c16_keepalive_ms,42.255879
latency,0,1236,http1_python_nodelay_off_c16_keepalive_ms,41.847602
latency,0,1237,http1_python_nodelay_off_c16_keepalive_ms,41.828762
latency,0,1238,http1_python_nodelay_off_c16_keepalive_ms,41.778850
latency,0,1239,http1_python_nodelay_off_c16_keepalive_ms,42.325471
latency,0,1240,http1_python_nodelay_off_c16_keepalive_ms,41.638118
latency,0,1241,http1_python_nodelay_off_c16_keepalive_ms,43.576722
latency,0,1242,http1_python_nodelay_off_c16_keepalive_ms,40.808324
latency,0,1243,http1_python_nodelay_off_c16_keepalive_ms,41.919724
latency,0,1244,http1_python_nodelay_off_c16_keepalive_ms,43.070422
latency,0,1245,http1_python_nodelay_off_c16_keepalive_ms,41.998835
latency,0,1246,http1_python_nodelay_off_c16_keepalive_ms,42.134497
latency,0,1247,http1_python_nodelay_off_c16_keepalive_ms,43.332997
latency,0,1248,http1_python_nodelay_off_c16_keepalive_ms,42.061516
latency,0,1249,http1_python_nodelay_off_c16_keepalive_ms,41.151391
latency,0,1250,http1_python_nodelay_off_c16_keepalive_ms,41.927883
latency,0,1251,http1_python_nodelay_off_c16_keepalive_ms,42.935091
latency,0,1252,http1_python_nodelay_off_c16_keepalive_ms,42.236958
latency,0,1253,http1_python_nodelay_off_c16_keepalive_ms,41.928204
latency,0,1254,http1_python_nodelay_off_c16_keepalive_ms,41.050348
latency,0,1255,http1_python_nodelay_off_c16_keepalive_ms,42.017365
latency,0,1256,http1_python_nodelay_off_c16_keepalive_ms,40.992838
latency,0,1257,http1_python_nodelay_off_c16_keepalive_ms,42.028705
latency,0,1258,http1_python_nodelay_off_c16_keepalive_ms,41.687069
latency,0,1259,http1_python_nodelay_off_c16_keepalive_ms,41.273853
latency,0,1260,http1_python_nodelay_off_c16_keepalive_ms,40.938876
latency,0,1261,http1_python_nodelay_off_c16_keepalive_ms,41.024529
latency,0,1262,http1_python_nodelay_off_c16_keepalive_ms,40.959097
latency,0,1263,http1_python_nodelay_off_c16_keepalive_ms,40.994447
latency,0,1264,http1_python_nodelay_off_c16_keepalive_ms,40.965267
latency,0,1265,http1_python_nodelay_off_c16_keepalive_ms,41.178301
latency,0,1266,http1_python_nodelay_off_c16_keepalive_ms,43.350487
latency,0,1267,http1_python_nodelay_off_c16_keepalive_ms,41.894694
latency,0,1268,http1_python_nodelay_off_c16_keepalive_ms,41.821541
latency,0,1269,http1_python_nodelay_off_c16_keepalive_ms,41.985505
latency,0,1270,http1_python_nodelay_off_c16_keepalive_ms,42.789978
latency,0,1271,http1_python_nodelay_off_c16_keepalive_ms,41.846932
latency,0,1272,http1_python_nodelay_off_c16_keepalive_ms,42.015925
latency,0,1273,http1_python_nodelay_off_c16_keepalive_ms,43.041362
latency,0,1274,http1_python_nodelay_off_c16_keepalive_ms,42.896340
latency,0,1275,http1_python_nodelay_off_c16_keepalive_ms,42.073986
latency,0,1276,http1_python_nodelay_off_c16_keepalive_ms,41.694780
latency,0,1277,http1_python_nodelay_off_c16_keepalive_ms,41.308513
latency,0,1278,http1_python_nodelay_off_c16_keepalive_ms,42.024075
latency,0,1279,http1_python_nodelay_off_c16_keepalive_ms,41.316063
trial,0,1280,http1_python_nodelay_off_c16_median_ms,41.995995
trial,0,1280,http1_python_nodelay_off_c16_p95_ms,44.111961
trial,0,1280,http1_python_nodelay_off_c16_requests_per_second,378.246
trial,0,1280,http1_python_nodelay_off_c16_wall_ms,3384.045
latency,1,1120,http1_python_nodelay_off_c16_keepalive_ms,42.061546
latency,1,1121,http1_python_nodelay_off_c16_keepalive_ms,40.949247
latency,1,1122,http1_python_nodelay_off_c16_keepalive_ms,41.109089
latency,1,1123,http1_python_nodelay_off_c16_keepalive_ms,40.901345
latency,1,1124,http1_python_nodelay_off_c16_keepalive_ms,40.988178
latency,1,1125,http1_python_nodelay_off_c16_keepalive_ms,40.998417
latency,1,1126,http1_python_nodelay_off_c16_keepalive_ms,41.010199
latency,1,1127,http1_python_nodelay_off_c16_keepalive_ms,42.002524
latency,1,1128,http1_python_nodelay_off_c16_keepalive_ms,40.972067
latency,1,1129,http1_python_nodelay_off_c16_keepalive_ms,42.025255
latency,1,1130,http1_python_nodelay_off_c16_keepalive_ms,41.002098
latency,1,1131,http1_python_nodelay_off_c16_keepalive_ms,41.000308
latency,1,1132,http1_python_nodelay_off_c16_keepalive_ms,40.980697
latency,1,1133,http1_python_nodelay_off_c16_keepalive_ms,40.993437
latency,1,1134,http1_python_nodelay_off_c16_keepalive_ms,41.002178
latency,1,1135,http1_python_nodelay_off_c16_keepalive_ms,41.000208
latency,1,1136,http1_python_nodelay_off_c16_keepalive_ms,41.022748
latency,1,1137,http1_python_nodelay_off_c16_keepalive_ms,40.987047
latency,1,1138,http1_python_nodelay_off_c16_keepalive_ms,40.993378
latency,1,1139,http1_python_nodelay_off_c16_keepalive_ms,41.002548
latency,1,1140,http1_python_nodelay_off_c16_keepalive_ms,41.003898
latency,1,1141,http1_python_nodelay_off_c16_keepalive_ms,41.033878
latency,1,1142,http1_python_nodelay_off_c16_keepalive_ms,41.978534
latency,1,1143,http1_python_nodelay_off_c16_keepalive_ms,41.997725
latency,1,1144,http1_python_nodelay_off_c16_keepalive_ms,40.991788
latency,1,1145,http1_python_nodelay_off_c16_keepalive_ms,42.001874
latency,1,1146,http1_python_nodelay_off_c16_keepalive_ms,40.990108
latency,1,1147,http1_python_nodelay_off_c16_keepalive_ms,41.002987
latency,1,1148,http1_python_nodelay_off_c16_keepalive_ms,42.009145
latency,1,1149,http1_python_nodelay_off_c16_keepalive_ms,41.994865
latency,1,1150,http1_python_nodelay_off_c16_keepalive_ms,42.006575
latency,1,1151,http1_python_nodelay_off_c16_keepalive_ms,42.001074
latency,1,1152,http1_python_nodelay_off_c16_keepalive_ms,42.009615
latency,1,1153,http1_python_nodelay_off_c16_keepalive_ms,41.962255
latency,1,1154,http1_python_nodelay_off_c16_keepalive_ms,42.014435
latency,1,1155,http1_python_nodelay_off_c16_keepalive_ms,42.002964
latency,1,1156,http1_python_nodelay_off_c16_keepalive_ms,41.989305
latency,1,1157,http1_python_nodelay_off_c16_keepalive_ms,41.998974
latency,1,1158,http1_python_nodelay_off_c16_keepalive_ms,41.031829
latency,1,1159,http1_python_nodelay_off_c16_keepalive_ms,41.971484
latency,1,1160,http1_python_nodelay_off_c16_keepalive_ms,41.027318
latency,1,1161,http1_python_nodelay_off_c16_keepalive_ms,40.981607
latency,1,1162,http1_python_nodelay_off_c16_keepalive_ms,40.988738
latency,1,1163,http1_python_nodelay_off_c16_keepalive_ms,42.006545
latency,1,1164,http1_python_nodelay_off_c16_keepalive_ms,42.035615
latency,1,1165,http1_python_nodelay_off_c16_keepalive_ms,41.971974
latency,1,1166,http1_python_nodelay_off_c16_keepalive_ms,41.012258
latency,1,1167,http1_python_nodelay_off_c16_keepalive_ms,40.970058
latency,1,1168,http1_python_nodelay_off_c16_keepalive_ms,41.030708
latency,1,1169,http1_python_nodelay_off_c16_keepalive_ms,40.986837
latency,1,1170,http1_python_nodelay_off_c16_keepalive_ms,42.059606
latency,1,1171,http1_python_nodelay_off_c16_keepalive_ms,40.979287
latency,1,1172,http1_python_nodelay_off_c16_keepalive_ms,40.953837
latency,1,1173,http1_python_nodelay_off_c16_keepalive_ms,41.008868
latency,1,1174,http1_python_nodelay_off_c16_keepalive_ms,41.007738
latency,1,1175,http1_python_nodelay_off_c16_keepalive_ms,40.999638
latency,1,1176,http1_python_nodelay_off_c16_keepalive_ms,40.999787
latency,1,1177,http1_python_nodelay_off_c16_keepalive_ms,40.971827
latency,1,1178,http1_python_nodelay_off_c16_keepalive_ms,40.987928
latency,1,1179,http1_python_nodelay_off_c16_keepalive_ms,41.013728
latency,1,1180,http1_python_nodelay_off_c16_keepalive_ms,40.999818
latency,1,1181,http1_python_nodelay_off_c16_keepalive_ms,41.027538
latency,1,1182,http1_python_nodelay_off_c16_keepalive_ms,41.011188
latency,1,1183,http1_python_nodelay_off_c16_keepalive_ms,41.961554
latency,1,1184,http1_python_nodelay_off_c16_keepalive_ms,41.014728
latency,1,1185,http1_python_nodelay_off_c16_keepalive_ms,40.995427
latency,1,1186,http1_python_nodelay_off_c16_keepalive_ms,40.994228
latency,1,1187,http1_python_nodelay_off_c16_keepalive_ms,41.055829
latency,1,1188,http1_python_nodelay_off_c16_keepalive_ms,40.945506
latency,1,1189,http1_python_nodelay_off_c16_keepalive_ms,41.000478
latency,1,1190,http1_python_nodelay_off_c16_keepalive_ms,41.012448
latency,1,1191,http1_python_nodelay_off_c16_keepalive_ms,41.002578
latency,1,1192,http1_python_nodelay_off_c16_keepalive_ms,40.990897
latency,1,1193,http1_python_nodelay_off_c16_keepalive_ms,41.988975
latency,1,1194,http1_python_nodelay_off_c16_keepalive_ms,42.006285
latency,1,1195,http1_python_nodelay_off_c16_keepalive_ms,41.992504
latency,1,1196,http1_python_nodelay_off_c16_keepalive_ms,41.020758
latency,1,1197,http1_python_nodelay_off_c16_keepalive_ms,41.984035
latency,1,1198,http1_python_nodelay_off_c16_keepalive_ms,42.008295
latency,1,1199,http1_python_nodelay_off_c16_keepalive_ms,42.008224
latency,1,160,http1_python_nodelay_off_c16_keepalive_ms,43.032692
latency,1,161,http1_python_nodelay_off_c16_keepalive_ms,44.104941
latency,1,162,http1_python_nodelay_off_c16_keepalive_ms,44.564848
latency,1,163,http1_python_nodelay_off_c16_keepalive_ms,42.474553
latency,1,164,http1_python_nodelay_off_c16_keepalive_ms,42.124097
latency,1,165,http1_python_nodelay_off_c16_keepalive_ms,41.667149
latency,1,166,http1_python_nodelay_off_c16_keepalive_ms,43.314587
latency,1,167,http1_python_nodelay_off_c16_keepalive_ms,41.672709
latency,1,168,http1_python_nodelay_off_c16_keepalive_ms,41.131749
latency,1,169,http1_python_nodelay_off_c16_keepalive_ms,42.432972
latency,1,170,http1_python_nodelay_off_c16_keepalive_ms,40.526550
latency,1,171,http1_python_nodelay_off_c16_keepalive_ms,42.052876
latency,1,172,http1_python_nodelay_off_c16_keepalive_ms,40.955727
latency,1,173,http1_python_nodelay_off_c16_keepalive_ms,41.496516
latency,1,174,http1_python_nodelay_off_c16_keepalive_ms,40.486159
latency,1,175,http1_python_nodelay_off_c16_keepalive_ms,41.368224
latency,1,176,http1_python_nodelay_off_c16_keepalive_ms,41.485766
latency,1,177,http1_python_nodelay_off_c16_keepalive_ms,41.094759
latency,1,178,http1_python_nodelay_off_c16_keepalive_ms,41.017508
latency,1,179,http1_python_nodelay_off_c16_keepalive_ms,40.968517
latency,1,180,http1_python_nodelay_off_c16_keepalive_ms,40.977138
latency,1,181,http1_python_nodelay_off_c16_keepalive_ms,41.019607
latency,1,182,http1_python_nodelay_off_c16_keepalive_ms,40.997388
latency,1,183,http1_python_nodelay_off_c16_keepalive_ms,41.518827
latency,1,184,http1_python_nodelay_off_c16_keepalive_ms,40.483359
latency,1,185,http1_python_nodelay_off_c16_keepalive_ms,41.003407
latency,1,186,http1_python_nodelay_off_c16_keepalive_ms,40.981668
latency,1,187,http1_python_nodelay_off_c16_keepalive_ms,41.017368
latency,1,188,http1_python_nodelay_off_c16_keepalive_ms,41.152050
latency,1,189,http1_python_nodelay_off_c16_keepalive_ms,41.782711
latency,1,190,http1_python_nodelay_off_c16_keepalive_ms,41.214831
latency,1,191,http1_python_nodelay_off_c16_keepalive_ms,42.035116
latency,1,192,http1_python_nodelay_off_c16_keepalive_ms,40.806764
latency,1,193,http1_python_nodelay_off_c16_keepalive_ms,41.013968
latency,1,194,http1_python_nodelay_off_c16_keepalive_ms,40.984437
latency,1,195,http1_python_nodelay_off_c16_keepalive_ms,41.097770
latency,1,196,http1_python_nodelay_off_c16_keepalive_ms,42.062806
latency,1,197,http1_python_nodelay_off_c16_keepalive_ms,40.885315
latency,1,198,http1_python_nodelay_off_c16_keepalive_ms,41.025218
latency,1,199,http1_python_nodelay_off_c16_keepalive_ms,41.159041
latency,1,200,http1_python_nodelay_off_c16_keepalive_ms,40.848655
latency,1,201,http1_python_nodelay_off_c16_keepalive_ms,41.159901
latency,1,202,http1_python_nodelay_off_c16_keepalive_ms,40.766323
latency,1,203,http1_python_nodelay_off_c16_keepalive_ms,41.243862
latency,1,204,http1_python_nodelay_off_c16_keepalive_ms,40.820235
latency,1,205,http1_python_nodelay_off_c16_keepalive_ms,41.990694
latency,1,206,http1_python_nodelay_off_c16_keepalive_ms,41.006738
latency,1,207,http1_python_nodelay_off_c16_keepalive_ms,41.324253
latency,1,208,http1_python_nodelay_off_c16_keepalive_ms,40.681953
latency,1,209,http1_python_nodelay_off_c16_keepalive_ms,40.991617
latency,1,210,http1_python_nodelay_off_c16_keepalive_ms,40.935097
latency,1,211,http1_python_nodelay_off_c16_keepalive_ms,42.032695
latency,1,212,http1_python_nodelay_off_c16_keepalive_ms,40.988408
latency,1,213,http1_python_nodelay_off_c16_keepalive_ms,41.003717
latency,1,214,http1_python_nodelay_off_c16_keepalive_ms,40.987548
latency,1,215,http1_python_nodelay_off_c16_keepalive_ms,40.995677
latency,1,216,http1_python_nodelay_off_c16_keepalive_ms,41.002078
latency,1,217,http1_python_nodelay_off_c16_keepalive_ms,41.002798
latency,1,218,http1_python_nodelay_off_c16_keepalive_ms,43.978298
latency,1,219,http1_python_nodelay_off_c16_keepalive_ms,40.999408
latency,1,220,http1_python_nodelay_off_c16_keepalive_ms,40.993287
latency,1,221,http1_python_nodelay_off_c16_keepalive_ms,41.024109
latency,1,222,http1_python_nodelay_off_c16_keepalive_ms,42.987201
latency,1,223,http1_python_nodelay_off_c16_keepalive_ms,40.994278
latency,1,224,http1_python_nodelay_off_c16_keepalive_ms,41.030258
latency,1,225,http1_python_nodelay_off_c16_keepalive_ms,40.999018
latency,1,226,http1_python_nodelay_off_c16_keepalive_ms,40.999748
latency,1,227,http1_python_nodelay_off_c16_keepalive_ms,40.992727
latency,1,228,http1_python_nodelay_off_c16_keepalive_ms,41.010358
latency,1,229,http1_python_nodelay_off_c16_keepalive_ms,40.998088
latency,1,230,http1_python_nodelay_off_c16_keepalive_ms,41.275222
latency,1,231,http1_python_nodelay_off_c16_keepalive_ms,40.715403
latency,1,232,http1_python_nodelay_off_c16_keepalive_ms,41.002878
latency,1,233,http1_python_nodelay_off_c16_keepalive_ms,41.997474
latency,1,234,http1_python_nodelay_off_c16_keepalive_ms,42.003235
latency,1,235,http1_python_nodelay_off_c16_keepalive_ms,43.003262
latency,1,236,http1_python_nodelay_off_c16_keepalive_ms,41.337083
latency,1,237,http1_python_nodelay_off_c16_keepalive_ms,40.658092
latency,1,238,http1_python_nodelay_off_c16_keepalive_ms,40.993758
latency,1,239,http1_python_nodelay_off_c16_keepalive_ms,41.937833
latency,1,880,http1_python_nodelay_off_c16_keepalive_ms,43.230066
latency,1,881,http1_python_nodelay_off_c16_keepalive_ms,43.773765
latency,1,882,http1_python_nodelay_off_c16_keepalive_ms,44.218962
latency,1,883,http1_python_nodelay_off_c16_keepalive_ms,42.765108
latency,1,884,http1_python_nodelay_off_c16_keepalive_ms,44.024459
latency,1,885,http1_python_nodelay_off_c16_keepalive_ms,41.890193
latency,1,886,http1_python_nodelay_off_c16_keepalive_ms,43.110314
latency,1,887,http1_python_nodelay_off_c16_keepalive_ms,41.907993
latency,1,888,http1_python_nodelay_off_c16_keepalive_ms,41.971933
latency,1,889,http1_python_nodelay_off_c16_keepalive_ms,41.239942
latency,1,890,http1_python_nodelay_off_c16_keepalive_ms,40.822065
latency,1,891,http1_python_nodelay_off_c16_keepalive_ms,40.954367
latency,1,892,http1_python_nodelay_off_c16_keepalive_ms,42.061366
latency,1,893,http1_python_nodelay_off_c16_keepalive_ms,42.526673
latency,1,894,http1_python_nodelay_off_c16_keepalive_ms,40.470049
latency,1,895,http1_python_nodelay_off_c16_keepalive_ms,40.908156
latency,1,896,http1_python_nodelay_off_c16_keepalive_ms,40.994708
latency,1,897,http1_python_nodelay_off_c16_keepalive_ms,41.003827
latency,1,898,http1_python_nodelay_off_c16_keepalive_ms,40.999688
latency,1,899,http1_python_nodelay_off_c16_keepalive_ms,40.996698
latency,1,900,http1_python_nodelay_off_c16_keepalive_ms,41.024908
latency,1,901,http1_python_nodelay_off_c16_keepalive_ms,40.974727
latency,1,902,http1_python_nodelay_off_c16_keepalive_ms,41.002688
latency,1,903,http1_python_nodelay_off_c16_keepalive_ms,41.026108
latency,1,904,http1_python_nodelay_off_c16_keepalive_ms,40.994378
latency,1,905,http1_python_nodelay_off_c16_keepalive_ms,41.007947
latency,1,906,http1_python_nodelay_off_c16_keepalive_ms,40.967797
latency,1,907,http1_python_nodelay_off_c16_keepalive_ms,41.000889
latency,1,908,http1_python_nodelay_off_c16_keepalive_ms,41.268762
latency,1,909,http1_python_nodelay_off_c16_keepalive_ms,42.282389
latency,1,910,http1_python_nodelay_off_c16_keepalive_ms,40.515439
latency,1,911,http1_python_nodelay_off_c16_keepalive_ms,41.996845
latency,1,912,http1_python_nodelay_off_c16_keepalive_ms,41.121530
latency,1,913,http1_python_nodelay_off_c16_keepalive_ms,40.922596
latency,1,914,http1_python_nodelay_off_c16_keepalive_ms,40.890866
latency,1,915,http1_python_nodelay_off_c16_keepalive_ms,41.155950
latency,1,916,http1_python_nodelay_off_c16_keepalive_ms,41.859793
latency,1,917,http1_python_nodelay_off_c16_keepalive_ms,41.134930
latency,1,918,http1_python_nodelay_off_c16_keepalive_ms,40.906876
latency,1,919,http1_python_nodelay_off_c16_keepalive_ms,41.210091
latency,1,920,http1_python_nodelay_off_c16_keepalive_ms,40.811215
latency,1,921,http1_python_nodelay_off_c16_keepalive_ms,41.197751
latency,1,922,http1_python_nodelay_off_c16_keepalive_ms,40.752793
latency,1,923,http1_python_nodelay_off_c16_keepalive_ms,40.982208
latency,1,924,http1_python_nodelay_off_c16_keepalive_ms,41.004068
latency,1,925,http1_python_nodelay_off_c16_keepalive_ms,41.002957
latency,1,926,http1_python_nodelay_off_c16_keepalive_ms,41.039149
latency,1,927,http1_python_nodelay_off_c16_keepalive_ms,41.237041
latency,1,928,http1_python_nodelay_off_c16_keepalive_ms,40.793615
latency,1,929,http1_python_nodelay_off_c16_keepalive_ms,40.925796
latency,1,930,http1_python_nodelay_off_c16_keepalive_ms,41.130380
latency,1,931,http1_python_nodelay_off_c16_keepalive_ms,44.997746
latency,1,932,http1_python_nodelay_off_c16_keepalive_ms,41.879072
latency,1,933,http1_python_nodelay_off_c16_keepalive_ms,42.002515
latency,1,934,http1_python_nodelay_off_c16_keepalive_ms,41.038659
latency,1,935,http1_python_nodelay_off_c16_keepalive_ms,40.972927
latency,1,936,http1_python_nodelay_off_c16_keepalive_ms,41.040948
latency,1,937,http1_python_nodelay_off_c16_keepalive_ms,41.249742
latency,1,938,http1_python_nodelay_off_c16_keepalive_ms,40.750104
latency,1,939,http1_python_nodelay_off_c16_keepalive_ms,41.187710
latency,1,940,http1_python_nodelay_off_c16_keepalive_ms,40.787704
latency,1,941,http1_python_nodelay_off_c16_keepalive_ms,41.277553
latency,1,942,http1_python_nodelay_off_c16_keepalive_ms,41.820972
latency,1,943,http1_python_nodelay_off_c16_keepalive_ms,43.238935
latency,1,944,http1_python_nodelay_off_c16_keepalive_ms,41.620079
latency,1,945,http1_python_nodelay_off_c16_keepalive_ms,41.006847
latency,1,946,http1_python_nodelay_off_c16_keepalive_ms,41.030139
latency,1,947,http1_python_nodelay_off_c16_keepalive_ms,41.228091
latency,1,948,http1_python_nodelay_off_c16_keepalive_ms,40.778814
latency,1,949,http1_python_nodelay_off_c16_keepalive_ms,41.226352
latency,1,950,http1_python_nodelay_off_c16_keepalive_ms,40.786694
latency,1,951,http1_python_nodelay_off_c16_keepalive_ms,41.324313
latency,1,952,http1_python_nodelay_off_c16_keepalive_ms,40.671022
latency,1,953,http1_python_nodelay_off_c16_keepalive_ms,41.314453
latency,1,954,http1_python_nodelay_off_c16_keepalive_ms,42.190698
latency,1,955,http1_python_nodelay_off_c16_keepalive_ms,41.459486
latency,1,956,http1_python_nodelay_off_c16_keepalive_ms,43.022702
latency,1,957,http1_python_nodelay_off_c16_keepalive_ms,41.095029
latency,1,958,http1_python_nodelay_off_c16_keepalive_ms,40.875106
latency,1,959,http1_python_nodelay_off_c16_keepalive_ms,40.993497
latency,1,960,http1_python_nodelay_off_c16_keepalive_ms,43.298677
latency,1,961,http1_python_nodelay_off_c16_keepalive_ms,43.920397
latency,1,962,http1_python_nodelay_off_c16_keepalive_ms,42.843699
latency,1,963,http1_python_nodelay_off_c16_keepalive_ms,40.914337
latency,1,964,http1_python_nodelay_off_c16_keepalive_ms,40.945457
latency,1,965,http1_python_nodelay_off_c16_keepalive_ms,41.026458
latency,1,966,http1_python_nodelay_off_c16_keepalive_ms,40.973007
latency,1,967,http1_python_nodelay_off_c16_keepalive_ms,41.010108
latency,1,968,http1_python_nodelay_off_c16_keepalive_ms,42.001734
latency,1,969,http1_python_nodelay_off_c16_keepalive_ms,40.996828
latency,1,970,http1_python_nodelay_off_c16_keepalive_ms,42.042275
latency,1,971,http1_python_nodelay_off_c16_keepalive_ms,41.010678
latency,1,972,http1_python_nodelay_off_c16_keepalive_ms,40.955337
latency,1,973,http1_python_nodelay_off_c16_keepalive_ms,41.376134
latency,1,974,http1_python_nodelay_off_c16_keepalive_ms,40.626951
latency,1,975,http1_python_nodelay_off_c16_keepalive_ms,41.250482
latency,1,976,http1_python_nodelay_off_c16_keepalive_ms,40.746034
latency,1,977,http1_python_nodelay_off_c16_keepalive_ms,41.256812
latency,1,978,http1_python_nodelay_off_c16_keepalive_ms,40.739273
latency,1,979,http1_python_nodelay_off_c16_keepalive_ms,41.265322
latency,1,980,http1_python_nodelay_off_c16_keepalive_ms,40.726624
latency,1,981,http1_python_nodelay_off_c16_keepalive_ms,41.247481
latency,1,982,http1_python_nodelay_off_c16_keepalive_ms,40.754514
latency,1,983,http1_python_nodelay_off_c16_keepalive_ms,42.249659
latency,1,984,http1_python_nodelay_off_c16_keepalive_ms,41.750380
latency,1,985,http1_python_nodelay_off_c16_keepalive_ms,42.253260
latency,1,986,http1_python_nodelay_off_c16_keepalive_ms,40.751673
latency,1,987,http1_python_nodelay_off_c16_keepalive_ms,41.264342
latency,1,988,http1_python_nodelay_off_c16_keepalive_ms,41.725290
latency,1,989,http1_python_nodelay_off_c16_keepalive_ms,42.203708
latency,1,990,http1_python_nodelay_off_c16_keepalive_ms,41.802692
latency,1,991,http1_python_nodelay_off_c16_keepalive_ms,42.250919
latency,1,992,http1_python_nodelay_off_c16_keepalive_ms,42.006634
latency,1,993,http1_python_nodelay_off_c16_keepalive_ms,42.339841
latency,1,994,http1_python_nodelay_off_c16_keepalive_ms,41.448285
latency,1,995,http1_python_nodelay_off_c16_keepalive_ms,42.219569
latency,1,996,http1_python_nodelay_off_c16_keepalive_ms,41.827552
latency,1,997,http1_python_nodelay_off_c16_keepalive_ms,41.243451
latency,1,998,http1_python_nodelay_off_c16_keepalive_ms,40.662432
latency,1,999,http1_python_nodelay_off_c16_keepalive_ms,41.001908
latency,1,1000,http1_python_nodelay_off_c16_keepalive_ms,41.002048
latency,1,1001,http1_python_nodelay_off_c16_keepalive_ms,40.998837
latency,1,1002,http1_python_nodelay_off_c16_keepalive_ms,41.270683
latency,1,1003,http1_python_nodelay_off_c16_keepalive_ms,40.733503
latency,1,1004,http1_python_nodelay_off_c16_keepalive_ms,40.993468
latency,1,1005,http1_python_nodelay_off_c16_keepalive_ms,42.036695
latency,1,1006,http1_python_nodelay_off_c16_keepalive_ms,40.956667
latency,1,1007,http1_python_nodelay_off_c16_keepalive_ms,41.024218
latency,1,1008,http1_python_nodelay_off_c16_keepalive_ms,40.985458
latency,1,1009,http1_python_nodelay_off_c16_keepalive_ms,41.037488
latency,1,1010,http1_python_nodelay_off_c16_keepalive_ms,41.099249
latency,1,1011,http1_python_nodelay_off_c16_keepalive_ms,45.959012
latency,1,1012,http1_python_nodelay_off_c16_keepalive_ms,42.599145
latency,1,1013,http1_python_nodelay_off_c16_keepalive_ms,41.342453
latency,1,1014,http1_python_nodelay_off_c16_keepalive_ms,40.976928
latency,1,1015,http1_python_nodelay_off_c16_keepalive_ms,40.976107
latency,1,1016,http1_python_nodelay_off_c16_keepalive_ms,41.513787
latency,1,1017,http1_python_nodelay_off_c16_keepalive_ms,40.538340
latency,1,1018,http1_python_nodelay_off_c16_keepalive_ms,41.037038
latency,1,1019,http1_python_nodelay_off_c16_keepalive_ms,40.983137
latency,1,1020,http1_python_nodelay_off_c16_keepalive_ms,40.992328
latency,1,1021,http1_python_nodelay_off_c16_keepalive_ms,41.023988
latency,1,1022,http1_python_nodelay_off_c16_keepalive_ms,41.946464
latency,1,1023,http1_python_nodelay_off_c16_keepalive_ms,42.984611
latency,1,1024,http1_python_nodelay_off_c16_keepalive_ms,41.070399
latency,1,1025,http1_python_nodelay_off_c16_keepalive_ms,41.190681
latency,1,1026,http1_python_nodelay_off_c16_keepalive_ms,40.733783
latency,1,1027,http1_python_nodelay_off_c16_keepalive_ms,41.041279
latency,1,1028,http1_python_nodelay_off_c16_keepalive_ms,40.955747
latency,1,1029,http1_python_nodelay_off_c16_keepalive_ms,41.044648
latency,1,1030,http1_python_nodelay_off_c16_keepalive_ms,41.005588
latency,1,1031,http1_python_nodelay_off_c16_keepalive_ms,41.082049
latency,1,1032,http1_python_nodelay_off_c16_keepalive_ms,40.914896
latency,1,1033,http1_python_nodelay_off_c16_keepalive_ms,42.339041
latency,1,1034,http1_python_nodelay_off_c16_keepalive_ms,41.741870
latency,1,1035,http1_python_nodelay_off_c16_keepalive_ms,42.270490
latency,1,1036,http1_python_nodelay_off_c16_keepalive_ms,42.773867
latency,1,1037,http1_python_nodelay_off_c16_keepalive_ms,41.862273
latency,1,1038,http1_python_nodelay_off_c16_keepalive_ms,41.254802
latency,1,1039,http1_python_nodelay_off_c16_keepalive_ms,40.716803
latency,1,640,http1_python_nodelay_off_c16_keepalive_ms,43.465730
latency,1,641,http1_python_nodelay_off_c16_keepalive_ms,44.570078
latency,1,642,http1_python_nodelay_off_c16_keepalive_ms,42.375321
latency,1,643,http1_python_nodelay_off_c16_keepalive_ms,41.540957
latency,1,644,http1_python_nodelay_off_c16_keepalive_ms,41.105230
latency,1,645,http1_python_nodelay_off_c16_keepalive_ms,41.713719
latency,1,646,http1_python_nodelay_off_c16_keepalive_ms,41.640319
latency,1,647,http1_python_nodelay_off_c16_keepalive_ms,40.651512
latency,1,648,http1_python_nodelay_off_c16_keepalive_ms,40.962877
latency,1,649,http1_python_nodelay_off_c16_keepalive_ms,40.976337
latency,1,650,http1_python_nodelay_off_c16_keepalive_ms,41.079499
latency,1,651,http1_python_nodelay_off_c16_keepalive_ms,41.508496
latency,1,652,http1_python_nodelay_off_c16_keepalive_ms,40.924137
latency,1,653,http1_python_nodelay_off_c16_keepalive_ms,40.572660
latency,1,654,http1_python_nodelay_off_c16_keepalive_ms,41.538977
latency,1,655,http1_python_nodelay_off_c16_keepalive_ms,40.455038
latency,1,656,http1_python_nodelay_off_c16_keepalive_ms,41.546157
latency,1,657,http1_python_nodelay_off_c16_keepalive_ms,40.462279
latency,1,658,http1_python_nodelay_off_c16_keepalive_ms,41.525406
latency,1,659,http1_python_nodelay_off_c16_keepalive_ms,40.477769
latency,1,660,http1_python_nodelay_off_c16_keepalive_ms,41.509456
latency,1,661,http1_python_nodelay_off_c16_keepalive_ms,40.467379
latency,1,662,http1_python_nodelay_off_c16_keepalive_ms,41.491586
latency,1,663,http1_python_nodelay_off_c16_keepalive_ms,41.510897
latency,1,664,http1_python_nodelay_off_c16_keepalive_ms,42.492903
latency,1,665,http1_python_nodelay_off_c16_keepalive_ms,41.503116
latency,1,666,http1_python_nodelay_off_c16_keepalive_ms,41.571948
latency,1,667,http1_python_nodelay_off_c16_keepalive_ms,40.451598
latency,1,668,http1_python_nodelay_off_c16_keepalive_ms,42.466992
latency,1,669,http1_python_nodelay_off_c16_keepalive_ms,41.818572
latency,1,670,http1_python_nodelay_off_c16_keepalive_ms,42.239049
latency,1,671,http1_python_nodelay_off_c16_keepalive_ms,41.452055
latency,1,672,http1_python_nodelay_off_c16_keepalive_ms,42.543474
latency,1,673,http1_python_nodelay_off_c16_keepalive_ms,41.575108
latency,1,674,http1_python_nodelay_off_c16_keepalive_ms,41.958634
latency,1,675,http1_python_nodelay_off_c16_keepalive_ms,41.942144
latency,1,676,http1_python_nodelay_off_c16_keepalive_ms,42.064365
latency,1,677,http1_python_nodelay_off_c16_keepalive_ms,41.885063
latency,1,678,http1_python_nodelay_off_c16_keepalive_ms,41.059729
latency,1,679,http1_python_nodelay_off_c16_keepalive_ms,41.975884
latency,1,680,http1_python_nodelay_off_c16_keepalive_ms,41.033238
latency,1,681,http1_python_nodelay_off_c16_keepalive_ms,40.975158
latency,1,682,http1_python_nodelay_off_c16_keepalive_ms,41.455535
latency,1,683,http1_python_nodelay_off_c16_keepalive_ms,41.467616
latency,1,684,http1_python_nodelay_off_c16_keepalive_ms,41.996954
latency,1,685,http1_python_nodelay_off_c16_keepalive_ms,41.996745
latency,1,686,http1_python_nodelay_off_c16_keepalive_ms,41.011078
latency,1,687,http1_python_nodelay_off_c16_keepalive_ms,41.007148
latency,1,688,http1_python_nodelay_off_c16_keepalive_ms,40.987687
latency,1,689,http1_python_nodelay_off_c16_keepalive_ms,41.008318
latency,1,690,http1_python_nodelay_off_c16_keepalive_ms,42.189718
latency,1,691,http1_python_nodelay_off_c16_keepalive_ms,41.078499
latency,1,692,http1_python_nodelay_off_c16_keepalive_ms,41.708780
latency,1,693,http1_python_nodelay_off_c16_keepalive_ms,41.399474
latency,1,694,http1_python_nodelay_off_c16_keepalive_ms,41.026459
latency,1,695,http1_python_nodelay_off_c16_keepalive_ms,41.239291
latency,1,696,http1_python_nodelay_off_c16_keepalive_ms,41.331514
latency,1,697,http1_python_nodelay_off_c16_keepalive_ms,41.089359
latency,1,698,http1_python_nodelay_off_c16_keepalive_ms,41.728650
latency,1,699,http1_python_nodelay_off_c16_keepalive_ms,41.189791
latency,1,700,http1_python_nodelay_off_c16_keepalive_ms,40.988447
latency,1,701,http1_python_nodelay_off_c16_keepalive_ms,41.202181
latency,1,702,http1_python_nodelay_off_c16_keepalive_ms,41.060029
latency,1,703,http1_python_nodelay_off_c16_keepalive_ms,42.905780
latency,1,704,http1_python_nodelay_off_c16_keepalive_ms,41.019508
latency,1,705,http1_python_nodelay_off_c16_keepalive_ms,40.847135
latency,1,706,http1_python_nodelay_off_c16_keepalive_ms,41.089540
latency,1,707,http1_python_nodelay_off_c16_keepalive_ms,41.016778
latency,1,708,http1_python_nodelay_off_c16_keepalive_ms,41.188921
latency,1,709,http1_python_nodelay_off_c16_keepalive_ms,40.763223
latency,1,710,http1_python_nodelay_off_c16_keepalive_ms,41.027459
latency,1,711,http1_python_nodelay_off_c16_keepalive_ms,40.906166
latency,1,712,http1_python_nodelay_off_c16_keepalive_ms,41.082569
latency,1,713,http1_python_nodelay_off_c16_keepalive_ms,42.092686
latency,1,714,http1_python_nodelay_off_c16_keepalive_ms,42.069336
latency,1,715,http1_python_nodelay_off_c16_keepalive_ms,42.176738
latency,1,716,http1_python_nodelay_off_c16_keepalive_ms,42.591935
latency,1,717,http1_python_nodelay_off_c16_keepalive_ms,41.998654
latency,1,718,http1_python_nodelay_off_c16_keepalive_ms,41.120090
latency,1,719,http1_python_nodelay_off_c16_keepalive_ms,41.040749
latency,1,0,http1_python_nodelay_off_c16_keepalive_ms,43.659383
latency,1,1,http1_python_nodelay_off_c16_keepalive_ms,44.290613
latency,1,2,http1_python_nodelay_off_c16_keepalive_ms,41.118550
latency,1,3,http1_python_nodelay_off_c16_keepalive_ms,41.006228
latency,1,4,http1_python_nodelay_off_c16_keepalive_ms,42.526304
latency,1,5,http1_python_nodelay_off_c16_keepalive_ms,41.510516
latency,1,6,http1_python_nodelay_off_c16_keepalive_ms,41.948224
latency,1,7,http1_python_nodelay_off_c16_keepalive_ms,41.901813
latency,1,8,http1_python_nodelay_off_c16_keepalive_ms,42.299879
latency,1,9,http1_python_nodelay_off_c16_keepalive_ms,41.718710
latency,1,10,http1_python_nodelay_off_c16_keepalive_ms,42.055716
latency,1,11,http1_python_nodelay_off_c16_keepalive_ms,42.044285
latency,1,12,http1_python_nodelay_off_c16_keepalive_ms,42.205498
latency,1,13,http1_python_nodelay_off_c16_keepalive_ms,40.682013
latency,1,14,http1_python_nodelay_off_c16_keepalive_ms,41.309503
latency,1,15,http1_python_nodelay_off_c16_keepalive_ms,40.686372
latency,1,16,http1_python_nodelay_off_c16_keepalive_ms,41.102419
latency,1,17,http1_python_nodelay_off_c16_keepalive_ms,41.866773
latency,1,18,http1_python_nodelay_off_c16_keepalive_ms,41.367284
latency,1,19,http1_python_nodelay_off_c16_keepalive_ms,40.671152
latency,1,20,http1_python_nodelay_off_c16_keepalive_ms,41.354144
latency,1,21,http1_python_nodelay_off_c16_keepalive_ms,40.647181
latency,1,22,http1_python_nodelay_off_c16_keepalive_ms,41.289223
latency,1,23,http1_python_nodelay_off_c16_keepalive_ms,40.800714
latency,1,24,http1_python_nodelay_off_c16_keepalive_ms,41.515827
latency,1,25,http1_python_nodelay_off_c16_keepalive_ms,41.442175
latency,1,26,http1_python_nodelay_off_c16_keepalive_ms,41.329363
latency,1,27,http1_python_nodelay_off_c16_keepalive_ms,40.679583
latency,1,28,http1_python_nodelay_off_c16_keepalive_ms,42.664296
latency,1,29,http1_python_nodelay_off_c16_keepalive_ms,41.506606
latency,1,30,http1_python_nodelay_off_c16_keepalive_ms,41.540087
latency,1,31,http1_python_nodelay_off_c16_keepalive_ms,41.333223
latency,1,32,http1_python_nodelay_off_c16_keepalive_ms,42.102957
latency,1,33,http1_python_nodelay_off_c16_keepalive_ms,40.800364
latency,1,34,http1_python_nodelay_off_c16_keepalive_ms,40.998678
latency,1,35,http1_python_nodelay_off_c16_keepalive_ms,41.988694
latency,1,36,http1_python_nodelay_off_c16_keepalive_ms,42.293580
latency,1,37,http1_python_nodelay_off_c16_keepalive_ms,40.707183
latency,1,38,http1_python_nodelay_off_c16_keepalive_ms,41.068188
latency,1,39,http1_python_nodelay_off_c16_keepalive_ms,41.017168
latency,1,40,http1_python_nodelay_off_c16_keepalive_ms,41.517047
latency,1,41,http1_python_nodelay_off_c16_keepalive_ms,40.493829
latency,1,42,http1_python_nodelay_off_c16_keepalive_ms,41.054929
latency,1,43,http1_python_nodelay_off_c16_keepalive_ms,40.920976
latency,1,44,http1_python_nodelay_off_c16_keepalive_ms,41.169491
latency,1,45,http1_python_nodelay_off_c16_keepalive_ms,40.918696
latency,1,46,http1_python_nodelay_off_c16_keepalive_ms,40.991147
latency,1,47,http1_python_nodelay_off_c16_keepalive_ms,40.962797
latency,1,48,http1_python_nodelay_off_c16_keepalive_ms,41.076260
latency,1,49,http1_python_nodelay_off_c16_keepalive_ms,40.994477
latency,1,50,http1_python_nodelay_off_c16_keepalive_ms,41.103940
latency,1,51,http1_python_nodelay_off_c16_keepalive_ms,45.004805
latency,1,52,http1_python_nodelay_off_c16_keepalive_ms,41.743391
latency,1,53,http1_python_nodelay_off_c16_keepalive_ms,41.361714
latency,1,54,http1_python_nodelay_off_c16_keepalive_ms,40.975347
latency,1,55,http1_python_nodelay_off_c16_keepalive_ms,41.044308
latency,1,56,http1_python_nodelay_off_c16_keepalive_ms,40.933207
latency,1,57,http1_python_nodelay_off_c16_keepalive_ms,40.804885
latency,1,58,http1_python_nodelay_off_c16_keepalive_ms,41.998734
latency,1,59,http1_python_nodelay_off_c16_keepalive_ms,40.954157
latency,1,60,http1_python_nodelay_off_c16_keepalive_ms,41.051729
latency,1,61,http1_python_nodelay_off_c16_keepalive_ms,40.990297
latency,1,62,http1_python_nodelay_off_c16_keepalive_ms,42.010965
latency,1,63,http1_python_nodelay_off_c16_keepalive_ms,42.955021
latency,1,64,http1_python_nodelay_off_c16_keepalive_ms,41.848802
latency,1,65,http1_python_nodelay_off_c16_keepalive_ms,41.168841
latency,1,66,http1_python_nodelay_off_c16_keepalive_ms,41.439665
latency,1,67,http1_python_nodelay_off_c16_keepalive_ms,40.493649
latency,1,68,http1_python_nodelay_off_c16_keepalive_ms,41.537597
latency,1,69,http1_python_nodelay_off_c16_keepalive_ms,40.469618
latency,1,70,http1_python_nodelay_off_c16_keepalive_ms,41.064620
latency,1,71,http1_python_nodelay_off_c16_keepalive_ms,40.925316
latency,1,72,http1_python_nodelay_off_c16_keepalive_ms,41.065779
latency,1,73,http1_python_nodelay_off_c16_keepalive_ms,40.994207
latency,1,74,http1_python_nodelay_off_c16_keepalive_ms,42.068726
latency,1,75,http1_python_nodelay_off_c16_keepalive_ms,41.834912
latency,1,76,http1_python_nodelay_off_c16_keepalive_ms,43.009182
latency,1,77,http1_python_nodelay_off_c16_keepalive_ms,42.242139
latency,1,78,http1_python_nodelay_off_c16_keepalive_ms,41.652518
latency,1,79,http1_python_nodelay_off_c16_keepalive_ms,41.224952
latency,1,720,http1_python_nodelay_off_c16_keepalive_ms,43.194885
latency,1,721,http1_python_nodelay_off_c16_keepalive_ms,44.016269
latency,1,722,http1_python_nodelay_off_c16_keepalive_ms,43.054083
latency,1,723,http1_python_nodelay_off_c16_keepalive_ms,41.713190
latency,1,724,http1_python_nodelay_off_c16_keepalive_ms,41.368224
latency,1,725,http1_python_nodelay_off_c16_keepalive_ms,40.743183
latency,1,726,http1_python_nodelay_off_c16_keepalive_ms,40.929446
latency,1,727,http1_python_nodelay_off_c16_keepalive_ms,40.995588
latency,1,728,http1_python_nodelay_off_c16_keepalive_ms,41.309753
latency,1,729,http1_python_nodelay_off_c16_keepalive_ms,40.761793
latency,1,730,http1_python_nodelay_off_c16_keepalive_ms,42.465113
latency,1,731,http1_python_nodelay_off_c16_keepalive_ms,40.539170
latency,1,732,http1_python_nodelay_off_c16_keepalive_ms,41.001018
latency,1,733,http1_python_nodelay_off_c16_keepalive_ms,41.012717
latency,1,734,http1_python_nodelay_off_c16_keepalive_ms,41.004178
latency,1,735,http1_python_nodelay_off_c16_keepalive_ms,40.989507
latency,1,736,http1_python_nodelay_off_c16_keepalive_ms,40.992798
latency,1,737,http1_python_nodelay_off_c16_keepalive_ms,41.015638
latency,1,738,http1_python_nodelay_off_c16_keepalive_ms,40.979527
latency,1,739,http1_python_nodelay_off_c16_keepalive_ms,41.023088
latency,1,740,http1_python_nodelay_off_c16_keepalive_ms,40.972988
latency,1,741,http1_python_nodelay_off_c16_keepalive_ms,41.003768
latency,1,742,http1_python_nodelay_off_c16_keepalive_ms,40.995697
latency,1,743,http1_python_nodelay_off_c16_keepalive_ms,42.007025
latency,1,744,http1_python_nodelay_off_c16_keepalive_ms,41.993114
latency,1,745,http1_python_nodelay_off_c16_keepalive_ms,42.044516
latency,1,746,http1_python_nodelay_off_c16_keepalive_ms,40.959847
latency,1,747,http1_python_nodelay_off_c16_keepalive_ms,41.023118
latency,1,748,http1_python_nodelay_off_c16_keepalive_ms,41.964624
latency,1,749,http1_python_nodelay_off_c16_keepalive_ms,41.941744
latency,1,750,http1_python_nodelay_off_c16_keepalive_ms,42.077506
latency,1,751,http1_python_nodelay_off_c16_keepalive_ms,41.996925
latency,1,752,http1_python_nodelay_off_c16_keepalive_ms,41.916913
latency,1,753,http1_python_nodelay_off_c16_keepalive_ms,42.007745
latency,1,754,http1_python_nodelay_off_c16_keepalive_ms,42.149207
latency,1,755,http1_python_nodelay_off_c16_keepalive_ms,42.473043
latency,1,756,http1_python_nodelay_off_c16_keepalive_ms,42.147087
latency,1,757,http1_python_nodelay_off_c16_keepalive_ms,41.518437
latency,1,758,http1_python_nodelay_off_c16_keepalive_ms,40.762053
latency,1,759,http1_python_nodelay_off_c16_keepalive_ms,40.959017
latency,1,760,http1_python_nodelay_off_c16_keepalive_ms,40.976348
latency,1,761,http1_python_nodelay_off_c16_keepalive_ms,41.015998
latency,1,762,http1_python_nodelay_off_c16_keepalive_ms,41.001347
latency,1,763,http1_python_nodelay_off_c16_keepalive_ms,40.998898
latency,1,764,http1_python_nodelay_off_c16_keepalive_ms,40.977858
latency,1,765,http1_python_nodelay_off_c16_keepalive_ms,42.144507
latency,1,766,http1_python_nodelay_off_c16_keepalive_ms,40.991897
latency,1,767,http1_python_nodelay_off_c16_keepalive_ms,40.963137
latency,1,768,http1_python_nodelay_off_c16_keepalive_ms,41.077239
latency,1,769,http1_python_nodelay_off_c16_keepalive_ms,40.994008
latency,1,770,http1_python_nodelay_off_c16_keepalive_ms,41.149630
latency,1,771,http1_python_nodelay_off_c16_keepalive_ms,44.787562
latency,1,772,http1_python_nodelay_off_c16_keepalive_ms,41.909923
latency,1,773,http1_python_nodelay_off_c16_keepalive_ms,41.015408
latency,1,774,http1_python_nodelay_off_c16_keepalive_ms,40.986548
latency,1,775,http1_python_nodelay_off_c16_keepalive_ms,41.054738
latency,1,776,http1_python_nodelay_off_c16_keepalive_ms,40.945477
latency,1,777,http1_python_nodelay_off_c16_keepalive_ms,41.101510
latency,1,778,http1_python_nodelay_off_c16_keepalive_ms,42.021855
latency,1,779,http1_python_nodelay_off_c16_keepalive_ms,40.956957
latency,1,780,http1_python_nodelay_off_c16_keepalive_ms,41.051288
latency,1,781,http1_python_nodelay_off_c16_keepalive_ms,40.985548
latency,1,782,http1_python_nodelay_off_c16_keepalive_ms,42.054746
latency,1,783,http1_python_nodelay_off_c16_keepalive_ms,42.974071
latency,1,784,http1_python_nodelay_off_c16_keepalive_ms,41.838962
latency,1,785,http1_python_nodelay_off_c16_keepalive_ms,41.162170
latency,1,786,http1_python_nodelay_off_c16_keepalive_ms,40.946487
latency,1,787,http1_python_nodelay_off_c16_keepalive_ms,40.990128
latency,1,788,http1_python_nodelay_off_c16_keepalive_ms,41.017497
latency,1,789,http1_python_nodelay_off_c16_keepalive_ms,40.989418
latency,1,790,http1_python_nodelay_off_c16_keepalive_ms,41.065649
latency,1,791,http1_python_nodelay_off_c16_keepalive_ms,40.924376
latency,1,792,http1_python_nodelay_off_c16_keepalive_ms,41.064369
latency,1,793,http1_python_nodelay_off_c16_keepalive_ms,40.995598
latency,1,794,http1_python_nodelay_off_c16_keepalive_ms,42.068746
latency,1,795,http1_python_nodelay_off_c16_keepalive_ms,41.840952
latency,1,796,http1_python_nodelay_off_c16_keepalive_ms,43.089383
latency,1,797,http1_python_nodelay_off_c16_keepalive_ms,41.801501
latency,1,798,http1_python_nodelay_off_c16_keepalive_ms,41.155280
latency,1,799,http1_python_nodelay_off_c16_keepalive_ms,42.467423
latency,1,1040,http1_python_nodelay_off_c16_keepalive_ms,43.944888
latency,1,1041,http1_python_nodelay_off_c16_keepalive_ms,43.954528
latency,1,1042,http1_python_nodelay_off_c16_keepalive_ms,43.102303
latency,1,1043,http1_python_nodelay_off_c16_keepalive_ms,43.122174
latency,1,1044,http1_python_nodelay_off_c16_keepalive_ms,43.909717
latency,1,1045,http1_python_nodelay_off_c16_keepalive_ms,42.197669
latency,1,1046,http1_python_nodelay_off_c16_keepalive_ms,43.003762
latency,1,1047,http1_python_nodelay_off_c16_keepalive_ms,41.764960
latency,1,1048,http1_python_nodelay_off_c16_keepalive_ms,40.982157
latency,1,1049,http1_python_nodelay_off_c16_keepalive_ms,41.529037
latency,1,1050,http1_python_nodelay_off_c16_keepalive_ms,40.840975
latency,1,1051,http1_python_nodelay_off_c16_keepalive_ms,42.037045
latency,1,1052,http1_python_nodelay_off_c16_keepalive_ms,41.604298
latency,1,1053,http1_python_nodelay_off_c16_keepalive_ms,42.245449
latency,1,1054,http1_python_nodelay_off_c16_keepalive_ms,41.768731
latency,1,1055,http1_python_nodelay_off_c16_keepalive_ms,41.110849
latency,1,1056,http1_python_nodelay_off_c16_keepalive_ms,41.759711
latency,1,1057,http1_python_nodelay_off_c16_keepalive_ms,41.169951
latency,1,1058,http1_python_nodelay_off_c16_keepalive_ms,40.984517
latency,1,1059,http1_python_nodelay_off_c16_keepalive_ms,40.989757
latency,1,1060,http1_python_nodelay_off_c16_keepalive_ms,41.206552
latency,1,1061,http1_python_nodelay_off_c16_keepalive_ms,40.832885
latency,1,1062,http1_python_nodelay_off_c16_keepalive_ms,41.211051
latency,1,1063,http1_python_nodelay_off_c16_keepalive_ms,40.669992
latency,1,1064,http1_python_nodelay_off_c16_keepalive_ms,41.324733
latency,1,1065,http1_python_nodelay_off_c16_keepalive_ms,40.746514
latency,1,1066,http1_python_nodelay_off_c16_keepalive_ms,40.979487
latency,1,1067,http1_python_nodelay_off_c16_keepalive_ms,40.986257
latency,1,1068,http1_python_nodelay_off_c16_keepalive_ms,41.693660
latency,1,1069,http1_python_nodelay_off_c16_keepalive_ms,41.380174
latency,1,1070,http1_python_nodelay_off_c16_keepalive_ms,41.213101
latency,1,1071,http1_python_nodelay_off_c16_keepalive_ms,40.874846
latency,1,1072,http1_python_nodelay_off_c16_keepalive_ms,40.865496
latency,1,1073,http1_python_nodelay_off_c16_keepalive_ms,41.029608
latency,1,1074,http1_python_nodelay_off_c16_keepalive_ms,41.680469
latency,1,1075,http1_python_nodelay_off_c16_keepalive_ms,41.521826
latency,1,1076,http1_python_nodelay_off_c16_keepalive_ms,41.766541
latency,1,1077,http1_python_nodelay_off_c16_keepalive_ms,42.179528
latency,1,1078,http1_python_nodelay_off_c16_keepalive_ms,40.946577
latency,1,1079,http1_python_nodelay_off_c16_keepalive_ms,40.964737
latency,1,1080,http1_python_nodelay_off_c16_keepalive_ms,40.970167
latency,1,1081,http1_python_nodelay_off_c16_keepalive_ms,41.217092
latency,1,1082,http1_python_nodelay_off_c16_keepalive_ms,40.663151
latency,1,1083,http1_python_nodelay_off_c16_keepalive_ms,41.214102
latency,1,1084,http1_python_nodelay_off_c16_keepalive_ms,40.939696
latency,1,1085,http1_python_nodelay_off_c16_keepalive_ms,42.211629
latency,1,1086,http1_python_nodelay_off_c16_keepalive_ms,42.175228
latency,1,1087,http1_python_nodelay_off_c16_keepalive_ms,41.638708
latency,1,1088,http1_python_nodelay_off_c16_keepalive_ms,43.308147
latency,1,1089,http1_python_nodelay_off_c16_keepalive_ms,41.879123
latency,1,1090,http1_python_nodelay_off_c16_keepalive_ms,42.594344
latency,1,1091,http1_python_nodelay_off_c16_keepalive_ms,42.116177
latency,1,1092,http1_python_nodelay_off_c16_keepalive_ms,40.982918
latency,1,1093,http1_python_nodelay_off_c16_keepalive_ms,40.916956
latency,1,1094,http1_python_nodelay_off_c16_keepalive_ms,41.019088
latency,1,1095,http1_python_nodelay_off_c16_keepalive_ms,40.992398
latency,1,1096,http1_python_nodelay_off_c16_keepalive_ms,40.993287
latency,1,1097,http1_python_nodelay_off_c16_keepalive_ms,41.014608
latency,1,1098,http1_python_nodelay_off_c16_keepalive_ms,42.034755
latency,1,1099,http1_python_nodelay_off_c16_keepalive_ms,41.009158
latency,1,1100,http1_python_nodelay_off_c16_keepalive_ms,41.278123
latency,1,1101,http1_python_nodelay_off_c16_keepalive_ms,40.683322
latency,1,1102,http1_python_nodelay_off_c16_keepalive_ms,41.903243
latency,1,1103,http1_python_nodelay_off_c16_keepalive_ms,41.186181
latency,1,1104,http1_python_nodelay_off_c16_keepalive_ms,40.957617
latency,1,1105,http1_python_nodelay_off_c16_keepalive_ms,41.029568
latency,1,1106,http1_python_nodelay_off_c16_keepalive_ms,41.253082
latency,1,1107,http1_python_nodelay_off_c16_keepalive_ms,40.658012
latency,1,1108,http1_python_nodelay_off_c16_keepalive_ms,41.282503
latency,1,1109,http1_python_nodelay_off_c16_keepalive_ms,40.715162
latency,1,1110,http1_python_nodelay_off_c16_keepalive_ms,41.055249
latency,1,1111,http1_python_nodelay_off_c16_keepalive_ms,40.947667
latency,1,1112,http1_python_nodelay_off_c16_keepalive_ms,41.054538
latency,1,1113,http1_python_nodelay_off_c16_keepalive_ms,41.938774
latency,1,1114,http1_python_nodelay_off_c16_keepalive_ms,42.290620
latency,1,1115,http1_python_nodelay_off_c16_keepalive_ms,41.790231
latency,1,1116,http1_python_nodelay_off_c16_keepalive_ms,41.971344
latency,1,1117,http1_python_nodelay_off_c16_keepalive_ms,42.037936
latency,1,1118,http1_python_nodelay_off_c16_keepalive_ms,42.287869
latency,1,1119,http1_python_nodelay_off_c16_keepalive_ms,41.631588
latency,1,320,http1_python_nodelay_off_c16_keepalive_ms,43.444149
latency,1,321,http1_python_nodelay_off_c16_keepalive_ms,44.442266
latency,1,322,http1_python_nodelay_off_c16_keepalive_ms,43.507821
latency,1,323,http1_python_nodelay_off_c16_keepalive_ms,44.487107
latency,1,324,http1_python_nodelay_off_c16_keepalive_ms,42.566614
latency,1,325,http1_python_nodelay_off_c16_keepalive_ms,41.823242
latency,1,326,http1_python_nodelay_off_c16_keepalive_ms,42.846189
latency,1,327,http1_python_nodelay_off_c16_keepalive_ms,41.907763
latency,1,328,http1_python_nodelay_off_c16_keepalive_ms,41.323733
latency,1,329,http1_python_nodelay_off_c16_keepalive_ms,40.759493
latency,1,330,http1_python_nodelay_off_c16_keepalive_ms,40.947387
latency,1,331,http1_python_nodelay_off_c16_keepalive_ms,42.394092
latency,1,332,http1_python_nodelay_off_c16_keepalive_ms,41.998094
latency,1,333,http1_python_nodelay_off_c16_keepalive_ms,41.561148
latency,1,334,http1_python_nodelay_off_c16_keepalive_ms,41.965014
latency,1,335,http1_python_nodelay_off_c16_keepalive_ms,41.180451
latency,1,336,http1_python_nodelay_off_c16_keepalive_ms,41.200111
latency,1,337,http1_python_nodelay_off_c16_keepalive_ms,40.747053
latency,1,338,http1_python_nodelay_off_c16_keepalive_ms,41.257272
latency,1,339,http1_python_nodelay_off_c16_keepalive_ms,40.668782
latency,1,340,http1_python_nodelay_off_c16_keepalive_ms,41.065159
latency,1,341,http1_python_nodelay_off_c16_keepalive_ms,40.937767
latency,1,342,http1_python_nodelay_off_c16_keepalive_ms,41.330813
latency,1,343,http1_python_nodelay_off_c16_keepalive_ms,40.841915
latency,1,344,http1_python_nodelay_off_c16_keepalive_ms,41.103060
latency,1,345,http1_python_nodelay_off_c16_keepalive_ms,40.793124
latency,1,346,http1_python_nodelay_off_c16_keepalive_ms,40.975617
latency,1,347,http1_python_nodelay_off_c16_keepalive_ms,40.950267
latency,1,348,http1_python_nodelay_off_c16_keepalive_ms,42.163767
latency,1,349,http1_python_nodelay_off_c16_keepalive_ms,41.970945
latency,1,350,http1_python_nodelay_off_c16_keepalive_ms,40.899445
latency,1,351,http1_python_nodelay_off_c16_keepalive_ms,41.139590
latency,1,352,http1_python_nodelay_off_c16_keepalive_ms,41.771512
latency,1,353,http1_python_nodelay_off_c16_keepalive_ms,41.085059
latency,1,354,http1_python_nodelay_off_c16_keepalive_ms,41.400204
latency,1,355,http1_python_nodelay_off_c16_keepalive_ms,40.889616
latency,1,356,http1_python_nodelay_off_c16_keepalive_ms,42.023835
latency,1,357,http1_python_nodelay_off_c16_keepalive_ms,40.770484
latency,1,358,http1_python_nodelay_off_c16_keepalive_ms,40.955907
latency,1,359,http1_python_nodelay_off_c16_keepalive_ms,41.300412
latency,1,360,http1_python_nodelay_off_c16_keepalive_ms,40.700033
latency,1,361,http1_python_nodelay_off_c16_keepalive_ms,41.205801
latency,1,362,http1_python_nodelay_off_c16_keepalive_ms,40.720453
latency,1,363,http1_python_nodelay_off_c16_keepalive_ms,42.024695
latency,1,364,http1_python_nodelay_off_c16_keepalive_ms,41.109870
latency,1,365,http1_python_nodelay_off_c16_keepalive_ms,42.215509
latency,1,366,http1_python_nodelay_off_c16_keepalive_ms,41.740710
latency,1,367,http1_python_nodelay_off_c16_keepalive_ms,42.283999
latency,1,368,http1_python_nodelay_off_c16_keepalive_ms,43.233806
latency,1,369,http1_python_nodelay_off_c16_keepalive_ms,41.844752
latency,1,370,http1_python_nodelay_off_c16_keepalive_ms,41.932713
latency,1,371,http1_python_nodelay_off_c16_keepalive_ms,42.730628
latency,1,372,http1_python_nodelay_off_c16_keepalive_ms,42.367801
latency,1,373,http1_python_nodelay_off_c16_keepalive_ms,40.522899
latency,1,374,http1_python_nodelay_off_c16_keepalive_ms,40.997428
latency,1,375,http1_python_nodelay_off_c16_keepalive_ms,41.008358
latency,1,376,http1_python_nodelay_off_c16_keepalive_ms,40.994197
latency,1,377,http1_python_nodelay_off_c16_keepalive_ms,41.035509
latency,1,378,http1_python_nodelay_off_c16_keepalive_ms,40.973477
latency,1,379,http1_python_nodelay_off_c16_keepalive_ms,41.005778
latency,1,380,http1_python_nodelay_off_c16_keepalive_ms,40.982057
latency,1,381,http1_python_nodelay_off_c16_keepalive_ms,41.281823
latency,1,382,http1_python_nodelay_off_c16_keepalive_ms,41.645198
latency,1,383,http1_python_nodelay_off_c16_keepalive_ms,41.138171
latency,1,384,http1_python_nodelay_off_c16_keepalive_ms,41.014787
latency,1,385,http1_python_nodelay_off_c16_keepalive_ms,40.971278
latency,1,386,http1_python_nodelay_off_c16_keepalive_ms,40.951126
latency,1,387,http1_python_nodelay_off_c16_keepalive_ms,41.293773
latency,1,388,http1_python_nodelay_off_c16_keepalive_ms,40.694983
latency,1,389,http1_python_nodelay_off_c16_keepalive_ms,41.290122
latency,1,390,http1_python_nodelay_off_c16_keepalive_ms,40.787744
latency,1,391,http1_python_nodelay_off_c16_keepalive_ms,41.203102
latency,1,392,http1_python_nodelay_off_c16_keepalive_ms,40.798334
latency,1,393,http1_python_nodelay_off_c16_keepalive_ms,42.221998
latency,1,394,http1_python_nodelay_off_c16_keepalive_ms,41.691750
latency,1,395,http1_python_nodelay_off_c16_keepalive_ms,42.057626
latency,1,396,http1_python_nodelay_off_c16_keepalive_ms,42.020915
latency,1,397,http1_python_nodelay_off_c16_keepalive_ms,41.987314
latency,1,398,http1_python_nodelay_off_c16_keepalive_ms,41.981884
latency,1,399,http1_python_nodelay_off_c16_keepalive_ms,42.681687
latency,1,1200,http1_python_nodelay_off_c16_keepalive_ms,43.146315
latency,1,1201,http1_python_nodelay_off_c16_keepalive_ms,44.043139
latency,1,1202,http1_python_nodelay_off_c16_keepalive_ms,43.945328
latency,1,1203,http1_python_nodelay_off_c16_keepalive_ms,43.024622
latency,1,1204,http1_python_nodelay_off_c16_keepalive_ms,42.012155
latency,1,1205,http1_python_nodelay_off_c16_keepalive_ms,41.820872
latency,1,1206,http1_python_nodelay_off_c16_keepalive_ms,43.180745
latency,1,1207,http1_python_nodelay_off_c16_keepalive_ms,41.808261
latency,1,1208,http1_python_nodelay_off_c16_keepalive_ms,41.100649
latency,1,1209,http1_python_nodelay_off_c16_keepalive_ms,41.925003
latency,1,1210,http1_python_nodelay_off_c16_keepalive_ms,41.033729
latency,1,1211,http1_python_nodelay_off_c16_keepalive_ms,42.012225
latency,1,1212,http1_python_nodelay_off_c16_keepalive_ms,40.996897
latency,1,1213,http1_python_nodelay_off_c16_keepalive_ms,40.960907
latency,1,1214,http1_python_nodelay_off_c16_keepalive_ms,41.019559
latency,1,1215,http1_python_nodelay_off_c16_keepalive_ms,41.071728
latency,1,1216,http1_python_nodelay_off_c16_keepalive_ms,40.921947
latency,1,1217,http1_python_nodelay_off_c16_keepalive_ms,40.943466
latency,1,1218,http1_python_nodelay_off_c16_keepalive_ms,41.011768
latency,1,1219,http1_python_nodelay_off_c16_keepalive_ms,41.231902
latency,1,1220,http1_python_nodelay_off_c16_keepalive_ms,40.789274
latency,1,1221,http1_python_nodelay_off_c16_keepalive_ms,41.208351
latency,1,1222,http1_python_nodelay_off_c16_keepalive_ms,40.771184
latency,1,1223,http1_python_nodelay_off_c16_keepalive_ms,42.019565
latency,1,1224,http1_python_nodelay_off_c16_keepalive_ms,41.968544
latency,1,1225,http1_python_nodelay_off_c16_keepalive_ms,41.031618
latency,1,1226,http1_python_nodelay_off_c16_keepalive_ms,40.973918
latency,1,1227,http1_python_nodelay_off_c16_keepalive_ms,41.025818
latency,1,1228,http1_python_nodelay_off_c16_keepalive_ms,42.000275
latency,1,1229,http1_python_nodelay_off_c16_keepalive_ms,42.009805
latency,1,1230,http1_python_nodelay_off_c16_keepalive_ms,41.963074
latency,1,1231,http1_python_nodelay_off_c16_keepalive_ms,42.075965
latency,1,1232,http1_python_nodelay_off_c16_keepalive_ms,42.017076
latency,1,1233,http1_python_nodelay_off_c16_keepalive_ms,41.906243
latency,1,1234,http1_python_nodelay_off_c16_keepalive_ms,41.988414
latency,1,1235,http1_python_nodelay_off_c16_keepalive_ms,42.003025
latency,1,1236,http1_python_nodelay_off_c16_keepalive_ms,42.000355
latency,1,1237,http1_python_nodelay_off_c16_keepalive_ms,42.005174
latency,1,1238,http1_python_nodelay_off_c16_keepalive_ms,40.997508
latency,1,1239,http1_python_nodelay_off_c16_keepalive_ms,42.000185
latency,1,1240,http1_python_nodelay_off_c16_keepalive_ms,41.001178
latency,1,1241,http1_python_nodelay_off_c16_keepalive_ms,40.999447
latency,1,1242,http1_python_nodelay_off_c16_keepalive_ms,40.998378
latency,1,1243,http1_python_nodelay_off_c16_keepalive_ms,42.003005
latency,1,1244,http1_python_nodelay_off_c16_keepalive_ms,41.991814
latency,1,1245,http1_python_nodelay_off_c16_keepalive_ms,41.014678
latency,1,1246,http1_python_nodelay_off_c16_keepalive_ms,40.982747
latency,1,1247,http1_python_nodelay_off_c16_keepalive_ms,41.008569
latency,1,1248,http1_python_nodelay_off_c16_keepalive_ms,41.744080
latency,1,1249,http1_python_nodelay_off_c16_keepalive_ms,41.468606
latency,1,1250,http1_python_nodelay_off_c16_keepalive_ms,41.859062
latency,1,1251,http1_python_nodelay_off_c16_keepalive_ms,42.145597
latency,1,1252,http1_python_nodelay_off_c16_keepalive_ms,41.873873
latency,1,1253,http1_python_nodelay_off_c16_keepalive_ms,42.102926
latency,1,1254,http1_python_nodelay_off_c16_keepalive_ms,42.127457
latency,1,1255,http1_python_nodelay_off_c16_keepalive_ms,40.803974
latency,1,1256,http1_python_nodelay_off_c16_keepalive_ms,40.927547
latency,1,1257,http1_python_nodelay_off_c16_keepalive_ms,41.216801
latency,1,1258,http1_python_nodelay_off_c16_keepalive_ms,41.782261
latency,1,1259,http1_python_nodelay_off_c16_keepalive_ms,40.999158
latency,1,1260,http1_python_nodelay_off_c16_keepalive_ms,41.417945
latency,1,1261,http1_python_nodelay_off_c16_keepalive_ms,40.598161
latency,1,1262,http1_python_nodelay_off_c16_keepalive_ms,42.030405
latency,1,1263,http1_python_nodelay_off_c16_keepalive_ms,41.959924
latency,1,1264,http1_python_nodelay_off_c16_keepalive_ms,43.108663
latency,1,1265,http1_python_nodelay_off_c16_keepalive_ms,41.978735
latency,1,1266,http1_python_nodelay_off_c16_keepalive_ms,41.991185
latency,1,1267,http1_python_nodelay_off_c16_keepalive_ms,42.000844
latency,1,1268,http1_python_nodelay_off_c16_keepalive_ms,42.023195
latency,1,1269,http1_python_nodelay_off_c16_keepalive_ms,41.936474
latency,1,1270,http1_python_nodelay_off_c16_keepalive_ms,42.124807
latency,1,1271,http1_python_nodelay_off_c16_keepalive_ms,42.580945
latency,1,1272,http1_python_nodelay_off_c16_keepalive_ms,41.254291
latency,1,1273,http1_python_nodelay_off_c16_keepalive_ms,43.112744
latency,1,1274,http1_python_nodelay_off_c16_keepalive_ms,41.905913
latency,1,1275,http1_python_nodelay_off_c16_keepalive_ms,40.929327
latency,1,1276,http1_python_nodelay_off_c16_keepalive_ms,41.004448
latency,1,1277,http1_python_nodelay_off_c16_keepalive_ms,40.997047
latency,1,1278,http1_python_nodelay_off_c16_keepalive_ms,41.001288
latency,1,1279,http1_python_nodelay_off_c16_keepalive_ms,41.000138
latency,1,400,http1_python_nodelay_off_c16_keepalive_ms,43.130304
latency,1,401,http1_python_nodelay_off_c16_keepalive_ms,43.979069
latency,1,402,http1_python_nodelay_off_c16_keepalive_ms,44.096700
latency,1,403,http1_python_nodelay_off_c16_keepalive_ms,42.759828
latency,1,404,http1_python_nodelay_off_c16_keepalive_ms,44.418286
latency,1,405,http1_python_nodelay_off_c16_keepalive_ms,41.874352
latency,1,406,http1_python_nodelay_off_c16_keepalive_ms,42.720767
latency,1,407,http1_python_nodelay_off_c16_keepalive_ms,41.954774
latency,1,408,http1_python_nodelay_off_c16_keepalive_ms,42.580534
latency,1,409,http1_python_nodelay_off_c16_keepalive_ms,40.553260
latency,1,410,http1_python_nodelay_off_c16_keepalive_ms,41.093200
latency,1,411,http1_python_nodelay_off_c16_keepalive_ms,41.206851
latency,1,412,http1_python_nodelay_off_c16_keepalive_ms,41.878563
latency,1,413,http1_python_nodelay_off_c16_keepalive_ms,42.063815
latency,1,414,http1_python_nodelay_off_c16_keepalive_ms,41.886813
latency,1,415,http1_python_nodelay_off_c16_keepalive_ms,40.946257
latency,1,416,http1_python_nodelay_off_c16_keepalive_ms,40.886026
latency,1,417,http1_python_nodelay_off_c16_keepalive_ms,41.010848
latency,1,418,http1_python_nodelay_off_c16_keepalive_ms,40.950906
latency,1,419,http1_python_nodelay_off_c16_keepalive_ms,41.293923
latency,1,420,http1_python_nodelay_off_c16_keepalive_ms,40.816495
latency,1,421,http1_python_nodelay_off_c16_keepalive_ms,41.217101
latency,1,422,http1_python_nodelay_off_c16_keepalive_ms,40.702783
latency,1,423,http1_python_nodelay_off_c16_keepalive_ms,41.088789
latency,1,424,http1_python_nodelay_off_c16_keepalive_ms,40.872276
latency,1,425,http1_python_nodelay_off_c16_keepalive_ms,41.055408
latency,1,426,http1_python_nodelay_off_c16_keepalive_ms,41.025548
latency,1,427,http1_python_nodelay_off_c16_keepalive_ms,41.249882
latency,1,428,http1_python_nodelay_off_c16_keepalive_ms,41.792702
latency,1,429,http1_python_nodelay_off_c16_keepalive_ms,42.739627
latency,1,430,http1_python_nodelay_off_c16_keepalive_ms,41.365554
latency,1,431,http1_python_nodelay_off_c16_keepalive_ms,40.815714
latency,1,432,http1_python_nodelay_off_c16_keepalive_ms,41.093480
latency,1,433,http1_python_nodelay_off_c16_keepalive_ms,41.222801
latency,1,434,http1_python_nodelay_off_c16_keepalive_ms,40.650682
latency,1,435,http1_python_nodelay_off_c16_keepalive_ms,41.337223
latency,1,436,http1_python_nodelay_off_c16_keepalive_ms,41.977094
latency,1,437,http1_python_nodelay_off_c16_keepalive_ms,41.669580
latency,1,438,http1_python_nodelay_off_c16_keepalive_ms,41.266812
latency,1,439,http1_python_nodelay_off_c16_keepalive_ms,41.374534
latency,1,440,http1_python_nodelay_off_c16_keepalive_ms,41.396274
latency,1,441,http1_python_nodelay_off_c16_keepalive_ms,41.124780
latency,1,442,http1_python_nodelay_off_c16_keepalive_ms,41.404265
latency,1,443,http1_python_nodelay_off_c16_keepalive_ms,40.562020
latency,1,444,http1_python_nodelay_off_c16_keepalive_ms,41.026678
latency,1,445,http1_python_nodelay_off_c16_keepalive_ms,41.267603
latency,1,446,http1_python_nodelay_off_c16_keepalive_ms,41.994864
latency,1,447,http1_python_nodelay_off_c16_keepalive_ms,42.055386
latency,1,448,http1_python_nodelay_off_c16_keepalive_ms,43.116943
latency,1,449,http1_python_nodelay_off_c16_keepalive_ms,41.435135
latency,1,450,http1_python_nodelay_off_c16_keepalive_ms,42.913811
latency,1,451,http1_python_nodelay_off_c16_keepalive_ms,42.527564
latency,1,452,http1_python_nodelay_off_c16_keepalive_ms,42.841279
latency,1,453,http1_python_nodelay_off_c16_keepalive_ms,42.680976
latency,1,454,http1_python_nodelay_off_c16_keepalive_ms,41.172580
latency,1,455,http1_python_nodelay_off_c16_keepalive_ms,41.174521
latency,1,456,http1_python_nodelay_off_c16_keepalive_ms,40.924587
latency,1,457,http1_python_nodelay_off_c16_keepalive_ms,41.295352
latency,1,458,http1_python_nodelay_off_c16_keepalive_ms,40.636302
latency,1,459,http1_python_nodelay_off_c16_keepalive_ms,40.961047
latency,1,460,http1_python_nodelay_off_c16_keepalive_ms,41.143640
latency,1,461,http1_python_nodelay_off_c16_keepalive_ms,40.851315
latency,1,462,http1_python_nodelay_off_c16_keepalive_ms,42.126027
latency,1,463,http1_python_nodelay_off_c16_keepalive_ms,41.771561
latency,1,464,http1_python_nodelay_off_c16_keepalive_ms,43.089163
latency,1,465,http1_python_nodelay_off_c16_keepalive_ms,42.024215
latency,1,466,http1_python_nodelay_off_c16_keepalive_ms,41.966655
latency,1,467,http1_python_nodelay_off_c16_keepalive_ms,41.920473
latency,1,468,http1_python_nodelay_off_c16_keepalive_ms,41.996044
latency,1,469,http1_python_nodelay_off_c16_keepalive_ms,42.391622
latency,1,470,http1_python_nodelay_off_c16_keepalive_ms,41.949394
latency,1,471,http1_python_nodelay_off_c16_keepalive_ms,41.678319
latency,1,472,http1_python_nodelay_off_c16_keepalive_ms,42.256609
latency,1,473,http1_python_nodelay_off_c16_keepalive_ms,43.088323
latency,1,474,http1_python_nodelay_off_c16_keepalive_ms,41.660019
latency,1,475,http1_python_nodelay_off_c16_keepalive_ms,42.399212
latency,1,476,http1_python_nodelay_off_c16_keepalive_ms,41.811451
latency,1,477,http1_python_nodelay_off_c16_keepalive_ms,42.758628
latency,1,478,http1_python_nodelay_off_c16_keepalive_ms,41.026058
latency,1,479,http1_python_nodelay_off_c16_keepalive_ms,40.965457
latency,1,480,http1_python_nodelay_off_c16_keepalive_ms,43.423089
latency,1,481,http1_python_nodelay_off_c16_keepalive_ms,44.498737
latency,1,482,http1_python_nodelay_off_c16_keepalive_ms,43.415459
latency,1,483,http1_python_nodelay_off_c16_keepalive_ms,42.762627
latency,1,484,http1_python_nodelay_off_c16_keepalive_ms,42.247409
latency,1,485,http1_python_nodelay_off_c16_keepalive_ms,41.879283
latency,1,486,http1_python_nodelay_off_c16_keepalive_ms,42.821759
latency,1,487,http1_python_nodelay_off_c16_keepalive_ms,42.236918
latency,1,488,http1_python_nodelay_off_c16_keepalive_ms,41.669009
latency,1,489,http1_python_nodelay_off_c16_keepalive_ms,42.136707
latency,1,490,http1_python_nodelay_off_c16_keepalive_ms,41.326174
latency,1,491,http1_python_nodelay_off_c16_keepalive_ms,42.019034
latency,1,492,http1_python_nodelay_off_c16_keepalive_ms,41.929894
latency,1,493,http1_python_nodelay_off_c16_keepalive_ms,40.669822
latency,1,494,http1_python_nodelay_off_c16_keepalive_ms,41.031838
latency,1,495,http1_python_nodelay_off_c16_keepalive_ms,40.956667
latency,1,496,http1_python_nodelay_off_c16_keepalive_ms,41.013598
latency,1,497,http1_python_nodelay_off_c16_keepalive_ms,41.004468
latency,1,498,http1_python_nodelay_off_c16_keepalive_ms,40.983747
latency,1,499,http1_python_nodelay_off_c16_keepalive_ms,41.010888
latency,1,500,http1_python_nodelay_off_c16_keepalive_ms,41.005198
latency,1,501,http1_python_nodelay_off_c16_keepalive_ms,40.996098
latency,1,502,http1_python_nodelay_off_c16_keepalive_ms,40.984257
latency,1,503,http1_python_nodelay_off_c16_keepalive_ms,41.009948
latency,1,504,http1_python_nodelay_off_c16_keepalive_ms,41.059029
latency,1,505,http1_python_nodelay_off_c16_keepalive_ms,41.262112
latency,1,506,http1_python_nodelay_off_c16_keepalive_ms,41.030478
latency,1,507,http1_python_nodelay_off_c16_keepalive_ms,41.195311
latency,1,508,http1_python_nodelay_off_c16_keepalive_ms,41.567967
latency,1,509,http1_python_nodelay_off_c16_keepalive_ms,40.871386
latency,1,510,http1_python_nodelay_off_c16_keepalive_ms,42.324800
latency,1,511,http1_python_nodelay_off_c16_keepalive_ms,41.759551
latency,1,512,http1_python_nodelay_off_c16_keepalive_ms,40.958377
latency,1,513,http1_python_nodelay_off_c16_keepalive_ms,41.726860
latency,1,514,http1_python_nodelay_off_c16_keepalive_ms,41.387324
latency,1,515,http1_python_nodelay_off_c16_keepalive_ms,41.955104
latency,1,516,http1_python_nodelay_off_c16_keepalive_ms,41.936743
latency,1,517,http1_python_nodelay_off_c16_keepalive_ms,41.054249
latency,1,518,http1_python_nodelay_off_c16_keepalive_ms,40.957597
latency,1,519,http1_python_nodelay_off_c16_keepalive_ms,41.072599
latency,1,520,http1_python_nodelay_off_c16_keepalive_ms,40.927146
latency,1,521,http1_python_nodelay_off_c16_keepalive_ms,40.940027
latency,1,522,http1_python_nodelay_off_c16_keepalive_ms,41.337284
latency,1,523,http1_python_nodelay_off_c16_keepalive_ms,41.667979
latency,1,524,http1_python_nodelay_off_c16_keepalive_ms,41.184331
latency,1,525,http1_python_nodelay_off_c16_keepalive_ms,42.214408
latency,1,526,http1_python_nodelay_off_c16_keepalive_ms,42.039106
latency,1,527,http1_python_nodelay_off_c16_keepalive_ms,41.989194
latency,1,528,http1_python_nodelay_off_c16_keepalive_ms,43.051653
latency,1,529,http1_python_nodelay_off_c16_keepalive_ms,42.191677
latency,1,530,http1_python_nodelay_off_c16_keepalive_ms,41.785671
latency,1,531,http1_python_nodelay_off_c16_keepalive_ms,42.524304
latency,1,532,http1_python_nodelay_off_c16_keepalive_ms,43.442210
latency,1,533,http1_python_nodelay_off_c16_keepalive_ms,42.714207
latency,1,534,http1_python_nodelay_off_c16_keepalive_ms,41.045148
latency,1,535,http1_python_nodelay_off_c16_keepalive_ms,41.198741
latency,1,536,http1_python_nodelay_off_c16_keepalive_ms,40.853085
latency,1,537,http1_python_nodelay_off_c16_keepalive_ms,40.882776
latency,1,538,http1_python_nodelay_off_c16_keepalive_ms,41.093789
latency,1,539,http1_python_nodelay_off_c16_keepalive_ms,41.773811
latency,1,540,http1_python_nodelay_off_c16_keepalive_ms,41.158081
latency,1,541,http1_python_nodelay_off_c16_keepalive_ms,40.991327
latency,1,542,http1_python_nodelay_off_c16_keepalive_ms,41.101489
latency,1,543,http1_python_nodelay_off_c16_keepalive_ms,42.076116
latency,1,544,http1_python_nodelay_off_c16_keepalive_ms,42.683717
latency,1,545,http1_python_nodelay_off_c16_keepalive_ms,42.007995
latency,1,546,http1_python_nodelay_off_c16_keepalive_ms,42.091826
latency,1,547,http1_python_nodelay_off_c16_keepalive_ms,42.317680
latency,1,548,http1_python_nodelay_off_c16_keepalive_ms,41.967704
latency,1,549,http1_python_nodelay_off_c16_keepalive_ms,41.705010
latency,1,550,http1_python_nodelay_off_c16_keepalive_ms,42.000405
latency,1,551,http1_python_nodelay_off_c16_keepalive_ms,42.571504
latency,1,552,http1_python_nodelay_off_c16_keepalive_ms,41.431135
latency,1,553,http1_python_nodelay_off_c16_keepalive_ms,43.335208
latency,1,554,http1_python_nodelay_off_c16_keepalive_ms,41.950433
latency,1,555,http1_python_nodelay_off_c16_keepalive_ms,41.640769
latency,1,556,http1_python_nodelay_off_c16_keepalive_ms,42.006625
latency,1,557,http1_python_nodelay_off_c16_keepalive_ms,43.430619
latency,1,558,http1_python_nodelay_off_c16_keepalive_ms,41.569737
latency,1,559,http1_python_nodelay_off_c16_keepalive_ms,41.057729
latency,1,80,http1_python_nodelay_off_c16_keepalive_ms,43.999689
latency,1,81,http1_python_nodelay_off_c16_keepalive_ms,43.934718
latency,1,82,http1_python_nodelay_off_c16_keepalive_ms,41.484156
latency,1,83,http1_python_nodelay_off_c16_keepalive_ms,40.593421
latency,1,84,http1_python_nodelay_off_c16_keepalive_ms,41.988654
latency,1,85,http1_python_nodelay_off_c16_keepalive_ms,42.137487
latency,1,86,http1_python_nodelay_off_c16_keepalive_ms,41.859112
latency,1,87,http1_python_nodelay_off_c16_keepalive_ms,42.245479
latency,1,88,http1_python_nodelay_off_c16_keepalive_ms,41.687579
latency,1,89,http1_python_nodelay_off_c16_keepalive_ms,42.347521
latency,1,90,http1_python_nodelay_off_c16_keepalive_ms,41.747620
latency,1,91,http1_python_nodelay_off_c16_keepalive_ms,42.042766
latency,1,92,http1_python_nodelay_off_c16_keepalive_ms,41.864112
latency,1,93,http1_python_nodelay_off_c16_keepalive_ms,41.324963
latency,1,94,http1_python_nodelay_off_c16_keepalive_ms,40.677023
latency,1,95,http1_python_nodelay_off_c16_keepalive_ms,41.270122
latency,1,96,http1_python_nodelay_off_c16_keepalive_ms,40.879475
latency,1,97,http1_python_nodelay_off_c16_keepalive_ms,41.779491
latency,1,98,http1_python_nodelay_off_c16_keepalive_ms,41.076480
latency,1,99,http1_python_nodelay_off_c16_keepalive_ms,41.287562
latency,1,100,http1_python_nodelay_off_c16_keepalive_ms,40.727793
latency,1,101,http1_python_nodelay_off_c16_keepalive_ms,41.312073
latency,1,102,http1_python_nodelay_off_c16_keepalive_ms,40.665882
latency,1,103,http1_python_nodelay_off_c16_keepalive_ms,41.526507
latency,1,104,http1_python_nodelay_off_c16_keepalive_ms,40.569280
latency,1,105,http1_python_nodelay_off_c16_keepalive_ms,41.979324
latency,1,106,http1_python_nodelay_off_c16_keepalive_ms,40.939497
latency,1,107,http1_python_nodelay_off_c16_keepalive_ms,41.068719
latency,1,108,http1_python_nodelay_off_c16_keepalive_ms,42.055496
latency,1,109,http1_python_nodelay_off_c16_keepalive_ms,42.045595
latency,1,110,http1_python_nodelay_off_c16_keepalive_ms,40.936197
latency,1,111,http1_python_nodelay_off_c16_keepalive_ms,42.008485
latency,1,112,http1_python_nodelay_off_c16_keepalive_ms,41.865142
latency,1,113,http1_python_nodelay_off_c16_keepalive_ms,42.141047
latency,1,114,http1_python_nodelay_off_c16_keepalive_ms,42.030615
latency,1,115,http1_python_nodelay_off_c16_keepalive_ms,42.199958
latency,1,116,http1_python_nodelay_off_c16_keepalive_ms,42.003885
latency,1,117,http1_python_nodelay_off_c16_keepalive_ms,41.854833
latency,1,118,http1_python_nodelay_off_c16_keepalive_ms,40.990837
latency,1,119,http1_python_nodelay_off_c16_keepalive_ms,40.915496
latency,1,120,http1_python_nodelay_off_c16_keepalive_ms,40.970117
latency,1,121,http1_python_nodelay_off_c16_keepalive_ms,40.907447
latency,1,122,http1_python_nodelay_off_c16_keepalive_ms,41.334443
latency,1,123,http1_python_nodelay_off_c16_keepalive_ms,40.764604
latency,1,124,http1_python_nodelay_off_c16_keepalive_ms,41.676069
latency,1,125,http1_python_nodelay_off_c16_keepalive_ms,41.542097
latency,1,126,http1_python_nodelay_off_c16_keepalive_ms,42.193828
latency,1,127,http1_python_nodelay_off_c16_keepalive_ms,42.951001
latency,1,128,http1_python_nodelay_off_c16_keepalive_ms,41.892423
latency,1,129,http1_python_nodelay_off_c16_keepalive_ms,42.740017
latency,1,130,http1_python_nodelay_off_c16_keepalive_ms,41.462655
latency,1,131,http1_python_nodelay_off_c16_keepalive_ms,42.440613
latency,1,132,http1_python_nodelay_off_c16_keepalive_ms,42.500243
latency,1,133,http1_python_nodelay_off_c16_keepalive_ms,41.744890
latency,1,134,http1_python_nodelay_off_c16_keepalive_ms,41.688980
latency,1,135,http1_python_nodelay_off_c16_keepalive_ms,41.208001
latency,1,136,http1_python_nodelay_off_c16_keepalive_ms,41.868853
latency,1,137,http1_python_nodelay_off_c16_keepalive_ms,41.067259
latency,1,138,http1_python_nodelay_off_c16_keepalive_ms,41.136189
latency,1,139,http1_python_nodelay_off_c16_keepalive_ms,41.731771
latency,1,140,http1_python_nodelay_off_c16_keepalive_ms,41.205261
latency,1,141,http1_python_nodelay_off_c16_keepalive_ms,40.992628
latency,1,142,http1_python_nodelay_off_c16_keepalive_ms,41.097329
latency,1,143,http1_python_nodelay_off_c16_keepalive_ms,41.818571
latency,1,144,http1_python_nodelay_off_c16_keepalive_ms,44.207283
latency,1,145,http1_python_nodelay_off_c16_keepalive_ms,41.089769
latency,1,146,http1_python_nodelay_off_c16_keepalive_ms,41.598608
latency,1,147,http1_python_nodelay_off_c16_keepalive_ms,42.044145
latency,1,148,http1_python_nodelay_off_c16_keepalive_ms,42.054896
latency,1,149,http1_python_nodelay_off_c16_keepalive_ms,42.344490
latency,1,150,http1_python_nodelay_off_c16_keepalive_ms,41.922414
latency,1,151,http1_python_nodelay_off_c16_keepalive_ms,42.076356
latency,1,152,http1_python_nodelay_off_c16_keepalive_ms,41.707150
latency,1,153,http1_python_nodelay_off_c16_keepalive_ms,43.008672
latency,1,154,http1_python_nodelay_off_c16_keepalive_ms,42.268119
latency,1,155,http1_python_nodelay_off_c16_keepalive_ms,41.956814
latency,1,156,http1_python_nodelay_off_c16_keepalive_ms,42.246939
latency,1,157,http1_python_nodelay_off_c16_keepalive_ms,42.884430
latency,1,158,http1_python_nodelay_off_c16_keepalive_ms,41.483045
latency,1,159,http1_python_nodelay_off_c16_keepalive_ms,41.147570
latency,1,560,http1_python_nodelay_off_c16_keepalive_ms,43.314297
latency,1,561,http1_python_nodelay_off_c16_keepalive_ms,44.590918
latency,1,562,http1_python_nodelay_off_c16_keepalive_ms,43.630523
latency,1,563,http1_python_nodelay_off_c16_keepalive_ms,42.587485
latency,1,564,http1_python_nodelay_off_c16_keepalive_ms,42.216678
latency,1,565,http1_python_nodelay_off_c16_keepalive_ms,42.090496
latency,1,566,http1_python_nodelay_off_c16_keepalive_ms,40.574641
latency,1,567,http1_python_nodelay_off_c16_keepalive_ms,40.988567
latency,1,568,http1_python_nodelay_off_c16_keepalive_ms,42.002124
latency,1,569,http1_python_nodelay_off_c16_keepalive_ms,42.005446
latency,1,570,http1_python_nodelay_off_c16_keepalive_ms,40.972077
latency,1,571,http1_python_nodelay_off_c16_keepalive_ms,41.160800
latency,1,572,http1_python_nodelay_off_c16_keepalive_ms,40.845915
latency,1,573,http1_python_nodelay_off_c16_keepalive_ms,40.988518
latency,1,574,http1_python_nodelay_off_c16_keepalive_ms,41.030648
latency,1,575,http1_python_nodelay_off_c16_keepalive_ms,41.001028
latency,1,576,http1_python_nodelay_off_c16_keepalive_ms,40.989457
latency,1,577,http1_python_nodelay_off_c16_keepalive_ms,40.995668
latency,1,578,http1_python_nodelay_off_c16_keepalive_ms,41.015688
latency,1,579,http1_python_nodelay_off_c16_keepalive_ms,40.998377
latency,1,580,http1_python_nodelay_off_c16_keepalive_ms,40.993128
latency,1,581,http1_python_nodelay_off_c16_keepalive_ms,41.012888
latency,1,582,http1_python_nodelay_off_c16_keepalive_ms,41.977594
latency,1,583,http1_python_nodelay_off_c16_keepalive_ms,42.062846
latency,1,584,http1_python_nodelay_off_c16_keepalive_ms,41.000608
latency,1,585,http1_python_nodelay_off_c16_keepalive_ms,42.436752
latency,1,586,http1_python_nodelay_off_c16_keepalive_ms,40.906606
latency,1,587,http1_python_nodelay_off_c16_keepalive_ms,41.099859
latency,1,588,http1_python_nodelay_off_c16_keepalive_ms,41.601608
latency,1,589,http1_python_nodelay_off_c16_keepalive_ms,42.094607
latency,1,590,http1_python_nodelay_off_c16_keepalive_ms,40.885545
latency,1,591,http1_python_nodelay_off_c16_keepalive_ms,42.639816
latency,1,592,http1_python_nodelay_off_c16_keepalive_ms,41.821632
latency,1,593,http1_python_nodelay_off_c16_keepalive_ms,41.604148
latency,1,594,http1_python_nodelay_off_c16_keepalive_ms,41.960444
latency,1,595,http1_python_nodelay_off_c16_keepalive_ms,42.267479
latency,1,596,http1_python_nodelay_off_c16_keepalive_ms,41.617658
latency,1,597,http1_python_nodelay_off_c16_keepalive_ms,42.194168
latency,1,598,http1_python_nodelay_off_c16_keepalive_ms,41.039919
latency,1,599,http1_python_nodelay_off_c16_keepalive_ms,41.740590
latency,1,600,http1_python_nodelay_off_c16_keepalive_ms,41.213761
latency,1,601,http1_python_nodelay_off_c16_keepalive_ms,40.984888
latency,1,602,http1_python_nodelay_off_c16_keepalive_ms,40.890676
latency,1,603,http1_python_nodelay_off_c16_keepalive_ms,41.073848
latency,1,604,http1_python_nodelay_off_c16_keepalive_ms,40.978998
latency,1,605,http1_python_nodelay_off_c16_keepalive_ms,42.306440
latency,1,606,http1_python_nodelay_off_c16_keepalive_ms,40.923306
latency,1,607,http1_python_nodelay_off_c16_keepalive_ms,42.090406
latency,1,608,http1_python_nodelay_off_c16_keepalive_ms,43.187555
latency,1,609,http1_python_nodelay_off_c16_keepalive_ms,41.800902
latency,1,610,http1_python_nodelay_off_c16_keepalive_ms,41.929353
latency,1,611,http1_python_nodelay_off_c16_keepalive_ms,42.809249
latency,1,612,http1_python_nodelay_off_c16_keepalive_ms,41.965264
latency,1,613,http1_python_nodelay_off_c16_keepalive_ms,42.196028
latency,1,614,http1_python_nodelay_off_c16_keepalive_ms,41.641268
latency,1,615,http1_python_nodelay_off_c16_keepalive_ms,41.198231
latency,1,616,http1_python_nodelay_off_c16_keepalive_ms,40.935747
latency,1,617,http1_python_nodelay_off_c16_keepalive_ms,40.888926
latency,1,618,http1_python_nodelay_off_c16_keepalive_ms,42.246219
latency,1,619,http1_python_nodelay_off_c16_keepalive_ms,40.922366
latency,1,620,http1_python_nodelay_off_c16_keepalive_ms,40.851456
latency,1,621,http1_python_nodelay_off_c16_keepalive_ms,41.147910
latency,1,622,http1_python_nodelay_off_c16_keepalive_ms,42.119836
latency,1,623,http1_python_nodelay_off_c16_keepalive_ms,41.725950
latency,1,624,http1_python_nodelay_off_c16_keepalive_ms,43.054823
latency,1,625,http1_python_nodelay_off_c16_keepalive_ms,43.214996
latency,1,626,http1_python_nodelay_off_c16_keepalive_ms,41.251722
latency,1,627,http1_python_nodelay_off_c16_keepalive_ms,41.898573
latency,1,628,http1_python_nodelay_off_c16_keepalive_ms,41.968564
latency,1,629,http1_python_nodelay_off_c16_keepalive_ms,41.653428
latency,1,630,http1_python_nodelay_off_c16_keepalive_ms,42.298411
latency,1,631,http1_python_nodelay_off_c16_keepalive_ms,41.676019
latency,1,632,http1_python_nodelay_off_c16_keepalive_ms,43.239465
latency,1,633,http1_python_nodelay_off_c16_keepalive_ms,42.109587
latency,1,634,http1_python_nodelay_off_c16_keepalive_ms,41.655449
latency,1,635,http1_python_nodelay_off_c16_keepalive_ms,42.252559
latency,1,636,http1_python_nodelay_off_c16_keepalive_ms,42.020515
latency,1,637,http1_python_nodelay_off_c16_keepalive_ms,42.961711
latency,1,638,http1_python_nodelay_off_c16_keepalive_ms,41.946804
latency,1,639,http1_python_nodelay_off_c16_keepalive_ms,42.235218
latency,1,240,http1_python_nodelay_off_c16_keepalive_ms,43.290527
latency,1,241,http1_python_nodelay_off_c16_keepalive_ms,44.774892
latency,1,242,http1_python_nodelay_off_c16_keepalive_ms,43.199455
latency,1,243,http1_python_nodelay_off_c16_keepalive_ms,42.673776
latency,1,244,http1_python_nodelay_off_c16_keepalive_ms,44.024089
latency,1,245,http1_python_nodelay_off_c16_keepalive_ms,42.272680
latency,1,246,http1_python_nodelay_off_c16_keepalive_ms,42.729937
latency,1,247,http1_python_nodelay_off_c16_keepalive_ms,41.990905
latency,1,248,http1_python_nodelay_off_c16_keepalive_ms,41.948243
latency,1,249,http1_python_nodelay_off_c16_keepalive_ms,41.077529
latency,1,250,http1_python_nodelay_off_c16_keepalive_ms,41.093949
latency,1,251,http1_python_nodelay_off_c16_keepalive_ms,41.169991
latency,1,252,http1_python_nodelay_off_c16_keepalive_ms,41.676299
latency,1,253,http1_python_nodelay_off_c16_keepalive_ms,42.638796
latency,1,254,http1_python_nodelay_off_c16_keepalive_ms,41.595667
latency,1,255,http1_python_nodelay_off_c16_keepalive_ms,41.561858
latency,1,256,http1_python_nodelay_off_c16_keepalive_ms,41.409415
latency,1,257,http1_python_nodelay_off_c16_keepalive_ms,40.883515
latency,1,258,http1_python_nodelay_off_c16_keepalive_ms,41.030308
latency,1,259,http1_python_nodelay_off_c16_keepalive_ms,40.940547
latency,1,260,http1_python_nodelay_off_c16_keepalive_ms,40.939577
latency,1,261,http1_python_nodelay_off_c16_keepalive_ms,41.169320
latency,1,262,http1_python_nodelay_off_c16_keepalive_ms,40.833435
latency,1,263,http1_python_nodelay_off_c16_keepalive_ms,41.292223
latency,1,264,http1_python_nodelay_off_c16_keepalive_ms,40.716053
latency,1,265,http1_python_nodelay_off_c16_keepalive_ms,41.041868
latency,1,266,http1_python_nodelay_off_c16_keepalive_ms,41.027558
latency,1,267,http1_python_nodelay_off_c16_keepalive_ms,41.269822
latency,1,268,http1_python_nodelay_off_c16_keepalive_ms,40.797095
latency,1,269,http1_python_nodelay_off_c16_keepalive_ms,42.492923
latency,1,270,http1_python_nodelay_off_c16_keepalive_ms,41.304923
latency,1,271,http1_python_nodelay_off_c16_keepalive_ms,41.119659
latency,1,272,http1_python_nodelay_off_c16_keepalive_ms,42.036116
latency,1,273,http1_python_nodelay_off_c16_keepalive_ms,40.961087
latency,1,274,http1_python_nodelay_off_c16_keepalive_ms,41.263582
latency,1,275,http1_python_nodelay_off_c16_keepalive_ms,41.741970
latency,1,276,http1_python_nodelay_off_c16_keepalive_ms,41.999195
latency,1,277,http1_python_nodelay_off_c16_keepalive_ms,40.997038
latency,1,278,http1_python_nodelay_off_c16_keepalive_ms,41.035258
latency,1,279,http1_python_nodelay_off_c16_keepalive_ms,41.054659
latency,1,280,http1_python_nodelay_off_c16_keepalive_ms,41.070809
latency,1,281,http1_python_nodelay_off_c16_keepalive_ms,41.701899
latency,1,282,http1_python_nodelay_off_c16_keepalive_ms,41.101630
latency,1,283,http1_python_nodelay_off_c16_keepalive_ms,40.999107
latency,1,284,http1_python_nodelay_off_c16_keepalive_ms,40.986168
latency,1,285,http1_python_nodelay_off_c16_keepalive_ms,41.986744
latency,1,286,http1_python_nodelay_off_c16_keepalive_ms,41.016758
latency,1,287,http1_python_nodelay_off_c16_keepalive_ms,41.385795
latency,1,288,http1_python_nodelay_off_c16_keepalive_ms,42.697176
latency,1,289,http1_python_nodelay_off_c16_keepalive_ms,42.591145
latency,1,290,http1_python_nodelay_off_c16_keepalive_ms,41.785511
latency,1,291,http1_python_nodelay_off_c16_keepalive_ms,43.867417
latency,1,292,http1_python_nodelay_off_c16_keepalive_ms,41.992444
latency,1,293,http1_python_nodelay_off_c16_keepalive_ms,42.680067
latency,1,294,http1_python_nodelay_off_c16_keepalive_ms,41.117869
latency,1,295,http1_python_nodelay_off_c16_keepalive_ms,41.221871
latency,1,296,http1_python_nodelay_off_c16_keepalive_ms,41.591099
latency,1,297,http1_python_nodelay_off_c16_keepalive_ms,41.083829
latency,1,298,http1_python_nodelay_off_c16_keepalive_ms,41.021608
latency,1,299,http1_python_nodelay_off_c16_keepalive_ms,41.198221
latency,1,300,http1_python_nodelay_off_c16_keepalive_ms,41.520936
latency,1,301,http1_python_nodelay_off_c16_keepalive_ms,41.216382
latency,1,302,http1_python_nodelay_off_c16_keepalive_ms,41.200791
latency,1,303,http1_python_nodelay_off_c16_keepalive_ms,41.377014
latency,1,304,http1_python_nodelay_off_c16_keepalive_ms,42.779878
latency,1,305,http1_python_nodelay_off_c16_keepalive_ms,41.756751
latency,1,306,http1_python_nodelay_off_c16_keepalive_ms,42.489223
latency,1,307,http1_python_nodelay_off_c16_keepalive_ms,41.794741
latency,1,308,http1_python_nodelay_off_c16_keepalive_ms,42.035565
latency,1,309,http1_python_nodelay_off_c16_keepalive_ms,41.965864
latency,1,310,http1_python_nodelay_off_c16_keepalive_ms,41.621809
latency,1,311,http1_python_nodelay_off_c16_keepalive_ms,41.990034
latency,1,312,http1_python_nodelay_off_c16_keepalive_ms,42.013655
latency,1,313,http1_python_nodelay_off_c16_keepalive_ms,43.060093
latency,1,314,http1_python_nodelay_off_c16_keepalive_ms,42.338670
latency,1,315,http1_python_nodelay_off_c16_keepalive_ms,42.027535
latency,1,316,http1_python_nodelay_off_c16_keepalive_ms,41.549138
latency,1,317,http1_python_nodelay_off_c16_keepalive_ms,43.246395
latency,1,318,http1_python_nodelay_off_c16_keepalive_ms,42.741277
latency,1,319,http1_python_nodelay_off_c16_keepalive_ms,42.262129
latency,1,800,http1_python_nodelay_off_c16_keepalive_ms,43.212855
latency,1,801,http1_python_nodelay_off_c16_keepalive_ms,43.826436
latency,1,802,http1_python_nodelay_off_c16_keepalive_ms,44.163702
latency,1,803,http1_python_nodelay_off_c16_keepalive_ms,42.844579
latency,1,804,http1_python_nodelay_off_c16_keepalive_ms,42.008155
latency,1,805,http1_python_nodelay_off_c16_keepalive_ms,41.875572
latency,1,806,http1_python_nodelay_off_c16_keepalive_ms,43.010072
latency,1,807,http1_python_nodelay_off_c16_keepalive_ms,41.977584
latency,1,808,http1_python_nodelay_off_c16_keepalive_ms,41.232282
latency,1,809,http1_python_nodelay_off_c16_keepalive_ms,41.738400
latency,1,810,http1_python_nodelay_off_c16_keepalive_ms,41.451675
latency,1,811,http1_python_nodelay_off_c16_keepalive_ms,41.597288
latency,1,812,http1_python_nodelay_off_c16_keepalive_ms,41.176241
latency,1,813,http1_python_nodelay_off_c16_keepalive_ms,40.779284
latency,1,814,http1_python_nodelay_off_c16_keepalive_ms,41.348544
latency,1,815,http1_python_nodelay_off_c16_keepalive_ms,40.742913
latency,1,816,http1_python_nodelay_off_c16_keepalive_ms,41.030808
latency,1,817,http1_python_nodelay_off_c16_keepalive_ms,40.942497
latency,1,818,http1_python_nodelay_off_c16_keepalive_ms,41.244672
latency,1,819,http1_python_nodelay_off_c16_keepalive_ms,40.691632
latency,1,820,http1_python_nodelay_off_c16_keepalive_ms,40.988047
latency,1,821,http1_python_nodelay_off_c16_keepalive_ms,41.008888
latency,1,822,http1_python_nodelay_off_c16_keepalive_ms,41.225102
latency,1,823,http1_python_nodelay_off_c16_keepalive_ms,41.760971
latency,1,824,http1_python_nodelay_off_c16_keepalive_ms,42.208498
latency,1,825,http1_python_nodelay_off_c16_keepalive_ms,40.796664
latency,1,826,http1_python_nodelay_off_c16_keepalive_ms,41.029858
latency,1,827,http1_python_nodelay_off_c16_keepalive_ms,40.971428
latency,1,828,http1_python_nodelay_off_c16_keepalive_ms,42.001364
latency,1,829,http1_python_nodelay_off_c16_keepalive_ms,42.007695
latency,1,830,http1_python_nodelay_off_c16_keepalive_ms,42.208028
latency,1,831,http1_python_nodelay_off_c16_keepalive_ms,41.825992
latency,1,832,http1_python_nodelay_off_c16_keepalive_ms,42.401912
latency,1,833,http1_python_nodelay_off_c16_keepalive_ms,41.751180
latency,1,834,http1_python_nodelay_off_c16_keepalive_ms,40.806755
latency,1,835,http1_python_nodelay_off_c16_keepalive_ms,41.999424
latency,1,836,http1_python_nodelay_off_c16_keepalive_ms,42.043566
latency,1,837,http1_python_nodelay_off_c16_keepalive_ms,40.951867
latency,1,838,http1_python_nodelay_off_c16_keepalive_ms,41.080999
latency,1,839,http1_python_nodelay_off_c16_keepalive_ms,40.940156
latency,1,840,http1_python_nodelay_off_c16_keepalive_ms,41.108740
latency,1,841,http1_python_nodelay_off_c16_keepalive_ms,40.995098
latency,1,842,http1_python_nodelay_off_c16_keepalive_ms,40.932316
latency,1,843,http1_python_nodelay_off_c16_keepalive_ms,41.032878
latency,1,844,http1_python_nodelay_off_c16_keepalive_ms,41.002038
latency,1,845,http1_python_nodelay_off_c16_keepalive_ms,41.149730
latency,1,846,http1_python_nodelay_off_c16_keepalive_ms,41.889653
latency,1,847,http1_python_nodelay_off_c16_keepalive_ms,41.946514
latency,1,848,http1_python_nodelay_off_c16_keepalive_ms,43.058563
latency,1,849,http1_python_nodelay_off_c16_keepalive_ms,41.978654
latency,1,850,http1_python_nodelay_off_c16_keepalive_ms,41.994244
latency,1,851,http1_python_nodelay_off_c16_keepalive_ms,43.156545
latency,1,852,http1_python_nodelay_off_c16_keepalive_ms,41.794431
latency,1,853,http1_python_nodelay_off_c16_keepalive_ms,42.195678
latency,1,854,http1_python_nodelay_off_c16_keepalive_ms,41.812152
latency,1,855,http1_python_nodelay_off_c16_keepalive_ms,41.401824
latency,1,856,http1_python_nodelay_off_c16_keepalive_ms,41.588498
latency,1,857,http1_python_nodelay_off_c16_keepalive_ms,42.117217
latency,1,858,http1_python_nodelay_off_c16_keepalive_ms,40.840035
latency,1,859,http1_python_nodelay_off_c16_keepalive_ms,40.984197
latency,1,860,http1_python_nodelay_off_c16_keepalive_ms,41.108740
latency,1,861,http1_python_nodelay_off_c16_keepalive_ms,40.944867
latency,1,862,http1_python_nodelay_off_c16_keepalive_ms,40.947576
latency,1,863,http1_python_nodelay_off_c16_keepalive_ms,42.026465
latency,1,864,http1_python_nodelay_off_c16_keepalive_ms,43.002222
latency,1,865,http1_python_nodelay_off_c16_keepalive_ms,42.164578
latency,1,866,http1_python_nodelay_off_c16_keepalive_ms,41.912243
latency,1,867,http1_python_nodelay_off_c16_keepalive_ms,42.049396
latency,1,868,http1_python_nodelay_off_c16_keepalive_ms,41.919043
latency,1,869,http1_python_nodelay_off_c16_keepalive_ms,42.098526
latency,1,870,http1_python_nodelay_off_c16_keepalive_ms,42.398402
latency,1,871,http1_python_nodelay_off_c16_keepalive_ms,41.465196
latency,1,872,http1_python_nodelay_off_c16_keepalive_ms,41.989394
latency,1,873,http1_python_nodelay_off_c16_keepalive_ms,43.082673
latency,1,874,http1_python_nodelay_off_c16_keepalive_ms,42.045766
latency,1,875,http1_python_nodelay_off_c16_keepalive_ms,41.952804
latency,1,876,http1_python_nodelay_off_c16_keepalive_ms,41.916343
latency,1,877,http1_python_nodelay_off_c16_keepalive_ms,43.787035
latency,1,878,http1_python_nodelay_off_c16_keepalive_ms,41.247322
latency,1,879,http1_python_nodelay_off_c16_keepalive_ms,43.520531
trial,1,1280,http1_python_nodelay_off_c16_median_ms,41.292223
trial,1,1280,http1_python_nodelay_off_c16_p95_ms,43.130304
trial,1,1280,http1_python_nodelay_off_c16_requests_per_second,382.939
trial,1,1280,http1_python_nodelay_off_c16_wall_ms,3342.571
latency,2,0,http1_python_nodelay_off_c16_keepalive_ms,2.640055
latency,2,1,http1_python_nodelay_off_c16_keepalive_ms,41.056699
latency,2,2,http1_python_nodelay_off_c16_keepalive_ms,41.828582
latency,2,3,http1_python_nodelay_off_c16_keepalive_ms,41.938433
latency,2,4,http1_python_nodelay_off_c16_keepalive_ms,41.186261
latency,2,5,http1_python_nodelay_off_c16_keepalive_ms,41.023558
latency,2,6,http1_python_nodelay_off_c16_keepalive_ms,40.974088
latency,2,7,http1_python_nodelay_off_c16_keepalive_ms,41.932393
latency,2,8,http1_python_nodelay_off_c16_keepalive_ms,41.006948
latency,2,9,http1_python_nodelay_off_c16_keepalive_ms,41.059129
latency,2,10,http1_python_nodelay_off_c16_keepalive_ms,41.999054
latency,2,11,http1_python_nodelay_off_c16_keepalive_ms,42.041976
latency,2,12,http1_python_nodelay_off_c16_keepalive_ms,42.003284
latency,2,13,http1_python_nodelay_off_c16_keepalive_ms,40.972158
latency,2,14,http1_python_nodelay_off_c16_keepalive_ms,42.005345
latency,2,15,http1_python_nodelay_off_c16_keepalive_ms,40.981617
latency,2,16,http1_python_nodelay_off_c16_keepalive_ms,41.011138
latency,2,17,http1_python_nodelay_off_c16_keepalive_ms,40.938257
latency,2,18,http1_python_nodelay_off_c16_keepalive_ms,41.012798
latency,2,19,http1_python_nodelay_off_c16_keepalive_ms,42.027625
latency,2,20,http1_python_nodelay_off_c16_keepalive_ms,42.036905
latency,2,21,http1_python_nodelay_off_c16_keepalive_ms,42.135337
latency,2,22,http1_python_nodelay_off_c16_keepalive_ms,42.566215
latency,2,23,http1_python_nodelay_off_c16_keepalive_ms,41.171760
latency,2,24,http1_python_nodelay_off_c16_keepalive_ms,40.994698
latency,2,25,http1_python_nodelay_off_c16_keepalive_ms,40.999448
latency,2,26,http1_python_nodelay_off_c16_keepalive_ms,41.286522
latency,2,27,http1_python_nodelay_off_c16_keepalive_ms,40.711983
latency,2,28,http1_python_nodelay_off_c16_keepalive_ms,41.004668
latency,2,29,http1_python_nodelay_off_c16_keepalive_ms,41.265082
latency,2,30,http1_python_nodelay_off_c16_keepalive_ms,40.739893
latency,2,31,http1_python_nodelay_off_c16_keepalive_ms,40.999168
latency,2,32,http1_python_nodelay_off_c16_keepalive_ms,41.020978
latency,2,33,http1_python_nodelay_off_c16_keepalive_ms,41.223032
latency,2,34,http1_python_nodelay_off_c16_keepalive_ms,40.759933
latency,2,35,http1_python_nodelay_off_c16_keepalive_ms,42.935041
latency,2,36,http1_python_nodelay_off_c16_keepalive_ms,41.347554
latency,2,37,http1_python_nodelay_off_c16_keepalive_ms,41.691979
latency,2,38,http1_python_nodelay_off_c16_keepalive_ms,41.257462
latency,2,39,http1_python_nodelay_off_c16_keepalive_ms,41.690570
latency,2,40,http1_python_nodelay_off_c16_keepalive_ms,41.985284
latency,2,41,http1_python_nodelay_off_c16_keepalive_ms,41.158050
latency,2,42,http1_python_nodelay_off_c16_keepalive_ms,41.290393
latency,2,43,http1_python_nodelay_off_c16_keepalive_ms,40.675012
latency,2,44,http1_python_nodelay_off_c16_keepalive_ms,41.473786
latency,2,45,http1_python_nodelay_off_c16_keepalive_ms,40.785874
latency,2,46,http1_python_nodelay_off_c16_keepalive_ms,40.785674
latency,2,47,http1_python_nodelay_off_c16_keepalive_ms,40.931237
latency,2,48,http1_python_nodelay_off_c16_keepalive_ms,41.527787
latency,2,49,http1_python_nodelay_off_c16_keepalive_ms,40.801714
latency,2,50,http1_python_nodelay_off_c16_keepalive_ms,42.162687
latency,2,51,http1_python_nodelay_off_c16_keepalive_ms,40.725793
latency,2,52,http1_python_nodelay_off_c16_keepalive_ms,41.788172
latency,2,53,http1_python_nodelay_off_c16_keepalive_ms,41.002897
latency,2,54,http1_python_nodelay_off_c16_keepalive_ms,40.933027
latency,2,55,http1_python_nodelay_off_c16_keepalive_ms,40.995068
latency,2,56,http1_python_nodelay_off_c16_keepalive_ms,41.002978
latency,2,57,http1_python_nodelay_off_c16_keepalive_ms,41.336063
latency,2,58,http1_python_nodelay_off_c16_keepalive_ms,40.715183
latency,2,59,http1_python_nodelay_off_c16_keepalive_ms,40.938187
latency,2,60,http1_python_nodelay_off_c16_keepalive_ms,41.003577
latency,2,61,http1_python_nodelay_off_c16_keepalive_ms,42.522344
latency,2,62,http1_python_nodelay_off_c16_keepalive_ms,41.568397
latency,2,63,http1_python_nodelay_off_c16_keepalive_ms,41.992715
latency,2,64,http1_python_nodelay_off_c16_keepalive_ms,42.000975
latency,2,65,http1_python_nodelay_off_c16_keepalive_ms,41.014857
latency,2,66,http1_python_nodelay_off_c16_keepalive_ms,41.127991
latency,2,67,http1_python_nodelay_off_c16_keepalive_ms,40.820454
latency,2,68,http1_python_nodelay_off_c16_keepalive_ms,43.069803
latency,2,69,http1_python_nodelay_off_c16_keepalive_ms,41.977625
latency,2,70,http1_python_nodelay_off_c16_keepalive_ms,41.054568
latency,2,71,http1_python_nodelay_off_c16_keepalive_ms,40.969927
latency,2,72,http1_python_nodelay_off_c16_keepalive_ms,41.056879
latency,2,73,http1_python_nodelay_off_c16_keepalive_ms,40.973538
latency,2,74,http1_python_nodelay_off_c16_keepalive_ms,41.005987
latency,2,75,http1_python_nodelay_off_c16_keepalive_ms,42.000215
latency,2,76,http1_python_nodelay_off_c16_keepalive_ms,40.997168
latency,2,77,http1_python_nodelay_off_c16_keepalive_ms,40.869965
latency,2,78,http1_python_nodelay_off_c16_keepalive_ms,41.135250
latency,2,79,http1_python_nodelay_off_c16_keepalive_ms,42.005075
latency,2,480,http1_python_nodelay_off_c16_keepalive_ms,43.354078
latency,2,481,http1_python_nodelay_off_c16_keepalive_ms,44.214203
latency,2,482,http1_python_nodelay_off_c16_keepalive_ms,44.038739
latency,2,483,http1_python_nodelay_off_c16_keepalive_ms,42.065496
latency,2,484,http1_python_nodelay_off_c16_keepalive_ms,41.050898
latency,2,485,http1_python_nodelay_off_c16_keepalive_ms,40.998878
latency,2,486,http1_python_nodelay_off_c16_keepalive_ms,40.927617
latency,2,487,http1_python_nodelay_off_c16_keepalive_ms,41.052158
latency,2,488,http1_python_nodelay_off_c16_keepalive_ms,41.005248
latency,2,489,http1_python_nodelay_off_c16_keepalive_ms,41.987475
latency,2,490,http1_python_nodelay_off_c16_keepalive_ms,42.001674
latency,2,491,http1_python_nodelay_off_c16_keepalive_ms,42.195118
latency,2,492,http1_python_nodelay_off_c16_keepalive_ms,40.656342
latency,2,493,http1_python_nodelay_off_c16_keepalive_ms,41.247632
latency,2,494,http1_python_nodelay_off_c16_keepalive_ms,40.753354
latency,2,495,http1_python_nodelay_off_c16_keepalive_ms,41.326183
latency,2,496,http1_python_nodelay_off_c16_keepalive_ms,40.679472
latency,2,497,http1_python_nodelay_off_c16_keepalive_ms,41.061599
latency,2,498,http1_python_nodelay_off_c16_keepalive_ms,40.925356
latency,2,499,http1_python_nodelay_off_c16_keepalive_ms,42.081466
latency,2,500,http1_python_nodelay_off_c16_keepalive_ms,42.003425
latency,2,501,http1_python_nodelay_off_c16_keepalive_ms,41.988525
latency,2,502,http1_python_nodelay_off_c16_keepalive_ms,40.992467
latency,2,503,http1_python_nodelay_off_c16_keepalive_ms,40.998398
latency,2,504,http1_python_nodelay_off_c16_keepalive_ms,40.996508
latency,2,505,http1_python_nodelay_off_c16_keepalive_ms,41.001528
latency,2,506,http1_python_nodelay_off_c16_keepalive_ms,40.993277
latency,2,507,http1_python_nodelay_off_c16_keepalive_ms,41.001268
latency,2,508,http1_python_nodelay_off_c16_keepalive_ms,40.938227
latency,2,509,http1_python_nodelay_off_c16_keepalive_ms,41.068368
latency,2,510,http1_python_nodelay_off_c16_keepalive_ms,40.994098
latency,2,511,http1_python_nodelay_off_c16_keepalive_ms,40.999278
latency,2,512,http1_python_nodelay_off_c16_keepalive_ms,40.951217
latency,2,513,http1_python_nodelay_off_c16_keepalive_ms,41.050398
latency,2,514,http1_python_nodelay_off_c16_keepalive_ms,41.247992
latency,2,515,http1_python_nodelay_off_c16_keepalive_ms,41.706140
latency,2,516,http1_python_nodelay_off_c16_keepalive_ms,41.258542
latency,2,517,http1_python_nodelay_off_c16_keepalive_ms,41.821192
latency,2,518,http1_python_nodelay_off_c16_keepalive_ms,41.857722
latency,2,519,http1_python_nodelay_off_c16_keepalive_ms,42.044996
latency,2,520,http1_python_nodelay_off_c16_keepalive_ms,41.152650
latency,2,521,http1_python_nodelay_off_c16_keepalive_ms,40.890206
latency,2,522,http1_python_nodelay_off_c16_keepalive_ms,41.119000
latency,2,523,http1_python_nodelay_off_c16_keepalive_ms,40.880175
latency,2,524,http1_python_nodelay_off_c16_keepalive_ms,41.000648
latency,2,525,http1_python_nodelay_off_c16_keepalive_ms,41.122110
latency,2,526,http1_python_nodelay_off_c16_keepalive_ms,40.972167
latency,2,527,http1_python_nodelay_off_c16_keepalive_ms,40.951647
latency,2,528,http1_python_nodelay_off_c16_keepalive_ms,40.957477
latency,2,529,http1_python_nodelay_off_c16_keepalive_ms,42.038055
latency,2,530,http1_python_nodelay_off_c16_keepalive_ms,41.147770
latency,2,531,http1_python_nodelay_off_c16_keepalive_ms,41.771412
latency,2,532,http1_python_nodelay_off_c16_keepalive_ms,41.942613
latency,2,533,http1_python_nodelay_off_c16_keepalive_ms,41.227592
latency,2,534,http1_python_nodelay_off_c16_keepalive_ms,41.040838
latency,2,535,http1_python_nodelay_off_c16_keepalive_ms,40.950457
latency,2,536,http1_python_nodelay_off_c16_keepalive_ms,41.458786
latency,2,537,http1_python_nodelay_off_c16_keepalive_ms,40.556970
latency,2,538,http1_python_nodelay_off_c16_keepalive_ms,41.227122
latency,2,539,http1_python_nodelay_off_c16_keepalive_ms,40.626121
latency,2,540,http1_python_nodelay_off_c16_keepalive_ms,41.512786
latency,2,541,http1_python_nodelay_off_c16_keepalive_ms,41.572588
latency,2,542,http1_python_nodelay_off_c16_keepalive_ms,41.988294
latency,2,543,http1_python_nodelay_off_c16_keepalive_ms,42.001295
latency,2,544,http1_python_nodelay_off_c16_keepalive_ms,41.014398
latency,2,545,http1_python_nodelay_off_c16_keepalive_ms,41.088989
latency,2,546,http1_python_nodelay_off_c16_keepalive_ms,43.111224
latency,2,547,http1_python_nodelay_off_c16_keepalive_ms,40.776994
latency,2,548,http1_python_nodelay_off_c16_keepalive_ms,42.018735
latency,2,549,http1_python_nodelay_off_c16_keepalive_ms,41.012868
latency,2,550,http1_python_nodelay_off_c16_keepalive_ms,40.971687
latency,2,551,http1_python_nodelay_off_c16_keepalive_ms,41.053519
latency,2,552,http1_python_nodelay_off_c16_keepalive_ms,40.972897
latency,2,553,http1_python_nodelay_off_c16_keepalive_ms,41.005498
latency,2,554,http1_python_nodelay_off_c16_keepalive_ms,42.000734
latency,2,555,http1_python_nodelay_off_c16_keepalive_ms,40.996978
latency,2,556,http1_python_nodelay_off_c16_keepalive_ms,41.270513
latency,2,557,http1_python_nodelay_off_c16_keepalive_ms,40.734913
latency,2,558,http1_python_nodelay_off_c16_keepalive_ms,42.004945
latency,2,559,http1_python_nodelay_off_c16_keepalive_ms,42.794078
latency,2,240,http1_python_nodelay_off_c16_keepalive_ms,43.500440
latency,2,241,http1_python_nodelay_off_c16_keepalive_ms,45.887511
latency,2,242,http1_python_nodelay_off_c16_keepalive_ms,42.115117
latency,2,243,http1_python_nodelay_off_c16_keepalive_ms,42.151167
latency,2,244,http1_python_nodelay_off_c16_keepalive_ms,40.776494
latency,2,245,http1_python_nodelay_off_c16_keepalive_ms,41.033598
latency,2,246,http1_python_nodelay_off_c16_keepalive_ms,40.933247
latency,2,247,http1_python_nodelay_off_c16_keepalive_ms,41.058618
latency,2,248,http1_python_nodelay_off_c16_keepalive_ms,40.953447
latency,2,249,http1_python_nodelay_off_c16_keepalive_ms,42.038716
latency,2,250,http1_python_nodelay_off_c16_keepalive_ms,41.955234
latency,2,251,http1_python_nodelay_off_c16_keepalive_ms,42.004624
latency,2,252,http1_python_nodelay_off_c16_keepalive_ms,41.140540
latency,2,253,http1_python_nodelay_off_c16_keepalive_ms,40.861436
latency,2,254,http1_python_nodelay_off_c16_keepalive_ms,41.267692
latency,2,255,http1_python_nodelay_off_c16_keepalive_ms,40.741113
latency,2,256,http1_python_nodelay_off_c16_keepalive_ms,41.144491
latency,2,257,http1_python_nodelay_off_c16_keepalive_ms,40.889416
latency,2,258,http1_python_nodelay_off_c16_keepalive_ms,41.211761
latency,2,259,http1_python_nodelay_off_c16_keepalive_ms,41.731000
latency,2,260,http1_python_nodelay_off_c16_keepalive_ms,42.001055
latency,2,261,http1_python_nodelay_off_c16_keepalive_ms,42.050265
latency,2,262,http1_python_nodelay_off_c16_keepalive_ms,40.946237
latency,2,263,http1_python_nodelay_off_c16_keepalive_ms,41.045779
latency,2,264,http1_python_nodelay_off_c16_keepalive_ms,40.951787
latency,2,265,http1_python_nodelay_off_c16_keepalive_ms,41.048508
latency,2,266,http1_python_nodelay_off_c16_keepalive_ms,40.948647
latency,2,267,http1_python_nodelay_off_c16_keepalive_ms,41.046169
latency,2,268,http1_python_nodelay_off_c16_keepalive_ms,41.233821
latency,2,269,http1_python_nodelay_off_c16_keepalive_ms,40.773294
latency,2,270,http1_python_nodelay_off_c16_keepalive_ms,40.947977
latency,2,271,http1_python_nodelay_off_c16_keepalive_ms,41.046068
latency,2,272,http1_python_nodelay_off_c16_keepalive_ms,41.237272
latency,2,273,http1_python_nodelay_off_c16_keepalive_ms,40.764434
latency,2,274,http1_python_nodelay_off_c16_keepalive_ms,41.103029
latency,2,275,http1_python_nodelay_off_c16_keepalive_ms,42.178068
latency,2,276,http1_python_nodelay_off_c16_keepalive_ms,40.857175
latency,2,277,http1_python_nodelay_off_c16_keepalive_ms,42.006915
latency,2,278,http1_python_nodelay_off_c16_keepalive_ms,41.887043
latency,2,279,http1_python_nodelay_off_c16_keepalive_ms,41.930564
latency,2,280,http1_python_nodelay_off_c16_keepalive_ms,41.003677
latency,2,281,http1_python_nodelay_off_c16_keepalive_ms,41.173201
latency,2,282,http1_python_nodelay_off_c16_keepalive_ms,41.116090
latency,2,283,http1_python_nodelay_off_c16_keepalive_ms,41.005547
latency,2,284,http1_python_nodelay_off_c16_keepalive_ms,41.193442
latency,2,285,http1_python_nodelay_off_c16_keepalive_ms,40.563760
latency,2,286,http1_python_nodelay_off_c16_keepalive_ms,41.341253
latency,2,287,http1_python_nodelay_off_c16_keepalive_ms,40.617552
latency,2,288,http1_python_nodelay_off_c16_keepalive_ms,41.406354
latency,2,289,http1_python_nodelay_off_c16_keepalive_ms,41.590088
latency,2,290,http1_python_nodelay_off_c16_keepalive_ms,41.145810
latency,2,291,http1_python_nodelay_off_c16_keepalive_ms,41.875253
latency,2,292,http1_python_nodelay_off_c16_keepalive_ms,41.999825
latency,2,293,http1_python_nodelay_off_c16_keepalive_ms,40.977797
latency,2,294,http1_python_nodelay_off_c16_keepalive_ms,41.044769
latency,2,295,http1_python_nodelay_off_c16_keepalive_ms,40.951626
latency,2,296,http1_python_nodelay_off_c16_keepalive_ms,41.327814
latency,2,297,http1_python_nodelay_off_c16_keepalive_ms,41.039638
latency,2,298,http1_python_nodelay_off_c16_keepalive_ms,40.661772
latency,2,299,http1_python_nodelay_off_c16_keepalive_ms,41.263682
latency,2,300,http1_python_nodelay_off_c16_keepalive_ms,41.198831
latency,2,301,http1_python_nodelay_off_c16_keepalive_ms,41.489977
latency,2,302,http1_python_nodelay_off_c16_keepalive_ms,42.072085
latency,2,303,http1_python_nodelay_off_c16_keepalive_ms,41.930944
latency,2,304,http1_python_nodelay_off_c16_keepalive_ms,41.082559
latency,2,305,http1_python_nodelay_off_c16_keepalive_ms,40.994708
latency,2,306,http1_python_nodelay_off_c16_keepalive_ms,40.972217
latency,2,307,http1_python_nodelay_off_c16_keepalive_ms,43.026772
latency,2,308,http1_python_nodelay_off_c16_keepalive_ms,41.992455
latency,2,309,http1_python_nodelay_off_c16_keepalive_ms,40.991728
latency,2,310,http1_python_nodelay_off_c16_keepalive_ms,40.946436
latency,2,311,http1_python_nodelay_off_c16_keepalive_ms,41.062449
latency,2,312,http1_python_nodelay_off_c16_keepalive_ms,40.937077
latency,2,313,http1_python_nodelay_off_c16_keepalive_ms,41.048908
latency,2,314,http1_python_nodelay_off_c16_keepalive_ms,41.947834
latency,2,315,http1_python_nodelay_off_c16_keepalive_ms,41.053309
latency,2,316,http1_python_nodelay_off_c16_keepalive_ms,41.117080
latency,2,317,http1_python_nodelay_off_c16_keepalive_ms,40.878595
latency,2,318,http1_python_nodelay_off_c16_keepalive_ms,41.963654
latency,2,319,http1_python_nodelay_off_c16_keepalive_ms,43.431040
latency,2,1200,http1_python_nodelay_off_c16_keepalive_ms,42.699677
latency,2,1201,http1_python_nodelay_off_c16_keepalive_ms,43.322257
latency,2,1202,http1_python_nodelay_off_c16_keepalive_ms,41.549307
latency,2,1203,http1_python_nodelay_off_c16_keepalive_ms,41.173800
latency,2,1204,http1_python_nodelay_off_c16_keepalive_ms,40.978148
latency,2,1205,http1_python_nodelay_off_c16_keepalive_ms,41.021318
latency,2,1206,http1_python_nodelay_off_c16_keepalive_ms,41.885873
latency,2,1207,http1_python_nodelay_off_c16_keepalive_ms,41.491706
latency,2,1208,http1_python_nodelay_off_c16_keepalive_ms,40.572850
latency,2,1209,http1_python_nodelay_off_c16_keepalive_ms,42.046366
latency,2,1210,http1_python_nodelay_off_c16_keepalive_ms,41.990724
latency,2,1211,http1_python_nodelay_off_c16_keepalive_ms,41.966494
latency,2,1212,http1_python_nodelay_off_c16_keepalive_ms,41.013319
latency,2,1213,http1_python_nodelay_off_c16_keepalive_ms,42.054535
latency,2,1214,http1_python_nodelay_off_c16_keepalive_ms,40.932987
latency,2,1215,http1_python_nodelay_off_c16_keepalive_ms,41.057478
latency,2,1216,http1_python_nodelay_off_c16_keepalive_ms,40.891296
latency,2,1217,http1_python_nodelay_off_c16_keepalive_ms,41.536937
latency,2,1218,http1_python_nodelay_off_c16_keepalive_ms,41.504846
latency,2,1219,http1_python_nodelay_off_c16_keepalive_ms,42.038956
latency,2,1220,http1_python_nodelay_off_c16_keepalive_ms,42.100866
latency,2,1221,http1_python_nodelay_off_c16_keepalive_ms,41.931544
latency,2,1222,http1_python_nodelay_off_c16_keepalive_ms,41.889433
latency,2,1223,http1_python_nodelay_off_c16_keepalive_ms,40.993197
latency,2,1224,http1_python_nodelay_off_c16_keepalive_ms,40.998728
latency,2,1225,http1_python_nodelay_off_c16_keepalive_ms,40.937117
latency,2,1226,http1_python_nodelay_off_c16_keepalive_ms,41.064208
latency,2,1227,http1_python_nodelay_off_c16_keepalive_ms,41.001968
latency,2,1228,http1_python_nodelay_off_c16_keepalive_ms,40.936937
latency,2,1229,http1_python_nodelay_off_c16_keepalive_ms,41.067549
latency,2,1230,http1_python_nodelay_off_c16_keepalive_ms,41.000278
latency,2,1231,http1_python_nodelay_off_c16_keepalive_ms,41.021258
latency,2,1232,http1_python_nodelay_off_c16_keepalive_ms,40.907246
latency,2,1233,http1_python_nodelay_off_c16_keepalive_ms,41.074719
latency,2,1234,http1_python_nodelay_off_c16_keepalive_ms,42.059666
latency,2,1235,http1_python_nodelay_off_c16_keepalive_ms,41.842231
latency,2,1236,http1_python_nodelay_off_c16_keepalive_ms,41.245002
latency,2,1237,http1_python_nodelay_off_c16_keepalive_ms,41.754121
latency,2,1238,http1_python_nodelay_off_c16_keepalive_ms,42.051476
latency,2,1239,http1_python_nodelay_off_c16_keepalive_ms,41.114469
latency,2,1240,http1_python_nodelay_off_c16_keepalive_ms,40.917376
latency,2,1241,http1_python_nodelay_off_c16_keepalive_ms,40.933007
latency,2,1242,http1_python_nodelay_off_c16_keepalive_ms,41.350384
latency,2,1243,http1_python_nodelay_off_c16_keepalive_ms,40.656842
latency,2,1244,http1_python_nodelay_off_c16_keepalive_ms,41.327793
latency,2,1245,http1_python_nodelay_off_c16_keepalive_ms,40.753374
latency,2,1246,http1_python_nodelay_off_c16_keepalive_ms,41.241041
latency,2,1247,http1_python_nodelay_off_c16_keepalive_ms,40.682053
latency,2,1248,http1_python_nodelay_off_c16_keepalive_ms,41.331533
latency,2,1249,http1_python_nodelay_off_c16_keepalive_ms,41.657069
latency,2,1250,http1_python_nodelay_off_c16_keepalive_ms,43.028172
latency,2,1251,http1_python_nodelay_off_c16_keepalive_ms,41.248292
latency,2,1252,http1_python_nodelay_off_c16_keepalive_ms,41.717750
latency,2,1253,http1_python_nodelay_off_c16_keepalive_ms,41.194361
latency,2,1254,http1_python_nodelay_off_c16_keepalive_ms,40.996128
latency,2,1255,http1_python_nodelay_off_c16_keepalive_ms,40.999008
latency,2,1256,http1_python_nodelay_off_c16_keepalive_ms,40.848915
latency,2,1257,http1_python_nodelay_off_c16_keepalive_ms,41.120429
latency,2,1258,http1_python_nodelay_off_c16_keepalive_ms,41.834813
latency,2,1259,http1_python_nodelay_off_c16_keepalive_ms,41.044608
latency,2,1260,http1_python_nodelay_off_c16_keepalive_ms,42.058295
latency,2,1261,http1_python_nodelay_off_c16_keepalive_ms,42.004665
latency,2,1262,http1_python_nodelay_off_c16_keepalive_ms,41.994865
latency,2,1263,http1_python_nodelay_off_c16_keepalive_ms,41.999745
latency,2,1264,http1_python_nodelay_off_c16_keepalive_ms,41.016438
latency,2,1265,http1_python_nodelay_off_c16_keepalive_ms,40.987598
latency,2,1266,http1_python_nodelay_off_c16_keepalive_ms,42.841838
latency,2,1267,http1_python_nodelay_off_c16_keepalive_ms,41.133330
latency,2,1268,http1_python_nodelay_off_c16_keepalive_ms,41.062869
latency,2,1269,http1_python_nodelay_off_c16_keepalive_ms,43.980259
latency,2,1270,http1_python_nodelay_off_c16_keepalive_ms,44.939185
latency,2,1271,http1_python_nodelay_off_c16_keepalive_ms,44.950605
latency,2,1272,http1_python_nodelay_off_c16_keepalive_ms,41.150490
latency,2,1273,http1_python_nodelay_off_c16_keepalive_ms,40.967287
latency,2,1274,http1_python_nodelay_off_c16_keepalive_ms,41.010588
latency,2,1275,http1_python_nodelay_off_c16_keepalive_ms,41.128070
latency,2,1276,http1_python_nodelay_off_c16_keepalive_ms,40.870195
latency,2,1277,http1_python_nodelay_off_c16_keepalive_ms,41.001358
latency,2,1278,http1_python_nodelay_off_c16_keepalive_ms,41.367914
latency,2,1279,http1_python_nodelay_off_c16_keepalive_ms,40.584330
latency,2,80,http1_python_nodelay_off_c16_keepalive_ms,42.620696
latency,2,81,http1_python_nodelay_off_c16_keepalive_ms,45.183589
latency,2,82,http1_python_nodelay_off_c16_keepalive_ms,43.888626
latency,2,83,http1_python_nodelay_off_c16_keepalive_ms,42.019455
latency,2,84,http1_python_nodelay_off_c16_keepalive_ms,40.996558
latency,2,85,http1_python_nodelay_off_c16_keepalive_ms,40.985798
latency,2,86,http1_python_nodelay_off_c16_keepalive_ms,41.006277
latency,2,87,http1_python_nodelay_off_c16_keepalive_ms,40.985258
latency,2,88,http1_python_nodelay_off_c16_keepalive_ms,41.004157
latency,2,89,http1_python_nodelay_off_c16_keepalive_ms,41.986705
latency,2,90,http1_python_nodelay_off_c16_keepalive_ms,42.003225
latency,2,91,http1_python_nodelay_off_c16_keepalive_ms,40.893966
latency,2,92,http1_python_nodelay_off_c16_keepalive_ms,41.000428
latency,2,93,http1_python_nodelay_off_c16_keepalive_ms,40.973867
latency,2,94,http1_python_nodelay_off_c16_keepalive_ms,40.988177
latency,2,95,http1_python_nodelay_off_c16_keepalive_ms,41.007038
latency,2,96,http1_python_nodelay_off_c16_keepalive_ms,41.005778
latency,2,97,http1_python_nodelay_off_c16_keepalive_ms,41.009828
latency,2,98,http1_python_nodelay_off_c16_keepalive_ms,41.004008
latency,2,99,http1_python_nodelay_off_c16_keepalive_ms,41.755390
latency,2,100,http1_python_nodelay_off_c16_keepalive_ms,42.373961
latency,2,101,http1_python_nodelay_off_c16_keepalive_ms,41.095450
latency,2,102,http1_python_nodelay_off_c16_keepalive_ms,41.034988
latency,2,103,http1_python_nodelay_off_c16_keepalive_ms,40.809635
latency,2,104,http1_python_nodelay_off_c16_keepalive_ms,40.969237
latency,2,105,http1_python_nodelay_off_c16_keepalive_ms,40.973027
latency,2,106,http1_python_nodelay_off_c16_keepalive_ms,41.037698
latency,2,107,http1_python_nodelay_off_c16_keepalive_ms,41.021438
latency,2,108,http1_python_nodelay_off_c16_keepalive_ms,41.213712
latency,2,109,http1_python_nodelay_off_c16_keepalive_ms,40.784544
latency,2,110,http1_python_nodelay_off_c16_keepalive_ms,40.975547
latency,2,111,http1_python_nodelay_off_c16_keepalive_ms,41.046969
latency,2,112,http1_python_nodelay_off_c16_keepalive_ms,41.009317
latency,2,113,http1_python_nodelay_off_c16_keepalive_ms,40.894267
latency,2,114,http1_python_nodelay_off_c16_keepalive_ms,43.198835
latency,2,115,http1_python_nodelay_off_c16_keepalive_ms,40.924886
latency,2,116,http1_python_nodelay_off_c16_keepalive_ms,40.868765
latency,2,117,http1_python_nodelay_off_c16_keepalive_ms,41.000208
latency,2,118,http1_python_nodelay_off_c16_keepalive_ms,41.004428
latency,2,119,http1_python_nodelay_off_c16_keepalive_ms,41.080969
latency,2,120,http1_python_nodelay_off_c16_keepalive_ms,40.935087
latency,2,121,http1_python_nodelay_off_c16_keepalive_ms,40.993607
latency,2,122,http1_python_nodelay_off_c16_keepalive_ms,40.986368
latency,2,123,http1_python_nodelay_off_c16_keepalive_ms,41.000578
latency,2,124,http1_python_nodelay_off_c16_keepalive_ms,41.030778
latency,2,125,http1_python_nodelay_off_c16_keepalive_ms,40.985367
latency,2,126,http1_python_nodelay_off_c16_keepalive_ms,40.980838
latency,2,127,http1_python_nodelay_off_c16_keepalive_ms,41.004818
latency,2,128,http1_python_nodelay_off_c16_keepalive_ms,40.988277
latency,2,129,http1_python_nodelay_off_c16_keepalive_ms,42.023495
latency,2,130,http1_python_nodelay_off_c16_keepalive_ms,41.998695
latency,2,131,http1_python_nodelay_off_c16_keepalive_ms,41.998125
latency,2,132,http1_python_nodelay_off_c16_keepalive_ms,41.003967
latency,2,133,http1_python_nodelay_off_c16_keepalive_ms,41.026608
latency,2,134,http1_python_nodelay_off_c16_keepalive_ms,41.970295
latency,2,135,http1_python_nodelay_off_c16_keepalive_ms,41.976974
latency,2,136,http1_python_nodelay_off_c16_keepalive_ms,42.018605
latency,2,137,http1_python_nodelay_off_c16_keepalive_ms,42.117177
latency,2,138,http1_python_nodelay_off_c16_keepalive_ms,41.946434
latency,2,139,http1_python_nodelay_off_c16_keepalive_ms,41.107549
latency,2,140,http1_python_nodelay_off_c16_keepalive_ms,41.791471
latency,2,141,http1_python_nodelay_off_c16_keepalive_ms,42.101157
latency,2,142,http1_python_nodelay_off_c16_keepalive_ms,42.034445
latency,2,143,http1_python_nodelay_off_c16_keepalive_ms,41.961894
latency,2,144,http1_python_nodelay_off_c16_keepalive_ms,41.055119
latency,2,145,http1_python_nodelay_off_c16_keepalive_ms,40.948447
latency,2,146,http1_python_nodelay_off_c16_keepalive_ms,42.973881
latency,2,147,http1_python_nodelay_off_c16_keepalive_ms,41.066449
latency,2,148,http1_python_nodelay_off_c16_keepalive_ms,40.976777
latency,2,149,http1_python_nodelay_off_c16_keepalive_ms,44.000709
latency,2,150,http1_python_nodelay_off_c16_keepalive_ms,44.935715
latency,2,151,http1_python_nodelay_off_c16_keepalive_ms,44.914965
latency,2,152,http1_python_nodelay_off_c16_keepalive_ms,41.236521
latency,2,153,http1_python_nodelay_off_c16_keepalive_ms,40.965817
latency,2,154,http1_python_nodelay_off_c16_keepalive_ms,41.010348
latency,2,155,http1_python_nodelay_off_c16_keepalive_ms,41.129200
latency,2,156,http1_python_nodelay_off_c16_keepalive_ms,40.868265
latency,2,157,http1_python_nodelay_off_c16_keepalive_ms,41.002839
latency,2,158,http1_python_nodelay_off_c16_keepalive_ms,40.924366
latency,2,159,http1_python_nodelay_off_c16_keepalive_ms,41.038408
latency,2,400,http1_python_nodelay_off_c16_keepalive_ms,42.560554
latency,2,401,http1_python_nodelay_off_c16_keepalive_ms,45.266820
latency,2,402,http1_python_nodelay_off_c16_keepalive_ms,43.781165
latency,2,403,http1_python_nodelay_off_c16_keepalive_ms,43.005392
latency,2,404,http1_python_nodelay_off_c16_keepalive_ms,41.928994
latency,2,405,http1_python_nodelay_off_c16_keepalive_ms,42.063475
latency,2,406,http1_python_nodelay_off_c16_keepalive_ms,43.374949
latency,2,407,http1_python_nodelay_off_c16_keepalive_ms,41.720690
latency,2,408,http1_python_nodelay_off_c16_keepalive_ms,41.838692
latency,2,409,http1_python_nodelay_off_c16_keepalive_ms,42.051165
latency,2,410,http1_python_nodelay_off_c16_keepalive_ms,41.861012
latency,2,411,http1_python_nodelay_off_c16_keepalive_ms,41.000158
latency,2,412,http1_python_nodelay_off_c16_keepalive_ms,41.010358
latency,2,413,http1_python_nodelay_off_c16_keepalive_ms,41.280763
latency,2,414,http1_python_nodelay_off_c16_keepalive_ms,40.747233
latency,2,415,http1_python_nodelay_off_c16_keepalive_ms,41.259072
latency,2,416,http1_python_nodelay_off_c16_keepalive_ms,40.742374
latency,2,417,http1_python_nodelay_off_c16_keepalive_ms,40.969207
latency,2,418,http1_python_nodelay_off_c16_keepalive_ms,40.997278
latency,2,419,http1_python_nodelay_off_c16_keepalive_ms,41.369293
latency,2,420,http1_python_nodelay_off_c16_keepalive_ms,41.928944
latency,2,421,http1_python_nodelay_off_c16_keepalive_ms,40.702893
latency,2,422,http1_python_nodelay_off_c16_keepalive_ms,41.074499
latency,2,423,http1_python_nodelay_off_c16_keepalive_ms,40.918826
latency,2,424,http1_python_nodelay_off_c16_keepalive_ms,41.038749
latency,2,425,http1_python_nodelay_off_c16_keepalive_ms,41.015167
latency,2,426,http1_python_nodelay_off_c16_keepalive_ms,41.003248
latency,2,427,http1_python_nodelay_off_c16_keepalive_ms,40.937007
latency,2,428,http1_python_nodelay_off_c16_keepalive_ms,41.044828
latency,2,429,http1_python_nodelay_off_c16_keepalive_ms,40.957317
latency,2,430,http1_python_nodelay_off_c16_keepalive_ms,41.043529
latency,2,431,http1_python_nodelay_off_c16_keepalive_ms,40.958357
latency,2,432,http1_python_nodelay_off_c16_keepalive_ms,41.046538
latency,2,433,http1_python_nodelay_off_c16_keepalive_ms,40.951857
latency,2,434,http1_python_nodelay_off_c16_keepalive_ms,42.031375
latency,2,435,http1_python_nodelay_off_c16_keepalive_ms,41.118960
latency,2,436,http1_python_nodelay_off_c16_keepalive_ms,41.932234
latency,2,437,http1_python_nodelay_off_c16_keepalive_ms,40.942216
latency,2,438,http1_python_nodelay_off_c16_keepalive_ms,41.066120
latency,2,439,http1_python_nodelay_off_c16_keepalive_ms,40.945386
latency,2,440,http1_python_nodelay_off_c16_keepalive_ms,41.019928
latency,2,441,http1_python_nodelay_off_c16_keepalive_ms,40.949117
latency,2,442,http1_python_nodelay_off_c16_keepalive_ms,41.005508
latency,2,443,http1_python_nodelay_off_c16_keepalive_ms,41.251502
latency,2,444,http1_python_nodelay_off_c16_keepalive_ms,40.742033
latency,2,445,http1_python_nodelay_off_c16_keepalive_ms,40.994088
latency,2,446,http1_python_nodelay_off_c16_keepalive_ms,41.012018
latency,2,447,http1_python_nodelay_off_c16_keepalive_ms,41.239481
latency,2,448,http1_python_nodelay_off_c16_keepalive_ms,40.796025
latency,2,449,http1_python_nodelay_off_c16_keepalive_ms,42.430462
latency,2,450,http1_python_nodelay_off_c16_keepalive_ms,41.524486
latency,2,451,http1_python_nodelay_off_c16_keepalive_ms,42.114727
latency,2,452,http1_python_nodelay_off_c16_keepalive_ms,41.968745
latency,2,453,http1_python_nodelay_off_c16_keepalive_ms,41.034668
latency,2,454,http1_python_nodelay_off_c16_keepalive_ms,40.960037
latency,2,455,http1_python_nodelay_off_c16_keepalive_ms,42.039545
latency,2,456,http1_python_nodelay_off_c16_keepalive_ms,41.965525
latency,2,457,http1_python_nodelay_off_c16_keepalive_ms,42.038785
latency,2,458,http1_python_nodelay_off_c16_keepalive_ms,41.887193
latency,2,459,http1_python_nodelay_off_c16_keepalive_ms,42.059966
latency,2,460,http1_python_nodelay_off_c16_keepalive_ms,42.067725
latency,2,461,http1_python_nodelay_off_c16_keepalive_ms,41.940904
latency,2,462,http1_python_nodelay_off_c16_keepalive_ms,42.078796
latency,2,463,http1_python_nodelay_off_c16_keepalive_ms,40.909207
latency,2,464,http1_python_nodelay_off_c16_keepalive_ms,40.925646
latency,2,465,http1_python_nodelay_off_c16_keepalive_ms,41.040658
latency,2,466,http1_python_nodelay_off_c16_keepalive_ms,41.078429
latency,2,467,http1_python_nodelay_off_c16_keepalive_ms,40.923577
latency,2,468,http1_python_nodelay_off_c16_keepalive_ms,40.959167
latency,2,469,http1_python_nodelay_off_c16_keepalive_ms,44.130641
latency,2,470,http1_python_nodelay_off_c16_keepalive_ms,40.944397
latency,2,471,http1_python_nodelay_off_c16_keepalive_ms,44.970955
latency,2,472,http1_python_nodelay_off_c16_keepalive_ms,41.033348
latency,2,473,http1_python_nodelay_off_c16_keepalive_ms,40.923736
latency,2,474,http1_python_nodelay_off_c16_keepalive_ms,41.049219
latency,2,475,http1_python_nodelay_off_c16_keepalive_ms,40.952077
latency,2,476,http1_python_nodelay_off_c16_keepalive_ms,41.049599
latency,2,477,http1_python_nodelay_off_c16_keepalive_ms,40.950957
latency,2,478,http1_python_nodelay_off_c16_keepalive_ms,41.010697
latency,2,479,http1_python_nodelay_off_c16_keepalive_ms,42.336871
latency,2,800,http1_python_nodelay_off_c16_keepalive_ms,42.636826
latency,2,801,http1_python_nodelay_off_c16_keepalive_ms,44.808992
latency,2,802,http1_python_nodelay_off_c16_keepalive_ms,44.203602
latency,2,803,http1_python_nodelay_off_c16_keepalive_ms,43.407979
latency,2,804,http1_python_nodelay_off_c16_keepalive_ms,43.337507
latency,2,805,http1_python_nodelay_off_c16_keepalive_ms,41.833052
latency,2,806,http1_python_nodelay_off_c16_keepalive_ms,42.071466
latency,2,807,http1_python_nodelay_off_c16_keepalive_ms,43.132254
latency,2,808,http1_python_nodelay_off_c16_keepalive_ms,42.496584
latency,2,809,http1_python_nodelay_off_c16_keepalive_ms,41.996374
latency,2,810,http1_python_nodelay_off_c16_keepalive_ms,41.631308
latency,2,811,http1_python_nodelay_off_c16_keepalive_ms,41.886154
latency,2,812,http1_python_nodelay_off_c16_keepalive_ms,42.071735
latency,2,813,http1_python_nodelay_off_c16_keepalive_ms,41.940304
latency,2,814,http1_python_nodelay_off_c16_keepalive_ms,41.948344
latency,2,815,http1_python_nodelay_off_c16_keepalive_ms,41.320393
latency,2,816,http1_python_nodelay_off_c16_keepalive_ms,41.735520
latency,2,817,http1_python_nodelay_off_c16_keepalive_ms,41.074869
latency,2,818,http1_python_nodelay_off_c16_keepalive_ms,41.067079
latency,2,819,http1_python_nodelay_off_c16_keepalive_ms,41.855253
latency,2,820,http1_python_nodelay_off_c16_keepalive_ms,41.135890
latency,2,821,http1_python_nodelay_off_c16_keepalive_ms,41.095509
latency,2,822,http1_python_nodelay_off_c16_keepalive_ms,41.782981
latency,2,823,http1_python_nodelay_off_c16_keepalive_ms,41.998565
latency,2,824,http1_python_nodelay_off_c16_keepalive_ms,41.066388
latency,2,825,http1_python_nodelay_off_c16_keepalive_ms,41.436986
latency,2,826,http1_python_nodelay_off_c16_keepalive_ms,40.920056
latency,2,827,http1_python_nodelay_off_c16_keepalive_ms,41.188801
latency,2,828,http1_python_nodelay_off_c16_keepalive_ms,40.679932
latency,2,829,http1_python_nodelay_off_c16_keepalive_ms,41.002338
latency,2,830,http1_python_nodelay_off_c16_keepalive_ms,41.713470
latency,2,831,http1_python_nodelay_off_c16_keepalive_ms,41.912063
latency,2,832,http1_python_nodelay_off_c16_keepalive_ms,41.083629
latency,2,833,http1_python_nodelay_off_c16_keepalive_ms,41.366334
latency,2,834,http1_python_nodelay_off_c16_keepalive_ms,40.627392
latency,2,835,http1_python_nodelay_off_c16_keepalive_ms,41.363593
latency,2,836,http1_python_nodelay_off_c16_keepalive_ms,40.704313
latency,2,837,http1_python_nodelay_off_c16_keepalive_ms,41.022728
latency,2,838,http1_python_nodelay_off_c16_keepalive_ms,40.928917
latency,2,839,http1_python_nodelay_off_c16_keepalive_ms,41.257752
latency,2,840,http1_python_nodelay_off_c16_keepalive_ms,40.802354
latency,2,841,http1_python_nodelay_off_c16_keepalive_ms,40.955717
latency,2,842,http1_python_nodelay_off_c16_keepalive_ms,41.024878
latency,2,843,http1_python_nodelay_off_c16_keepalive_ms,41.216532
latency,2,844,http1_python_nodelay_off_c16_keepalive_ms,40.710733
latency,2,845,http1_python_nodelay_off_c16_keepalive_ms,41.087679
latency,2,846,http1_python_nodelay_off_c16_keepalive_ms,40.921146
latency,2,847,http1_python_nodelay_off_c16_keepalive_ms,41.040819
latency,2,848,http1_python_nodelay_off_c16_keepalive_ms,41.164360
latency,2,849,http1_python_nodelay_off_c16_keepalive_ms,41.882343
latency,2,850,http1_python_nodelay_off_c16_keepalive_ms,42.737187
latency,2,851,http1_python_nodelay_off_c16_keepalive_ms,41.162901
latency,2,852,http1_python_nodelay_off_c16_keepalive_ms,41.048158
latency,2,853,http1_python_nodelay_off_c16_keepalive_ms,40.973957
latency,2,854,http1_python_nodelay_off_c16_keepalive_ms,41.027239
latency,2,855,http1_python_nodelay_off_c16_keepalive_ms,40.976467
latency,2,856,http1_python_nodelay_off_c16_keepalive_ms,41.307043
latency,2,857,http1_python_nodelay_off_c16_keepalive_ms,40.742993
latency,2,858,http1_python_nodelay_off_c16_keepalive_ms,41.003008
latency,2,859,http1_python_nodelay_off_c16_keepalive_ms,41.161510
latency,2,860,http1_python_nodelay_off_c16_keepalive_ms,42.031826
latency,2,861,http1_python_nodelay_off_c16_keepalive_ms,41.930153
latency,2,862,http1_python_nodelay_off_c16_keepalive_ms,41.980215
latency,2,863,http1_python_nodelay_off_c16_keepalive_ms,41.798951
latency,2,864,http1_python_nodelay_off_c16_keepalive_ms,41.119250
latency,2,865,http1_python_nodelay_off_c16_keepalive_ms,41.212051
latency,2,866,http1_python_nodelay_off_c16_keepalive_ms,41.194241
latency,2,867,http1_python_nodelay_off_c16_keepalive_ms,41.755701
latency,2,868,http1_python_nodelay_off_c16_keepalive_ms,41.756221
latency,2,869,http1_python_nodelay_off_c16_keepalive_ms,41.164100
latency,2,870,http1_python_nodelay_off_c16_keepalive_ms,42.565694
latency,2,871,http1_python_nodelay_off_c16_keepalive_ms,41.744201
latency,2,872,http1_python_nodelay_off_c16_keepalive_ms,41.787671
latency,2,873,http1_python_nodelay_off_c16_keepalive_ms,40.834245
latency,2,874,http1_python_nodelay_off_c16_keepalive_ms,40.934707
latency,2,875,http1_python_nodelay_off_c16_keepalive_ms,40.958617
latency,2,876,http1_python_nodelay_off_c16_keepalive_ms,41.044478
latency,2,877,http1_python_nodelay_off_c16_keepalive_ms,42.079386
latency,2,878,http1_python_nodelay_off_c16_keepalive_ms,41.025088
latency,2,879,http1_python_nodelay_off_c16_keepalive_ms,40.928157
latency,2,880,http1_python_nodelay_off_c16_keepalive_ms,42.715077
latency,2,881,http1_python_nodelay_off_c16_keepalive_ms,45.038467
latency,2,882,http1_python_nodelay_off_c16_keepalive_ms,45.878140
latency,2,883,http1_python_nodelay_off_c16_keepalive_ms,41.424765
latency,2,884,http1_python_nodelay_off_c16_keepalive_ms,41.555207
latency,2,885,http1_python_nodelay_off_c16_keepalive_ms,42.358561
latency,2,886,http1_python_nodelay_off_c16_keepalive_ms,41.888863
latency,2,887,http1_python_nodelay_off_c16_keepalive_ms,43.332507
latency,2,888,http1_python_nodelay_off_c16_keepalive_ms,43.402579
latency,2,889,http1_python_nodelay_off_c16_keepalive_ms,41.960134
latency,2,890,http1_python_nodelay_off_c16_keepalive_ms,42.006425
latency,2,891,http1_python_nodelay_off_c16_keepalive_ms,41.957124
latency,2,892,http1_python_nodelay_off_c16_keepalive_ms,42.074746
latency,2,893,http1_python_nodelay_off_c16_keepalive_ms,42.002205
latency,2,894,http1_python_nodelay_off_c16_keepalive_ms,42.031695
latency,2,895,http1_python_nodelay_off_c16_keepalive_ms,41.050019
latency,2,896,http1_python_nodelay_off_c16_keepalive_ms,40.944786
latency,2,897,http1_python_nodelay_off_c16_keepalive_ms,40.995698
latency,2,898,http1_python_nodelay_off_c16_keepalive_ms,40.958997
latency,2,899,http1_python_nodelay_off_c16_keepalive_ms,41.730270
latency,2,900,http1_python_nodelay_off_c16_keepalive_ms,41.488986
latency,2,901,http1_python_nodelay_off_c16_keepalive_ms,41.806091
latency,2,902,http1_python_nodelay_off_c16_keepalive_ms,42.046746
latency,2,903,http1_python_nodelay_off_c16_keepalive_ms,41.037339
latency,2,904,http1_python_nodelay_off_c16_keepalive_ms,40.880905
latency,2,905,http1_python_nodelay_off_c16_keepalive_ms,41.325053
latency,2,906,http1_python_nodelay_off_c16_keepalive_ms,40.677583
latency,2,907,http1_python_nodelay_off_c16_keepalive_ms,41.318863
latency,2,908,http1_python_nodelay_off_c16_keepalive_ms,40.669742
latency,2,909,http1_python_nodelay_off_c16_keepalive_ms,42.037265
latency,2,910,http1_python_nodelay_off_c16_keepalive_ms,42.045746
latency,2,911,http1_python_nodelay_off_c16_keepalive_ms,41.063879
latency,2,912,http1_python_nodelay_off_c16_keepalive_ms,41.450085
latency,2,913,http1_python_nodelay_off_c16_keepalive_ms,40.476389
latency,2,914,http1_python_nodelay_off_c16_keepalive_ms,41.556687
latency,2,915,http1_python_nodelay_off_c16_keepalive_ms,40.441248
latency,2,916,http1_python_nodelay_off_c16_keepalive_ms,41.493916
latency,2,917,http1_python_nodelay_off_c16_keepalive_ms,40.520640
latency,2,918,http1_python_nodelay_off_c16_keepalive_ms,41.527917
latency,2,919,http1_python_nodelay_off_c16_keepalive_ms,40.453098
latency,2,920,http1_python_nodelay_off_c16_keepalive_ms,41.184231
latency,2,921,http1_python_nodelay_off_c16_keepalive_ms,40.856995
latency,2,922,http1_python_nodelay_off_c16_keepalive_ms,41.515717
latency,2,923,http1_python_nodelay_off_c16_keepalive_ms,41.006738
latency,2,924,http1_python_nodelay_off_c16_keepalive_ms,40.868825
latency,2,925,http1_python_nodelay_off_c16_keepalive_ms,40.628031
latency,2,926,http1_python_nodelay_off_c16_keepalive_ms,41.509667
latency,2,927,http1_python_nodelay_off_c16_keepalive_ms,40.470219
latency,2,928,http1_python_nodelay_off_c16_keepalive_ms,42.898600
latency,2,929,http1_python_nodelay_off_c16_keepalive_ms,41.258412
latency,2,930,http1_python_nodelay_off_c16_keepalive_ms,41.691249
latency,2,931,http1_python_nodelay_off_c16_keepalive_ms,41.623649
latency,2,932,http1_python_nodelay_off_c16_keepalive_ms,40.656701
latency,2,933,http1_python_nodelay_off_c16_keepalive_ms,41.361904
latency,2,934,http1_python_nodelay_off_c16_keepalive_ms,40.533350
latency,2,935,http1_python_nodelay_off_c16_keepalive_ms,41.374924
latency,2,936,http1_python_nodelay_off_c16_keepalive_ms,40.548070
latency,2,937,http1_python_nodelay_off_c16_keepalive_ms,41.097420
latency,2,938,http1_python_nodelay_off_c16_keepalive_ms,40.955917
latency,2,939,http1_python_nodelay_off_c16_keepalive_ms,42.107126
latency,2,940,http1_python_nodelay_off_c16_keepalive_ms,42.038326
latency,2,941,http1_python_nodelay_off_c16_keepalive_ms,41.909583
latency,2,942,http1_python_nodelay_off_c16_keepalive_ms,42.054105
latency,2,943,http1_python_nodelay_off_c16_keepalive_ms,40.901896
latency,2,944,http1_python_nodelay_off_c16_keepalive_ms,40.907827
latency,2,945,http1_python_nodelay_off_c16_keepalive_ms,41.014388
latency,2,946,http1_python_nodelay_off_c16_keepalive_ms,42.519183
latency,2,947,http1_python_nodelay_off_c16_keepalive_ms,41.969254
latency,2,948,http1_python_nodelay_off_c16_keepalive_ms,41.695470
latency,2,949,http1_python_nodelay_off_c16_keepalive_ms,40.999148
latency,2,950,http1_python_nodelay_off_c16_keepalive_ms,42.549124
latency,2,951,http1_python_nodelay_off_c16_keepalive_ms,41.655169
latency,2,952,http1_python_nodelay_off_c16_keepalive_ms,41.828212
latency,2,953,http1_python_nodelay_off_c16_keepalive_ms,40.833314
latency,2,954,http1_python_nodelay_off_c16_keepalive_ms,40.984158
latency,2,955,http1_python_nodelay_off_c16_keepalive_ms,41.289383
latency,2,956,http1_python_nodelay_off_c16_keepalive_ms,40.713482
latency,2,957,http1_python_nodelay_off_c16_keepalive_ms,42.084176
latency,2,958,http1_python_nodelay_off_c16_keepalive_ms,40.974688
latency,2,959,http1_python_nodelay_off_c16_keepalive_ms,40.984217
latency,2,960,http1_python_nodelay_off_c16_keepalive_ms,42.783938
latency,2,961,http1_python_nodelay_off_c16_keepalive_ms,44.813243
latency,2,962,http1_python_nodelay_off_c16_keepalive_ms,44.201712
latency,2,963,http1_python_nodelay_off_c16_keepalive_ms,42.864849
latency,2,964,http1_python_nodelay_off_c16_keepalive_ms,42.340271
latency,2,965,http1_python_nodelay_off_c16_keepalive_ms,41.903723
latency,2,966,http1_python_nodelay_off_c16_keepalive_ms,42.250609
latency,2,967,http1_python_nodelay_off_c16_keepalive_ms,42.948481
latency,2,968,http1_python_nodelay_off_c16_keepalive_ms,43.501150
latency,2,969,http1_python_nodelay_off_c16_keepalive_ms,42.014705
latency,2,970,http1_python_nodelay_off_c16_keepalive_ms,41.967134
latency,2,971,http1_python_nodelay_off_c16_keepalive_ms,41.972244
latency,2,972,http1_python_nodelay_off_c16_keepalive_ms,42.283780
latency,2,973,http1_python_nodelay_off_c16_keepalive_ms,41.932694
latency,2,974,http1_python_nodelay_off_c16_keepalive_ms,41.108059
latency,2,975,http1_python_nodelay_off_c16_keepalive_ms,40.718073
latency,2,976,http1_python_nodelay_off_c16_keepalive_ms,41.047079
latency,2,977,http1_python_nodelay_off_c16_keepalive_ms,40.946596
latency,2,978,http1_python_nodelay_off_c16_keepalive_ms,41.247902
latency,2,979,http1_python_nodelay_off_c16_keepalive_ms,41.778911
latency,2,980,http1_python_nodelay_off_c16_keepalive_ms,42.100527
latency,2,981,http1_python_nodelay_off_c16_keepalive_ms,41.998784
latency,2,982,http1_python_nodelay_off_c16_keepalive_ms,41.777491
latency,2,983,http1_python_nodelay_off_c16_keepalive_ms,42.061536
latency,2,984,http1_python_nodelay_off_c16_keepalive_ms,41.055949
latency,2,985,http1_python_nodelay_off_c16_keepalive_ms,40.983417
latency,2,986,http1_python_nodelay_off_c16_keepalive_ms,40.955837
latency,2,987,http1_python_nodelay_off_c16_keepalive_ms,41.095680
latency,2,988,http1_python_nodelay_off_c16_keepalive_ms,40.878185
latency,2,989,http1_python_nodelay_off_c16_keepalive_ms,41.271692
latency,2,990,http1_python_nodelay_off_c16_keepalive_ms,41.965655
latency,2,991,http1_python_nodelay_off_c16_keepalive_ms,41.373534
latency,2,992,http1_python_nodelay_off_c16_keepalive_ms,40.442558
latency,2,993,http1_python_nodelay_off_c16_keepalive_ms,41.487246
latency,2,994,http1_python_nodelay_off_c16_keepalive_ms,40.525090
latency,2,995,http1_python_nodelay_off_c16_keepalive_ms,41.530736
latency,2,996,http1_python_nodelay_off_c16_keepalive_ms,40.476339
latency,2,997,http1_python_nodelay_off_c16_keepalive_ms,41.525937
latency,2,998,http1_python_nodelay_off_c16_keepalive_ms,40.562250
latency,2,999,http1_python_nodelay_off_c16_keepalive_ms,41.343414
latency,2,1000,http1_python_nodelay_off_c16_keepalive_ms,40.651102
latency,2,1001,http1_python_nodelay_off_c16_keepalive_ms,40.979847
latency,2,1002,http1_python_nodelay_off_c16_keepalive_ms,41.213191
latency,2,1003,http1_python_nodelay_off_c16_keepalive_ms,41.003388
latency,2,1004,http1_python_nodelay_off_c16_keepalive_ms,40.894506
latency,2,1005,http1_python_nodelay_off_c16_keepalive_ms,40.909246
latency,2,1006,http1_python_nodelay_off_c16_keepalive_ms,41.204682
latency,2,1007,http1_python_nodelay_off_c16_keepalive_ms,40.774513
latency,2,1008,http1_python_nodelay_off_c16_keepalive_ms,42.010485
latency,2,1009,http1_python_nodelay_off_c16_keepalive_ms,41.865863
latency,2,1010,http1_python_nodelay_off_c16_keepalive_ms,41.988464
latency,2,1011,http1_python_nodelay_off_c16_keepalive_ms,41.131690
latency,2,1012,http1_python_nodelay_off_c16_keepalive_ms,40.990558
latency,2,1013,http1_python_nodelay_off_c16_keepalive_ms,40.961327
latency,2,1014,http1_python_nodelay_off_c16_keepalive_ms,41.054719
latency,2,1015,http1_python_nodelay_off_c16_keepalive_ms,40.921546
latency,2,1016,http1_python_nodelay_off_c16_keepalive_ms,41.000657
latency,2,1017,http1_python_nodelay_off_c16_keepalive_ms,41.050959
latency,2,1018,http1_python_nodelay_off_c16_keepalive_ms,41.009398
latency,2,1019,http1_python_nodelay_off_c16_keepalive_ms,42.165498
latency,2,1020,http1_python_nodelay_off_c16_keepalive_ms,41.875972
latency,2,1021,http1_python_nodelay_off_c16_keepalive_ms,42.055676
latency,2,1022,http1_python_nodelay_off_c16_keepalive_ms,41.997515
latency,2,1023,http1_python_nodelay_off_c16_keepalive_ms,41.722020
latency,2,1024,http1_python_nodelay_off_c16_keepalive_ms,41.165030
latency,2,1025,http1_python_nodelay_off_c16_keepalive_ms,41.208302
latency,2,1026,http1_python_nodelay_off_c16_keepalive_ms,41.157580
latency,2,1027,http1_python_nodelay_off_c16_keepalive_ms,42.004675
latency,2,1028,http1_python_nodelay_off_c16_keepalive_ms,41.753040
latency,2,1029,http1_python_nodelay_off_c16_keepalive_ms,40.959997
latency,2,1030,http1_python_nodelay_off_c16_keepalive_ms,42.588475
latency,2,1031,http1_python_nodelay_off_c16_keepalive_ms,41.656159
latency,2,1032,http1_python_nodelay_off_c16_keepalive_ms,41.517167
latency,2,1033,http1_python_nodelay_off_c16_keepalive_ms,42.083986
latency,2,1034,http1_python_nodelay_off_c16_keepalive_ms,40.956927
latency,2,1035,http1_python_nodelay_off_c16_keepalive_ms,41.011888
latency,2,1036,http1_python_nodelay_off_c16_keepalive_ms,40.969417
latency,2,1037,http1_python_nodelay_off_c16_keepalive_ms,41.196181
latency,2,1038,http1_python_nodelay_off_c16_keepalive_ms,40.925197
latency,2,1039,http1_python_nodelay_off_c16_keepalive_ms,42.232128
latency,2,640,http1_python_nodelay_off_c16_keepalive_ms,43.447520
latency,2,641,http1_python_nodelay_off_c16_keepalive_ms,44.145141
latency,2,642,http1_python_nodelay_off_c16_keepalive_ms,44.145551
latency,2,643,http1_python_nodelay_off_c16_keepalive_ms,42.809129
latency,2,644,http1_python_nodelay_off_c16_keepalive_ms,43.429099
latency,2,645,http1_python_nodelay_off_c16_keepalive_ms,40.961077
latency,2,646,http1_python_nodelay_off_c16_keepalive_ms,41.820282
latency,2,647,http1_python_nodelay_off_c16_keepalive_ms,42.812908
latency,2,648,http1_python_nodelay_off_c16_keepalive_ms,43.869197
latency,2,649,http1_python_nodelay_off_c16_keepalive_ms,42.005004
latency,2,650,http1_python_nodelay_off_c16_keepalive_ms,42.403872
latency,2,651,http1_python_nodelay_off_c16_keepalive_ms,42.156947
latency,2,652,http1_python_nodelay_off_c16_keepalive_ms,41.567818
latency,2,653,http1_python_nodelay_off_c16_keepalive_ms,43.059043
latency,2,654,http1_python_nodelay_off_c16_keepalive_ms,41.073108
latency,2,655,http1_python_nodelay_off_c16_keepalive_ms,41.667699
latency,2,656,http1_python_nodelay_off_c16_keepalive_ms,41.333214
latency,2,657,http1_python_nodelay_off_c16_keepalive_ms,40.836055
latency,2,658,http1_python_nodelay_off_c16_keepalive_ms,41.063519
latency,2,659,http1_python_nodelay_off_c16_keepalive_ms,42.198038
latency,2,660,http1_python_nodelay_off_c16_keepalive_ms,40.791014
latency,2,661,http1_python_nodelay_off_c16_keepalive_ms,41.876023
latency,2,662,http1_python_nodelay_off_c16_keepalive_ms,41.397404
latency,2,663,http1_python_nodelay_off_c16_keepalive_ms,41.784031
latency,2,664,http1_python_nodelay_off_c16_keepalive_ms,41.364274
latency,2,665,http1_python_nodelay_off_c16_keepalive_ms,40.528920
latency,2,666,http1_python_nodelay_off_c16_keepalive_ms,41.443515
latency,2,667,http1_python_nodelay_off_c16_keepalive_ms,40.607021
latency,2,668,http1_python_nodelay_off_c16_keepalive_ms,41.378804
latency,2,669,http1_python_nodelay_off_c16_keepalive_ms,40.772694
latency,2,670,http1_python_nodelay_off_c16_keepalive_ms,41.726570
latency,2,671,http1_python_nodelay_off_c16_keepalive_ms,41.175591
latency,2,672,http1_python_nodelay_off_c16_keepalive_ms,40.927926
latency,2,673,http1_python_nodelay_off_c16_keepalive_ms,41.000948
latency,2,674,http1_python_nodelay_off_c16_keepalive_ms,41.011308
latency,2,675,http1_python_nodelay_off_c16_keepalive_ms,40.985878
latency,2,676,http1_python_nodelay_off_c16_keepalive_ms,41.021897
latency,2,677,http1_python_nodelay_off_c16_keepalive_ms,40.994108
latency,2,678,http1_python_nodelay_off_c16_keepalive_ms,40.910186
latency,2,679,http1_python_nodelay_off_c16_keepalive_ms,41.069209
latency,2,680,http1_python_nodelay_off_c16_keepalive_ms,41.015849
latency,2,681,http1_python_nodelay_off_c16_keepalive_ms,41.025888
latency,2,682,http1_python_nodelay_off_c16_keepalive_ms,40.880465
latency,2,683,http1_python_nodelay_off_c16_keepalive_ms,40.994878
latency,2,684,http1_python_nodelay_off_c16_keepalive_ms,41.112020
latency,2,685,http1_python_nodelay_off_c16_keepalive_ms,41.032778
latency,2,686,http1_python_nodelay_off_c16_keepalive_ms,40.864425
latency,2,687,http1_python_nodelay_off_c16_keepalive_ms,41.115370
latency,2,688,http1_python_nodelay_off_c16_keepalive_ms,42.059606
latency,2,689,http1_python_nodelay_off_c16_keepalive_ms,41.762710
latency,2,690,http1_python_nodelay_off_c16_keepalive_ms,42.034466
latency,2,691,http1_python_nodelay_off_c16_keepalive_ms,41.139540
latency,2,692,http1_python_nodelay_off_c16_keepalive_ms,40.971637
latency,2,693,http1_python_nodelay_off_c16_keepalive_ms,40.977148
latency,2,694,http1_python_nodelay_off_c16_keepalive_ms,41.101009
latency,2,695,http1_python_nodelay_off_c16_keepalive_ms,40.875205
latency,2,696,http1_python_nodelay_off_c16_keepalive_ms,41.489716
latency,2,697,http1_python_nodelay_off_c16_keepalive_ms,40.562431
latency,2,698,http1_python_nodelay_off_c16_keepalive_ms,41.057228
latency,2,699,http1_python_nodelay_off_c16_keepalive_ms,42.120417
latency,2,700,http1_python_nodelay_off_c16_keepalive_ms,41.834172
latency,2,701,http1_python_nodelay_off_c16_keepalive_ms,42.101537
latency,2,702,http1_python_nodelay_off_c16_keepalive_ms,41.941063
latency,2,703,http1_python_nodelay_off_c16_keepalive_ms,41.770241
latency,2,704,http1_python_nodelay_off_c16_keepalive_ms,41.146091
latency,2,705,http1_python_nodelay_off_c16_keepalive_ms,41.215421
latency,2,706,http1_python_nodelay_off_c16_keepalive_ms,41.307133
latency,2,707,http1_python_nodelay_off_c16_keepalive_ms,41.965254
latency,2,708,http1_python_nodelay_off_c16_keepalive_ms,41.701290
latency,2,709,http1_python_nodelay_off_c16_keepalive_ms,41.655689
latency,2,710,http1_python_nodelay_off_c16_keepalive_ms,41.887712
latency,2,711,http1_python_nodelay_off_c16_keepalive_ms,41.592448
latency,2,712,http1_python_nodelay_off_c16_keepalive_ms,42.634506
latency,2,713,http1_python_nodelay_off_c16_keepalive_ms,41.972404
latency,2,714,http1_python_nodelay_off_c16_keepalive_ms,42.136537
latency,2,715,http1_python_nodelay_off_c16_keepalive_ms,42.145728
latency,2,716,http1_python_nodelay_off_c16_keepalive_ms,41.770460
latency,2,717,http1_python_nodelay_off_c16_keepalive_ms,41.950514
latency,2,718,http1_python_nodelay_off_c16_keepalive_ms,42.336760
latency,2,719,http1_python_nodelay_off_c16_keepalive_ms,41.694000
latency,2,560,http1_python_nodelay_off_c16_keepalive_ms,43.222315
latency,2,561,http1_python_nodelay_off_c16_keepalive_ms,42.296630
latency,2,562,http1_python_nodelay_off_c16_keepalive_ms,42.303240
latency,2,563,http1_python_nodelay_off_c16_keepalive_ms,40.766254
latency,2,564,http1_python_nodelay_off_c16_keepalive_ms,41.068269
latency,2,565,http1_python_nodelay_off_c16_keepalive_ms,40.927636
latency,2,566,http1_python_nodelay_off_c16_keepalive_ms,42.384971
latency,2,567,http1_python_nodelay_off_c16_keepalive_ms,40.555030
latency,2,568,http1_python_nodelay_off_c16_keepalive_ms,41.104990
latency,2,569,http1_python_nodelay_off_c16_keepalive_ms,41.953234
latency,2,570,http1_python_nodelay_off_c16_keepalive_ms,42.090106
latency,2,571,http1_python_nodelay_off_c16_keepalive_ms,41.957034
latency,2,572,http1_python_nodelay_off_c16_keepalive_ms,41.015918
latency,2,573,http1_python_nodelay_off_c16_keepalive_ms,41.958774
latency,2,574,http1_python_nodelay_off_c16_keepalive_ms,41.028228
latency,2,575,http1_python_nodelay_off_c16_keepalive_ms,40.965038
latency,2,576,http1_python_nodelay_off_c16_keepalive_ms,41.277792
latency,2,577,http1_python_nodelay_off_c16_keepalive_ms,40.671442
latency,2,578,http1_python_nodelay_off_c16_keepalive_ms,42.076056
latency,2,579,http1_python_nodelay_off_c16_keepalive_ms,41.967255
latency,2,580,http1_python_nodelay_off_c16_keepalive_ms,42.158467
latency,2,581,http1_python_nodelay_off_c16_keepalive_ms,41.925183
latency,2,582,http1_python_nodelay_off_c16_keepalive_ms,40.791494
latency,2,583,http1_python_nodelay_off_c16_keepalive_ms,41.051209
latency,2,584,http1_python_nodelay_off_c16_keepalive_ms,41.019088
latency,2,585,http1_python_nodelay_off_c16_keepalive_ms,41.239032
latency,2,586,http1_python_nodelay_off_c16_keepalive_ms,40.812625
latency,2,587,http1_python_nodelay_off_c16_keepalive_ms,40.930996
latency,2,588,http1_python_nodelay_off_c16_keepalive_ms,40.943967
latency,2,589,http1_python_nodelay_off_c16_keepalive_ms,41.054138
latency,2,590,http1_python_nodelay_off_c16_keepalive_ms,41.025039
latency,2,591,http1_python_nodelay_off_c16_keepalive_ms,40.995867
latency,2,592,http1_python_nodelay_off_c16_keepalive_ms,41.060799
latency,2,593,http1_python_nodelay_off_c16_keepalive_ms,41.209091
latency,2,594,http1_python_nodelay_off_c16_keepalive_ms,42.774908
latency,2,595,http1_python_nodelay_off_c16_keepalive_ms,41.912173
latency,2,596,http1_python_nodelay_off_c16_keepalive_ms,41.214502
latency,2,597,http1_python_nodelay_off_c16_keepalive_ms,41.765841
latency,2,598,http1_python_nodelay_off_c16_keepalive_ms,42.046925
latency,2,599,http1_python_nodelay_off_c16_keepalive_ms,41.108910
latency,2,600,http1_python_nodelay_off_c16_keepalive_ms,40.920126
latency,2,601,http1_python_nodelay_off_c16_keepalive_ms,41.240202
latency,2,602,http1_python_nodelay_off_c16_keepalive_ms,40.679562
latency,2,603,http1_python_nodelay_off_c16_keepalive_ms,41.328293
latency,2,604,http1_python_nodelay_off_c16_keepalive_ms,40.661312
latency,2,605,http1_python_nodelay_off_c16_keepalive_ms,41.062259
latency,2,606,http1_python_nodelay_off_c16_keepalive_ms,40.943567
latency,2,607,http1_python_nodelay_off_c16_keepalive_ms,41.294303
latency,2,608,http1_python_nodelay_off_c16_keepalive_ms,40.707012
latency,2,609,http1_python_nodelay_off_c16_keepalive_ms,42.266920
latency,2,610,http1_python_nodelay_off_c16_keepalive_ms,41.888092
latency,2,611,http1_python_nodelay_off_c16_keepalive_ms,41.938084
latency,2,612,http1_python_nodelay_off_c16_keepalive_ms,41.923304
latency,2,613,http1_python_nodelay_off_c16_keepalive_ms,41.180880
latency,2,614,http1_python_nodelay_off_c16_keepalive_ms,41.024059
latency,2,615,http1_python_nodelay_off_c16_keepalive_ms,41.691659
latency,2,616,http1_python_nodelay_off_c16_keepalive_ms,41.088319
latency,2,617,http1_python_nodelay_off_c16_keepalive_ms,41.196021
latency,2,618,http1_python_nodelay_off_c16_keepalive_ms,41.339024
latency,2,619,http1_python_nodelay_off_c16_keepalive_ms,41.049998
latency,2,620,http1_python_nodelay_off_c16_keepalive_ms,41.516077
latency,2,621,http1_python_nodelay_off_c16_keepalive_ms,42.002205
latency,2,622,http1_python_nodelay_off_c16_keepalive_ms,41.956184
latency,2,623,http1_python_nodelay_off_c16_keepalive_ms,42.040145
latency,2,624,http1_python_nodelay_off_c16_keepalive_ms,40.976357
latency,2,625,http1_python_nodelay_off_c16_keepalive_ms,41.025499
latency,2,626,http1_python_nodelay_off_c16_keepalive_ms,43.291846
latency,2,627,http1_python_nodelay_off_c16_keepalive_ms,40.691803
latency,2,628,http1_python_nodelay_off_c16_keepalive_ms,41.017728
latency,2,629,http1_python_nodelay_off_c16_keepalive_ms,44.018749
latency,2,630,http1_python_nodelay_off_c16_keepalive_ms,49.360090
latency,2,631,http1_python_nodelay_off_c16_keepalive_ms,41.978645
latency,2,632,http1_python_nodelay_off_c16_keepalive_ms,42.358150
latency,2,633,http1_python_nodelay_off_c16_keepalive_ms,42.279540
latency,2,634,http1_python_nodelay_off_c16_keepalive_ms,42.277059
latency,2,635,http1_python_nodelay_off_c16_keepalive_ms,42.670206
latency,2,636,http1_python_nodelay_off_c16_keepalive_ms,41.391415
latency,2,637,http1_python_nodelay_off_c16_keepalive_ms,41.927873
latency,2,638,http1_python_nodelay_off_c16_keepalive_ms,41.637309
latency,2,639,http1_python_nodelay_off_c16_keepalive_ms,42.105077
latency,2,720,http1_python_nodelay_off_c16_keepalive_ms,42.745578
latency,2,721,http1_python_nodelay_off_c16_keepalive_ms,44.984835
latency,2,722,http1_python_nodelay_off_c16_keepalive_ms,43.944698
latency,2,723,http1_python_nodelay_off_c16_keepalive_ms,43.034992
latency,2,724,http1_python_nodelay_off_c16_keepalive_ms,44.198182
latency,2,725,http1_python_nodelay_off_c16_keepalive_ms,41.434155
latency,2,726,http1_python_nodelay_off_c16_keepalive_ms,41.961715
latency,2,727,http1_python_nodelay_off_c16_keepalive_ms,41.769850
latency,2,728,http1_python_nodelay_off_c16_keepalive_ms,43.552281
latency,2,729,http1_python_nodelay_off_c16_keepalive_ms,42.375042
latency,2,730,http1_python_nodelay_off_c16_keepalive_ms,41.849742
latency,2,731,http1_python_nodelay_off_c16_keepalive_ms,41.918273
latency,2,732,http1_python_nodelay_off_c16_keepalive_ms,41.738350
latency,2,733,http1_python_nodelay_off_c16_keepalive_ms,42.751738
latency,2,734,http1_python_nodelay_off_c16_keepalive_ms,41.443695
latency,2,735,http1_python_nodelay_off_c16_keepalive_ms,40.995588
latency,2,736,http1_python_nodelay_off_c16_keepalive_ms,41.206671
latency,2,737,http1_python_nodelay_off_c16_keepalive_ms,40.681362
latency,2,738,http1_python_nodelay_off_c16_keepalive_ms,41.261562
latency,2,739,http1_python_nodelay_off_c16_keepalive_ms,40.791285
latency,2,740,http1_python_nodelay_off_c16_keepalive_ms,41.942813
latency,2,741,http1_python_nodelay_off_c16_keepalive_ms,40.959487
latency,2,742,http1_python_nodelay_off_c16_keepalive_ms,40.956228
latency,2,743,http1_python_nodelay_off_c16_keepalive_ms,41.001257
latency,2,744,http1_python_nodelay_off_c16_keepalive_ms,40.999068
latency,2,745,http1_python_nodelay_off_c16_keepalive_ms,41.004287
latency,2,746,http1_python_nodelay_off_c16_keepalive_ms,40.993698
latency,2,747,http1_python_nodelay_off_c16_keepalive_ms,41.001258
latency,2,748,http1_python_nodelay_off_c16_keepalive_ms,41.003698
latency,2,749,http1_python_nodelay_off_c16_keepalive_ms,40.999378
latency,2,750,http1_python_nodelay_off_c16_keepalive_ms,40.996087
latency,2,751,http1_python_nodelay_off_c16_keepalive_ms,40.999348
latency,2,752,http1_python_nodelay_off_c16_keepalive_ms,41.006758
latency,2,753,http1_python_nodelay_off_c16_keepalive_ms,40.994107
latency,2,754,http1_python_nodelay_off_c16_keepalive_ms,41.025798
latency,2,755,http1_python_nodelay_off_c16_keepalive_ms,41.001288
latency,2,756,http1_python_nodelay_off_c16_keepalive_ms,40.994058
latency,2,757,http1_python_nodelay_off_c16_keepalive_ms,41.004478
latency,2,758,http1_python_nodelay_off_c16_keepalive_ms,40.986627
latency,2,759,http1_python_nodelay_off_c16_keepalive_ms,41.022268
latency,2,760,http1_python_nodelay_off_c16_keepalive_ms,40.985938
latency,2,761,http1_python_nodelay_off_c16_keepalive_ms,40.997767
latency,2,762,http1_python_nodelay_off_c16_keepalive_ms,40.997878
latency,2,763,http1_python_nodelay_off_c16_keepalive_ms,40.994368
latency,2,764,http1_python_nodelay_off_c16_keepalive_ms,41.006988
latency,2,765,http1_python_nodelay_off_c16_keepalive_ms,41.002628
latency,2,766,http1_python_nodelay_off_c16_keepalive_ms,41.005747
latency,2,767,http1_python_nodelay_off_c16_keepalive_ms,40.982538
latency,2,768,http1_python_nodelay_off_c16_keepalive_ms,41.091969
latency,2,769,http1_python_nodelay_off_c16_keepalive_ms,40.927447
latency,2,770,http1_python_nodelay_off_c16_keepalive_ms,40.982927
latency,2,771,http1_python_nodelay_off_c16_keepalive_ms,41.980654
latency,2,772,http1_python_nodelay_off_c16_keepalive_ms,41.936854
latency,2,773,http1_python_nodelay_off_c16_keepalive_ms,41.066769
latency,2,774,http1_python_nodelay_off_c16_keepalive_ms,41.013978
latency,2,775,http1_python_nodelay_off_c16_keepalive_ms,40.992647
latency,2,776,http1_python_nodelay_off_c16_keepalive_ms,41.434596
latency,2,777,http1_python_nodelay_off_c16_keepalive_ms,41.832331
latency,2,778,http1_python_nodelay_off_c16_keepalive_ms,41.795492
latency,2,779,http1_python_nodelay_off_c16_keepalive_ms,42.030575
latency,2,780,http1_python_nodelay_off_c16_keepalive_ms,42.171738
latency,2,781,http1_python_nodelay_off_c16_keepalive_ms,41.957754
latency,2,782,http1_python_nodelay_off_c16_keepalive_ms,42.170307
latency,2,783,http1_python_nodelay_off_c16_keepalive_ms,41.605338
latency,2,784,http1_python_nodelay_off_c16_keepalive_ms,41.084790
latency,2,785,http1_python_nodelay_off_c16_keepalive_ms,41.033028
latency,2,786,http1_python_nodelay_off_c16_keepalive_ms,40.960497
latency,2,787,http1_python_nodelay_off_c16_keepalive_ms,44.047710
latency,2,788,http1_python_nodelay_off_c16_keepalive_ms,42.090836
latency,2,789,http1_python_nodelay_off_c16_keepalive_ms,41.108769
latency,2,790,http1_python_nodelay_off_c16_keepalive_ms,43.389609
latency,2,791,http1_python_nodelay_off_c16_keepalive_ms,42.569424
latency,2,792,http1_python_nodelay_off_c16_keepalive_ms,42.280730
latency,2,793,http1_python_nodelay_off_c16_keepalive_ms,41.945783
latency,2,794,http1_python_nodelay_off_c16_keepalive_ms,41.987515
latency,2,795,http1_python_nodelay_off_c16_keepalive_ms,41.986275
latency,2,796,http1_python_nodelay_off_c16_keepalive_ms,41.990084
latency,2,797,http1_python_nodelay_off_c16_keepalive_ms,42.271269
latency,2,798,http1_python_nodelay_off_c16_keepalive_ms,41.630059
latency,2,799,http1_python_nodelay_off_c16_keepalive_ms,41.780901
latency,2,320,http1_python_nodelay_off_c16_keepalive_ms,43.278617
latency,2,321,http1_python_nodelay_off_c16_keepalive_ms,44.265883
latency,2,322,http1_python_nodelay_off_c16_keepalive_ms,44.257073
latency,2,323,http1_python_nodelay_off_c16_keepalive_ms,42.921401
latency,2,324,http1_python_nodelay_off_c16_keepalive_ms,42.237558
latency,2,325,http1_python_nodelay_off_c16_keepalive_ms,42.006555
latency,2,326,http1_python_nodelay_off_c16_keepalive_ms,41.567218
latency,2,327,http1_python_nodelay_off_c16_keepalive_ms,43.073213
latency,2,328,http1_python_nodelay_off_c16_keepalive_ms,43.947558
latency,2,329,http1_python_nodelay_off_c16_keepalive_ms,42.072845
latency,2,330,http1_python_nodelay_off_c16_keepalive_ms,41.994495
latency,2,331,http1_python_nodelay_off_c16_keepalive_ms,41.886503
latency,2,332,http1_python_nodelay_off_c16_keepalive_ms,42.335440
latency,2,333,http1_python_nodelay_off_c16_keepalive_ms,41.756781
latency,2,334,http1_python_nodelay_off_c16_keepalive_ms,40.965727
latency,2,335,http1_python_nodelay_off_c16_keepalive_ms,41.421235
latency,2,336,http1_python_nodelay_off_c16_keepalive_ms,40.495709
latency,2,337,http1_python_nodelay_off_c16_keepalive_ms,41.065419
latency,2,338,http1_python_nodelay_off_c16_keepalive_ms,40.944107
latency,2,339,http1_python_nodelay_off_c16_keepalive_ms,42.155287
latency,2,340,http1_python_nodelay_off_c16_keepalive_ms,42.103137
latency,2,341,http1_python_nodelay_off_c16_keepalive_ms,41.996244
latency,2,342,http1_python_nodelay_off_c16_keepalive_ms,41.698190
latency,2,343,http1_python_nodelay_off_c16_keepalive_ms,41.148230
latency,2,344,http1_python_nodelay_off_c16_keepalive_ms,41.226972
latency,2,345,http1_python_nodelay_off_c16_keepalive_ms,40.676102
latency,2,346,http1_python_nodelay_off_c16_keepalive_ms,41.329393
latency,2,347,http1_python_nodelay_off_c16_keepalive_ms,40.668982
latency,2,348,http1_python_nodelay_off_c16_keepalive_ms,41.315773
latency,2,349,http1_python_nodelay_off_c16_keepalive_ms,41.680970
latency,2,350,http1_python_nodelay_off_c16_keepalive_ms,42.050515
latency,2,351,http1_python_nodelay_off_c16_keepalive_ms,41.915344
latency,2,352,http1_python_nodelay_off_c16_keepalive_ms,41.343163
latency,2,353,http1_python_nodelay_off_c16_keepalive_ms,40.727123
latency,2,354,http1_python_nodelay_off_c16_keepalive_ms,41.290673
latency,2,355,http1_python_nodelay_off_c16_keepalive_ms,40.757583
latency,2,356,http1_python_nodelay_off_c16_keepalive_ms,40.970718
latency,2,357,http1_python_nodelay_off_c16_keepalive_ms,41.072899
latency,2,358,http1_python_nodelay_off_c16_keepalive_ms,41.227961
latency,2,359,http1_python_nodelay_off_c16_keepalive_ms,40.642262
latency,2,360,http1_python_nodelay_off_c16_keepalive_ms,41.066559
latency,2,361,http1_python_nodelay_off_c16_keepalive_ms,41.007518
latency,2,362,http1_python_nodelay_off_c16_keepalive_ms,40.975217
latency,2,363,http1_python_nodelay_off_c16_keepalive_ms,40.959067
latency,2,364,http1_python_nodelay_off_c16_keepalive_ms,41.284673
latency,2,365,http1_python_nodelay_off_c16_keepalive_ms,40.820914
latency,2,366,http1_python_nodelay_off_c16_keepalive_ms,41.181621
latency,2,367,http1_python_nodelay_off_c16_keepalive_ms,40.779634
latency,2,368,http1_python_nodelay_off_c16_keepalive_ms,41.902653
latency,2,369,http1_python_nodelay_off_c16_keepalive_ms,41.307973
latency,2,370,http1_python_nodelay_off_c16_keepalive_ms,42.120827
latency,2,371,http1_python_nodelay_off_c16_keepalive_ms,41.674059
latency,2,372,http1_python_nodelay_off_c16_keepalive_ms,40.987137
latency,2,373,http1_python_nodelay_off_c16_keepalive_ms,41.226832
latency,2,374,http1_python_nodelay_off_c16_keepalive_ms,40.776494
latency,2,375,http1_python_nodelay_off_c16_keepalive_ms,41.240732
latency,2,376,http1_python_nodelay_off_c16_keepalive_ms,40.690042
latency,2,377,http1_python_nodelay_off_c16_keepalive_ms,41.047509
latency,2,378,http1_python_nodelay_off_c16_keepalive_ms,40.983477
latency,2,379,http1_python_nodelay_off_c16_keepalive_ms,41.227292
latency,2,380,http1_python_nodelay_off_c16_keepalive_ms,41.938304
latency,2,381,http1_python_nodelay_off_c16_keepalive_ms,41.982434
latency,2,382,http1_python_nodelay_off_c16_keepalive_ms,42.016355
latency,2,383,http1_python_nodelay_off_c16_keepalive_ms,40.939557
latency,2,384,http1_python_nodelay_off_c16_keepalive_ms,40.907886
latency,2,385,http1_python_nodelay_off_c16_keepalive_ms,40.974547
latency,2,386,http1_python_nodelay_off_c16_keepalive_ms,42.558874
latency,2,387,http1_python_nodelay_off_c16_keepalive_ms,41.966965
latency,2,388,http1_python_nodelay_off_c16_keepalive_ms,41.443735
latency,2,389,http1_python_nodelay_off_c16_keepalive_ms,41.249512
latency,2,390,http1_python_nodelay_off_c16_keepalive_ms,42.396091
latency,2,391,http1_python_nodelay_off_c16_keepalive_ms,42.791299
latency,2,392,http1_python_nodelay_off_c16_keepalive_ms,41.964634
latency,2,393,http1_python_nodelay_off_c16_keepalive_ms,42.163327
latency,2,394,http1_python_nodelay_off_c16_keepalive_ms,41.914063
latency,2,395,http1_python_nodelay_off_c16_keepalive_ms,41.774962
latency,2,396,http1_python_nodelay_off_c16_keepalive_ms,41.740190
latency,2,397,http1_python_nodelay_off_c16_keepalive_ms,42.057796
latency,2,398,http1_python_nodelay_off_c16_keepalive_ms,43.283196
latency,2,399,http1_python_nodelay_off_c16_keepalive_ms,41.204062
latency,2,1040,http1_python_nodelay_off_c16_keepalive_ms,42.634826
latency,2,1041,http1_python_nodelay_off_c16_keepalive_ms,45.066477
latency,2,1042,http1_python_nodelay_off_c16_keepalive_ms,43.949388
latency,2,1043,http1_python_nodelay_off_c16_keepalive_ms,43.467880
latency,2,1044,http1_python_nodelay_off_c16_keepalive_ms,43.395808
latency,2,1045,http1_python_nodelay_off_c16_keepalive_ms,41.718980
latency,2,1046,http1_python_nodelay_off_c16_keepalive_ms,42.126757
latency,2,1047,http1_python_nodelay_off_c16_keepalive_ms,41.718370
latency,2,1048,http1_python_nodelay_off_c16_keepalive_ms,41.862012
latency,2,1049,http1_python_nodelay_off_c16_keepalive_ms,41.812572
latency,2,1050,http1_python_nodelay_off_c16_keepalive_ms,41.746910
latency,2,1051,http1_python_nodelay_off_c16_keepalive_ms,41.097060
latency,2,1052,http1_python_nodelay_off_c16_keepalive_ms,41.185020
latency,2,1053,http1_python_nodelay_off_c16_keepalive_ms,40.759854
latency,2,1054,http1_python_nodelay_off_c16_keepalive_ms,41.112800
latency,2,1055,http1_python_nodelay_off_c16_keepalive_ms,40.912596
latency,2,1056,http1_python_nodelay_off_c16_keepalive_ms,41.244382
latency,2,1057,http1_python_nodelay_off_c16_keepalive_ms,40.805924
latency,2,1058,http1_python_nodelay_off_c16_keepalive_ms,41.209032
latency,2,1059,http1_python_nodelay_off_c16_keepalive_ms,40.842074
latency,2,1060,http1_python_nodelay_off_c16_keepalive_ms,40.895476
latency,2,1061,http1_python_nodelay_off_c16_keepalive_ms,42.053526
latency,2,1062,http1_python_nodelay_off_c16_keepalive_ms,41.019338
latency,2,1063,http1_python_nodelay_off_c16_keepalive_ms,40.966497
latency,2,1064,http1_python_nodelay_off_c16_keepalive_ms,40.993518
latency,2,1065,http1_python_nodelay_off_c16_keepalive_ms,41.062009
latency,2,1066,http1_python_nodelay_off_c16_keepalive_ms,40.958257
latency,2,1067,http1_python_nodelay_off_c16_keepalive_ms,40.976547
latency,2,1068,http1_python_nodelay_off_c16_keepalive_ms,41.001858
latency,2,1069,http1_python_nodelay_off_c16_keepalive_ms,41.000058
latency,2,1070,http1_python_nodelay_off_c16_keepalive_ms,40.999817
latency,2,1071,http1_python_nodelay_off_c16_keepalive_ms,41.002548
latency,2,1072,http1_python_nodelay_off_c16_keepalive_ms,41.003928
latency,2,1073,http1_python_nodelay_off_c16_keepalive_ms,40.997997
latency,2,1074,http1_python_nodelay_off_c16_keepalive_ms,42.075426
latency,2,1075,http1_python_nodelay_off_c16_keepalive_ms,41.401505
latency,2,1076,http1_python_nodelay_off_c16_keepalive_ms,41.444955
latency,2,1077,http1_python_nodelay_off_c16_keepalive_ms,41.252672
latency,2,1078,http1_python_nodelay_off_c16_keepalive_ms,40.961288
latency,2,1079,http1_python_nodelay_off_c16_keepalive_ms,40.957526
latency,2,1080,http1_python_nodelay_off_c16_keepalive_ms,40.972658
latency,2,1081,http1_python_nodelay_off_c16_keepalive_ms,40.989527
latency,2,1082,http1_python_nodelay_off_c16_keepalive_ms,41.427425
latency,2,1083,http1_python_nodelay_off_c16_keepalive_ms,40.514570
latency,2,1084,http1_python_nodelay_off_c16_keepalive_ms,41.488236
latency,2,1085,http1_python_nodelay_off_c16_keepalive_ms,40.576370
latency,2,1086,http1_python_nodelay_off_c16_keepalive_ms,41.210422
latency,2,1087,http1_python_nodelay_off_c16_keepalive_ms,40.714462
latency,2,1088,http1_python_nodelay_off_c16_keepalive_ms,41.067389
latency,2,1089,http1_python_nodelay_off_c16_keepalive_ms,41.937784
latency,2,1090,http1_python_nodelay_off_c16_keepalive_ms,42.481923
latency,2,1091,http1_python_nodelay_off_c16_keepalive_ms,41.672849
latency,2,1092,http1_python_nodelay_off_c16_keepalive_ms,42.010575
latency,2,1093,http1_python_nodelay_off_c16_keepalive_ms,41.701570
latency,2,1094,http1_python_nodelay_off_c16_keepalive_ms,41.057398
latency,2,1095,http1_python_nodelay_off_c16_keepalive_ms,41.234252
latency,2,1096,http1_python_nodelay_off_c16_keepalive_ms,41.869923
latency,2,1097,http1_python_nodelay_off_c16_keepalive_ms,41.997684
latency,2,1098,http1_python_nodelay_off_c16_keepalive_ms,42.004075
latency,2,1099,http1_python_nodelay_off_c16_keepalive_ms,41.971185
latency,2,1100,http1_python_nodelay_off_c16_keepalive_ms,42.153447
latency,2,1101,http1_python_nodelay_off_c16_keepalive_ms,42.023055
latency,2,1102,http1_python_nodelay_off_c16_keepalive_ms,42.130977
latency,2,1103,http1_python_nodelay_off_c16_keepalive_ms,40.736903
latency,2,1104,http1_python_nodelay_off_c16_keepalive_ms,40.933747
latency,2,1105,http1_python_nodelay_off_c16_keepalive_ms,40.999877
latency,2,1106,http1_python_nodelay_off_c16_keepalive_ms,40.943297
latency,2,1107,http1_python_nodelay_off_c16_keepalive_ms,41.057239
latency,2,1108,http1_python_nodelay_off_c16_keepalive_ms,41.007568
latency,2,1109,http1_python_nodelay_off_c16_keepalive_ms,44.137331
latency,2,1110,http1_python_nodelay_off_c16_keepalive_ms,40.923967
latency,2,1111,http1_python_nodelay_off_c16_keepalive_ms,46.578112
latency,2,1112,http1_python_nodelay_off_c16_keepalive_ms,42.746568
latency,2,1113,http1_python_nodelay_off_c16_keepalive_ms,42.101766
latency,2,1114,http1_python_nodelay_off_c16_keepalive_ms,41.582037
latency,2,1115,http1_python_nodelay_off_c16_keepalive_ms,42.865480
latency,2,1116,http1_python_nodelay_off_c16_keepalive_ms,41.391355
latency,2,1117,http1_python_nodelay_off_c16_keepalive_ms,41.959993
latency,2,1118,http1_python_nodelay_off_c16_keepalive_ms,41.829331
latency,2,1119,http1_python_nodelay_off_c16_keepalive_ms,42.427293
latency,2,1120,http1_python_nodelay_off_c16_keepalive_ms,42.741487
latency,2,1121,http1_python_nodelay_off_c16_keepalive_ms,44.925825
latency,2,1122,http1_python_nodelay_off_c16_keepalive_ms,44.087800
latency,2,1123,http1_python_nodelay_off_c16_keepalive_ms,42.894770
latency,2,1124,http1_python_nodelay_off_c16_keepalive_ms,42.323410
latency,2,1125,http1_python_nodelay_off_c16_keepalive_ms,41.923823
latency,2,1126,http1_python_nodelay_off_c16_keepalive_ms,41.644329
latency,2,1127,http1_python_nodelay_off_c16_keepalive_ms,43.597812
latency,2,1128,http1_python_nodelay_off_c16_keepalive_ms,41.815452
latency,2,1129,http1_python_nodelay_off_c16_keepalive_ms,41.812791
latency,2,1130,http1_python_nodelay_off_c16_keepalive_ms,40.853875
latency,2,1131,http1_python_nodelay_off_c16_keepalive_ms,40.998068
latency,2,1132,http1_python_nodelay_off_c16_keepalive_ms,41.257092
latency,2,1133,http1_python_nodelay_off_c16_keepalive_ms,40.650062
latency,2,1134,http1_python_nodelay_off_c16_keepalive_ms,41.342424
latency,2,1135,http1_python_nodelay_off_c16_keepalive_ms,40.664571
latency,2,1136,http1_python_nodelay_off_c16_keepalive_ms,41.318173
latency,2,1137,http1_python_nodelay_off_c16_keepalive_ms,40.747854
latency,2,1138,http1_python_nodelay_off_c16_keepalive_ms,41.279333
latency,2,1139,http1_python_nodelay_off_c16_keepalive_ms,41.757780
latency,2,1140,http1_python_nodelay_off_c16_keepalive_ms,42.049986
latency,2,1141,http1_python_nodelay_off_c16_keepalive_ms,41.930603
latency,2,1142,http1_python_nodelay_off_c16_keepalive_ms,40.968748
latency,2,1143,http1_python_nodelay_off_c16_keepalive_ms,41.025448
latency,2,1144,http1_python_nodelay_off_c16_keepalive_ms,40.971197
latency,2,1145,http1_python_nodelay_off_c16_keepalive_ms,41.014638
latency,2,1146,http1_python_nodelay_off_c16_keepalive_ms,40.990947
latency,2,1147,http1_python_nodelay_off_c16_keepalive_ms,41.004938
latency,2,1148,http1_python_nodelay_off_c16_keepalive_ms,40.990318
latency,2,1149,http1_python_nodelay_off_c16_keepalive_ms,41.010528
latency,2,1150,http1_python_nodelay_off_c16_keepalive_ms,40.981447
latency,2,1151,http1_python_nodelay_off_c16_keepalive_ms,41.019168
latency,2,1152,http1_python_nodelay_off_c16_keepalive_ms,40.978448
latency,2,1153,http1_python_nodelay_off_c16_keepalive_ms,41.023757
latency,2,1154,http1_python_nodelay_off_c16_keepalive_ms,41.108780
latency,2,1155,http1_python_nodelay_off_c16_keepalive_ms,41.036319
latency,2,1156,http1_python_nodelay_off_c16_keepalive_ms,41.974934
latency,2,1157,http1_python_nodelay_off_c16_keepalive_ms,41.030798
latency,2,1158,http1_python_nodelay_off_c16_keepalive_ms,41.005648
latency,2,1159,http1_python_nodelay_off_c16_keepalive_ms,40.958337
latency,2,1160,http1_python_nodelay_off_c16_keepalive_ms,40.970827
latency,2,1161,http1_python_nodelay_off_c16_keepalive_ms,40.990858
latency,2,1162,http1_python_nodelay_off_c16_keepalive_ms,40.925956
latency,2,1163,http1_python_nodelay_off_c16_keepalive_ms,41.016208
latency,2,1164,http1_python_nodelay_off_c16_keepalive_ms,40.982077
latency,2,1165,http1_python_nodelay_off_c16_keepalive_ms,41.080880
latency,2,1166,http1_python_nodelay_off_c16_keepalive_ms,40.920466
latency,2,1167,http1_python_nodelay_off_c16_keepalive_ms,41.004598
latency,2,1168,http1_python_nodelay_off_c16_keepalive_ms,41.067449
latency,2,1169,http1_python_nodelay_off_c16_keepalive_ms,41.939193
latency,2,1170,http1_python_nodelay_off_c16_keepalive_ms,41.982345
latency,2,1171,http1_python_nodelay_off_c16_keepalive_ms,42.102326
latency,2,1172,http1_python_nodelay_off_c16_keepalive_ms,42.034106
latency,2,1173,http1_python_nodelay_off_c16_keepalive_ms,40.954997
latency,2,1174,http1_python_nodelay_off_c16_keepalive_ms,40.981977
latency,2,1175,http1_python_nodelay_off_c16_keepalive_ms,42.033085
latency,2,1176,http1_python_nodelay_off_c16_keepalive_ms,42.211899
latency,2,1177,http1_python_nodelay_off_c16_keepalive_ms,41.900513
latency,2,1178,http1_python_nodelay_off_c16_keepalive_ms,41.985044
latency,2,1179,http1_python_nodelay_off_c16_keepalive_ms,41.703060
latency,2,1180,http1_python_nodelay_off_c16_keepalive_ms,42.224369
latency,2,1181,http1_python_nodelay_off_c16_keepalive_ms,42.056545
latency,2,1182,http1_python_nodelay_off_c16_keepalive_ms,41.895013
latency,2,1183,http1_python_nodelay_off_c16_keepalive_ms,41.819982
latency,2,1184,http1_python_nodelay_off_c16_keepalive_ms,41.129990
latency,2,1185,http1_python_nodelay_off_c16_keepalive_ms,40.994187
latency,2,1186,http1_python_nodelay_off_c16_keepalive_ms,41.001538
latency,2,1187,http1_python_nodelay_off_c16_keepalive_ms,44.006109
latency,2,1188,http1_python_nodelay_off_c16_keepalive_ms,42.069306
latency,2,1189,http1_python_nodelay_off_c16_keepalive_ms,40.897086
latency,2,1190,http1_python_nodelay_off_c16_keepalive_ms,43.662673
latency,2,1191,http1_python_nodelay_off_c16_keepalive_ms,42.667896
latency,2,1192,http1_python_nodelay_off_c16_keepalive_ms,41.609898
latency,2,1193,http1_python_nodelay_off_c16_keepalive_ms,42.131157
latency,2,1194,http1_python_nodelay_off_c16_keepalive_ms,41.870403
latency,2,1195,http1_python_nodelay_off_c16_keepalive_ms,41.986374
latency,2,1196,http1_python_nodelay_off_c16_keepalive_ms,42.398242
latency,2,1197,http1_python_nodelay_off_c16_keepalive_ms,42.004205
latency,2,1198,http1_python_nodelay_off_c16_keepalive_ms,41.994844
latency,2,1199,http1_python_nodelay_off_c16_keepalive_ms,42.347871
latency,2,160,http1_python_nodelay_off_c16_keepalive_ms,43.537722
latency,2,161,http1_python_nodelay_off_c16_keepalive_ms,44.217732
latency,2,162,http1_python_nodelay_off_c16_keepalive_ms,43.729294
latency,2,163,http1_python_nodelay_off_c16_keepalive_ms,43.167165
latency,2,164,http1_python_nodelay_off_c16_keepalive_ms,42.330260
latency,2,165,http1_python_nodelay_off_c16_keepalive_ms,41.925583
latency,2,166,http1_python_nodelay_off_c16_keepalive_ms,41.887493
latency,2,167,http1_python_nodelay_off_c16_keepalive_ms,42.732458
latency,2,168,http1_python_nodelay_off_c16_keepalive_ms,42.324680
latency,2,169,http1_python_nodelay_off_c16_keepalive_ms,41.815651
latency,2,170,http1_python_nodelay_off_c16_keepalive_ms,40.923847
latency,2,171,http1_python_nodelay_off_c16_keepalive_ms,40.948297
latency,2,172,http1_python_nodelay_off_c16_keepalive_ms,40.950186
latency,2,173,http1_python_nodelay_off_c16_keepalive_ms,41.284343
latency,2,174,http1_python_nodelay_off_c16_keepalive_ms,40.709703
latency,2,175,http1_python_nodelay_off_c16_keepalive_ms,41.299673
latency,2,176,http1_python_nodelay_off_c16_keepalive_ms,40.693252
latency,2,177,http1_python_nodelay_off_c16_keepalive_ms,41.043039
latency,2,178,http1_python_nodelay_off_c16_keepalive_ms,40.954357
latency,2,179,http1_python_nodelay_off_c16_keepalive_ms,42.162507
latency,2,180,http1_python_nodelay_off_c16_keepalive_ms,41.921783
latency,2,181,http1_python_nodelay_off_c16_keepalive_ms,41.978555
latency,2,182,http1_python_nodelay_off_c16_keepalive_ms,41.017928
latency,2,183,http1_python_nodelay_off_c16_keepalive_ms,40.977067
latency,2,184,http1_python_nodelay_off_c16_keepalive_ms,41.019898
latency,2,185,http1_python_nodelay_off_c16_keepalive_ms,40.965627
latency,2,186,http1_python_nodelay_off_c16_keepalive_ms,41.039559
latency,2,187,http1_python_nodelay_off_c16_keepalive_ms,40.956397
latency,2,188,http1_python_nodelay_off_c16_keepalive_ms,41.039948
latency,2,189,http1_python_nodelay_off_c16_keepalive_ms,40.960777
latency,2,190,http1_python_nodelay_off_c16_keepalive_ms,41.072499
latency,2,191,http1_python_nodelay_off_c16_keepalive_ms,40.928537
latency,2,192,http1_python_nodelay_off_c16_keepalive_ms,41.026148
latency,2,193,http1_python_nodelay_off_c16_keepalive_ms,40.976467
latency,2,194,http1_python_nodelay_off_c16_keepalive_ms,41.073769
latency,2,195,http1_python_nodelay_off_c16_keepalive_ms,41.043979
latency,2,196,http1_python_nodelay_off_c16_keepalive_ms,41.877862
latency,2,197,http1_python_nodelay_off_c16_keepalive_ms,41.153490
latency,2,198,http1_python_nodelay_off_c16_keepalive_ms,41.729731
latency,2,199,http1_python_nodelay_off_c16_keepalive_ms,42.082306
latency,2,200,http1_python_nodelay_off_c16_keepalive_ms,40.987567
latency,2,201,http1_python_nodelay_off_c16_keepalive_ms,41.006828
latency,2,202,http1_python_nodelay_off_c16_keepalive_ms,40.995748
latency,2,203,http1_python_nodelay_off_c16_keepalive_ms,41.015508
latency,2,204,http1_python_nodelay_off_c16_keepalive_ms,41.001567
latency,2,205,http1_python_nodelay_off_c16_keepalive_ms,40.982798
latency,2,206,http1_python_nodelay_off_c16_keepalive_ms,40.992588
latency,2,207,http1_python_nodelay_off_c16_keepalive_ms,41.013188
latency,2,208,http1_python_nodelay_off_c16_keepalive_ms,41.001058
latency,2,209,http1_python_nodelay_off_c16_keepalive_ms,41.998084
latency,2,210,http1_python_nodelay_off_c16_keepalive_ms,41.001748
latency,2,211,http1_python_nodelay_off_c16_keepalive_ms,41.187161
latency,2,212,http1_python_nodelay_off_c16_keepalive_ms,41.987484
latency,2,213,http1_python_nodelay_off_c16_keepalive_ms,41.001278
latency,2,214,http1_python_nodelay_off_c16_keepalive_ms,40.935067
latency,2,215,http1_python_nodelay_off_c16_keepalive_ms,42.079796
latency,2,216,http1_python_nodelay_off_c16_keepalive_ms,42.213118
latency,2,217,http1_python_nodelay_off_c16_keepalive_ms,41.830982
latency,2,218,http1_python_nodelay_off_c16_keepalive_ms,42.055336
latency,2,219,http1_python_nodelay_off_c16_keepalive_ms,41.735440
latency,2,220,http1_python_nodelay_off_c16_keepalive_ms,42.150037
latency,2,221,http1_python_nodelay_off_c16_keepalive_ms,42.018415
latency,2,222,http1_python_nodelay_off_c16_keepalive_ms,42.012685
latency,2,223,http1_python_nodelay_off_c16_keepalive_ms,41.884903
latency,2,224,http1_python_nodelay_off_c16_keepalive_ms,41.021578
latency,2,225,http1_python_nodelay_off_c16_keepalive_ms,40.955887
latency,2,226,http1_python_nodelay_off_c16_keepalive_ms,41.038289
latency,2,227,http1_python_nodelay_off_c16_keepalive_ms,44.028729
latency,2,228,http1_python_nodelay_off_c16_keepalive_ms,42.050545
latency,2,229,http1_python_nodelay_off_c16_keepalive_ms,40.853926
latency,2,230,http1_python_nodelay_off_c16_keepalive_ms,43.610752
latency,2,231,http1_python_nodelay_off_c16_keepalive_ms,42.802918
latency,2,232,http1_python_nodelay_off_c16_keepalive_ms,41.954874
latency,2,233,http1_python_nodelay_off_c16_keepalive_ms,41.627289
latency,2,234,http1_python_nodelay_off_c16_keepalive_ms,42.404331
latency,2,235,http1_python_nodelay_off_c16_keepalive_ms,41.823802
latency,2,236,http1_python_nodelay_off_c16_keepalive_ms,41.955004
latency,2,237,http1_python_nodelay_off_c16_keepalive_ms,42.129507
latency,2,238,http1_python_nodelay_off_c16_keepalive_ms,41.976064
latency,2,239,http1_python_nodelay_off_c16_keepalive_ms,42.439283
trial,2,1280,http1_python_nodelay_off_c16_median_ms,41.209091
trial,2,1280,http1_python_nodelay_off_c16_p95_ms,43.283196
trial,2,1280,http1_python_nodelay_off_c16_requests_per_second,383.896
trial,2,1280,http1_python_nodelay_off_c16_wall_ms,3334.239
latency,3,0,http1_python_nodelay_off_c16_keepalive_ms,2.992041
latency,3,1,http1_python_nodelay_off_c16_keepalive_ms,41.316223
latency,3,2,http1_python_nodelay_off_c16_keepalive_ms,42.091897
latency,3,3,http1_python_nodelay_off_c16_keepalive_ms,43.078383
latency,3,4,http1_python_nodelay_off_c16_keepalive_ms,42.915960
latency,3,5,http1_python_nodelay_off_c16_keepalive_ms,42.092196
latency,3,6,http1_python_nodelay_off_c16_keepalive_ms,41.886493
latency,3,7,http1_python_nodelay_off_c16_keepalive_ms,42.209688
latency,3,8,http1_python_nodelay_off_c16_keepalive_ms,41.134250
latency,3,9,http1_python_nodelay_off_c16_keepalive_ms,41.867583
latency,3,10,http1_python_nodelay_off_c16_keepalive_ms,41.746040
latency,3,11,http1_python_nodelay_off_c16_keepalive_ms,42.021395
latency,3,12,http1_python_nodelay_off_c16_keepalive_ms,43.184515
latency,3,13,http1_python_nodelay_off_c16_keepalive_ms,45.814720
latency,3,14,http1_python_nodelay_off_c16_keepalive_ms,43.070873
latency,3,15,http1_python_nodelay_off_c16_keepalive_ms,44.019539
latency,3,16,http1_python_nodelay_off_c16_keepalive_ms,41.964124
latency,3,17,http1_python_nodelay_off_c16_keepalive_ms,41.046139
latency,3,18,http1_python_nodelay_off_c16_keepalive_ms,40.827645
latency,3,19,http1_python_nodelay_off_c16_keepalive_ms,41.029478
latency,3,20,http1_python_nodelay_off_c16_keepalive_ms,40.965177
latency,3,21,http1_python_nodelay_off_c16_keepalive_ms,41.001908
latency,3,22,http1_python_nodelay_off_c16_keepalive_ms,41.002288
latency,3,23,http1_python_nodelay_off_c16_keepalive_ms,42.143987
latency,3,24,http1_python_nodelay_off_c16_keepalive_ms,40.900296
latency,3,25,http1_python_nodelay_off_c16_keepalive_ms,40.949037
latency,3,26,http1_python_nodelay_off_c16_keepalive_ms,41.001497
latency,3,27,http1_python_nodelay_off_c16_keepalive_ms,41.015039
latency,3,28,http1_python_nodelay_off_c16_keepalive_ms,40.990897
latency,3,29,http1_python_nodelay_off_c16_keepalive_ms,40.997748
latency,3,30,http1_python_nodelay_off_c16_keepalive_ms,41.047468
latency,3,31,http1_python_nodelay_off_c16_keepalive_ms,40.956757
latency,3,32,http1_python_nodelay_off_c16_keepalive_ms,41.033099
latency,3,33,http1_python_nodelay_off_c16_keepalive_ms,40.952817
latency,3,34,http1_python_nodelay_off_c16_keepalive_ms,42.005004
latency,3,35,http1_python_nodelay_off_c16_keepalive_ms,41.008839
latency,3,36,http1_python_nodelay_off_c16_keepalive_ms,41.036328
latency,3,37,http1_python_nodelay_off_c16_keepalive_ms,40.956337
latency,3,38,http1_python_nodelay_off_c16_keepalive_ms,41.068349
latency,3,39,http1_python_nodelay_off_c16_keepalive_ms,41.943414
latency,3,40,http1_python_nodelay_off_c16_keepalive_ms,41.038428
latency,3,41,http1_python_nodelay_off_c16_keepalive_ms,41.355634
latency,3,42,http1_python_nodelay_off_c16_keepalive_ms,41.677499
latency,3,43,http1_python_nodelay_off_c16_keepalive_ms,41.191971
latency,3,44,http1_python_nodelay_off_c16_keepalive_ms,40.811525
latency,3,45,http1_python_nodelay_off_c16_keepalive_ms,42.311110
latency,3,46,http1_python_nodelay_off_c16_keepalive_ms,40.615821
latency,3,47,http1_python_nodelay_off_c16_keepalive_ms,41.287123
latency,3,48,http1_python_nodelay_off_c16_keepalive_ms,40.709742
latency,3,49,http1_python_nodelay_off_c16_keepalive_ms,41.483126
latency,3,50,http1_python_nodelay_off_c16_keepalive_ms,40.525400
latency,3,51,http1_python_nodelay_off_c16_keepalive_ms,41.258942
latency,3,52,http1_python_nodelay_off_c16_keepalive_ms,40.750544
latency,3,53,http1_python_nodelay_off_c16_keepalive_ms,41.444225
latency,3,54,http1_python_nodelay_off_c16_keepalive_ms,40.582480
latency,3,55,http1_python_nodelay_off_c16_keepalive_ms,41.142921
latency,3,56,http1_python_nodelay_off_c16_keepalive_ms,40.811364
latency,3,57,http1_python_nodelay_off_c16_keepalive_ms,41.134440
latency,3,58,http1_python_nodelay_off_c16_keepalive_ms,40.938417
latency,3,59,http1_python_nodelay_off_c16_keepalive_ms,42.025105
latency,3,60,http1_python_nodelay_off_c16_keepalive_ms,40.941717
latency,3,61,http1_python_nodelay_off_c16_keepalive_ms,40.952357
latency,3,62,http1_python_nodelay_off_c16_keepalive_ms,41.993835
latency,3,63,http1_python_nodelay_off_c16_keepalive_ms,41.016957
latency,3,64,http1_python_nodelay_off_c16_keepalive_ms,41.046259
latency,3,65,http1_python_nodelay_off_c16_keepalive_ms,40.953997
latency,3,66,http1_python_nodelay_off_c16_keepalive_ms,40.992358
latency,3,67,http1_python_nodelay_off_c16_keepalive_ms,40.992787
latency,3,68,http1_python_nodelay_off_c16_keepalive_ms,42.051216
latency,3,69,http1_python_nodelay_off_c16_keepalive_ms,40.965127
latency,3,70,http1_python_nodelay_off_c16_keepalive_ms,41.990545
latency,3,71,http1_python_nodelay_off_c16_keepalive_ms,41.398224
latency,3,72,http1_python_nodelay_off_c16_keepalive_ms,40.649012
latency,3,73,http1_python_nodelay_off_c16_keepalive_ms,40.941947
latency,3,74,http1_python_nodelay_off_c16_keepalive_ms,41.167830
latency,3,75,http1_python_nodelay_off_c16_keepalive_ms,40.838806
latency,3,76,http1_python_nodelay_off_c16_keepalive_ms,41.014037
latency,3,77,http1_python_nodelay_off_c16_keepalive_ms,40.986978
latency,3,78,http1_python_nodelay_off_c16_keepalive_ms,40.999878
latency,3,79,http1_python_nodelay_off_c16_keepalive_ms,41.000527
latency,3,720,http1_python_nodelay_off_c16_keepalive_ms,42.517804
latency,3,721,http1_python_nodelay_off_c16_keepalive_ms,41.932034
latency,3,722,http1_python_nodelay_off_c16_keepalive_ms,42.028265
latency,3,723,http1_python_nodelay_off_c16_keepalive_ms,43.899577
latency,3,724,http1_python_nodelay_off_c16_keepalive_ms,41.989694
latency,3,725,http1_python_nodelay_off_c16_keepalive_ms,42.080657
latency,3,726,http1_python_nodelay_off_c16_keepalive_ms,42.058245
latency,3,727,http1_python_nodelay_off_c16_keepalive_ms,41.883293
latency,3,728,http1_python_nodelay_off_c16_keepalive_ms,42.026686
latency,3,729,http1_python_nodelay_off_c16_keepalive_ms,40.902276
latency,3,730,http1_python_nodelay_off_c16_keepalive_ms,41.015777
latency,3,731,http1_python_nodelay_off_c16_keepalive_ms,42.015466
latency,3,732,http1_python_nodelay_off_c16_keepalive_ms,41.003097
latency,3,733,http1_python_nodelay_off_c16_keepalive_ms,41.977405
latency,3,734,http1_python_nodelay_off_c16_keepalive_ms,41.054369
latency,3,735,http1_python_nodelay_off_c16_keepalive_ms,42.087036
latency,3,736,http1_python_nodelay_off_c16_keepalive_ms,41.931633
latency,3,737,http1_python_nodelay_off_c16_keepalive_ms,41.960004
latency,3,738,http1_python_nodelay_off_c16_keepalive_ms,40.953017
latency,3,739,http1_python_nodelay_off_c16_keepalive_ms,42.243919
latency,3,740,http1_python_nodelay_off_c16_keepalive_ms,41.815542
latency,3,741,http1_python_nodelay_off_c16_keepalive_ms,41.945274
latency,3,742,http1_python_nodelay_off_c16_keepalive_ms,40.995237
latency,3,743,http1_python_nodelay_off_c16_keepalive_ms,41.042119
latency,3,744,http1_python_nodelay_off_c16_keepalive_ms,41.113090
latency,3,745,http1_python_nodelay_off_c16_keepalive_ms,41.142450
latency,3,746,http1_python_nodelay_off_c16_keepalive_ms,40.715502
latency,3,747,http1_python_nodelay_off_c16_keepalive_ms,41.024989
latency,3,748,http1_python_nodelay_off_c16_keepalive_ms,40.952987
latency,3,749,http1_python_nodelay_off_c16_keepalive_ms,41.000177
latency,3,750,http1_python_nodelay_off_c16_keepalive_ms,42.085837
latency,3,751,http1_python_nodelay_off_c16_keepalive_ms,40.968287
latency,3,752,http1_python_nodelay_off_c16_keepalive_ms,41.017948
latency,3,753,http1_python_nodelay_off_c16_keepalive_ms,41.923323
latency,3,754,http1_python_nodelay_off_c16_keepalive_ms,41.014248
latency,3,755,http1_python_nodelay_off_c16_keepalive_ms,41.041199
latency,3,756,http1_python_nodelay_off_c16_keepalive_ms,40.999548
latency,3,757,http1_python_nodelay_off_c16_keepalive_ms,40.951376
latency,3,758,http1_python_nodelay_off_c16_keepalive_ms,42.000985
latency,3,759,http1_python_nodelay_off_c16_keepalive_ms,42.048716
latency,3,760,http1_python_nodelay_off_c16_keepalive_ms,40.957597
latency,3,761,http1_python_nodelay_off_c16_keepalive_ms,41.047788
latency,3,762,http1_python_nodelay_off_c16_keepalive_ms,40.955137
latency,3,763,http1_python_nodelay_off_c16_keepalive_ms,41.008078
latency,3,764,http1_python_nodelay_off_c16_keepalive_ms,41.204102
latency,3,765,http1_python_nodelay_off_c16_keepalive_ms,40.856745
latency,3,766,http1_python_nodelay_off_c16_keepalive_ms,40.930436
latency,3,767,http1_python_nodelay_off_c16_keepalive_ms,41.052819
latency,3,768,http1_python_nodelay_off_c16_keepalive_ms,40.947237
latency,3,769,http1_python_nodelay_off_c16_keepalive_ms,41.039478
latency,3,770,http1_python_nodelay_off_c16_keepalive_ms,40.978258
latency,3,771,http1_python_nodelay_off_c16_keepalive_ms,41.020138
latency,3,772,http1_python_nodelay_off_c16_keepalive_ms,41.435385
latency,3,773,http1_python_nodelay_off_c16_keepalive_ms,40.537090
latency,3,774,http1_python_nodelay_off_c16_keepalive_ms,40.972967
latency,3,775,http1_python_nodelay_off_c16_keepalive_ms,41.049629
latency,3,776,http1_python_nodelay_off_c16_keepalive_ms,42.434042
latency,3,777,http1_python_nodelay_off_c16_keepalive_ms,41.582737
latency,3,778,http1_python_nodelay_off_c16_keepalive_ms,42.460483
latency,3,779,http1_python_nodelay_off_c16_keepalive_ms,41.549457
latency,3,780,http1_python_nodelay_off_c16_keepalive_ms,42.339101
latency,3,781,http1_python_nodelay_off_c16_keepalive_ms,41.640578
latency,3,782,http1_python_nodelay_off_c16_keepalive_ms,40.954777
latency,3,783,http1_python_nodelay_off_c16_keepalive_ms,41.060769
latency,3,784,http1_python_nodelay_off_c16_keepalive_ms,40.944507
latency,3,785,http1_python_nodelay_off_c16_keepalive_ms,41.003098
latency,3,786,http1_python_nodelay_off_c16_keepalive_ms,40.986947
latency,3,787,http1_python_nodelay_off_c16_keepalive_ms,42.192798
latency,3,788,http1_python_nodelay_off_c16_keepalive_ms,41.913444
latency,3,789,http1_python_nodelay_off_c16_keepalive_ms,42.080786
latency,3,790,http1_python_nodelay_off_c16_keepalive_ms,41.146650
latency,3,791,http1_python_nodelay_off_c16_keepalive_ms,40.690223
latency,3,792,http1_python_nodelay_off_c16_keepalive_ms,41.002517
latency,3,793,http1_python_nodelay_off_c16_keepalive_ms,40.978388
latency,3,794,http1_python_nodelay_off_c16_keepalive_ms,41.115109
latency,3,795,http1_python_nodelay_off_c16_keepalive_ms,40.897056
latency,3,796,http1_python_nodelay_off_c16_keepalive_ms,41.984325
latency,3,797,http1_python_nodelay_off_c16_keepalive_ms,41.006048
latency,3,798,http1_python_nodelay_off_c16_keepalive_ms,41.142280
latency,3,799,http1_python_nodelay_off_c16_keepalive_ms,40.913406
latency,3,1040,http1_python_nodelay_off_c16_keepalive_ms,42.382111
latency,3,1041,http1_python_nodelay_off_c16_keepalive_ms,42.544815
latency,3,1042,http1_python_nodelay_off_c16_keepalive_ms,41.931983
latency,3,1043,http1_python_nodelay_off_c16_keepalive_ms,43.512391
latency,3,1044,http1_python_nodelay_off_c16_keepalive_ms,42.374611
latency,3,1045,http1_python_nodelay_off_c16_keepalive_ms,42.957191
latency,3,1046,http1_python_nodelay_off_c16_keepalive_ms,41.125890
latency,3,1047,http1_python_nodelay_off_c16_keepalive_ms,41.888252
latency,3,1048,http1_python_nodelay_off_c16_keepalive_ms,41.881103
latency,3,1049,http1_python_nodelay_off_c16_keepalive_ms,42.696557
latency,3,1050,http1_python_nodelay_off_c16_keepalive_ms,42.123957
latency,3,1051,http1_python_nodelay_off_c16_keepalive_ms,40.952446
latency,3,1052,http1_python_nodelay_off_c16_keepalive_ms,40.976298
latency,3,1053,http1_python_nodelay_off_c16_keepalive_ms,40.976897
latency,3,1054,http1_python_nodelay_off_c16_keepalive_ms,41.042119
latency,3,1055,http1_python_nodelay_off_c16_keepalive_ms,41.134390
latency,3,1056,http1_python_nodelay_off_c16_keepalive_ms,41.766501
latency,3,1057,http1_python_nodelay_off_c16_keepalive_ms,41.078459
latency,3,1058,http1_python_nodelay_off_c16_keepalive_ms,41.007668
latency,3,1059,http1_python_nodelay_off_c16_keepalive_ms,40.998037
latency,3,1060,http1_python_nodelay_off_c16_keepalive_ms,40.985058
latency,3,1061,http1_python_nodelay_off_c16_keepalive_ms,40.993097
latency,3,1062,http1_python_nodelay_off_c16_keepalive_ms,41.943654
latency,3,1063,http1_python_nodelay_off_c16_keepalive_ms,41.149571
latency,3,1064,http1_python_nodelay_off_c16_keepalive_ms,41.187291
latency,3,1065,http1_python_nodelay_off_c16_keepalive_ms,40.730683
latency,3,1066,http1_python_nodelay_off_c16_keepalive_ms,41.059039
latency,3,1067,http1_python_nodelay_off_c16_keepalive_ms,41.031578
latency,3,1068,http1_python_nodelay_off_c16_keepalive_ms,40.978877
latency,3,1069,http1_python_nodelay_off_c16_keepalive_ms,41.019568
latency,3,1070,http1_python_nodelay_off_c16_keepalive_ms,40.991308
latency,3,1071,http1_python_nodelay_off_c16_keepalive_ms,42.015825
latency,3,1072,http1_python_nodelay_off_c16_keepalive_ms,40.960177
latency,3,1073,http1_python_nodelay_off_c16_keepalive_ms,41.025798
latency,3,1074,http1_python_nodelay_off_c16_keepalive_ms,42.264129
latency,3,1075,http1_python_nodelay_off_c16_keepalive_ms,40.720693
latency,3,1076,http1_python_nodelay_off_c16_keepalive_ms,41.032679
latency,3,1077,http1_python_nodelay_off_c16_keepalive_ms,41.833871
latency,3,1078,http1_python_nodelay_off_c16_keepalive_ms,41.180361
latency,3,1079,http1_python_nodelay_off_c16_keepalive_ms,41.939424
latency,3,1080,http1_python_nodelay_off_c16_keepalive_ms,41.008918
latency,3,1081,http1_python_nodelay_off_c16_keepalive_ms,41.020218
latency,3,1082,http1_python_nodelay_off_c16_keepalive_ms,40.975247
latency,3,1083,http1_python_nodelay_off_c16_keepalive_ms,40.950177
latency,3,1084,http1_python_nodelay_off_c16_keepalive_ms,41.341214
latency,3,1085,http1_python_nodelay_off_c16_keepalive_ms,40.737123
latency,3,1086,http1_python_nodelay_off_c16_keepalive_ms,40.980787
latency,3,1087,http1_python_nodelay_off_c16_keepalive_ms,41.014729
latency,3,1088,http1_python_nodelay_off_c16_keepalive_ms,40.979447
latency,3,1089,http1_python_nodelay_off_c16_keepalive_ms,41.013208
latency,3,1090,http1_python_nodelay_off_c16_keepalive_ms,41.001108
latency,3,1091,http1_python_nodelay_off_c16_keepalive_ms,40.996797
latency,3,1092,http1_python_nodelay_off_c16_keepalive_ms,41.206112
latency,3,1093,http1_python_nodelay_off_c16_keepalive_ms,40.712342
latency,3,1094,http1_python_nodelay_off_c16_keepalive_ms,41.055479
latency,3,1095,http1_python_nodelay_off_c16_keepalive_ms,41.029669
latency,3,1096,http1_python_nodelay_off_c16_keepalive_ms,42.208658
latency,3,1097,http1_python_nodelay_off_c16_keepalive_ms,41.788291
latency,3,1098,http1_python_nodelay_off_c16_keepalive_ms,42.203128
latency,3,1099,http1_python_nodelay_off_c16_keepalive_ms,41.885203
latency,3,1100,http1_python_nodelay_off_c16_keepalive_ms,42.152437
latency,3,1101,http1_python_nodelay_off_c16_keepalive_ms,41.746651
latency,3,1102,http1_python_nodelay_off_c16_keepalive_ms,41.986774
latency,3,1103,http1_python_nodelay_off_c16_keepalive_ms,42.022695
latency,3,1104,http1_python_nodelay_off_c16_keepalive_ms,40.968418
latency,3,1105,http1_python_nodelay_off_c16_keepalive_ms,40.950347
latency,3,1106,http1_python_nodelay_off_c16_keepalive_ms,42.293709
latency,3,1107,http1_python_nodelay_off_c16_keepalive_ms,41.978845
latency,3,1108,http1_python_nodelay_off_c16_keepalive_ms,41.997255
latency,3,1109,http1_python_nodelay_off_c16_keepalive_ms,41.690989
latency,3,1110,http1_python_nodelay_off_c16_keepalive_ms,41.193501
latency,3,1111,http1_python_nodelay_off_c16_keepalive_ms,41.022968
latency,3,1112,http1_python_nodelay_off_c16_keepalive_ms,40.916466
latency,3,1113,http1_python_nodelay_off_c16_keepalive_ms,41.234552
latency,3,1114,http1_python_nodelay_off_c16_keepalive_ms,40.775004
latency,3,1115,http1_python_nodelay_off_c16_keepalive_ms,41.007188
latency,3,1116,http1_python_nodelay_off_c16_keepalive_ms,41.964104
latency,3,1117,http1_python_nodelay_off_c16_keepalive_ms,41.271783
latency,3,1118,http1_python_nodelay_off_c16_keepalive_ms,40.656541
latency,3,1119,http1_python_nodelay_off_c16_keepalive_ms,41.573038
latency,3,160,http1_python_nodelay_off_c16_keepalive_ms,44.625209
latency,3,161,http1_python_nodelay_off_c16_keepalive_ms,41.816542
latency,3,162,http1_python_nodelay_off_c16_keepalive_ms,43.019432
latency,3,163,http1_python_nodelay_off_c16_keepalive_ms,42.890330
latency,3,164,http1_python_nodelay_off_c16_keepalive_ms,42.123467
latency,3,165,http1_python_nodelay_off_c16_keepalive_ms,41.885563
latency,3,166,http1_python_nodelay_off_c16_keepalive_ms,43.078223
latency,3,167,http1_python_nodelay_off_c16_keepalive_ms,41.874702
latency,3,168,http1_python_nodelay_off_c16_keepalive_ms,41.250572
latency,3,169,http1_python_nodelay_off_c16_keepalive_ms,41.880683
latency,3,170,http1_python_nodelay_off_c16_keepalive_ms,42.054516
latency,3,171,http1_python_nodelay_off_c16_keepalive_ms,42.132947
latency,3,172,http1_python_nodelay_off_c16_keepalive_ms,42.009985
latency,3,173,http1_python_nodelay_off_c16_keepalive_ms,41.656289
latency,3,174,http1_python_nodelay_off_c16_keepalive_ms,41.113689
latency,3,175,http1_python_nodelay_off_c16_keepalive_ms,40.945947
latency,3,176,http1_python_nodelay_off_c16_keepalive_ms,40.944957
latency,3,177,http1_python_nodelay_off_c16_keepalive_ms,41.003288
latency,3,178,http1_python_nodelay_off_c16_keepalive_ms,41.039778
latency,3,179,http1_python_nodelay_off_c16_keepalive_ms,41.031958
latency,3,180,http1_python_nodelay_off_c16_keepalive_ms,41.041519
latency,3,181,http1_python_nodelay_off_c16_keepalive_ms,40.909866
latency,3,182,http1_python_nodelay_off_c16_keepalive_ms,41.296043
latency,3,183,http1_python_nodelay_off_c16_keepalive_ms,41.875292
latency,3,184,http1_python_nodelay_off_c16_keepalive_ms,41.236332
latency,3,185,http1_python_nodelay_off_c16_keepalive_ms,40.655082
latency,3,186,http1_python_nodelay_off_c16_keepalive_ms,41.133490
latency,3,187,http1_python_nodelay_off_c16_keepalive_ms,41.977885
latency,3,188,http1_python_nodelay_off_c16_keepalive_ms,40.936576
latency,3,189,http1_python_nodelay_off_c16_keepalive_ms,41.004448
latency,3,190,http1_python_nodelay_off_c16_keepalive_ms,41.124480
latency,3,191,http1_python_nodelay_off_c16_keepalive_ms,40.917026
latency,3,192,http1_python_nodelay_off_c16_keepalive_ms,41.053219
latency,3,193,http1_python_nodelay_off_c16_keepalive_ms,40.870216
latency,3,194,http1_python_nodelay_off_c16_keepalive_ms,42.022055
latency,3,195,http1_python_nodelay_off_c16_keepalive_ms,41.046978
latency,3,196,http1_python_nodelay_off_c16_keepalive_ms,41.029858
latency,3,197,http1_python_nodelay_off_c16_keepalive_ms,42.132467
latency,3,198,http1_python_nodelay_off_c16_keepalive_ms,40.822715
latency,3,199,http1_python_nodelay_off_c16_keepalive_ms,41.998895
latency,3,200,http1_python_nodelay_off_c16_keepalive_ms,41.036488
latency,3,201,http1_python_nodelay_off_c16_keepalive_ms,40.993768
latency,3,202,http1_python_nodelay_off_c16_keepalive_ms,41.000728
latency,3,203,http1_python_nodelay_off_c16_keepalive_ms,41.477715
latency,3,204,http1_python_nodelay_off_c16_keepalive_ms,40.798395
latency,3,205,http1_python_nodelay_off_c16_keepalive_ms,40.746893
latency,3,206,http1_python_nodelay_off_c16_keepalive_ms,40.981088
latency,3,207,http1_python_nodelay_off_c16_keepalive_ms,41.012698
latency,3,208,http1_python_nodelay_off_c16_keepalive_ms,41.115789
latency,3,209,http1_python_nodelay_off_c16_keepalive_ms,40.862096
latency,3,210,http1_python_nodelay_off_c16_keepalive_ms,41.046398
latency,3,211,http1_python_nodelay_off_c16_keepalive_ms,40.927397
latency,3,212,http1_python_nodelay_off_c16_keepalive_ms,40.957817
latency,3,213,http1_python_nodelay_off_c16_keepalive_ms,41.553817
latency,3,214,http1_python_nodelay_off_c16_keepalive_ms,40.503549
latency,3,215,http1_python_nodelay_off_c16_keepalive_ms,40.955728
latency,3,216,http1_python_nodelay_off_c16_keepalive_ms,41.984994
latency,3,217,http1_python_nodelay_off_c16_keepalive_ms,42.075666
latency,3,218,http1_python_nodelay_off_c16_keepalive_ms,41.939113
latency,3,219,http1_python_nodelay_off_c16_keepalive_ms,42.076847
latency,3,220,http1_python_nodelay_off_c16_keepalive_ms,41.919153
latency,3,221,http1_python_nodelay_off_c16_keepalive_ms,42.051726
latency,3,222,http1_python_nodelay_off_c16_keepalive_ms,41.030018
latency,3,223,http1_python_nodelay_off_c16_keepalive_ms,40.991508
latency,3,224,http1_python_nodelay_off_c16_keepalive_ms,40.986607
latency,3,225,http1_python_nodelay_off_c16_keepalive_ms,41.495126
latency,3,226,http1_python_nodelay_off_c16_keepalive_ms,40.596271
latency,3,227,http1_python_nodelay_off_c16_keepalive_ms,41.876863
latency,3,228,http1_python_nodelay_off_c16_keepalive_ms,41.909723
latency,3,229,http1_python_nodelay_off_c16_keepalive_ms,41.035808
latency,3,230,http1_python_nodelay_off_c16_keepalive_ms,40.948308
latency,3,231,http1_python_nodelay_off_c16_keepalive_ms,42.154007
latency,3,232,http1_python_nodelay_off_c16_keepalive_ms,41.973044
latency,3,233,http1_python_nodelay_off_c16_keepalive_ms,40.936787
latency,3,234,http1_python_nodelay_off_c16_keepalive_ms,41.927303
latency,3,235,http1_python_nodelay_off_c16_keepalive_ms,41.082499
latency,3,236,http1_python_nodelay_off_c16_keepalive_ms,41.096480
latency,3,237,http1_python_nodelay_off_c16_keepalive_ms,41.462566
latency,3,238,http1_python_nodelay_off_c16_keepalive_ms,40.581480
latency,3,239,http1_python_nodelay_off_c16_keepalive_ms,41.873633
latency,3,960,http1_python_nodelay_off_c16_keepalive_ms,44.050279
latency,3,961,http1_python_nodelay_off_c16_keepalive_ms,42.619786
latency,3,962,http1_python_nodelay_off_c16_keepalive_ms,43.513831
latency,3,963,http1_python_nodelay_off_c16_keepalive_ms,42.301589
latency,3,964,http1_python_nodelay_off_c16_keepalive_ms,42.447893
latency,3,965,http1_python_nodelay_off_c16_keepalive_ms,41.973894
latency,3,966,http1_python_nodelay_off_c16_keepalive_ms,41.963024
latency,3,967,http1_python_nodelay_off_c16_keepalive_ms,41.804002
latency,3,968,http1_python_nodelay_off_c16_keepalive_ms,41.182410
latency,3,969,http1_python_nodelay_off_c16_keepalive_ms,41.606559
latency,3,970,http1_python_nodelay_off_c16_keepalive_ms,43.031522
latency,3,971,http1_python_nodelay_off_c16_keepalive_ms,41.045668
latency,3,972,http1_python_nodelay_off_c16_keepalive_ms,43.003702
latency,3,973,http1_python_nodelay_off_c16_keepalive_ms,40.980448
latency,3,974,http1_python_nodelay_off_c16_keepalive_ms,40.933816
latency,3,975,http1_python_nodelay_off_c16_keepalive_ms,40.971818
latency,3,976,http1_python_nodelay_off_c16_keepalive_ms,40.989877
latency,3,977,http1_python_nodelay_off_c16_keepalive_ms,41.029378
latency,3,978,http1_python_nodelay_off_c16_keepalive_ms,41.006838
latency,3,979,http1_python_nodelay_off_c16_keepalive_ms,40.998178
latency,3,980,http1_python_nodelay_off_c16_keepalive_ms,40.966617
latency,3,981,http1_python_nodelay_off_c16_keepalive_ms,41.006898
latency,3,982,http1_python_nodelay_off_c16_keepalive_ms,42.015265
latency,3,983,http1_python_nodelay_off_c16_keepalive_ms,42.084116
latency,3,984,http1_python_nodelay_off_c16_keepalive_ms,40.898476
latency,3,985,http1_python_nodelay_off_c16_keepalive_ms,41.643299
latency,3,986,http1_python_nodelay_off_c16_keepalive_ms,40.480759
latency,3,987,http1_python_nodelay_off_c16_keepalive_ms,41.790071
latency,3,988,http1_python_nodelay_off_c16_keepalive_ms,41.124940
latency,3,989,http1_python_nodelay_off_c16_keepalive_ms,41.053348
latency,3,990,http1_python_nodelay_off_c16_keepalive_ms,41.074170
latency,3,991,http1_python_nodelay_off_c16_keepalive_ms,40.966197
latency,3,992,http1_python_nodelay_off_c16_keepalive_ms,40.933206
latency,3,993,http1_python_nodelay_off_c16_keepalive_ms,40.989948
latency,3,994,http1_python_nodelay_off_c16_keepalive_ms,42.477643
latency,3,995,http1_python_nodelay_off_c16_keepalive_ms,40.591940
latency,3,996,http1_python_nodelay_off_c16_keepalive_ms,40.980098
latency,3,997,http1_python_nodelay_off_c16_keepalive_ms,41.879673
latency,3,998,http1_python_nodelay_off_c16_keepalive_ms,41.121969
latency,3,999,http1_python_nodelay_off_c16_keepalive_ms,41.997245
latency,3,1000,http1_python_nodelay_off_c16_keepalive_ms,41.042759
latency,3,1001,http1_python_nodelay_off_c16_keepalive_ms,40.995127
latency,3,1002,http1_python_nodelay_off_c16_keepalive_ms,40.999328
latency,3,1003,http1_python_nodelay_off_c16_keepalive_ms,40.926957
latency,3,1004,http1_python_nodelay_off_c16_keepalive_ms,40.936076
latency,3,1005,http1_python_nodelay_off_c16_keepalive_ms,41.160801
latency,3,1006,http1_python_nodelay_off_c16_keepalive_ms,40.979887
latency,3,1007,http1_python_nodelay_off_c16_keepalive_ms,41.012818
latency,3,1008,http1_python_nodelay_off_c16_keepalive_ms,41.116900
latency,3,1009,http1_python_nodelay_off_c16_keepalive_ms,40.861525
latency,3,1010,http1_python_nodelay_off_c16_keepalive_ms,41.089540
latency,3,1011,http1_python_nodelay_off_c16_keepalive_ms,40.899246
latency,3,1012,http1_python_nodelay_off_c16_keepalive_ms,40.942676
latency,3,1013,http1_python_nodelay_off_c16_keepalive_ms,40.999888
latency,3,1014,http1_python_nodelay_off_c16_keepalive_ms,41.055149
latency,3,1015,http1_python_nodelay_off_c16_keepalive_ms,41.003638
latency,3,1016,http1_python_nodelay_off_c16_keepalive_ms,41.937473
latency,3,1017,http1_python_nodelay_off_c16_keepalive_ms,42.075396
latency,3,1018,http1_python_nodelay_off_c16_keepalive_ms,41.939954
latency,3,1019,http1_python_nodelay_off_c16_keepalive_ms,42.076366
latency,3,1020,http1_python_nodelay_off_c16_keepalive_ms,41.919694
latency,3,1021,http1_python_nodelay_off_c16_keepalive_ms,42.050925
latency,3,1022,http1_python_nodelay_off_c16_keepalive_ms,41.032929
latency,3,1023,http1_python_nodelay_off_c16_keepalive_ms,40.988817
latency,3,1024,http1_python_nodelay_off_c16_keepalive_ms,40.987267
latency,3,1025,http1_python_nodelay_off_c16_keepalive_ms,40.924347
latency,3,1026,http1_python_nodelay_off_c16_keepalive_ms,41.166151
latency,3,1027,http1_python_nodelay_off_c16_keepalive_ms,41.819642
latency,3,1028,http1_python_nodelay_off_c16_keepalive_ms,42.025035
latency,3,1029,http1_python_nodelay_off_c16_keepalive_ms,42.063905
latency,3,1030,http1_python_nodelay_off_c16_keepalive_ms,41.778681
latency,3,1031,http1_python_nodelay_off_c16_keepalive_ms,41.053589
latency,3,1032,http1_python_nodelay_off_c16_keepalive_ms,41.179441
latency,3,1033,http1_python_nodelay_off_c16_keepalive_ms,40.914586
latency,3,1034,http1_python_nodelay_off_c16_keepalive_ms,42.048456
latency,3,1035,http1_python_nodelay_off_c16_keepalive_ms,40.962947
latency,3,1036,http1_python_nodelay_off_c16_keepalive_ms,41.048479
latency,3,1037,http1_python_nodelay_off_c16_keepalive_ms,40.874025
latency,3,1038,http1_python_nodelay_off_c16_keepalive_ms,41.122910
latency,3,1039,http1_python_nodelay_off_c16_keepalive_ms,42.031725
latency,3,1120,http1_python_nodelay_off_c16_keepalive_ms,42.460773
latency,3,1121,http1_python_nodelay_off_c16_keepalive_ms,42.324500
latency,3,1122,http1_python_nodelay_off_c16_keepalive_ms,42.249459
latency,3,1123,http1_python_nodelay_off_c16_keepalive_ms,43.552901
latency,3,1124,http1_python_nodelay_off_c16_keepalive_ms,41.988835
latency,3,1125,http1_python_nodelay_off_c16_keepalive_ms,42.215109
latency,3,1126,http1_python_nodelay_off_c16_keepalive_ms,41.833221
latency,3,1127,http1_python_nodelay_off_c16_keepalive_ms,42.218359
latency,3,1128,http1_python_nodelay_off_c16_keepalive_ms,41.606198
latency,3,1129,http1_python_nodelay_off_c16_keepalive_ms,42.183728
latency,3,1130,http1_python_nodelay_off_c16_keepalive_ms,40.914056
latency,3,1131,http1_python_nodelay_off_c16_keepalive_ms,41.010298
latency,3,1132,http1_python_nodelay_off_c16_keepalive_ms,41.002438
latency,3,1133,http1_python_nodelay_off_c16_keepalive_ms,42.063066
latency,3,1134,http1_python_nodelay_off_c16_keepalive_ms,41.002668
latency,3,1135,http1_python_nodelay_off_c16_keepalive_ms,42.072245
latency,3,1136,http1_python_nodelay_off_c16_keepalive_ms,42.469793
latency,3,1137,http1_python_nodelay_off_c16_keepalive_ms,41.840422
latency,3,1138,http1_python_nodelay_off_c16_keepalive_ms,41.019788
latency,3,1139,http1_python_nodelay_off_c16_keepalive_ms,40.429738
latency,3,1140,http1_python_nodelay_off_c16_keepalive_ms,41.003248
latency,3,1141,http1_python_nodelay_off_c16_keepalive_ms,41.024618
latency,3,1142,http1_python_nodelay_off_c16_keepalive_ms,41.193741
latency,3,1143,http1_python_nodelay_off_c16_keepalive_ms,40.815185
latency,3,1144,http1_python_nodelay_off_c16_keepalive_ms,40.951617
latency,3,1145,http1_python_nodelay_off_c16_keepalive_ms,41.297623
latency,3,1146,http1_python_nodelay_off_c16_keepalive_ms,40.789674
latency,3,1147,http1_python_nodelay_off_c16_keepalive_ms,40.981387
latency,3,1148,http1_python_nodelay_off_c16_keepalive_ms,41.028738
latency,3,1149,http1_python_nodelay_off_c16_keepalive_ms,40.969318
latency,3,1150,http1_python_nodelay_off_c16_keepalive_ms,41.045618
latency,3,1151,http1_python_nodelay_off_c16_keepalive_ms,41.961734
latency,3,1152,http1_python_nodelay_off_c16_keepalive_ms,41.008818
latency,3,1153,http1_python_nodelay_off_c16_keepalive_ms,40.978408
latency,3,1154,http1_python_nodelay_off_c16_keepalive_ms,41.941693
latency,3,1155,http1_python_nodelay_off_c16_keepalive_ms,41.041229
latency,3,1156,http1_python_nodelay_off_c16_keepalive_ms,41.082769
latency,3,1157,http1_python_nodelay_off_c16_keepalive_ms,42.025645
latency,3,1158,http1_python_nodelay_off_c16_keepalive_ms,40.943177
latency,3,1159,http1_python_nodelay_off_c16_keepalive_ms,41.938944
latency,3,1160,http1_python_nodelay_off_c16_keepalive_ms,41.057418
latency,3,1161,http1_python_nodelay_off_c16_keepalive_ms,40.965988
latency,3,1162,http1_python_nodelay_off_c16_keepalive_ms,41.030618
latency,3,1163,http1_python_nodelay_off_c16_keepalive_ms,41.237261
latency,3,1164,http1_python_nodelay_off_c16_keepalive_ms,40.685003
latency,3,1165,http1_python_nodelay_off_c16_keepalive_ms,41.050719
latency,3,1166,http1_python_nodelay_off_c16_keepalive_ms,41.034488
latency,3,1167,http1_python_nodelay_off_c16_keepalive_ms,40.961637
latency,3,1168,http1_python_nodelay_off_c16_keepalive_ms,41.032858
latency,3,1169,http1_python_nodelay_off_c16_keepalive_ms,40.960598
latency,3,1170,http1_python_nodelay_off_c16_keepalive_ms,41.052878
latency,3,1171,http1_python_nodelay_off_c16_keepalive_ms,40.946777
latency,3,1172,http1_python_nodelay_off_c16_keepalive_ms,40.938047
latency,3,1173,http1_python_nodelay_off_c16_keepalive_ms,41.336633
latency,3,1174,http1_python_nodelay_off_c16_keepalive_ms,40.747393
latency,3,1175,http1_python_nodelay_off_c16_keepalive_ms,40.975248
latency,3,1176,http1_python_nodelay_off_c16_keepalive_ms,41.946404
latency,3,1177,http1_python_nodelay_off_c16_keepalive_ms,42.057135
latency,3,1178,http1_python_nodelay_off_c16_keepalive_ms,41.937254
latency,3,1179,http1_python_nodelay_off_c16_keepalive_ms,42.151338
latency,3,1180,http1_python_nodelay_off_c16_keepalive_ms,41.862322
latency,3,1181,http1_python_nodelay_off_c16_keepalive_ms,42.036296
latency,3,1182,http1_python_nodelay_off_c16_keepalive_ms,42.035295
latency,3,1183,http1_python_nodelay_off_c16_keepalive_ms,41.973104
latency,3,1184,http1_python_nodelay_off_c16_keepalive_ms,41.017048
latency,3,1185,http1_python_nodelay_off_c16_keepalive_ms,41.234162
latency,3,1186,http1_python_nodelay_off_c16_keepalive_ms,41.965364
latency,3,1187,http1_python_nodelay_off_c16_keepalive_ms,42.060666
latency,3,1188,http1_python_nodelay_off_c16_keepalive_ms,41.735640
latency,3,1189,http1_python_nodelay_off_c16_keepalive_ms,41.927364
latency,3,1190,http1_python_nodelay_off_c16_keepalive_ms,41.135690
latency,3,1191,http1_python_nodelay_off_c16_keepalive_ms,41.715370
latency,3,1192,http1_python_nodelay_off_c16_keepalive_ms,41.303022
latency,3,1193,http1_python_nodelay_off_c16_keepalive_ms,41.379615
latency,3,1194,http1_python_nodelay_off_c16_keepalive_ms,41.630848
latency,3,1195,http1_python_nodelay_off_c16_keepalive_ms,41.385744
latency,3,1196,http1_python_nodelay_off_c16_keepalive_ms,40.573031
latency,3,1197,http1_python_nodelay_off_c16_keepalive_ms,41.162121
latency,3,1198,http1_python_nodelay_off_c16_keepalive_ms,40.832074
latency,3,1199,http1_python_nodelay_off_c16_keepalive_ms,43.255017
latency,3,800,http1_python_nodelay_off_c16_keepalive_ms,42.963801
latency,3,801,http1_python_nodelay_off_c16_keepalive_ms,42.033545
latency,3,802,http1_python_nodelay_off_c16_keepalive_ms,41.454676
latency,3,803,http1_python_nodelay_off_c16_keepalive_ms,44.039709
latency,3,804,http1_python_nodelay_off_c16_keepalive_ms,42.038855
latency,3,805,http1_python_nodelay_off_c16_keepalive_ms,42.198759
latency,3,806,http1_python_nodelay_off_c16_keepalive_ms,42.170477
latency,3,807,http1_python_nodelay_off_c16_keepalive_ms,41.888233
latency,3,808,http1_python_nodelay_off_c16_keepalive_ms,42.962491
latency,3,809,http1_python_nodelay_off_c16_keepalive_ms,42.180148
latency,3,810,http1_python_nodelay_off_c16_keepalive_ms,41.613538
latency,3,811,http1_python_nodelay_off_c16_keepalive_ms,41.892703
latency,3,812,http1_python_nodelay_off_c16_keepalive_ms,43.153145
latency,3,813,http1_python_nodelay_off_c16_keepalive_ms,41.859442
latency,3,814,http1_python_nodelay_off_c16_keepalive_ms,41.136850
latency,3,815,http1_python_nodelay_off_c16_keepalive_ms,41.462606
latency,3,816,http1_python_nodelay_off_c16_keepalive_ms,40.688562
latency,3,817,http1_python_nodelay_off_c16_keepalive_ms,41.250332
latency,3,818,http1_python_nodelay_off_c16_keepalive_ms,40.514410
latency,3,819,http1_python_nodelay_off_c16_keepalive_ms,41.487876
latency,3,820,http1_python_nodelay_off_c16_keepalive_ms,40.628101
latency,3,821,http1_python_nodelay_off_c16_keepalive_ms,41.825662
latency,3,822,http1_python_nodelay_off_c16_keepalive_ms,42.078406
latency,3,823,http1_python_nodelay_off_c16_keepalive_ms,42.057306
latency,3,824,http1_python_nodelay_off_c16_keepalive_ms,41.905233
latency,3,825,http1_python_nodelay_off_c16_keepalive_ms,41.485726
latency,3,826,http1_python_nodelay_off_c16_keepalive_ms,40.569750
latency,3,827,http1_python_nodelay_off_c16_keepalive_ms,41.496496
latency,3,828,http1_python_nodelay_off_c16_keepalive_ms,41.500027
latency,3,829,http1_python_nodelay_off_c16_keepalive_ms,41.053598
latency,3,830,http1_python_nodelay_off_c16_keepalive_ms,41.973165
latency,3,831,http1_python_nodelay_off_c16_keepalive_ms,41.013168
latency,3,832,http1_python_nodelay_off_c16_keepalive_ms,40.953607
latency,3,833,http1_python_nodelay_off_c16_keepalive_ms,41.290632
latency,3,834,http1_python_nodelay_off_c16_keepalive_ms,40.746014
latency,3,835,http1_python_nodelay_off_c16_keepalive_ms,41.016748
latency,3,836,http1_python_nodelay_off_c16_keepalive_ms,40.964787
latency,3,837,http1_python_nodelay_off_c16_keepalive_ms,42.274889
latency,3,838,http1_python_nodelay_off_c16_keepalive_ms,41.757481
latency,3,839,http1_python_nodelay_off_c16_keepalive_ms,41.983185
latency,3,840,http1_python_nodelay_off_c16_keepalive_ms,43.820535
latency,3,841,http1_python_nodelay_off_c16_keepalive_ms,41.994355
latency,3,842,http1_python_nodelay_off_c16_keepalive_ms,41.148600
latency,3,843,http1_python_nodelay_off_c16_keepalive_ms,41.097560
latency,3,844,http1_python_nodelay_off_c16_keepalive_ms,41.901813
latency,3,845,http1_python_nodelay_off_c16_keepalive_ms,40.982497
latency,3,846,http1_python_nodelay_off_c16_keepalive_ms,41.043859
latency,3,847,http1_python_nodelay_off_c16_keepalive_ms,40.952477
latency,3,848,http1_python_nodelay_off_c16_keepalive_ms,41.018807
latency,3,849,http1_python_nodelay_off_c16_keepalive_ms,40.994558
latency,3,850,http1_python_nodelay_off_c16_keepalive_ms,41.010688
latency,3,851,http1_python_nodelay_off_c16_keepalive_ms,40.999018
latency,3,852,http1_python_nodelay_off_c16_keepalive_ms,40.920296
latency,3,853,http1_python_nodelay_off_c16_keepalive_ms,41.103640
latency,3,854,http1_python_nodelay_off_c16_keepalive_ms,40.923987
latency,3,855,http1_python_nodelay_off_c16_keepalive_ms,41.192680
latency,3,856,http1_python_nodelay_off_c16_keepalive_ms,40.752094
latency,3,857,http1_python_nodelay_off_c16_keepalive_ms,41.157570
latency,3,858,http1_python_nodelay_off_c16_keepalive_ms,42.020465
latency,3,859,http1_python_nodelay_off_c16_keepalive_ms,41.775311
latency,3,860,http1_python_nodelay_off_c16_keepalive_ms,41.138221
latency,3,861,http1_python_nodelay_off_c16_keepalive_ms,41.057858
latency,3,862,http1_python_nodelay_off_c16_keepalive_ms,41.004718
latency,3,863,http1_python_nodelay_off_c16_keepalive_ms,40.993748
latency,3,864,http1_python_nodelay_off_c16_keepalive_ms,40.993847
latency,3,865,http1_python_nodelay_off_c16_keepalive_ms,41.389375
latency,3,866,http1_python_nodelay_off_c16_keepalive_ms,40.590741
latency,3,867,http1_python_nodelay_off_c16_keepalive_ms,42.019745
latency,3,868,http1_python_nodelay_off_c16_keepalive_ms,41.005618
latency,3,869,http1_python_nodelay_off_c16_keepalive_ms,42.294789
latency,3,870,http1_python_nodelay_off_c16_keepalive_ms,40.639202
latency,3,871,http1_python_nodelay_off_c16_keepalive_ms,41.058699
latency,3,872,http1_python_nodelay_off_c16_keepalive_ms,40.989157
latency,3,873,http1_python_nodelay_off_c16_keepalive_ms,40.896816
latency,3,874,http1_python_nodelay_off_c16_keepalive_ms,41.110350
latency,3,875,http1_python_nodelay_off_c16_keepalive_ms,41.444655
latency,3,876,http1_python_nodelay_off_c16_keepalive_ms,40.552660
latency,3,877,http1_python_nodelay_off_c16_keepalive_ms,41.363194
latency,3,878,http1_python_nodelay_off_c16_keepalive_ms,41.535977
latency,3,879,http1_python_nodelay_off_c16_keepalive_ms,41.067619
latency,3,640,http1_python_nodelay_off_c16_keepalive_ms,42.526413
latency,3,641,http1_python_nodelay_off_c16_keepalive_ms,41.988275
latency,3,642,http1_python_nodelay_off_c16_keepalive_ms,43.031042
latency,3,643,http1_python_nodelay_off_c16_keepalive_ms,44.464457
latency,3,644,http1_python_nodelay_off_c16_keepalive_ms,40.792414
latency,3,645,http1_python_nodelay_off_c16_keepalive_ms,42.843280
latency,3,646,http1_python_nodelay_off_c16_keepalive_ms,41.190160
latency,3,647,http1_python_nodelay_off_c16_keepalive_ms,41.911264
latency,3,648,http1_python_nodelay_off_c16_keepalive_ms,42.474433
latency,3,649,http1_python_nodelay_off_c16_keepalive_ms,42.301680
latency,3,650,http1_python_nodelay_off_c16_keepalive_ms,42.038565
latency,3,651,http1_python_nodelay_off_c16_keepalive_ms,41.796061
latency,3,652,http1_python_nodelay_off_c16_keepalive_ms,43.792206
latency,3,653,http1_python_nodelay_off_c16_keepalive_ms,41.405794
latency,3,654,http1_python_nodelay_off_c16_keepalive_ms,41.042118
latency,3,655,http1_python_nodelay_off_c16_keepalive_ms,40.909397
latency,3,656,http1_python_nodelay_off_c16_keepalive_ms,41.363534
latency,3,657,http1_python_nodelay_off_c16_keepalive_ms,40.635181
latency,3,658,http1_python_nodelay_off_c16_keepalive_ms,41.469736
latency,3,659,http1_python_nodelay_off_c16_keepalive_ms,40.544460
latency,3,660,http1_python_nodelay_off_c16_keepalive_ms,41.826872
latency,3,661,http1_python_nodelay_off_c16_keepalive_ms,41.936224
latency,3,662,http1_python_nodelay_off_c16_keepalive_ms,41.682439
latency,3,663,http1_python_nodelay_off_c16_keepalive_ms,41.576217
latency,3,664,http1_python_nodelay_off_c16_keepalive_ms,41.951874
latency,3,665,http1_python_nodelay_off_c16_keepalive_ms,41.026439
latency,3,666,http1_python_nodelay_off_c16_keepalive_ms,41.029408
latency,3,667,http1_python_nodelay_off_c16_keepalive_ms,40.882866
latency,3,668,http1_python_nodelay_off_c16_keepalive_ms,42.113366
latency,3,669,http1_python_nodelay_off_c16_keepalive_ms,41.007888
latency,3,670,http1_python_nodelay_off_c16_keepalive_ms,42.027095
latency,3,671,http1_python_nodelay_off_c16_keepalive_ms,40.959217
latency,3,672,http1_python_nodelay_off_c16_keepalive_ms,40.999668
latency,3,673,http1_python_nodelay_off_c16_keepalive_ms,40.960677
latency,3,674,http1_python_nodelay_off_c16_keepalive_ms,41.091189
latency,3,675,http1_python_nodelay_off_c16_keepalive_ms,40.955317
latency,3,676,http1_python_nodelay_off_c16_keepalive_ms,41.009799
latency,3,677,http1_python_nodelay_off_c16_keepalive_ms,41.951943
latency,3,678,http1_python_nodelay_off_c16_keepalive_ms,42.077126
latency,3,679,http1_python_nodelay_off_c16_keepalive_ms,41.942104
latency,3,680,http1_python_nodelay_off_c16_keepalive_ms,43.913098
latency,3,681,http1_python_nodelay_off_c16_keepalive_ms,41.958574
latency,3,682,http1_python_nodelay_off_c16_keepalive_ms,41.088869
latency,3,683,http1_python_nodelay_off_c16_keepalive_ms,41.094549
latency,3,684,http1_python_nodelay_off_c16_keepalive_ms,41.902523
latency,3,685,http1_python_nodelay_off_c16_keepalive_ms,41.431875
latency,3,686,http1_python_nodelay_off_c16_keepalive_ms,40.594671
latency,3,687,http1_python_nodelay_off_c16_keepalive_ms,41.512357
latency,3,688,http1_python_nodelay_off_c16_keepalive_ms,40.458348
latency,3,689,http1_python_nodelay_off_c16_keepalive_ms,41.549567
latency,3,690,http1_python_nodelay_off_c16_keepalive_ms,40.458459
latency,3,691,http1_python_nodelay_off_c16_keepalive_ms,41.542507
latency,3,692,http1_python_nodelay_off_c16_keepalive_ms,40.705603
latency,3,693,http1_python_nodelay_off_c16_keepalive_ms,41.226191
latency,3,694,http1_python_nodelay_off_c16_keepalive_ms,41.371964
latency,3,695,http1_python_nodelay_off_c16_keepalive_ms,41.075029
latency,3,696,http1_python_nodelay_off_c16_keepalive_ms,41.007928
latency,3,697,http1_python_nodelay_off_c16_keepalive_ms,41.011718
latency,3,698,http1_python_nodelay_off_c16_keepalive_ms,41.783531
latency,3,699,http1_python_nodelay_off_c16_keepalive_ms,41.358324
latency,3,700,http1_python_nodelay_off_c16_keepalive_ms,40.902176
latency,3,701,http1_python_nodelay_off_c16_keepalive_ms,41.056909
latency,3,702,http1_python_nodelay_off_c16_keepalive_ms,41.050868
latency,3,703,http1_python_nodelay_off_c16_keepalive_ms,40.995048
latency,3,704,http1_python_nodelay_off_c16_keepalive_ms,40.994028
latency,3,705,http1_python_nodelay_off_c16_keepalive_ms,40.912006
latency,3,706,http1_python_nodelay_off_c16_keepalive_ms,41.066689
latency,3,707,http1_python_nodelay_off_c16_keepalive_ms,42.019785
latency,3,708,http1_python_nodelay_off_c16_keepalive_ms,41.006038
latency,3,709,http1_python_nodelay_off_c16_keepalive_ms,41.909923
latency,3,710,http1_python_nodelay_off_c16_keepalive_ms,41.024268
latency,3,711,http1_python_nodelay_off_c16_keepalive_ms,41.057999
latency,3,712,http1_python_nodelay_off_c16_keepalive_ms,40.991098
latency,3,713,http1_python_nodelay_off_c16_keepalive_ms,41.233691
latency,3,714,http1_python_nodelay_off_c16_keepalive_ms,40.772254
latency,3,715,http1_python_nodelay_off_c16_keepalive_ms,40.936037
latency,3,716,http1_python_nodelay_off_c16_keepalive_ms,41.060999
latency,3,717,http1_python_nodelay_off_c16_keepalive_ms,40.920846
latency,3,718,http1_python_nodelay_off_c16_keepalive_ms,41.516997
latency,3,719,http1_python_nodelay_off_c16_keepalive_ms,41.871112
latency,3,480,http1_python_nodelay_off_c16_keepalive_ms,44.525437
latency,3,481,http1_python_nodelay_off_c16_keepalive_ms,42.445023
latency,3,482,http1_python_nodelay_off_c16_keepalive_ms,43.279756
latency,3,483,http1_python_nodelay_off_c16_keepalive_ms,42.278260
latency,3,484,http1_python_nodelay_off_c16_keepalive_ms,41.977964
latency,3,485,http1_python_nodelay_off_c16_keepalive_ms,42.366301
latency,3,486,http1_python_nodelay_off_c16_keepalive_ms,41.306753
latency,3,487,http1_python_nodelay_off_c16_keepalive_ms,42.441262
latency,3,488,http1_python_nodelay_off_c16_keepalive_ms,42.293760
latency,3,489,http1_python_nodelay_off_c16_keepalive_ms,41.565248
latency,3,490,http1_python_nodelay_off_c16_keepalive_ms,41.997624
latency,3,491,http1_python_nodelay_off_c16_keepalive_ms,42.393292
latency,3,492,http1_python_nodelay_off_c16_keepalive_ms,45.791719
latency,3,493,http1_python_nodelay_off_c16_keepalive_ms,43.205846
latency,3,494,http1_python_nodelay_off_c16_keepalive_ms,44.090900
latency,3,495,http1_python_nodelay_off_c16_keepalive_ms,41.659579
latency,3,496,http1_python_nodelay_off_c16_keepalive_ms,40.836064
latency,3,497,http1_python_nodelay_off_c16_keepalive_ms,41.294174
latency,3,498,http1_python_nodelay_off_c16_keepalive_ms,40.772993
latency,3,499,http1_python_nodelay_off_c16_keepalive_ms,41.176661
latency,3,500,http1_python_nodelay_off_c16_keepalive_ms,40.791374
latency,3,501,http1_python_nodelay_off_c16_keepalive_ms,41.254162
latency,3,502,http1_python_nodelay_off_c16_keepalive_ms,41.681059
latency,3,503,http1_python_nodelay_off_c16_keepalive_ms,41.069100
latency,3,504,http1_python_nodelay_off_c16_keepalive_ms,40.989427
latency,3,505,http1_python_nodelay_off_c16_keepalive_ms,41.216981
latency,3,506,http1_python_nodelay_off_c16_keepalive_ms,40.810635
latency,3,507,http1_python_nodelay_off_c16_keepalive_ms,41.137530
latency,3,508,http1_python_nodelay_off_c16_keepalive_ms,40.844825
latency,3,509,http1_python_nodelay_off_c16_keepalive_ms,41.000388
latency,3,510,http1_python_nodelay_off_c16_keepalive_ms,41.012538
latency,3,511,http1_python_nodelay_off_c16_keepalive_ms,40.974137
latency,3,512,http1_python_nodelay_off_c16_keepalive_ms,41.013198
latency,3,513,http1_python_nodelay_off_c16_keepalive_ms,42.246689
latency,3,514,http1_python_nodelay_off_c16_keepalive_ms,40.754074
latency,3,515,http1_python_nodelay_off_c16_keepalive_ms,40.988457
latency,3,516,http1_python_nodelay_off_c16_keepalive_ms,41.005848
latency,3,517,http1_python_nodelay_off_c16_keepalive_ms,41.020368
latency,3,518,http1_python_nodelay_off_c16_keepalive_ms,41.987965
latency,3,519,http1_python_nodelay_off_c16_keepalive_ms,41.225541
latency,3,520,http1_python_nodelay_off_c16_keepalive_ms,41.139291
latency,3,521,http1_python_nodelay_off_c16_keepalive_ms,42.316500
latency,3,522,http1_python_nodelay_off_c16_keepalive_ms,42.252949
latency,3,523,http1_python_nodelay_off_c16_keepalive_ms,41.987414
latency,3,524,http1_python_nodelay_off_c16_keepalive_ms,41.039889
latency,3,525,http1_python_nodelay_off_c16_keepalive_ms,40.953447
latency,3,526,http1_python_nodelay_off_c16_keepalive_ms,41.014338
latency,3,527,http1_python_nodelay_off_c16_keepalive_ms,41.013228
latency,3,528,http1_python_nodelay_off_c16_keepalive_ms,41.015548
latency,3,529,http1_python_nodelay_off_c16_keepalive_ms,40.981847
latency,3,530,http1_python_nodelay_off_c16_keepalive_ms,40.992578
latency,3,531,http1_python_nodelay_off_c16_keepalive_ms,41.007917
latency,3,532,http1_python_nodelay_off_c16_keepalive_ms,41.018959
latency,3,533,http1_python_nodelay_off_c16_keepalive_ms,40.962837
latency,3,534,http1_python_nodelay_off_c16_keepalive_ms,41.009517
latency,3,535,http1_python_nodelay_off_c16_keepalive_ms,41.053658
latency,3,536,http1_python_nodelay_off_c16_keepalive_ms,40.976418
latency,3,537,http1_python_nodelay_off_c16_keepalive_ms,40.970847
latency,3,538,http1_python_nodelay_off_c16_keepalive_ms,41.995215
latency,3,539,http1_python_nodelay_off_c16_keepalive_ms,41.987834
latency,3,540,http1_python_nodelay_off_c16_keepalive_ms,40.998888
latency,3,541,http1_python_nodelay_off_c16_keepalive_ms,41.047909
latency,3,542,http1_python_nodelay_off_c16_keepalive_ms,40.953256
latency,3,543,http1_python_nodelay_off_c16_keepalive_ms,40.998108
latency,3,544,http1_python_nodelay_off_c16_keepalive_ms,40.999918
latency,3,545,http1_python_nodelay_off_c16_keepalive_ms,41.003508
latency,3,546,http1_python_nodelay_off_c16_keepalive_ms,40.989657
latency,3,547,http1_python_nodelay_off_c16_keepalive_ms,42.010585
latency,3,548,http1_python_nodelay_off_c16_keepalive_ms,41.991845
latency,3,549,http1_python_nodelay_off_c16_keepalive_ms,42.009285
latency,3,550,http1_python_nodelay_off_c16_keepalive_ms,41.014568
latency,3,551,http1_python_nodelay_off_c16_keepalive_ms,40.988917
latency,3,552,http1_python_nodelay_off_c16_keepalive_ms,40.993818
latency,3,553,http1_python_nodelay_off_c16_keepalive_ms,41.008508
latency,3,554,http1_python_nodelay_off_c16_keepalive_ms,40.988068
latency,3,555,http1_python_nodelay_off_c16_keepalive_ms,40.998427
latency,3,556,http1_python_nodelay_off_c16_keepalive_ms,41.008708
latency,3,557,http1_python_nodelay_off_c16_keepalive_ms,40.995398
latency,3,558,http1_python_nodelay_off_c16_keepalive_ms,42.022345
latency,3,559,http1_python_nodelay_off_c16_keepalive_ms,42.003825
latency,3,1200,http1_python_nodelay_off_c16_keepalive_ms,42.530094
latency,3,1201,http1_python_nodelay_off_c16_keepalive_ms,42.390651
latency,3,1202,http1_python_nodelay_off_c16_keepalive_ms,41.945814
latency,3,1203,http1_python_nodelay_off_c16_keepalive_ms,43.682414
latency,3,1204,http1_python_nodelay_off_c16_keepalive_ms,42.670436
latency,3,1205,http1_python_nodelay_off_c16_keepalive_ms,41.564977
latency,3,1206,http1_python_nodelay_off_c16_keepalive_ms,42.120757
latency,3,1207,http1_python_nodelay_off_c16_keepalive_ms,41.591108
latency,3,1208,http1_python_nodelay_off_c16_keepalive_ms,42.025965
latency,3,1209,http1_python_nodelay_off_c16_keepalive_ms,41.998325
latency,3,1210,http1_python_nodelay_off_c16_keepalive_ms,41.085679
latency,3,1211,http1_python_nodelay_off_c16_keepalive_ms,40.984608
latency,3,1212,http1_python_nodelay_off_c16_keepalive_ms,40.961136
latency,3,1213,http1_python_nodelay_off_c16_keepalive_ms,42.058036
latency,3,1214,http1_python_nodelay_off_c16_keepalive_ms,41.003708
latency,3,1215,http1_python_nodelay_off_c16_keepalive_ms,41.982625
latency,3,1216,http1_python_nodelay_off_c16_keepalive_ms,41.971324
latency,3,1217,http1_python_nodelay_off_c16_keepalive_ms,41.959484
latency,3,1218,http1_python_nodelay_off_c16_keepalive_ms,40.998918
latency,3,1219,http1_python_nodelay_off_c16_keepalive_ms,42.003064
latency,3,1220,http1_python_nodelay_off_c16_keepalive_ms,42.138367
latency,3,1221,http1_python_nodelay_off_c16_keepalive_ms,42.059006
latency,3,1222,http1_python_nodelay_off_c16_keepalive_ms,41.741221
latency,3,1223,http1_python_nodelay_off_c16_keepalive_ms,42.092006
latency,3,1224,http1_python_nodelay_off_c16_keepalive_ms,42.268789
latency,3,1225,http1_python_nodelay_off_c16_keepalive_ms,40.709533
latency,3,1226,http1_python_nodelay_off_c16_keepalive_ms,41.105170
latency,3,1227,http1_python_nodelay_off_c16_keepalive_ms,41.094469
latency,3,1228,http1_python_nodelay_off_c16_keepalive_ms,41.872723
latency,3,1229,http1_python_nodelay_off_c16_keepalive_ms,40.961937
latency,3,1230,http1_python_nodelay_off_c16_keepalive_ms,42.074945
latency,3,1231,http1_python_nodelay_off_c16_keepalive_ms,40.909067
latency,3,1232,http1_python_nodelay_off_c16_keepalive_ms,41.048228
latency,3,1233,http1_python_nodelay_off_c16_keepalive_ms,40.914387
latency,3,1234,http1_python_nodelay_off_c16_keepalive_ms,41.051548
latency,3,1235,http1_python_nodelay_off_c16_keepalive_ms,40.993758
latency,3,1236,http1_python_nodelay_off_c16_keepalive_ms,41.058369
latency,3,1237,http1_python_nodelay_off_c16_keepalive_ms,41.904423
latency,3,1238,http1_python_nodelay_off_c16_keepalive_ms,42.042555
latency,3,1239,http1_python_nodelay_off_c16_keepalive_ms,41.980975
latency,3,1240,http1_python_nodelay_off_c16_keepalive_ms,43.898937
latency,3,1241,http1_python_nodelay_off_c16_keepalive_ms,41.089579
latency,3,1242,http1_python_nodelay_off_c16_keepalive_ms,40.924726
latency,3,1243,http1_python_nodelay_off_c16_keepalive_ms,41.018929
latency,3,1244,http1_python_nodelay_off_c16_keepalive_ms,40.968927
latency,3,1245,http1_python_nodelay_off_c16_keepalive_ms,41.003258
latency,3,1246,http1_python_nodelay_off_c16_keepalive_ms,41.005118
latency,3,1247,http1_python_nodelay_off_c16_keepalive_ms,41.009657
latency,3,1248,http1_python_nodelay_off_c16_keepalive_ms,41.000958
latency,3,1249,http1_python_nodelay_off_c16_keepalive_ms,40.977758
latency,3,1250,http1_python_nodelay_off_c16_keepalive_ms,41.031288
latency,3,1251,http1_python_nodelay_off_c16_keepalive_ms,40.969017
latency,3,1252,http1_python_nodelay_off_c16_keepalive_ms,40.994638
latency,3,1253,http1_python_nodelay_off_c16_keepalive_ms,40.999747
latency,3,1254,http1_python_nodelay_off_c16_keepalive_ms,41.005308
latency,3,1255,http1_python_nodelay_off_c16_keepalive_ms,41.000128
latency,3,1256,http1_python_nodelay_off_c16_keepalive_ms,42.011785
latency,3,1257,http1_python_nodelay_off_c16_keepalive_ms,42.122937
latency,3,1258,http1_python_nodelay_off_c16_keepalive_ms,42.018635
latency,3,1259,http1_python_nodelay_off_c16_keepalive_ms,41.990505
latency,3,1260,http1_python_nodelay_off_c16_keepalive_ms,41.853992
latency,3,1261,http1_python_nodelay_off_c16_keepalive_ms,42.072736
latency,3,1262,http1_python_nodelay_off_c16_keepalive_ms,41.959474
latency,3,1263,http1_python_nodelay_off_c16_keepalive_ms,41.990665
latency,3,1264,http1_python_nodelay_off_c16_keepalive_ms,41.997144
latency,3,1265,http1_python_nodelay_off_c16_keepalive_ms,40.998408
latency,3,1266,http1_python_nodelay_off_c16_keepalive_ms,42.001185
latency,3,1267,http1_python_nodelay_off_c16_keepalive_ms,41.997615
latency,3,1268,http1_python_nodelay_off_c16_keepalive_ms,42.004894
latency,3,1269,http1_python_nodelay_off_c16_keepalive_ms,41.002548
latency,3,1270,http1_python_nodelay_off_c16_keepalive_ms,41.992695
latency,3,1271,http1_python_nodelay_off_c16_keepalive_ms,42.005135
latency,3,1272,http1_python_nodelay_off_c16_keepalive_ms,41.991974
latency,3,1273,http1_python_nodelay_off_c16_keepalive_ms,41.998135
latency,3,1274,http1_python_nodelay_off_c16_keepalive_ms,41.020358
latency,3,1275,http1_python_nodelay_off_c16_keepalive_ms,41.988375
latency,3,1276,http1_python_nodelay_off_c16_keepalive_ms,41.003048
latency,3,1277,http1_python_nodelay_off_c16_keepalive_ms,41.997674
latency,3,1278,http1_python_nodelay_off_c16_keepalive_ms,42.005245
latency,3,1279,http1_python_nodelay_off_c16_keepalive_ms,42.008255
latency,3,560,http1_python_nodelay_off_c16_keepalive_ms,45.103737
latency,3,561,http1_python_nodelay_off_c16_keepalive_ms,43.180836
latency,3,562,http1_python_nodelay_off_c16_keepalive_ms,41.868832
latency,3,563,http1_python_nodelay_off_c16_keepalive_ms,42.504383
latency,3,564,http1_python_nodelay_off_c16_keepalive_ms,43.346688
latency,3,565,http1_python_nodelay_off_c16_keepalive_ms,41.900793
latency,3,566,http1_python_nodelay_off_c16_keepalive_ms,41.503106
latency,3,567,http1_python_nodelay_off_c16_keepalive_ms,41.928114
latency,3,568,http1_python_nodelay_off_c16_keepalive_ms,42.504253
latency,3,569,http1_python_nodelay_off_c16_keepalive_ms,42.173938
latency,3,570,http1_python_nodelay_off_c16_keepalive_ms,41.327103
latency,3,571,http1_python_nodelay_off_c16_keepalive_ms,42.268349
latency,3,572,http1_python_nodelay_off_c16_keepalive_ms,45.249670
latency,3,573,http1_python_nodelay_off_c16_keepalive_ms,42.962402
latency,3,574,http1_python_nodelay_off_c16_keepalive_ms,43.996309
latency,3,575,http1_python_nodelay_off_c16_keepalive_ms,44.063219
latency,3,576,http1_python_nodelay_off_c16_keepalive_ms,41.483226
latency,3,577,http1_python_nodelay_off_c16_keepalive_ms,43.067873
latency,3,578,http1_python_nodelay_off_c16_keepalive_ms,41.900493
latency,3,579,http1_python_nodelay_off_c16_keepalive_ms,43.136254
latency,3,580,http1_python_nodelay_off_c16_keepalive_ms,41.923254
latency,3,581,http1_python_nodelay_off_c16_keepalive_ms,41.036938
latency,3,582,http1_python_nodelay_off_c16_keepalive_ms,40.939287
latency,3,583,http1_python_nodelay_off_c16_keepalive_ms,40.981377
latency,3,584,http1_python_nodelay_off_c16_keepalive_ms,40.997748
latency,3,585,http1_python_nodelay_off_c16_keepalive_ms,42.040876
latency,3,586,http1_python_nodelay_off_c16_keepalive_ms,40.975617
latency,3,587,http1_python_nodelay_off_c16_keepalive_ms,40.999128
latency,3,588,http1_python_nodelay_off_c16_keepalive_ms,41.010618
latency,3,589,http1_python_nodelay_off_c16_keepalive_ms,40.987637
latency,3,590,http1_python_nodelay_off_c16_keepalive_ms,41.014688
latency,3,591,http1_python_nodelay_off_c16_keepalive_ms,41.993745
latency,3,592,http1_python_nodelay_off_c16_keepalive_ms,40.980707
latency,3,593,http1_python_nodelay_off_c16_keepalive_ms,41.011128
latency,3,594,http1_python_nodelay_off_c16_keepalive_ms,40.984638
latency,3,595,http1_python_nodelay_off_c16_keepalive_ms,41.010417
latency,3,596,http1_python_nodelay_off_c16_keepalive_ms,41.012469
latency,3,597,http1_python_nodelay_off_c16_keepalive_ms,41.911313
latency,3,598,http1_python_nodelay_off_c16_keepalive_ms,42.056005
latency,3,599,http1_python_nodelay_off_c16_keepalive_ms,42.010926
latency,3,600,http1_python_nodelay_off_c16_keepalive_ms,41.000757
latency,3,601,http1_python_nodelay_off_c16_keepalive_ms,40.997758
latency,3,602,http1_python_nodelay_off_c16_keepalive_ms,41.022388
latency,3,603,http1_python_nodelay_off_c16_keepalive_ms,40.997628
latency,3,604,http1_python_nodelay_off_c16_keepalive_ms,40.996247
latency,3,605,http1_python_nodelay_off_c16_keepalive_ms,41.029839
latency,3,606,http1_python_nodelay_off_c16_keepalive_ms,40.968587
latency,3,607,http1_python_nodelay_off_c16_keepalive_ms,41.003787
latency,3,608,http1_python_nodelay_off_c16_keepalive_ms,40.998138
latency,3,609,http1_python_nodelay_off_c16_keepalive_ms,41.009568
latency,3,610,http1_python_nodelay_off_c16_keepalive_ms,41.003898
latency,3,611,http1_python_nodelay_off_c16_keepalive_ms,41.003508
latency,3,612,http1_python_nodelay_off_c16_keepalive_ms,40.991317
latency,3,613,http1_python_nodelay_off_c16_keepalive_ms,40.996708
latency,3,614,http1_python_nodelay_off_c16_keepalive_ms,40.993398
latency,3,615,http1_python_nodelay_off_c16_keepalive_ms,41.991124
latency,3,616,http1_python_nodelay_off_c16_keepalive_ms,41.999175
latency,3,617,http1_python_nodelay_off_c16_keepalive_ms,42.018245
latency,3,618,http1_python_nodelay_off_c16_keepalive_ms,41.981505
latency,3,619,http1_python_nodelay_off_c16_keepalive_ms,42.037545
latency,3,620,http1_python_nodelay_off_c16_keepalive_ms,41.969635
latency,3,621,http1_python_nodelay_off_c16_keepalive_ms,41.987014
latency,3,622,http1_python_nodelay_off_c16_keepalive_ms,41.995875
latency,3,623,http1_python_nodelay_off_c16_keepalive_ms,42.018545
latency,3,624,http1_python_nodelay_off_c16_keepalive_ms,41.981074
latency,3,625,http1_python_nodelay_off_c16_keepalive_ms,42.004295
latency,3,626,http1_python_nodelay_off_c16_keepalive_ms,41.009848
latency,3,627,http1_python_nodelay_off_c16_keepalive_ms,42.006085
latency,3,628,http1_python_nodelay_off_c16_keepalive_ms,41.993944
latency,3,629,http1_python_nodelay_off_c16_keepalive_ms,42.000135
latency,3,630,http1_python_nodelay_off_c16_keepalive_ms,41.987535
latency,3,631,http1_python_nodelay_off_c16_keepalive_ms,41.013558
latency,3,632,http1_python_nodelay_off_c16_keepalive_ms,41.998545
latency,3,633,http1_python_nodelay_off_c16_keepalive_ms,42.009015
latency,3,634,http1_python_nodelay_off_c16_keepalive_ms,40.995947
latency,3,635,http1_python_nodelay_off_c16_keepalive_ms,41.985485
latency,3,636,http1_python_nodelay_off_c16_keepalive_ms,41.009428
latency,3,637,http1_python_nodelay_off_c16_keepalive_ms,41.999654
latency,3,638,http1_python_nodelay_off_c16_keepalive_ms,42.004315
latency,3,639,http1_python_nodelay_off_c16_keepalive_ms,41.997325
latency,3,80,http1_python_nodelay_off_c16_keepalive_ms,42.351350
latency,3,81,http1_python_nodelay_off_c16_keepalive_ms,42.140998
latency,3,82,http1_python_nodelay_off_c16_keepalive_ms,41.937383
latency,3,83,http1_python_nodelay_off_c16_keepalive_ms,44.052590
latency,3,84,http1_python_nodelay_off_c16_keepalive_ms,41.954214
latency,3,85,http1_python_nodelay_off_c16_keepalive_ms,41.967754
latency,3,86,http1_python_nodelay_off_c16_keepalive_ms,42.112947
latency,3,87,http1_python_nodelay_off_c16_keepalive_ms,43.090903
latency,3,88,http1_python_nodelay_off_c16_keepalive_ms,42.025225
latency,3,89,http1_python_nodelay_off_c16_keepalive_ms,41.812412
latency,3,90,http1_python_nodelay_off_c16_keepalive_ms,43.034502
latency,3,91,http1_python_nodelay_off_c16_keepalive_ms,43.013152
latency,3,92,http1_python_nodelay_off_c16_keepalive_ms,45.042177
latency,3,93,http1_python_nodelay_off_c16_keepalive_ms,42.851689
latency,3,94,http1_python_nodelay_off_c16_keepalive_ms,44.048480
latency,3,95,http1_python_nodelay_off_c16_keepalive_ms,44.055780
latency,3,96,http1_python_nodelay_off_c16_keepalive_ms,41.825371
latency,3,97,http1_python_nodelay_off_c16_keepalive_ms,43.041293
latency,3,98,http1_python_nodelay_off_c16_keepalive_ms,41.958244
latency,3,99,http1_python_nodelay_off_c16_keepalive_ms,43.139404
latency,3,100,http1_python_nodelay_off_c16_keepalive_ms,41.892963
latency,3,101,http1_python_nodelay_off_c16_keepalive_ms,41.988234
latency,3,102,http1_python_nodelay_off_c16_keepalive_ms,43.056193
latency,3,103,http1_python_nodelay_off_c16_keepalive_ms,42.394872
latency,3,104,http1_python_nodelay_off_c16_keepalive_ms,42.118006
latency,3,105,http1_python_nodelay_off_c16_keepalive_ms,41.441116
latency,3,106,http1_python_nodelay_off_c16_keepalive_ms,43.041192
latency,3,107,http1_python_nodelay_off_c16_keepalive_ms,42.975312
latency,3,108,http1_python_nodelay_off_c16_keepalive_ms,41.950733
latency,3,109,http1_python_nodelay_off_c16_keepalive_ms,41.036479
latency,3,110,http1_python_nodelay_off_c16_keepalive_ms,41.098479
latency,3,111,http1_python_nodelay_off_c16_keepalive_ms,40.906756
latency,3,112,http1_python_nodelay_off_c16_keepalive_ms,40.934567
latency,3,113,http1_python_nodelay_off_c16_keepalive_ms,41.006328
latency,3,114,http1_python_nodelay_off_c16_keepalive_ms,40.992227
latency,3,115,http1_python_nodelay_off_c16_keepalive_ms,40.999598
latency,3,116,http1_python_nodelay_off_c16_keepalive_ms,42.164828
latency,3,117,http1_python_nodelay_off_c16_keepalive_ms,41.936603
latency,3,118,http1_python_nodelay_off_c16_keepalive_ms,41.932774
latency,3,119,http1_python_nodelay_off_c16_keepalive_ms,42.432562
latency,3,120,http1_python_nodelay_off_c16_keepalive_ms,42.654696
latency,3,121,http1_python_nodelay_off_c16_keepalive_ms,42.004495
latency,3,122,http1_python_nodelay_off_c16_keepalive_ms,42.379841
latency,3,123,http1_python_nodelay_off_c16_keepalive_ms,40.594381
latency,3,124,http1_python_nodelay_off_c16_keepalive_ms,40.995988
latency,3,125,http1_python_nodelay_off_c16_keepalive_ms,41.000118
latency,3,126,http1_python_nodelay_off_c16_keepalive_ms,41.003207
latency,3,127,http1_python_nodelay_off_c16_keepalive_ms,40.946267
latency,3,128,http1_python_nodelay_off_c16_keepalive_ms,41.053029
latency,3,129,http1_python_nodelay_off_c16_keepalive_ms,41.000237
latency,3,130,http1_python_nodelay_off_c16_keepalive_ms,40.959368
latency,3,131,http1_python_nodelay_off_c16_keepalive_ms,41.001097
latency,3,132,http1_python_nodelay_off_c16_keepalive_ms,40.955947
latency,3,133,http1_python_nodelay_off_c16_keepalive_ms,41.077090
latency,3,134,http1_python_nodelay_off_c16_keepalive_ms,40.969117
latency,3,135,http1_python_nodelay_off_c16_keepalive_ms,42.006864
latency,3,136,http1_python_nodelay_off_c16_keepalive_ms,41.951715
latency,3,137,http1_python_nodelay_off_c16_keepalive_ms,41.996944
latency,3,138,http1_python_nodelay_off_c16_keepalive_ms,42.066136
latency,3,139,http1_python_nodelay_off_c16_keepalive_ms,41.976915
latency,3,140,http1_python_nodelay_off_c16_keepalive_ms,42.021915
latency,3,141,http1_python_nodelay_off_c16_keepalive_ms,42.008464
latency,3,142,http1_python_nodelay_off_c16_keepalive_ms,41.925204
latency,3,143,http1_python_nodelay_off_c16_keepalive_ms,41.069739
latency,3,144,http1_python_nodelay_off_c16_keepalive_ms,41.059779
latency,3,145,http1_python_nodelay_off_c16_keepalive_ms,42.898720
latency,3,146,http1_python_nodelay_off_c16_keepalive_ms,42.068936
latency,3,147,http1_python_nodelay_off_c16_keepalive_ms,40.989467
latency,3,148,http1_python_nodelay_off_c16_keepalive_ms,41.005728
latency,3,149,http1_python_nodelay_off_c16_keepalive_ms,40.951017
latency,3,150,http1_python_nodelay_off_c16_keepalive_ms,41.441275
latency,3,151,http1_python_nodelay_off_c16_keepalive_ms,40.675853
latency,3,152,http1_python_nodelay_off_c16_keepalive_ms,41.099739
latency,3,153,http1_python_nodelay_off_c16_keepalive_ms,40.735763
latency,3,154,http1_python_nodelay_off_c16_keepalive_ms,41.092860
latency,3,155,http1_python_nodelay_off_c16_keepalive_ms,40.898226
latency,3,156,http1_python_nodelay_off_c16_keepalive_ms,40.999058
latency,3,157,http1_python_nodelay_off_c16_keepalive_ms,41.000787
latency,3,158,http1_python_nodelay_off_c16_keepalive_ms,40.999198
latency,3,159,http1_python_nodelay_off_c16_keepalive_ms,41.007158
latency,3,400,http1_python_nodelay_off_c16_keepalive_ms,44.538168
latency,3,401,http1_python_nodelay_off_c16_keepalive_ms,42.383082
latency,3,402,http1_python_nodelay_off_c16_keepalive_ms,43.331787
latency,3,403,http1_python_nodelay_off_c16_keepalive_ms,42.280959
latency,3,404,http1_python_nodelay_off_c16_keepalive_ms,42.416702
latency,3,405,http1_python_nodelay_off_c16_keepalive_ms,43.339068
latency,3,406,http1_python_nodelay_off_c16_keepalive_ms,41.569427
latency,3,407,http1_python_nodelay_off_c16_keepalive_ms,41.930894
latency,3,408,http1_python_nodelay_off_c16_keepalive_ms,41.865782
latency,3,409,http1_python_nodelay_off_c16_keepalive_ms,42.105167
latency,3,410,http1_python_nodelay_off_c16_keepalive_ms,41.934853
latency,3,411,http1_python_nodelay_off_c16_keepalive_ms,41.888613
latency,3,412,http1_python_nodelay_off_c16_keepalive_ms,45.279821
latency,3,413,http1_python_nodelay_off_c16_keepalive_ms,42.589285
latency,3,414,http1_python_nodelay_off_c16_keepalive_ms,44.385895
latency,3,415,http1_python_nodelay_off_c16_keepalive_ms,44.064540
latency,3,416,http1_python_nodelay_off_c16_keepalive_ms,41.957604
latency,3,417,http1_python_nodelay_off_c16_keepalive_ms,42.872759
latency,3,418,http1_python_nodelay_off_c16_keepalive_ms,42.173948
latency,3,419,http1_python_nodelay_off_c16_keepalive_ms,42.557275
latency,3,420,http1_python_nodelay_off_c16_keepalive_ms,41.945523
latency,3,421,http1_python_nodelay_off_c16_keepalive_ms,42.095697
latency,3,422,http1_python_nodelay_off_c16_keepalive_ms,42.836269
latency,3,423,http1_python_nodelay_off_c16_keepalive_ms,42.317970
latency,3,424,http1_python_nodelay_off_c16_keepalive_ms,41.949684
latency,3,425,http1_python_nodelay_off_c16_keepalive_ms,42.013745
latency,3,426,http1_python_nodelay_off_c16_keepalive_ms,42.853659
latency,3,427,http1_python_nodelay_off_c16_keepalive_ms,42.863030
latency,3,428,http1_python_nodelay_off_c16_keepalive_ms,42.254499
latency,3,429,http1_python_nodelay_off_c16_keepalive_ms,41.732300
latency,3,430,http1_python_nodelay_off_c16_keepalive_ms,41.151050
latency,3,431,http1_python_nodelay_off_c16_keepalive_ms,41.969984
latency,3,432,http1_python_nodelay_off_c16_keepalive_ms,41.054209
latency,3,433,http1_python_nodelay_off_c16_keepalive_ms,41.207861
latency,3,434,http1_python_nodelay_off_c16_keepalive_ms,40.779644
latency,3,435,http1_python_nodelay_off_c16_keepalive_ms,41.203452
latency,3,436,http1_python_nodelay_off_c16_keepalive_ms,41.782751
latency,3,437,http1_python_nodelay_off_c16_keepalive_ms,41.192961
latency,3,438,http1_python_nodelay_off_c16_keepalive_ms,40.925846
latency,3,439,http1_python_nodelay_off_c16_keepalive_ms,42.001105
latency,3,440,http1_python_nodelay_off_c16_keepalive_ms,42.879120
latency,3,441,http1_python_nodelay_off_c16_keepalive_ms,41.089919
latency,3,442,http1_python_nodelay_off_c16_keepalive_ms,42.813799
latency,3,443,http1_python_nodelay_off_c16_keepalive_ms,41.130670
latency,3,444,http1_python_nodelay_off_c16_keepalive_ms,41.044378
latency,3,445,http1_python_nodelay_off_c16_keepalive_ms,40.979498
latency,3,446,http1_python_nodelay_off_c16_keepalive_ms,41.023008
latency,3,447,http1_python_nodelay_off_c16_keepalive_ms,41.011968
latency,3,448,http1_python_nodelay_off_c16_keepalive_ms,40.989737
latency,3,449,http1_python_nodelay_off_c16_keepalive_ms,40.980307
latency,3,450,http1_python_nodelay_off_c16_keepalive_ms,41.368865
latency,3,451,http1_python_nodelay_off_c16_keepalive_ms,40.562930
latency,3,452,http1_python_nodelay_off_c16_keepalive_ms,41.572947
latency,3,453,http1_python_nodelay_off_c16_keepalive_ms,40.481139
latency,3,454,http1_python_nodelay_off_c16_keepalive_ms,41.492016
latency,3,455,http1_python_nodelay_off_c16_keepalive_ms,41.462956
latency,3,456,http1_python_nodelay_off_c16_keepalive_ms,42.304410
latency,3,457,http1_python_nodelay_off_c16_keepalive_ms,41.929104
latency,3,458,http1_python_nodelay_off_c16_keepalive_ms,41.822281
latency,3,459,http1_python_nodelay_off_c16_keepalive_ms,41.950354
latency,3,460,http1_python_nodelay_off_c16_keepalive_ms,42.048886
latency,3,461,http1_python_nodelay_off_c16_keepalive_ms,41.991114
latency,3,462,http1_python_nodelay_off_c16_keepalive_ms,42.288840
latency,3,463,http1_python_nodelay_off_c16_keepalive_ms,40.703263
latency,3,464,http1_python_nodelay_off_c16_keepalive_ms,41.926293
latency,3,465,http1_python_nodelay_off_c16_keepalive_ms,42.371741
latency,3,466,http1_python_nodelay_off_c16_keepalive_ms,41.753571
latency,3,467,http1_python_nodelay_off_c16_keepalive_ms,41.437375
latency,3,468,http1_python_nodelay_off_c16_keepalive_ms,40.552251
latency,3,469,http1_python_nodelay_off_c16_keepalive_ms,41.008717
latency,3,470,http1_python_nodelay_off_c16_keepalive_ms,40.928667
latency,3,471,http1_python_nodelay_off_c16_keepalive_ms,40.922396
latency,3,472,http1_python_nodelay_off_c16_keepalive_ms,41.076169
latency,3,473,http1_python_nodelay_off_c16_keepalive_ms,40.978758
latency,3,474,http1_python_nodelay_off_c16_keepalive_ms,42.131237
latency,3,475,http1_python_nodelay_off_c16_keepalive_ms,40.941556
latency,3,476,http1_python_nodelay_off_c16_keepalive_ms,41.223232
latency,3,477,http1_python_nodelay_off_c16_keepalive_ms,40.629682
latency,3,478,http1_python_nodelay_off_c16_keepalive_ms,41.054018
latency,3,479,http1_python_nodelay_off_c16_keepalive_ms,40.959507
latency,3,880,http1_python_nodelay_off_c16_keepalive_ms,44.370345
latency,3,881,http1_python_nodelay_off_c16_keepalive_ms,42.502383
latency,3,882,http1_python_nodelay_off_c16_keepalive_ms,43.378438
latency,3,883,http1_python_nodelay_off_c16_keepalive_ms,42.284040
latency,3,884,http1_python_nodelay_off_c16_keepalive_ms,42.141107
latency,3,885,http1_python_nodelay_off_c16_keepalive_ms,42.686167
latency,3,886,http1_python_nodelay_off_c16_keepalive_ms,42.035755
latency,3,887,http1_python_nodelay_off_c16_keepalive_ms,42.024135
latency,3,888,http1_python_nodelay_off_c16_keepalive_ms,42.930670
latency,3,889,http1_python_nodelay_off_c16_keepalive_ms,41.660960
latency,3,890,http1_python_nodelay_off_c16_keepalive_ms,41.634588
latency,3,891,http1_python_nodelay_off_c16_keepalive_ms,42.033525
latency,3,892,http1_python_nodelay_off_c16_keepalive_ms,46.615164
latency,3,893,http1_python_nodelay_off_c16_keepalive_ms,42.065136
latency,3,894,http1_python_nodelay_off_c16_keepalive_ms,43.501010
latency,3,895,http1_python_nodelay_off_c16_keepalive_ms,43.547661
latency,3,896,http1_python_nodelay_off_c16_keepalive_ms,41.948314
latency,3,897,http1_python_nodelay_off_c16_keepalive_ms,43.067743
latency,3,898,http1_python_nodelay_off_c16_keepalive_ms,41.988194
latency,3,899,http1_python_nodelay_off_c16_keepalive_ms,43.270717
latency,3,900,http1_python_nodelay_off_c16_keepalive_ms,41.760770
latency,3,901,http1_python_nodelay_off_c16_keepalive_ms,42.006895
latency,3,902,http1_python_nodelay_off_c16_keepalive_ms,42.895820
latency,3,903,http1_python_nodelay_off_c16_keepalive_ms,42.246509
latency,3,904,http1_python_nodelay_off_c16_keepalive_ms,42.032375
latency,3,905,http1_python_nodelay_off_c16_keepalive_ms,42.156558
latency,3,906,http1_python_nodelay_off_c16_keepalive_ms,42.640766
latency,3,907,http1_python_nodelay_off_c16_keepalive_ms,42.974641
latency,3,908,http1_python_nodelay_off_c16_keepalive_ms,42.252239
latency,3,909,http1_python_nodelay_off_c16_keepalive_ms,41.043539
latency,3,910,http1_python_nodelay_off_c16_keepalive_ms,40.679642
latency,3,911,http1_python_nodelay_off_c16_keepalive_ms,41.077029
latency,3,912,http1_python_nodelay_off_c16_keepalive_ms,40.983908
latency,3,913,http1_python_nodelay_off_c16_keepalive_ms,41.248561
latency,3,914,http1_python_nodelay_off_c16_keepalive_ms,40.750294
latency,3,915,http1_python_nodelay_off_c16_keepalive_ms,41.165611
latency,3,916,http1_python_nodelay_off_c16_keepalive_ms,41.779750
latency,3,917,http1_python_nodelay_off_c16_keepalive_ms,42.141097
latency,3,918,http1_python_nodelay_off_c16_keepalive_ms,42.028346
latency,3,919,http1_python_nodelay_off_c16_keepalive_ms,42.003345
latency,3,920,http1_python_nodelay_off_c16_keepalive_ms,42.769077
latency,3,921,http1_python_nodelay_off_c16_keepalive_ms,41.239732
latency,3,922,http1_python_nodelay_off_c16_keepalive_ms,40.864176
latency,3,923,http1_python_nodelay_off_c16_keepalive_ms,41.258982
latency,3,924,http1_python_nodelay_off_c16_keepalive_ms,40.784594
latency,3,925,http1_python_nodelay_off_c16_keepalive_ms,40.977137
latency,3,926,http1_python_nodelay_off_c16_keepalive_ms,41.017058
latency,3,927,http1_python_nodelay_off_c16_keepalive_ms,41.011929
latency,3,928,http1_python_nodelay_off_c16_keepalive_ms,41.010467
latency,3,929,http1_python_nodelay_off_c16_keepalive_ms,40.953517
latency,3,930,http1_python_nodelay_off_c16_keepalive_ms,40.959977
latency,3,931,http1_python_nodelay_off_c16_keepalive_ms,41.281723
latency,3,932,http1_python_nodelay_off_c16_keepalive_ms,40.700603
latency,3,933,http1_python_nodelay_off_c16_keepalive_ms,41.039568
latency,3,934,http1_python_nodelay_off_c16_keepalive_ms,40.943917
latency,3,935,http1_python_nodelay_off_c16_keepalive_ms,42.195028
latency,3,936,http1_python_nodelay_off_c16_keepalive_ms,41.809751
latency,3,937,http1_python_nodelay_off_c16_keepalive_ms,42.342831
latency,3,938,http1_python_nodelay_off_c16_keepalive_ms,41.731600
latency,3,939,http1_python_nodelay_off_c16_keepalive_ms,42.078626
latency,3,940,http1_python_nodelay_off_c16_keepalive_ms,41.925324
latency,3,941,http1_python_nodelay_off_c16_keepalive_ms,42.259099
latency,3,942,http1_python_nodelay_off_c16_keepalive_ms,41.673699
latency,3,943,http1_python_nodelay_off_c16_keepalive_ms,42.093837
latency,3,944,http1_python_nodelay_off_c16_keepalive_ms,42.146377
latency,3,945,http1_python_nodelay_off_c16_keepalive_ms,42.824669
latency,3,946,http1_python_nodelay_off_c16_keepalive_ms,40.964347
latency,3,947,http1_python_nodelay_off_c16_keepalive_ms,40.959147
latency,3,948,http1_python_nodelay_off_c16_keepalive_ms,42.140597
latency,3,949,http1_python_nodelay_off_c16_keepalive_ms,40.996148
latency,3,950,http1_python_nodelay_off_c16_keepalive_ms,40.940276
latency,3,951,http1_python_nodelay_off_c16_keepalive_ms,41.325644
latency,3,952,http1_python_nodelay_off_c16_keepalive_ms,40.672512
latency,3,953,http1_python_nodelay_off_c16_keepalive_ms,41.493536
latency,3,954,http1_python_nodelay_off_c16_keepalive_ms,41.387185
latency,3,955,http1_python_nodelay_off_c16_keepalive_ms,41.147870
latency,3,956,http1_python_nodelay_off_c16_keepalive_ms,40.914666
latency,3,957,http1_python_nodelay_off_c16_keepalive_ms,41.319093
latency,3,958,http1_python_nodelay_off_c16_keepalive_ms,40.745944
latency,3,959,http1_python_nodelay_off_c16_keepalive_ms,41.642538
latency,3,240,http1_python_nodelay_off_c16_keepalive_ms,44.606929
latency,3,241,http1_python_nodelay_off_c16_keepalive_ms,42.306011
latency,3,242,http1_python_nodelay_off_c16_keepalive_ms,43.429649
latency,3,243,http1_python_nodelay_off_c16_keepalive_ms,42.119176
latency,3,244,http1_python_nodelay_off_c16_keepalive_ms,42.547094
latency,3,245,http1_python_nodelay_off_c16_keepalive_ms,41.904314
latency,3,246,http1_python_nodelay_off_c16_keepalive_ms,41.252372
latency,3,247,http1_python_nodelay_off_c16_keepalive_ms,42.444602
latency,3,248,http1_python_nodelay_off_c16_keepalive_ms,42.117477
latency,3,249,http1_python_nodelay_off_c16_keepalive_ms,42.007715
latency,3,250,http1_python_nodelay_off_c16_keepalive_ms,41.719890
latency,3,251,http1_python_nodelay_off_c16_keepalive_ms,42.279849
latency,3,252,http1_python_nodelay_off_c16_keepalive_ms,46.186416
latency,3,253,http1_python_nodelay_off_c16_keepalive_ms,42.942391
latency,3,254,http1_python_nodelay_off_c16_keepalive_ms,44.132581
latency,3,255,http1_python_nodelay_off_c16_keepalive_ms,43.540751
latency,3,256,http1_python_nodelay_off_c16_keepalive_ms,41.971054
latency,3,257,http1_python_nodelay_off_c16_keepalive_ms,42.952491
latency,3,258,http1_python_nodelay_off_c16_keepalive_ms,41.987035
latency,3,259,http1_python_nodelay_off_c16_keepalive_ms,43.323637
latency,3,260,http1_python_nodelay_off_c16_keepalive_ms,42.668336
latency,3,261,http1_python_nodelay_off_c16_keepalive_ms,41.282143
latency,3,262,http1_python_nodelay_off_c16_keepalive_ms,42.768198
latency,3,263,http1_python_nodelay_off_c16_keepalive_ms,42.187898
latency,3,264,http1_python_nodelay_off_c16_keepalive_ms,41.944763
latency,3,265,http1_python_nodelay_off_c16_keepalive_ms,42.064356
latency,3,266,http1_python_nodelay_off_c16_keepalive_ms,43.008412
latency,3,267,http1_python_nodelay_off_c16_keepalive_ms,42.714567
latency,3,268,http1_python_nodelay_off_c16_keepalive_ms,42.281330
latency,3,269,http1_python_nodelay_off_c16_keepalive_ms,41.704470
latency,3,270,http1_python_nodelay_off_c16_keepalive_ms,41.098159
latency,3,271,http1_python_nodelay_off_c16_keepalive_ms,42.016425
latency,3,272,http1_python_nodelay_off_c16_keepalive_ms,41.002068
latency,3,273,http1_python_nodelay_off_c16_keepalive_ms,40.941546
latency,3,274,http1_python_nodelay_off_c16_keepalive_ms,41.048069
latency,3,275,http1_python_nodelay_off_c16_keepalive_ms,40.952967
latency,3,276,http1_python_nodelay_off_c16_keepalive_ms,42.032975
latency,3,277,http1_python_nodelay_off_c16_keepalive_ms,40.958027
latency,3,278,http1_python_nodelay_off_c16_keepalive_ms,41.941934
latency,3,279,http1_python_nodelay_off_c16_keepalive_ms,41.209581
latency,3,280,http1_python_nodelay_off_c16_keepalive_ms,42.857160
latency,3,281,http1_python_nodelay_off_c16_keepalive_ms,41.123970
latency,3,282,http1_python_nodelay_off_c16_keepalive_ms,41.233341
latency,3,283,http1_python_nodelay_off_c16_keepalive_ms,40.637552
latency,3,284,http1_python_nodelay_off_c16_keepalive_ms,41.056519
latency,3,285,http1_python_nodelay_off_c16_keepalive_ms,41.030108
latency,3,286,http1_python_nodelay_off_c16_keepalive_ms,40.962217
latency,3,287,http1_python_nodelay_off_c16_keepalive_ms,41.066099
latency,3,288,http1_python_nodelay_off_c16_keepalive_ms,40.957127
latency,3,289,http1_python_nodelay_off_c16_keepalive_ms,41.007378
latency,3,290,http1_python_nodelay_off_c16_keepalive_ms,41.216491
latency,3,291,http1_python_nodelay_off_c16_keepalive_ms,40.696213
latency,3,292,http1_python_nodelay_off_c16_keepalive_ms,41.344673
latency,3,293,http1_python_nodelay_off_c16_keepalive_ms,40.721553
latency,3,294,http1_python_nodelay_off_c16_keepalive_ms,41.267803
latency,3,295,http1_python_nodelay_off_c16_keepalive_ms,41.725340
latency,3,296,http1_python_nodelay_off_c16_keepalive_ms,42.256899
latency,3,297,http1_python_nodelay_off_c16_keepalive_ms,41.675469
latency,3,298,http1_python_nodelay_off_c16_keepalive_ms,42.049886
latency,3,299,http1_python_nodelay_off_c16_keepalive_ms,42.076956
latency,3,300,http1_python_nodelay_off_c16_keepalive_ms,41.926593
latency,3,301,http1_python_nodelay_off_c16_keepalive_ms,41.949514
latency,3,302,http1_python_nodelay_off_c16_keepalive_ms,42.353111
latency,3,303,http1_python_nodelay_off_c16_keepalive_ms,41.703810
latency,3,304,http1_python_nodelay_off_c16_keepalive_ms,42.168577
latency,3,305,http1_python_nodelay_off_c16_keepalive_ms,42.773209
latency,3,306,http1_python_nodelay_off_c16_keepalive_ms,42.006924
latency,3,307,http1_python_nodelay_off_c16_keepalive_ms,41.102600
latency,3,308,http1_python_nodelay_off_c16_keepalive_ms,41.671179
latency,3,309,http1_python_nodelay_off_c16_keepalive_ms,41.205831
latency,3,310,http1_python_nodelay_off_c16_keepalive_ms,41.004428
latency,3,311,http1_python_nodelay_off_c16_keepalive_ms,42.044406
latency,3,312,http1_python_nodelay_off_c16_keepalive_ms,42.258059
latency,3,313,http1_python_nodelay_off_c16_keepalive_ms,41.713050
latency,3,314,http1_python_nodelay_off_c16_keepalive_ms,41.100369
latency,3,315,http1_python_nodelay_off_c16_keepalive_ms,40.977077
latency,3,316,http1_python_nodelay_off_c16_keepalive_ms,41.238402
latency,3,317,http1_python_nodelay_off_c16_keepalive_ms,41.680800
latency,3,318,http1_python_nodelay_off_c16_keepalive_ms,41.048568
latency,3,319,http1_python_nodelay_off_c16_keepalive_ms,41.952664
latency,3,320,http1_python_nodelay_off_c16_keepalive_ms,44.464227
latency,3,321,http1_python_nodelay_off_c16_keepalive_ms,42.496493
latency,3,322,http1_python_nodelay_off_c16_keepalive_ms,43.181385
latency,3,323,http1_python_nodelay_off_c16_keepalive_ms,44.045030
latency,3,324,http1_python_nodelay_off_c16_keepalive_ms,42.163427
latency,3,325,http1_python_nodelay_off_c16_keepalive_ms,41.571338
latency,3,326,http1_python_nodelay_off_c16_keepalive_ms,41.902813
latency,3,327,http1_python_nodelay_off_c16_keepalive_ms,41.578887
latency,3,328,http1_python_nodelay_off_c16_keepalive_ms,42.453173
latency,3,329,http1_python_nodelay_off_c16_keepalive_ms,41.863972
latency,3,330,http1_python_nodelay_off_c16_keepalive_ms,41.916484
latency,3,331,http1_python_nodelay_off_c16_keepalive_ms,42.079946
latency,3,332,http1_python_nodelay_off_c16_keepalive_ms,45.113567
latency,3,333,http1_python_nodelay_off_c16_keepalive_ms,42.962942
latency,3,334,http1_python_nodelay_off_c16_keepalive_ms,44.108870
latency,3,335,http1_python_nodelay_off_c16_keepalive_ms,43.557412
latency,3,336,http1_python_nodelay_off_c16_keepalive_ms,41.973404
latency,3,337,http1_python_nodelay_off_c16_keepalive_ms,43.265336
latency,3,338,http1_python_nodelay_off_c16_keepalive_ms,41.943824
latency,3,339,http1_python_nodelay_off_c16_keepalive_ms,42.743017
latency,3,340,http1_python_nodelay_off_c16_keepalive_ms,41.959994
latency,3,341,http1_python_nodelay_off_c16_keepalive_ms,42.093037
latency,3,342,http1_python_nodelay_off_c16_keepalive_ms,42.955551
latency,3,343,http1_python_nodelay_off_c16_keepalive_ms,42.195988
latency,3,344,http1_python_nodelay_off_c16_keepalive_ms,42.032635
latency,3,345,http1_python_nodelay_off_c16_keepalive_ms,42.057356
latency,3,346,http1_python_nodelay_off_c16_keepalive_ms,42.705317
latency,3,347,http1_python_nodelay_off_c16_keepalive_ms,41.087809
latency,3,348,http1_python_nodelay_off_c16_keepalive_ms,40.937396
latency,3,349,http1_python_nodelay_off_c16_keepalive_ms,41.010609
latency,3,350,http1_python_nodelay_off_c16_keepalive_ms,41.985574
latency,3,351,http1_python_nodelay_off_c16_keepalive_ms,41.001718
latency,3,352,http1_python_nodelay_off_c16_keepalive_ms,41.005268
latency,3,353,http1_python_nodelay_off_c16_keepalive_ms,40.971957
latency,3,354,http1_python_nodelay_off_c16_keepalive_ms,42.025695
latency,3,355,http1_python_nodelay_off_c16_keepalive_ms,40.993698
latency,3,356,http1_python_nodelay_off_c16_keepalive_ms,41.007198
latency,3,357,http1_python_nodelay_off_c16_keepalive_ms,44.503177
latency,3,358,http1_python_nodelay_off_c16_keepalive_ms,41.694840
latency,3,359,http1_python_nodelay_off_c16_keepalive_ms,41.918883
latency,3,360,http1_python_nodelay_off_c16_keepalive_ms,42.844869
latency,3,361,http1_python_nodelay_off_c16_keepalive_ms,41.802311
latency,3,362,http1_python_nodelay_off_c16_keepalive_ms,42.334831
latency,3,363,http1_python_nodelay_off_c16_keepalive_ms,41.497046
latency,3,364,http1_python_nodelay_off_c16_keepalive_ms,40.511140
latency,3,365,http1_python_nodelay_off_c16_keepalive_ms,41.031278
latency,3,366,http1_python_nodelay_off_c16_keepalive_ms,40.970377
latency,3,367,http1_python_nodelay_off_c16_keepalive_ms,41.394735
latency,3,368,http1_python_nodelay_off_c16_keepalive_ms,40.607421
latency,3,369,http1_python_nodelay_off_c16_keepalive_ms,41.033128
latency,3,370,http1_python_nodelay_off_c16_keepalive_ms,40.908716
latency,3,371,http1_python_nodelay_off_c16_keepalive_ms,41.473626
latency,3,372,http1_python_nodelay_off_c16_keepalive_ms,40.685522
latency,3,373,http1_python_nodelay_off_c16_keepalive_ms,40.915977
latency,3,374,http1_python_nodelay_off_c16_keepalive_ms,40.930436
latency,3,375,http1_python_nodelay_off_c16_keepalive_ms,42.487963
latency,3,376,http1_python_nodelay_off_c16_keepalive_ms,41.882873
latency,3,377,http1_python_nodelay_off_c16_keepalive_ms,42.158998
latency,3,378,http1_python_nodelay_off_c16_keepalive_ms,41.502226
latency,3,379,http1_python_nodelay_off_c16_keepalive_ms,42.487233
latency,3,380,http1_python_nodelay_off_c16_keepalive_ms,41.512017
latency,3,381,http1_python_nodelay_off_c16_keepalive_ms,42.038435
latency,3,382,http1_python_nodelay_off_c16_keepalive_ms,42.239569
latency,3,383,http1_python_nodelay_off_c16_keepalive_ms,40.752183
latency,3,384,http1_python_nodelay_off_c16_keepalive_ms,41.060529
latency,3,385,http1_python_nodelay_off_c16_keepalive_ms,42.899360
latency,3,386,http1_python_nodelay_off_c16_keepalive_ms,42.148748
latency,3,387,http1_python_nodelay_off_c16_keepalive_ms,41.670419
latency,3,388,http1_python_nodelay_off_c16_keepalive_ms,42.092026
latency,3,389,http1_python_nodelay_off_c16_keepalive_ms,41.025928
latency,3,390,http1_python_nodelay_off_c16_keepalive_ms,40.977607
latency,3,391,http1_python_nodelay_off_c16_keepalive_ms,41.061230
latency,3,392,http1_python_nodelay_off_c16_keepalive_ms,41.916883
latency,3,393,http1_python_nodelay_off_c16_keepalive_ms,42.295929
latency,3,394,http1_python_nodelay_off_c16_keepalive_ms,40.846886
latency,3,395,http1_python_nodelay_off_c16_keepalive_ms,40.920406
latency,3,396,http1_python_nodelay_off_c16_keepalive_ms,40.944497
latency,3,397,http1_python_nodelay_off_c16_keepalive_ms,42.334490
latency,3,398,http1_python_nodelay_off_c16_keepalive_ms,40.738534
latency,3,399,http1_python_nodelay_off_c16_keepalive_ms,42.686316
trial,3,1280,http1_python_nodelay_off_c16_median_ms,41.319093
trial,3,1280,http1_python_nodelay_off_c16_p95_ms,43.070873
trial,3,1280,http1_python_nodelay_off_c16_requests_per_second,381.650
trial,3,1280,http1_python_nodelay_off_c16_wall_ms,3353.862
latency,4,80,http1_python_nodelay_off_c16_keepalive_ms,2.628194
latency,4,81,http1_python_nodelay_off_c16_keepalive_ms,42.229669
latency,4,82,http1_python_nodelay_off_c16_keepalive_ms,43.292597
latency,4,83,http1_python_nodelay_off_c16_keepalive_ms,44.948625
latency,4,84,http1_python_nodelay_off_c16_keepalive_ms,44.302914
latency,4,85,http1_python_nodelay_off_c16_keepalive_ms,41.826311
latency,4,86,http1_python_nodelay_off_c16_keepalive_ms,43.041853
latency,4,87,http1_python_nodelay_off_c16_keepalive_ms,43.655603
latency,4,88,http1_python_nodelay_off_c16_keepalive_ms,41.420365
latency,4,89,http1_python_nodelay_off_c16_keepalive_ms,41.734400
latency,4,90,http1_python_nodelay_off_c16_keepalive_ms,41.772481
latency,4,91,http1_python_nodelay_off_c16_keepalive_ms,42.202598
latency,4,92,http1_python_nodelay_off_c16_keepalive_ms,42.022085
latency,4,93,http1_python_nodelay_off_c16_keepalive_ms,41.344824
latency,4,94,http1_python_nodelay_off_c16_keepalive_ms,41.489506
latency,4,95,http1_python_nodelay_off_c16_keepalive_ms,41.380055
latency,4,96,http1_python_nodelay_off_c16_keepalive_ms,41.959394
latency,4,97,http1_python_nodelay_off_c16_keepalive_ms,42.074076
latency,4,98,http1_python_nodelay_off_c16_keepalive_ms,42.006965
latency,4,99,http1_python_nodelay_off_c16_keepalive_ms,41.894413
latency,4,100,http1_python_nodelay_off_c16_keepalive_ms,43.302216
latency,4,101,http1_python_nodelay_off_c16_keepalive_ms,42.402332
latency,4,102,http1_python_nodelay_off_c16_keepalive_ms,43.328148
latency,4,103,http1_python_nodelay_off_c16_keepalive_ms,42.268779
latency,4,104,http1_python_nodelay_off_c16_keepalive_ms,42.811198
latency,4,105,http1_python_nodelay_off_c16_keepalive_ms,41.920854
latency,4,106,http1_python_nodelay_off_c16_keepalive_ms,42.215288
latency,4,107,http1_python_nodelay_off_c16_keepalive_ms,41.952114
latency,4,108,http1_python_nodelay_off_c16_keepalive_ms,42.072246
latency,4,109,http1_python_nodelay_off_c16_keepalive_ms,41.801962
latency,4,110,http1_python_nodelay_off_c16_keepalive_ms,42.010485
latency,4,111,http1_python_nodelay_off_c16_keepalive_ms,42.030325
latency,4,112,http1_python_nodelay_off_c16_keepalive_ms,41.963174
latency,4,113,http1_python_nodelay_off_c16_keepalive_ms,40.648222
latency,4,114,http1_python_nodelay_off_c16_keepalive_ms,40.961407
latency,4,115,http1_python_nodelay_off_c16_keepalive_ms,40.997998
latency,4,116,http1_python_nodelay_off_c16_keepalive_ms,41.997415
latency,4,117,http1_python_nodelay_off_c16_keepalive_ms,40.997977
latency,4,118,http1_python_nodelay_off_c16_keepalive_ms,42.006935
latency,4,119,http1_python_nodelay_off_c16_keepalive_ms,42.013325
latency,4,120,http1_python_nodelay_off_c16_keepalive_ms,41.912503
latency,4,121,http1_python_nodelay_off_c16_keepalive_ms,41.324424
latency,4,122,http1_python_nodelay_off_c16_keepalive_ms,42.024795
latency,4,123,http1_python_nodelay_off_c16_keepalive_ms,41.060159
latency,4,124,http1_python_nodelay_off_c16_keepalive_ms,42.113057
latency,4,125,http1_python_nodelay_off_c16_keepalive_ms,41.975764
latency,4,126,http1_python_nodelay_off_c16_keepalive_ms,41.997895
latency,4,127,http1_python_nodelay_off_c16_keepalive_ms,41.858962
latency,4,128,http1_python_nodelay_off_c16_keepalive_ms,42.139237
latency,4,129,http1_python_nodelay_off_c16_keepalive_ms,42.581145
latency,4,130,http1_python_nodelay_off_c16_keepalive_ms,42.081966
latency,4,131,http1_python_nodelay_off_c16_keepalive_ms,41.962414
latency,4,132,http1_python_nodelay_off_c16_keepalive_ms,41.031599
latency,4,133,http1_python_nodelay_off_c16_keepalive_ms,40.972827
latency,4,134,http1_python_nodelay_off_c16_keepalive_ms,41.038508
latency,4,135,http1_python_nodelay_off_c16_keepalive_ms,40.983668
latency,4,136,http1_python_nodelay_off_c16_keepalive_ms,41.909873
latency,4,137,http1_python_nodelay_off_c16_keepalive_ms,41.096300
latency,4,138,http1_python_nodelay_off_c16_keepalive_ms,40.915866
latency,4,139,http1_python_nodelay_off_c16_keepalive_ms,41.050558
latency,4,140,http1_python_nodelay_off_c16_keepalive_ms,41.026219
latency,4,141,http1_python_nodelay_off_c16_keepalive_ms,41.987864
latency,4,142,http1_python_nodelay_off_c16_keepalive_ms,41.020639
latency,4,143,http1_python_nodelay_off_c16_keepalive_ms,40.965877
latency,4,144,http1_python_nodelay_off_c16_keepalive_ms,41.026828
latency,4,145,http1_python_nodelay_off_c16_keepalive_ms,41.251982
latency,4,146,http1_python_nodelay_off_c16_keepalive_ms,40.669772
latency,4,147,http1_python_nodelay_off_c16_keepalive_ms,41.302103
latency,4,148,http1_python_nodelay_off_c16_keepalive_ms,40.697543
latency,4,149,http1_python_nodelay_off_c16_keepalive_ms,41.064879
latency,4,150,http1_python_nodelay_off_c16_keepalive_ms,42.021985
latency,4,151,http1_python_nodelay_off_c16_keepalive_ms,41.970774
latency,4,152,http1_python_nodelay_off_c16_keepalive_ms,41.011508
latency,4,153,http1_python_nodelay_off_c16_keepalive_ms,41.864852
latency,4,154,http1_python_nodelay_off_c16_keepalive_ms,41.366314
latency,4,155,http1_python_nodelay_off_c16_keepalive_ms,40.721523
latency,4,156,http1_python_nodelay_off_c16_keepalive_ms,41.065879
latency,4,157,http1_python_nodelay_off_c16_keepalive_ms,40.988038
latency,4,158,http1_python_nodelay_off_c16_keepalive_ms,40.973877
latency,4,159,http1_python_nodelay_off_c16_keepalive_ms,41.028429
latency,4,0,http1_python_nodelay_off_c16_keepalive_ms,2.736647
latency,4,1,http1_python_nodelay_off_c16_keepalive_ms,41.937003
latency,4,2,http1_python_nodelay_off_c16_keepalive_ms,43.443690
latency,4,3,http1_python_nodelay_off_c16_keepalive_ms,44.974585
latency,4,4,http1_python_nodelay_off_c16_keepalive_ms,41.941864
latency,4,5,http1_python_nodelay_off_c16_keepalive_ms,42.030375
latency,4,6,http1_python_nodelay_off_c16_keepalive_ms,42.966652
latency,4,7,http1_python_nodelay_off_c16_keepalive_ms,43.016152
latency,4,8,http1_python_nodelay_off_c16_keepalive_ms,42.014105
latency,4,9,http1_python_nodelay_off_c16_keepalive_ms,41.880633
latency,4,10,http1_python_nodelay_off_c16_keepalive_ms,42.026525
latency,4,11,http1_python_nodelay_off_c16_keepalive_ms,42.025425
latency,4,12,http1_python_nodelay_off_c16_keepalive_ms,41.946904
latency,4,13,http1_python_nodelay_off_c16_keepalive_ms,42.005575
latency,4,14,http1_python_nodelay_off_c16_keepalive_ms,42.083996
latency,4,15,http1_python_nodelay_off_c16_keepalive_ms,42.093606
latency,4,16,http1_python_nodelay_off_c16_keepalive_ms,41.899293
latency,4,17,http1_python_nodelay_off_c16_keepalive_ms,42.011355
latency,4,18,http1_python_nodelay_off_c16_keepalive_ms,42.090777
latency,4,19,http1_python_nodelay_off_c16_keepalive_ms,42.073666
latency,4,20,http1_python_nodelay_off_c16_keepalive_ms,42.791028
latency,4,21,http1_python_nodelay_off_c16_keepalive_ms,43.128424
latency,4,22,http1_python_nodelay_off_c16_keepalive_ms,42.027655
latency,4,23,http1_python_nodelay_off_c16_keepalive_ms,42.816159
latency,4,24,http1_python_nodelay_off_c16_keepalive_ms,43.187215
latency,4,25,http1_python_nodelay_off_c16_keepalive_ms,41.986444
latency,4,26,http1_python_nodelay_off_c16_keepalive_ms,41.879993
latency,4,27,http1_python_nodelay_off_c16_keepalive_ms,41.994365
latency,4,28,http1_python_nodelay_off_c16_keepalive_ms,42.380401
latency,4,29,http1_python_nodelay_off_c16_keepalive_ms,41.684509
latency,4,30,http1_python_nodelay_off_c16_keepalive_ms,41.974485
latency,4,31,http1_python_nodelay_off_c16_keepalive_ms,42.045996
latency,4,32,http1_python_nodelay_off_c16_keepalive_ms,41.907473
latency,4,33,http1_python_nodelay_off_c16_keepalive_ms,42.030955
latency,4,34,http1_python_nodelay_off_c16_keepalive_ms,42.504423
latency,4,35,http1_python_nodelay_off_c16_keepalive_ms,42.493303
latency,4,36,http1_python_nodelay_off_c16_keepalive_ms,43.014442
latency,4,37,http1_python_nodelay_off_c16_keepalive_ms,42.957902
latency,4,38,http1_python_nodelay_off_c16_keepalive_ms,43.005592
latency,4,39,http1_python_nodelay_off_c16_keepalive_ms,41.318823
latency,4,40,http1_python_nodelay_off_c16_keepalive_ms,40.652182
latency,4,41,http1_python_nodelay_off_c16_keepalive_ms,41.201951
latency,4,42,http1_python_nodelay_off_c16_keepalive_ms,40.795734
latency,4,43,http1_python_nodelay_off_c16_keepalive_ms,40.944327
latency,4,44,http1_python_nodelay_off_c16_keepalive_ms,41.055378
latency,4,45,http1_python_nodelay_off_c16_keepalive_ms,41.307964
latency,4,46,http1_python_nodelay_off_c16_keepalive_ms,40.890845
latency,4,47,http1_python_nodelay_off_c16_keepalive_ms,41.937424
latency,4,48,http1_python_nodelay_off_c16_keepalive_ms,41.893153
latency,4,49,http1_python_nodelay_off_c16_keepalive_ms,42.031595
latency,4,50,http1_python_nodelay_off_c16_keepalive_ms,42.968072
latency,4,51,http1_python_nodelay_off_c16_keepalive_ms,42.052406
latency,4,52,http1_python_nodelay_off_c16_keepalive_ms,42.951630
latency,4,53,http1_python_nodelay_off_c16_keepalive_ms,41.998875
latency,4,54,http1_python_nodelay_off_c16_keepalive_ms,41.979585
latency,4,55,http1_python_nodelay_off_c16_keepalive_ms,43.046712
latency,4,56,http1_python_nodelay_off_c16_keepalive_ms,44.950905
latency,4,57,http1_python_nodelay_off_c16_keepalive_ms,42.040856
latency,4,58,http1_python_nodelay_off_c16_keepalive_ms,41.957464
latency,4,59,http1_python_nodelay_off_c16_keepalive_ms,41.958914
latency,4,60,http1_python_nodelay_off_c16_keepalive_ms,40.978227
latency,4,61,http1_python_nodelay_off_c16_keepalive_ms,40.995988
latency,4,62,http1_python_nodelay_off_c16_keepalive_ms,40.998848
latency,4,63,http1_python_nodelay_off_c16_keepalive_ms,40.998198
latency,4,64,http1_python_nodelay_off_c16_keepalive_ms,41.006538
latency,4,65,http1_python_nodelay_off_c16_keepalive_ms,40.997797
latency,4,66,http1_python_nodelay_off_c16_keepalive_ms,41.000128
latency,4,67,http1_python_nodelay_off_c16_keepalive_ms,41.003258
latency,4,68,http1_python_nodelay_off_c16_keepalive_ms,40.995727
latency,4,69,http1_python_nodelay_off_c16_keepalive_ms,41.997735
latency,4,70,http1_python_nodelay_off_c16_keepalive_ms,42.004155
latency,4,71,http1_python_nodelay_off_c16_keepalive_ms,41.996985
latency,4,72,http1_python_nodelay_off_c16_keepalive_ms,41.000808
latency,4,73,http1_python_nodelay_off_c16_keepalive_ms,40.998617
latency,4,74,http1_python_nodelay_off_c16_keepalive_ms,41.004598
latency,4,75,http1_python_nodelay_off_c16_keepalive_ms,40.999168
latency,4,76,http1_python_nodelay_off_c16_keepalive_ms,40.993928
latency,4,77,http1_python_nodelay_off_c16_keepalive_ms,41.000808
latency,4,78,http1_python_nodelay_off_c16_keepalive_ms,40.998057
latency,4,79,http1_python_nodelay_off_c16_keepalive_ms,41.004188
latency,4,480,http1_python_nodelay_off_c16_keepalive_ms,44.111621
latency,4,481,http1_python_nodelay_off_c16_keepalive_ms,45.032256
latency,4,482,http1_python_nodelay_off_c16_keepalive_ms,42.835409
latency,4,483,http1_python_nodelay_off_c16_keepalive_ms,41.183221
latency,4,484,http1_python_nodelay_off_c16_keepalive_ms,42.074566
latency,4,485,http1_python_nodelay_off_c16_keepalive_ms,42.693267
latency,4,486,http1_python_nodelay_off_c16_keepalive_ms,42.987181
latency,4,487,http1_python_nodelay_off_c16_keepalive_ms,42.118817
latency,4,488,http1_python_nodelay_off_c16_keepalive_ms,42.291090
latency,4,489,http1_python_nodelay_off_c16_keepalive_ms,41.860192
latency,4,490,http1_python_nodelay_off_c16_keepalive_ms,40.945827
latency,4,491,http1_python_nodelay_off_c16_keepalive_ms,40.897266
latency,4,492,http1_python_nodelay_off_c16_keepalive_ms,40.979498
latency,4,493,http1_python_nodelay_off_c16_keepalive_ms,41.027428
latency,4,494,http1_python_nodelay_off_c16_keepalive_ms,42.122657
latency,4,495,http1_python_nodelay_off_c16_keepalive_ms,42.836379
latency,4,496,http1_python_nodelay_off_c16_keepalive_ms,41.993375
latency,4,497,http1_python_nodelay_off_c16_keepalive_ms,43.375498
latency,4,498,http1_python_nodelay_off_c16_keepalive_ms,43.168394
latency,4,499,http1_python_nodelay_off_c16_keepalive_ms,42.006465
latency,4,500,http1_python_nodelay_off_c16_keepalive_ms,41.824022
latency,4,501,http1_python_nodelay_off_c16_keepalive_ms,41.554527
latency,4,502,http1_python_nodelay_off_c16_keepalive_ms,42.341691
latency,4,503,http1_python_nodelay_off_c16_keepalive_ms,42.129567
latency,4,504,http1_python_nodelay_off_c16_keepalive_ms,42.559924
latency,4,505,http1_python_nodelay_off_c16_keepalive_ms,41.355394
latency,4,506,http1_python_nodelay_off_c16_keepalive_ms,41.633389
latency,4,507,http1_python_nodelay_off_c16_keepalive_ms,42.364170
latency,4,508,http1_python_nodelay_off_c16_keepalive_ms,41.635129
latency,4,509,http1_python_nodelay_off_c16_keepalive_ms,42.018355
latency,4,510,http1_python_nodelay_off_c16_keepalive_ms,42.315630
latency,4,511,http1_python_nodelay_off_c16_keepalive_ms,41.663610
latency,4,512,http1_python_nodelay_off_c16_keepalive_ms,41.210071
latency,4,513,http1_python_nodelay_off_c16_keepalive_ms,40.878155
latency,4,514,http1_python_nodelay_off_c16_keepalive_ms,41.079700
latency,4,515,http1_python_nodelay_off_c16_keepalive_ms,40.989917
latency,4,516,http1_python_nodelay_off_c16_keepalive_ms,42.025546
latency,4,517,http1_python_nodelay_off_c16_keepalive_ms,40.973287
latency,4,518,http1_python_nodelay_off_c16_keepalive_ms,41.010017
latency,4,519,http1_python_nodelay_off_c16_keepalive_ms,40.920687
latency,4,520,http1_python_nodelay_off_c16_keepalive_ms,41.062919
latency,4,521,http1_python_nodelay_off_c16_keepalive_ms,40.937547
latency,4,522,http1_python_nodelay_off_c16_keepalive_ms,41.098969
latency,4,523,http1_python_nodelay_off_c16_keepalive_ms,40.972837
latency,4,524,http1_python_nodelay_off_c16_keepalive_ms,41.035059
latency,4,525,http1_python_nodelay_off_c16_keepalive_ms,41.136480
latency,4,526,http1_python_nodelay_off_c16_keepalive_ms,40.824805
latency,4,527,http1_python_nodelay_off_c16_keepalive_ms,40.939006
latency,4,528,http1_python_nodelay_off_c16_keepalive_ms,41.052869
latency,4,529,http1_python_nodelay_off_c16_keepalive_ms,41.034608
latency,4,530,http1_python_nodelay_off_c16_keepalive_ms,41.969675
latency,4,531,http1_python_nodelay_off_c16_keepalive_ms,41.051718
latency,4,532,http1_python_nodelay_off_c16_keepalive_ms,41.942984
latency,4,533,http1_python_nodelay_off_c16_keepalive_ms,42.030885
latency,4,534,http1_python_nodelay_off_c16_keepalive_ms,40.929837
latency,4,535,http1_python_nodelay_off_c16_keepalive_ms,43.041742
latency,4,536,http1_python_nodelay_off_c16_keepalive_ms,41.037379
latency,4,537,http1_python_nodelay_off_c16_keepalive_ms,40.899576
latency,4,538,http1_python_nodelay_off_c16_keepalive_ms,41.002958
latency,4,539,http1_python_nodelay_off_c16_keepalive_ms,40.994038
latency,4,540,http1_python_nodelay_off_c16_keepalive_ms,41.088179
latency,4,541,http1_python_nodelay_off_c16_keepalive_ms,40.977447
latency,4,542,http1_python_nodelay_off_c16_keepalive_ms,40.999028
latency,4,543,http1_python_nodelay_off_c16_keepalive_ms,41.122280
latency,4,544,http1_python_nodelay_off_c16_keepalive_ms,40.796944
latency,4,545,http1_python_nodelay_off_c16_keepalive_ms,41.019378
latency,4,546,http1_python_nodelay_off_c16_keepalive_ms,40.995288
latency,4,547,http1_python_nodelay_off_c16_keepalive_ms,41.010868
latency,4,548,http1_python_nodelay_off_c16_keepalive_ms,42.053616
latency,4,549,http1_python_nodelay_off_c16_keepalive_ms,42.005495
latency,4,550,http1_python_nodelay_off_c16_keepalive_ms,41.996444
latency,4,551,http1_python_nodelay_off_c16_keepalive_ms,40.994318
latency,4,552,http1_python_nodelay_off_c16_keepalive_ms,41.000818
latency,4,553,http1_python_nodelay_off_c16_keepalive_ms,40.938977
latency,4,554,http1_python_nodelay_off_c16_keepalive_ms,40.923586
latency,4,555,http1_python_nodelay_off_c16_keepalive_ms,41.177530
latency,4,556,http1_python_nodelay_off_c16_keepalive_ms,40.961348
latency,4,557,http1_python_nodelay_off_c16_keepalive_ms,40.996897
latency,4,558,http1_python_nodelay_off_c16_keepalive_ms,40.930627
latency,4,559,http1_python_nodelay_off_c16_keepalive_ms,40.938577
latency,4,960,http1_python_nodelay_off_c16_keepalive_ms,44.212492
latency,4,961,http1_python_nodelay_off_c16_keepalive_ms,44.941155
latency,4,962,http1_python_nodelay_off_c16_keepalive_ms,41.965604
latency,4,963,http1_python_nodelay_off_c16_keepalive_ms,42.135207
latency,4,964,http1_python_nodelay_off_c16_keepalive_ms,42.012625
latency,4,965,http1_python_nodelay_off_c16_keepalive_ms,42.764808
latency,4,966,http1_python_nodelay_off_c16_keepalive_ms,43.045453
latency,4,967,http1_python_nodelay_off_c16_keepalive_ms,42.274179
latency,4,968,http1_python_nodelay_off_c16_keepalive_ms,42.026236
latency,4,969,http1_python_nodelay_off_c16_keepalive_ms,42.667736
latency,4,970,http1_python_nodelay_off_c16_keepalive_ms,41.203961
latency,4,971,http1_python_nodelay_off_c16_keepalive_ms,40.895536
latency,4,972,http1_python_nodelay_off_c16_keepalive_ms,41.041468
latency,4,973,http1_python_nodelay_off_c16_keepalive_ms,40.975838
latency,4,974,http1_python_nodelay_off_c16_keepalive_ms,41.049638
latency,4,975,http1_python_nodelay_off_c16_keepalive_ms,42.887530
latency,4,976,http1_python_nodelay_off_c16_keepalive_ms,42.727107
latency,4,977,http1_python_nodelay_off_c16_keepalive_ms,42.634696
latency,4,978,http1_python_nodelay_off_c16_keepalive_ms,42.667256
latency,4,979,http1_python_nodelay_off_c16_keepalive_ms,42.507653
latency,4,980,http1_python_nodelay_off_c16_keepalive_ms,41.780372
latency,4,981,http1_python_nodelay_off_c16_keepalive_ms,41.959364
latency,4,982,http1_python_nodelay_off_c16_keepalive_ms,41.651098
latency,4,983,http1_python_nodelay_off_c16_keepalive_ms,42.455253
latency,4,984,http1_python_nodelay_off_c16_keepalive_ms,41.872843
latency,4,985,http1_python_nodelay_off_c16_keepalive_ms,41.672649
latency,4,986,http1_python_nodelay_off_c16_keepalive_ms,42.044116
latency,4,987,http1_python_nodelay_off_c16_keepalive_ms,42.283729
latency,4,988,http1_python_nodelay_off_c16_keepalive_ms,41.991275
latency,4,989,http1_python_nodelay_off_c16_keepalive_ms,41.756890
latency,4,990,http1_python_nodelay_off_c16_keepalive_ms,41.880473
latency,4,991,http1_python_nodelay_off_c16_keepalive_ms,41.991535
latency,4,992,http1_python_nodelay_off_c16_keepalive_ms,41.221631
latency,4,993,http1_python_nodelay_off_c16_keepalive_ms,41.395255
latency,4,994,http1_python_nodelay_off_c16_keepalive_ms,40.558410
latency,4,995,http1_python_nodelay_off_c16_keepalive_ms,40.992338
latency,4,996,http1_python_nodelay_off_c16_keepalive_ms,42.023785
latency,4,997,http1_python_nodelay_off_c16_keepalive_ms,40.973717
latency,4,998,http1_python_nodelay_off_c16_keepalive_ms,41.010598
latency,4,999,http1_python_nodelay_off_c16_keepalive_ms,41.431615
latency,4,1000,http1_python_nodelay_off_c16_keepalive_ms,40.551600
latency,4,1001,http1_python_nodelay_off_c16_keepalive_ms,41.434956
latency,4,1002,http1_python_nodelay_off_c16_keepalive_ms,40.600321
latency,4,1003,http1_python_nodelay_off_c16_keepalive_ms,40.975187
latency,4,1004,http1_python_nodelay_off_c16_keepalive_ms,41.034118
latency,4,1005,http1_python_nodelay_off_c16_keepalive_ms,41.462236
latency,4,1006,http1_python_nodelay_off_c16_keepalive_ms,40.500049
latency,4,1007,http1_python_nodelay_off_c16_keepalive_ms,41.516747
latency,4,1008,http1_python_nodelay_off_c16_keepalive_ms,40.474299
latency,4,1009,http1_python_nodelay_off_c16_keepalive_ms,41.032168
latency,4,1010,http1_python_nodelay_off_c16_keepalive_ms,41.972324
latency,4,1011,http1_python_nodelay_off_c16_keepalive_ms,41.046499
latency,4,1012,http1_python_nodelay_off_c16_keepalive_ms,41.948404
latency,4,1013,http1_python_nodelay_off_c16_keepalive_ms,42.028285
latency,4,1014,http1_python_nodelay_off_c16_keepalive_ms,40.932027
latency,4,1015,http1_python_nodelay_off_c16_keepalive_ms,43.045392
latency,4,1016,http1_python_nodelay_off_c16_keepalive_ms,41.033909
latency,4,1017,http1_python_nodelay_off_c16_keepalive_ms,40.898836
latency,4,1018,http1_python_nodelay_off_c16_keepalive_ms,41.390784
latency,4,1019,http1_python_nodelay_off_c16_keepalive_ms,40.606541
latency,4,1020,http1_python_nodelay_off_c16_keepalive_ms,41.085869
latency,4,1021,http1_python_nodelay_off_c16_keepalive_ms,40.979368
latency,4,1022,http1_python_nodelay_off_c16_keepalive_ms,41.000768
latency,4,1023,http1_python_nodelay_off_c16_keepalive_ms,40.951467
latency,4,1024,http1_python_nodelay_off_c16_keepalive_ms,41.466485
latency,4,1025,http1_python_nodelay_off_c16_keepalive_ms,40.519230
latency,4,1026,http1_python_nodelay_off_c16_keepalive_ms,41.543587
latency,4,1027,http1_python_nodelay_off_c16_keepalive_ms,40.462648
latency,4,1028,http1_python_nodelay_off_c16_keepalive_ms,42.054796
latency,4,1029,http1_python_nodelay_off_c16_keepalive_ms,42.004135
latency,4,1030,http1_python_nodelay_off_c16_keepalive_ms,41.997075
latency,4,1031,http1_python_nodelay_off_c16_keepalive_ms,40.994758
latency,4,1032,http1_python_nodelay_off_c16_keepalive_ms,41.000657
latency,4,1033,http1_python_nodelay_off_c16_keepalive_ms,40.938817
latency,4,1034,http1_python_nodelay_off_c16_keepalive_ms,41.501876
latency,4,1035,http1_python_nodelay_off_c16_keepalive_ms,40.597711
latency,4,1036,http1_python_nodelay_off_c16_keepalive_ms,40.963427
latency,4,1037,http1_python_nodelay_off_c16_keepalive_ms,40.995528
latency,4,1038,http1_python_nodelay_off_c16_keepalive_ms,41.427995
latency,4,1039,http1_python_nodelay_off_c16_keepalive_ms,41.160991
latency,4,160,http1_python_nodelay_off_c16_keepalive_ms,45.732179
latency,4,161,http1_python_nodelay_off_c16_keepalive_ms,42.740927
latency,4,162,http1_python_nodelay_off_c16_keepalive_ms,42.650676
latency,4,163,http1_python_nodelay_off_c16_keepalive_ms,42.293300
latency,4,164,http1_python_nodelay_off_c16_keepalive_ms,41.552987
latency,4,165,http1_python_nodelay_off_c16_keepalive_ms,42.979131
latency,4,166,http1_python_nodelay_off_c16_keepalive_ms,43.076563
latency,4,167,http1_python_nodelay_off_c16_keepalive_ms,41.989825
latency,4,168,http1_python_nodelay_off_c16_keepalive_ms,41.986025
latency,4,169,http1_python_nodelay_off_c16_keepalive_ms,41.991244
latency,4,170,http1_python_nodelay_off_c16_keepalive_ms,41.938204
latency,4,171,http1_python_nodelay_off_c16_keepalive_ms,42.079086
latency,4,172,http1_python_nodelay_off_c16_keepalive_ms,40.954947
latency,4,173,http1_python_nodelay_off_c16_keepalive_ms,41.004768
latency,4,174,http1_python_nodelay_off_c16_keepalive_ms,41.119940
latency,4,175,http1_python_nodelay_off_c16_keepalive_ms,41.880212
latency,4,176,http1_python_nodelay_off_c16_keepalive_ms,42.036456
latency,4,177,http1_python_nodelay_off_c16_keepalive_ms,43.072993
latency,4,178,http1_python_nodelay_off_c16_keepalive_ms,42.984641
latency,4,179,http1_python_nodelay_off_c16_keepalive_ms,41.972715
latency,4,180,http1_python_nodelay_off_c16_keepalive_ms,41.974994
latency,4,181,http1_python_nodelay_off_c16_keepalive_ms,42.033385
latency,4,182,http1_python_nodelay_off_c16_keepalive_ms,42.099207
latency,4,183,http1_python_nodelay_off_c16_keepalive_ms,41.988845
latency,4,184,http1_python_nodelay_off_c16_keepalive_ms,41.913633
latency,4,185,http1_python_nodelay_off_c16_keepalive_ms,41.984175
latency,4,186,http1_python_nodelay_off_c16_keepalive_ms,41.987924
latency,4,187,http1_python_nodelay_off_c16_keepalive_ms,41.937484
latency,4,188,http1_python_nodelay_off_c16_keepalive_ms,42.086826
latency,4,189,http1_python_nodelay_off_c16_keepalive_ms,41.935354
latency,4,190,http1_python_nodelay_off_c16_keepalive_ms,42.092776
latency,4,191,http1_python_nodelay_off_c16_keepalive_ms,41.941644
latency,4,192,http1_python_nodelay_off_c16_keepalive_ms,40.921606
latency,4,193,http1_python_nodelay_off_c16_keepalive_ms,41.000388
latency,4,194,http1_python_nodelay_off_c16_keepalive_ms,40.985948
latency,4,195,http1_python_nodelay_off_c16_keepalive_ms,41.052818
latency,4,196,http1_python_nodelay_off_c16_keepalive_ms,41.952154
latency,4,197,http1_python_nodelay_off_c16_keepalive_ms,41.045319
latency,4,198,http1_python_nodelay_off_c16_keepalive_ms,40.954717
latency,4,199,http1_python_nodelay_off_c16_keepalive_ms,41.008248
latency,4,200,http1_python_nodelay_off_c16_keepalive_ms,40.985727
latency,4,201,http1_python_nodelay_off_c16_keepalive_ms,41.006588
latency,4,202,http1_python_nodelay_off_c16_keepalive_ms,41.006868
latency,4,203,http1_python_nodelay_off_c16_keepalive_ms,41.040088
latency,4,204,http1_python_nodelay_off_c16_keepalive_ms,40.950787
latency,4,205,http1_python_nodelay_off_c16_keepalive_ms,41.021268
latency,4,206,http1_python_nodelay_off_c16_keepalive_ms,40.973978
latency,4,207,http1_python_nodelay_off_c16_keepalive_ms,41.019068
latency,4,208,http1_python_nodelay_off_c16_keepalive_ms,40.980298
latency,4,209,http1_python_nodelay_off_c16_keepalive_ms,41.064728
latency,4,210,http1_python_nodelay_off_c16_keepalive_ms,41.938104
latency,4,211,http1_python_nodelay_off_c16_keepalive_ms,41.075949
latency,4,212,http1_python_nodelay_off_c16_keepalive_ms,41.919233
latency,4,213,http1_python_nodelay_off_c16_keepalive_ms,42.060906
latency,4,214,http1_python_nodelay_off_c16_keepalive_ms,41.221502
latency,4,215,http1_python_nodelay_off_c16_keepalive_ms,42.769088
latency,4,216,http1_python_nodelay_off_c16_keepalive_ms,41.030318
latency,4,217,http1_python_nodelay_off_c16_keepalive_ms,41.303923
latency,4,218,http1_python_nodelay_off_c16_keepalive_ms,40.627651
latency,4,219,http1_python_nodelay_off_c16_keepalive_ms,41.241892
latency,4,220,http1_python_nodelay_off_c16_keepalive_ms,40.808645
latency,4,221,http1_python_nodelay_off_c16_keepalive_ms,40.941767
latency,4,222,http1_python_nodelay_off_c16_keepalive_ms,41.044378
latency,4,223,http1_python_nodelay_off_c16_keepalive_ms,41.373604
latency,4,224,http1_python_nodelay_off_c16_keepalive_ms,40.575671
latency,4,225,http1_python_nodelay_off_c16_keepalive_ms,41.256772
latency,4,226,http1_python_nodelay_off_c16_keepalive_ms,40.757944
latency,4,227,http1_python_nodelay_off_c16_keepalive_ms,41.374834
latency,4,228,http1_python_nodelay_off_c16_keepalive_ms,41.656329
latency,4,229,http1_python_nodelay_off_c16_keepalive_ms,41.956714
latency,4,230,http1_python_nodelay_off_c16_keepalive_ms,42.045225
latency,4,231,http1_python_nodelay_off_c16_keepalive_ms,40.950267
latency,4,232,http1_python_nodelay_off_c16_keepalive_ms,41.046909
latency,4,233,http1_python_nodelay_off_c16_keepalive_ms,41.212361
latency,4,234,http1_python_nodelay_off_c16_keepalive_ms,40.901496
latency,4,235,http1_python_nodelay_off_c16_keepalive_ms,40.858665
latency,4,236,http1_python_nodelay_off_c16_keepalive_ms,41.027109
latency,4,237,http1_python_nodelay_off_c16_keepalive_ms,40.954297
latency,4,238,http1_python_nodelay_off_c16_keepalive_ms,41.007288
latency,4,239,http1_python_nodelay_off_c16_keepalive_ms,41.910103
latency,4,720,http1_python_nodelay_off_c16_keepalive_ms,44.828453
latency,4,721,http1_python_nodelay_off_c16_keepalive_ms,43.142334
latency,4,722,http1_python_nodelay_off_c16_keepalive_ms,45.151328
latency,4,723,http1_python_nodelay_off_c16_keepalive_ms,44.250303
latency,4,724,http1_python_nodelay_off_c16_keepalive_ms,41.869843
latency,4,725,http1_python_nodelay_off_c16_keepalive_ms,42.996981
latency,4,726,http1_python_nodelay_off_c16_keepalive_ms,41.339784
latency,4,727,http1_python_nodelay_off_c16_keepalive_ms,41.584568
latency,4,728,http1_python_nodelay_off_c16_keepalive_ms,41.767571
latency,4,729,http1_python_nodelay_off_c16_keepalive_ms,42.034915
latency,4,730,http1_python_nodelay_off_c16_keepalive_ms,41.104680
latency,4,731,http1_python_nodelay_off_c16_keepalive_ms,41.139830
latency,4,732,http1_python_nodelay_off_c16_keepalive_ms,40.864465
latency,4,733,http1_python_nodelay_off_c16_keepalive_ms,40.965847
latency,4,734,http1_python_nodelay_off_c16_keepalive_ms,41.166311
latency,4,735,http1_python_nodelay_off_c16_keepalive_ms,42.186768
latency,4,736,http1_python_nodelay_off_c16_keepalive_ms,41.592788
latency,4,737,http1_python_nodelay_off_c16_keepalive_ms,43.387738
latency,4,738,http1_python_nodelay_off_c16_keepalive_ms,43.041813
latency,4,739,http1_python_nodelay_off_c16_keepalive_ms,42.209768
latency,4,740,http1_python_nodelay_off_c16_keepalive_ms,42.780288
latency,4,741,http1_python_nodelay_off_c16_keepalive_ms,40.912126
latency,4,742,http1_python_nodelay_off_c16_keepalive_ms,41.975625
latency,4,743,http1_python_nodelay_off_c16_keepalive_ms,42.107827
latency,4,744,http1_python_nodelay_off_c16_keepalive_ms,41.939733
latency,4,745,http1_python_nodelay_off_c16_keepalive_ms,41.910964
latency,4,746,http1_python_nodelay_off_c16_keepalive_ms,42.315770
latency,4,747,http1_python_nodelay_off_c16_keepalive_ms,41.661369
latency,4,748,http1_python_nodelay_off_c16_keepalive_ms,42.071246
latency,4,749,http1_python_nodelay_off_c16_keepalive_ms,42.231949
latency,4,750,http1_python_nodelay_off_c16_keepalive_ms,41.528196
latency,4,751,http1_python_nodelay_off_c16_keepalive_ms,42.155888
latency,4,752,http1_python_nodelay_off_c16_keepalive_ms,41.708310
latency,4,753,http1_python_nodelay_off_c16_keepalive_ms,41.067368
latency,4,754,http1_python_nodelay_off_c16_keepalive_ms,42.362722
latency,4,755,http1_python_nodelay_off_c16_keepalive_ms,41.896522
latency,4,756,http1_python_nodelay_off_c16_keepalive_ms,41.969895
latency,4,757,http1_python_nodelay_off_c16_keepalive_ms,42.812788
latency,4,758,http1_python_nodelay_off_c16_keepalive_ms,42.990042
latency,4,759,http1_python_nodelay_off_c16_keepalive_ms,41.395624
latency,4,760,http1_python_nodelay_off_c16_keepalive_ms,42.754928
latency,4,761,http1_python_nodelay_off_c16_keepalive_ms,41.802232
latency,4,762,http1_python_nodelay_off_c16_keepalive_ms,41.894312
latency,4,763,http1_python_nodelay_off_c16_keepalive_ms,42.569915
latency,4,764,http1_python_nodelay_off_c16_keepalive_ms,41.982024
latency,4,765,http1_python_nodelay_off_c16_keepalive_ms,41.947794
latency,4,766,http1_python_nodelay_off_c16_keepalive_ms,41.862763
latency,4,767,http1_python_nodelay_off_c16_keepalive_ms,41.696939
latency,4,768,http1_python_nodelay_off_c16_keepalive_ms,41.142151
latency,4,769,http1_python_nodelay_off_c16_keepalive_ms,41.994114
latency,4,770,http1_python_nodelay_off_c16_keepalive_ms,40.960967
latency,4,771,http1_python_nodelay_off_c16_keepalive_ms,41.044599
latency,4,772,http1_python_nodelay_off_c16_keepalive_ms,40.939647
latency,4,773,http1_python_nodelay_off_c16_keepalive_ms,41.063739
latency,4,774,http1_python_nodelay_off_c16_keepalive_ms,41.061178
latency,4,775,http1_python_nodelay_off_c16_keepalive_ms,41.918944
latency,4,776,http1_python_nodelay_off_c16_keepalive_ms,40.981797
latency,4,777,http1_python_nodelay_off_c16_keepalive_ms,41.483786
latency,4,778,http1_python_nodelay_off_c16_keepalive_ms,40.487290
latency,4,779,http1_python_nodelay_off_c16_keepalive_ms,41.051928
latency,4,780,http1_python_nodelay_off_c16_keepalive_ms,40.952317
latency,4,781,http1_python_nodelay_off_c16_keepalive_ms,41.047839
latency,4,782,http1_python_nodelay_off_c16_keepalive_ms,40.948976
latency,4,783,http1_python_nodelay_off_c16_keepalive_ms,41.280133
latency,4,784,http1_python_nodelay_off_c16_keepalive_ms,40.698213
latency,4,785,http1_python_nodelay_off_c16_keepalive_ms,41.434715
latency,4,786,http1_python_nodelay_off_c16_keepalive_ms,41.773471
latency,4,787,http1_python_nodelay_off_c16_keepalive_ms,40.778634
latency,4,788,http1_python_nodelay_off_c16_keepalive_ms,42.096466
latency,4,789,http1_python_nodelay_off_c16_keepalive_ms,41.957554
latency,4,790,http1_python_nodelay_off_c16_keepalive_ms,42.042456
latency,4,791,http1_python_nodelay_off_c16_keepalive_ms,40.936977
latency,4,792,http1_python_nodelay_off_c16_keepalive_ms,41.063058
latency,4,793,http1_python_nodelay_off_c16_keepalive_ms,40.906777
latency,4,794,http1_python_nodelay_off_c16_keepalive_ms,41.457155
latency,4,795,http1_python_nodelay_off_c16_keepalive_ms,40.578071
latency,4,796,http1_python_nodelay_off_c16_keepalive_ms,41.055888
latency,4,797,http1_python_nodelay_off_c16_keepalive_ms,40.949627
latency,4,798,http1_python_nodelay_off_c16_keepalive_ms,41.083800
latency,4,799,http1_python_nodelay_off_c16_keepalive_ms,40.885915
latency,4,1200,http1_python_nodelay_off_c16_keepalive_ms,44.108990
latency,4,1201,http1_python_nodelay_off_c16_keepalive_ms,45.140228
latency,4,1202,http1_python_nodelay_off_c16_keepalive_ms,44.559489
latency,4,1203,http1_python_nodelay_off_c16_keepalive_ms,41.582638
latency,4,1204,http1_python_nodelay_off_c16_keepalive_ms,41.906443
latency,4,1205,http1_python_nodelay_off_c16_keepalive_ms,42.789238
latency,4,1206,http1_python_nodelay_off_c16_keepalive_ms,43.138724
latency,4,1207,http1_python_nodelay_off_c16_keepalive_ms,42.078516
latency,4,1208,http1_python_nodelay_off_c16_keepalive_ms,41.776481
latency,4,1209,http1_python_nodelay_off_c16_keepalive_ms,41.888983
latency,4,1210,http1_python_nodelay_off_c16_keepalive_ms,41.195781
latency,4,1211,http1_python_nodelay_off_c16_keepalive_ms,41.189341
latency,4,1212,http1_python_nodelay_off_c16_keepalive_ms,40.862946
latency,4,1213,http1_python_nodelay_off_c16_keepalive_ms,40.966737
latency,4,1214,http1_python_nodelay_off_c16_keepalive_ms,41.112740
latency,4,1215,http1_python_nodelay_off_c16_keepalive_ms,42.190498
latency,4,1216,http1_python_nodelay_off_c16_keepalive_ms,41.987714
latency,4,1217,http1_python_nodelay_off_c16_keepalive_ms,43.258797
latency,4,1218,http1_python_nodelay_off_c16_keepalive_ms,42.839268
latency,4,1219,http1_python_nodelay_off_c16_keepalive_ms,42.146268
latency,4,1220,http1_python_nodelay_off_c16_keepalive_ms,41.752200
latency,4,1221,http1_python_nodelay_off_c16_keepalive_ms,42.357551
latency,4,1222,http1_python_nodelay_off_c16_keepalive_ms,41.547777
latency,4,1223,http1_python_nodelay_off_c16_keepalive_ms,42.257790
latency,4,1224,http1_python_nodelay_off_c16_keepalive_ms,41.758480
latency,4,1225,http1_python_nodelay_off_c16_keepalive_ms,41.953004
latency,4,1226,http1_python_nodelay_off_c16_keepalive_ms,41.642739
latency,4,1227,http1_python_nodelay_off_c16_keepalive_ms,42.419852
latency,4,1228,http1_python_nodelay_off_c16_keepalive_ms,41.981424
latency,4,1229,http1_python_nodelay_off_c16_keepalive_ms,41.597718
latency,4,1230,http1_python_nodelay_off_c16_keepalive_ms,44.976876
latency,4,1231,http1_python_nodelay_off_c16_keepalive_ms,41.057868
latency,4,1232,http1_python_nodelay_off_c16_keepalive_ms,41.142081
latency,4,1233,http1_python_nodelay_off_c16_keepalive_ms,41.006757
latency,4,1234,http1_python_nodelay_off_c16_keepalive_ms,41.212272
latency,4,1235,http1_python_nodelay_off_c16_keepalive_ms,41.963724
latency,4,1236,http1_python_nodelay_off_c16_keepalive_ms,42.037825
latency,4,1237,http1_python_nodelay_off_c16_keepalive_ms,43.170115
latency,4,1238,http1_python_nodelay_off_c16_keepalive_ms,41.478686
latency,4,1239,http1_python_nodelay_off_c16_keepalive_ms,41.972404
latency,4,1240,http1_python_nodelay_off_c16_keepalive_ms,43.023503
latency,4,1241,http1_python_nodelay_off_c16_keepalive_ms,42.099216
latency,4,1242,http1_python_nodelay_off_c16_keepalive_ms,43.236906
latency,4,1243,http1_python_nodelay_off_c16_keepalive_ms,41.238182
latency,4,1244,http1_python_nodelay_off_c16_keepalive_ms,41.915073
latency,4,1245,http1_python_nodelay_off_c16_keepalive_ms,41.558767
latency,4,1246,http1_python_nodelay_off_c16_keepalive_ms,42.250020
latency,4,1247,http1_python_nodelay_off_c16_keepalive_ms,41.749210
latency,4,1248,http1_python_nodelay_off_c16_keepalive_ms,41.157510
latency,4,1249,http1_python_nodelay_off_c16_keepalive_ms,41.903394
latency,4,1250,http1_python_nodelay_off_c16_keepalive_ms,41.053708
latency,4,1251,http1_python_nodelay_off_c16_keepalive_ms,40.951177
latency,4,1252,http1_python_nodelay_off_c16_keepalive_ms,41.076249
latency,4,1253,http1_python_nodelay_off_c16_keepalive_ms,40.927887
latency,4,1254,http1_python_nodelay_off_c16_keepalive_ms,41.165350
latency,4,1255,http1_python_nodelay_off_c16_keepalive_ms,41.817932
latency,4,1256,http1_python_nodelay_off_c16_keepalive_ms,41.072539
latency,4,1257,http1_python_nodelay_off_c16_keepalive_ms,40.917506
latency,4,1258,http1_python_nodelay_off_c16_keepalive_ms,41.062460
latency,4,1259,http1_python_nodelay_off_c16_keepalive_ms,40.948406
latency,4,1260,http1_python_nodelay_off_c16_keepalive_ms,41.045719
latency,4,1261,http1_python_nodelay_off_c16_keepalive_ms,40.953687
latency,4,1262,http1_python_nodelay_off_c16_keepalive_ms,41.043188
latency,4,1263,http1_python_nodelay_off_c16_keepalive_ms,40.899356
latency,4,1264,http1_python_nodelay_off_c16_keepalive_ms,41.506377
latency,4,1265,http1_python_nodelay_off_c16_keepalive_ms,40.507609
latency,4,1266,http1_python_nodelay_off_c16_keepalive_ms,41.972214
latency,4,1267,http1_python_nodelay_off_c16_keepalive_ms,41.055939
latency,4,1268,http1_python_nodelay_off_c16_keepalive_ms,42.050636
latency,4,1269,http1_python_nodelay_off_c16_keepalive_ms,42.006375
latency,4,1270,http1_python_nodelay_off_c16_keepalive_ms,41.995274
latency,4,1271,http1_python_nodelay_off_c16_keepalive_ms,40.984108
latency,4,1272,http1_python_nodelay_off_c16_keepalive_ms,41.013838
latency,4,1273,http1_python_nodelay_off_c16_keepalive_ms,40.954977
latency,4,1274,http1_python_nodelay_off_c16_keepalive_ms,40.984027
latency,4,1275,http1_python_nodelay_off_c16_keepalive_ms,41.051389
latency,4,1276,http1_python_nodelay_off_c16_keepalive_ms,41.006388
latency,4,1277,http1_python_nodelay_off_c16_keepalive_ms,40.998278
latency,4,1278,http1_python_nodelay_off_c16_keepalive_ms,40.934646
latency,4,1279,http1_python_nodelay_off_c16_keepalive_ms,41.047459
latency,4,1120,http1_python_nodelay_off_c16_keepalive_ms,45.179398
latency,4,1121,http1_python_nodelay_off_c16_keepalive_ms,44.390966
latency,4,1122,http1_python_nodelay_off_c16_keepalive_ms,41.565447
latency,4,1123,http1_python_nodelay_off_c16_keepalive_ms,42.099857
latency,4,1124,http1_python_nodelay_off_c16_keepalive_ms,42.012905
latency,4,1125,http1_python_nodelay_off_c16_keepalive_ms,42.770978
latency,4,1126,http1_python_nodelay_off_c16_keepalive_ms,43.337857
latency,4,1127,http1_python_nodelay_off_c16_keepalive_ms,41.982985
latency,4,1128,http1_python_nodelay_off_c16_keepalive_ms,41.678039
latency,4,1129,http1_python_nodelay_off_c16_keepalive_ms,43.305367
latency,4,1130,http1_python_nodelay_off_c16_keepalive_ms,40.864065
latency,4,1131,http1_python_nodelay_off_c16_keepalive_ms,40.940667
latency,4,1132,http1_python_nodelay_off_c16_keepalive_ms,40.993818
latency,4,1133,http1_python_nodelay_off_c16_keepalive_ms,41.023098
latency,4,1134,http1_python_nodelay_off_c16_keepalive_ms,41.001348
latency,4,1135,http1_python_nodelay_off_c16_keepalive_ms,42.968411
latency,4,1136,http1_python_nodelay_off_c16_keepalive_ms,42.261029
latency,4,1137,http1_python_nodelay_off_c16_keepalive_ms,43.004412
latency,4,1138,http1_python_nodelay_off_c16_keepalive_ms,43.076353
latency,4,1139,http1_python_nodelay_off_c16_keepalive_ms,43.464970
latency,4,1140,http1_python_nodelay_off_c16_keepalive_ms,42.053736
latency,4,1141,http1_python_nodelay_off_c16_keepalive_ms,42.064336
latency,4,1142,http1_python_nodelay_off_c16_keepalive_ms,42.007494
latency,4,1143,http1_python_nodelay_off_c16_keepalive_ms,41.976885
latency,4,1144,http1_python_nodelay_off_c16_keepalive_ms,42.022895
latency,4,1145,http1_python_nodelay_off_c16_keepalive_ms,41.982685
latency,4,1146,http1_python_nodelay_off_c16_keepalive_ms,41.984204
latency,4,1147,http1_python_nodelay_off_c16_keepalive_ms,41.715030
latency,4,1148,http1_python_nodelay_off_c16_keepalive_ms,41.757091
latency,4,1149,http1_python_nodelay_off_c16_keepalive_ms,41.527807
latency,4,1150,http1_python_nodelay_off_c16_keepalive_ms,42.911750
latency,4,1151,http1_python_nodelay_off_c16_keepalive_ms,41.272032
latency,4,1152,http1_python_nodelay_off_c16_keepalive_ms,41.762141
latency,4,1153,http1_python_nodelay_off_c16_keepalive_ms,41.133790
latency,4,1154,http1_python_nodelay_off_c16_keepalive_ms,41.259352
latency,4,1155,http1_python_nodelay_off_c16_keepalive_ms,41.985335
latency,4,1156,http1_python_nodelay_off_c16_keepalive_ms,42.060735
latency,4,1157,http1_python_nodelay_off_c16_keepalive_ms,42.621516
latency,4,1158,http1_python_nodelay_off_c16_keepalive_ms,42.077296
latency,4,1159,http1_python_nodelay_off_c16_keepalive_ms,41.965794
latency,4,1160,http1_python_nodelay_off_c16_keepalive_ms,43.197146
latency,4,1161,http1_python_nodelay_off_c16_keepalive_ms,42.084046
latency,4,1162,http1_python_nodelay_off_c16_keepalive_ms,41.702199
latency,4,1163,http1_python_nodelay_off_c16_keepalive_ms,42.397742
latency,4,1164,http1_python_nodelay_off_c16_keepalive_ms,42.086196
latency,4,1165,http1_python_nodelay_off_c16_keepalive_ms,41.927554
latency,4,1166,http1_python_nodelay_off_c16_keepalive_ms,41.552907
latency,4,1167,http1_python_nodelay_off_c16_keepalive_ms,41.951654
latency,4,1168,http1_python_nodelay_off_c16_keepalive_ms,41.198251
latency,4,1169,http1_python_nodelay_off_c16_keepalive_ms,41.949134
latency,4,1170,http1_python_nodelay_off_c16_keepalive_ms,41.007888
latency,4,1171,http1_python_nodelay_off_c16_keepalive_ms,40.997938
latency,4,1172,http1_python_nodelay_off_c16_keepalive_ms,40.985567
latency,4,1173,http1_python_nodelay_off_c16_keepalive_ms,41.017908
latency,4,1174,http1_python_nodelay_off_c16_keepalive_ms,41.115130
latency,4,1175,http1_python_nodelay_off_c16_keepalive_ms,41.865702
latency,4,1176,http1_python_nodelay_off_c16_keepalive_ms,41.027689
latency,4,1177,http1_python_nodelay_off_c16_keepalive_ms,41.014068
latency,4,1178,http1_python_nodelay_off_c16_keepalive_ms,40.965497
latency,4,1179,http1_python_nodelay_off_c16_keepalive_ms,40.996808
latency,4,1180,http1_python_nodelay_off_c16_keepalive_ms,40.998977
latency,4,1181,http1_python_nodelay_off_c16_keepalive_ms,41.000608
latency,4,1182,http1_python_nodelay_off_c16_keepalive_ms,40.996188
latency,4,1183,http1_python_nodelay_off_c16_keepalive_ms,40.945597
latency,4,1184,http1_python_nodelay_off_c16_keepalive_ms,40.965547
latency,4,1185,http1_python_nodelay_off_c16_keepalive_ms,41.047609
latency,4,1186,http1_python_nodelay_off_c16_keepalive_ms,41.860272
latency,4,1187,http1_python_nodelay_off_c16_keepalive_ms,41.578647
latency,4,1188,http1_python_nodelay_off_c16_keepalive_ms,41.591659
latency,4,1189,http1_python_nodelay_off_c16_keepalive_ms,42.054785
latency,4,1190,http1_python_nodelay_off_c16_keepalive_ms,41.946874
latency,4,1191,http1_python_nodelay_off_c16_keepalive_ms,41.029748
latency,4,1192,http1_python_nodelay_off_c16_keepalive_ms,40.968437
latency,4,1193,http1_python_nodelay_off_c16_keepalive_ms,41.277333
latency,4,1194,http1_python_nodelay_off_c16_keepalive_ms,40.660682
latency,4,1195,http1_python_nodelay_off_c16_keepalive_ms,41.098340
latency,4,1196,http1_python_nodelay_off_c16_keepalive_ms,40.960227
latency,4,1197,http1_python_nodelay_off_c16_keepalive_ms,41.045548
latency,4,1198,http1_python_nodelay_off_c16_keepalive_ms,40.971608
latency,4,1199,http1_python_nodelay_off_c16_keepalive_ms,42.065025
latency,4,320,http1_python_nodelay_off_c16_keepalive_ms,44.270413
latency,4,321,http1_python_nodelay_off_c16_keepalive_ms,43.872887
latency,4,322,http1_python_nodelay_off_c16_keepalive_ms,45.626576
latency,4,323,http1_python_nodelay_off_c16_keepalive_ms,43.704944
latency,4,324,http1_python_nodelay_off_c16_keepalive_ms,41.958334
latency,4,325,http1_python_nodelay_off_c16_keepalive_ms,42.588895
latency,4,326,http1_python_nodelay_off_c16_keepalive_ms,43.204905
latency,4,327,http1_python_nodelay_off_c16_keepalive_ms,42.069536
latency,4,328,http1_python_nodelay_off_c16_keepalive_ms,41.631069
latency,4,329,http1_python_nodelay_off_c16_keepalive_ms,41.229972
latency,4,330,http1_python_nodelay_off_c16_keepalive_ms,41.082519
latency,4,331,http1_python_nodelay_off_c16_keepalive_ms,42.259369
latency,4,332,http1_python_nodelay_off_c16_keepalive_ms,41.662479
latency,4,333,http1_python_nodelay_off_c16_keepalive_ms,40.873095
latency,4,334,http1_python_nodelay_off_c16_keepalive_ms,40.918597
latency,4,335,http1_python_nodelay_off_c16_keepalive_ms,42.017605
latency,4,336,http1_python_nodelay_off_c16_keepalive_ms,41.997475
latency,4,337,http1_python_nodelay_off_c16_keepalive_ms,42.025385
latency,4,338,http1_python_nodelay_off_c16_keepalive_ms,42.891380
latency,4,339,http1_python_nodelay_off_c16_keepalive_ms,42.366851
latency,4,340,http1_python_nodelay_off_c16_keepalive_ms,41.983425
latency,4,341,http1_python_nodelay_off_c16_keepalive_ms,41.822761
latency,4,342,http1_python_nodelay_off_c16_keepalive_ms,41.957314
latency,4,343,http1_python_nodelay_off_c16_keepalive_ms,42.025426
latency,4,344,http1_python_nodelay_off_c16_keepalive_ms,41.972324
latency,4,345,http1_python_nodelay_off_c16_keepalive_ms,42.033535
latency,4,346,http1_python_nodelay_off_c16_keepalive_ms,42.005355
latency,4,347,http1_python_nodelay_off_c16_keepalive_ms,41.569377
latency,4,348,http1_python_nodelay_off_c16_keepalive_ms,41.834832
latency,4,349,http1_python_nodelay_off_c16_keepalive_ms,41.769881
latency,4,350,http1_python_nodelay_off_c16_keepalive_ms,42.753828
latency,4,351,http1_python_nodelay_off_c16_keepalive_ms,41.186541
latency,4,352,http1_python_nodelay_off_c16_keepalive_ms,41.023138
latency,4,353,http1_python_nodelay_off_c16_keepalive_ms,41.329543
latency,4,354,http1_python_nodelay_off_c16_keepalive_ms,41.847923
latency,4,355,http1_python_nodelay_off_c16_keepalive_ms,41.894793
latency,4,356,http1_python_nodelay_off_c16_keepalive_ms,42.084676
latency,4,357,http1_python_nodelay_off_c16_keepalive_ms,43.200505
latency,4,358,http1_python_nodelay_off_c16_keepalive_ms,41.700150
latency,4,359,http1_python_nodelay_off_c16_keepalive_ms,41.776381
latency,4,360,http1_python_nodelay_off_c16_keepalive_ms,43.010172
latency,4,361,http1_python_nodelay_off_c16_keepalive_ms,41.891083
latency,4,362,http1_python_nodelay_off_c16_keepalive_ms,42.142627
latency,4,363,http1_python_nodelay_off_c16_keepalive_ms,42.495033
latency,4,364,http1_python_nodelay_off_c16_keepalive_ms,41.875173
latency,4,365,http1_python_nodelay_off_c16_keepalive_ms,41.923423
latency,4,366,http1_python_nodelay_off_c16_keepalive_ms,42.626326
latency,4,367,http1_python_nodelay_off_c16_keepalive_ms,41.622798
latency,4,368,http1_python_nodelay_off_c16_keepalive_ms,42.484493
latency,4,369,http1_python_nodelay_off_c16_keepalive_ms,41.979785
latency,4,370,http1_python_nodelay_off_c16_keepalive_ms,41.960824
latency,4,371,http1_python_nodelay_off_c16_keepalive_ms,40.982837
latency,4,372,http1_python_nodelay_off_c16_keepalive_ms,41.021648
latency,4,373,http1_python_nodelay_off_c16_keepalive_ms,40.989328
latency,4,374,http1_python_nodelay_off_c16_keepalive_ms,41.035898
latency,4,375,http1_python_nodelay_off_c16_keepalive_ms,42.139657
latency,4,376,http1_python_nodelay_off_c16_keepalive_ms,40.795445
latency,4,377,http1_python_nodelay_off_c16_keepalive_ms,41.252602
latency,4,378,http1_python_nodelay_off_c16_keepalive_ms,40.782234
latency,4,379,http1_python_nodelay_off_c16_keepalive_ms,40.976517
latency,4,380,http1_python_nodelay_off_c16_keepalive_ms,42.037376
latency,4,381,http1_python_nodelay_off_c16_keepalive_ms,40.971837
latency,4,382,http1_python_nodelay_off_c16_keepalive_ms,41.014268
latency,4,383,http1_python_nodelay_off_c16_keepalive_ms,40.977867
latency,4,384,http1_python_nodelay_off_c16_keepalive_ms,40.948857
latency,4,385,http1_python_nodelay_off_c16_keepalive_ms,41.297393
latency,4,386,http1_python_nodelay_off_c16_keepalive_ms,40.696503
latency,4,387,http1_python_nodelay_off_c16_keepalive_ms,41.298663
latency,4,388,http1_python_nodelay_off_c16_keepalive_ms,40.793494
latency,4,389,http1_python_nodelay_off_c16_keepalive_ms,41.973544
latency,4,390,http1_python_nodelay_off_c16_keepalive_ms,42.020105
latency,4,391,http1_python_nodelay_off_c16_keepalive_ms,40.963868
latency,4,392,http1_python_nodelay_off_c16_keepalive_ms,42.106786
latency,4,393,http1_python_nodelay_off_c16_keepalive_ms,40.855465
latency,4,394,http1_python_nodelay_off_c16_keepalive_ms,41.305213
latency,4,395,http1_python_nodelay_off_c16_keepalive_ms,40.799965
latency,4,396,http1_python_nodelay_off_c16_keepalive_ms,40.938287
latency,4,397,http1_python_nodelay_off_c16_keepalive_ms,41.022258
latency,4,398,http1_python_nodelay_off_c16_keepalive_ms,40.979487
latency,4,399,http1_python_nodelay_off_c16_keepalive_ms,41.970294
latency,4,240,http1_python_nodelay_off_c16_keepalive_ms,44.326934
latency,4,241,http1_python_nodelay_off_c16_keepalive_ms,44.221283
latency,4,242,http1_python_nodelay_off_c16_keepalive_ms,44.427236
latency,4,243,http1_python_nodelay_off_c16_keepalive_ms,43.976369
latency,4,244,http1_python_nodelay_off_c16_keepalive_ms,42.369300
latency,4,245,http1_python_nodelay_off_c16_keepalive_ms,42.655716
latency,4,246,http1_python_nodelay_off_c16_keepalive_ms,43.028313
latency,4,247,http1_python_nodelay_off_c16_keepalive_ms,42.004985
latency,4,248,http1_python_nodelay_off_c16_keepalive_ms,42.221408
latency,4,249,http1_python_nodelay_off_c16_keepalive_ms,41.688460
latency,4,250,http1_python_nodelay_off_c16_keepalive_ms,42.264369
latency,4,251,http1_python_nodelay_off_c16_keepalive_ms,41.949324
latency,4,252,http1_python_nodelay_off_c16_keepalive_ms,41.299493
latency,4,253,http1_python_nodelay_off_c16_keepalive_ms,41.816331
latency,4,254,http1_python_nodelay_off_c16_keepalive_ms,41.120640
latency,4,255,http1_python_nodelay_off_c16_keepalive_ms,41.981135
latency,4,256,http1_python_nodelay_off_c16_keepalive_ms,41.609478
latency,4,257,http1_python_nodelay_off_c16_keepalive_ms,42.381491
latency,4,258,http1_python_nodelay_off_c16_keepalive_ms,42.023945
latency,4,259,http1_python_nodelay_off_c16_keepalive_ms,42.698907
latency,4,260,http1_python_nodelay_off_c16_keepalive_ms,43.302807
latency,4,261,http1_python_nodelay_off_c16_keepalive_ms,42.956281
latency,4,262,http1_python_nodelay_off_c16_keepalive_ms,42.286720
latency,4,263,http1_python_nodelay_off_c16_keepalive_ms,42.911570
latency,4,264,http1_python_nodelay_off_c16_keepalive_ms,42.196428
latency,4,265,http1_python_nodelay_off_c16_keepalive_ms,41.722880
latency,4,266,http1_python_nodelay_off_c16_keepalive_ms,41.906643
latency,4,267,http1_python_nodelay_off_c16_keepalive_ms,42.074237
latency,4,268,http1_python_nodelay_off_c16_keepalive_ms,41.995464
latency,4,269,http1_python_nodelay_off_c16_keepalive_ms,42.270829
latency,4,270,http1_python_nodelay_off_c16_keepalive_ms,41.730121
latency,4,271,http1_python_nodelay_off_c16_keepalive_ms,41.566897
latency,4,272,http1_python_nodelay_off_c16_keepalive_ms,42.222299
latency,4,273,http1_python_nodelay_off_c16_keepalive_ms,42.093006
latency,4,274,http1_python_nodelay_off_c16_keepalive_ms,42.647716
latency,4,275,http1_python_nodelay_off_c16_keepalive_ms,43.274666
latency,4,276,http1_python_nodelay_off_c16_keepalive_ms,42.706837
latency,4,277,http1_python_nodelay_off_c16_keepalive_ms,43.002772
latency,4,278,http1_python_nodelay_off_c16_keepalive_ms,41.076309
latency,4,279,http1_python_nodelay_off_c16_keepalive_ms,41.069699
latency,4,280,http1_python_nodelay_off_c16_keepalive_ms,40.928907
latency,4,281,http1_python_nodelay_off_c16_keepalive_ms,41.076209
latency,4,282,http1_python_nodelay_off_c16_keepalive_ms,40.982477
latency,4,283,http1_python_nodelay_off_c16_keepalive_ms,41.010608
latency,4,284,http1_python_nodelay_off_c16_keepalive_ms,40.923807
latency,4,285,http1_python_nodelay_off_c16_keepalive_ms,41.339513
latency,4,286,http1_python_nodelay_off_c16_keepalive_ms,42.341141
latency,4,287,http1_python_nodelay_off_c16_keepalive_ms,42.054166
latency,4,288,http1_python_nodelay_off_c16_keepalive_ms,41.601717
latency,4,289,http1_python_nodelay_off_c16_keepalive_ms,43.167255
latency,4,290,http1_python_nodelay_off_c16_keepalive_ms,41.938554
latency,4,291,http1_python_nodelay_off_c16_keepalive_ms,43.189045
latency,4,292,http1_python_nodelay_off_c16_keepalive_ms,41.788511
latency,4,293,http1_python_nodelay_off_c16_keepalive_ms,42.107307
latency,4,294,http1_python_nodelay_off_c16_keepalive_ms,42.946181
latency,4,295,http1_python_nodelay_off_c16_keepalive_ms,44.862273
latency,4,296,http1_python_nodelay_off_c16_keepalive_ms,40.727643
latency,4,297,http1_python_nodelay_off_c16_keepalive_ms,40.889556
latency,4,298,http1_python_nodelay_off_c16_keepalive_ms,41.044919
latency,4,299,http1_python_nodelay_off_c16_keepalive_ms,41.016438
latency,4,300,http1_python_nodelay_off_c16_keepalive_ms,40.996798
latency,4,301,http1_python_nodelay_off_c16_keepalive_ms,41.010998
latency,4,302,http1_python_nodelay_off_c16_keepalive_ms,40.973717
latency,4,303,http1_python_nodelay_off_c16_keepalive_ms,41.038458
latency,4,304,http1_python_nodelay_off_c16_keepalive_ms,40.961947
latency,4,305,http1_python_nodelay_off_c16_keepalive_ms,40.953358
latency,4,306,http1_python_nodelay_off_c16_keepalive_ms,41.359723
latency,4,307,http1_python_nodelay_off_c16_keepalive_ms,40.685312
latency,4,308,http1_python_nodelay_off_c16_keepalive_ms,42.007016
latency,4,309,http1_python_nodelay_off_c16_keepalive_ms,42.018925
latency,4,310,http1_python_nodelay_off_c16_keepalive_ms,41.971154
latency,4,311,http1_python_nodelay_off_c16_keepalive_ms,41.035578
latency,4,312,http1_python_nodelay_off_c16_keepalive_ms,41.261922
latency,4,313,http1_python_nodelay_off_c16_keepalive_ms,40.655943
latency,4,314,http1_python_nodelay_off_c16_keepalive_ms,41.331673
latency,4,315,http1_python_nodelay_off_c16_keepalive_ms,40.753674
latency,4,316,http1_python_nodelay_off_c16_keepalive_ms,40.959357
latency,4,317,http1_python_nodelay_off_c16_keepalive_ms,41.032608
latency,4,318,http1_python_nodelay_off_c16_keepalive_ms,41.303443
latency,4,319,http1_python_nodelay_off_c16_keepalive_ms,40.641511
latency,4,1040,http1_python_nodelay_off_c16_keepalive_ms,44.766332
latency,4,1041,http1_python_nodelay_off_c16_keepalive_ms,43.372388
latency,4,1042,http1_python_nodelay_off_c16_keepalive_ms,45.636957
latency,4,1043,http1_python_nodelay_off_c16_keepalive_ms,43.235816
latency,4,1044,http1_python_nodelay_off_c16_keepalive_ms,42.273589
latency,4,1045,http1_python_nodelay_off_c16_keepalive_ms,42.953491
latency,4,1046,http1_python_nodelay_off_c16_keepalive_ms,42.711497
latency,4,1047,http1_python_nodelay_off_c16_keepalive_ms,42.275600
latency,4,1048,http1_python_nodelay_off_c16_keepalive_ms,41.748740
latency,4,1049,http1_python_nodelay_off_c16_keepalive_ms,41.171141
latency,4,1050,http1_python_nodelay_off_c16_keepalive_ms,41.086449
latency,4,1051,http1_python_nodelay_off_c16_keepalive_ms,42.087836
latency,4,1052,http1_python_nodelay_off_c16_keepalive_ms,41.832922
latency,4,1053,http1_python_nodelay_off_c16_keepalive_ms,41.783921
latency,4,1054,http1_python_nodelay_off_c16_keepalive_ms,42.458363
latency,4,1055,http1_python_nodelay_off_c16_keepalive_ms,41.897003
latency,4,1056,http1_python_nodelay_off_c16_keepalive_ms,42.134467
latency,4,1057,http1_python_nodelay_off_c16_keepalive_ms,41.858963
latency,4,1058,http1_python_nodelay_off_c16_keepalive_ms,43.080403
latency,4,1059,http1_python_nodelay_off_c16_keepalive_ms,42.102796
latency,4,1060,http1_python_nodelay_off_c16_keepalive_ms,42.909900
latency,4,1061,http1_python_nodelay_off_c16_keepalive_ms,41.909754
latency,4,1062,http1_python_nodelay_off_c16_keepalive_ms,42.976081
latency,4,1063,http1_python_nodelay_off_c16_keepalive_ms,42.678966
latency,4,1064,http1_python_nodelay_off_c16_keepalive_ms,42.609116
latency,4,1065,http1_python_nodelay_off_c16_keepalive_ms,41.896613
latency,4,1066,http1_python_nodelay_off_c16_keepalive_ms,41.973664
latency,4,1067,http1_python_nodelay_off_c16_keepalive_ms,42.005595
latency,4,1068,http1_python_nodelay_off_c16_keepalive_ms,41.865332
latency,4,1069,http1_python_nodelay_off_c16_keepalive_ms,41.992035
latency,4,1070,http1_python_nodelay_off_c16_keepalive_ms,42.140807
latency,4,1071,http1_python_nodelay_off_c16_keepalive_ms,41.945364
latency,4,1072,http1_python_nodelay_off_c16_keepalive_ms,41.863762
latency,4,1073,http1_python_nodelay_off_c16_keepalive_ms,42.007766
latency,4,1074,http1_python_nodelay_off_c16_keepalive_ms,42.779487
latency,4,1075,http1_python_nodelay_off_c16_keepalive_ms,43.207376
latency,4,1076,http1_python_nodelay_off_c16_keepalive_ms,43.003162
latency,4,1077,http1_python_nodelay_off_c16_keepalive_ms,42.826539
latency,4,1078,http1_python_nodelay_off_c16_keepalive_ms,40.968657
latency,4,1079,http1_python_nodelay_off_c16_keepalive_ms,41.057389
latency,4,1080,http1_python_nodelay_off_c16_keepalive_ms,40.929676
latency,4,1081,http1_python_nodelay_off_c16_keepalive_ms,41.076829
latency,4,1082,http1_python_nodelay_off_c16_keepalive_ms,40.981478
latency,4,1083,http1_python_nodelay_off_c16_keepalive_ms,41.011667
latency,4,1084,http1_python_nodelay_off_c16_keepalive_ms,40.931177
latency,4,1085,http1_python_nodelay_off_c16_keepalive_ms,41.332314
latency,4,1086,http1_python_nodelay_off_c16_keepalive_ms,42.502573
latency,4,1087,http1_python_nodelay_off_c16_keepalive_ms,41.843752
latency,4,1088,http1_python_nodelay_off_c16_keepalive_ms,41.668659
latency,4,1089,http1_python_nodelay_off_c16_keepalive_ms,42.609546
latency,4,1090,http1_python_nodelay_off_c16_keepalive_ms,42.631505
latency,4,1091,http1_python_nodelay_off_c16_keepalive_ms,42.987111
latency,4,1092,http1_python_nodelay_off_c16_keepalive_ms,41.769522
latency,4,1093,http1_python_nodelay_off_c16_keepalive_ms,42.217468
latency,4,1094,http1_python_nodelay_off_c16_keepalive_ms,42.778048
latency,4,1095,http1_python_nodelay_off_c16_keepalive_ms,44.982115
latency,4,1096,http1_python_nodelay_off_c16_keepalive_ms,40.683793
latency,4,1097,http1_python_nodelay_off_c16_keepalive_ms,41.242172
latency,4,1098,http1_python_nodelay_off_c16_keepalive_ms,40.741133
latency,4,1099,http1_python_nodelay_off_c16_keepalive_ms,40.968627
latency,4,1100,http1_python_nodelay_off_c16_keepalive_ms,41.044369
latency,4,1101,http1_python_nodelay_off_c16_keepalive_ms,40.962407
latency,4,1102,http1_python_nodelay_off_c16_keepalive_ms,41.022598
latency,4,1103,http1_python_nodelay_off_c16_keepalive_ms,40.989678
latency,4,1104,http1_python_nodelay_off_c16_keepalive_ms,41.010618
latency,4,1105,http1_python_nodelay_off_c16_keepalive_ms,41.255932
latency,4,1106,http1_python_nodelay_off_c16_keepalive_ms,40.683602
latency,4,1107,http1_python_nodelay_off_c16_keepalive_ms,41.388644
latency,4,1108,http1_python_nodelay_off_c16_keepalive_ms,41.683230
latency,4,1109,http1_python_nodelay_off_c16_keepalive_ms,41.964364
latency,4,1110,http1_python_nodelay_off_c16_keepalive_ms,42.019466
latency,4,1111,http1_python_nodelay_off_c16_keepalive_ms,40.987797
latency,4,1112,http1_python_nodelay_off_c16_keepalive_ms,40.943717
latency,4,1113,http1_python_nodelay_off_c16_keepalive_ms,41.339113
latency,4,1114,http1_python_nodelay_off_c16_keepalive_ms,40.663682
latency,4,1115,http1_python_nodelay_off_c16_keepalive_ms,41.054529
latency,4,1116,http1_python_nodelay_off_c16_keepalive_ms,41.010338
latency,4,1117,http1_python_nodelay_off_c16_keepalive_ms,40.984168
latency,4,1118,http1_python_nodelay_off_c16_keepalive_ms,40.960147
latency,4,1119,http1_python_nodelay_off_c16_keepalive_ms,41.612118
latency,4,560,http1_python_nodelay_off_c16_keepalive_ms,44.120601
latency,4,561,http1_python_nodelay_off_c16_keepalive_ms,44.788182
latency,4,562,http1_python_nodelay_off_c16_keepalive_ms,44.251313
latency,4,563,http1_python_nodelay_off_c16_keepalive_ms,42.229219
latency,4,564,http1_python_nodelay_off_c16_keepalive_ms,41.864202
latency,4,565,http1_python_nodelay_off_c16_keepalive_ms,42.758518
latency,4,566,http1_python_nodelay_off_c16_keepalive_ms,43.117904
latency,4,567,http1_python_nodelay_off_c16_keepalive_ms,43.127654
latency,4,568,http1_python_nodelay_off_c16_keepalive_ms,41.014088
latency,4,569,http1_python_nodelay_off_c16_keepalive_ms,41.761861
latency,4,570,http1_python_nodelay_off_c16_keepalive_ms,41.999734
latency,4,571,http1_python_nodelay_off_c16_keepalive_ms,42.273950
latency,4,572,http1_python_nodelay_off_c16_keepalive_ms,42.334700
latency,4,573,http1_python_nodelay_off_c16_keepalive_ms,41.424675
latency,4,574,http1_python_nodelay_off_c16_keepalive_ms,42.382212
latency,4,575,http1_python_nodelay_off_c16_keepalive_ms,42.558884
latency,4,576,http1_python_nodelay_off_c16_keepalive_ms,41.470096
latency,4,577,http1_python_nodelay_off_c16_keepalive_ms,41.902833
latency,4,578,http1_python_nodelay_off_c16_keepalive_ms,41.913693
latency,4,579,http1_python_nodelay_off_c16_keepalive_ms,43.835526
latency,4,580,http1_python_nodelay_off_c16_keepalive_ms,42.223489
latency,4,581,http1_python_nodelay_off_c16_keepalive_ms,41.963404
latency,4,582,http1_python_nodelay_off_c16_keepalive_ms,43.767835
latency,4,583,http1_python_nodelay_off_c16_keepalive_ms,42.321520
latency,4,584,http1_python_nodelay_off_c16_keepalive_ms,42.244579
latency,4,585,http1_python_nodelay_off_c16_keepalive_ms,41.893913
latency,4,586,http1_python_nodelay_off_c16_keepalive_ms,41.929583
latency,4,587,http1_python_nodelay_off_c16_keepalive_ms,41.542308
latency,4,588,http1_python_nodelay_off_c16_keepalive_ms,42.415561
latency,4,589,http1_python_nodelay_off_c16_keepalive_ms,41.598318
latency,4,590,http1_python_nodelay_off_c16_keepalive_ms,42.376712
latency,4,591,http1_python_nodelay_off_c16_keepalive_ms,42.014535
latency,4,592,http1_python_nodelay_off_c16_keepalive_ms,42.882489
latency,4,593,http1_python_nodelay_off_c16_keepalive_ms,40.966898
latency,4,594,http1_python_nodelay_off_c16_keepalive_ms,43.076083
latency,4,595,http1_python_nodelay_off_c16_keepalive_ms,42.680326
latency,4,596,http1_python_nodelay_off_c16_keepalive_ms,43.013882
latency,4,597,http1_python_nodelay_off_c16_keepalive_ms,41.027938
latency,4,598,http1_python_nodelay_off_c16_keepalive_ms,41.282163
latency,4,599,http1_python_nodelay_off_c16_keepalive_ms,40.852125
latency,4,600,http1_python_nodelay_off_c16_keepalive_ms,40.934877
latency,4,601,http1_python_nodelay_off_c16_keepalive_ms,40.962847
latency,4,602,http1_python_nodelay_off_c16_keepalive_ms,41.966524
latency,4,603,http1_python_nodelay_off_c16_keepalive_ms,41.016998
latency,4,604,http1_python_nodelay_off_c16_keepalive_ms,41.021148
latency,4,605,http1_python_nodelay_off_c16_keepalive_ms,42.027316
latency,4,606,http1_python_nodelay_off_c16_keepalive_ms,42.581265
latency,4,607,http1_python_nodelay_off_c16_keepalive_ms,41.668009
latency,4,608,http1_python_nodelay_off_c16_keepalive_ms,42.033905
latency,4,609,http1_python_nodelay_off_c16_keepalive_ms,43.123484
latency,4,610,http1_python_nodelay_off_c16_keepalive_ms,41.981794
latency,4,611,http1_python_nodelay_off_c16_keepalive_ms,43.189925
latency,4,612,http1_python_nodelay_off_c16_keepalive_ms,41.810472
latency,4,613,http1_python_nodelay_off_c16_keepalive_ms,43.359548
latency,4,614,http1_python_nodelay_off_c16_keepalive_ms,41.570317
latency,4,615,http1_python_nodelay_off_c16_keepalive_ms,44.920795
latency,4,616,http1_python_nodelay_off_c16_keepalive_ms,41.636599
latency,4,617,http1_python_nodelay_off_c16_keepalive_ms,41.957383
latency,4,618,http1_python_nodelay_off_c16_keepalive_ms,42.122528
latency,4,619,http1_python_nodelay_off_c16_keepalive_ms,41.945363
latency,4,620,http1_python_nodelay_off_c16_keepalive_ms,41.944814
latency,4,621,http1_python_nodelay_off_c16_keepalive_ms,41.114850
latency,4,622,http1_python_nodelay_off_c16_keepalive_ms,40.927226
latency,4,623,http1_python_nodelay_off_c16_keepalive_ms,40.974057
latency,4,624,http1_python_nodelay_off_c16_keepalive_ms,40.996328
latency,4,625,http1_python_nodelay_off_c16_keepalive_ms,41.014368
latency,4,626,http1_python_nodelay_off_c16_keepalive_ms,40.986558
latency,4,627,http1_python_nodelay_off_c16_keepalive_ms,40.998758
latency,4,628,http1_python_nodelay_off_c16_keepalive_ms,41.998495
latency,4,629,http1_python_nodelay_off_c16_keepalive_ms,42.021775
latency,4,630,http1_python_nodelay_off_c16_keepalive_ms,41.989464
latency,4,631,http1_python_nodelay_off_c16_keepalive_ms,41.005408
latency,4,632,http1_python_nodelay_off_c16_keepalive_ms,41.010258
latency,4,633,http1_python_nodelay_off_c16_keepalive_ms,40.976868
latency,4,634,http1_python_nodelay_off_c16_keepalive_ms,41.011957
latency,4,635,http1_python_nodelay_off_c16_keepalive_ms,40.991528
latency,4,636,http1_python_nodelay_off_c16_keepalive_ms,40.997458
latency,4,637,http1_python_nodelay_off_c16_keepalive_ms,41.048858
latency,4,638,http1_python_nodelay_off_c16_keepalive_ms,40.977708
latency,4,639,http1_python_nodelay_off_c16_keepalive_ms,41.019128
latency,4,800,http1_python_nodelay_off_c16_keepalive_ms,43.923347
latency,4,801,http1_python_nodelay_off_c16_keepalive_ms,44.126191
latency,4,802,http1_python_nodelay_off_c16_keepalive_ms,45.675118
latency,4,803,http1_python_nodelay_off_c16_keepalive_ms,43.706644
latency,4,804,http1_python_nodelay_off_c16_keepalive_ms,41.741620
latency,4,805,http1_python_nodelay_off_c16_keepalive_ms,42.724287
latency,4,806,http1_python_nodelay_off_c16_keepalive_ms,43.241046
latency,4,807,http1_python_nodelay_off_c16_keepalive_ms,41.727010
latency,4,808,http1_python_nodelay_off_c16_keepalive_ms,42.279299
latency,4,809,http1_python_nodelay_off_c16_keepalive_ms,41.854453
latency,4,810,http1_python_nodelay_off_c16_keepalive_ms,41.995685
latency,4,811,http1_python_nodelay_off_c16_keepalive_ms,42.042435
latency,4,812,http1_python_nodelay_off_c16_keepalive_ms,41.324203
latency,4,813,http1_python_nodelay_off_c16_keepalive_ms,41.567148
latency,4,814,http1_python_nodelay_off_c16_keepalive_ms,41.371184
latency,4,815,http1_python_nodelay_off_c16_keepalive_ms,41.983004
latency,4,816,http1_python_nodelay_off_c16_keepalive_ms,41.581308
latency,4,817,http1_python_nodelay_off_c16_keepalive_ms,42.359911
latency,4,818,http1_python_nodelay_off_c16_keepalive_ms,42.010205
latency,4,819,http1_python_nodelay_off_c16_keepalive_ms,42.631525
latency,4,820,http1_python_nodelay_off_c16_keepalive_ms,43.224346
latency,4,821,http1_python_nodelay_off_c16_keepalive_ms,42.096807
latency,4,822,http1_python_nodelay_off_c16_keepalive_ms,43.353287
latency,4,823,http1_python_nodelay_off_c16_keepalive_ms,42.701147
latency,4,824,http1_python_nodelay_off_c16_keepalive_ms,42.205608
latency,4,825,http1_python_nodelay_off_c16_keepalive_ms,41.854153
latency,4,826,http1_python_nodelay_off_c16_keepalive_ms,42.044885
latency,4,827,http1_python_nodelay_off_c16_keepalive_ms,42.162708
latency,4,828,http1_python_nodelay_off_c16_keepalive_ms,41.840752
latency,4,829,http1_python_nodelay_off_c16_keepalive_ms,41.927013
latency,4,830,http1_python_nodelay_off_c16_keepalive_ms,41.643329
latency,4,831,http1_python_nodelay_off_c16_keepalive_ms,42.047256
latency,4,832,http1_python_nodelay_off_c16_keepalive_ms,42.215678
latency,4,833,http1_python_nodelay_off_c16_keepalive_ms,42.008025
latency,4,834,http1_python_nodelay_off_c16_keepalive_ms,43.027572
latency,4,835,http1_python_nodelay_off_c16_keepalive_ms,40.694763
latency,4,836,http1_python_nodelay_off_c16_keepalive_ms,41.011538
latency,4,837,http1_python_nodelay_off_c16_keepalive_ms,40.966047
latency,4,838,http1_python_nodelay_off_c16_keepalive_ms,41.031038
latency,4,839,http1_python_nodelay_off_c16_keepalive_ms,41.990485
latency,4,840,http1_python_nodelay_off_c16_keepalive_ms,41.909373
latency,4,841,http1_python_nodelay_off_c16_keepalive_ms,41.082589
latency,4,842,http1_python_nodelay_off_c16_keepalive_ms,41.395355
latency,4,843,http1_python_nodelay_off_c16_keepalive_ms,41.095409
latency,4,844,http1_python_nodelay_off_c16_keepalive_ms,41.955144
latency,4,845,http1_python_nodelay_off_c16_keepalive_ms,43.089944
latency,4,846,http1_python_nodelay_off_c16_keepalive_ms,43.232206
latency,4,847,http1_python_nodelay_off_c16_keepalive_ms,41.859852
latency,4,848,http1_python_nodelay_off_c16_keepalive_ms,41.845272
latency,4,849,http1_python_nodelay_off_c16_keepalive_ms,43.103504
latency,4,850,http1_python_nodelay_off_c16_keepalive_ms,41.875822
latency,4,851,http1_python_nodelay_off_c16_keepalive_ms,43.136804
latency,4,852,http1_python_nodelay_off_c16_keepalive_ms,41.966205
latency,4,853,http1_python_nodelay_off_c16_keepalive_ms,41.975914
latency,4,854,http1_python_nodelay_off_c16_keepalive_ms,42.931511
latency,4,855,http1_python_nodelay_off_c16_keepalive_ms,44.600419
latency,4,856,http1_python_nodelay_off_c16_keepalive_ms,42.388371
latency,4,857,http1_python_nodelay_off_c16_keepalive_ms,42.093576
latency,4,858,http1_python_nodelay_off_c16_keepalive_ms,41.903204
latency,4,859,http1_python_nodelay_off_c16_keepalive_ms,41.866492
latency,4,860,http1_python_nodelay_off_c16_keepalive_ms,42.115897
latency,4,861,http1_python_nodelay_off_c16_keepalive_ms,42.536034
latency,4,862,http1_python_nodelay_off_c16_keepalive_ms,41.190401
latency,4,863,http1_python_nodelay_off_c16_keepalive_ms,40.883365
latency,4,864,http1_python_nodelay_off_c16_keepalive_ms,41.289013
latency,4,865,http1_python_nodelay_off_c16_keepalive_ms,40.779234
latency,4,866,http1_python_nodelay_off_c16_keepalive_ms,41.244152
latency,4,867,http1_python_nodelay_off_c16_keepalive_ms,40.637962
latency,4,868,http1_python_nodelay_off_c16_keepalive_ms,42.207348
latency,4,869,http1_python_nodelay_off_c16_keepalive_ms,41.788112
latency,4,870,http1_python_nodelay_off_c16_keepalive_ms,42.075025
latency,4,871,http1_python_nodelay_off_c16_keepalive_ms,40.935627
latency,4,872,http1_python_nodelay_off_c16_keepalive_ms,40.995308
latency,4,873,http1_python_nodelay_off_c16_keepalive_ms,41.022268
latency,4,874,http1_python_nodelay_off_c16_keepalive_ms,40.979208
latency,4,875,http1_python_nodelay_off_c16_keepalive_ms,41.004607
latency,4,876,http1_python_nodelay_off_c16_keepalive_ms,40.997858
latency,4,877,http1_python_nodelay_off_c16_keepalive_ms,41.011868
latency,4,878,http1_python_nodelay_off_c16_keepalive_ms,40.980268
latency,4,879,http1_python_nodelay_off_c16_keepalive_ms,41.023438
latency,4,640,http1_python_nodelay_off_c16_keepalive_ms,44.011239
latency,4,641,http1_python_nodelay_off_c16_keepalive_ms,44.041180
latency,4,642,http1_python_nodelay_off_c16_keepalive_ms,45.028666
latency,4,643,http1_python_nodelay_off_c16_keepalive_ms,42.195358
latency,4,644,http1_python_nodelay_off_c16_keepalive_ms,41.972844
latency,4,645,http1_python_nodelay_off_c16_keepalive_ms,42.795159
latency,4,646,http1_python_nodelay_off_c16_keepalive_ms,42.992911
latency,4,647,http1_python_nodelay_off_c16_keepalive_ms,41.948474
latency,4,648,http1_python_nodelay_off_c16_keepalive_ms,42.055816
latency,4,649,http1_python_nodelay_off_c16_keepalive_ms,41.914213
latency,4,650,http1_python_nodelay_off_c16_keepalive_ms,42.058646
latency,4,651,http1_python_nodelay_off_c16_keepalive_ms,42.211518
latency,4,652,http1_python_nodelay_off_c16_keepalive_ms,41.710250
latency,4,653,http1_python_nodelay_off_c16_keepalive_ms,42.312160
latency,4,654,http1_python_nodelay_off_c16_keepalive_ms,42.193499
latency,4,655,http1_python_nodelay_off_c16_keepalive_ms,42.150137
latency,4,656,http1_python_nodelay_off_c16_keepalive_ms,41.751480
latency,4,657,http1_python_nodelay_off_c16_keepalive_ms,42.425112
latency,4,658,http1_python_nodelay_off_c16_keepalive_ms,41.629169
latency,4,659,http1_python_nodelay_off_c16_keepalive_ms,43.127734
latency,4,660,http1_python_nodelay_off_c16_keepalive_ms,42.964041
latency,4,661,http1_python_nodelay_off_c16_keepalive_ms,41.801591
latency,4,662,http1_python_nodelay_off_c16_keepalive_ms,42.782448
latency,4,663,http1_python_nodelay_off_c16_keepalive_ms,43.325148
latency,4,664,http1_python_nodelay_off_c16_keepalive_ms,42.155897
latency,4,665,http1_python_nodelay_off_c16_keepalive_ms,41.669599
latency,4,666,http1_python_nodelay_off_c16_keepalive_ms,42.155708
latency,4,667,http1_python_nodelay_off_c16_keepalive_ms,42.093756
latency,4,668,http1_python_nodelay_off_c16_keepalive_ms,41.890343
latency,4,669,http1_python_nodelay_off_c16_keepalive_ms,41.922063
latency,4,670,http1_python_nodelay_off_c16_keepalive_ms,42.119268
latency,4,671,http1_python_nodelay_off_c16_keepalive_ms,42.051175
latency,4,672,http1_python_nodelay_off_c16_keepalive_ms,41.509306
latency,4,673,http1_python_nodelay_off_c16_keepalive_ms,42.320751
latency,4,674,http1_python_nodelay_off_c16_keepalive_ms,42.731827
latency,4,675,http1_python_nodelay_off_c16_keepalive_ms,43.013882
latency,4,676,http1_python_nodelay_off_c16_keepalive_ms,42.871590
latency,4,677,http1_python_nodelay_off_c16_keepalive_ms,41.137910
latency,4,678,http1_python_nodelay_off_c16_keepalive_ms,40.937037
latency,4,679,http1_python_nodelay_off_c16_keepalive_ms,41.067078
latency,4,680,http1_python_nodelay_off_c16_keepalive_ms,40.991818
latency,4,681,http1_python_nodelay_off_c16_keepalive_ms,41.122830
latency,4,682,http1_python_nodelay_off_c16_keepalive_ms,41.883013
latency,4,683,http1_python_nodelay_off_c16_keepalive_ms,40.967257
latency,4,684,http1_python_nodelay_off_c16_keepalive_ms,41.020908
latency,4,685,http1_python_nodelay_off_c16_keepalive_ms,42.078486
latency,4,686,http1_python_nodelay_off_c16_keepalive_ms,42.640476
latency,4,687,http1_python_nodelay_off_c16_keepalive_ms,41.612908
latency,4,688,http1_python_nodelay_off_c16_keepalive_ms,42.046476
latency,4,689,http1_python_nodelay_off_c16_keepalive_ms,43.001512
latency,4,690,http1_python_nodelay_off_c16_keepalive_ms,41.973424
latency,4,691,http1_python_nodelay_off_c16_keepalive_ms,43.119814
latency,4,692,http1_python_nodelay_off_c16_keepalive_ms,41.989234
latency,4,693,http1_python_nodelay_off_c16_keepalive_ms,42.019275
latency,4,694,http1_python_nodelay_off_c16_keepalive_ms,42.814419
latency,4,695,http1_python_nodelay_off_c16_keepalive_ms,44.670640
latency,4,696,http1_python_nodelay_off_c16_keepalive_ms,42.486463
latency,4,697,http1_python_nodelay_off_c16_keepalive_ms,41.486776
latency,4,698,http1_python_nodelay_off_c16_keepalive_ms,42.475463
latency,4,699,http1_python_nodelay_off_c16_keepalive_ms,41.783261
latency,4,700,http1_python_nodelay_off_c16_keepalive_ms,41.761311
latency,4,701,http1_python_nodelay_off_c16_keepalive_ms,43.147665
latency,4,702,http1_python_nodelay_off_c16_keepalive_ms,41.589127
latency,4,703,http1_python_nodelay_off_c16_keepalive_ms,41.507257
latency,4,704,http1_python_nodelay_off_c16_keepalive_ms,40.848265
latency,4,705,http1_python_nodelay_off_c16_keepalive_ms,40.864585
latency,4,706,http1_python_nodelay_off_c16_keepalive_ms,41.322814
latency,4,707,http1_python_nodelay_off_c16_keepalive_ms,40.759883
latency,4,708,http1_python_nodelay_off_c16_keepalive_ms,41.704980
latency,4,709,http1_python_nodelay_off_c16_keepalive_ms,42.477173
latency,4,710,http1_python_nodelay_off_c16_keepalive_ms,42.252579
latency,4,711,http1_python_nodelay_off_c16_keepalive_ms,40.597011
latency,4,712,http1_python_nodelay_off_c16_keepalive_ms,41.443455
latency,4,713,http1_python_nodelay_off_c16_keepalive_ms,40.535990
latency,4,714,http1_python_nodelay_off_c16_keepalive_ms,41.068219
latency,4,715,http1_python_nodelay_off_c16_keepalive_ms,40.955767
latency,4,716,http1_python_nodelay_off_c16_keepalive_ms,41.068189
latency,4,717,http1_python_nodelay_off_c16_keepalive_ms,41.169151
latency,4,718,http1_python_nodelay_off_c16_keepalive_ms,41.242282
latency,4,719,http1_python_nodelay_off_c16_keepalive_ms,40.566090
latency,4,400,http1_python_nodelay_off_c16_keepalive_ms,44.066230
latency,4,401,http1_python_nodelay_off_c16_keepalive_ms,45.020716
latency,4,402,http1_python_nodelay_off_c16_keepalive_ms,42.180279
latency,4,403,http1_python_nodelay_off_c16_keepalive_ms,41.853382
latency,4,404,http1_python_nodelay_off_c16_keepalive_ms,42.032015
latency,4,405,http1_python_nodelay_off_c16_keepalive_ms,43.096094
latency,4,406,http1_python_nodelay_off_c16_keepalive_ms,42.685256
latency,4,407,http1_python_nodelay_off_c16_keepalive_ms,42.052615
latency,4,408,http1_python_nodelay_off_c16_keepalive_ms,42.013876
latency,4,409,http1_python_nodelay_off_c16_keepalive_ms,41.895053
latency,4,410,http1_python_nodelay_off_c16_keepalive_ms,41.145640
latency,4,411,http1_python_nodelay_off_c16_keepalive_ms,40.947227
latency,4,412,http1_python_nodelay_off_c16_keepalive_ms,41.030878
latency,4,413,http1_python_nodelay_off_c16_keepalive_ms,40.967087
latency,4,414,http1_python_nodelay_off_c16_keepalive_ms,42.179718
latency,4,415,http1_python_nodelay_off_c16_keepalive_ms,42.871350
latency,4,416,http1_python_nodelay_off_c16_keepalive_ms,42.356041
latency,4,417,http1_python_nodelay_off_c16_keepalive_ms,43.017802
latency,4,418,http1_python_nodelay_off_c16_keepalive_ms,43.083723
latency,4,419,http1_python_nodelay_off_c16_keepalive_ms,42.167557
latency,4,420,http1_python_nodelay_off_c16_keepalive_ms,41.616679
latency,4,421,http1_python_nodelay_off_c16_keepalive_ms,42.031255
latency,4,422,http1_python_nodelay_off_c16_keepalive_ms,42.022645
latency,4,423,http1_python_nodelay_off_c16_keepalive_ms,42.001415
latency,4,424,http1_python_nodelay_off_c16_keepalive_ms,41.999755
latency,4,425,http1_python_nodelay_off_c16_keepalive_ms,41.976164
latency,4,426,http1_python_nodelay_off_c16_keepalive_ms,41.973495
latency,4,427,http1_python_nodelay_off_c16_keepalive_ms,41.637268
latency,4,428,http1_python_nodelay_off_c16_keepalive_ms,42.031226
latency,4,429,http1_python_nodelay_off_c16_keepalive_ms,42.616255
latency,4,430,http1_python_nodelay_off_c16_keepalive_ms,43.398888
latency,4,431,http1_python_nodelay_off_c16_keepalive_ms,41.200582
latency,4,432,http1_python_nodelay_off_c16_keepalive_ms,40.955167
latency,4,433,http1_python_nodelay_off_c16_keepalive_ms,40.909086
latency,4,434,http1_python_nodelay_off_c16_keepalive_ms,42.315620
latency,4,435,http1_python_nodelay_off_c16_keepalive_ms,41.985465
latency,4,436,http1_python_nodelay_off_c16_keepalive_ms,41.994054
latency,4,437,http1_python_nodelay_off_c16_keepalive_ms,43.218366
latency,4,438,http1_python_nodelay_off_c16_keepalive_ms,41.704990
latency,4,439,http1_python_nodelay_off_c16_keepalive_ms,41.790801
latency,4,440,http1_python_nodelay_off_c16_keepalive_ms,44.056210
latency,4,441,http1_python_nodelay_off_c16_keepalive_ms,41.171320
latency,4,442,http1_python_nodelay_off_c16_keepalive_ms,42.014155
latency,4,443,http1_python_nodelay_off_c16_keepalive_ms,42.196389
latency,4,444,http1_python_nodelay_off_c16_keepalive_ms,43.054132
latency,4,445,http1_python_nodelay_off_c16_keepalive_ms,41.784891
latency,4,446,http1_python_nodelay_off_c16_keepalive_ms,42.578365
latency,4,447,http1_python_nodelay_off_c16_keepalive_ms,42.066936
latency,4,448,http1_python_nodelay_off_c16_keepalive_ms,42.321700
latency,4,449,http1_python_nodelay_off_c16_keepalive_ms,43.068753
latency,4,450,http1_python_nodelay_off_c16_keepalive_ms,42.128377
latency,4,451,http1_python_nodelay_off_c16_keepalive_ms,43.010842
latency,4,452,http1_python_nodelay_off_c16_keepalive_ms,41.924074
latency,4,453,http1_python_nodelay_off_c16_keepalive_ms,43.027572
latency,4,454,http1_python_nodelay_off_c16_keepalive_ms,41.961954
latency,4,455,http1_python_nodelay_off_c16_keepalive_ms,44.606169
latency,4,456,http1_python_nodelay_off_c16_keepalive_ms,42.415762
latency,4,457,http1_python_nodelay_off_c16_keepalive_ms,41.934674
latency,4,458,http1_python_nodelay_off_c16_keepalive_ms,41.568217
latency,4,459,http1_python_nodelay_off_c16_keepalive_ms,41.985665
latency,4,460,http1_python_nodelay_off_c16_keepalive_ms,42.070596
latency,4,461,http1_python_nodelay_off_c16_keepalive_ms,42.932920
latency,4,462,http1_python_nodelay_off_c16_keepalive_ms,41.139171
latency,4,463,http1_python_nodelay_off_c16_keepalive_ms,41.191320
latency,4,464,http1_python_nodelay_off_c16_keepalive_ms,40.675013
latency,4,465,http1_python_nodelay_off_c16_keepalive_ms,41.083249
latency,4,466,http1_python_nodelay_off_c16_keepalive_ms,40.916476
latency,4,467,http1_python_nodelay_off_c16_keepalive_ms,41.329794
latency,4,468,http1_python_nodelay_off_c16_keepalive_ms,41.814211
latency,4,469,http1_python_nodelay_off_c16_keepalive_ms,42.832619
latency,4,470,http1_python_nodelay_off_c16_keepalive_ms,42.097077
latency,4,471,http1_python_nodelay_off_c16_keepalive_ms,41.054429
latency,4,472,http1_python_nodelay_off_c16_keepalive_ms,40.914676
latency,4,473,http1_python_nodelay_off_c16_keepalive_ms,40.996287
latency,4,474,http1_python_nodelay_off_c16_keepalive_ms,41.089420
latency,4,475,http1_python_nodelay_off_c16_keepalive_ms,41.002127
latency,4,476,http1_python_nodelay_off_c16_keepalive_ms,41.021919
latency,4,477,http1_python_nodelay_off_c16_keepalive_ms,40.849515
latency,4,478,http1_python_nodelay_off_c16_keepalive_ms,41.090739
latency,4,479,http1_python_nodelay_off_c16_keepalive_ms,41.096480
latency,4,880,http1_python_nodelay_off_c16_keepalive_ms,44.256993
latency,4,881,http1_python_nodelay_off_c16_keepalive_ms,44.910295
latency,4,882,http1_python_nodelay_off_c16_keepalive_ms,44.099111
latency,4,883,http1_python_nodelay_off_c16_keepalive_ms,42.058545
latency,4,884,http1_python_nodelay_off_c16_keepalive_ms,41.973234
latency,4,885,http1_python_nodelay_off_c16_keepalive_ms,43.050883
latency,4,886,http1_python_nodelay_off_c16_keepalive_ms,42.606915
latency,4,887,http1_python_nodelay_off_c16_keepalive_ms,41.464696
latency,4,888,http1_python_nodelay_off_c16_keepalive_ms,40.975918
latency,4,889,http1_python_nodelay_off_c16_keepalive_ms,41.810111
latency,4,890,http1_python_nodelay_off_c16_keepalive_ms,41.797601
latency,4,891,http1_python_nodelay_off_c16_keepalive_ms,41.085290
latency,4,892,http1_python_nodelay_off_c16_keepalive_ms,40.998507
latency,4,893,http1_python_nodelay_off_c16_keepalive_ms,41.017028
latency,4,894,http1_python_nodelay_off_c16_keepalive_ms,42.006995
latency,4,895,http1_python_nodelay_off_c16_keepalive_ms,42.377521
latency,4,896,http1_python_nodelay_off_c16_keepalive_ms,41.921574
latency,4,897,http1_python_nodelay_off_c16_keepalive_ms,42.954731
latency,4,898,http1_python_nodelay_off_c16_keepalive_ms,43.146494
latency,4,899,http1_python_nodelay_off_c16_keepalive_ms,41.785051
latency,4,900,http1_python_nodelay_off_c16_keepalive_ms,42.065806
latency,4,901,http1_python_nodelay_off_c16_keepalive_ms,42.052646
latency,4,902,http1_python_nodelay_off_c16_keepalive_ms,43.017672
latency,4,903,http1_python_nodelay_off_c16_keepalive_ms,40.936517
latency,4,904,http1_python_nodelay_off_c16_keepalive_ms,42.002474
latency,4,905,http1_python_nodelay_off_c16_keepalive_ms,42.155868
latency,4,906,http1_python_nodelay_off_c16_keepalive_ms,41.790771
latency,4,907,http1_python_nodelay_off_c16_keepalive_ms,43.189945
latency,4,908,http1_python_nodelay_off_c16_keepalive_ms,41.941384
latency,4,909,http1_python_nodelay_off_c16_keepalive_ms,41.768501
latency,4,910,http1_python_nodelay_off_c16_keepalive_ms,42.748407
latency,4,911,http1_python_nodelay_off_c16_keepalive_ms,41.857173
latency,4,912,http1_python_nodelay_off_c16_keepalive_ms,41.322243
latency,4,913,http1_python_nodelay_off_c16_keepalive_ms,41.004048
latency,4,914,http1_python_nodelay_off_c16_keepalive_ms,41.164251
latency,4,915,http1_python_nodelay_off_c16_keepalive_ms,42.054715
latency,4,916,http1_python_nodelay_off_c16_keepalive_ms,41.950574
latency,4,917,http1_python_nodelay_off_c16_keepalive_ms,43.222716
latency,4,918,http1_python_nodelay_off_c16_keepalive_ms,41.745490
latency,4,919,http1_python_nodelay_off_c16_keepalive_ms,42.267989
latency,4,920,http1_python_nodelay_off_c16_keepalive_ms,42.462933
latency,4,921,http1_python_nodelay_off_c16_keepalive_ms,41.998625
latency,4,922,http1_python_nodelay_off_c16_keepalive_ms,42.006235
latency,4,923,http1_python_nodelay_off_c16_keepalive_ms,42.471983
latency,4,924,http1_python_nodelay_off_c16_keepalive_ms,42.023565
latency,4,925,http1_python_nodelay_off_c16_keepalive_ms,42.067596
latency,4,926,http1_python_nodelay_off_c16_keepalive_ms,43.486250
latency,4,927,http1_python_nodelay_off_c16_keepalive_ms,42.115337
latency,4,928,http1_python_nodelay_off_c16_keepalive_ms,43.711393
latency,4,929,http1_python_nodelay_off_c16_keepalive_ms,41.592399
latency,4,930,http1_python_nodelay_off_c16_keepalive_ms,42.027455
latency,4,931,http1_python_nodelay_off_c16_keepalive_ms,42.909730
latency,4,932,http1_python_nodelay_off_c16_keepalive_ms,42.003925
latency,4,933,http1_python_nodelay_off_c16_keepalive_ms,42.059796
latency,4,934,http1_python_nodelay_off_c16_keepalive_ms,42.995671
latency,4,935,http1_python_nodelay_off_c16_keepalive_ms,44.510818
latency,4,936,http1_python_nodelay_off_c16_keepalive_ms,42.460883
latency,4,937,http1_python_nodelay_off_c16_keepalive_ms,42.026875
latency,4,938,http1_python_nodelay_off_c16_keepalive_ms,41.475306
latency,4,939,http1_python_nodelay_off_c16_keepalive_ms,42.315190
latency,4,940,http1_python_nodelay_off_c16_keepalive_ms,41.710730
latency,4,941,http1_python_nodelay_off_c16_keepalive_ms,42.933561
latency,4,942,http1_python_nodelay_off_c16_keepalive_ms,41.282222
latency,4,943,http1_python_nodelay_off_c16_keepalive_ms,41.726270
latency,4,944,http1_python_nodelay_off_c16_keepalive_ms,41.126680
latency,4,945,http1_python_nodelay_off_c16_keepalive_ms,41.212741
latency,4,946,http1_python_nodelay_off_c16_keepalive_ms,40.715123
latency,4,947,http1_python_nodelay_off_c16_keepalive_ms,41.047469
latency,4,948,http1_python_nodelay_off_c16_keepalive_ms,41.129120
latency,4,949,http1_python_nodelay_off_c16_keepalive_ms,42.833519
latency,4,950,http1_python_nodelay_off_c16_keepalive_ms,42.042805
latency,4,951,http1_python_nodelay_off_c16_keepalive_ms,41.098310
latency,4,952,http1_python_nodelay_off_c16_keepalive_ms,40.936157
latency,4,953,http1_python_nodelay_off_c16_keepalive_ms,41.518546
latency,4,954,http1_python_nodelay_off_c16_keepalive_ms,40.499249
latency,4,955,http1_python_nodelay_off_c16_keepalive_ms,41.049009
latency,4,956,http1_python_nodelay_off_c16_keepalive_ms,40.975487
latency,4,957,http1_python_nodelay_off_c16_keepalive_ms,41.470976
latency,4,958,http1_python_nodelay_off_c16_keepalive_ms,40.468149
latency,4,959,http1_python_nodelay_off_c16_keepalive_ms,41.190151
trial,4,1280,http1_python_nodelay_off_c16_median_ms,41.872843
trial,4,1280,http1_python_nodelay_off_c16_p95_ms,43.337857
trial,4,1280,http1_python_nodelay_off_c16_requests_per_second,380.529
trial,4,1280,http1_python_nodelay_off_c16_wall_ms,3363.743
summary,0,6400,http1_python_nodelay_off_c16_keepalive_ms_median,41.690989
summary,0,6400,http1_python_nodelay_off_c16_keepalive_ms_p95,43.464970
