kind,trial,index,metric,value
meta,0,0,backend,rama
meta,0,0,profile,release
meta,0,0,rustc,rustc 1.98.1 (48a229cea 2026-09-01)
meta,0,0,origin,rust
meta,0,0,cpu_affinity,0
meta,0,0,tcp_nodelay,production
meta,0,0,request_body_bytes,4096
meta,0,0,response_body_bytes,32768
meta,0,0,concurrency_levels,1;4;16
latency,0,0,http1_rust_nodelay_production_req4096_resp32768_c1_keepalive_ms,0.265494
latency,0,1,http1_rust_nodelay_production_req4096_resp32768_c1_keepalive_ms,0.303945
latency,0,2,http1_rust_nodelay_production_req4096_resp32768_c1_keepalive_ms,0.243374
latency,0,3,http1_rust_nodelay_production_req4096_resp32768_c1_keepalive_ms,0.257294
latency,0,4,http1_rust_nodelay_production_req4096_resp32768_c1_keepalive_ms,0.241324
latency,0,5,http1_rust_nodelay_production_req4096_resp32768_c1_keepalive_ms,0.236693
latency,0,6,http1_rust_nodelay_production_req4096_resp32768_c1_keepalive_ms,0.229584
latency,0,7,http1_rust_nodelay_production_req4096_resp32768_c1_keepalive_ms,0.229003
latency,0,8,http1_rust_nodelay_production_req4096_resp32768_c1_keepalive_ms,0.232374
latency,0,9,http1_rust_nodelay_production_req4096_resp32768_c1_keepalive_ms,0.224743
latency,0,10,http1_rust_nodelay_production_req4096_resp32768_c1_keepalive_ms,0.225684
latency,0,11,http1_rust_nodelay_production_req4096_resp32768_c1_keepalive_ms,0.231524
latency,0,12,http1_rust_nodelay_production_req4096_resp32768_c1_keepalive_ms,0.231243
latency,0,13,http1_rust_nodelay_production_req4096_resp32768_c1_keepalive_ms,0.225774
latency,0,14,http1_rust_nodelay_production_req4096_resp32768_c1_keepalive_ms,0.179023
latency,0,15,http1_rust_nodelay_production_req4096_resp32768_c1_keepalive_ms,0.151792
latency,0,16,http1_rust_nodelay_production_req4096_resp32768_c1_keepalive_ms,0.147672
latency,0,17,http1_rust_nodelay_production_req4096_resp32768_c1_keepalive_ms,0.142262
latency,0,18,http1_rust_nodelay_production_req4096_resp32768_c1_keepalive_ms,0.149613
latency,0,19,http1_rust_nodelay_production_req4096_resp32768_c1_keepalive_ms,0.146862
latency,0,20,http1_rust_nodelay_production_req4096_resp32768_c1_keepalive_ms,0.136192
latency,0,21,http1_rust_nodelay_production_req4096_resp32768_c1_keepalive_ms,0.136042
latency,0,22,http1_rust_nodelay_production_req4096_resp32768_c1_keepalive_ms,0.130052
latency,0,23,http1_rust_nodelay_production_req4096_resp32768_c1_keepalive_ms,0.126432
latency,0,24,http1_rust_nodelay_production_req4096_resp32768_c1_keepalive_ms,0.126882
latency,0,25,http1_rust_nodelay_production_req4096_resp32768_c1_keepalive_ms,0.137543
latency,0,26,http1_rust_nodelay_production_req4096_resp32768_c1_keepalive_ms,0.137482
latency,0,27,http1_rust_nodelay_production_req4096_resp32768_c1_keepalive_ms,0.126322
latency,0,28,http1_rust_nodelay_production_req4096_resp32768_c1_keepalive_ms,0.126112
latency,0,29,http1_rust_nodelay_production_req4096_resp32768_c1_keepalive_ms,0.125012
latency,0,30,http1_rust_nodelay_production_req4096_resp32768_c1_keepalive_ms,0.126002
latency,0,31,http1_rust_nodelay_production_req4096_resp32768_c1_keepalive_ms,0.125872
latency,0,32,http1_rust_nodelay_production_req4096_resp32768_c1_keepalive_ms,0.125212
latency,0,33,http1_rust_nodelay_production_req4096_resp32768_c1_keepalive_ms,0.136402
latency,0,34,http1_rust_nodelay_production_req4096_resp32768_c1_keepalive_ms,0.125372
latency,0,35,http1_rust_nodelay_production_req4096_resp32768_c1_keepalive_ms,0.125172
latency,0,36,http1_rust_nodelay_production_req4096_resp32768_c1_keepalive_ms,0.125331
latency,0,37,http1_rust_nodelay_production_req4096_resp32768_c1_keepalive_ms,0.136573
latency,0,38,http1_rust_nodelay_production_req4096_resp32768_c1_keepalive_ms,0.132862
latency,0,39,http1_rust_nodelay_production_req4096_resp32768_c1_keepalive_ms,0.126952
latency,0,40,http1_rust_nodelay_production_req4096_resp32768_c1_keepalive_ms,0.131652
latency,0,41,http1_rust_nodelay_production_req4096_resp32768_c1_keepalive_ms,0.228013
latency,0,42,http1_rust_nodelay_production_req4096_resp32768_c1_keepalive_ms,0.205553
latency,0,43,http1_rust_nodelay_production_req4096_resp32768_c1_keepalive_ms,0.202464
latency,0,44,http1_rust_nodelay_production_req4096_resp32768_c1_keepalive_ms,0.202763
latency,0,45,http1_rust_nodelay_production_req4096_resp32768_c1_keepalive_ms,0.213143
latency,0,46,http1_rust_nodelay_production_req4096_resp32768_c1_keepalive_ms,0.206173
latency,0,47,http1_rust_nodelay_production_req4096_resp32768_c1_keepalive_ms,0.203134
latency,0,48,http1_rust_nodelay_production_req4096_resp32768_c1_keepalive_ms,0.206933
latency,0,49,http1_rust_nodelay_production_req4096_resp32768_c1_keepalive_ms,0.205233
latency,0,50,http1_rust_nodelay_production_req4096_resp32768_c1_keepalive_ms,0.206153
latency,0,51,http1_rust_nodelay_production_req4096_resp32768_c1_keepalive_ms,0.202983
latency,0,52,http1_rust_nodelay_production_req4096_resp32768_c1_keepalive_ms,0.204374
latency,0,53,http1_rust_nodelay_production_req4096_resp32768_c1_keepalive_ms,0.203183
latency,0,54,http1_rust_nodelay_production_req4096_resp32768_c1_keepalive_ms,0.159682
latency,0,55,http1_rust_nodelay_production_req4096_resp32768_c1_keepalive_ms,0.137413
latency,0,56,http1_rust_nodelay_production_req4096_resp32768_c1_keepalive_ms,0.140272
latency,0,57,http1_rust_nodelay_production_req4096_resp32768_c1_keepalive_ms,0.130402
latency,0,58,http1_rust_nodelay_production_req4096_resp32768_c1_keepalive_ms,0.133662
latency,0,59,http1_rust_nodelay_production_req4096_resp32768_c1_keepalive_ms,0.129552
latency,0,60,http1_rust_nodelay_production_req4096_resp32768_c1_keepalive_ms,0.136442
latency,0,61,http1_rust_nodelay_production_req4096_resp32768_c1_keepalive_ms,0.125502
latency,0,62,http1_rust_nodelay_production_req4096_resp32768_c1_keepalive_ms,0.138262
latency,0,63,http1_rust_nodelay_production_req4096_resp32768_c1_keepalive_ms,0.133192
latency,0,64,http1_rust_nodelay_production_req4096_resp32768_c1_keepalive_ms,0.134012
latency,0,65,http1_rust_nodelay_production_req4096_resp32768_c1_keepalive_ms,0.125742
latency,0,66,http1_rust_nodelay_production_req4096_resp32768_c1_keepalive_ms,0.136272
latency,0,67,http1_rust_nodelay_production_req4096_resp32768_c1_keepalive_ms,0.128852
latency,0,68,http1_rust_nodelay_production_req4096_resp32768_c1_keepalive_ms,0.133182
latency,0,69,http1_rust_nodelay_production_req4096_resp32768_c1_keepalive_ms,0.129852
latency,0,70,http1_rust_nodelay_production_req4096_resp32768_c1_keepalive_ms,0.137642
latency,0,71,http1_rust_nodelay_production_req4096_resp32768_c1_keepalive_ms,0.134403
latency,0,72,http1_rust_nodelay_production_req4096_resp32768_c1_keepalive_ms,0.136012
latency,0,73,http1_rust_nodelay_production_req4096_resp32768_c1_keepalive_ms,0.125962
latency,0,74,http1_rust_nodelay_production_req4096_resp32768_c1_keepalive_ms,0.132812
latency,0,75,http1_rust_nodelay_production_req4096_resp32768_c1_keepalive_ms,0.132652
latency,0,76,http1_rust_nodelay_production_req4096_resp32768_c1_keepalive_ms,0.133182
latency,0,77,http1_rust_nodelay_production_req4096_resp32768_c1_keepalive_ms,0.125822
latency,0,78,http1_rust_nodelay_production_req4096_resp32768_c1_keepalive_ms,0.218923
latency,0,79,http1_rust_nodelay_production_req4096_resp32768_c1_keepalive_ms,0.203364
trial,0,80,http1_rust_nodelay_production_req4096_resp32768_c1_median_ms,0.137482
trial,0,80,http1_rust_nodelay_production_req4096_resp32768_c1_p95_ms,0.241324
trial,0,80,http1_rust_nodelay_production_req4096_resp32768_c1_requests_per_second,5846.366
trial,0,80,http1_rust_nodelay_production_req4096_resp32768_c1_wall_ms,13.684
trial,0,80,http1_rust_nodelay_production_req4096_resp32768_c1_mib_per_second,205.536
trial,0,80,http1_rust_nodelay_production_req4096_resp32768_c1_process_cpu_us,13701
latency,1,0,http1_rust_nodelay_production_req4096_resp32768_c1_keepalive_ms,0.226443
latency,1,1,http1_rust_nodelay_production_req4096_resp32768_c1_keepalive_ms,0.271034
latency,1,2,http1_rust_nodelay_production_req4096_resp32768_c1_keepalive_ms,0.243284
latency,1,3,http1_rust_nodelay_production_req4096_resp32768_c1_keepalive_ms,0.237774
latency,1,4,http1_rust_nodelay_production_req4096_resp32768_c1_keepalive_ms,0.240764
latency,1,5,http1_rust_nodelay_production_req4096_resp32768_c1_keepalive_ms,0.246344
latency,1,6,http1_rust_nodelay_production_req4096_resp32768_c1_keepalive_ms,0.237833
latency,1,7,http1_rust_nodelay_production_req4096_resp32768_c1_keepalive_ms,0.235774
latency,1,8,http1_rust_nodelay_production_req4096_resp32768_c1_keepalive_ms,0.231064
latency,1,9,http1_rust_nodelay_production_req4096_resp32768_c1_keepalive_ms,0.234833
latency,1,10,http1_rust_nodelay_production_req4096_resp32768_c1_keepalive_ms,0.226174
latency,1,11,http1_rust_nodelay_production_req4096_resp32768_c1_keepalive_ms,0.222993
latency,1,12,http1_rust_nodelay_production_req4096_resp32768_c1_keepalive_ms,0.228194
latency,1,13,http1_rust_nodelay_production_req4096_resp32768_c1_keepalive_ms,0.229953
latency,1,14,http1_rust_nodelay_production_req4096_resp32768_c1_keepalive_ms,0.161313
latency,1,15,http1_rust_nodelay_production_req4096_resp32768_c1_keepalive_ms,0.144792
latency,1,16,http1_rust_nodelay_production_req4096_resp32768_c1_keepalive_ms,0.137822
latency,1,17,http1_rust_nodelay_production_req4096_resp32768_c1_keepalive_ms,0.131952
latency,1,18,http1_rust_nodelay_production_req4096_resp32768_c1_keepalive_ms,0.135562
latency,1,19,http1_rust_nodelay_production_req4096_resp32768_c1_keepalive_ms,0.131253
latency,1,20,http1_rust_nodelay_production_req4096_resp32768_c1_keepalive_ms,0.137372
latency,1,21,http1_rust_nodelay_production_req4096_resp32768_c1_keepalive_ms,0.137552
latency,1,22,http1_rust_nodelay_production_req4096_resp32768_c1_keepalive_ms,0.136382
latency,1,23,http1_rust_nodelay_production_req4096_resp32768_c1_keepalive_ms,0.131302
latency,1,24,http1_rust_nodelay_production_req4096_resp32768_c1_keepalive_ms,0.129732
latency,1,25,http1_rust_nodelay_production_req4096_resp32768_c1_keepalive_ms,0.131312
latency,1,26,http1_rust_nodelay_production_req4096_resp32768_c1_keepalive_ms,0.129482
latency,1,27,http1_rust_nodelay_production_req4096_resp32768_c1_keepalive_ms,0.124992
latency,1,28,http1_rust_nodelay_production_req4096_resp32768_c1_keepalive_ms,0.133132
latency,1,29,http1_rust_nodelay_production_req4096_resp32768_c1_keepalive_ms,0.126592
latency,1,30,http1_rust_nodelay_production_req4096_resp32768_c1_keepalive_ms,0.128212
latency,1,31,http1_rust_nodelay_production_req4096_resp32768_c1_keepalive_ms,0.124432
latency,1,32,http1_rust_nodelay_production_req4096_resp32768_c1_keepalive_ms,0.128682
latency,1,33,http1_rust_nodelay_production_req4096_resp32768_c1_keepalive_ms,0.124192
latency,1,34,http1_rust_nodelay_production_req4096_resp32768_c1_keepalive_ms,0.127992
latency,1,35,http1_rust_nodelay_production_req4096_resp32768_c1_keepalive_ms,0.124942
latency,1,36,http1_rust_nodelay_production_req4096_resp32768_c1_keepalive_ms,0.203173
latency,1,37,http1_rust_nodelay_production_req4096_resp32768_c1_keepalive_ms,0.206954
latency,1,38,http1_rust_nodelay_production_req4096_resp32768_c1_keepalive_ms,0.204803
latency,1,39,http1_rust_nodelay_production_req4096_resp32768_c1_keepalive_ms,0.203303
latency,1,40,http1_rust_nodelay_production_req4096_resp32768_c1_keepalive_ms,0.205633
latency,1,41,http1_rust_nodelay_production_req4096_resp32768_c1_keepalive_ms,0.215894
latency,1,42,http1_rust_nodelay_production_req4096_resp32768_c1_keepalive_ms,0.203053
latency,1,43,http1_rust_nodelay_production_req4096_resp32768_c1_keepalive_ms,0.203223
latency,1,44,http1_rust_nodelay_production_req4096_resp32768_c1_keepalive_ms,0.204593
latency,1,45,http1_rust_nodelay_production_req4096_resp32768_c1_keepalive_ms,0.210443
latency,1,46,http1_rust_nodelay_production_req4096_resp32768_c1_keepalive_ms,0.210223
latency,1,47,http1_rust_nodelay_production_req4096_resp32768_c1_keepalive_ms,0.203714
latency,1,48,http1_rust_nodelay_production_req4096_resp32768_c1_keepalive_ms,0.206593
latency,1,49,http1_rust_nodelay_production_req4096_resp32768_c1_keepalive_ms,0.205883
latency,1,50,http1_rust_nodelay_production_req4096_resp32768_c1_keepalive_ms,0.142232
latency,1,51,http1_rust_nodelay_production_req4096_resp32768_c1_keepalive_ms,0.137253
latency,1,52,http1_rust_nodelay_production_req4096_resp32768_c1_keepalive_ms,0.126392
latency,1,53,http1_rust_nodelay_production_req4096_resp32768_c1_keepalive_ms,0.126412
latency,1,54,http1_rust_nodelay_production_req4096_resp32768_c1_keepalive_ms,0.125602
latency,1,55,http1_rust_nodelay_production_req4096_resp32768_c1_keepalive_ms,0.126312
latency,1,56,http1_rust_nodelay_production_req4096_resp32768_c1_keepalive_ms,0.126021
latency,1,57,http1_rust_nodelay_production_req4096_resp32768_c1_keepalive_ms,0.126542
latency,1,58,http1_rust_nodelay_production_req4096_resp32768_c1_keepalive_ms,0.130693
latency,1,59,http1_rust_nodelay_production_req4096_resp32768_c1_keepalive_ms,0.131362
latency,1,60,http1_rust_nodelay_production_req4096_resp32768_c1_keepalive_ms,0.125082
latency,1,61,http1_rust_nodelay_production_req4096_resp32768_c1_keepalive_ms,0.125762
latency,1,62,http1_rust_nodelay_production_req4096_resp32768_c1_keepalive_ms,0.125482
latency,1,63,http1_rust_nodelay_production_req4096_resp32768_c1_keepalive_ms,0.126011
latency,1,64,http1_rust_nodelay_production_req4096_resp32768_c1_keepalive_ms,0.125342
latency,1,65,http1_rust_nodelay_production_req4096_resp32768_c1_keepalive_ms,0.125582
latency,1,66,http1_rust_nodelay_production_req4096_resp32768_c1_keepalive_ms,0.131372
latency,1,67,http1_rust_nodelay_production_req4096_resp32768_c1_keepalive_ms,0.127292
latency,1,68,http1_rust_nodelay_production_req4096_resp32768_c1_keepalive_ms,0.125542
latency,1,69,http1_rust_nodelay_production_req4096_resp32768_c1_keepalive_ms,0.125292
latency,1,70,http1_rust_nodelay_production_req4096_resp32768_c1_keepalive_ms,0.125902
latency,1,71,http1_rust_nodelay_production_req4096_resp32768_c1_keepalive_ms,0.127462
latency,1,72,http1_rust_nodelay_production_req4096_resp32768_c1_keepalive_ms,0.125612
latency,1,73,http1_rust_nodelay_production_req4096_resp32768_c1_keepalive_ms,0.125562
latency,1,74,http1_rust_nodelay_production_req4096_resp32768_c1_keepalive_ms,0.205693
latency,1,75,http1_rust_nodelay_production_req4096_resp32768_c1_keepalive_ms,0.209243
latency,1,76,http1_rust_nodelay_production_req4096_resp32768_c1_keepalive_ms,0.207704
latency,1,77,http1_rust_nodelay_production_req4096_resp32768_c1_keepalive_ms,0.209403
latency,1,78,http1_rust_nodelay_production_req4096_resp32768_c1_keepalive_ms,0.213673
latency,1,79,http1_rust_nodelay_production_req4096_resp32768_c1_keepalive_ms,0.216834
trial,1,80,http1_rust_nodelay_production_req4096_resp32768_c1_median_ms,0.137253
trial,1,80,http1_rust_nodelay_production_req4096_resp32768_c1_p95_ms,0.237833
trial,1,80,http1_rust_nodelay_production_req4096_resp32768_c1_requests_per_second,5805.858
trial,1,80,http1_rust_nodelay_production_req4096_resp32768_c1_wall_ms,13.779
trial,1,80,http1_rust_nodelay_production_req4096_resp32768_c1_mib_per_second,204.112
trial,1,80,http1_rust_nodelay_production_req4096_resp32768_c1_process_cpu_us,13802
latency,2,0,http1_rust_nodelay_production_req4096_resp32768_c1_keepalive_ms,0.252284
latency,2,1,http1_rust_nodelay_production_req4096_resp32768_c1_keepalive_ms,0.292285
latency,2,2,http1_rust_nodelay_production_req4096_resp32768_c1_keepalive_ms,0.268734
latency,2,3,http1_rust_nodelay_production_req4096_resp32768_c1_keepalive_ms,0.254524
latency,2,4,http1_rust_nodelay_production_req4096_resp32768_c1_keepalive_ms,0.195993
latency,2,5,http1_rust_nodelay_production_req4096_resp32768_c1_keepalive_ms,0.175043
latency,2,6,http1_rust_nodelay_production_req4096_resp32768_c1_keepalive_ms,0.147922
latency,2,7,http1_rust_nodelay_production_req4096_resp32768_c1_keepalive_ms,0.159953
latency,2,8,http1_rust_nodelay_production_req4096_resp32768_c1_keepalive_ms,0.147222
latency,2,9,http1_rust_nodelay_production_req4096_resp32768_c1_keepalive_ms,0.148402
latency,2,10,http1_rust_nodelay_production_req4096_resp32768_c1_keepalive_ms,0.138483
latency,2,11,http1_rust_nodelay_production_req4096_resp32768_c1_keepalive_ms,0.146672
latency,2,12,http1_rust_nodelay_production_req4096_resp32768_c1_keepalive_ms,0.139882
latency,2,13,http1_rust_nodelay_production_req4096_resp32768_c1_keepalive_ms,0.136812
latency,2,14,http1_rust_nodelay_production_req4096_resp32768_c1_keepalive_ms,0.142062
latency,2,15,http1_rust_nodelay_production_req4096_resp32768_c1_keepalive_ms,0.136983
latency,2,16,http1_rust_nodelay_production_req4096_resp32768_c1_keepalive_ms,0.133082
latency,2,17,http1_rust_nodelay_production_req4096_resp32768_c1_keepalive_ms,0.130592
latency,2,18,http1_rust_nodelay_production_req4096_resp32768_c1_keepalive_ms,0.137792
latency,2,19,http1_rust_nodelay_production_req4096_resp32768_c1_keepalive_ms,0.133592
latency,2,20,http1_rust_nodelay_production_req4096_resp32768_c1_keepalive_ms,0.131182
latency,2,21,http1_rust_nodelay_production_req4096_resp32768_c1_keepalive_ms,0.131312
latency,2,22,http1_rust_nodelay_production_req4096_resp32768_c1_keepalive_ms,0.138042
latency,2,23,http1_rust_nodelay_production_req4096_resp32768_c1_keepalive_ms,0.134622
latency,2,24,http1_rust_nodelay_production_req4096_resp32768_c1_keepalive_ms,0.134883
latency,2,25,http1_rust_nodelay_production_req4096_resp32768_c1_keepalive_ms,0.128672
latency,2,26,http1_rust_nodelay_production_req4096_resp32768_c1_keepalive_ms,0.219403
latency,2,27,http1_rust_nodelay_production_req4096_resp32768_c1_keepalive_ms,0.240214
latency,2,28,http1_rust_nodelay_production_req4096_resp32768_c1_keepalive_ms,0.227713
latency,2,29,http1_rust_nodelay_production_req4096_resp32768_c1_keepalive_ms,0.162163
latency,2,30,http1_rust_nodelay_production_req4096_resp32768_c1_keepalive_ms,0.126081
latency,2,31,http1_rust_nodelay_production_req4096_resp32768_c1_keepalive_ms,0.130413
latency,2,32,http1_rust_nodelay_production_req4096_resp32768_c1_keepalive_ms,0.126322
latency,2,33,http1_rust_nodelay_production_req4096_resp32768_c1_keepalive_ms,0.125061
latency,2,34,http1_rust_nodelay_production_req4096_resp32768_c1_keepalive_ms,0.124342
latency,2,35,http1_rust_nodelay_production_req4096_resp32768_c1_keepalive_ms,0.124482
latency,2,36,http1_rust_nodelay_production_req4096_resp32768_c1_keepalive_ms,0.124892
latency,2,37,http1_rust_nodelay_production_req4096_resp32768_c1_keepalive_ms,0.124482
latency,2,38,http1_rust_nodelay_production_req4096_resp32768_c1_keepalive_ms,0.124932
latency,2,39,http1_rust_nodelay_production_req4096_resp32768_c1_keepalive_ms,0.134682
latency,2,40,http1_rust_nodelay_production_req4096_resp32768_c1_keepalive_ms,0.125582
latency,2,41,http1_rust_nodelay_production_req4096_resp32768_c1_keepalive_ms,0.124092
latency,2,42,http1_rust_nodelay_production_req4096_resp32768_c1_keepalive_ms,0.123842
latency,2,43,http1_rust_nodelay_production_req4096_resp32768_c1_keepalive_ms,0.124312
latency,2,44,http1_rust_nodelay_production_req4096_resp32768_c1_keepalive_ms,0.123832
latency,2,45,http1_rust_nodelay_production_req4096_resp32768_c1_keepalive_ms,0.130132
latency,2,46,http1_rust_nodelay_production_req4096_resp32768_c1_keepalive_ms,0.124692
latency,2,47,http1_rust_nodelay_production_req4096_resp32768_c1_keepalive_ms,0.140002
latency,2,48,http1_rust_nodelay_production_req4096_resp32768_c1_keepalive_ms,0.129672
latency,2,49,http1_rust_nodelay_production_req4096_resp32768_c1_keepalive_ms,0.124592
latency,2,50,http1_rust_nodelay_production_req4096_resp32768_c1_keepalive_ms,0.124432
latency,2,51,http1_rust_nodelay_production_req4096_resp32768_c1_keepalive_ms,0.124882
latency,2,52,http1_rust_nodelay_production_req4096_resp32768_c1_keepalive_ms,0.125302
latency,2,53,http1_rust_nodelay_production_req4096_resp32768_c1_keepalive_ms,0.124552
latency,2,54,http1_rust_nodelay_production_req4096_resp32768_c1_keepalive_ms,0.124762
latency,2,55,http1_rust_nodelay_production_req4096_resp32768_c1_keepalive_ms,0.222284
latency,2,56,http1_rust_nodelay_production_req4096_resp32768_c1_keepalive_ms,0.238153
latency,2,57,http1_rust_nodelay_production_req4096_resp32768_c1_keepalive_ms,0.201993
latency,2,58,http1_rust_nodelay_production_req4096_resp32768_c1_keepalive_ms,0.211564
latency,2,59,http1_rust_nodelay_production_req4096_resp32768_c1_keepalive_ms,0.227753
latency,2,60,http1_rust_nodelay_production_req4096_resp32768_c1_keepalive_ms,0.144202
latency,2,61,http1_rust_nodelay_production_req4096_resp32768_c1_keepalive_ms,0.126312
latency,2,62,http1_rust_nodelay_production_req4096_resp32768_c1_keepalive_ms,0.126112
latency,2,63,http1_rust_nodelay_production_req4096_resp32768_c1_keepalive_ms,0.124852
latency,2,64,http1_rust_nodelay_production_req4096_resp32768_c1_keepalive_ms,0.125082
latency,2,65,http1_rust_nodelay_production_req4096_resp32768_c1_keepalive_ms,0.125162
latency,2,66,http1_rust_nodelay_production_req4096_resp32768_c1_keepalive_ms,0.125282
latency,2,67,http1_rust_nodelay_production_req4096_resp32768_c1_keepalive_ms,0.137052
latency,2,68,http1_rust_nodelay_production_req4096_resp32768_c1_keepalive_ms,0.125902
latency,2,69,http1_rust_nodelay_production_req4096_resp32768_c1_keepalive_ms,0.124022
latency,2,70,http1_rust_nodelay_production_req4096_resp32768_c1_keepalive_ms,0.124512
latency,2,71,http1_rust_nodelay_production_req4096_resp32768_c1_keepalive_ms,0.124392
latency,2,72,http1_rust_nodelay_production_req4096_resp32768_c1_keepalive_ms,0.124402
latency,2,73,http1_rust_nodelay_production_req4096_resp32768_c1_keepalive_ms,0.135882
latency,2,74,http1_rust_nodelay_production_req4096_resp32768_c1_keepalive_ms,0.131762
latency,2,75,http1_rust_nodelay_production_req4096_resp32768_c1_keepalive_ms,0.127052
latency,2,76,http1_rust_nodelay_production_req4096_resp32768_c1_keepalive_ms,0.124582
latency,2,77,http1_rust_nodelay_production_req4096_resp32768_c1_keepalive_ms,0.124352
latency,2,78,http1_rust_nodelay_production_req4096_resp32768_c1_keepalive_ms,0.124702
latency,2,79,http1_rust_nodelay_production_req4096_resp32768_c1_keepalive_ms,0.124622
trial,2,80,http1_rust_nodelay_production_req4096_resp32768_c1_median_ms,0.130413
trial,2,80,http1_rust_nodelay_production_req4096_resp32768_c1_p95_ms,0.240214
trial,2,80,http1_rust_nodelay_production_req4096_resp32768_c1_requests_per_second,6488.017
trial,2,80,http1_rust_nodelay_production_req4096_resp32768_c1_wall_ms,12.330
trial,2,80,http1_rust_nodelay_production_req4096_resp32768_c1_mib_per_second,228.094
trial,2,80,http1_rust_nodelay_production_req4096_resp32768_c1_process_cpu_us,12350
latency,3,0,http1_rust_nodelay_production_req4096_resp32768_c1_keepalive_ms,0.248584
latency,3,1,http1_rust_nodelay_production_req4096_resp32768_c1_keepalive_ms,0.223444
latency,3,2,http1_rust_nodelay_production_req4096_resp32768_c1_keepalive_ms,0.149402
latency,3,3,http1_rust_nodelay_production_req4096_resp32768_c1_keepalive_ms,0.146152
latency,3,4,http1_rust_nodelay_production_req4096_resp32768_c1_keepalive_ms,0.145033
latency,3,5,http1_rust_nodelay_production_req4096_resp32768_c1_keepalive_ms,0.144232
latency,3,6,http1_rust_nodelay_production_req4096_resp32768_c1_keepalive_ms,0.145322
latency,3,7,http1_rust_nodelay_production_req4096_resp32768_c1_keepalive_ms,0.152183
latency,3,8,http1_rust_nodelay_production_req4096_resp32768_c1_keepalive_ms,0.150272
latency,3,9,http1_rust_nodelay_production_req4096_resp32768_c1_keepalive_ms,0.144402
latency,3,10,http1_rust_nodelay_production_req4096_resp32768_c1_keepalive_ms,0.145363
latency,3,11,http1_rust_nodelay_production_req4096_resp32768_c1_keepalive_ms,0.143862
latency,3,12,http1_rust_nodelay_production_req4096_resp32768_c1_keepalive_ms,0.139132
latency,3,13,http1_rust_nodelay_production_req4096_resp32768_c1_keepalive_ms,0.136712
latency,3,14,http1_rust_nodelay_production_req4096_resp32768_c1_keepalive_ms,0.144322
latency,3,15,http1_rust_nodelay_production_req4096_resp32768_c1_keepalive_ms,0.142413
latency,3,16,http1_rust_nodelay_production_req4096_resp32768_c1_keepalive_ms,0.137782
latency,3,17,http1_rust_nodelay_production_req4096_resp32768_c1_keepalive_ms,0.136282
latency,3,18,http1_rust_nodelay_production_req4096_resp32768_c1_keepalive_ms,0.137572
latency,3,19,http1_rust_nodelay_production_req4096_resp32768_c1_keepalive_ms,0.134422
latency,3,20,http1_rust_nodelay_production_req4096_resp32768_c1_keepalive_ms,0.131592
latency,3,21,http1_rust_nodelay_production_req4096_resp32768_c1_keepalive_ms,0.145952
latency,3,22,http1_rust_nodelay_production_req4096_resp32768_c1_keepalive_ms,0.153383
latency,3,23,http1_rust_nodelay_production_req4096_resp32768_c1_keepalive_ms,0.149192
latency,3,24,http1_rust_nodelay_production_req4096_resp32768_c1_keepalive_ms,0.150072
latency,3,25,http1_rust_nodelay_production_req4096_resp32768_c1_keepalive_ms,0.200203
latency,3,26,http1_rust_nodelay_production_req4096_resp32768_c1_keepalive_ms,0.145713
latency,3,27,http1_rust_nodelay_production_req4096_resp32768_c1_keepalive_ms,0.158632
latency,3,28,http1_rust_nodelay_production_req4096_resp32768_c1_keepalive_ms,0.167033
latency,3,29,http1_rust_nodelay_production_req4096_resp32768_c1_keepalive_ms,0.182373
latency,3,30,http1_rust_nodelay_production_req4096_resp32768_c1_keepalive_ms,0.199313
latency,3,31,http1_rust_nodelay_production_req4096_resp32768_c1_keepalive_ms,0.202133
latency,3,32,http1_rust_nodelay_production_req4096_resp32768_c1_keepalive_ms,0.197103
latency,3,33,http1_rust_nodelay_production_req4096_resp32768_c1_keepalive_ms,0.205273
latency,3,34,http1_rust_nodelay_production_req4096_resp32768_c1_keepalive_ms,0.197353
latency,3,35,http1_rust_nodelay_production_req4096_resp32768_c1_keepalive_ms,0.195494
latency,3,36,http1_rust_nodelay_production_req4096_resp32768_c1_keepalive_ms,0.195643
latency,3,37,http1_rust_nodelay_production_req4096_resp32768_c1_keepalive_ms,0.202573
latency,3,38,http1_rust_nodelay_production_req4096_resp32768_c1_keepalive_ms,0.203203
latency,3,39,http1_rust_nodelay_production_req4096_resp32768_c1_keepalive_ms,0.196603
latency,3,40,http1_rust_nodelay_production_req4096_resp32768_c1_keepalive_ms,0.196033
latency,3,41,http1_rust_nodelay_production_req4096_resp32768_c1_keepalive_ms,0.196333
latency,3,42,http1_rust_nodelay_production_req4096_resp32768_c1_keepalive_ms,0.202533
latency,3,43,http1_rust_nodelay_production_req4096_resp32768_c1_keepalive_ms,0.150822
latency,3,44,http1_rust_nodelay_production_req4096_resp32768_c1_keepalive_ms,0.128132
latency,3,45,http1_rust_nodelay_production_req4096_resp32768_c1_keepalive_ms,0.125652
latency,3,46,http1_rust_nodelay_production_req4096_resp32768_c1_keepalive_ms,0.125152
latency,3,47,http1_rust_nodelay_production_req4096_resp32768_c1_keepalive_ms,0.125452
latency,3,48,http1_rust_nodelay_production_req4096_resp32768_c1_keepalive_ms,0.124802
latency,3,49,http1_rust_nodelay_production_req4096_resp32768_c1_keepalive_ms,0.125752
latency,3,50,http1_rust_nodelay_production_req4096_resp32768_c1_keepalive_ms,0.126252
latency,3,51,http1_rust_nodelay_production_req4096_resp32768_c1_keepalive_ms,0.136202
latency,3,52,http1_rust_nodelay_production_req4096_resp32768_c1_keepalive_ms,0.126232
latency,3,53,http1_rust_nodelay_production_req4096_resp32768_c1_keepalive_ms,0.125402
latency,3,54,http1_rust_nodelay_production_req4096_resp32768_c1_keepalive_ms,0.124882
latency,3,55,http1_rust_nodelay_production_req4096_resp32768_c1_keepalive_ms,0.125182
latency,3,56,http1_rust_nodelay_production_req4096_resp32768_c1_keepalive_ms,0.125142
latency,3,57,http1_rust_nodelay_production_req4096_resp32768_c1_keepalive_ms,0.125782
latency,3,58,http1_rust_nodelay_production_req4096_resp32768_c1_keepalive_ms,0.124522
latency,3,59,http1_rust_nodelay_production_req4096_resp32768_c1_keepalive_ms,0.135292
latency,3,60,http1_rust_nodelay_production_req4096_resp32768_c1_keepalive_ms,0.126262
latency,3,61,http1_rust_nodelay_production_req4096_resp32768_c1_keepalive_ms,0.125072
latency,3,62,http1_rust_nodelay_production_req4096_resp32768_c1_keepalive_ms,0.124712
latency,3,63,http1_rust_nodelay_production_req4096_resp32768_c1_keepalive_ms,0.126372
latency,3,64,http1_rust_nodelay_production_req4096_resp32768_c1_keepalive_ms,0.125092
latency,3,65,http1_rust_nodelay_production_req4096_resp32768_c1_keepalive_ms,0.124812
latency,3,66,http1_rust_nodelay_production_req4096_resp32768_c1_keepalive_ms,0.125472
latency,3,67,http1_rust_nodelay_production_req4096_resp32768_c1_keepalive_ms,0.223674
latency,3,68,http1_rust_nodelay_production_req4096_resp32768_c1_keepalive_ms,0.175572
latency,3,69,http1_rust_nodelay_production_req4096_resp32768_c1_keepalive_ms,0.141103
latency,3,70,http1_rust_nodelay_production_req4096_resp32768_c1_keepalive_ms,0.130292
latency,3,71,http1_rust_nodelay_production_req4096_resp32768_c1_keepalive_ms,0.125922
latency,3,72,http1_rust_nodelay_production_req4096_resp32768_c1_keepalive_ms,0.125472
latency,3,73,http1_rust_nodelay_production_req4096_resp32768_c1_keepalive_ms,0.130472
latency,3,74,http1_rust_nodelay_production_req4096_resp32768_c1_keepalive_ms,0.128692
latency,3,75,http1_rust_nodelay_production_req4096_resp32768_c1_keepalive_ms,0.126112
latency,3,76,http1_rust_nodelay_production_req4096_resp32768_c1_keepalive_ms,0.124951
latency,3,77,http1_rust_nodelay_production_req4096_resp32768_c1_keepalive_ms,0.125182
latency,3,78,http1_rust_nodelay_production_req4096_resp32768_c1_keepalive_ms,0.126162
latency,3,79,http1_rust_nodelay_production_req4096_resp32768_c1_keepalive_ms,0.132072
trial,3,80,http1_rust_nodelay_production_req4096_resp32768_c1_median_ms,0.139132
trial,3,80,http1_rust_nodelay_production_req4096_resp32768_c1_p95_ms,0.203203
trial,3,80,http1_rust_nodelay_production_req4096_resp32768_c1_requests_per_second,6389.452
trial,3,80,http1_rust_nodelay_production_req4096_resp32768_c1_wall_ms,12.521
trial,3,80,http1_rust_nodelay_production_req4096_resp32768_c1_mib_per_second,224.629
trial,3,80,http1_rust_nodelay_production_req4096_resp32768_c1_process_cpu_us,12544
latency,4,0,http1_rust_nodelay_production_req4096_resp32768_c1_keepalive_ms,0.234934
latency,4,1,http1_rust_nodelay_production_req4096_resp32768_c1_keepalive_ms,0.280774
latency,4,2,http1_rust_nodelay_production_req4096_resp32768_c1_keepalive_ms,0.241214
latency,4,3,http1_rust_nodelay_production_req4096_resp32768_c1_keepalive_ms,0.250234
latency,4,4,http1_rust_nodelay_production_req4096_resp32768_c1_keepalive_ms,0.232693
latency,4,5,http1_rust_nodelay_production_req4096_resp32768_c1_keepalive_ms,0.236704
latency,4,6,http1_rust_nodelay_production_req4096_resp32768_c1_keepalive_ms,0.229994
latency,4,7,http1_rust_nodelay_production_req4096_resp32768_c1_keepalive_ms,0.226733
latency,4,8,http1_rust_nodelay_production_req4096_resp32768_c1_keepalive_ms,0.221424
latency,4,9,http1_rust_nodelay_production_req4096_resp32768_c1_keepalive_ms,0.222783
latency,4,10,http1_rust_nodelay_production_req4096_resp32768_c1_keepalive_ms,0.223114
latency,4,11,http1_rust_nodelay_production_req4096_resp32768_c1_keepalive_ms,0.215693
latency,4,12,http1_rust_nodelay_production_req4096_resp32768_c1_keepalive_ms,0.215793
latency,4,13,http1_rust_nodelay_production_req4096_resp32768_c1_keepalive_ms,0.206524
latency,4,14,http1_rust_nodelay_production_req4096_resp32768_c1_keepalive_ms,0.161202
latency,4,15,http1_rust_nodelay_production_req4096_resp32768_c1_keepalive_ms,0.136202
latency,4,16,http1_rust_nodelay_production_req4096_resp32768_c1_keepalive_ms,0.134212
latency,4,17,http1_rust_nodelay_production_req4096_resp32768_c1_keepalive_ms,0.133623
latency,4,18,http1_rust_nodelay_production_req4096_resp32768_c1_keepalive_ms,0.133812
latency,4,19,http1_rust_nodelay_production_req4096_resp32768_c1_keepalive_ms,0.130542
latency,4,20,http1_rust_nodelay_production_req4096_resp32768_c1_keepalive_ms,0.127362
latency,4,21,http1_rust_nodelay_production_req4096_resp32768_c1_keepalive_ms,0.131542
latency,4,22,http1_rust_nodelay_production_req4096_resp32768_c1_keepalive_ms,0.128422
latency,4,23,http1_rust_nodelay_production_req4096_resp32768_c1_keepalive_ms,0.125762
latency,4,24,http1_rust_nodelay_production_req4096_resp32768_c1_keepalive_ms,0.125852
latency,4,25,http1_rust_nodelay_production_req4096_resp32768_c1_keepalive_ms,0.130082
latency,4,26,http1_rust_nodelay_production_req4096_resp32768_c1_keepalive_ms,0.126572
latency,4,27,http1_rust_nodelay_production_req4096_resp32768_c1_keepalive_ms,0.125781
latency,4,28,http1_rust_nodelay_production_req4096_resp32768_c1_keepalive_ms,0.125422
latency,4,29,http1_rust_nodelay_production_req4096_resp32768_c1_keepalive_ms,0.130012
latency,4,30,http1_rust_nodelay_production_req4096_resp32768_c1_keepalive_ms,0.132522
latency,4,31,http1_rust_nodelay_production_req4096_resp32768_c1_keepalive_ms,0.125662
latency,4,32,http1_rust_nodelay_production_req4096_resp32768_c1_keepalive_ms,0.129122
latency,4,33,http1_rust_nodelay_production_req4096_resp32768_c1_keepalive_ms,0.125592
latency,4,34,http1_rust_nodelay_production_req4096_resp32768_c1_keepalive_ms,0.126282
latency,4,35,http1_rust_nodelay_production_req4096_resp32768_c1_keepalive_ms,0.125722
latency,4,36,http1_rust_nodelay_production_req4096_resp32768_c1_keepalive_ms,0.125062
latency,4,37,http1_rust_nodelay_production_req4096_resp32768_c1_keepalive_ms,0.215644
latency,4,38,http1_rust_nodelay_production_req4096_resp32768_c1_keepalive_ms,0.200643
latency,4,39,http1_rust_nodelay_production_req4096_resp32768_c1_keepalive_ms,0.199193
latency,4,40,http1_rust_nodelay_production_req4096_resp32768_c1_keepalive_ms,0.197373
latency,4,41,http1_rust_nodelay_production_req4096_resp32768_c1_keepalive_ms,0.198863
latency,4,42,http1_rust_nodelay_production_req4096_resp32768_c1_keepalive_ms,0.203723
latency,4,43,http1_rust_nodelay_production_req4096_resp32768_c1_keepalive_ms,0.198974
latency,4,44,http1_rust_nodelay_production_req4096_resp32768_c1_keepalive_ms,0.198143
latency,4,45,http1_rust_nodelay_production_req4096_resp32768_c1_keepalive_ms,0.198723
latency,4,46,http1_rust_nodelay_production_req4096_resp32768_c1_keepalive_ms,0.197463
latency,4,47,http1_rust_nodelay_production_req4096_resp32768_c1_keepalive_ms,0.207763
latency,4,48,http1_rust_nodelay_production_req4096_resp32768_c1_keepalive_ms,0.198473
latency,4,49,http1_rust_nodelay_production_req4096_resp32768_c1_keepalive_ms,0.199463
latency,4,50,http1_rust_nodelay_production_req4096_resp32768_c1_keepalive_ms,0.196164
latency,4,51,http1_rust_nodelay_production_req4096_resp32768_c1_keepalive_ms,0.140772
latency,4,52,http1_rust_nodelay_production_req4096_resp32768_c1_keepalive_ms,0.131512
latency,4,53,http1_rust_nodelay_production_req4096_resp32768_c1_keepalive_ms,0.135552
latency,4,54,http1_rust_nodelay_production_req4096_resp32768_c1_keepalive_ms,0.130292
latency,4,55,http1_rust_nodelay_production_req4096_resp32768_c1_keepalive_ms,0.126272
latency,4,56,http1_rust_nodelay_production_req4096_resp32768_c1_keepalive_ms,0.125792
latency,4,57,http1_rust_nodelay_production_req4096_resp32768_c1_keepalive_ms,0.125272
latency,4,58,http1_rust_nodelay_production_req4096_resp32768_c1_keepalive_ms,0.124892
latency,4,59,http1_rust_nodelay_production_req4096_resp32768_c1_keepalive_ms,0.133712
latency,4,60,http1_rust_nodelay_production_req4096_resp32768_c1_keepalive_ms,0.131862
latency,4,61,http1_rust_nodelay_production_req4096_resp32768_c1_keepalive_ms,0.129942
latency,4,62,http1_rust_nodelay_production_req4096_resp32768_c1_keepalive_ms,0.125512
latency,4,63,http1_rust_nodelay_production_req4096_resp32768_c1_keepalive_ms,0.125262
latency,4,64,http1_rust_nodelay_production_req4096_resp32768_c1_keepalive_ms,0.124982
latency,4,65,http1_rust_nodelay_production_req4096_resp32768_c1_keepalive_ms,0.125012
latency,4,66,http1_rust_nodelay_production_req4096_resp32768_c1_keepalive_ms,0.126332
latency,4,67,http1_rust_nodelay_production_req4096_resp32768_c1_keepalive_ms,0.125452
latency,4,68,http1_rust_nodelay_production_req4096_resp32768_c1_keepalive_ms,0.133292
latency,4,69,http1_rust_nodelay_production_req4096_resp32768_c1_keepalive_ms,0.139802
latency,4,70,http1_rust_nodelay_production_req4096_resp32768_c1_keepalive_ms,0.125382
latency,4,71,http1_rust_nodelay_production_req4096_resp32768_c1_keepalive_ms,0.124892
latency,4,72,http1_rust_nodelay_production_req4096_resp32768_c1_keepalive_ms,0.125172
latency,4,73,http1_rust_nodelay_production_req4096_resp32768_c1_keepalive_ms,0.125522
latency,4,74,http1_rust_nodelay_production_req4096_resp32768_c1_keepalive_ms,0.125082
latency,4,75,http1_rust_nodelay_production_req4096_resp32768_c1_keepalive_ms,0.124862
latency,4,76,http1_rust_nodelay_production_req4096_resp32768_c1_keepalive_ms,0.190973
latency,4,77,http1_rust_nodelay_production_req4096_resp32768_c1_keepalive_ms,0.167692
latency,4,78,http1_rust_nodelay_production_req4096_resp32768_c1_keepalive_ms,0.144063
latency,4,79,http1_rust_nodelay_production_req4096_resp32768_c1_keepalive_ms,0.142642
trial,4,80,http1_rust_nodelay_production_req4096_resp32768_c1_median_ms,0.133623
trial,4,80,http1_rust_nodelay_production_req4096_resp32768_c1_p95_ms,0.234934
trial,4,80,http1_rust_nodelay_production_req4096_resp32768_c1_requests_per_second,6005.439
trial,4,80,http1_rust_nodelay_production_req4096_resp32768_c1_wall_ms,13.321
trial,4,80,http1_rust_nodelay_production_req4096_resp32768_c1_mib_per_second,211.129
trial,4,80,http1_rust_nodelay_production_req4096_resp32768_c1_process_cpu_us,13348
summary,0,400,http1_rust_nodelay_production_req4096_resp32768_c1_keepalive_ms_median,0.136192
summary,0,400,http1_rust_nodelay_production_req4096_resp32768_c1_keepalive_ms_p95,0.237774
latency,0,80,http1_rust_nodelay_production_req4096_resp32768_c4_keepalive_ms,0.338775
latency,0,81,http1_rust_nodelay_production_req4096_resp32768_c4_keepalive_ms,0.392016
latency,0,82,http1_rust_nodelay_production_req4096_resp32768_c4_keepalive_ms,0.290495
latency,0,83,http1_rust_nodelay_production_req4096_resp32768_c4_keepalive_ms,0.363226
latency,0,84,http1_rust_nodelay_production_req4096_resp32768_c4_keepalive_ms,0.369085
latency,0,85,http1_rust_nodelay_production_req4096_resp32768_c4_keepalive_ms,0.297995
latency,0,86,http1_rust_nodelay_production_req4096_resp32768_c4_keepalive_ms,0.370166
latency,0,87,http1_rust_nodelay_production_req4096_resp32768_c4_keepalive_ms,0.372106
latency,0,88,http1_rust_nodelay_production_req4096_resp32768_c4_keepalive_ms,0.289084
latency,0,89,http1_rust_nodelay_production_req4096_resp32768_c4_keepalive_ms,0.360275
latency,0,90,http1_rust_nodelay_production_req4096_resp32768_c4_keepalive_ms,0.416207
latency,0,91,http1_rust_nodelay_production_req4096_resp32768_c4_keepalive_ms,0.292245
latency,0,92,http1_rust_nodelay_production_req4096_resp32768_c4_keepalive_ms,0.371535
latency,0,93,http1_rust_nodelay_production_req4096_resp32768_c4_keepalive_ms,0.368376
latency,0,94,http1_rust_nodelay_production_req4096_resp32768_c4_keepalive_ms,0.384876
latency,0,95,http1_rust_nodelay_production_req4096_resp32768_c4_keepalive_ms,0.400757
latency,0,96,http1_rust_nodelay_production_req4096_resp32768_c4_keepalive_ms,0.317735
latency,0,97,http1_rust_nodelay_production_req4096_resp32768_c4_keepalive_ms,0.386676
latency,0,98,http1_rust_nodelay_production_req4096_resp32768_c4_keepalive_ms,0.285064
latency,0,99,http1_rust_nodelay_production_req4096_resp32768_c4_keepalive_ms,0.238694
latency,0,100,http1_rust_nodelay_production_req4096_resp32768_c4_keepalive_ms,0.238393
latency,0,101,http1_rust_nodelay_production_req4096_resp32768_c4_keepalive_ms,0.236224
latency,0,102,http1_rust_nodelay_production_req4096_resp32768_c4_keepalive_ms,0.246514
latency,0,103,http1_rust_nodelay_production_req4096_resp32768_c4_keepalive_ms,0.239784
latency,0,104,http1_rust_nodelay_production_req4096_resp32768_c4_keepalive_ms,0.237833
latency,0,105,http1_rust_nodelay_production_req4096_resp32768_c4_keepalive_ms,0.237854
latency,0,106,http1_rust_nodelay_production_req4096_resp32768_c4_keepalive_ms,0.244964
latency,0,107,http1_rust_nodelay_production_req4096_resp32768_c4_keepalive_ms,0.237014
latency,0,108,http1_rust_nodelay_production_req4096_resp32768_c4_keepalive_ms,0.235603
latency,0,109,http1_rust_nodelay_production_req4096_resp32768_c4_keepalive_ms,0.236374
latency,0,110,http1_rust_nodelay_production_req4096_resp32768_c4_keepalive_ms,0.247654
latency,0,111,http1_rust_nodelay_production_req4096_resp32768_c4_keepalive_ms,0.217773
latency,0,112,http1_rust_nodelay_production_req4096_resp32768_c4_keepalive_ms,0.129892
latency,0,113,http1_rust_nodelay_production_req4096_resp32768_c4_keepalive_ms,0.127632
latency,0,114,http1_rust_nodelay_production_req4096_resp32768_c4_keepalive_ms,0.125112
latency,0,115,http1_rust_nodelay_production_req4096_resp32768_c4_keepalive_ms,0.126522
latency,0,116,http1_rust_nodelay_production_req4096_resp32768_c4_keepalive_ms,0.124642
latency,0,117,http1_rust_nodelay_production_req4096_resp32768_c4_keepalive_ms,0.130792
latency,0,118,http1_rust_nodelay_production_req4096_resp32768_c4_keepalive_ms,0.128022
latency,0,119,http1_rust_nodelay_production_req4096_resp32768_c4_keepalive_ms,0.124542
latency,0,120,http1_rust_nodelay_production_req4096_resp32768_c4_keepalive_ms,0.125342
latency,0,121,http1_rust_nodelay_production_req4096_resp32768_c4_keepalive_ms,0.125472
latency,0,122,http1_rust_nodelay_production_req4096_resp32768_c4_keepalive_ms,0.124312
latency,0,123,http1_rust_nodelay_production_req4096_resp32768_c4_keepalive_ms,0.127502
latency,0,124,http1_rust_nodelay_production_req4096_resp32768_c4_keepalive_ms,0.126642
latency,0,125,http1_rust_nodelay_production_req4096_resp32768_c4_keepalive_ms,0.133042
latency,0,126,http1_rust_nodelay_production_req4096_resp32768_c4_keepalive_ms,0.130132
latency,0,127,http1_rust_nodelay_production_req4096_resp32768_c4_keepalive_ms,0.125552
latency,0,128,http1_rust_nodelay_production_req4096_resp32768_c4_keepalive_ms,0.129392
latency,0,129,http1_rust_nodelay_production_req4096_resp32768_c4_keepalive_ms,0.124792
latency,0,130,http1_rust_nodelay_production_req4096_resp32768_c4_keepalive_ms,0.124902
latency,0,131,http1_rust_nodelay_production_req4096_resp32768_c4_keepalive_ms,0.124822
latency,0,132,http1_rust_nodelay_production_req4096_resp32768_c4_keepalive_ms,0.124842
latency,0,133,http1_rust_nodelay_production_req4096_resp32768_c4_keepalive_ms,3.136949
latency,0,134,http1_rust_nodelay_production_req4096_resp32768_c4_keepalive_ms,0.140122
latency,0,135,http1_rust_nodelay_production_req4096_resp32768_c4_keepalive_ms,0.129602
latency,0,136,http1_rust_nodelay_production_req4096_resp32768_c4_keepalive_ms,0.126732
latency,0,137,http1_rust_nodelay_production_req4096_resp32768_c4_keepalive_ms,0.130222
latency,0,138,http1_rust_nodelay_production_req4096_resp32768_c4_keepalive_ms,0.125632
latency,0,139,http1_rust_nodelay_production_req4096_resp32768_c4_keepalive_ms,0.130652
latency,0,140,http1_rust_nodelay_production_req4096_resp32768_c4_keepalive_ms,0.126722
latency,0,141,http1_rust_nodelay_production_req4096_resp32768_c4_keepalive_ms,0.135172
latency,0,142,http1_rust_nodelay_production_req4096_resp32768_c4_keepalive_ms,0.128742
latency,0,143,http1_rust_nodelay_production_req4096_resp32768_c4_keepalive_ms,0.126742
latency,0,144,http1_rust_nodelay_production_req4096_resp32768_c4_keepalive_ms,0.125872
latency,0,145,http1_rust_nodelay_production_req4096_resp32768_c4_keepalive_ms,0.125912
latency,0,146,http1_rust_nodelay_production_req4096_resp32768_c4_keepalive_ms,0.126832
latency,0,147,http1_rust_nodelay_production_req4096_resp32768_c4_keepalive_ms,0.126152
latency,0,148,http1_rust_nodelay_production_req4096_resp32768_c4_keepalive_ms,0.127172
latency,0,149,http1_rust_nodelay_production_req4096_resp32768_c4_keepalive_ms,0.134772
latency,0,150,http1_rust_nodelay_production_req4096_resp32768_c4_keepalive_ms,0.126442
latency,0,151,http1_rust_nodelay_production_req4096_resp32768_c4_keepalive_ms,0.126052
latency,0,152,http1_rust_nodelay_production_req4096_resp32768_c4_keepalive_ms,0.125792
latency,0,153,http1_rust_nodelay_production_req4096_resp32768_c4_keepalive_ms,0.126452
latency,0,154,http1_rust_nodelay_production_req4096_resp32768_c4_keepalive_ms,0.126442
latency,0,155,http1_rust_nodelay_production_req4096_resp32768_c4_keepalive_ms,0.130952
latency,0,156,http1_rust_nodelay_production_req4096_resp32768_c4_keepalive_ms,9.136403
latency,0,157,http1_rust_nodelay_production_req4096_resp32768_c4_keepalive_ms,0.152472
latency,0,158,http1_rust_nodelay_production_req4096_resp32768_c4_keepalive_ms,0.126312
latency,0,159,http1_rust_nodelay_production_req4096_resp32768_c4_keepalive_ms,0.126202
latency,0,240,http1_rust_nodelay_production_req4096_resp32768_c4_keepalive_ms,3.843960
latency,0,241,http1_rust_nodelay_production_req4096_resp32768_c4_keepalive_ms,0.366935
latency,0,242,http1_rust_nodelay_production_req4096_resp32768_c4_keepalive_ms,0.289065
latency,0,243,http1_rust_nodelay_production_req4096_resp32768_c4_keepalive_ms,0.376676
latency,0,244,http1_rust_nodelay_production_req4096_resp32768_c4_keepalive_ms,0.371506
latency,0,245,http1_rust_nodelay_production_req4096_resp32768_c4_keepalive_ms,0.281774
latency,0,246,http1_rust_nodelay_production_req4096_resp32768_c4_keepalive_ms,0.396786
latency,0,247,http1_rust_nodelay_production_req4096_resp32768_c4_keepalive_ms,0.399447
latency,0,248,http1_rust_nodelay_production_req4096_resp32768_c4_keepalive_ms,0.323845
latency,0,249,http1_rust_nodelay_production_req4096_resp32768_c4_keepalive_ms,0.239173
latency,0,250,http1_rust_nodelay_production_req4096_resp32768_c4_keepalive_ms,0.238604
latency,0,251,http1_rust_nodelay_production_req4096_resp32768_c4_keepalive_ms,0.236104
latency,0,252,http1_rust_nodelay_production_req4096_resp32768_c4_keepalive_ms,0.245913
latency,0,253,http1_rust_nodelay_production_req4096_resp32768_c4_keepalive_ms,0.240234
latency,0,254,http1_rust_nodelay_production_req4096_resp32768_c4_keepalive_ms,0.238034
latency,0,255,http1_rust_nodelay_production_req4096_resp32768_c4_keepalive_ms,0.237874
latency,0,256,http1_rust_nodelay_production_req4096_resp32768_c4_keepalive_ms,0.244653
latency,0,257,http1_rust_nodelay_production_req4096_resp32768_c4_keepalive_ms,0.237334
latency,0,258,http1_rust_nodelay_production_req4096_resp32768_c4_keepalive_ms,0.235674
latency,0,259,http1_rust_nodelay_production_req4096_resp32768_c4_keepalive_ms,0.233964
latency,0,260,http1_rust_nodelay_production_req4096_resp32768_c4_keepalive_ms,0.237283
latency,0,261,http1_rust_nodelay_production_req4096_resp32768_c4_keepalive_ms,3.035368
latency,0,262,http1_rust_nodelay_production_req4096_resp32768_c4_keepalive_ms,0.147582
latency,0,263,http1_rust_nodelay_production_req4096_resp32768_c4_keepalive_ms,0.131562
latency,0,264,http1_rust_nodelay_production_req4096_resp32768_c4_keepalive_ms,0.129302
latency,0,265,http1_rust_nodelay_production_req4096_resp32768_c4_keepalive_ms,0.131772
latency,0,266,http1_rust_nodelay_production_req4096_resp32768_c4_keepalive_ms,0.129252
latency,0,267,http1_rust_nodelay_production_req4096_resp32768_c4_keepalive_ms,0.129802
latency,0,268,http1_rust_nodelay_production_req4096_resp32768_c4_keepalive_ms,0.129902
latency,0,269,http1_rust_nodelay_production_req4096_resp32768_c4_keepalive_ms,0.139052
latency,0,270,http1_rust_nodelay_production_req4096_resp32768_c4_keepalive_ms,0.130222
latency,0,271,http1_rust_nodelay_production_req4096_resp32768_c4_keepalive_ms,0.128922
latency,0,272,http1_rust_nodelay_production_req4096_resp32768_c4_keepalive_ms,0.129303
latency,0,273,http1_rust_nodelay_production_req4096_resp32768_c4_keepalive_ms,0.128812
latency,0,274,http1_rust_nodelay_production_req4096_resp32768_c4_keepalive_ms,0.128752
latency,0,275,http1_rust_nodelay_production_req4096_resp32768_c4_keepalive_ms,0.128432
latency,0,276,http1_rust_nodelay_production_req4096_resp32768_c4_keepalive_ms,0.139042
latency,0,277,http1_rust_nodelay_production_req4096_resp32768_c4_keepalive_ms,0.130882
latency,0,278,http1_rust_nodelay_production_req4096_resp32768_c4_keepalive_ms,0.128582
latency,0,279,http1_rust_nodelay_production_req4096_resp32768_c4_keepalive_ms,0.128172
latency,0,280,http1_rust_nodelay_production_req4096_resp32768_c4_keepalive_ms,0.128562
latency,0,281,http1_rust_nodelay_production_req4096_resp32768_c4_keepalive_ms,0.128382
latency,0,282,http1_rust_nodelay_production_req4096_resp32768_c4_keepalive_ms,0.132072
latency,0,283,http1_rust_nodelay_production_req4096_resp32768_c4_keepalive_ms,0.129372
latency,0,284,http1_rust_nodelay_production_req4096_resp32768_c4_keepalive_ms,9.132793
latency,0,285,http1_rust_nodelay_production_req4096_resp32768_c4_keepalive_ms,0.131372
latency,0,286,http1_rust_nodelay_production_req4096_resp32768_c4_keepalive_ms,0.128632
latency,0,287,http1_rust_nodelay_production_req4096_resp32768_c4_keepalive_ms,0.128392
latency,0,288,http1_rust_nodelay_production_req4096_resp32768_c4_keepalive_ms,0.127802
latency,0,289,http1_rust_nodelay_production_req4096_resp32768_c4_keepalive_ms,0.128802
latency,0,290,http1_rust_nodelay_production_req4096_resp32768_c4_keepalive_ms,0.130992
latency,0,291,http1_rust_nodelay_production_req4096_resp32768_c4_keepalive_ms,0.131412
latency,0,292,http1_rust_nodelay_production_req4096_resp32768_c4_keepalive_ms,0.144402
latency,0,293,http1_rust_nodelay_production_req4096_resp32768_c4_keepalive_ms,0.130612
latency,0,294,http1_rust_nodelay_production_req4096_resp32768_c4_keepalive_ms,0.127582
latency,0,295,http1_rust_nodelay_production_req4096_resp32768_c4_keepalive_ms,0.128242
latency,0,296,http1_rust_nodelay_production_req4096_resp32768_c4_keepalive_ms,0.128642
latency,0,297,http1_rust_nodelay_production_req4096_resp32768_c4_keepalive_ms,0.127282
latency,0,298,http1_rust_nodelay_production_req4096_resp32768_c4_keepalive_ms,0.127412
latency,0,299,http1_rust_nodelay_production_req4096_resp32768_c4_keepalive_ms,0.133832
latency,0,300,http1_rust_nodelay_production_req4096_resp32768_c4_keepalive_ms,0.130872
latency,0,301,http1_rust_nodelay_production_req4096_resp32768_c4_keepalive_ms,0.127512
latency,0,302,http1_rust_nodelay_production_req4096_resp32768_c4_keepalive_ms,0.126852
latency,0,303,http1_rust_nodelay_production_req4096_resp32768_c4_keepalive_ms,0.131902
latency,0,304,http1_rust_nodelay_production_req4096_resp32768_c4_keepalive_ms,0.126702
latency,0,305,http1_rust_nodelay_production_req4096_resp32768_c4_keepalive_ms,0.127402
latency,0,306,http1_rust_nodelay_production_req4096_resp32768_c4_keepalive_ms,0.127122
latency,0,307,http1_rust_nodelay_production_req4096_resp32768_c4_keepalive_ms,7.131082
latency,0,308,http1_rust_nodelay_production_req4096_resp32768_c4_keepalive_ms,0.136252
latency,0,309,http1_rust_nodelay_production_req4096_resp32768_c4_keepalive_ms,0.129482
latency,0,310,http1_rust_nodelay_production_req4096_resp32768_c4_keepalive_ms,0.130452
latency,0,311,http1_rust_nodelay_production_req4096_resp32768_c4_keepalive_ms,0.128662
latency,0,312,http1_rust_nodelay_production_req4096_resp32768_c4_keepalive_ms,0.128742
latency,0,313,http1_rust_nodelay_production_req4096_resp32768_c4_keepalive_ms,0.128052
latency,0,314,http1_rust_nodelay_production_req4096_resp32768_c4_keepalive_ms,0.131212
latency,0,315,http1_rust_nodelay_production_req4096_resp32768_c4_keepalive_ms,0.141022
latency,0,316,http1_rust_nodelay_production_req4096_resp32768_c4_keepalive_ms,0.129022
latency,0,317,http1_rust_nodelay_production_req4096_resp32768_c4_keepalive_ms,0.128792
latency,0,318,http1_rust_nodelay_production_req4096_resp32768_c4_keepalive_ms,0.128742
latency,0,319,http1_rust_nodelay_production_req4096_resp32768_c4_keepalive_ms,0.128422
latency,0,0,http1_rust_nodelay_production_req4096_resp32768_c4_keepalive_ms,0.301055
latency,0,1,http1_rust_nodelay_production_req4096_resp32768_c4_keepalive_ms,0.394196
latency,0,2,http1_rust_nodelay_production_req4096_resp32768_c4_keepalive_ms,0.363886
latency,0,3,http1_rust_nodelay_production_req4096_resp32768_c4_keepalive_ms,0.288554
latency,0,4,http1_rust_nodelay_production_req4096_resp32768_c4_keepalive_ms,0.369996
latency,0,5,http1_rust_nodelay_production_req4096_resp32768_c4_keepalive_ms,0.373596
latency,0,6,http1_rust_nodelay_production_req4096_resp32768_c4_keepalive_ms,0.293854
latency,0,7,http1_rust_nodelay_production_req4096_resp32768_c4_keepalive_ms,0.373476
latency,0,8,http1_rust_nodelay_production_req4096_resp32768_c4_keepalive_ms,0.361696
latency,0,9,http1_rust_nodelay_production_req4096_resp32768_c4_keepalive_ms,0.286474
latency,0,10,http1_rust_nodelay_production_req4096_resp32768_c4_keepalive_ms,18.178824
latency,0,11,http1_rust_nodelay_production_req4096_resp32768_c4_keepalive_ms,0.219514
latency,0,12,http1_rust_nodelay_production_req4096_resp32768_c4_keepalive_ms,0.126662
latency,0,13,http1_rust_nodelay_production_req4096_resp32768_c4_keepalive_ms,0.125032
latency,0,14,http1_rust_nodelay_production_req4096_resp32768_c4_keepalive_ms,0.125212
latency,0,15,http1_rust_nodelay_production_req4096_resp32768_c4_keepalive_ms,0.124491
latency,0,16,http1_rust_nodelay_production_req4096_resp32768_c4_keepalive_ms,0.124272
latency,0,17,http1_rust_nodelay_production_req4096_resp32768_c4_keepalive_ms,0.137153
latency,0,18,http1_rust_nodelay_production_req4096_resp32768_c4_keepalive_ms,0.128352
latency,0,19,http1_rust_nodelay_production_req4096_resp32768_c4_keepalive_ms,0.125442
latency,0,20,http1_rust_nodelay_production_req4096_resp32768_c4_keepalive_ms,0.124332
latency,0,21,http1_rust_nodelay_production_req4096_resp32768_c4_keepalive_ms,0.124271
latency,0,22,http1_rust_nodelay_production_req4096_resp32768_c4_keepalive_ms,0.125942
latency,0,23,http1_rust_nodelay_production_req4096_resp32768_c4_keepalive_ms,0.127022
latency,0,24,http1_rust_nodelay_production_req4096_resp32768_c4_keepalive_ms,0.127922
latency,0,25,http1_rust_nodelay_production_req4096_resp32768_c4_keepalive_ms,0.160363
latency,0,26,http1_rust_nodelay_production_req4096_resp32768_c4_keepalive_ms,0.129632
latency,0,27,http1_rust_nodelay_production_req4096_resp32768_c4_keepalive_ms,0.127022
latency,0,28,http1_rust_nodelay_production_req4096_resp32768_c4_keepalive_ms,0.126632
latency,0,29,http1_rust_nodelay_production_req4096_resp32768_c4_keepalive_ms,0.127462
latency,0,30,http1_rust_nodelay_production_req4096_resp32768_c4_keepalive_ms,0.127882
latency,0,31,http1_rust_nodelay_production_req4096_resp32768_c4_keepalive_ms,0.129782
latency,0,32,http1_rust_nodelay_production_req4096_resp32768_c4_keepalive_ms,4.014083
latency,0,33,http1_rust_nodelay_production_req4096_resp32768_c4_keepalive_ms,0.272964
latency,0,34,http1_rust_nodelay_production_req4096_resp32768_c4_keepalive_ms,0.244974
latency,0,35,http1_rust_nodelay_production_req4096_resp32768_c4_keepalive_ms,0.241564
latency,0,36,http1_rust_nodelay_production_req4096_resp32768_c4_keepalive_ms,0.238303
latency,0,37,http1_rust_nodelay_production_req4096_resp32768_c4_keepalive_ms,0.250244
latency,0,38,http1_rust_nodelay_production_req4096_resp32768_c4_keepalive_ms,0.239414
latency,0,39,http1_rust_nodelay_production_req4096_resp32768_c4_keepalive_ms,0.237434
latency,0,40,http1_rust_nodelay_production_req4096_resp32768_c4_keepalive_ms,0.237463
latency,0,41,http1_rust_nodelay_production_req4096_resp32768_c4_keepalive_ms,0.243714
latency,0,42,http1_rust_nodelay_production_req4096_resp32768_c4_keepalive_ms,0.241524
latency,0,43,http1_rust_nodelay_production_req4096_resp32768_c4_keepalive_ms,0.236354
latency,0,44,http1_rust_nodelay_production_req4096_resp32768_c4_keepalive_ms,0.240993
latency,0,45,http1_rust_nodelay_production_req4096_resp32768_c4_keepalive_ms,0.231914
latency,0,46,http1_rust_nodelay_production_req4096_resp32768_c4_keepalive_ms,0.133012
latency,0,47,http1_rust_nodelay_production_req4096_resp32768_c4_keepalive_ms,0.128552
latency,0,48,http1_rust_nodelay_production_req4096_resp32768_c4_keepalive_ms,0.140262
latency,0,49,http1_rust_nodelay_production_req4096_resp32768_c4_keepalive_ms,0.127422
latency,0,50,http1_rust_nodelay_production_req4096_resp32768_c4_keepalive_ms,0.127792
latency,0,51,http1_rust_nodelay_production_req4096_resp32768_c4_keepalive_ms,0.126642
latency,0,52,http1_rust_nodelay_production_req4096_resp32768_c4_keepalive_ms,0.126802
latency,0,53,http1_rust_nodelay_production_req4096_resp32768_c4_keepalive_ms,0.138412
latency,0,54,http1_rust_nodelay_production_req4096_resp32768_c4_keepalive_ms,0.127892
latency,0,55,http1_rust_nodelay_production_req4096_resp32768_c4_keepalive_ms,0.126592
latency,0,56,http1_rust_nodelay_production_req4096_resp32768_c4_keepalive_ms,0.126192
latency,0,57,http1_rust_nodelay_production_req4096_resp32768_c4_keepalive_ms,0.131663
latency,0,58,http1_rust_nodelay_production_req4096_resp32768_c4_keepalive_ms,0.126662
latency,0,59,http1_rust_nodelay_production_req4096_resp32768_c4_keepalive_ms,0.127262
latency,0,60,http1_rust_nodelay_production_req4096_resp32768_c4_keepalive_ms,0.126541
latency,0,61,http1_rust_nodelay_production_req4096_resp32768_c4_keepalive_ms,0.135143
latency,0,62,http1_rust_nodelay_production_req4096_resp32768_c4_keepalive_ms,0.127122
latency,0,63,http1_rust_nodelay_production_req4096_resp32768_c4_keepalive_ms,0.125862
latency,0,64,http1_rust_nodelay_production_req4096_resp32768_c4_keepalive_ms,0.127202
latency,0,65,http1_rust_nodelay_production_req4096_resp32768_c4_keepalive_ms,0.126472
latency,0,66,http1_rust_nodelay_production_req4096_resp32768_c4_keepalive_ms,0.126232
latency,0,67,http1_rust_nodelay_production_req4096_resp32768_c4_keepalive_ms,0.125652
latency,0,68,http1_rust_nodelay_production_req4096_resp32768_c4_keepalive_ms,2.167943
latency,0,69,http1_rust_nodelay_production_req4096_resp32768_c4_keepalive_ms,0.200133
latency,0,70,http1_rust_nodelay_production_req4096_resp32768_c4_keepalive_ms,0.206294
latency,0,71,http1_rust_nodelay_production_req4096_resp32768_c4_keepalive_ms,0.211913
latency,0,72,http1_rust_nodelay_production_req4096_resp32768_c4_keepalive_ms,0.214393
latency,0,73,http1_rust_nodelay_production_req4096_resp32768_c4_keepalive_ms,0.250664
latency,0,74,http1_rust_nodelay_production_req4096_resp32768_c4_keepalive_ms,0.172773
latency,0,75,http1_rust_nodelay_production_req4096_resp32768_c4_keepalive_ms,0.128242
latency,0,76,http1_rust_nodelay_production_req4096_resp32768_c4_keepalive_ms,0.127482
latency,0,77,http1_rust_nodelay_production_req4096_resp32768_c4_keepalive_ms,0.126122
latency,0,78,http1_rust_nodelay_production_req4096_resp32768_c4_keepalive_ms,0.126922
latency,0,79,http1_rust_nodelay_production_req4096_resp32768_c4_keepalive_ms,0.126462
latency,0,160,http1_rust_nodelay_production_req4096_resp32768_c4_keepalive_ms,0.356925
latency,0,161,http1_rust_nodelay_production_req4096_resp32768_c4_keepalive_ms,0.318155
latency,0,162,http1_rust_nodelay_production_req4096_resp32768_c4_keepalive_ms,0.365506
latency,0,163,http1_rust_nodelay_production_req4096_resp32768_c4_keepalive_ms,0.361506
latency,0,164,http1_rust_nodelay_production_req4096_resp32768_c4_keepalive_ms,0.295385
latency,0,165,http1_rust_nodelay_production_req4096_resp32768_c4_keepalive_ms,0.375075
latency,0,166,http1_rust_nodelay_production_req4096_resp32768_c4_keepalive_ms,0.368116
latency,0,167,http1_rust_nodelay_production_req4096_resp32768_c4_keepalive_ms,0.298225
latency,0,168,http1_rust_nodelay_production_req4096_resp32768_c4_keepalive_ms,0.363175
latency,0,169,http1_rust_nodelay_production_req4096_resp32768_c4_keepalive_ms,0.359106
latency,0,170,http1_rust_nodelay_production_req4096_resp32768_c4_keepalive_ms,0.341835
latency,0,171,http1_rust_nodelay_production_req4096_resp32768_c4_keepalive_ms,0.368846
latency,0,172,http1_rust_nodelay_production_req4096_resp32768_c4_keepalive_ms,0.371056
latency,0,173,http1_rust_nodelay_production_req4096_resp32768_c4_keepalive_ms,0.293084
latency,0,174,http1_rust_nodelay_production_req4096_resp32768_c4_keepalive_ms,0.369626
latency,0,175,http1_rust_nodelay_production_req4096_resp32768_c4_keepalive_ms,0.377636
latency,0,176,http1_rust_nodelay_production_req4096_resp32768_c4_keepalive_ms,0.302355
latency,0,177,http1_rust_nodelay_production_req4096_resp32768_c4_keepalive_ms,0.399256
latency,0,178,http1_rust_nodelay_production_req4096_resp32768_c4_keepalive_ms,12.290162
latency,0,179,http1_rust_nodelay_production_req4096_resp32768_c4_keepalive_ms,0.130022
latency,0,180,http1_rust_nodelay_production_req4096_resp32768_c4_keepalive_ms,0.126312
latency,0,181,http1_rust_nodelay_production_req4096_resp32768_c4_keepalive_ms,0.125492
latency,0,182,http1_rust_nodelay_production_req4096_resp32768_c4_keepalive_ms,0.125082
latency,0,183,http1_rust_nodelay_production_req4096_resp32768_c4_keepalive_ms,0.124772
latency,0,184,http1_rust_nodelay_production_req4096_resp32768_c4_keepalive_ms,0.125532
latency,0,185,http1_rust_nodelay_production_req4096_resp32768_c4_keepalive_ms,0.126902
latency,0,186,http1_rust_nodelay_production_req4096_resp32768_c4_keepalive_ms,0.133952
latency,0,187,http1_rust_nodelay_production_req4096_resp32768_c4_keepalive_ms,0.126302
latency,0,188,http1_rust_nodelay_production_req4096_resp32768_c4_keepalive_ms,0.124812
latency,0,189,http1_rust_nodelay_production_req4096_resp32768_c4_keepalive_ms,0.124942
latency,0,190,http1_rust_nodelay_production_req4096_resp32768_c4_keepalive_ms,0.124642
latency,0,191,http1_rust_nodelay_production_req4096_resp32768_c4_keepalive_ms,0.128022
latency,0,192,http1_rust_nodelay_production_req4096_resp32768_c4_keepalive_ms,0.127262
latency,0,193,http1_rust_nodelay_production_req4096_resp32768_c4_keepalive_ms,0.126972
latency,0,194,http1_rust_nodelay_production_req4096_resp32768_c4_keepalive_ms,0.135592
latency,0,195,http1_rust_nodelay_production_req4096_resp32768_c4_keepalive_ms,0.127642
latency,0,196,http1_rust_nodelay_production_req4096_resp32768_c4_keepalive_ms,0.126762
latency,0,197,http1_rust_nodelay_production_req4096_resp32768_c4_keepalive_ms,0.127502
latency,0,198,http1_rust_nodelay_production_req4096_resp32768_c4_keepalive_ms,0.127242
latency,0,199,http1_rust_nodelay_production_req4096_resp32768_c4_keepalive_ms,0.126802
latency,0,200,http1_rust_nodelay_production_req4096_resp32768_c4_keepalive_ms,0.126792
latency,0,201,http1_rust_nodelay_production_req4096_resp32768_c4_keepalive_ms,0.126692
latency,0,202,http1_rust_nodelay_production_req4096_resp32768_c4_keepalive_ms,6.876517
latency,0,203,http1_rust_nodelay_production_req4096_resp32768_c4_keepalive_ms,0.267835
latency,0,204,http1_rust_nodelay_production_req4096_resp32768_c4_keepalive_ms,0.245773
latency,0,205,http1_rust_nodelay_production_req4096_resp32768_c4_keepalive_ms,0.242094
latency,0,206,http1_rust_nodelay_production_req4096_resp32768_c4_keepalive_ms,0.236974
latency,0,207,http1_rust_nodelay_production_req4096_resp32768_c4_keepalive_ms,0.251364
latency,0,208,http1_rust_nodelay_production_req4096_resp32768_c4_keepalive_ms,0.238604
latency,0,209,http1_rust_nodelay_production_req4096_resp32768_c4_keepalive_ms,0.238293
latency,0,210,http1_rust_nodelay_production_req4096_resp32768_c4_keepalive_ms,0.237684
latency,0,211,http1_rust_nodelay_production_req4096_resp32768_c4_keepalive_ms,0.243154
latency,0,212,http1_rust_nodelay_production_req4096_resp32768_c4_keepalive_ms,0.241783
latency,0,213,http1_rust_nodelay_production_req4096_resp32768_c4_keepalive_ms,0.236444
latency,0,214,http1_rust_nodelay_production_req4096_resp32768_c4_keepalive_ms,0.241334
latency,0,215,http1_rust_nodelay_production_req4096_resp32768_c4_keepalive_ms,6.373910
latency,0,216,http1_rust_nodelay_production_req4096_resp32768_c4_keepalive_ms,1.420012
latency,0,217,http1_rust_nodelay_production_req4096_resp32768_c4_keepalive_ms,0.157432
latency,0,218,http1_rust_nodelay_production_req4096_resp32768_c4_keepalive_ms,0.131522
latency,0,219,http1_rust_nodelay_production_req4096_resp32768_c4_keepalive_ms,0.137292
latency,0,220,http1_rust_nodelay_production_req4096_resp32768_c4_keepalive_ms,0.133472
latency,0,221,http1_rust_nodelay_production_req4096_resp32768_c4_keepalive_ms,0.131182
latency,0,222,http1_rust_nodelay_production_req4096_resp32768_c4_keepalive_ms,0.130222
latency,0,223,http1_rust_nodelay_production_req4096_resp32768_c4_keepalive_ms,0.129033
latency,0,224,http1_rust_nodelay_production_req4096_resp32768_c4_keepalive_ms,0.128882
latency,0,225,http1_rust_nodelay_production_req4096_resp32768_c4_keepalive_ms,0.129072
latency,0,226,http1_rust_nodelay_production_req4096_resp32768_c4_keepalive_ms,0.129082
latency,0,227,http1_rust_nodelay_production_req4096_resp32768_c4_keepalive_ms,0.137772
latency,0,228,http1_rust_nodelay_production_req4096_resp32768_c4_keepalive_ms,0.135892
latency,0,229,http1_rust_nodelay_production_req4096_resp32768_c4_keepalive_ms,0.128722
latency,0,230,http1_rust_nodelay_production_req4096_resp32768_c4_keepalive_ms,0.128892
latency,0,231,http1_rust_nodelay_production_req4096_resp32768_c4_keepalive_ms,0.129392
latency,0,232,http1_rust_nodelay_production_req4096_resp32768_c4_keepalive_ms,0.129112
latency,0,233,http1_rust_nodelay_production_req4096_resp32768_c4_keepalive_ms,0.128732
latency,0,234,http1_rust_nodelay_production_req4096_resp32768_c4_keepalive_ms,0.136342
latency,0,235,http1_rust_nodelay_production_req4096_resp32768_c4_keepalive_ms,0.143232
latency,0,236,http1_rust_nodelay_production_req4096_resp32768_c4_keepalive_ms,0.129622
latency,0,237,http1_rust_nodelay_production_req4096_resp32768_c4_keepalive_ms,0.128623
latency,0,238,http1_rust_nodelay_production_req4096_resp32768_c4_keepalive_ms,0.128242
latency,0,239,http1_rust_nodelay_production_req4096_resp32768_c4_keepalive_ms,0.128462
trial,0,320,http1_rust_nodelay_production_req4096_resp32768_c4_median_ms,0.131212
trial,0,320,http1_rust_nodelay_production_req4096_resp32768_c4_p95_ms,0.399256
trial,0,320,http1_rust_nodelay_production_req4096_resp32768_c4_requests_per_second,7511.415
trial,0,320,http1_rust_nodelay_production_req4096_resp32768_c4_wall_ms,42.602
trial,0,320,http1_rust_nodelay_production_req4096_resp32768_c4_mib_per_second,264.073
trial,0,320,http1_rust_nodelay_production_req4096_resp32768_c4_process_cpu_us,42615
latency,1,80,http1_rust_nodelay_production_req4096_resp32768_c4_keepalive_ms,0.471477
latency,1,81,http1_rust_nodelay_production_req4096_resp32768_c4_keepalive_ms,0.507178
latency,1,82,http1_rust_nodelay_production_req4096_resp32768_c4_keepalive_ms,0.523458
latency,1,83,http1_rust_nodelay_production_req4096_resp32768_c4_keepalive_ms,0.481437
latency,1,84,http1_rust_nodelay_production_req4096_resp32768_c4_keepalive_ms,0.481838
latency,1,85,http1_rust_nodelay_production_req4096_resp32768_c4_keepalive_ms,0.477147
latency,1,86,http1_rust_nodelay_production_req4096_resp32768_c4_keepalive_ms,0.472438
latency,1,87,http1_rust_nodelay_production_req4096_resp32768_c4_keepalive_ms,0.420006
latency,1,88,http1_rust_nodelay_production_req4096_resp32768_c4_keepalive_ms,0.381146
latency,1,89,http1_rust_nodelay_production_req4096_resp32768_c4_keepalive_ms,0.290625
latency,1,90,http1_rust_nodelay_production_req4096_resp32768_c4_keepalive_ms,0.237594
latency,1,91,http1_rust_nodelay_production_req4096_resp32768_c4_keepalive_ms,0.233813
latency,1,92,http1_rust_nodelay_production_req4096_resp32768_c4_keepalive_ms,0.232844
latency,1,93,http1_rust_nodelay_production_req4096_resp32768_c4_keepalive_ms,0.234824
latency,1,94,http1_rust_nodelay_production_req4096_resp32768_c4_keepalive_ms,0.146452
latency,1,95,http1_rust_nodelay_production_req4096_resp32768_c4_keepalive_ms,0.125772
latency,1,96,http1_rust_nodelay_production_req4096_resp32768_c4_keepalive_ms,0.125972
latency,1,97,http1_rust_nodelay_production_req4096_resp32768_c4_keepalive_ms,0.124882
latency,1,98,http1_rust_nodelay_production_req4096_resp32768_c4_keepalive_ms,0.124662
latency,1,99,http1_rust_nodelay_production_req4096_resp32768_c4_keepalive_ms,0.128922
latency,1,100,http1_rust_nodelay_production_req4096_resp32768_c4_keepalive_ms,0.129412
latency,1,101,http1_rust_nodelay_production_req4096_resp32768_c4_keepalive_ms,0.129312
latency,1,102,http1_rust_nodelay_production_req4096_resp32768_c4_keepalive_ms,0.127172
latency,1,103,http1_rust_nodelay_production_req4096_resp32768_c4_keepalive_ms,0.129452
latency,1,104,http1_rust_nodelay_production_req4096_resp32768_c4_keepalive_ms,0.124542
latency,1,105,http1_rust_nodelay_production_req4096_resp32768_c4_keepalive_ms,0.126972
latency,1,106,http1_rust_nodelay_production_req4096_resp32768_c4_keepalive_ms,0.125172
latency,1,107,http1_rust_nodelay_production_req4096_resp32768_c4_keepalive_ms,0.125822
latency,1,108,http1_rust_nodelay_production_req4096_resp32768_c4_keepalive_ms,0.124661
latency,1,109,http1_rust_nodelay_production_req4096_resp32768_c4_keepalive_ms,0.131383
latency,1,110,http1_rust_nodelay_production_req4096_resp32768_c4_keepalive_ms,0.126512
latency,1,111,http1_rust_nodelay_production_req4096_resp32768_c4_keepalive_ms,0.124871
latency,1,112,http1_rust_nodelay_production_req4096_resp32768_c4_keepalive_ms,0.124132
latency,1,113,http1_rust_nodelay_production_req4096_resp32768_c4_keepalive_ms,0.124432
latency,1,114,http1_rust_nodelay_production_req4096_resp32768_c4_keepalive_ms,0.125122
latency,1,115,http1_rust_nodelay_production_req4096_resp32768_c4_keepalive_ms,0.124502
latency,1,116,http1_rust_nodelay_production_req4096_resp32768_c4_keepalive_ms,0.124152
latency,1,117,http1_rust_nodelay_production_req4096_resp32768_c4_keepalive_ms,3.273511
latency,1,118,http1_rust_nodelay_production_req4096_resp32768_c4_keepalive_ms,0.390676
latency,1,119,http1_rust_nodelay_production_req4096_resp32768_c4_keepalive_ms,0.290865
latency,1,120,http1_rust_nodelay_production_req4096_resp32768_c4_keepalive_ms,0.394546
latency,1,121,http1_rust_nodelay_production_req4096_resp32768_c4_keepalive_ms,0.309355
latency,1,122,http1_rust_nodelay_production_req4096_resp32768_c4_keepalive_ms,0.378486
latency,1,123,http1_rust_nodelay_production_req4096_resp32768_c4_keepalive_ms,0.390996
latency,1,124,http1_rust_nodelay_production_req4096_resp32768_c4_keepalive_ms,0.306345
latency,1,125,http1_rust_nodelay_production_req4096_resp32768_c4_keepalive_ms,0.380806
latency,1,126,http1_rust_nodelay_production_req4096_resp32768_c4_keepalive_ms,0.273664
latency,1,127,http1_rust_nodelay_production_req4096_resp32768_c4_keepalive_ms,0.252744
latency,1,128,http1_rust_nodelay_production_req4096_resp32768_c4_keepalive_ms,0.250434
latency,1,129,http1_rust_nodelay_production_req4096_resp32768_c4_keepalive_ms,0.257134
latency,1,130,http1_rust_nodelay_production_req4096_resp32768_c4_keepalive_ms,0.273344
latency,1,131,http1_rust_nodelay_production_req4096_resp32768_c4_keepalive_ms,0.246354
latency,1,132,http1_rust_nodelay_production_req4096_resp32768_c4_keepalive_ms,0.246384
latency,1,133,http1_rust_nodelay_production_req4096_resp32768_c4_keepalive_ms,0.251924
latency,1,134,http1_rust_nodelay_production_req4096_resp32768_c4_keepalive_ms,0.247664
latency,1,135,http1_rust_nodelay_production_req4096_resp32768_c4_keepalive_ms,0.236843
latency,1,136,http1_rust_nodelay_production_req4096_resp32768_c4_keepalive_ms,0.249864
latency,1,137,http1_rust_nodelay_production_req4096_resp32768_c4_keepalive_ms,0.247544
latency,1,138,http1_rust_nodelay_production_req4096_resp32768_c4_keepalive_ms,0.129882
latency,1,139,http1_rust_nodelay_production_req4096_resp32768_c4_keepalive_ms,0.126042
latency,1,140,http1_rust_nodelay_production_req4096_resp32768_c4_keepalive_ms,0.125962
latency,1,141,http1_rust_nodelay_production_req4096_resp32768_c4_keepalive_ms,0.125852
latency,1,142,http1_rust_nodelay_production_req4096_resp32768_c4_keepalive_ms,0.125862
latency,1,143,http1_rust_nodelay_production_req4096_resp32768_c4_keepalive_ms,0.125362
latency,1,144,http1_rust_nodelay_production_req4096_resp32768_c4_keepalive_ms,0.125192
latency,1,145,http1_rust_nodelay_production_req4096_resp32768_c4_keepalive_ms,0.133162
latency,1,146,http1_rust_nodelay_production_req4096_resp32768_c4_keepalive_ms,0.129272
latency,1,147,http1_rust_nodelay_production_req4096_resp32768_c4_keepalive_ms,0.127922
latency,1,148,http1_rust_nodelay_production_req4096_resp32768_c4_keepalive_ms,0.125822
latency,1,149,http1_rust_nodelay_production_req4096_resp32768_c4_keepalive_ms,0.125042
latency,1,150,http1_rust_nodelay_production_req4096_resp32768_c4_keepalive_ms,0.134202
latency,1,151,http1_rust_nodelay_production_req4096_resp32768_c4_keepalive_ms,0.125432
latency,1,152,http1_rust_nodelay_production_req4096_resp32768_c4_keepalive_ms,0.124762
latency,1,153,http1_rust_nodelay_production_req4096_resp32768_c4_keepalive_ms,0.137582
latency,1,154,http1_rust_nodelay_production_req4096_resp32768_c4_keepalive_ms,0.125992
latency,1,155,http1_rust_nodelay_production_req4096_resp32768_c4_keepalive_ms,0.125702
latency,1,156,http1_rust_nodelay_production_req4096_resp32768_c4_keepalive_ms,0.125012
latency,1,157,http1_rust_nodelay_production_req4096_resp32768_c4_keepalive_ms,0.125412
latency,1,158,http1_rust_nodelay_production_req4096_resp32768_c4_keepalive_ms,0.124982
latency,1,159,http1_rust_nodelay_production_req4096_resp32768_c4_keepalive_ms,0.124772
latency,1,240,http1_rust_nodelay_production_req4096_resp32768_c4_keepalive_ms,0.442677
latency,1,241,http1_rust_nodelay_production_req4096_resp32768_c4_keepalive_ms,0.516108
latency,1,242,http1_rust_nodelay_production_req4096_resp32768_c4_keepalive_ms,0.634040
latency,1,243,http1_rust_nodelay_production_req4096_resp32768_c4_keepalive_ms,0.472278
latency,1,244,http1_rust_nodelay_production_req4096_resp32768_c4_keepalive_ms,0.490047
latency,1,245,http1_rust_nodelay_production_req4096_resp32768_c4_keepalive_ms,0.470548
latency,1,246,http1_rust_nodelay_production_req4096_resp32768_c4_keepalive_ms,0.471437
latency,1,247,http1_rust_nodelay_production_req4096_resp32768_c4_keepalive_ms,0.321805
latency,1,248,http1_rust_nodelay_production_req4096_resp32768_c4_keepalive_ms,0.380676
latency,1,249,http1_rust_nodelay_production_req4096_resp32768_c4_keepalive_ms,4.291257
latency,1,250,http1_rust_nodelay_production_req4096_resp32768_c4_keepalive_ms,0.145682
latency,1,251,http1_rust_nodelay_production_req4096_resp32768_c4_keepalive_ms,0.125132
latency,1,252,http1_rust_nodelay_production_req4096_resp32768_c4_keepalive_ms,0.124702
latency,1,253,http1_rust_nodelay_production_req4096_resp32768_c4_keepalive_ms,0.124062
latency,1,254,http1_rust_nodelay_production_req4096_resp32768_c4_keepalive_ms,0.129392
latency,1,255,http1_rust_nodelay_production_req4096_resp32768_c4_keepalive_ms,0.124472
latency,1,256,http1_rust_nodelay_production_req4096_resp32768_c4_keepalive_ms,0.124362
latency,1,257,http1_rust_nodelay_production_req4096_resp32768_c4_keepalive_ms,0.131242
latency,1,258,http1_rust_nodelay_production_req4096_resp32768_c4_keepalive_ms,0.126362
latency,1,259,http1_rust_nodelay_production_req4096_resp32768_c4_keepalive_ms,0.125022
latency,1,260,http1_rust_nodelay_production_req4096_resp32768_c4_keepalive_ms,0.123812
latency,1,261,http1_rust_nodelay_production_req4096_resp32768_c4_keepalive_ms,0.124582
latency,1,262,http1_rust_nodelay_production_req4096_resp32768_c4_keepalive_ms,0.128462
latency,1,263,http1_rust_nodelay_production_req4096_resp32768_c4_keepalive_ms,0.124522
latency,1,264,http1_rust_nodelay_production_req4096_resp32768_c4_keepalive_ms,0.124452
latency,1,265,http1_rust_nodelay_production_req4096_resp32768_c4_keepalive_ms,0.133302
latency,1,266,http1_rust_nodelay_production_req4096_resp32768_c4_keepalive_ms,0.126502
latency,1,267,http1_rust_nodelay_production_req4096_resp32768_c4_keepalive_ms,0.124992
latency,1,268,http1_rust_nodelay_production_req4096_resp32768_c4_keepalive_ms,0.129352
latency,1,269,http1_rust_nodelay_production_req4096_resp32768_c4_keepalive_ms,0.124772
latency,1,270,http1_rust_nodelay_production_req4096_resp32768_c4_keepalive_ms,0.124432
latency,1,271,http1_rust_nodelay_production_req4096_resp32768_c4_keepalive_ms,0.124342
latency,1,272,http1_rust_nodelay_production_req4096_resp32768_c4_keepalive_ms,0.124842
latency,1,273,http1_rust_nodelay_production_req4096_resp32768_c4_keepalive_ms,8.961060
latency,1,274,http1_rust_nodelay_production_req4096_resp32768_c4_keepalive_ms,0.228533
latency,1,275,http1_rust_nodelay_production_req4096_resp32768_c4_keepalive_ms,0.133223
latency,1,276,http1_rust_nodelay_production_req4096_resp32768_c4_keepalive_ms,0.127681
latency,1,277,http1_rust_nodelay_production_req4096_resp32768_c4_keepalive_ms,0.126692
latency,1,278,http1_rust_nodelay_production_req4096_resp32768_c4_keepalive_ms,0.125922
latency,1,279,http1_rust_nodelay_production_req4096_resp32768_c4_keepalive_ms,0.127142
latency,1,280,http1_rust_nodelay_production_req4096_resp32768_c4_keepalive_ms,0.125462
latency,1,281,http1_rust_nodelay_production_req4096_resp32768_c4_keepalive_ms,0.132272
latency,1,282,http1_rust_nodelay_production_req4096_resp32768_c4_keepalive_ms,0.129992
latency,1,283,http1_rust_nodelay_production_req4096_resp32768_c4_keepalive_ms,0.128022
latency,1,284,http1_rust_nodelay_production_req4096_resp32768_c4_keepalive_ms,0.127522
latency,1,285,http1_rust_nodelay_production_req4096_resp32768_c4_keepalive_ms,0.128612
latency,1,286,http1_rust_nodelay_production_req4096_resp32768_c4_keepalive_ms,0.125562
latency,1,287,http1_rust_nodelay_production_req4096_resp32768_c4_keepalive_ms,0.124842
latency,1,288,http1_rust_nodelay_production_req4096_resp32768_c4_keepalive_ms,0.124192
latency,1,289,http1_rust_nodelay_production_req4096_resp32768_c4_keepalive_ms,0.131492
latency,1,290,http1_rust_nodelay_production_req4096_resp32768_c4_keepalive_ms,0.126732
latency,1,291,http1_rust_nodelay_production_req4096_resp32768_c4_keepalive_ms,0.124912
latency,1,292,http1_rust_nodelay_production_req4096_resp32768_c4_keepalive_ms,0.129022
latency,1,293,http1_rust_nodelay_production_req4096_resp32768_c4_keepalive_ms,0.124472
latency,1,294,http1_rust_nodelay_production_req4096_resp32768_c4_keepalive_ms,0.124342
latency,1,295,http1_rust_nodelay_production_req4096_resp32768_c4_keepalive_ms,0.124622
latency,1,296,http1_rust_nodelay_production_req4096_resp32768_c4_keepalive_ms,0.124982
latency,1,297,http1_rust_nodelay_production_req4096_resp32768_c4_keepalive_ms,7.181542
latency,1,298,http1_rust_nodelay_production_req4096_resp32768_c4_keepalive_ms,0.131702
latency,1,299,http1_rust_nodelay_production_req4096_resp32768_c4_keepalive_ms,0.126522
latency,1,300,http1_rust_nodelay_production_req4096_resp32768_c4_keepalive_ms,0.125742
latency,1,301,http1_rust_nodelay_production_req4096_resp32768_c4_keepalive_ms,0.125862
latency,1,302,http1_rust_nodelay_production_req4096_resp32768_c4_keepalive_ms,0.125712
latency,1,303,http1_rust_nodelay_production_req4096_resp32768_c4_keepalive_ms,0.125022
latency,1,304,http1_rust_nodelay_production_req4096_resp32768_c4_keepalive_ms,0.135682
latency,1,305,http1_rust_nodelay_production_req4096_resp32768_c4_keepalive_ms,0.128342
latency,1,306,http1_rust_nodelay_production_req4096_resp32768_c4_keepalive_ms,0.132742
latency,1,307,http1_rust_nodelay_production_req4096_resp32768_c4_keepalive_ms,0.125082
latency,1,308,http1_rust_nodelay_production_req4096_resp32768_c4_keepalive_ms,0.125442
latency,1,309,http1_rust_nodelay_production_req4096_resp32768_c4_keepalive_ms,0.125062
latency,1,310,http1_rust_nodelay_production_req4096_resp32768_c4_keepalive_ms,0.125022
latency,1,311,http1_rust_nodelay_production_req4096_resp32768_c4_keepalive_ms,0.125782
latency,1,312,http1_rust_nodelay_production_req4096_resp32768_c4_keepalive_ms,0.130382
latency,1,313,http1_rust_nodelay_production_req4096_resp32768_c4_keepalive_ms,0.126692
latency,1,314,http1_rust_nodelay_production_req4096_resp32768_c4_keepalive_ms,0.124682
latency,1,315,http1_rust_nodelay_production_req4096_resp32768_c4_keepalive_ms,0.124982
latency,1,316,http1_rust_nodelay_production_req4096_resp32768_c4_keepalive_ms,0.125122
latency,1,317,http1_rust_nodelay_production_req4096_resp32768_c4_keepalive_ms,0.124742
latency,1,318,http1_rust_nodelay_production_req4096_resp32768_c4_keepalive_ms,0.125362
latency,1,319,http1_rust_nodelay_production_req4096_resp32768_c4_keepalive_ms,0.124922
latency,1,160,http1_rust_nodelay_production_req4096_resp32768_c4_keepalive_ms,0.496657
latency,1,161,http1_rust_nodelay_production_req4096_resp32768_c4_keepalive_ms,0.499078
latency,1,162,http1_rust_nodelay_production_req4096_resp32768_c4_keepalive_ms,0.334086
latency,1,163,http1_rust_nodelay_production_req4096_resp32768_c4_keepalive_ms,0.503937
latency,1,164,http1_rust_nodelay_production_req4096_resp32768_c4_keepalive_ms,0.478368
latency,1,165,http1_rust_nodelay_production_req4096_resp32768_c4_keepalive_ms,0.483167
latency,1,166,http1_rust_nodelay_production_req4096_resp32768_c4_keepalive_ms,0.465397
latency,1,167,http1_rust_nodelay_production_req4096_resp32768_c4_keepalive_ms,0.459368
latency,1,168,http1_rust_nodelay_production_req4096_resp32768_c4_keepalive_ms,0.389986
latency,1,169,http1_rust_nodelay_production_req4096_resp32768_c4_keepalive_ms,0.416966
latency,1,170,http1_rust_nodelay_production_req4096_resp32768_c4_keepalive_ms,0.237124
latency,1,171,http1_rust_nodelay_production_req4096_resp32768_c4_keepalive_ms,0.233604
latency,1,172,http1_rust_nodelay_production_req4096_resp32768_c4_keepalive_ms,0.232963
latency,1,173,http1_rust_nodelay_production_req4096_resp32768_c4_keepalive_ms,6.242818
latency,1,174,http1_rust_nodelay_production_req4096_resp32768_c4_keepalive_ms,0.411436
latency,1,175,http1_rust_nodelay_production_req4096_resp32768_c4_keepalive_ms,0.461977
latency,1,176,http1_rust_nodelay_production_req4096_resp32768_c4_keepalive_ms,0.315585
latency,1,177,http1_rust_nodelay_production_req4096_resp32768_c4_keepalive_ms,0.388066
latency,1,178,http1_rust_nodelay_production_req4096_resp32768_c4_keepalive_ms,0.378536
latency,1,179,http1_rust_nodelay_production_req4096_resp32768_c4_keepalive_ms,0.312875
latency,1,180,http1_rust_nodelay_production_req4096_resp32768_c4_keepalive_ms,0.384136
latency,1,181,http1_rust_nodelay_production_req4096_resp32768_c4_keepalive_ms,13.352839
latency,1,182,http1_rust_nodelay_production_req4096_resp32768_c4_keepalive_ms,0.151392
latency,1,183,http1_rust_nodelay_production_req4096_resp32768_c4_keepalive_ms,0.129272
latency,1,184,http1_rust_nodelay_production_req4096_resp32768_c4_keepalive_ms,0.128752
latency,1,185,http1_rust_nodelay_production_req4096_resp32768_c4_keepalive_ms,0.129773
latency,1,186,http1_rust_nodelay_production_req4096_resp32768_c4_keepalive_ms,0.128192
latency,1,187,http1_rust_nodelay_production_req4096_resp32768_c4_keepalive_ms,0.127582
latency,1,188,http1_rust_nodelay_production_req4096_resp32768_c4_keepalive_ms,0.129042
latency,1,189,http1_rust_nodelay_production_req4096_resp32768_c4_keepalive_ms,0.138522
latency,1,190,http1_rust_nodelay_production_req4096_resp32768_c4_keepalive_ms,0.129012
latency,1,191,http1_rust_nodelay_production_req4096_resp32768_c4_keepalive_ms,0.127802
latency,1,192,http1_rust_nodelay_production_req4096_resp32768_c4_keepalive_ms,0.128072
latency,1,193,http1_rust_nodelay_production_req4096_resp32768_c4_keepalive_ms,0.127252
latency,1,194,http1_rust_nodelay_production_req4096_resp32768_c4_keepalive_ms,0.129802
latency,1,195,http1_rust_nodelay_production_req4096_resp32768_c4_keepalive_ms,0.132322
latency,1,196,http1_rust_nodelay_production_req4096_resp32768_c4_keepalive_ms,0.126692
latency,1,197,http1_rust_nodelay_production_req4096_resp32768_c4_keepalive_ms,0.137072
latency,1,198,http1_rust_nodelay_production_req4096_resp32768_c4_keepalive_ms,0.127812
latency,1,199,http1_rust_nodelay_production_req4096_resp32768_c4_keepalive_ms,0.126552
latency,1,200,http1_rust_nodelay_production_req4096_resp32768_c4_keepalive_ms,0.127712
latency,1,201,http1_rust_nodelay_production_req4096_resp32768_c4_keepalive_ms,0.128002
latency,1,202,http1_rust_nodelay_production_req4096_resp32768_c4_keepalive_ms,0.127712
latency,1,203,http1_rust_nodelay_production_req4096_resp32768_c4_keepalive_ms,0.127622
latency,1,204,http1_rust_nodelay_production_req4096_resp32768_c4_keepalive_ms,0.136122
latency,1,205,http1_rust_nodelay_production_req4096_resp32768_c4_keepalive_ms,3.446474
latency,1,206,http1_rust_nodelay_production_req4096_resp32768_c4_keepalive_ms,0.132272
latency,1,207,http1_rust_nodelay_production_req4096_resp32768_c4_keepalive_ms,0.129022
latency,1,208,http1_rust_nodelay_production_req4096_resp32768_c4_keepalive_ms,0.128302
latency,1,209,http1_rust_nodelay_production_req4096_resp32768_c4_keepalive_ms,0.128322
latency,1,210,http1_rust_nodelay_production_req4096_resp32768_c4_keepalive_ms,0.136002
latency,1,211,http1_rust_nodelay_production_req4096_resp32768_c4_keepalive_ms,0.128372
latency,1,212,http1_rust_nodelay_production_req4096_resp32768_c4_keepalive_ms,0.129062
latency,1,213,http1_rust_nodelay_production_req4096_resp32768_c4_keepalive_ms,0.127772
latency,1,214,http1_rust_nodelay_production_req4096_resp32768_c4_keepalive_ms,0.127712
latency,1,215,http1_rust_nodelay_production_req4096_resp32768_c4_keepalive_ms,0.127812
latency,1,216,http1_rust_nodelay_production_req4096_resp32768_c4_keepalive_ms,0.127272
latency,1,217,http1_rust_nodelay_production_req4096_resp32768_c4_keepalive_ms,0.134452
latency,1,218,http1_rust_nodelay_production_req4096_resp32768_c4_keepalive_ms,0.130742
latency,1,219,http1_rust_nodelay_production_req4096_resp32768_c4_keepalive_ms,0.132032
latency,1,220,http1_rust_nodelay_production_req4096_resp32768_c4_keepalive_ms,0.126512
latency,1,221,http1_rust_nodelay_production_req4096_resp32768_c4_keepalive_ms,0.126982
latency,1,222,http1_rust_nodelay_production_req4096_resp32768_c4_keepalive_ms,0.127382
latency,1,223,http1_rust_nodelay_production_req4096_resp32768_c4_keepalive_ms,0.127042
latency,1,224,http1_rust_nodelay_production_req4096_resp32768_c4_keepalive_ms,0.127042
latency,1,225,http1_rust_nodelay_production_req4096_resp32768_c4_keepalive_ms,0.135102
latency,1,226,http1_rust_nodelay_production_req4096_resp32768_c4_keepalive_ms,0.129862
latency,1,227,http1_rust_nodelay_production_req4096_resp32768_c4_keepalive_ms,0.127002
latency,1,228,http1_rust_nodelay_production_req4096_resp32768_c4_keepalive_ms,0.127042
latency,1,229,http1_rust_nodelay_production_req4096_resp32768_c4_keepalive_ms,0.131902
latency,1,230,http1_rust_nodelay_production_req4096_resp32768_c4_keepalive_ms,0.126952
latency,1,231,http1_rust_nodelay_production_req4096_resp32768_c4_keepalive_ms,0.126912
latency,1,232,http1_rust_nodelay_production_req4096_resp32768_c4_keepalive_ms,0.126892
latency,1,233,http1_rust_nodelay_production_req4096_resp32768_c4_keepalive_ms,3.150239
latency,1,234,http1_rust_nodelay_production_req4096_resp32768_c4_keepalive_ms,0.147083
latency,1,235,http1_rust_nodelay_production_req4096_resp32768_c4_keepalive_ms,0.177673
latency,1,236,http1_rust_nodelay_production_req4096_resp32768_c4_keepalive_ms,0.160502
latency,1,237,http1_rust_nodelay_production_req4096_resp32768_c4_keepalive_ms,0.144822
latency,1,238,http1_rust_nodelay_production_req4096_resp32768_c4_keepalive_ms,0.144023
latency,1,239,http1_rust_nodelay_production_req4096_resp32768_c4_keepalive_ms,0.186073
latency,1,0,http1_rust_nodelay_production_req4096_resp32768_c4_keepalive_ms,0.519938
latency,1,1,http1_rust_nodelay_production_req4096_resp32768_c4_keepalive_ms,0.499148
latency,1,2,http1_rust_nodelay_production_req4096_resp32768_c4_keepalive_ms,0.331635
latency,1,3,http1_rust_nodelay_production_req4096_resp32768_c4_keepalive_ms,0.503678
latency,1,4,http1_rust_nodelay_production_req4096_resp32768_c4_keepalive_ms,0.477847
latency,1,5,http1_rust_nodelay_production_req4096_resp32768_c4_keepalive_ms,0.482518
latency,1,6,http1_rust_nodelay_production_req4096_resp32768_c4_keepalive_ms,0.465597
latency,1,7,http1_rust_nodelay_production_req4096_resp32768_c4_keepalive_ms,8.522803
latency,1,8,http1_rust_nodelay_production_req4096_resp32768_c4_keepalive_ms,0.438067
latency,1,9,http1_rust_nodelay_production_req4096_resp32768_c4_keepalive_ms,0.298875
latency,1,10,http1_rust_nodelay_production_req4096_resp32768_c4_keepalive_ms,0.395526
latency,1,11,http1_rust_nodelay_production_req4096_resp32768_c4_keepalive_ms,0.387686
latency,1,12,http1_rust_nodelay_production_req4096_resp32768_c4_keepalive_ms,0.296325
latency,1,13,http1_rust_nodelay_production_req4096_resp32768_c4_keepalive_ms,0.392186
latency,1,14,http1_rust_nodelay_production_req4096_resp32768_c4_keepalive_ms,0.388776
latency,1,15,http1_rust_nodelay_production_req4096_resp32768_c4_keepalive_ms,0.282014
latency,1,16,http1_rust_nodelay_production_req4096_resp32768_c4_keepalive_ms,0.253084
latency,1,17,http1_rust_nodelay_production_req4096_resp32768_c4_keepalive_ms,0.251864
latency,1,18,http1_rust_nodelay_production_req4096_resp32768_c4_keepalive_ms,0.249144
latency,1,19,http1_rust_nodelay_production_req4096_resp32768_c4_keepalive_ms,0.259234
latency,1,20,http1_rust_nodelay_production_req4096_resp32768_c4_keepalive_ms,0.189503
latency,1,21,http1_rust_nodelay_production_req4096_resp32768_c4_keepalive_ms,0.247204
latency,1,22,http1_rust_nodelay_production_req4096_resp32768_c4_keepalive_ms,0.245433
latency,1,23,http1_rust_nodelay_production_req4096_resp32768_c4_keepalive_ms,0.253284
latency,1,24,http1_rust_nodelay_production_req4096_resp32768_c4_keepalive_ms,0.313335
latency,1,25,http1_rust_nodelay_production_req4096_resp32768_c4_keepalive_ms,0.252364
latency,1,26,http1_rust_nodelay_production_req4096_resp32768_c4_keepalive_ms,6.566783
latency,1,27,http1_rust_nodelay_production_req4096_resp32768_c4_keepalive_ms,0.144122
latency,1,28,http1_rust_nodelay_production_req4096_resp32768_c4_keepalive_ms,0.131442
latency,1,29,http1_rust_nodelay_production_req4096_resp32768_c4_keepalive_ms,0.130603
latency,1,30,http1_rust_nodelay_production_req4096_resp32768_c4_keepalive_ms,0.130032
latency,1,31,http1_rust_nodelay_production_req4096_resp32768_c4_keepalive_ms,0.129202
latency,1,32,http1_rust_nodelay_production_req4096_resp32768_c4_keepalive_ms,0.140072
latency,1,33,http1_rust_nodelay_production_req4096_resp32768_c4_keepalive_ms,0.129792
latency,1,34,http1_rust_nodelay_production_req4096_resp32768_c4_keepalive_ms,0.129362
latency,1,35,http1_rust_nodelay_production_req4096_resp32768_c4_keepalive_ms,0.129082
latency,1,36,http1_rust_nodelay_production_req4096_resp32768_c4_keepalive_ms,0.130612
latency,1,37,http1_rust_nodelay_production_req4096_resp32768_c4_keepalive_ms,0.129192
latency,1,38,http1_rust_nodelay_production_req4096_resp32768_c4_keepalive_ms,0.128742
latency,1,39,http1_rust_nodelay_production_req4096_resp32768_c4_keepalive_ms,0.134922
latency,1,40,http1_rust_nodelay_production_req4096_resp32768_c4_keepalive_ms,0.130722
latency,1,41,http1_rust_nodelay_production_req4096_resp32768_c4_keepalive_ms,0.129982
latency,1,42,http1_rust_nodelay_production_req4096_resp32768_c4_keepalive_ms,0.128792
latency,1,43,http1_rust_nodelay_production_req4096_resp32768_c4_keepalive_ms,0.131892
latency,1,44,http1_rust_nodelay_production_req4096_resp32768_c4_keepalive_ms,0.127862
latency,1,45,http1_rust_nodelay_production_req4096_resp32768_c4_keepalive_ms,0.126562
latency,1,46,http1_rust_nodelay_production_req4096_resp32768_c4_keepalive_ms,0.126292
latency,1,47,http1_rust_nodelay_production_req4096_resp32768_c4_keepalive_ms,0.133622
latency,1,48,http1_rust_nodelay_production_req4096_resp32768_c4_keepalive_ms,0.127822
latency,1,49,http1_rust_nodelay_production_req4096_resp32768_c4_keepalive_ms,0.126592
latency,1,50,http1_rust_nodelay_production_req4096_resp32768_c4_keepalive_ms,0.135512
latency,1,51,http1_rust_nodelay_production_req4096_resp32768_c4_keepalive_ms,0.127202
latency,1,52,http1_rust_nodelay_production_req4096_resp32768_c4_keepalive_ms,0.126472
latency,1,53,http1_rust_nodelay_production_req4096_resp32768_c4_keepalive_ms,0.126492
latency,1,54,http1_rust_nodelay_production_req4096_resp32768_c4_keepalive_ms,0.126812
latency,1,55,http1_rust_nodelay_production_req4096_resp32768_c4_keepalive_ms,10.128158
latency,1,56,http1_rust_nodelay_production_req4096_resp32768_c4_keepalive_ms,0.133203
latency,1,57,http1_rust_nodelay_production_req4096_resp32768_c4_keepalive_ms,0.129272
latency,1,58,http1_rust_nodelay_production_req4096_resp32768_c4_keepalive_ms,0.128272
latency,1,59,http1_rust_nodelay_production_req4096_resp32768_c4_keepalive_ms,0.133412
latency,1,60,http1_rust_nodelay_production_req4096_resp32768_c4_keepalive_ms,0.126532
latency,1,61,http1_rust_nodelay_production_req4096_resp32768_c4_keepalive_ms,0.127622
latency,1,62,http1_rust_nodelay_production_req4096_resp32768_c4_keepalive_ms,0.132252
latency,1,63,http1_rust_nodelay_production_req4096_resp32768_c4_keepalive_ms,0.129752
latency,1,64,http1_rust_nodelay_production_req4096_resp32768_c4_keepalive_ms,0.130382
latency,1,65,http1_rust_nodelay_production_req4096_resp32768_c4_keepalive_ms,0.127082
latency,1,66,http1_rust_nodelay_production_req4096_resp32768_c4_keepalive_ms,0.127842
latency,1,67,http1_rust_nodelay_production_req4096_resp32768_c4_keepalive_ms,0.126852
latency,1,68,http1_rust_nodelay_production_req4096_resp32768_c4_keepalive_ms,0.126942
latency,1,69,http1_rust_nodelay_production_req4096_resp32768_c4_keepalive_ms,0.131612
latency,1,70,http1_rust_nodelay_production_req4096_resp32768_c4_keepalive_ms,0.132282
latency,1,71,http1_rust_nodelay_production_req4096_resp32768_c4_keepalive_ms,0.128002
latency,1,72,http1_rust_nodelay_production_req4096_resp32768_c4_keepalive_ms,0.125712
latency,1,73,http1_rust_nodelay_production_req4096_resp32768_c4_keepalive_ms,0.133862
latency,1,74,http1_rust_nodelay_production_req4096_resp32768_c4_keepalive_ms,0.134442
latency,1,75,http1_rust_nodelay_production_req4096_resp32768_c4_keepalive_ms,0.126882
latency,1,76,http1_rust_nodelay_production_req4096_resp32768_c4_keepalive_ms,0.125932
latency,1,77,http1_rust_nodelay_production_req4096_resp32768_c4_keepalive_ms,0.126452
latency,1,78,http1_rust_nodelay_production_req4096_resp32768_c4_keepalive_ms,1.705347
latency,1,79,http1_rust_nodelay_production_req4096_resp32768_c4_keepalive_ms,0.207393
trial,1,320,http1_rust_nodelay_production_req4096_resp32768_c4_median_ms,0.129773
trial,1,320,http1_rust_nodelay_production_req4096_resp32768_c4_p95_ms,0.507178
trial,1,320,http1_rust_nodelay_production_req4096_resp32768_c4_requests_per_second,7501.989
trial,1,320,http1_rust_nodelay_production_req4096_resp32768_c4_wall_ms,42.655
trial,1,320,http1_rust_nodelay_production_req4096_resp32768_c4_mib_per_second,263.742
trial,1,320,http1_rust_nodelay_production_req4096_resp32768_c4_process_cpu_us,42685
latency,2,80,http1_rust_nodelay_production_req4096_resp32768_c4_keepalive_ms,0.458417
latency,2,81,http1_rust_nodelay_production_req4096_resp32768_c4_keepalive_ms,0.440427
latency,2,82,http1_rust_nodelay_production_req4096_resp32768_c4_keepalive_ms,0.358535
latency,2,83,http1_rust_nodelay_production_req4096_resp32768_c4_keepalive_ms,0.462808
latency,2,84,http1_rust_nodelay_production_req4096_resp32768_c4_keepalive_ms,0.480547
latency,2,85,http1_rust_nodelay_production_req4096_resp32768_c4_keepalive_ms,0.480448
latency,2,86,http1_rust_nodelay_production_req4096_resp32768_c4_keepalive_ms,0.537898
latency,2,87,http1_rust_nodelay_production_req4096_resp32768_c4_keepalive_ms,0.380466
latency,2,88,http1_rust_nodelay_production_req4096_resp32768_c4_keepalive_ms,0.381056
latency,2,89,http1_rust_nodelay_production_req4096_resp32768_c4_keepalive_ms,0.399696
latency,2,90,http1_rust_nodelay_production_req4096_resp32768_c4_keepalive_ms,0.386786
latency,2,91,http1_rust_nodelay_production_req4096_resp32768_c4_keepalive_ms,0.327866
latency,2,92,http1_rust_nodelay_production_req4096_resp32768_c4_keepalive_ms,0.267954
latency,2,93,http1_rust_nodelay_production_req4096_resp32768_c4_keepalive_ms,0.245063
latency,2,94,http1_rust_nodelay_production_req4096_resp32768_c4_keepalive_ms,0.244184
latency,2,95,http1_rust_nodelay_production_req4096_resp32768_c4_keepalive_ms,0.258014
latency,2,96,http1_rust_nodelay_production_req4096_resp32768_c4_keepalive_ms,0.246254
latency,2,97,http1_rust_nodelay_production_req4096_resp32768_c4_keepalive_ms,0.244864
latency,2,98,http1_rust_nodelay_production_req4096_resp32768_c4_keepalive_ms,0.233363
latency,2,99,http1_rust_nodelay_production_req4096_resp32768_c4_keepalive_ms,0.246564
latency,2,100,http1_rust_nodelay_production_req4096_resp32768_c4_keepalive_ms,0.236134
latency,2,101,http1_rust_nodelay_production_req4096_resp32768_c4_keepalive_ms,0.237614
latency,2,102,http1_rust_nodelay_production_req4096_resp32768_c4_keepalive_ms,0.235504
latency,2,103,http1_rust_nodelay_production_req4096_resp32768_c4_keepalive_ms,0.220813
latency,2,104,http1_rust_nodelay_production_req4096_resp32768_c4_keepalive_ms,0.136062
latency,2,105,http1_rust_nodelay_production_req4096_resp32768_c4_keepalive_ms,0.131272
latency,2,106,http1_rust_nodelay_production_req4096_resp32768_c4_keepalive_ms,0.126962
latency,2,107,http1_rust_nodelay_production_req4096_resp32768_c4_keepalive_ms,0.126782
latency,2,108,http1_rust_nodelay_production_req4096_resp32768_c4_keepalive_ms,0.126612
latency,2,109,http1_rust_nodelay_production_req4096_resp32768_c4_keepalive_ms,0.125302
latency,2,110,http1_rust_nodelay_production_req4096_resp32768_c4_keepalive_ms,0.125152
latency,2,111,http1_rust_nodelay_production_req4096_resp32768_c4_keepalive_ms,0.132512
latency,2,112,http1_rust_nodelay_production_req4096_resp32768_c4_keepalive_ms,0.130892
latency,2,113,http1_rust_nodelay_production_req4096_resp32768_c4_keepalive_ms,0.125852
latency,2,114,http1_rust_nodelay_production_req4096_resp32768_c4_keepalive_ms,0.125242
latency,2,115,http1_rust_nodelay_production_req4096_resp32768_c4_keepalive_ms,0.125542
latency,2,116,http1_rust_nodelay_production_req4096_resp32768_c4_keepalive_ms,0.124882
latency,2,117,http1_rust_nodelay_production_req4096_resp32768_c4_keepalive_ms,0.125302
latency,2,118,http1_rust_nodelay_production_req4096_resp32768_c4_keepalive_ms,0.125522
latency,2,119,http1_rust_nodelay_production_req4096_resp32768_c4_keepalive_ms,0.134232
latency,2,120,http1_rust_nodelay_production_req4096_resp32768_c4_keepalive_ms,0.126752
latency,2,121,http1_rust_nodelay_production_req4096_resp32768_c4_keepalive_ms,0.125712
latency,2,122,http1_rust_nodelay_production_req4096_resp32768_c4_keepalive_ms,0.125812
latency,2,123,http1_rust_nodelay_production_req4096_resp32768_c4_keepalive_ms,0.125132
latency,2,124,http1_rust_nodelay_production_req4096_resp32768_c4_keepalive_ms,0.124362
latency,2,125,http1_rust_nodelay_production_req4096_resp32768_c4_keepalive_ms,0.129712
latency,2,126,http1_rust_nodelay_production_req4096_resp32768_c4_keepalive_ms,0.124472
latency,2,127,http1_rust_nodelay_production_req4096_resp32768_c4_keepalive_ms,9.133962
latency,2,128,http1_rust_nodelay_production_req4096_resp32768_c4_keepalive_ms,0.127282
latency,2,129,http1_rust_nodelay_production_req4096_resp32768_c4_keepalive_ms,0.125402
latency,2,130,http1_rust_nodelay_production_req4096_resp32768_c4_keepalive_ms,0.126682
latency,2,131,http1_rust_nodelay_production_req4096_resp32768_c4_keepalive_ms,0.125052
latency,2,132,http1_rust_nodelay_production_req4096_resp32768_c4_keepalive_ms,0.126182
latency,2,133,http1_rust_nodelay_production_req4096_resp32768_c4_keepalive_ms,0.125872
latency,2,134,http1_rust_nodelay_production_req4096_resp32768_c4_keepalive_ms,0.125042
latency,2,135,http1_rust_nodelay_production_req4096_resp32768_c4_keepalive_ms,0.133092
latency,2,136,http1_rust_nodelay_production_req4096_resp32768_c4_keepalive_ms,0.125552
latency,2,137,http1_rust_nodelay_production_req4096_resp32768_c4_keepalive_ms,0.125702
latency,2,138,http1_rust_nodelay_production_req4096_resp32768_c4_keepalive_ms,0.124912
latency,2,139,http1_rust_nodelay_production_req4096_resp32768_c4_keepalive_ms,0.125992
latency,2,140,http1_rust_nodelay_production_req4096_resp32768_c4_keepalive_ms,0.125362
latency,2,141,http1_rust_nodelay_production_req4096_resp32768_c4_keepalive_ms,0.125502
latency,2,142,http1_rust_nodelay_production_req4096_resp32768_c4_keepalive_ms,0.124482
latency,2,143,http1_rust_nodelay_production_req4096_resp32768_c4_keepalive_ms,0.137662
latency,2,144,http1_rust_nodelay_production_req4096_resp32768_c4_keepalive_ms,0.125512
latency,2,145,http1_rust_nodelay_production_req4096_resp32768_c4_keepalive_ms,0.125902
latency,2,146,http1_rust_nodelay_production_req4096_resp32768_c4_keepalive_ms,0.124742
latency,2,147,http1_rust_nodelay_production_req4096_resp32768_c4_keepalive_ms,0.125252
latency,2,148,http1_rust_nodelay_production_req4096_resp32768_c4_keepalive_ms,0.124482
latency,2,149,http1_rust_nodelay_production_req4096_resp32768_c4_keepalive_ms,0.124892
latency,2,150,http1_rust_nodelay_production_req4096_resp32768_c4_keepalive_ms,9.136673
latency,2,151,http1_rust_nodelay_production_req4096_resp32768_c4_keepalive_ms,0.219133
latency,2,152,http1_rust_nodelay_production_req4096_resp32768_c4_keepalive_ms,0.128082
latency,2,153,http1_rust_nodelay_production_req4096_resp32768_c4_keepalive_ms,0.126192
latency,2,154,http1_rust_nodelay_production_req4096_resp32768_c4_keepalive_ms,0.125602
latency,2,155,http1_rust_nodelay_production_req4096_resp32768_c4_keepalive_ms,0.125912
latency,2,156,http1_rust_nodelay_production_req4096_resp32768_c4_keepalive_ms,0.126002
latency,2,157,http1_rust_nodelay_production_req4096_resp32768_c4_keepalive_ms,0.125672
latency,2,158,http1_rust_nodelay_production_req4096_resp32768_c4_keepalive_ms,0.132962
latency,2,159,http1_rust_nodelay_production_req4096_resp32768_c4_keepalive_ms,0.126722
latency,2,240,http1_rust_nodelay_production_req4096_resp32768_c4_keepalive_ms,0.409756
latency,2,241,http1_rust_nodelay_production_req4096_resp32768_c4_keepalive_ms,0.441217
latency,2,242,http1_rust_nodelay_production_req4096_resp32768_c4_keepalive_ms,0.456237
latency,2,243,http1_rust_nodelay_production_req4096_resp32768_c4_keepalive_ms,0.462567
latency,2,244,http1_rust_nodelay_production_req4096_resp32768_c4_keepalive_ms,0.480597
latency,2,245,http1_rust_nodelay_production_req4096_resp32768_c4_keepalive_ms,0.479888
latency,2,246,http1_rust_nodelay_production_req4096_resp32768_c4_keepalive_ms,8.325850
latency,2,247,http1_rust_nodelay_production_req4096_resp32768_c4_keepalive_ms,0.134152
latency,2,248,http1_rust_nodelay_production_req4096_resp32768_c4_keepalive_ms,0.129182
latency,2,249,http1_rust_nodelay_production_req4096_resp32768_c4_keepalive_ms,0.131472
latency,2,250,http1_rust_nodelay_production_req4096_resp32768_c4_keepalive_ms,0.127892
latency,2,251,http1_rust_nodelay_production_req4096_resp32768_c4_keepalive_ms,0.127952
latency,2,252,http1_rust_nodelay_production_req4096_resp32768_c4_keepalive_ms,0.127562
latency,2,253,http1_rust_nodelay_production_req4096_resp32768_c4_keepalive_ms,0.127082
latency,2,254,http1_rust_nodelay_production_req4096_resp32768_c4_keepalive_ms,0.138912
latency,2,255,http1_rust_nodelay_production_req4096_resp32768_c4_keepalive_ms,0.132383
latency,2,256,http1_rust_nodelay_production_req4096_resp32768_c4_keepalive_ms,0.127132
latency,2,257,http1_rust_nodelay_production_req4096_resp32768_c4_keepalive_ms,0.127002
latency,2,258,http1_rust_nodelay_production_req4096_resp32768_c4_keepalive_ms,0.127382
latency,2,259,http1_rust_nodelay_production_req4096_resp32768_c4_keepalive_ms,0.127452
latency,2,260,http1_rust_nodelay_production_req4096_resp32768_c4_keepalive_ms,0.127432
latency,2,261,http1_rust_nodelay_production_req4096_resp32768_c4_keepalive_ms,0.127222
latency,2,262,http1_rust_nodelay_production_req4096_resp32768_c4_keepalive_ms,0.139672
latency,2,263,http1_rust_nodelay_production_req4096_resp32768_c4_keepalive_ms,0.127102
latency,2,264,http1_rust_nodelay_production_req4096_resp32768_c4_keepalive_ms,0.130672
latency,2,265,http1_rust_nodelay_production_req4096_resp32768_c4_keepalive_ms,0.131192
latency,2,266,http1_rust_nodelay_production_req4096_resp32768_c4_keepalive_ms,0.125952
latency,2,267,http1_rust_nodelay_production_req4096_resp32768_c4_keepalive_ms,0.125112
latency,2,268,http1_rust_nodelay_production_req4096_resp32768_c4_keepalive_ms,0.124862
latency,2,269,http1_rust_nodelay_production_req4096_resp32768_c4_keepalive_ms,9.127942
latency,2,270,http1_rust_nodelay_production_req4096_resp32768_c4_keepalive_ms,0.130542
latency,2,271,http1_rust_nodelay_production_req4096_resp32768_c4_keepalive_ms,0.125992
latency,2,272,http1_rust_nodelay_production_req4096_resp32768_c4_keepalive_ms,0.125732
latency,2,273,http1_rust_nodelay_production_req4096_resp32768_c4_keepalive_ms,0.125692
latency,2,274,http1_rust_nodelay_production_req4096_resp32768_c4_keepalive_ms,0.125192
latency,2,275,http1_rust_nodelay_production_req4096_resp32768_c4_keepalive_ms,0.125952
latency,2,276,http1_rust_nodelay_production_req4096_resp32768_c4_keepalive_ms,0.125132
latency,2,277,http1_rust_nodelay_production_req4096_resp32768_c4_keepalive_ms,0.131642
latency,2,278,http1_rust_nodelay_production_req4096_resp32768_c4_keepalive_ms,0.126832
latency,2,279,http1_rust_nodelay_production_req4096_resp32768_c4_keepalive_ms,0.125572
latency,2,280,http1_rust_nodelay_production_req4096_resp32768_c4_keepalive_ms,0.125382
latency,2,281,http1_rust_nodelay_production_req4096_resp32768_c4_keepalive_ms,0.133722
latency,2,282,http1_rust_nodelay_production_req4096_resp32768_c4_keepalive_ms,0.129592
latency,2,283,http1_rust_nodelay_production_req4096_resp32768_c4_keepalive_ms,0.124752
latency,2,284,http1_rust_nodelay_production_req4096_resp32768_c4_keepalive_ms,0.125772
latency,2,285,http1_rust_nodelay_production_req4096_resp32768_c4_keepalive_ms,0.131342
latency,2,286,http1_rust_nodelay_production_req4096_resp32768_c4_keepalive_ms,0.126822
latency,2,287,http1_rust_nodelay_production_req4096_resp32768_c4_keepalive_ms,0.125122
latency,2,288,http1_rust_nodelay_production_req4096_resp32768_c4_keepalive_ms,0.125062
latency,2,289,http1_rust_nodelay_production_req4096_resp32768_c4_keepalive_ms,0.126182
latency,2,290,http1_rust_nodelay_production_req4096_resp32768_c4_keepalive_ms,0.125062
latency,2,291,http1_rust_nodelay_production_req4096_resp32768_c4_keepalive_ms,0.125332
latency,2,292,http1_rust_nodelay_production_req4096_resp32768_c4_keepalive_ms,0.124652
latency,2,293,http1_rust_nodelay_production_req4096_resp32768_c4_keepalive_ms,7.866223
latency,2,294,http1_rust_nodelay_production_req4096_resp32768_c4_keepalive_ms,0.249594
latency,2,295,http1_rust_nodelay_production_req4096_resp32768_c4_keepalive_ms,0.247803
latency,2,296,http1_rust_nodelay_production_req4096_resp32768_c4_keepalive_ms,0.233594
latency,2,297,http1_rust_nodelay_production_req4096_resp32768_c4_keepalive_ms,0.238294
latency,2,298,http1_rust_nodelay_production_req4096_resp32768_c4_keepalive_ms,0.240914
latency,2,299,http1_rust_nodelay_production_req4096_resp32768_c4_keepalive_ms,0.238853
latency,2,300,http1_rust_nodelay_production_req4096_resp32768_c4_keepalive_ms,0.231714
latency,2,301,http1_rust_nodelay_production_req4096_resp32768_c4_keepalive_ms,0.227704
latency,2,302,http1_rust_nodelay_production_req4096_resp32768_c4_keepalive_ms,0.239523
latency,2,303,http1_rust_nodelay_production_req4096_resp32768_c4_keepalive_ms,0.253764
latency,2,304,http1_rust_nodelay_production_req4096_resp32768_c4_keepalive_ms,0.244634
latency,2,305,http1_rust_nodelay_production_req4096_resp32768_c4_keepalive_ms,0.245394
latency,2,306,http1_rust_nodelay_production_req4096_resp32768_c4_keepalive_ms,0.244144
latency,2,307,http1_rust_nodelay_production_req4096_resp32768_c4_keepalive_ms,0.172793
latency,2,308,http1_rust_nodelay_production_req4096_resp32768_c4_keepalive_ms,0.129582
latency,2,309,http1_rust_nodelay_production_req4096_resp32768_c4_keepalive_ms,0.126102
latency,2,310,http1_rust_nodelay_production_req4096_resp32768_c4_keepalive_ms,0.126041
latency,2,311,http1_rust_nodelay_production_req4096_resp32768_c4_keepalive_ms,0.125132
latency,2,312,http1_rust_nodelay_production_req4096_resp32768_c4_keepalive_ms,0.125042
latency,2,313,http1_rust_nodelay_production_req4096_resp32768_c4_keepalive_ms,0.125262
latency,2,314,http1_rust_nodelay_production_req4096_resp32768_c4_keepalive_ms,0.125092
latency,2,315,http1_rust_nodelay_production_req4096_resp32768_c4_keepalive_ms,0.134432
latency,2,316,http1_rust_nodelay_production_req4096_resp32768_c4_keepalive_ms,0.125922
latency,2,317,http1_rust_nodelay_production_req4096_resp32768_c4_keepalive_ms,0.125002
latency,2,318,http1_rust_nodelay_production_req4096_resp32768_c4_keepalive_ms,0.125342
latency,2,319,http1_rust_nodelay_production_req4096_resp32768_c4_keepalive_ms,0.124802
latency,2,0,http1_rust_nodelay_production_req4096_resp32768_c4_keepalive_ms,0.440497
latency,2,1,http1_rust_nodelay_production_req4096_resp32768_c4_keepalive_ms,0.440306
latency,2,2,http1_rust_nodelay_production_req4096_resp32768_c4_keepalive_ms,0.505468
latency,2,3,http1_rust_nodelay_production_req4096_resp32768_c4_keepalive_ms,0.462927
latency,2,4,http1_rust_nodelay_production_req4096_resp32768_c4_keepalive_ms,0.481568
latency,2,5,http1_rust_nodelay_production_req4096_resp32768_c4_keepalive_ms,0.479088
latency,2,6,http1_rust_nodelay_production_req4096_resp32768_c4_keepalive_ms,0.468037
latency,2,7,http1_rust_nodelay_production_req4096_resp32768_c4_keepalive_ms,0.302495
latency,2,8,http1_rust_nodelay_production_req4096_resp32768_c4_keepalive_ms,0.381006
latency,2,9,http1_rust_nodelay_production_req4096_resp32768_c4_keepalive_ms,0.388036
latency,2,10,http1_rust_nodelay_production_req4096_resp32768_c4_keepalive_ms,0.279684
latency,2,11,http1_rust_nodelay_production_req4096_resp32768_c4_keepalive_ms,0.390326
latency,2,12,http1_rust_nodelay_production_req4096_resp32768_c4_keepalive_ms,0.274034
latency,2,13,http1_rust_nodelay_production_req4096_resp32768_c4_keepalive_ms,0.245974
latency,2,14,http1_rust_nodelay_production_req4096_resp32768_c4_keepalive_ms,0.244094
latency,2,15,http1_rust_nodelay_production_req4096_resp32768_c4_keepalive_ms,0.251544
latency,2,16,http1_rust_nodelay_production_req4096_resp32768_c4_keepalive_ms,0.252534
latency,2,17,http1_rust_nodelay_production_req4096_resp32768_c4_keepalive_ms,0.245074
latency,2,18,http1_rust_nodelay_production_req4096_resp32768_c4_keepalive_ms,0.282174
latency,2,19,http1_rust_nodelay_production_req4096_resp32768_c4_keepalive_ms,0.244934
latency,2,20,http1_rust_nodelay_production_req4096_resp32768_c4_keepalive_ms,0.237584
latency,2,21,http1_rust_nodelay_production_req4096_resp32768_c4_keepalive_ms,0.237883
latency,2,22,http1_rust_nodelay_production_req4096_resp32768_c4_keepalive_ms,0.235404
latency,2,23,http1_rust_nodelay_production_req4096_resp32768_c4_keepalive_ms,9.240065
latency,2,24,http1_rust_nodelay_production_req4096_resp32768_c4_keepalive_ms,0.131152
latency,2,25,http1_rust_nodelay_production_req4096_resp32768_c4_keepalive_ms,0.129082
latency,2,26,http1_rust_nodelay_production_req4096_resp32768_c4_keepalive_ms,0.126322
latency,2,27,http1_rust_nodelay_production_req4096_resp32768_c4_keepalive_ms,0.125402
latency,2,28,http1_rust_nodelay_production_req4096_resp32768_c4_keepalive_ms,0.125562
latency,2,29,http1_rust_nodelay_production_req4096_resp32768_c4_keepalive_ms,0.124702
latency,2,30,http1_rust_nodelay_production_req4096_resp32768_c4_keepalive_ms,0.125321
latency,2,31,http1_rust_nodelay_production_req4096_resp32768_c4_keepalive_ms,0.136123
latency,2,32,http1_rust_nodelay_production_req4096_resp32768_c4_keepalive_ms,0.129992
latency,2,33,http1_rust_nodelay_production_req4096_resp32768_c4_keepalive_ms,0.125572
latency,2,34,http1_rust_nodelay_production_req4096_resp32768_c4_keepalive_ms,0.125172
latency,2,35,http1_rust_nodelay_production_req4096_resp32768_c4_keepalive_ms,0.125862
latency,2,36,http1_rust_nodelay_production_req4096_resp32768_c4_keepalive_ms,0.125612
latency,2,37,http1_rust_nodelay_production_req4096_resp32768_c4_keepalive_ms,0.125542
latency,2,38,http1_rust_nodelay_production_req4096_resp32768_c4_keepalive_ms,0.124712
latency,2,39,http1_rust_nodelay_production_req4096_resp32768_c4_keepalive_ms,0.131252
latency,2,40,http1_rust_nodelay_production_req4096_resp32768_c4_keepalive_ms,0.126581
latency,2,41,http1_rust_nodelay_production_req4096_resp32768_c4_keepalive_ms,0.124962
latency,2,42,http1_rust_nodelay_production_req4096_resp32768_c4_keepalive_ms,0.125862
latency,2,43,http1_rust_nodelay_production_req4096_resp32768_c4_keepalive_ms,0.125412
latency,2,44,http1_rust_nodelay_production_req4096_resp32768_c4_keepalive_ms,0.125322
latency,2,45,http1_rust_nodelay_production_req4096_resp32768_c4_keepalive_ms,0.125602
latency,2,46,http1_rust_nodelay_production_req4096_resp32768_c4_keepalive_ms,0.124922
latency,2,47,http1_rust_nodelay_production_req4096_resp32768_c4_keepalive_ms,9.134093
latency,2,48,http1_rust_nodelay_production_req4096_resp32768_c4_keepalive_ms,0.141262
latency,2,49,http1_rust_nodelay_production_req4096_resp32768_c4_keepalive_ms,0.126092
latency,2,50,http1_rust_nodelay_production_req4096_resp32768_c4_keepalive_ms,0.124882
latency,2,51,http1_rust_nodelay_production_req4096_resp32768_c4_keepalive_ms,0.125892
latency,2,52,http1_rust_nodelay_production_req4096_resp32768_c4_keepalive_ms,0.125442
latency,2,53,http1_rust_nodelay_production_req4096_resp32768_c4_keepalive_ms,0.125022
latency,2,54,http1_rust_nodelay_production_req4096_resp32768_c4_keepalive_ms,0.125362
latency,2,55,http1_rust_nodelay_production_req4096_resp32768_c4_keepalive_ms,0.138282
latency,2,56,http1_rust_nodelay_production_req4096_resp32768_c4_keepalive_ms,0.126682
latency,2,57,http1_rust_nodelay_production_req4096_resp32768_c4_keepalive_ms,0.125062
latency,2,58,http1_rust_nodelay_production_req4096_resp32768_c4_keepalive_ms,0.124912
latency,2,59,http1_rust_nodelay_production_req4096_resp32768_c4_keepalive_ms,0.124842
latency,2,60,http1_rust_nodelay_production_req4096_resp32768_c4_keepalive_ms,0.126032
latency,2,61,http1_rust_nodelay_production_req4096_resp32768_c4_keepalive_ms,0.125232
latency,2,62,http1_rust_nodelay_production_req4096_resp32768_c4_keepalive_ms,0.126042
latency,2,63,http1_rust_nodelay_production_req4096_resp32768_c4_keepalive_ms,0.135852
latency,2,64,http1_rust_nodelay_production_req4096_resp32768_c4_keepalive_ms,0.125872
latency,2,65,http1_rust_nodelay_production_req4096_resp32768_c4_keepalive_ms,0.125062
latency,2,66,http1_rust_nodelay_production_req4096_resp32768_c4_keepalive_ms,0.124832
latency,2,67,http1_rust_nodelay_production_req4096_resp32768_c4_keepalive_ms,0.125092
latency,2,68,http1_rust_nodelay_production_req4096_resp32768_c4_keepalive_ms,0.124942
latency,2,69,http1_rust_nodelay_production_req4096_resp32768_c4_keepalive_ms,0.125272
latency,2,70,http1_rust_nodelay_production_req4096_resp32768_c4_keepalive_ms,0.124532
latency,2,71,http1_rust_nodelay_production_req4096_resp32768_c4_keepalive_ms,7.084560
latency,2,72,http1_rust_nodelay_production_req4096_resp32768_c4_keepalive_ms,0.151213
latency,2,73,http1_rust_nodelay_production_req4096_resp32768_c4_keepalive_ms,0.128262
latency,2,74,http1_rust_nodelay_production_req4096_resp32768_c4_keepalive_ms,0.127612
latency,2,75,http1_rust_nodelay_production_req4096_resp32768_c4_keepalive_ms,0.126312
latency,2,76,http1_rust_nodelay_production_req4096_resp32768_c4_keepalive_ms,0.125642
latency,2,77,http1_rust_nodelay_production_req4096_resp32768_c4_keepalive_ms,0.126262
latency,2,78,http1_rust_nodelay_production_req4096_resp32768_c4_keepalive_ms,0.125831
latency,2,79,http1_rust_nodelay_production_req4096_resp32768_c4_keepalive_ms,0.133513
latency,2,160,http1_rust_nodelay_production_req4096_resp32768_c4_keepalive_ms,0.422846
latency,2,161,http1_rust_nodelay_production_req4096_resp32768_c4_keepalive_ms,0.440607
latency,2,162,http1_rust_nodelay_production_req4096_resp32768_c4_keepalive_ms,0.454577
latency,2,163,http1_rust_nodelay_production_req4096_resp32768_c4_keepalive_ms,0.462527
latency,2,164,http1_rust_nodelay_production_req4096_resp32768_c4_keepalive_ms,0.481018
latency,2,165,http1_rust_nodelay_production_req4096_resp32768_c4_keepalive_ms,0.479647
latency,2,166,http1_rust_nodelay_production_req4096_resp32768_c4_keepalive_ms,0.361386
latency,2,167,http1_rust_nodelay_production_req4096_resp32768_c4_keepalive_ms,0.401486
latency,2,168,http1_rust_nodelay_production_req4096_resp32768_c4_keepalive_ms,0.388946
latency,2,169,http1_rust_nodelay_production_req4096_resp32768_c4_keepalive_ms,0.294815
latency,2,170,http1_rust_nodelay_production_req4096_resp32768_c4_keepalive_ms,0.368246
latency,2,171,http1_rust_nodelay_production_req4096_resp32768_c4_keepalive_ms,0.398196
latency,2,172,http1_rust_nodelay_production_req4096_resp32768_c4_keepalive_ms,9.121163
latency,2,173,http1_rust_nodelay_production_req4096_resp32768_c4_keepalive_ms,0.128332
latency,2,174,http1_rust_nodelay_production_req4096_resp32768_c4_keepalive_ms,0.125562
latency,2,175,http1_rust_nodelay_production_req4096_resp32768_c4_keepalive_ms,0.129312
latency,2,176,http1_rust_nodelay_production_req4096_resp32768_c4_keepalive_ms,0.124611
latency,2,177,http1_rust_nodelay_production_req4096_resp32768_c4_keepalive_ms,0.124942
latency,2,178,http1_rust_nodelay_production_req4096_resp32768_c4_keepalive_ms,0.124822
latency,2,179,http1_rust_nodelay_production_req4096_resp32768_c4_keepalive_ms,0.125962
latency,2,180,http1_rust_nodelay_production_req4096_resp32768_c4_keepalive_ms,0.132912
latency,2,181,http1_rust_nodelay_production_req4096_resp32768_c4_keepalive_ms,0.130932
latency,2,182,http1_rust_nodelay_production_req4096_resp32768_c4_keepalive_ms,0.125922
latency,2,183,http1_rust_nodelay_production_req4096_resp32768_c4_keepalive_ms,0.131462
latency,2,184,http1_rust_nodelay_production_req4096_resp32768_c4_keepalive_ms,0.126222
latency,2,185,http1_rust_nodelay_production_req4096_resp32768_c4_keepalive_ms,0.129142
latency,2,186,http1_rust_nodelay_production_req4096_resp32768_c4_keepalive_ms,0.125672
latency,2,187,http1_rust_nodelay_production_req4096_resp32768_c4_keepalive_ms,0.125982
latency,2,188,http1_rust_nodelay_production_req4096_resp32768_c4_keepalive_ms,0.132662
latency,2,189,http1_rust_nodelay_production_req4096_resp32768_c4_keepalive_ms,0.125262
latency,2,190,http1_rust_nodelay_production_req4096_resp32768_c4_keepalive_ms,0.125312
latency,2,191,http1_rust_nodelay_production_req4096_resp32768_c4_keepalive_ms,0.125372
latency,2,192,http1_rust_nodelay_production_req4096_resp32768_c4_keepalive_ms,0.125452
latency,2,193,http1_rust_nodelay_production_req4096_resp32768_c4_keepalive_ms,0.124522
latency,2,194,http1_rust_nodelay_production_req4096_resp32768_c4_keepalive_ms,0.124562
latency,2,195,http1_rust_nodelay_production_req4096_resp32768_c4_keepalive_ms,9.133723
latency,2,196,http1_rust_nodelay_production_req4096_resp32768_c4_keepalive_ms,0.128372
latency,2,197,http1_rust_nodelay_production_req4096_resp32768_c4_keepalive_ms,0.126332
latency,2,198,http1_rust_nodelay_production_req4096_resp32768_c4_keepalive_ms,0.125692
latency,2,199,http1_rust_nodelay_production_req4096_resp32768_c4_keepalive_ms,0.125482
latency,2,200,http1_rust_nodelay_production_req4096_resp32768_c4_keepalive_ms,0.124952
latency,2,201,http1_rust_nodelay_production_req4096_resp32768_c4_keepalive_ms,0.126132
latency,2,202,http1_rust_nodelay_production_req4096_resp32768_c4_keepalive_ms,0.125432
latency,2,203,http1_rust_nodelay_production_req4096_resp32768_c4_keepalive_ms,0.129982
latency,2,204,http1_rust_nodelay_production_req4096_resp32768_c4_keepalive_ms,0.127442
latency,2,205,http1_rust_nodelay_production_req4096_resp32768_c4_keepalive_ms,0.124952
latency,2,206,http1_rust_nodelay_production_req4096_resp32768_c4_keepalive_ms,0.125222
latency,2,207,http1_rust_nodelay_production_req4096_resp32768_c4_keepalive_ms,0.125562
latency,2,208,http1_rust_nodelay_production_req4096_resp32768_c4_keepalive_ms,0.129902
latency,2,209,http1_rust_nodelay_production_req4096_resp32768_c4_keepalive_ms,0.125562
latency,2,210,http1_rust_nodelay_production_req4096_resp32768_c4_keepalive_ms,0.124732
latency,2,211,http1_rust_nodelay_production_req4096_resp32768_c4_keepalive_ms,0.130042
latency,2,212,http1_rust_nodelay_production_req4096_resp32768_c4_keepalive_ms,0.126672
latency,2,213,http1_rust_nodelay_production_req4096_resp32768_c4_keepalive_ms,0.125032
latency,2,214,http1_rust_nodelay_production_req4096_resp32768_c4_keepalive_ms,0.125102
latency,2,215,http1_rust_nodelay_production_req4096_resp32768_c4_keepalive_ms,0.125881
latency,2,216,http1_rust_nodelay_production_req4096_resp32768_c4_keepalive_ms,0.125212
latency,2,217,http1_rust_nodelay_production_req4096_resp32768_c4_keepalive_ms,0.124722
latency,2,218,http1_rust_nodelay_production_req4096_resp32768_c4_keepalive_ms,0.125242
latency,2,219,http1_rust_nodelay_production_req4096_resp32768_c4_keepalive_ms,4.861886
latency,2,220,http1_rust_nodelay_production_req4096_resp32768_c4_keepalive_ms,0.252344
latency,2,221,http1_rust_nodelay_production_req4096_resp32768_c4_keepalive_ms,0.248124
latency,2,222,http1_rust_nodelay_production_req4096_resp32768_c4_keepalive_ms,0.234164
latency,2,223,http1_rust_nodelay_production_req4096_resp32768_c4_keepalive_ms,0.238524
latency,2,224,http1_rust_nodelay_production_req4096_resp32768_c4_keepalive_ms,0.235593
latency,2,225,http1_rust_nodelay_production_req4096_resp32768_c4_keepalive_ms,0.243854
latency,2,226,http1_rust_nodelay_production_req4096_resp32768_c4_keepalive_ms,0.232124
latency,2,227,http1_rust_nodelay_production_req4096_resp32768_c4_keepalive_ms,0.289554
latency,2,228,http1_rust_nodelay_production_req4096_resp32768_c4_keepalive_ms,0.273195
latency,2,229,http1_rust_nodelay_production_req4096_resp32768_c4_keepalive_ms,0.248643
latency,2,230,http1_rust_nodelay_production_req4096_resp32768_c4_keepalive_ms,0.244004
latency,2,231,http1_rust_nodelay_production_req4096_resp32768_c4_keepalive_ms,0.245824
latency,2,232,http1_rust_nodelay_production_req4096_resp32768_c4_keepalive_ms,3.791659
latency,2,233,http1_rust_nodelay_production_req4096_resp32768_c4_keepalive_ms,0.158173
latency,2,234,http1_rust_nodelay_production_req4096_resp32768_c4_keepalive_ms,0.192163
latency,2,235,http1_rust_nodelay_production_req4096_resp32768_c4_keepalive_ms,0.155342
latency,2,236,http1_rust_nodelay_production_req4096_resp32768_c4_keepalive_ms,0.148303
latency,2,237,http1_rust_nodelay_production_req4096_resp32768_c4_keepalive_ms,0.145182
latency,2,238,http1_rust_nodelay_production_req4096_resp32768_c4_keepalive_ms,0.183253
latency,2,239,http1_rust_nodelay_production_req4096_resp32768_c4_keepalive_ms,0.202783
trial,2,320,http1_rust_nodelay_production_req4096_resp32768_c4_median_ms,0.127612
trial,2,320,http1_rust_nodelay_production_req4096_resp32768_c4_p95_ms,0.480597
trial,2,320,http1_rust_nodelay_production_req4096_resp32768_c4_requests_per_second,7604.261
trial,2,320,http1_rust_nodelay_production_req4096_resp32768_c4_wall_ms,42.082
trial,2,320,http1_rust_nodelay_production_req4096_resp32768_c4_mib_per_second,267.337
trial,2,320,http1_rust_nodelay_production_req4096_resp32768_c4_process_cpu_us,42112
latency,3,0,http1_rust_nodelay_production_req4096_resp32768_c4_keepalive_ms,0.360665
latency,3,1,http1_rust_nodelay_production_req4096_resp32768_c4_keepalive_ms,0.306005
latency,3,2,http1_rust_nodelay_production_req4096_resp32768_c4_keepalive_ms,0.370056
latency,3,3,http1_rust_nodelay_production_req4096_resp32768_c4_keepalive_ms,0.368406
latency,3,4,http1_rust_nodelay_production_req4096_resp32768_c4_keepalive_ms,0.302755
latency,3,5,http1_rust_nodelay_production_req4096_resp32768_c4_keepalive_ms,0.367675
latency,3,6,http1_rust_nodelay_production_req4096_resp32768_c4_keepalive_ms,0.362586
latency,3,7,http1_rust_nodelay_production_req4096_resp32768_c4_keepalive_ms,0.309385
latency,3,8,http1_rust_nodelay_production_req4096_resp32768_c4_keepalive_ms,0.359995
latency,3,9,http1_rust_nodelay_production_req4096_resp32768_c4_keepalive_ms,0.354856
latency,3,10,http1_rust_nodelay_production_req4096_resp32768_c4_keepalive_ms,0.314495
latency,3,11,http1_rust_nodelay_production_req4096_resp32768_c4_keepalive_ms,0.390476
latency,3,12,http1_rust_nodelay_production_req4096_resp32768_c4_keepalive_ms,0.384406
latency,3,13,http1_rust_nodelay_production_req4096_resp32768_c4_keepalive_ms,0.308565
latency,3,14,http1_rust_nodelay_production_req4096_resp32768_c4_keepalive_ms,0.393716
latency,3,15,http1_rust_nodelay_production_req4096_resp32768_c4_keepalive_ms,0.382196
latency,3,16,http1_rust_nodelay_production_req4096_resp32768_c4_keepalive_ms,0.235894
latency,3,17,http1_rust_nodelay_production_req4096_resp32768_c4_keepalive_ms,0.245203
latency,3,18,http1_rust_nodelay_production_req4096_resp32768_c4_keepalive_ms,0.280855
latency,3,19,http1_rust_nodelay_production_req4096_resp32768_c4_keepalive_ms,0.241094
latency,3,20,http1_rust_nodelay_production_req4096_resp32768_c4_keepalive_ms,0.233243
latency,3,21,http1_rust_nodelay_production_req4096_resp32768_c4_keepalive_ms,0.232664
latency,3,22,http1_rust_nodelay_production_req4096_resp32768_c4_keepalive_ms,0.225123
latency,3,23,http1_rust_nodelay_production_req4096_resp32768_c4_keepalive_ms,0.216104
latency,3,24,http1_rust_nodelay_production_req4096_resp32768_c4_keepalive_ms,0.258124
latency,3,25,http1_rust_nodelay_production_req4096_resp32768_c4_keepalive_ms,0.249214
latency,3,26,http1_rust_nodelay_production_req4096_resp32768_c4_keepalive_ms,0.244473
latency,3,27,http1_rust_nodelay_production_req4096_resp32768_c4_keepalive_ms,0.243084
latency,3,28,http1_rust_nodelay_production_req4096_resp32768_c4_keepalive_ms,0.181083
latency,3,29,http1_rust_nodelay_production_req4096_resp32768_c4_keepalive_ms,0.131162
latency,3,30,http1_rust_nodelay_production_req4096_resp32768_c4_keepalive_ms,0.125812
latency,3,31,http1_rust_nodelay_production_req4096_resp32768_c4_keepalive_ms,0.126222
latency,3,32,http1_rust_nodelay_production_req4096_resp32768_c4_keepalive_ms,0.125702
latency,3,33,http1_rust_nodelay_production_req4096_resp32768_c4_keepalive_ms,0.125572
latency,3,34,http1_rust_nodelay_production_req4096_resp32768_c4_keepalive_ms,0.125542
latency,3,35,http1_rust_nodelay_production_req4096_resp32768_c4_keepalive_ms,0.132792
latency,3,36,http1_rust_nodelay_production_req4096_resp32768_c4_keepalive_ms,0.127632
latency,3,37,http1_rust_nodelay_production_req4096_resp32768_c4_keepalive_ms,0.124942
latency,3,38,http1_rust_nodelay_production_req4096_resp32768_c4_keepalive_ms,0.126862
latency,3,39,http1_rust_nodelay_production_req4096_resp32768_c4_keepalive_ms,0.127772
latency,3,40,http1_rust_nodelay_production_req4096_resp32768_c4_keepalive_ms,0.127762
latency,3,41,http1_rust_nodelay_production_req4096_resp32768_c4_keepalive_ms,0.127742
latency,3,42,http1_rust_nodelay_production_req4096_resp32768_c4_keepalive_ms,0.125702
latency,3,43,http1_rust_nodelay_production_req4096_resp32768_c4_keepalive_ms,0.134362
latency,3,44,http1_rust_nodelay_production_req4096_resp32768_c4_keepalive_ms,0.126372
latency,3,45,http1_rust_nodelay_production_req4096_resp32768_c4_keepalive_ms,0.125352
latency,3,46,http1_rust_nodelay_production_req4096_resp32768_c4_keepalive_ms,0.124592
latency,3,47,http1_rust_nodelay_production_req4096_resp32768_c4_keepalive_ms,0.124702
latency,3,48,http1_rust_nodelay_production_req4096_resp32768_c4_keepalive_ms,0.126002
latency,3,49,http1_rust_nodelay_production_req4096_resp32768_c4_keepalive_ms,0.124892
latency,3,50,http1_rust_nodelay_production_req4096_resp32768_c4_keepalive_ms,0.124432
latency,3,51,http1_rust_nodelay_production_req4096_resp32768_c4_keepalive_ms,6.136526
latency,3,52,http1_rust_nodelay_production_req4096_resp32768_c4_keepalive_ms,0.128032
latency,3,53,http1_rust_nodelay_production_req4096_resp32768_c4_keepalive_ms,0.126082
latency,3,54,http1_rust_nodelay_production_req4096_resp32768_c4_keepalive_ms,0.126592
latency,3,55,http1_rust_nodelay_production_req4096_resp32768_c4_keepalive_ms,0.130142
latency,3,56,http1_rust_nodelay_production_req4096_resp32768_c4_keepalive_ms,0.126522
latency,3,57,http1_rust_nodelay_production_req4096_resp32768_c4_keepalive_ms,0.125972
latency,3,58,http1_rust_nodelay_production_req4096_resp32768_c4_keepalive_ms,0.125442
latency,3,59,http1_rust_nodelay_production_req4096_resp32768_c4_keepalive_ms,0.134082
latency,3,60,http1_rust_nodelay_production_req4096_resp32768_c4_keepalive_ms,0.126352
latency,3,61,http1_rust_nodelay_production_req4096_resp32768_c4_keepalive_ms,0.130772
latency,3,62,http1_rust_nodelay_production_req4096_resp32768_c4_keepalive_ms,0.130722
latency,3,63,http1_rust_nodelay_production_req4096_resp32768_c4_keepalive_ms,0.125222
latency,3,64,http1_rust_nodelay_production_req4096_resp32768_c4_keepalive_ms,0.124832
latency,3,65,http1_rust_nodelay_production_req4096_resp32768_c4_keepalive_ms,0.125142
latency,3,66,http1_rust_nodelay_production_req4096_resp32768_c4_keepalive_ms,0.129282
latency,3,67,http1_rust_nodelay_production_req4096_resp32768_c4_keepalive_ms,0.128262
latency,3,68,http1_rust_nodelay_production_req4096_resp32768_c4_keepalive_ms,0.124812
latency,3,69,http1_rust_nodelay_production_req4096_resp32768_c4_keepalive_ms,0.125392
latency,3,70,http1_rust_nodelay_production_req4096_resp32768_c4_keepalive_ms,0.125072
latency,3,71,http1_rust_nodelay_production_req4096_resp32768_c4_keepalive_ms,0.125032
latency,3,72,http1_rust_nodelay_production_req4096_resp32768_c4_keepalive_ms,0.125142
latency,3,73,http1_rust_nodelay_production_req4096_resp32768_c4_keepalive_ms,0.125471
latency,3,74,http1_rust_nodelay_production_req4096_resp32768_c4_keepalive_ms,9.134063
latency,3,75,http1_rust_nodelay_production_req4096_resp32768_c4_keepalive_ms,0.162483
latency,3,76,http1_rust_nodelay_production_req4096_resp32768_c4_keepalive_ms,0.128542
latency,3,77,http1_rust_nodelay_production_req4096_resp32768_c4_keepalive_ms,0.128442
latency,3,78,http1_rust_nodelay_production_req4096_resp32768_c4_keepalive_ms,0.128802
latency,3,79,http1_rust_nodelay_production_req4096_resp32768_c4_keepalive_ms,0.127942
latency,3,240,http1_rust_nodelay_production_req4096_resp32768_c4_keepalive_ms,3.891800
latency,3,241,http1_rust_nodelay_production_req4096_resp32768_c4_keepalive_ms,0.380236
latency,3,242,http1_rust_nodelay_production_req4096_resp32768_c4_keepalive_ms,0.391856
latency,3,243,http1_rust_nodelay_production_req4096_resp32768_c4_keepalive_ms,0.315705
latency,3,244,http1_rust_nodelay_production_req4096_resp32768_c4_keepalive_ms,0.380716
latency,3,245,http1_rust_nodelay_production_req4096_resp32768_c4_keepalive_ms,0.346516
latency,3,246,http1_rust_nodelay_production_req4096_resp32768_c4_keepalive_ms,0.244914
latency,3,247,http1_rust_nodelay_production_req4096_resp32768_c4_keepalive_ms,0.250954
latency,3,248,http1_rust_nodelay_production_req4096_resp32768_c4_keepalive_ms,0.184783
latency,3,249,http1_rust_nodelay_production_req4096_resp32768_c4_keepalive_ms,0.239853
latency,3,250,http1_rust_nodelay_production_req4096_resp32768_c4_keepalive_ms,0.234904
latency,3,251,http1_rust_nodelay_production_req4096_resp32768_c4_keepalive_ms,0.232833
latency,3,252,http1_rust_nodelay_production_req4096_resp32768_c4_keepalive_ms,0.287225
latency,3,253,http1_rust_nodelay_production_req4096_resp32768_c4_keepalive_ms,0.253524
latency,3,254,http1_rust_nodelay_production_req4096_resp32768_c4_keepalive_ms,0.251104
latency,3,255,http1_rust_nodelay_production_req4096_resp32768_c4_keepalive_ms,0.246094
latency,3,256,http1_rust_nodelay_production_req4096_resp32768_c4_keepalive_ms,0.245073
latency,3,257,http1_rust_nodelay_production_req4096_resp32768_c4_keepalive_ms,0.252224
latency,3,258,http1_rust_nodelay_production_req4096_resp32768_c4_keepalive_ms,6.091556
latency,3,259,http1_rust_nodelay_production_req4096_resp32768_c4_keepalive_ms,0.126952
latency,3,260,http1_rust_nodelay_production_req4096_resp32768_c4_keepalive_ms,0.125512
latency,3,261,http1_rust_nodelay_production_req4096_resp32768_c4_keepalive_ms,0.125452
latency,3,262,http1_rust_nodelay_production_req4096_resp32768_c4_keepalive_ms,0.125882
latency,3,263,http1_rust_nodelay_production_req4096_resp32768_c4_keepalive_ms,0.126492
latency,3,264,http1_rust_nodelay_production_req4096_resp32768_c4_keepalive_ms,0.125172
latency,3,265,http1_rust_nodelay_production_req4096_resp32768_c4_keepalive_ms,0.135012
latency,3,266,http1_rust_nodelay_production_req4096_resp32768_c4_keepalive_ms,0.128172
latency,3,267,http1_rust_nodelay_production_req4096_resp32768_c4_keepalive_ms,0.126552
latency,3,268,http1_rust_nodelay_production_req4096_resp32768_c4_keepalive_ms,0.125322
latency,3,269,http1_rust_nodelay_production_req4096_resp32768_c4_keepalive_ms,0.125792
latency,3,270,http1_rust_nodelay_production_req4096_resp32768_c4_keepalive_ms,0.126292
latency,3,271,http1_rust_nodelay_production_req4096_resp32768_c4_keepalive_ms,0.130162
latency,3,272,http1_rust_nodelay_production_req4096_resp32768_c4_keepalive_ms,0.125142
latency,3,273,http1_rust_nodelay_production_req4096_resp32768_c4_keepalive_ms,0.137842
latency,3,274,http1_rust_nodelay_production_req4096_resp32768_c4_keepalive_ms,0.128692
latency,3,275,http1_rust_nodelay_production_req4096_resp32768_c4_keepalive_ms,0.127492
latency,3,276,http1_rust_nodelay_production_req4096_resp32768_c4_keepalive_ms,0.127942
latency,3,277,http1_rust_nodelay_production_req4096_resp32768_c4_keepalive_ms,0.127632
latency,3,278,http1_rust_nodelay_production_req4096_resp32768_c4_keepalive_ms,0.127162
latency,3,279,http1_rust_nodelay_production_req4096_resp32768_c4_keepalive_ms,0.127421
latency,3,280,http1_rust_nodelay_production_req4096_resp32768_c4_keepalive_ms,0.127381
latency,3,281,http1_rust_nodelay_production_req4096_resp32768_c4_keepalive_ms,9.149573
latency,3,282,http1_rust_nodelay_production_req4096_resp32768_c4_keepalive_ms,0.131012
latency,3,283,http1_rust_nodelay_production_req4096_resp32768_c4_keepalive_ms,0.129343
latency,3,284,http1_rust_nodelay_production_req4096_resp32768_c4_keepalive_ms,0.125571
latency,3,285,http1_rust_nodelay_production_req4096_resp32768_c4_keepalive_ms,0.125852
latency,3,286,http1_rust_nodelay_production_req4096_resp32768_c4_keepalive_ms,0.125622
latency,3,287,http1_rust_nodelay_production_req4096_resp32768_c4_keepalive_ms,0.125182
latency,3,288,http1_rust_nodelay_production_req4096_resp32768_c4_keepalive_ms,0.125312
latency,3,289,http1_rust_nodelay_production_req4096_resp32768_c4_keepalive_ms,0.134922
latency,3,290,http1_rust_nodelay_production_req4096_resp32768_c4_keepalive_ms,0.126222
latency,3,291,http1_rust_nodelay_production_req4096_resp32768_c4_keepalive_ms,0.124692
latency,3,292,http1_rust_nodelay_production_req4096_resp32768_c4_keepalive_ms,0.124892
latency,3,293,http1_rust_nodelay_production_req4096_resp32768_c4_keepalive_ms,0.124992
latency,3,294,http1_rust_nodelay_production_req4096_resp32768_c4_keepalive_ms,0.126302
latency,3,295,http1_rust_nodelay_production_req4096_resp32768_c4_keepalive_ms,0.125192
latency,3,296,http1_rust_nodelay_production_req4096_resp32768_c4_keepalive_ms,0.130052
latency,3,297,http1_rust_nodelay_production_req4096_resp32768_c4_keepalive_ms,0.128692
latency,3,298,http1_rust_nodelay_production_req4096_resp32768_c4_keepalive_ms,0.125212
latency,3,299,http1_rust_nodelay_production_req4096_resp32768_c4_keepalive_ms,0.132272
latency,3,300,http1_rust_nodelay_production_req4096_resp32768_c4_keepalive_ms,0.124632
latency,3,301,http1_rust_nodelay_production_req4096_resp32768_c4_keepalive_ms,0.124892
latency,3,302,http1_rust_nodelay_production_req4096_resp32768_c4_keepalive_ms,0.124722
latency,3,303,http1_rust_nodelay_production_req4096_resp32768_c4_keepalive_ms,0.124862
latency,3,304,http1_rust_nodelay_production_req4096_resp32768_c4_keepalive_ms,0.183113
latency,3,305,http1_rust_nodelay_production_req4096_resp32768_c4_keepalive_ms,6.068395
latency,3,306,http1_rust_nodelay_production_req4096_resp32768_c4_keepalive_ms,0.129122
latency,3,307,http1_rust_nodelay_production_req4096_resp32768_c4_keepalive_ms,0.128242
latency,3,308,http1_rust_nodelay_production_req4096_resp32768_c4_keepalive_ms,0.126612
latency,3,309,http1_rust_nodelay_production_req4096_resp32768_c4_keepalive_ms,0.127262
latency,3,310,http1_rust_nodelay_production_req4096_resp32768_c4_keepalive_ms,0.127172
latency,3,311,http1_rust_nodelay_production_req4096_resp32768_c4_keepalive_ms,0.131832
latency,3,312,http1_rust_nodelay_production_req4096_resp32768_c4_keepalive_ms,0.132242
latency,3,313,http1_rust_nodelay_production_req4096_resp32768_c4_keepalive_ms,0.128342
latency,3,314,http1_rust_nodelay_production_req4096_resp32768_c4_keepalive_ms,0.126342
latency,3,315,http1_rust_nodelay_production_req4096_resp32768_c4_keepalive_ms,0.126042
latency,3,316,http1_rust_nodelay_production_req4096_resp32768_c4_keepalive_ms,0.126442
latency,3,317,http1_rust_nodelay_production_req4096_resp32768_c4_keepalive_ms,0.127292
latency,3,318,http1_rust_nodelay_production_req4096_resp32768_c4_keepalive_ms,0.126432
latency,3,319,http1_rust_nodelay_production_req4096_resp32768_c4_keepalive_ms,0.126072
latency,3,80,http1_rust_nodelay_production_req4096_resp32768_c4_keepalive_ms,0.303215
latency,3,81,http1_rust_nodelay_production_req4096_resp32768_c4_keepalive_ms,0.383216
latency,3,82,http1_rust_nodelay_production_req4096_resp32768_c4_keepalive_ms,0.368655
latency,3,83,http1_rust_nodelay_production_req4096_resp32768_c4_keepalive_ms,0.295925
latency,3,84,http1_rust_nodelay_production_req4096_resp32768_c4_keepalive_ms,0.376856
latency,3,85,http1_rust_nodelay_production_req4096_resp32768_c4_keepalive_ms,0.366086
latency,3,86,http1_rust_nodelay_production_req4096_resp32768_c4_keepalive_ms,0.288554
latency,3,87,http1_rust_nodelay_production_req4096_resp32768_c4_keepalive_ms,0.384886
latency,3,88,http1_rust_nodelay_production_req4096_resp32768_c4_keepalive_ms,0.360266
latency,3,89,http1_rust_nodelay_production_req4096_resp32768_c4_keepalive_ms,0.264104
latency,3,90,http1_rust_nodelay_production_req4096_resp32768_c4_keepalive_ms,0.404776
latency,3,91,http1_rust_nodelay_production_req4096_resp32768_c4_keepalive_ms,0.390556
latency,3,92,http1_rust_nodelay_production_req4096_resp32768_c4_keepalive_ms,0.296245
latency,3,93,http1_rust_nodelay_production_req4096_resp32768_c4_keepalive_ms,0.396316
latency,3,94,http1_rust_nodelay_production_req4096_resp32768_c4_keepalive_ms,0.395466
latency,3,95,http1_rust_nodelay_production_req4096_resp32768_c4_keepalive_ms,6.299739
latency,3,96,http1_rust_nodelay_production_req4096_resp32768_c4_keepalive_ms,0.134502
latency,3,97,http1_rust_nodelay_production_req4096_resp32768_c4_keepalive_ms,0.125712
latency,3,98,http1_rust_nodelay_production_req4096_resp32768_c4_keepalive_ms,0.128022
latency,3,99,http1_rust_nodelay_production_req4096_resp32768_c4_keepalive_ms,0.124992
latency,3,100,http1_rust_nodelay_production_req4096_resp32768_c4_keepalive_ms,0.125072
latency,3,101,http1_rust_nodelay_production_req4096_resp32768_c4_keepalive_ms,0.124382
latency,3,102,http1_rust_nodelay_production_req4096_resp32768_c4_keepalive_ms,0.124412
latency,3,103,http1_rust_nodelay_production_req4096_resp32768_c4_keepalive_ms,0.132402
latency,3,104,http1_rust_nodelay_production_req4096_resp32768_c4_keepalive_ms,0.126932
latency,3,105,http1_rust_nodelay_production_req4096_resp32768_c4_keepalive_ms,0.130402
latency,3,106,http1_rust_nodelay_production_req4096_resp32768_c4_keepalive_ms,0.127962
latency,3,107,http1_rust_nodelay_production_req4096_resp32768_c4_keepalive_ms,0.127202
latency,3,108,http1_rust_nodelay_production_req4096_resp32768_c4_keepalive_ms,0.126982
latency,3,109,http1_rust_nodelay_production_req4096_resp32768_c4_keepalive_ms,0.127402
latency,3,110,http1_rust_nodelay_production_req4096_resp32768_c4_keepalive_ms,0.128072
latency,3,111,http1_rust_nodelay_production_req4096_resp32768_c4_keepalive_ms,0.134232
latency,3,112,http1_rust_nodelay_production_req4096_resp32768_c4_keepalive_ms,0.129242
latency,3,113,http1_rust_nodelay_production_req4096_resp32768_c4_keepalive_ms,0.129272
latency,3,114,http1_rust_nodelay_production_req4096_resp32768_c4_keepalive_ms,0.127602
latency,3,115,http1_rust_nodelay_production_req4096_resp32768_c4_keepalive_ms,0.126942
latency,3,116,http1_rust_nodelay_production_req4096_resp32768_c4_keepalive_ms,0.131042
latency,3,117,http1_rust_nodelay_production_req4096_resp32768_c4_keepalive_ms,0.127402
latency,3,118,http1_rust_nodelay_production_req4096_resp32768_c4_keepalive_ms,0.127412
latency,3,119,http1_rust_nodelay_production_req4096_resp32768_c4_keepalive_ms,9.112942
latency,3,120,http1_rust_nodelay_production_req4096_resp32768_c4_keepalive_ms,0.130362
latency,3,121,http1_rust_nodelay_production_req4096_resp32768_c4_keepalive_ms,0.128142
latency,3,122,http1_rust_nodelay_production_req4096_resp32768_c4_keepalive_ms,0.127672
latency,3,123,http1_rust_nodelay_production_req4096_resp32768_c4_keepalive_ms,0.131152
latency,3,124,http1_rust_nodelay_production_req4096_resp32768_c4_keepalive_ms,0.126102
latency,3,125,http1_rust_nodelay_production_req4096_resp32768_c4_keepalive_ms,0.127382
latency,3,126,http1_rust_nodelay_production_req4096_resp32768_c4_keepalive_ms,0.127382
latency,3,127,http1_rust_nodelay_production_req4096_resp32768_c4_keepalive_ms,0.135983
latency,3,128,http1_rust_nodelay_production_req4096_resp32768_c4_keepalive_ms,0.128412
latency,3,129,http1_rust_nodelay_production_req4096_resp32768_c4_keepalive_ms,0.128042
latency,3,130,http1_rust_nodelay_production_req4096_resp32768_c4_keepalive_ms,0.127862
latency,3,131,http1_rust_nodelay_production_req4096_resp32768_c4_keepalive_ms,0.127752
latency,3,132,http1_rust_nodelay_production_req4096_resp32768_c4_keepalive_ms,0.127422
latency,3,133,http1_rust_nodelay_production_req4096_resp32768_c4_keepalive_ms,0.126952
latency,3,134,http1_rust_nodelay_production_req4096_resp32768_c4_keepalive_ms,0.132242
latency,3,135,http1_rust_nodelay_production_req4096_resp32768_c4_keepalive_ms,0.134762
latency,3,136,http1_rust_nodelay_production_req4096_resp32768_c4_keepalive_ms,0.127312
latency,3,137,http1_rust_nodelay_production_req4096_resp32768_c4_keepalive_ms,0.128012
latency,3,138,http1_rust_nodelay_production_req4096_resp32768_c4_keepalive_ms,0.127622
latency,3,139,http1_rust_nodelay_production_req4096_resp32768_c4_keepalive_ms,0.126912
latency,3,140,http1_rust_nodelay_production_req4096_resp32768_c4_keepalive_ms,0.131862
latency,3,141,http1_rust_nodelay_production_req4096_resp32768_c4_keepalive_ms,0.126241
latency,3,142,http1_rust_nodelay_production_req4096_resp32768_c4_keepalive_ms,7.165243
latency,3,143,http1_rust_nodelay_production_req4096_resp32768_c4_keepalive_ms,0.186783
latency,3,144,http1_rust_nodelay_production_req4096_resp32768_c4_keepalive_ms,0.183802
latency,3,145,http1_rust_nodelay_production_req4096_resp32768_c4_keepalive_ms,0.182723
latency,3,146,http1_rust_nodelay_production_req4096_resp32768_c4_keepalive_ms,0.184973
latency,3,147,http1_rust_nodelay_production_req4096_resp32768_c4_keepalive_ms,0.188033
latency,3,148,http1_rust_nodelay_production_req4096_resp32768_c4_keepalive_ms,0.185173
latency,3,149,http1_rust_nodelay_production_req4096_resp32768_c4_keepalive_ms,0.182363
latency,3,150,http1_rust_nodelay_production_req4096_resp32768_c4_keepalive_ms,0.183703
latency,3,151,http1_rust_nodelay_production_req4096_resp32768_c4_keepalive_ms,0.182282
latency,3,152,http1_rust_nodelay_production_req4096_resp32768_c4_keepalive_ms,0.182773
latency,3,153,http1_rust_nodelay_production_req4096_resp32768_c4_keepalive_ms,2.531480
latency,3,154,http1_rust_nodelay_production_req4096_resp32768_c4_keepalive_ms,0.144912
latency,3,155,http1_rust_nodelay_production_req4096_resp32768_c4_keepalive_ms,0.132512
latency,3,156,http1_rust_nodelay_production_req4096_resp32768_c4_keepalive_ms,0.130942
latency,3,157,http1_rust_nodelay_production_req4096_resp32768_c4_keepalive_ms,0.129942
latency,3,158,http1_rust_nodelay_production_req4096_resp32768_c4_keepalive_ms,0.136833
latency,3,159,http1_rust_nodelay_production_req4096_resp32768_c4_keepalive_ms,0.129462
latency,3,160,http1_rust_nodelay_production_req4096_resp32768_c4_keepalive_ms,0.341775
latency,3,161,http1_rust_nodelay_production_req4096_resp32768_c4_keepalive_ms,0.380226
latency,3,162,http1_rust_nodelay_production_req4096_resp32768_c4_keepalive_ms,0.295945
latency,3,163,http1_rust_nodelay_production_req4096_resp32768_c4_keepalive_ms,0.369365
latency,3,164,http1_rust_nodelay_production_req4096_resp32768_c4_keepalive_ms,0.378746
latency,3,165,http1_rust_nodelay_production_req4096_resp32768_c4_keepalive_ms,0.289025
latency,3,166,http1_rust_nodelay_production_req4096_resp32768_c4_keepalive_ms,0.363926
latency,3,167,http1_rust_nodelay_production_req4096_resp32768_c4_keepalive_ms,0.383686
latency,3,168,http1_rust_nodelay_production_req4096_resp32768_c4_keepalive_ms,0.372475
latency,3,169,http1_rust_nodelay_production_req4096_resp32768_c4_keepalive_ms,0.377966
latency,3,170,http1_rust_nodelay_production_req4096_resp32768_c4_keepalive_ms,17.145438
latency,3,171,http1_rust_nodelay_production_req4096_resp32768_c4_keepalive_ms,0.129362
latency,3,172,http1_rust_nodelay_production_req4096_resp32768_c4_keepalive_ms,0.128402
latency,3,173,http1_rust_nodelay_production_req4096_resp32768_c4_keepalive_ms,0.132092
latency,3,174,http1_rust_nodelay_production_req4096_resp32768_c4_keepalive_ms,0.127572
latency,3,175,http1_rust_nodelay_production_req4096_resp32768_c4_keepalive_ms,0.127842
latency,3,176,http1_rust_nodelay_production_req4096_resp32768_c4_keepalive_ms,0.128442
latency,3,177,http1_rust_nodelay_production_req4096_resp32768_c4_keepalive_ms,0.135502
latency,3,178,http1_rust_nodelay_production_req4096_resp32768_c4_keepalive_ms,0.133102
latency,3,179,http1_rust_nodelay_production_req4096_resp32768_c4_keepalive_ms,0.127682
latency,3,180,http1_rust_nodelay_production_req4096_resp32768_c4_keepalive_ms,0.128812
latency,3,181,http1_rust_nodelay_production_req4096_resp32768_c4_keepalive_ms,0.127312
latency,3,182,http1_rust_nodelay_production_req4096_resp32768_c4_keepalive_ms,0.127162
latency,3,183,http1_rust_nodelay_production_req4096_resp32768_c4_keepalive_ms,0.126542
latency,3,184,http1_rust_nodelay_production_req4096_resp32768_c4_keepalive_ms,0.126322
latency,3,185,http1_rust_nodelay_production_req4096_resp32768_c4_keepalive_ms,0.135712
latency,3,186,http1_rust_nodelay_production_req4096_resp32768_c4_keepalive_ms,0.127822
latency,3,187,http1_rust_nodelay_production_req4096_resp32768_c4_keepalive_ms,0.126852
latency,3,188,http1_rust_nodelay_production_req4096_resp32768_c4_keepalive_ms,0.126682
latency,3,189,http1_rust_nodelay_production_req4096_resp32768_c4_keepalive_ms,0.126552
latency,3,190,http1_rust_nodelay_production_req4096_resp32768_c4_keepalive_ms,0.127242
latency,3,191,http1_rust_nodelay_production_req4096_resp32768_c4_keepalive_ms,0.123742
latency,3,192,http1_rust_nodelay_production_req4096_resp32768_c4_keepalive_ms,0.124012
latency,3,193,http1_rust_nodelay_production_req4096_resp32768_c4_keepalive_ms,7.274174
latency,3,194,http1_rust_nodelay_production_req4096_resp32768_c4_keepalive_ms,0.135262
latency,3,195,http1_rust_nodelay_production_req4096_resp32768_c4_keepalive_ms,0.129722
latency,3,196,http1_rust_nodelay_production_req4096_resp32768_c4_keepalive_ms,0.128522
latency,3,197,http1_rust_nodelay_production_req4096_resp32768_c4_keepalive_ms,0.142352
latency,3,198,http1_rust_nodelay_production_req4096_resp32768_c4_keepalive_ms,0.127872
latency,3,199,http1_rust_nodelay_production_req4096_resp32768_c4_keepalive_ms,0.133672
latency,3,200,http1_rust_nodelay_production_req4096_resp32768_c4_keepalive_ms,0.130612
latency,3,201,http1_rust_nodelay_production_req4096_resp32768_c4_keepalive_ms,0.127522
latency,3,202,http1_rust_nodelay_production_req4096_resp32768_c4_keepalive_ms,0.127862
latency,3,203,http1_rust_nodelay_production_req4096_resp32768_c4_keepalive_ms,0.127082
latency,3,204,http1_rust_nodelay_production_req4096_resp32768_c4_keepalive_ms,0.127742
latency,3,205,http1_rust_nodelay_production_req4096_resp32768_c4_keepalive_ms,0.127122
latency,3,206,http1_rust_nodelay_production_req4096_resp32768_c4_keepalive_ms,0.127012
latency,3,207,http1_rust_nodelay_production_req4096_resp32768_c4_keepalive_ms,0.133023
latency,3,208,http1_rust_nodelay_production_req4096_resp32768_c4_keepalive_ms,0.129142
latency,3,209,http1_rust_nodelay_production_req4096_resp32768_c4_keepalive_ms,0.127662
latency,3,210,http1_rust_nodelay_production_req4096_resp32768_c4_keepalive_ms,0.127362
latency,3,211,http1_rust_nodelay_production_req4096_resp32768_c4_keepalive_ms,0.126872
latency,3,212,http1_rust_nodelay_production_req4096_resp32768_c4_keepalive_ms,0.127252
latency,3,213,http1_rust_nodelay_production_req4096_resp32768_c4_keepalive_ms,0.127312
latency,3,214,http1_rust_nodelay_production_req4096_resp32768_c4_keepalive_ms,0.126762
latency,3,215,http1_rust_nodelay_production_req4096_resp32768_c4_keepalive_ms,5.912422
latency,3,216,http1_rust_nodelay_production_req4096_resp32768_c4_keepalive_ms,0.219554
latency,3,217,http1_rust_nodelay_production_req4096_resp32768_c4_keepalive_ms,0.209923
latency,3,218,http1_rust_nodelay_production_req4096_resp32768_c4_keepalive_ms,0.205903
latency,3,219,http1_rust_nodelay_production_req4096_resp32768_c4_keepalive_ms,0.203033
latency,3,220,http1_rust_nodelay_production_req4096_resp32768_c4_keepalive_ms,0.202723
latency,3,221,http1_rust_nodelay_production_req4096_resp32768_c4_keepalive_ms,0.214303
latency,3,222,http1_rust_nodelay_production_req4096_resp32768_c4_keepalive_ms,0.204884
latency,3,223,http1_rust_nodelay_production_req4096_resp32768_c4_keepalive_ms,0.202693
latency,3,224,http1_rust_nodelay_production_req4096_resp32768_c4_keepalive_ms,0.201183
latency,3,225,http1_rust_nodelay_production_req4096_resp32768_c4_keepalive_ms,0.201003
latency,3,226,http1_rust_nodelay_production_req4096_resp32768_c4_keepalive_ms,0.208263
latency,3,227,http1_rust_nodelay_production_req4096_resp32768_c4_keepalive_ms,0.202654
latency,3,228,http1_rust_nodelay_production_req4096_resp32768_c4_keepalive_ms,0.200893
latency,3,229,http1_rust_nodelay_production_req4096_resp32768_c4_keepalive_ms,0.143712
latency,3,230,http1_rust_nodelay_production_req4096_resp32768_c4_keepalive_ms,0.129512
latency,3,231,http1_rust_nodelay_production_req4096_resp32768_c4_keepalive_ms,0.128302
latency,3,232,http1_rust_nodelay_production_req4096_resp32768_c4_keepalive_ms,0.134092
latency,3,233,http1_rust_nodelay_production_req4096_resp32768_c4_keepalive_ms,0.128012
latency,3,234,http1_rust_nodelay_production_req4096_resp32768_c4_keepalive_ms,0.127902
latency,3,235,http1_rust_nodelay_production_req4096_resp32768_c4_keepalive_ms,0.126432
latency,3,236,http1_rust_nodelay_production_req4096_resp32768_c4_keepalive_ms,0.126212
latency,3,237,http1_rust_nodelay_production_req4096_resp32768_c4_keepalive_ms,0.126492
latency,3,238,http1_rust_nodelay_production_req4096_resp32768_c4_keepalive_ms,0.126182
latency,3,239,http1_rust_nodelay_production_req4096_resp32768_c4_keepalive_ms,0.126682
trial,3,320,http1_rust_nodelay_production_req4096_resp32768_c4_median_ms,0.129142
trial,3,320,http1_rust_nodelay_production_req4096_resp32768_c4_p95_ms,0.393716
trial,3,320,http1_rust_nodelay_production_req4096_resp32768_c4_requests_per_second,7293.343
trial,3,320,http1_rust_nodelay_production_req4096_resp32768_c4_wall_ms,43.876
trial,3,320,http1_rust_nodelay_production_req4096_resp32768_c4_mib_per_second,256.407
trial,3,320,http1_rust_nodelay_production_req4096_resp32768_c4_process_cpu_us,43905
latency,4,160,http1_rust_nodelay_production_req4096_resp32768_c4_keepalive_ms,0.367445
latency,4,161,http1_rust_nodelay_production_req4096_resp32768_c4_keepalive_ms,0.286115
latency,4,162,http1_rust_nodelay_production_req4096_resp32768_c4_keepalive_ms,0.294104
latency,4,163,http1_rust_nodelay_production_req4096_resp32768_c4_keepalive_ms,0.403487
latency,4,164,http1_rust_nodelay_production_req4096_resp32768_c4_keepalive_ms,0.419176
latency,4,165,http1_rust_nodelay_production_req4096_resp32768_c4_keepalive_ms,0.289295
latency,4,166,http1_rust_nodelay_production_req4096_resp32768_c4_keepalive_ms,0.402726
latency,4,167,http1_rust_nodelay_production_req4096_resp32768_c4_keepalive_ms,0.390736
latency,4,168,http1_rust_nodelay_production_req4096_resp32768_c4_keepalive_ms,0.305095
latency,4,169,http1_rust_nodelay_production_req4096_resp32768_c4_keepalive_ms,0.378746
latency,4,170,http1_rust_nodelay_production_req4096_resp32768_c4_keepalive_ms,0.283135
latency,4,171,http1_rust_nodelay_production_req4096_resp32768_c4_keepalive_ms,0.234083
latency,4,172,http1_rust_nodelay_production_req4096_resp32768_c4_keepalive_ms,0.245134
latency,4,173,http1_rust_nodelay_production_req4096_resp32768_c4_keepalive_ms,0.233784
latency,4,174,http1_rust_nodelay_production_req4096_resp32768_c4_keepalive_ms,0.228173
latency,4,175,http1_rust_nodelay_production_req4096_resp32768_c4_keepalive_ms,0.219363
latency,4,176,http1_rust_nodelay_production_req4096_resp32768_c4_keepalive_ms,0.257804
latency,4,177,http1_rust_nodelay_production_req4096_resp32768_c4_keepalive_ms,0.246164
latency,4,178,http1_rust_nodelay_production_req4096_resp32768_c4_keepalive_ms,0.246004
latency,4,179,http1_rust_nodelay_production_req4096_resp32768_c4_keepalive_ms,0.248214
latency,4,180,http1_rust_nodelay_production_req4096_resp32768_c4_keepalive_ms,0.201753
latency,4,181,http1_rust_nodelay_production_req4096_resp32768_c4_keepalive_ms,0.128142
latency,4,182,http1_rust_nodelay_production_req4096_resp32768_c4_keepalive_ms,0.127642
latency,4,183,http1_rust_nodelay_production_req4096_resp32768_c4_keepalive_ms,0.127362
latency,4,184,http1_rust_nodelay_production_req4096_resp32768_c4_keepalive_ms,0.127082
latency,4,185,http1_rust_nodelay_production_req4096_resp32768_c4_keepalive_ms,0.131952
latency,4,186,http1_rust_nodelay_production_req4096_resp32768_c4_keepalive_ms,0.130672
latency,4,187,http1_rust_nodelay_production_req4096_resp32768_c4_keepalive_ms,0.133403
latency,4,188,http1_rust_nodelay_production_req4096_resp32768_c4_keepalive_ms,0.132682
latency,4,189,http1_rust_nodelay_production_req4096_resp32768_c4_keepalive_ms,0.126712
latency,4,190,http1_rust_nodelay_production_req4096_resp32768_c4_keepalive_ms,0.126522
latency,4,191,http1_rust_nodelay_production_req4096_resp32768_c4_keepalive_ms,0.126072
latency,4,192,http1_rust_nodelay_production_req4096_resp32768_c4_keepalive_ms,0.126782
latency,4,193,http1_rust_nodelay_production_req4096_resp32768_c4_keepalive_ms,0.129122
latency,4,194,http1_rust_nodelay_production_req4096_resp32768_c4_keepalive_ms,0.133832
latency,4,195,http1_rust_nodelay_production_req4096_resp32768_c4_keepalive_ms,0.133662
latency,4,196,http1_rust_nodelay_production_req4096_resp32768_c4_keepalive_ms,0.127802
latency,4,197,http1_rust_nodelay_production_req4096_resp32768_c4_keepalive_ms,0.126132
latency,4,198,http1_rust_nodelay_production_req4096_resp32768_c4_keepalive_ms,0.125442
latency,4,199,http1_rust_nodelay_production_req4096_resp32768_c4_keepalive_ms,0.130712
latency,4,200,http1_rust_nodelay_production_req4096_resp32768_c4_keepalive_ms,0.125902
latency,4,201,http1_rust_nodelay_production_req4096_resp32768_c4_keepalive_ms,0.127362
latency,4,202,http1_rust_nodelay_production_req4096_resp32768_c4_keepalive_ms,0.125382
latency,4,203,http1_rust_nodelay_production_req4096_resp32768_c4_keepalive_ms,6.135315
latency,4,204,http1_rust_nodelay_production_req4096_resp32768_c4_keepalive_ms,0.142913
latency,4,205,http1_rust_nodelay_production_req4096_resp32768_c4_keepalive_ms,0.126262
latency,4,206,http1_rust_nodelay_production_req4096_resp32768_c4_keepalive_ms,0.126342
latency,4,207,http1_rust_nodelay_production_req4096_resp32768_c4_keepalive_ms,0.125832
latency,4,208,http1_rust_nodelay_production_req4096_resp32768_c4_keepalive_ms,0.125742
latency,4,209,http1_rust_nodelay_production_req4096_resp32768_c4_keepalive_ms,0.126362
latency,4,210,http1_rust_nodelay_production_req4096_resp32768_c4_keepalive_ms,0.126752
latency,4,211,http1_rust_nodelay_production_req4096_resp32768_c4_keepalive_ms,0.134852
latency,4,212,http1_rust_nodelay_production_req4096_resp32768_c4_keepalive_ms,0.127552
latency,4,213,http1_rust_nodelay_production_req4096_resp32768_c4_keepalive_ms,0.126472
latency,4,214,http1_rust_nodelay_production_req4096_resp32768_c4_keepalive_ms,0.127362
latency,4,215,http1_rust_nodelay_production_req4096_resp32768_c4_keepalive_ms,0.126292
latency,4,216,http1_rust_nodelay_production_req4096_resp32768_c4_keepalive_ms,0.126312
latency,4,217,http1_rust_nodelay_production_req4096_resp32768_c4_keepalive_ms,0.126292
latency,4,218,http1_rust_nodelay_production_req4096_resp32768_c4_keepalive_ms,0.126602
latency,4,219,http1_rust_nodelay_production_req4096_resp32768_c4_keepalive_ms,0.137302
latency,4,220,http1_rust_nodelay_production_req4096_resp32768_c4_keepalive_ms,0.126502
latency,4,221,http1_rust_nodelay_production_req4096_resp32768_c4_keepalive_ms,0.130702
latency,4,222,http1_rust_nodelay_production_req4096_resp32768_c4_keepalive_ms,0.127562
latency,4,223,http1_rust_nodelay_production_req4096_resp32768_c4_keepalive_ms,0.126722
latency,4,224,http1_rust_nodelay_production_req4096_resp32768_c4_keepalive_ms,0.126522
latency,4,225,http1_rust_nodelay_production_req4096_resp32768_c4_keepalive_ms,0.126432
latency,4,226,http1_rust_nodelay_production_req4096_resp32768_c4_keepalive_ms,0.189903
latency,4,227,http1_rust_nodelay_production_req4096_resp32768_c4_keepalive_ms,9.041251
latency,4,228,http1_rust_nodelay_production_req4096_resp32768_c4_keepalive_ms,0.131772
latency,4,229,http1_rust_nodelay_production_req4096_resp32768_c4_keepalive_ms,0.127202
latency,4,230,http1_rust_nodelay_production_req4096_resp32768_c4_keepalive_ms,0.126152
latency,4,231,http1_rust_nodelay_production_req4096_resp32768_c4_keepalive_ms,0.126032
latency,4,232,http1_rust_nodelay_production_req4096_resp32768_c4_keepalive_ms,0.125192
latency,4,233,http1_rust_nodelay_production_req4096_resp32768_c4_keepalive_ms,0.124862
latency,4,234,http1_rust_nodelay_production_req4096_resp32768_c4_keepalive_ms,0.131442
latency,4,235,http1_rust_nodelay_production_req4096_resp32768_c4_keepalive_ms,0.129342
latency,4,236,http1_rust_nodelay_production_req4096_resp32768_c4_keepalive_ms,0.125732
latency,4,237,http1_rust_nodelay_production_req4096_resp32768_c4_keepalive_ms,0.125102
latency,4,238,http1_rust_nodelay_production_req4096_resp32768_c4_keepalive_ms,0.124902
latency,4,239,http1_rust_nodelay_production_req4096_resp32768_c4_keepalive_ms,0.125492
latency,4,0,http1_rust_nodelay_production_req4096_resp32768_c4_keepalive_ms,0.305284
latency,4,1,http1_rust_nodelay_production_req4096_resp32768_c4_keepalive_ms,0.421077
latency,4,2,http1_rust_nodelay_production_req4096_resp32768_c4_keepalive_ms,0.395006
latency,4,3,http1_rust_nodelay_production_req4096_resp32768_c4_keepalive_ms,0.309965
latency,4,4,http1_rust_nodelay_production_req4096_resp32768_c4_keepalive_ms,0.408957
latency,4,5,http1_rust_nodelay_production_req4096_resp32768_c4_keepalive_ms,0.396226
latency,4,6,http1_rust_nodelay_production_req4096_resp32768_c4_keepalive_ms,0.302645
latency,4,7,http1_rust_nodelay_production_req4096_resp32768_c4_keepalive_ms,0.383116
latency,4,8,http1_rust_nodelay_production_req4096_resp32768_c4_keepalive_ms,0.405096
latency,4,9,http1_rust_nodelay_production_req4096_resp32768_c4_keepalive_ms,0.269814
latency,4,10,http1_rust_nodelay_production_req4096_resp32768_c4_keepalive_ms,0.191813
latency,4,11,http1_rust_nodelay_production_req4096_resp32768_c4_keepalive_ms,0.233034
latency,4,12,http1_rust_nodelay_production_req4096_resp32768_c4_keepalive_ms,0.246074
latency,4,13,http1_rust_nodelay_production_req4096_resp32768_c4_keepalive_ms,0.232793
latency,4,14,http1_rust_nodelay_production_req4096_resp32768_c4_keepalive_ms,0.291605
latency,4,15,http1_rust_nodelay_production_req4096_resp32768_c4_keepalive_ms,0.246903
latency,4,16,http1_rust_nodelay_production_req4096_resp32768_c4_keepalive_ms,0.258745
latency,4,17,http1_rust_nodelay_production_req4096_resp32768_c4_keepalive_ms,0.244693
latency,4,18,http1_rust_nodelay_production_req4096_resp32768_c4_keepalive_ms,0.247044
latency,4,19,http1_rust_nodelay_production_req4096_resp32768_c4_keepalive_ms,0.253454
latency,4,20,http1_rust_nodelay_production_req4096_resp32768_c4_keepalive_ms,6.139586
latency,4,21,http1_rust_nodelay_production_req4096_resp32768_c4_keepalive_ms,0.128332
latency,4,22,http1_rust_nodelay_production_req4096_resp32768_c4_keepalive_ms,0.126572
latency,4,23,http1_rust_nodelay_production_req4096_resp32768_c4_keepalive_ms,0.125992
latency,4,24,http1_rust_nodelay_production_req4096_resp32768_c4_keepalive_ms,0.125402
latency,4,25,http1_rust_nodelay_production_req4096_resp32768_c4_keepalive_ms,0.128842
latency,4,26,http1_rust_nodelay_production_req4096_resp32768_c4_keepalive_ms,0.126492
latency,4,27,http1_rust_nodelay_production_req4096_resp32768_c4_keepalive_ms,0.130652
latency,4,28,http1_rust_nodelay_production_req4096_resp32768_c4_keepalive_ms,0.128802
latency,4,29,http1_rust_nodelay_production_req4096_resp32768_c4_keepalive_ms,0.128122
latency,4,30,http1_rust_nodelay_production_req4096_resp32768_c4_keepalive_ms,0.128392
latency,4,31,http1_rust_nodelay_production_req4096_resp32768_c4_keepalive_ms,0.129222
latency,4,32,http1_rust_nodelay_production_req4096_resp32768_c4_keepalive_ms,0.128342
latency,4,33,http1_rust_nodelay_production_req4096_resp32768_c4_keepalive_ms,0.126202
latency,4,34,http1_rust_nodelay_production_req4096_resp32768_c4_keepalive_ms,0.126402
latency,4,35,http1_rust_nodelay_production_req4096_resp32768_c4_keepalive_ms,0.131563
latency,4,36,http1_rust_nodelay_production_req4096_resp32768_c4_keepalive_ms,0.128301
latency,4,37,http1_rust_nodelay_production_req4096_resp32768_c4_keepalive_ms,0.125852
latency,4,38,http1_rust_nodelay_production_req4096_resp32768_c4_keepalive_ms,0.130212
latency,4,39,http1_rust_nodelay_production_req4096_resp32768_c4_keepalive_ms,0.125922
latency,4,40,http1_rust_nodelay_production_req4096_resp32768_c4_keepalive_ms,0.126662
latency,4,41,http1_rust_nodelay_production_req4096_resp32768_c4_keepalive_ms,0.125742
latency,4,42,http1_rust_nodelay_production_req4096_resp32768_c4_keepalive_ms,0.125322
latency,4,43,http1_rust_nodelay_production_req4096_resp32768_c4_keepalive_ms,9.128233
latency,4,44,http1_rust_nodelay_production_req4096_resp32768_c4_keepalive_ms,0.129612
latency,4,45,http1_rust_nodelay_production_req4096_resp32768_c4_keepalive_ms,0.127792
latency,4,46,http1_rust_nodelay_production_req4096_resp32768_c4_keepalive_ms,0.127202
latency,4,47,http1_rust_nodelay_production_req4096_resp32768_c4_keepalive_ms,0.126982
latency,4,48,http1_rust_nodelay_production_req4096_resp32768_c4_keepalive_ms,0.126702
latency,4,49,http1_rust_nodelay_production_req4096_resp32768_c4_keepalive_ms,0.126552
latency,4,50,http1_rust_nodelay_production_req4096_resp32768_c4_keepalive_ms,0.126832
latency,4,51,http1_rust_nodelay_production_req4096_resp32768_c4_keepalive_ms,0.133522
latency,4,52,http1_rust_nodelay_production_req4096_resp32768_c4_keepalive_ms,0.128562
latency,4,53,http1_rust_nodelay_production_req4096_resp32768_c4_keepalive_ms,0.126222
latency,4,54,http1_rust_nodelay_production_req4096_resp32768_c4_keepalive_ms,0.125892
latency,4,55,http1_rust_nodelay_production_req4096_resp32768_c4_keepalive_ms,0.126092
latency,4,56,http1_rust_nodelay_production_req4096_resp32768_c4_keepalive_ms,0.126732
latency,4,57,http1_rust_nodelay_production_req4096_resp32768_c4_keepalive_ms,0.126132
latency,4,58,http1_rust_nodelay_production_req4096_resp32768_c4_keepalive_ms,0.126622
latency,4,59,http1_rust_nodelay_production_req4096_resp32768_c4_keepalive_ms,0.133892
latency,4,60,http1_rust_nodelay_production_req4096_resp32768_c4_keepalive_ms,0.129502
latency,4,61,http1_rust_nodelay_production_req4096_resp32768_c4_keepalive_ms,0.129192
latency,4,62,http1_rust_nodelay_production_req4096_resp32768_c4_keepalive_ms,0.128202
latency,4,63,http1_rust_nodelay_production_req4096_resp32768_c4_keepalive_ms,0.128612
latency,4,64,http1_rust_nodelay_production_req4096_resp32768_c4_keepalive_ms,0.127742
latency,4,65,http1_rust_nodelay_production_req4096_resp32768_c4_keepalive_ms,0.132942
latency,4,66,http1_rust_nodelay_production_req4096_resp32768_c4_keepalive_ms,9.140033
latency,4,67,http1_rust_nodelay_production_req4096_resp32768_c4_keepalive_ms,0.146722
latency,4,68,http1_rust_nodelay_production_req4096_resp32768_c4_keepalive_ms,0.128492
latency,4,69,http1_rust_nodelay_production_req4096_resp32768_c4_keepalive_ms,0.126842
latency,4,70,http1_rust_nodelay_production_req4096_resp32768_c4_keepalive_ms,0.126832
latency,4,71,http1_rust_nodelay_production_req4096_resp32768_c4_keepalive_ms,0.126642
latency,4,72,http1_rust_nodelay_production_req4096_resp32768_c4_keepalive_ms,0.125482
latency,4,73,http1_rust_nodelay_production_req4096_resp32768_c4_keepalive_ms,0.125642
latency,4,74,http1_rust_nodelay_production_req4096_resp32768_c4_keepalive_ms,0.132822
latency,4,75,http1_rust_nodelay_production_req4096_resp32768_c4_keepalive_ms,0.128032
latency,4,76,http1_rust_nodelay_production_req4096_resp32768_c4_keepalive_ms,0.126032
latency,4,77,http1_rust_nodelay_production_req4096_resp32768_c4_keepalive_ms,0.127452
latency,4,78,http1_rust_nodelay_production_req4096_resp32768_c4_keepalive_ms,0.125832
latency,4,79,http1_rust_nodelay_production_req4096_resp32768_c4_keepalive_ms,0.125392
latency,4,240,http1_rust_nodelay_production_req4096_resp32768_c4_keepalive_ms,9.225405
latency,4,241,http1_rust_nodelay_production_req4096_resp32768_c4_keepalive_ms,0.127402
latency,4,242,http1_rust_nodelay_production_req4096_resp32768_c4_keepalive_ms,0.127322
latency,4,243,http1_rust_nodelay_production_req4096_resp32768_c4_keepalive_ms,0.128472
latency,4,244,http1_rust_nodelay_production_req4096_resp32768_c4_keepalive_ms,0.126982
latency,4,245,http1_rust_nodelay_production_req4096_resp32768_c4_keepalive_ms,0.126572
latency,4,246,http1_rust_nodelay_production_req4096_resp32768_c4_keepalive_ms,0.126262
latency,4,247,http1_rust_nodelay_production_req4096_resp32768_c4_keepalive_ms,0.132602
latency,4,248,http1_rust_nodelay_production_req4096_resp32768_c4_keepalive_ms,0.128682
latency,4,249,http1_rust_nodelay_production_req4096_resp32768_c4_keepalive_ms,0.129552
latency,4,250,http1_rust_nodelay_production_req4096_resp32768_c4_keepalive_ms,0.129432
latency,4,251,http1_rust_nodelay_production_req4096_resp32768_c4_keepalive_ms,0.126372
latency,4,252,http1_rust_nodelay_production_req4096_resp32768_c4_keepalive_ms,0.126192
latency,4,253,http1_rust_nodelay_production_req4096_resp32768_c4_keepalive_ms,0.126322
latency,4,254,http1_rust_nodelay_production_req4096_resp32768_c4_keepalive_ms,0.125982
latency,4,255,http1_rust_nodelay_production_req4096_resp32768_c4_keepalive_ms,0.132692
latency,4,256,http1_rust_nodelay_production_req4096_resp32768_c4_keepalive_ms,0.135492
latency,4,257,http1_rust_nodelay_production_req4096_resp32768_c4_keepalive_ms,0.126232
latency,4,258,http1_rust_nodelay_production_req4096_resp32768_c4_keepalive_ms,0.126962
latency,4,259,http1_rust_nodelay_production_req4096_resp32768_c4_keepalive_ms,0.126202
latency,4,260,http1_rust_nodelay_production_req4096_resp32768_c4_keepalive_ms,0.126482
latency,4,261,http1_rust_nodelay_production_req4096_resp32768_c4_keepalive_ms,0.126602
latency,4,262,http1_rust_nodelay_production_req4096_resp32768_c4_keepalive_ms,0.126282
latency,4,263,http1_rust_nodelay_production_req4096_resp32768_c4_keepalive_ms,9.164223
latency,4,264,http1_rust_nodelay_production_req4096_resp32768_c4_keepalive_ms,0.128912
latency,4,265,http1_rust_nodelay_production_req4096_resp32768_c4_keepalive_ms,0.133532
latency,4,266,http1_rust_nodelay_production_req4096_resp32768_c4_keepalive_ms,0.128432
latency,4,267,http1_rust_nodelay_production_req4096_resp32768_c4_keepalive_ms,0.127182
latency,4,268,http1_rust_nodelay_production_req4096_resp32768_c4_keepalive_ms,0.126482
latency,4,269,http1_rust_nodelay_production_req4096_resp32768_c4_keepalive_ms,0.127342
latency,4,270,http1_rust_nodelay_production_req4096_resp32768_c4_keepalive_ms,0.131812
latency,4,271,http1_rust_nodelay_production_req4096_resp32768_c4_keepalive_ms,0.130522
latency,4,272,http1_rust_nodelay_production_req4096_resp32768_c4_keepalive_ms,0.127162
latency,4,273,http1_rust_nodelay_production_req4096_resp32768_c4_keepalive_ms,0.126382
latency,4,274,http1_rust_nodelay_production_req4096_resp32768_c4_keepalive_ms,0.126162
latency,4,275,http1_rust_nodelay_production_req4096_resp32768_c4_keepalive_ms,0.126822
latency,4,276,http1_rust_nodelay_production_req4096_resp32768_c4_keepalive_ms,0.127502
latency,4,277,http1_rust_nodelay_production_req4096_resp32768_c4_keepalive_ms,0.127142
latency,4,278,http1_rust_nodelay_production_req4096_resp32768_c4_keepalive_ms,0.132762
latency,4,279,http1_rust_nodelay_production_req4096_resp32768_c4_keepalive_ms,0.128392
latency,4,280,http1_rust_nodelay_production_req4096_resp32768_c4_keepalive_ms,0.127352
latency,4,281,http1_rust_nodelay_production_req4096_resp32768_c4_keepalive_ms,0.126992
latency,4,282,http1_rust_nodelay_production_req4096_resp32768_c4_keepalive_ms,0.126592
latency,4,283,http1_rust_nodelay_production_req4096_resp32768_c4_keepalive_ms,0.131392
latency,4,284,http1_rust_nodelay_production_req4096_resp32768_c4_keepalive_ms,0.127092
latency,4,285,http1_rust_nodelay_production_req4096_resp32768_c4_keepalive_ms,0.127032
latency,4,286,http1_rust_nodelay_production_req4096_resp32768_c4_keepalive_ms,5.907042
latency,4,287,http1_rust_nodelay_production_req4096_resp32768_c4_keepalive_ms,0.262845
latency,4,288,http1_rust_nodelay_production_req4096_resp32768_c4_keepalive_ms,0.252873
latency,4,289,http1_rust_nodelay_production_req4096_resp32768_c4_keepalive_ms,0.250374
latency,4,290,http1_rust_nodelay_production_req4096_resp32768_c4_keepalive_ms,0.255734
latency,4,291,http1_rust_nodelay_production_req4096_resp32768_c4_keepalive_ms,0.257114
latency,4,292,http1_rust_nodelay_production_req4096_resp32768_c4_keepalive_ms,0.250674
latency,4,293,http1_rust_nodelay_production_req4096_resp32768_c4_keepalive_ms,0.247574
latency,4,294,http1_rust_nodelay_production_req4096_resp32768_c4_keepalive_ms,0.247814
latency,4,295,http1_rust_nodelay_production_req4096_resp32768_c4_keepalive_ms,0.245984
latency,4,296,http1_rust_nodelay_production_req4096_resp32768_c4_keepalive_ms,0.242794
latency,4,297,http1_rust_nodelay_production_req4096_resp32768_c4_keepalive_ms,0.235113
latency,4,298,http1_rust_nodelay_production_req4096_resp32768_c4_keepalive_ms,0.234674
latency,4,299,http1_rust_nodelay_production_req4096_resp32768_c4_keepalive_ms,5.305643
latency,4,300,http1_rust_nodelay_production_req4096_resp32768_c4_keepalive_ms,0.195163
latency,4,301,http1_rust_nodelay_production_req4096_resp32768_c4_keepalive_ms,0.207313
latency,4,302,http1_rust_nodelay_production_req4096_resp32768_c4_keepalive_ms,0.216474
latency,4,303,http1_rust_nodelay_production_req4096_resp32768_c4_keepalive_ms,0.221153
latency,4,304,http1_rust_nodelay_production_req4096_resp32768_c4_keepalive_ms,0.239894
latency,4,305,http1_rust_nodelay_production_req4096_resp32768_c4_keepalive_ms,0.234004
latency,4,306,http1_rust_nodelay_production_req4096_resp32768_c4_keepalive_ms,0.240753
latency,4,307,http1_rust_nodelay_production_req4096_resp32768_c4_keepalive_ms,0.142173
latency,4,308,http1_rust_nodelay_production_req4096_resp32768_c4_keepalive_ms,0.128182
latency,4,309,http1_rust_nodelay_production_req4096_resp32768_c4_keepalive_ms,0.134792
latency,4,310,http1_rust_nodelay_production_req4096_resp32768_c4_keepalive_ms,0.126792
latency,4,311,http1_rust_nodelay_production_req4096_resp32768_c4_keepalive_ms,0.126222
latency,4,312,http1_rust_nodelay_production_req4096_resp32768_c4_keepalive_ms,0.125292
latency,4,313,http1_rust_nodelay_production_req4096_resp32768_c4_keepalive_ms,0.125592
latency,4,314,http1_rust_nodelay_production_req4096_resp32768_c4_keepalive_ms,0.126192
latency,4,315,http1_rust_nodelay_production_req4096_resp32768_c4_keepalive_ms,0.125532
latency,4,316,http1_rust_nodelay_production_req4096_resp32768_c4_keepalive_ms,0.126172
latency,4,317,http1_rust_nodelay_production_req4096_resp32768_c4_keepalive_ms,0.133522
latency,4,318,http1_rust_nodelay_production_req4096_resp32768_c4_keepalive_ms,0.126022
latency,4,319,http1_rust_nodelay_production_req4096_resp32768_c4_keepalive_ms,0.125172
latency,4,80,http1_rust_nodelay_production_req4096_resp32768_c4_keepalive_ms,0.345816
latency,4,81,http1_rust_nodelay_production_req4096_resp32768_c4_keepalive_ms,0.416726
latency,4,82,http1_rust_nodelay_production_req4096_resp32768_c4_keepalive_ms,0.311235
latency,4,83,http1_rust_nodelay_production_req4096_resp32768_c4_keepalive_ms,0.392277
latency,4,84,http1_rust_nodelay_production_req4096_resp32768_c4_keepalive_ms,0.411906
latency,4,85,http1_rust_nodelay_production_req4096_resp32768_c4_keepalive_ms,0.316085
latency,4,86,http1_rust_nodelay_production_req4096_resp32768_c4_keepalive_ms,0.382786
latency,4,87,http1_rust_nodelay_production_req4096_resp32768_c4_keepalive_ms,0.383626
latency,4,88,http1_rust_nodelay_production_req4096_resp32768_c4_keepalive_ms,0.325735
latency,4,89,http1_rust_nodelay_production_req4096_resp32768_c4_keepalive_ms,14.924303
latency,4,90,http1_rust_nodelay_production_req4096_resp32768_c4_keepalive_ms,0.128042
latency,4,91,http1_rust_nodelay_production_req4096_resp32768_c4_keepalive_ms,0.133812
latency,4,92,http1_rust_nodelay_production_req4096_resp32768_c4_keepalive_ms,0.126522
latency,4,93,http1_rust_nodelay_production_req4096_resp32768_c4_keepalive_ms,0.131722
latency,4,94,http1_rust_nodelay_production_req4096_resp32768_c4_keepalive_ms,0.126802
latency,4,95,http1_rust_nodelay_production_req4096_resp32768_c4_keepalive_ms,0.127512
latency,4,96,http1_rust_nodelay_production_req4096_resp32768_c4_keepalive_ms,0.132742
latency,4,97,http1_rust_nodelay_production_req4096_resp32768_c4_keepalive_ms,0.131992
latency,4,98,http1_rust_nodelay_production_req4096_resp32768_c4_keepalive_ms,0.126952
latency,4,99,http1_rust_nodelay_production_req4096_resp32768_c4_keepalive_ms,0.132772
latency,4,100,http1_rust_nodelay_production_req4096_resp32768_c4_keepalive_ms,0.126302
latency,4,101,http1_rust_nodelay_production_req4096_resp32768_c4_keepalive_ms,0.127092
latency,4,102,http1_rust_nodelay_production_req4096_resp32768_c4_keepalive_ms,0.127032
latency,4,103,http1_rust_nodelay_production_req4096_resp32768_c4_keepalive_ms,0.126742
latency,4,104,http1_rust_nodelay_production_req4096_resp32768_c4_keepalive_ms,0.138703
latency,4,105,http1_rust_nodelay_production_req4096_resp32768_c4_keepalive_ms,0.131532
latency,4,106,http1_rust_nodelay_production_req4096_resp32768_c4_keepalive_ms,0.127672
latency,4,107,http1_rust_nodelay_production_req4096_resp32768_c4_keepalive_ms,0.128242
latency,4,108,http1_rust_nodelay_production_req4096_resp32768_c4_keepalive_ms,0.126872
latency,4,109,http1_rust_nodelay_production_req4096_resp32768_c4_keepalive_ms,0.127042
latency,4,110,http1_rust_nodelay_production_req4096_resp32768_c4_keepalive_ms,0.126862
latency,4,111,http1_rust_nodelay_production_req4096_resp32768_c4_keepalive_ms,0.126452
latency,4,112,http1_rust_nodelay_production_req4096_resp32768_c4_keepalive_ms,8.211738
latency,4,113,http1_rust_nodelay_production_req4096_resp32768_c4_keepalive_ms,0.150232
latency,4,114,http1_rust_nodelay_production_req4096_resp32768_c4_keepalive_ms,0.140763
latency,4,115,http1_rust_nodelay_production_req4096_resp32768_c4_keepalive_ms,0.140942
latency,4,116,http1_rust_nodelay_production_req4096_resp32768_c4_keepalive_ms,0.139842
latency,4,117,http1_rust_nodelay_production_req4096_resp32768_c4_keepalive_ms,0.277454
latency,4,118,http1_rust_nodelay_production_req4096_resp32768_c4_keepalive_ms,0.254424
latency,4,119,http1_rust_nodelay_production_req4096_resp32768_c4_keepalive_ms,0.250634
latency,4,120,http1_rust_nodelay_production_req4096_resp32768_c4_keepalive_ms,0.249724
latency,4,121,http1_rust_nodelay_production_req4096_resp32768_c4_keepalive_ms,0.262254
latency,4,122,http1_rust_nodelay_production_req4096_resp32768_c4_keepalive_ms,0.251784
latency,4,123,http1_rust_nodelay_production_req4096_resp32768_c4_keepalive_ms,0.248354
latency,4,124,http1_rust_nodelay_production_req4096_resp32768_c4_keepalive_ms,0.247844
latency,4,125,http1_rust_nodelay_production_req4096_resp32768_c4_keepalive_ms,0.294825
latency,4,126,http1_rust_nodelay_production_req4096_resp32768_c4_keepalive_ms,0.237383
latency,4,127,http1_rust_nodelay_production_req4096_resp32768_c4_keepalive_ms,0.240924
latency,4,128,http1_rust_nodelay_production_req4096_resp32768_c4_keepalive_ms,0.234784
latency,4,129,http1_rust_nodelay_production_req4096_resp32768_c4_keepalive_ms,0.240473
latency,4,130,http1_rust_nodelay_production_req4096_resp32768_c4_keepalive_ms,0.155613
latency,4,131,http1_rust_nodelay_production_req4096_resp32768_c4_keepalive_ms,0.127662
latency,4,132,http1_rust_nodelay_production_req4096_resp32768_c4_keepalive_ms,0.127942
latency,4,133,http1_rust_nodelay_production_req4096_resp32768_c4_keepalive_ms,0.127972
latency,4,134,http1_rust_nodelay_production_req4096_resp32768_c4_keepalive_ms,0.128082
latency,4,135,http1_rust_nodelay_production_req4096_resp32768_c4_keepalive_ms,0.128552
latency,4,136,http1_rust_nodelay_production_req4096_resp32768_c4_keepalive_ms,0.128232
latency,4,137,http1_rust_nodelay_production_req4096_resp32768_c4_keepalive_ms,0.136232
latency,4,138,http1_rust_nodelay_production_req4096_resp32768_c4_keepalive_ms,0.128862
latency,4,139,http1_rust_nodelay_production_req4096_resp32768_c4_keepalive_ms,0.129682
latency,4,140,http1_rust_nodelay_production_req4096_resp32768_c4_keepalive_ms,0.126492
latency,4,141,http1_rust_nodelay_production_req4096_resp32768_c4_keepalive_ms,0.126152
latency,4,142,http1_rust_nodelay_production_req4096_resp32768_c4_keepalive_ms,0.125932
latency,4,143,http1_rust_nodelay_production_req4096_resp32768_c4_keepalive_ms,0.126112
latency,4,144,http1_rust_nodelay_production_req4096_resp32768_c4_keepalive_ms,0.126432
latency,4,145,http1_rust_nodelay_production_req4096_resp32768_c4_keepalive_ms,0.134372
latency,4,146,http1_rust_nodelay_production_req4096_resp32768_c4_keepalive_ms,0.124852
latency,4,147,http1_rust_nodelay_production_req4096_resp32768_c4_keepalive_ms,0.126162
latency,4,148,http1_rust_nodelay_production_req4096_resp32768_c4_keepalive_ms,0.125882
latency,4,149,http1_rust_nodelay_production_req4096_resp32768_c4_keepalive_ms,0.125292
latency,4,150,http1_rust_nodelay_production_req4096_resp32768_c4_keepalive_ms,0.126282
latency,4,151,http1_rust_nodelay_production_req4096_resp32768_c4_keepalive_ms,0.126382
latency,4,152,http1_rust_nodelay_production_req4096_resp32768_c4_keepalive_ms,5.924633
latency,4,153,http1_rust_nodelay_production_req4096_resp32768_c4_keepalive_ms,0.166482
latency,4,154,http1_rust_nodelay_production_req4096_resp32768_c4_keepalive_ms,0.141672
latency,4,155,http1_rust_nodelay_production_req4096_resp32768_c4_keepalive_ms,0.129932
latency,4,156,http1_rust_nodelay_production_req4096_resp32768_c4_keepalive_ms,0.127982
latency,4,157,http1_rust_nodelay_production_req4096_resp32768_c4_keepalive_ms,0.126992
latency,4,158,http1_rust_nodelay_production_req4096_resp32768_c4_keepalive_ms,0.126792
latency,4,159,http1_rust_nodelay_production_req4096_resp32768_c4_keepalive_ms,0.126722
trial,4,320,http1_rust_nodelay_production_req4096_resp32768_c4_median_ms,0.128552
trial,4,320,http1_rust_nodelay_production_req4096_resp32768_c4_p95_ms,0.408957
trial,4,320,http1_rust_nodelay_production_req4096_resp32768_c4_requests_per_second,7407.691
trial,4,320,http1_rust_nodelay_production_req4096_resp32768_c4_wall_ms,43.198
trial,4,320,http1_rust_nodelay_production_req4096_resp32768_c4_mib_per_second,260.427
trial,4,320,http1_rust_nodelay_production_req4096_resp32768_c4_process_cpu_us,43227
summary,0,1600,http1_rust_nodelay_production_req4096_resp32768_c4_keepalive_ms_median,0.129412
summary,0,1600,http1_rust_nodelay_production_req4096_resp32768_c4_keepalive_ms_p95,0.481018
latency,0,720,http1_rust_nodelay_production_req4096_resp32768_c16_keepalive_ms,0.143292
latency,0,721,http1_rust_nodelay_production_req4096_resp32768_c16_keepalive_ms,0.128932
latency,0,722,http1_rust_nodelay_production_req4096_resp32768_c16_keepalive_ms,0.126882
latency,0,723,http1_rust_nodelay_production_req4096_resp32768_c16_keepalive_ms,0.126672
latency,0,724,http1_rust_nodelay_production_req4096_resp32768_c16_keepalive_ms,0.125912
latency,0,725,http1_rust_nodelay_production_req4096_resp32768_c16_keepalive_ms,0.126632
latency,0,726,http1_rust_nodelay_production_req4096_resp32768_c16_keepalive_ms,0.129952
latency,0,727,http1_rust_nodelay_production_req4096_resp32768_c16_keepalive_ms,0.127172
latency,0,728,http1_rust_nodelay_production_req4096_resp32768_c16_keepalive_ms,0.135712
latency,0,729,http1_rust_nodelay_production_req4096_resp32768_c16_keepalive_ms,0.126962
latency,0,730,http1_rust_nodelay_production_req4096_resp32768_c16_keepalive_ms,0.130482
latency,0,731,http1_rust_nodelay_production_req4096_resp32768_c16_keepalive_ms,0.129002
latency,0,732,http1_rust_nodelay_production_req4096_resp32768_c16_keepalive_ms,0.125592
latency,0,733,http1_rust_nodelay_production_req4096_resp32768_c16_keepalive_ms,0.125132
latency,0,734,http1_rust_nodelay_production_req4096_resp32768_c16_keepalive_ms,0.125082
latency,0,735,http1_rust_nodelay_production_req4096_resp32768_c16_keepalive_ms,0.125261
latency,0,736,http1_rust_nodelay_production_req4096_resp32768_c16_keepalive_ms,0.133743
latency,0,737,http1_rust_nodelay_production_req4096_resp32768_c16_keepalive_ms,0.126662
latency,0,738,http1_rust_nodelay_production_req4096_resp32768_c16_keepalive_ms,0.124201
latency,0,739,http1_rust_nodelay_production_req4096_resp32768_c16_keepalive_ms,0.124531
latency,0,740,http1_rust_nodelay_production_req4096_resp32768_c16_keepalive_ms,0.124982
latency,0,741,http1_rust_nodelay_production_req4096_resp32768_c16_keepalive_ms,0.124982
latency,0,742,http1_rust_nodelay_production_req4096_resp32768_c16_keepalive_ms,0.124552
latency,0,743,http1_rust_nodelay_production_req4096_resp32768_c16_keepalive_ms,0.125202
latency,0,744,http1_rust_nodelay_production_req4096_resp32768_c16_keepalive_ms,10.029587
latency,0,745,http1_rust_nodelay_production_req4096_resp32768_c16_keepalive_ms,1.480013
latency,0,746,http1_rust_nodelay_production_req4096_resp32768_c16_keepalive_ms,1.853699
latency,0,747,http1_rust_nodelay_production_req4096_resp32768_c16_keepalive_ms,1.716237
latency,0,748,http1_rust_nodelay_production_req4096_resp32768_c16_keepalive_ms,1.691177
latency,0,749,http1_rust_nodelay_production_req4096_resp32768_c16_keepalive_ms,1.621365
latency,0,750,http1_rust_nodelay_production_req4096_resp32768_c16_keepalive_ms,1.266410
latency,0,751,http1_rust_nodelay_production_req4096_resp32768_c16_keepalive_ms,1.742017
latency,0,752,http1_rust_nodelay_production_req4096_resp32768_c16_keepalive_ms,1.869399
latency,0,753,http1_rust_nodelay_production_req4096_resp32768_c16_keepalive_ms,1.674726
latency,0,754,http1_rust_nodelay_production_req4096_resp32768_c16_keepalive_ms,1.278350
latency,0,755,http1_rust_nodelay_production_req4096_resp32768_c16_keepalive_ms,1.624286
latency,0,756,http1_rust_nodelay_production_req4096_resp32768_c16_keepalive_ms,1.234619
latency,0,757,http1_rust_nodelay_production_req4096_resp32768_c16_keepalive_ms,1.724037
latency,0,758,http1_rust_nodelay_production_req4096_resp32768_c16_keepalive_ms,1.763847
latency,0,759,http1_rust_nodelay_production_req4096_resp32768_c16_keepalive_ms,1.256680
latency,0,760,http1_rust_nodelay_production_req4096_resp32768_c16_keepalive_ms,1.652556
latency,0,761,http1_rust_nodelay_production_req4096_resp32768_c16_keepalive_ms,1.764637
latency,0,762,http1_rust_nodelay_production_req4096_resp32768_c16_keepalive_ms,1.634936
latency,0,763,http1_rust_nodelay_production_req4096_resp32768_c16_keepalive_ms,1.768268
latency,0,764,http1_rust_nodelay_production_req4096_resp32768_c16_keepalive_ms,1.368491
latency,0,765,http1_rust_nodelay_production_req4096_resp32768_c16_keepalive_ms,1.748417
latency,0,766,http1_rust_nodelay_production_req4096_resp32768_c16_keepalive_ms,1.875530
latency,0,767,http1_rust_nodelay_production_req4096_resp32768_c16_keepalive_ms,1.787248
latency,0,768,http1_rust_nodelay_production_req4096_resp32768_c16_keepalive_ms,1.266050
latency,0,769,http1_rust_nodelay_production_req4096_resp32768_c16_keepalive_ms,1.673716
latency,0,770,http1_rust_nodelay_production_req4096_resp32768_c16_keepalive_ms,1.709156
latency,0,771,http1_rust_nodelay_production_req4096_resp32768_c16_keepalive_ms,1.246870
latency,0,772,http1_rust_nodelay_production_req4096_resp32768_c16_keepalive_ms,1.263130
latency,0,773,http1_rust_nodelay_production_req4096_resp32768_c16_keepalive_ms,1.775107
latency,0,774,http1_rust_nodelay_production_req4096_resp32768_c16_keepalive_ms,1.734808
latency,0,775,http1_rust_nodelay_production_req4096_resp32768_c16_keepalive_ms,1.727596
latency,0,776,http1_rust_nodelay_production_req4096_resp32768_c16_keepalive_ms,1.987711
latency,0,777,http1_rust_nodelay_production_req4096_resp32768_c16_keepalive_ms,1.627476
latency,0,778,http1_rust_nodelay_production_req4096_resp32768_c16_keepalive_ms,1.259580
latency,0,779,http1_rust_nodelay_production_req4096_resp32768_c16_keepalive_ms,1.365781
latency,0,780,http1_rust_nodelay_production_req4096_resp32768_c16_keepalive_ms,1.715747
latency,0,781,http1_rust_nodelay_production_req4096_resp32768_c16_keepalive_ms,1.290780
latency,0,782,http1_rust_nodelay_production_req4096_resp32768_c16_keepalive_ms,1.671026
latency,0,783,http1_rust_nodelay_production_req4096_resp32768_c16_keepalive_ms,1.771478
latency,0,784,http1_rust_nodelay_production_req4096_resp32768_c16_keepalive_ms,1.649596
latency,0,785,http1_rust_nodelay_production_req4096_resp32768_c16_keepalive_ms,1.742887
latency,0,786,http1_rust_nodelay_production_req4096_resp32768_c16_keepalive_ms,1.664386
latency,0,787,http1_rust_nodelay_production_req4096_resp32768_c16_keepalive_ms,1.697846
latency,0,788,http1_rust_nodelay_production_req4096_resp32768_c16_keepalive_ms,1.608966
latency,0,789,http1_rust_nodelay_production_req4096_resp32768_c16_keepalive_ms,1.715436
latency,0,790,http1_rust_nodelay_production_req4096_resp32768_c16_keepalive_ms,1.666606
latency,0,791,http1_rust_nodelay_production_req4096_resp32768_c16_keepalive_ms,1.677487
latency,0,792,http1_rust_nodelay_production_req4096_resp32768_c16_keepalive_ms,1.317390
latency,0,793,http1_rust_nodelay_production_req4096_resp32768_c16_keepalive_ms,1.703087
latency,0,794,http1_rust_nodelay_production_req4096_resp32768_c16_keepalive_ms,1.712407
latency,0,795,http1_rust_nodelay_production_req4096_resp32768_c16_keepalive_ms,10.263350
latency,0,796,http1_rust_nodelay_production_req4096_resp32768_c16_keepalive_ms,1.587615
latency,0,797,http1_rust_nodelay_production_req4096_resp32768_c16_keepalive_ms,1.317350
latency,0,798,http1_rust_nodelay_production_req4096_resp32768_c16_keepalive_ms,1.264230
latency,0,799,http1_rust_nodelay_production_req4096_resp32768_c16_keepalive_ms,1.641836
latency,0,800,http1_rust_nodelay_production_req4096_resp32768_c16_keepalive_ms,1.413242
latency,0,801,http1_rust_nodelay_production_req4096_resp32768_c16_keepalive_ms,1.885229
latency,0,802,http1_rust_nodelay_production_req4096_resp32768_c16_keepalive_ms,1.801268
latency,0,803,http1_rust_nodelay_production_req4096_resp32768_c16_keepalive_ms,1.730677
latency,0,804,http1_rust_nodelay_production_req4096_resp32768_c16_keepalive_ms,1.463873
latency,0,805,http1_rust_nodelay_production_req4096_resp32768_c16_keepalive_ms,1.325621
latency,0,806,http1_rust_nodelay_production_req4096_resp32768_c16_keepalive_ms,1.423212
latency,0,807,http1_rust_nodelay_production_req4096_resp32768_c16_keepalive_ms,1.638096
latency,0,808,http1_rust_nodelay_production_req4096_resp32768_c16_keepalive_ms,1.676666
latency,0,809,http1_rust_nodelay_production_req4096_resp32768_c16_keepalive_ms,2.223795
latency,0,810,http1_rust_nodelay_production_req4096_resp32768_c16_keepalive_ms,0.830243
latency,0,811,http1_rust_nodelay_production_req4096_resp32768_c16_keepalive_ms,1.701316
latency,0,812,http1_rust_nodelay_production_req4096_resp32768_c16_keepalive_ms,1.284560
latency,0,813,http1_rust_nodelay_production_req4096_resp32768_c16_keepalive_ms,1.755798
latency,0,814,http1_rust_nodelay_production_req4096_resp32768_c16_keepalive_ms,1.774148
latency,0,815,http1_rust_nodelay_production_req4096_resp32768_c16_keepalive_ms,1.342911
latency,0,816,http1_rust_nodelay_production_req4096_resp32768_c16_keepalive_ms,1.623815
latency,0,817,http1_rust_nodelay_production_req4096_resp32768_c16_keepalive_ms,1.638516
latency,0,818,http1_rust_nodelay_production_req4096_resp32768_c16_keepalive_ms,1.626405
latency,0,819,http1_rust_nodelay_production_req4096_resp32768_c16_keepalive_ms,1.850849
latency,0,820,http1_rust_nodelay_production_req4096_resp32768_c16_keepalive_ms,1.637476
latency,0,821,http1_rust_nodelay_production_req4096_resp32768_c16_keepalive_ms,1.399722
latency,0,822,http1_rust_nodelay_production_req4096_resp32768_c16_keepalive_ms,1.661045
latency,0,823,http1_rust_nodelay_production_req4096_resp32768_c16_keepalive_ms,1.284140
latency,0,824,http1_rust_nodelay_production_req4096_resp32768_c16_keepalive_ms,1.665837
latency,0,825,http1_rust_nodelay_production_req4096_resp32768_c16_keepalive_ms,1.402482
latency,0,826,http1_rust_nodelay_production_req4096_resp32768_c16_keepalive_ms,1.674796
latency,0,827,http1_rust_nodelay_production_req4096_resp32768_c16_keepalive_ms,1.755047
latency,0,828,http1_rust_nodelay_production_req4096_resp32768_c16_keepalive_ms,1.672226
latency,0,829,http1_rust_nodelay_production_req4096_resp32768_c16_keepalive_ms,1.654126
latency,0,830,http1_rust_nodelay_production_req4096_resp32768_c16_keepalive_ms,1.641796
latency,0,831,http1_rust_nodelay_production_req4096_resp32768_c16_keepalive_ms,1.694406
latency,0,832,http1_rust_nodelay_production_req4096_resp32768_c16_keepalive_ms,1.694537
latency,0,833,http1_rust_nodelay_production_req4096_resp32768_c16_keepalive_ms,1.654756
latency,0,834,http1_rust_nodelay_production_req4096_resp32768_c16_keepalive_ms,1.628495
latency,0,835,http1_rust_nodelay_production_req4096_resp32768_c16_keepalive_ms,4.739254
latency,0,836,http1_rust_nodelay_production_req4096_resp32768_c16_keepalive_ms,7.325705
latency,0,837,http1_rust_nodelay_production_req4096_resp32768_c16_keepalive_ms,1.241209
latency,0,838,http1_rust_nodelay_production_req4096_resp32768_c16_keepalive_ms,1.349061
latency,0,839,http1_rust_nodelay_production_req4096_resp32768_c16_keepalive_ms,1.393872
latency,0,840,http1_rust_nodelay_production_req4096_resp32768_c16_keepalive_ms,1.680366
latency,0,841,http1_rust_nodelay_production_req4096_resp32768_c16_keepalive_ms,1.707627
latency,0,842,http1_rust_nodelay_production_req4096_resp32768_c16_keepalive_ms,1.174698
latency,0,843,http1_rust_nodelay_production_req4096_resp32768_c16_keepalive_ms,1.309391
latency,0,844,http1_rust_nodelay_production_req4096_resp32768_c16_keepalive_ms,1.631855
latency,0,845,http1_rust_nodelay_production_req4096_resp32768_c16_keepalive_ms,1.621355
latency,0,846,http1_rust_nodelay_production_req4096_resp32768_c16_keepalive_ms,1.748548
latency,0,847,http1_rust_nodelay_production_req4096_resp32768_c16_keepalive_ms,1.691926
latency,0,848,http1_rust_nodelay_production_req4096_resp32768_c16_keepalive_ms,1.826509
latency,0,849,http1_rust_nodelay_production_req4096_resp32768_c16_keepalive_ms,1.774968
latency,0,850,http1_rust_nodelay_production_req4096_resp32768_c16_keepalive_ms,1.672436
latency,0,851,http1_rust_nodelay_production_req4096_resp32768_c16_keepalive_ms,1.676906
latency,0,852,http1_rust_nodelay_production_req4096_resp32768_c16_keepalive_ms,1.618345
latency,0,853,http1_rust_nodelay_production_req4096_resp32768_c16_keepalive_ms,1.167918
latency,0,854,http1_rust_nodelay_production_req4096_resp32768_c16_keepalive_ms,1.609166
latency,0,855,http1_rust_nodelay_production_req4096_resp32768_c16_keepalive_ms,1.354771
latency,0,856,http1_rust_nodelay_production_req4096_resp32768_c16_keepalive_ms,1.666716
latency,0,857,http1_rust_nodelay_production_req4096_resp32768_c16_keepalive_ms,1.261260
latency,0,858,http1_rust_nodelay_production_req4096_resp32768_c16_keepalive_ms,1.168818
latency,0,859,http1_rust_nodelay_production_req4096_resp32768_c16_keepalive_ms,1.729937
latency,0,860,http1_rust_nodelay_production_req4096_resp32768_c16_keepalive_ms,1.171518
latency,0,861,http1_rust_nodelay_production_req4096_resp32768_c16_keepalive_ms,1.622846
latency,0,862,http1_rust_nodelay_production_req4096_resp32768_c16_keepalive_ms,2.198504
latency,0,863,http1_rust_nodelay_production_req4096_resp32768_c16_keepalive_ms,1.790708
latency,0,864,http1_rust_nodelay_production_req4096_resp32768_c16_keepalive_ms,1.516873
latency,0,865,http1_rust_nodelay_production_req4096_resp32768_c16_keepalive_ms,1.194009
latency,0,866,http1_rust_nodelay_production_req4096_resp32768_c16_keepalive_ms,1.524704
latency,0,867,http1_rust_nodelay_production_req4096_resp32768_c16_keepalive_ms,1.571665
latency,0,868,http1_rust_nodelay_production_req4096_resp32768_c16_keepalive_ms,0.859603
latency,0,869,http1_rust_nodelay_production_req4096_resp32768_c16_keepalive_ms,1.524324
latency,0,870,http1_rust_nodelay_production_req4096_resp32768_c16_keepalive_ms,1.650516
latency,0,871,http1_rust_nodelay_production_req4096_resp32768_c16_keepalive_ms,1.505603
latency,0,872,http1_rust_nodelay_production_req4096_resp32768_c16_keepalive_ms,1.248420
latency,0,873,http1_rust_nodelay_production_req4096_resp32768_c16_keepalive_ms,1.678776
latency,0,874,http1_rust_nodelay_production_req4096_resp32768_c16_keepalive_ms,1.556824
latency,0,875,http1_rust_nodelay_production_req4096_resp32768_c16_keepalive_ms,1.137808
latency,0,876,http1_rust_nodelay_production_req4096_resp32768_c16_keepalive_ms,1.573905
latency,0,877,http1_rust_nodelay_production_req4096_resp32768_c16_keepalive_ms,1.577774
latency,0,878,http1_rust_nodelay_production_req4096_resp32768_c16_keepalive_ms,1.121048
latency,0,879,http1_rust_nodelay_production_req4096_resp32768_c16_keepalive_ms,1.633195
latency,0,160,http1_rust_nodelay_production_req4096_resp32768_c16_keepalive_ms,1.374602
latency,0,161,http1_rust_nodelay_production_req4096_resp32768_c16_keepalive_ms,1.898000
latency,0,162,http1_rust_nodelay_production_req4096_resp32768_c16_keepalive_ms,1.805428
latency,0,163,http1_rust_nodelay_production_req4096_resp32768_c16_keepalive_ms,1.949140
latency,0,164,http1_rust_nodelay_production_req4096_resp32768_c16_keepalive_ms,1.581945
latency,0,165,http1_rust_nodelay_production_req4096_resp32768_c16_keepalive_ms,1.800048
latency,0,166,http1_rust_nodelay_production_req4096_resp32768_c16_keepalive_ms,1.210429
latency,0,167,http1_rust_nodelay_production_req4096_resp32768_c16_keepalive_ms,1.712037
latency,0,168,http1_rust_nodelay_production_req4096_resp32768_c16_keepalive_ms,1.759287
latency,0,169,http1_rust_nodelay_production_req4096_resp32768_c16_keepalive_ms,1.473194
latency,0,170,http1_rust_nodelay_production_req4096_resp32768_c16_keepalive_ms,3.112848
latency,0,171,http1_rust_nodelay_production_req4096_resp32768_c16_keepalive_ms,1.689607
latency,0,172,http1_rust_nodelay_production_req4096_resp32768_c16_keepalive_ms,1.457942
latency,0,173,http1_rust_nodelay_production_req4096_resp32768_c16_keepalive_ms,1.318711
latency,0,174,http1_rust_nodelay_production_req4096_resp32768_c16_keepalive_ms,1.489143
latency,0,175,http1_rust_nodelay_production_req4096_resp32768_c16_keepalive_ms,1.654996
latency,0,176,http1_rust_nodelay_production_req4096_resp32768_c16_keepalive_ms,1.622755
latency,0,177,http1_rust_nodelay_production_req4096_resp32768_c16_keepalive_ms,1.722327
latency,0,178,http1_rust_nodelay_production_req4096_resp32768_c16_keepalive_ms,1.931920
latency,0,179,http1_rust_nodelay_production_req4096_resp32768_c16_keepalive_ms,1.710647
latency,0,180,http1_rust_nodelay_production_req4096_resp32768_c16_keepalive_ms,1.714497
latency,0,181,http1_rust_nodelay_production_req4096_resp32768_c16_keepalive_ms,1.360771
latency,0,182,http1_rust_nodelay_production_req4096_resp32768_c16_keepalive_ms,1.663266
latency,0,183,http1_rust_nodelay_production_req4096_resp32768_c16_keepalive_ms,1.769438
latency,0,184,http1_rust_nodelay_production_req4096_resp32768_c16_keepalive_ms,1.746497
latency,0,185,http1_rust_nodelay_production_req4096_resp32768_c16_keepalive_ms,1.383632
latency,0,186,http1_rust_nodelay_production_req4096_resp32768_c16_keepalive_ms,1.635235
latency,0,187,http1_rust_nodelay_production_req4096_resp32768_c16_keepalive_ms,1.291141
latency,0,188,http1_rust_nodelay_production_req4096_resp32768_c16_keepalive_ms,1.854709
latency,0,189,http1_rust_nodelay_production_req4096_resp32768_c16_keepalive_ms,1.689186
latency,0,190,http1_rust_nodelay_production_req4096_resp32768_c16_keepalive_ms,1.316301
latency,0,191,http1_rust_nodelay_production_req4096_resp32768_c16_keepalive_ms,1.704556
latency,0,192,http1_rust_nodelay_production_req4096_resp32768_c16_keepalive_ms,1.237910
latency,0,193,http1_rust_nodelay_production_req4096_resp32768_c16_keepalive_ms,1.681996
latency,0,194,http1_rust_nodelay_production_req4096_resp32768_c16_keepalive_ms,1.729157
latency,0,195,http1_rust_nodelay_production_req4096_resp32768_c16_keepalive_ms,0.923504
latency,0,196,http1_rust_nodelay_production_req4096_resp32768_c16_keepalive_ms,1.684027
latency,0,197,http1_rust_nodelay_production_req4096_resp32768_c16_keepalive_ms,1.348551
latency,0,198,http1_rust_nodelay_production_req4096_resp32768_c16_keepalive_ms,1.638856
latency,0,199,http1_rust_nodelay_production_req4096_resp32768_c16_keepalive_ms,1.595554
latency,0,200,http1_rust_nodelay_production_req4096_resp32768_c16_keepalive_ms,1.970611
latency,0,201,http1_rust_nodelay_production_req4096_resp32768_c16_keepalive_ms,1.587075
latency,0,202,http1_rust_nodelay_production_req4096_resp32768_c16_keepalive_ms,1.527734
latency,0,203,http1_rust_nodelay_production_req4096_resp32768_c16_keepalive_ms,1.344101
latency,0,204,http1_rust_nodelay_production_req4096_resp32768_c16_keepalive_ms,1.301080
latency,0,205,http1_rust_nodelay_production_req4096_resp32768_c16_keepalive_ms,1.734517
latency,0,206,http1_rust_nodelay_production_req4096_resp32768_c16_keepalive_ms,1.303301
latency,0,207,http1_rust_nodelay_production_req4096_resp32768_c16_keepalive_ms,1.603695
latency,0,208,http1_rust_nodelay_production_req4096_resp32768_c16_keepalive_ms,1.336460
latency,0,209,http1_rust_nodelay_production_req4096_resp32768_c16_keepalive_ms,1.609846
latency,0,210,http1_rust_nodelay_production_req4096_resp32768_c16_keepalive_ms,10.717947
latency,0,211,http1_rust_nodelay_production_req4096_resp32768_c16_keepalive_ms,1.660286
latency,0,212,http1_rust_nodelay_production_req4096_resp32768_c16_keepalive_ms,1.657216
latency,0,213,http1_rust_nodelay_production_req4096_resp32768_c16_keepalive_ms,1.254060
latency,0,214,http1_rust_nodelay_production_req4096_resp32768_c16_keepalive_ms,1.735927
latency,0,215,http1_rust_nodelay_production_req4096_resp32768_c16_keepalive_ms,1.327381
latency,0,216,http1_rust_nodelay_production_req4096_resp32768_c16_keepalive_ms,1.618925
latency,0,217,http1_rust_nodelay_production_req4096_resp32768_c16_keepalive_ms,1.627715
latency,0,218,http1_rust_nodelay_production_req4096_resp32768_c16_keepalive_ms,1.691247
latency,0,219,http1_rust_nodelay_production_req4096_resp32768_c16_keepalive_ms,1.604725
latency,0,220,http1_rust_nodelay_production_req4096_resp32768_c16_keepalive_ms,1.711116
latency,0,221,http1_rust_nodelay_production_req4096_resp32768_c16_keepalive_ms,1.341191
latency,0,222,http1_rust_nodelay_production_req4096_resp32768_c16_keepalive_ms,1.651926
latency,0,223,http1_rust_nodelay_production_req4096_resp32768_c16_keepalive_ms,0.789973
latency,0,224,http1_rust_nodelay_production_req4096_resp32768_c16_keepalive_ms,1.518813
latency,0,225,http1_rust_nodelay_production_req4096_resp32768_c16_keepalive_ms,1.537024
latency,0,226,http1_rust_nodelay_production_req4096_resp32768_c16_keepalive_ms,1.209220
latency,0,227,http1_rust_nodelay_production_req4096_resp32768_c16_keepalive_ms,1.629755
latency,0,228,http1_rust_nodelay_production_req4096_resp32768_c16_keepalive_ms,1.513363
latency,0,229,http1_rust_nodelay_production_req4096_resp32768_c16_keepalive_ms,1.209720
latency,0,230,http1_rust_nodelay_production_req4096_resp32768_c16_keepalive_ms,1.594484
latency,0,231,http1_rust_nodelay_production_req4096_resp32768_c16_keepalive_ms,1.565855
latency,0,232,http1_rust_nodelay_production_req4096_resp32768_c16_keepalive_ms,1.677366
latency,0,233,http1_rust_nodelay_production_req4096_resp32768_c16_keepalive_ms,1.557184
latency,0,234,http1_rust_nodelay_production_req4096_resp32768_c16_keepalive_ms,1.580405
latency,0,235,http1_rust_nodelay_production_req4096_resp32768_c16_keepalive_ms,1.295470
latency,0,236,http1_rust_nodelay_production_req4096_resp32768_c16_keepalive_ms,1.516634
latency,0,237,http1_rust_nodelay_production_req4096_resp32768_c16_keepalive_ms,1.456773
latency,0,238,http1_rust_nodelay_production_req4096_resp32768_c16_keepalive_ms,1.545504
latency,0,239,http1_rust_nodelay_production_req4096_resp32768_c16_keepalive_ms,1.579075
latency,0,560,http1_rust_nodelay_production_req4096_resp32768_c16_keepalive_ms,1.801469
latency,0,561,http1_rust_nodelay_production_req4096_resp32768_c16_keepalive_ms,1.894879
latency,0,562,http1_rust_nodelay_production_req4096_resp32768_c16_keepalive_ms,1.813229
latency,0,563,http1_rust_nodelay_production_req4096_resp32768_c16_keepalive_ms,1.717107
latency,0,564,http1_rust_nodelay_production_req4096_resp32768_c16_keepalive_ms,1.687676
latency,0,565,http1_rust_nodelay_production_req4096_resp32768_c16_keepalive_ms,1.405362
latency,0,566,http1_rust_nodelay_production_req4096_resp32768_c16_keepalive_ms,1.588725
latency,0,567,http1_rust_nodelay_production_req4096_resp32768_c16_keepalive_ms,1.288940
latency,0,568,http1_rust_nodelay_production_req4096_resp32768_c16_keepalive_ms,1.718927
latency,0,569,http1_rust_nodelay_production_req4096_resp32768_c16_keepalive_ms,1.685286
latency,0,570,http1_rust_nodelay_production_req4096_resp32768_c16_keepalive_ms,0.848543
latency,0,571,http1_rust_nodelay_production_req4096_resp32768_c16_keepalive_ms,1.647886
latency,0,572,http1_rust_nodelay_production_req4096_resp32768_c16_keepalive_ms,1.677966
latency,0,573,http1_rust_nodelay_production_req4096_resp32768_c16_keepalive_ms,1.847239
latency,0,574,http1_rust_nodelay_production_req4096_resp32768_c16_keepalive_ms,1.718697
latency,0,575,http1_rust_nodelay_production_req4096_resp32768_c16_keepalive_ms,4.252656
latency,0,576,http1_rust_nodelay_production_req4096_resp32768_c16_keepalive_ms,1.627206
latency,0,577,http1_rust_nodelay_production_req4096_resp32768_c16_keepalive_ms,1.861599
latency,0,578,http1_rust_nodelay_production_req4096_resp32768_c16_keepalive_ms,1.638115
latency,0,579,http1_rust_nodelay_production_req4096_resp32768_c16_keepalive_ms,1.364122
latency,0,580,http1_rust_nodelay_production_req4096_resp32768_c16_keepalive_ms,1.661336
latency,0,581,http1_rust_nodelay_production_req4096_resp32768_c16_keepalive_ms,1.742147
latency,0,582,http1_rust_nodelay_production_req4096_resp32768_c16_keepalive_ms,1.277350
latency,0,583,http1_rust_nodelay_production_req4096_resp32768_c16_keepalive_ms,1.724787
latency,0,584,http1_rust_nodelay_production_req4096_resp32768_c16_keepalive_ms,1.719777
latency,0,585,http1_rust_nodelay_production_req4096_resp32768_c16_keepalive_ms,1.317561
latency,0,586,http1_rust_nodelay_production_req4096_resp32768_c16_keepalive_ms,1.671315
latency,0,587,http1_rust_nodelay_production_req4096_resp32768_c16_keepalive_ms,1.655286
latency,0,588,http1_rust_nodelay_production_req4096_resp32768_c16_keepalive_ms,1.641686
latency,0,589,http1_rust_nodelay_production_req4096_resp32768_c16_keepalive_ms,1.694026
latency,0,590,http1_rust_nodelay_production_req4096_resp32768_c16_keepalive_ms,1.695167
latency,0,591,http1_rust_nodelay_production_req4096_resp32768_c16_keepalive_ms,1.653896
latency,0,592,http1_rust_nodelay_production_req4096_resp32768_c16_keepalive_ms,1.295130
latency,0,593,http1_rust_nodelay_production_req4096_resp32768_c16_keepalive_ms,1.671236
latency,0,594,http1_rust_nodelay_production_req4096_resp32768_c16_keepalive_ms,1.806738
latency,0,595,http1_rust_nodelay_production_req4096_resp32768_c16_keepalive_ms,1.327781
latency,0,596,http1_rust_nodelay_production_req4096_resp32768_c16_keepalive_ms,1.507324
latency,0,597,http1_rust_nodelay_production_req4096_resp32768_c16_keepalive_ms,1.299800
latency,0,598,http1_rust_nodelay_production_req4096_resp32768_c16_keepalive_ms,1.683066
latency,0,599,http1_rust_nodelay_production_req4096_resp32768_c16_keepalive_ms,1.783238
latency,0,600,http1_rust_nodelay_production_req4096_resp32768_c16_keepalive_ms,1.162159
latency,0,601,http1_rust_nodelay_production_req4096_resp32768_c16_keepalive_ms,1.613095
latency,0,602,http1_rust_nodelay_production_req4096_resp32768_c16_keepalive_ms,1.795998
latency,0,603,http1_rust_nodelay_production_req4096_resp32768_c16_keepalive_ms,1.810598
latency,0,604,http1_rust_nodelay_production_req4096_resp32768_c16_keepalive_ms,1.651476
latency,0,605,http1_rust_nodelay_production_req4096_resp32768_c16_keepalive_ms,1.327431
latency,0,606,http1_rust_nodelay_production_req4096_resp32768_c16_keepalive_ms,1.300740
latency,0,607,http1_rust_nodelay_production_req4096_resp32768_c16_keepalive_ms,1.642585
latency,0,608,http1_rust_nodelay_production_req4096_resp32768_c16_keepalive_ms,1.298321
latency,0,609,http1_rust_nodelay_production_req4096_resp32768_c16_keepalive_ms,1.256110
latency,0,610,http1_rust_nodelay_production_req4096_resp32768_c16_keepalive_ms,1.687666
latency,0,611,http1_rust_nodelay_production_req4096_resp32768_c16_keepalive_ms,1.214639
latency,0,612,http1_rust_nodelay_production_req4096_resp32768_c16_keepalive_ms,1.648656
latency,0,613,http1_rust_nodelay_production_req4096_resp32768_c16_keepalive_ms,1.259300
latency,0,614,http1_rust_nodelay_production_req4096_resp32768_c16_keepalive_ms,1.731826
latency,0,615,http1_rust_nodelay_production_req4096_resp32768_c16_keepalive_ms,1.267160
latency,0,616,http1_rust_nodelay_production_req4096_resp32768_c16_keepalive_ms,1.268600
latency,0,617,http1_rust_nodelay_production_req4096_resp32768_c16_keepalive_ms,1.673446
latency,0,618,http1_rust_nodelay_production_req4096_resp32768_c16_keepalive_ms,1.596835
latency,0,619,http1_rust_nodelay_production_req4096_resp32768_c16_keepalive_ms,1.237990
latency,0,620,http1_rust_nodelay_production_req4096_resp32768_c16_keepalive_ms,1.686196
latency,0,621,http1_rust_nodelay_production_req4096_resp32768_c16_keepalive_ms,1.316490
latency,0,622,http1_rust_nodelay_production_req4096_resp32768_c16_keepalive_ms,1.591095
latency,0,623,http1_rust_nodelay_production_req4096_resp32768_c16_keepalive_ms,1.612775
latency,0,624,http1_rust_nodelay_production_req4096_resp32768_c16_keepalive_ms,1.663367
latency,0,625,http1_rust_nodelay_production_req4096_resp32768_c16_keepalive_ms,11.605511
latency,0,626,http1_rust_nodelay_production_req4096_resp32768_c16_keepalive_ms,1.266070
latency,0,627,http1_rust_nodelay_production_req4096_resp32768_c16_keepalive_ms,1.530924
latency,0,628,http1_rust_nodelay_production_req4096_resp32768_c16_keepalive_ms,1.624255
latency,0,629,http1_rust_nodelay_production_req4096_resp32768_c16_keepalive_ms,1.531644
latency,0,630,http1_rust_nodelay_production_req4096_resp32768_c16_keepalive_ms,1.264020
latency,0,631,http1_rust_nodelay_production_req4096_resp32768_c16_keepalive_ms,1.610105
latency,0,632,http1_rust_nodelay_production_req4096_resp32768_c16_keepalive_ms,1.572064
latency,0,633,http1_rust_nodelay_production_req4096_resp32768_c16_keepalive_ms,1.198629
latency,0,634,http1_rust_nodelay_production_req4096_resp32768_c16_keepalive_ms,1.573235
latency,0,635,http1_rust_nodelay_production_req4096_resp32768_c16_keepalive_ms,1.508873
latency,0,636,http1_rust_nodelay_production_req4096_resp32768_c16_keepalive_ms,1.147258
latency,0,637,http1_rust_nodelay_production_req4096_resp32768_c16_keepalive_ms,1.777338
latency,0,638,http1_rust_nodelay_production_req4096_resp32768_c16_keepalive_ms,1.244470
latency,0,639,http1_rust_nodelay_production_req4096_resp32768_c16_keepalive_ms,1.978540
latency,0,80,http1_rust_nodelay_production_req4096_resp32768_c16_keepalive_ms,1.654576
latency,0,81,http1_rust_nodelay_production_req4096_resp32768_c16_keepalive_ms,1.411632
latency,0,82,http1_rust_nodelay_production_req4096_resp32768_c16_keepalive_ms,1.330690
latency,0,83,http1_rust_nodelay_production_req4096_resp32768_c16_keepalive_ms,1.879250
latency,0,84,http1_rust_nodelay_production_req4096_resp32768_c16_keepalive_ms,1.257570
latency,0,85,http1_rust_nodelay_production_req4096_resp32768_c16_keepalive_ms,1.603135
latency,0,86,http1_rust_nodelay_production_req4096_resp32768_c16_keepalive_ms,1.348571
latency,0,87,http1_rust_nodelay_production_req4096_resp32768_c16_keepalive_ms,1.681626
latency,0,88,http1_rust_nodelay_production_req4096_resp32768_c16_keepalive_ms,1.377501
latency,0,89,http1_rust_nodelay_production_req4096_resp32768_c16_keepalive_ms,1.662297
latency,0,90,http1_rust_nodelay_production_req4096_resp32768_c16_keepalive_ms,1.616535
latency,0,91,http1_rust_nodelay_production_req4096_resp32768_c16_keepalive_ms,1.700836
latency,0,92,http1_rust_nodelay_production_req4096_resp32768_c16_keepalive_ms,1.770638
latency,0,93,http1_rust_nodelay_production_req4096_resp32768_c16_keepalive_ms,1.706547
latency,0,94,http1_rust_nodelay_production_req4096_resp32768_c16_keepalive_ms,1.448222
latency,0,95,http1_rust_nodelay_production_req4096_resp32768_c16_keepalive_ms,1.689877
latency,0,96,http1_rust_nodelay_production_req4096_resp32768_c16_keepalive_ms,1.273030
latency,0,97,http1_rust_nodelay_production_req4096_resp32768_c16_keepalive_ms,1.571894
latency,0,98,http1_rust_nodelay_production_req4096_resp32768_c16_keepalive_ms,1.266520
latency,0,99,http1_rust_nodelay_production_req4096_resp32768_c16_keepalive_ms,1.766508
latency,0,100,http1_rust_nodelay_production_req4096_resp32768_c16_keepalive_ms,1.673416
latency,0,101,http1_rust_nodelay_production_req4096_resp32768_c16_keepalive_ms,1.719677
latency,0,102,http1_rust_nodelay_production_req4096_resp32768_c16_keepalive_ms,1.714297
latency,0,103,http1_rust_nodelay_production_req4096_resp32768_c16_keepalive_ms,1.716426
latency,0,104,http1_rust_nodelay_production_req4096_resp32768_c16_keepalive_ms,1.734208
latency,0,105,http1_rust_nodelay_production_req4096_resp32768_c16_keepalive_ms,1.648485
latency,0,106,http1_rust_nodelay_production_req4096_resp32768_c16_keepalive_ms,1.784338
latency,0,107,http1_rust_nodelay_production_req4096_resp32768_c16_keepalive_ms,1.653126
latency,0,108,http1_rust_nodelay_production_req4096_resp32768_c16_keepalive_ms,1.318420
latency,0,109,http1_rust_nodelay_production_req4096_resp32768_c16_keepalive_ms,1.687737
latency,0,110,http1_rust_nodelay_production_req4096_resp32768_c16_keepalive_ms,10.602036
latency,0,111,http1_rust_nodelay_production_req4096_resp32768_c16_keepalive_ms,1.785667
latency,0,112,http1_rust_nodelay_production_req4096_resp32768_c16_keepalive_ms,1.763888
latency,0,113,http1_rust_nodelay_production_req4096_resp32768_c16_keepalive_ms,1.737307
latency,0,114,http1_rust_nodelay_production_req4096_resp32768_c16_keepalive_ms,1.684806
latency,0,115,http1_rust_nodelay_production_req4096_resp32768_c16_keepalive_ms,1.814819
latency,0,116,http1_rust_nodelay_production_req4096_resp32768_c16_keepalive_ms,1.602835
latency,0,117,http1_rust_nodelay_production_req4096_resp32768_c16_keepalive_ms,1.181478
latency,0,118,http1_rust_nodelay_production_req4096_resp32768_c16_keepalive_ms,9.033051
latency,0,119,http1_rust_nodelay_production_req4096_resp32768_c16_keepalive_ms,1.244320
latency,0,120,http1_rust_nodelay_production_req4096_resp32768_c16_keepalive_ms,1.762968
latency,0,121,http1_rust_nodelay_production_req4096_resp32768_c16_keepalive_ms,1.698846
latency,0,122,http1_rust_nodelay_production_req4096_resp32768_c16_keepalive_ms,1.674506
latency,0,123,http1_rust_nodelay_production_req4096_resp32768_c16_keepalive_ms,1.222270
latency,0,124,http1_rust_nodelay_production_req4096_resp32768_c16_keepalive_ms,1.611165
latency,0,125,http1_rust_nodelay_production_req4096_resp32768_c16_keepalive_ms,1.673076
latency,0,126,http1_rust_nodelay_production_req4096_resp32768_c16_keepalive_ms,1.342511
latency,0,127,http1_rust_nodelay_production_req4096_resp32768_c16_keepalive_ms,1.588945
latency,0,128,http1_rust_nodelay_production_req4096_resp32768_c16_keepalive_ms,1.764437
latency,0,129,http1_rust_nodelay_production_req4096_resp32768_c16_keepalive_ms,1.184629
latency,0,130,http1_rust_nodelay_production_req4096_resp32768_c16_keepalive_ms,1.652596
latency,0,131,http1_rust_nodelay_production_req4096_resp32768_c16_keepalive_ms,1.337100
latency,0,132,http1_rust_nodelay_production_req4096_resp32768_c16_keepalive_ms,1.694907
latency,0,133,http1_rust_nodelay_production_req4096_resp32768_c16_keepalive_ms,1.557825
latency,0,134,http1_rust_nodelay_production_req4096_resp32768_c16_keepalive_ms,1.772117
latency,0,135,http1_rust_nodelay_production_req4096_resp32768_c16_keepalive_ms,1.261940
latency,0,136,http1_rust_nodelay_production_req4096_resp32768_c16_keepalive_ms,1.642575
latency,0,137,http1_rust_nodelay_production_req4096_resp32768_c16_keepalive_ms,2.142604
latency,0,138,http1_rust_nodelay_production_req4096_resp32768_c16_keepalive_ms,1.713187
latency,0,139,http1_rust_nodelay_production_req4096_resp32768_c16_keepalive_ms,1.509103
latency,0,140,http1_rust_nodelay_production_req4096_resp32768_c16_keepalive_ms,1.480683
latency,0,141,http1_rust_nodelay_production_req4096_resp32768_c16_keepalive_ms,1.209179
latency,0,142,http1_rust_nodelay_production_req4096_resp32768_c16_keepalive_ms,1.574115
latency,0,143,http1_rust_nodelay_production_req4096_resp32768_c16_keepalive_ms,1.543004
latency,0,144,http1_rust_nodelay_production_req4096_resp32768_c16_keepalive_ms,1.267830
latency,0,145,http1_rust_nodelay_production_req4096_resp32768_c16_keepalive_ms,1.180298
latency,0,146,http1_rust_nodelay_production_req4096_resp32768_c16_keepalive_ms,1.528884
latency,0,147,http1_rust_nodelay_production_req4096_resp32768_c16_keepalive_ms,1.611905
latency,0,148,http1_rust_nodelay_production_req4096_resp32768_c16_keepalive_ms,1.267980
latency,0,149,http1_rust_nodelay_production_req4096_resp32768_c16_keepalive_ms,1.187189
latency,0,150,http1_rust_nodelay_production_req4096_resp32768_c16_keepalive_ms,1.507263
latency,0,151,http1_rust_nodelay_production_req4096_resp32768_c16_keepalive_ms,1.226020
latency,0,152,http1_rust_nodelay_production_req4096_resp32768_c16_keepalive_ms,1.576464
latency,0,153,http1_rust_nodelay_production_req4096_resp32768_c16_keepalive_ms,1.532534
latency,0,154,http1_rust_nodelay_production_req4096_resp32768_c16_keepalive_ms,1.830639
latency,0,155,http1_rust_nodelay_production_req4096_resp32768_c16_keepalive_ms,1.943710
latency,0,156,http1_rust_nodelay_production_req4096_resp32768_c16_keepalive_ms,1.280460
latency,0,157,http1_rust_nodelay_production_req4096_resp32768_c16_keepalive_ms,1.559685
latency,0,158,http1_rust_nodelay_production_req4096_resp32768_c16_keepalive_ms,1.387381
latency,0,159,http1_rust_nodelay_production_req4096_resp32768_c16_keepalive_ms,1.183249
latency,0,480,http1_rust_nodelay_production_req4096_resp32768_c16_keepalive_ms,1.631065
latency,0,481,http1_rust_nodelay_production_req4096_resp32768_c16_keepalive_ms,1.403042
latency,0,482,http1_rust_nodelay_production_req4096_resp32768_c16_keepalive_ms,1.748327
latency,0,483,http1_rust_nodelay_production_req4096_resp32768_c16_keepalive_ms,1.057907
latency,0,484,http1_rust_nodelay_production_req4096_resp32768_c16_keepalive_ms,1.636636
latency,0,485,http1_rust_nodelay_production_req4096_resp32768_c16_keepalive_ms,1.588604
latency,0,486,http1_rust_nodelay_production_req4096_resp32768_c16_keepalive_ms,1.704387
latency,0,487,http1_rust_nodelay_production_req4096_resp32768_c16_keepalive_ms,1.323631
latency,0,488,http1_rust_nodelay_production_req4096_resp32768_c16_keepalive_ms,1.680496
latency,0,489,http1_rust_nodelay_production_req4096_resp32768_c16_keepalive_ms,9.030801
latency,0,490,http1_rust_nodelay_production_req4096_resp32768_c16_keepalive_ms,1.713897
latency,0,491,http1_rust_nodelay_production_req4096_resp32768_c16_keepalive_ms,1.710947
latency,0,492,http1_rust_nodelay_production_req4096_resp32768_c16_keepalive_ms,1.702966
latency,0,493,http1_rust_nodelay_production_req4096_resp32768_c16_keepalive_ms,1.563395
latency,0,494,http1_rust_nodelay_production_req4096_resp32768_c16_keepalive_ms,1.313070
latency,0,495,http1_rust_nodelay_production_req4096_resp32768_c16_keepalive_ms,1.719257
latency,0,496,http1_rust_nodelay_production_req4096_resp32768_c16_keepalive_ms,1.633306
latency,0,497,http1_rust_nodelay_production_req4096_resp32768_c16_keepalive_ms,1.254879
latency,0,498,http1_rust_nodelay_production_req4096_resp32768_c16_keepalive_ms,1.749548
latency,0,499,http1_rust_nodelay_production_req4096_resp32768_c16_keepalive_ms,1.311760
latency,0,500,http1_rust_nodelay_production_req4096_resp32768_c16_keepalive_ms,1.687037
latency,0,501,http1_rust_nodelay_production_req4096_resp32768_c16_keepalive_ms,1.314320
latency,0,502,http1_rust_nodelay_production_req4096_resp32768_c16_keepalive_ms,1.719087
latency,0,503,http1_rust_nodelay_production_req4096_resp32768_c16_keepalive_ms,1.740937
latency,0,504,http1_rust_nodelay_production_req4096_resp32768_c16_keepalive_ms,1.663346
latency,0,505,http1_rust_nodelay_production_req4096_resp32768_c16_keepalive_ms,1.660916
latency,0,506,http1_rust_nodelay_production_req4096_resp32768_c16_keepalive_ms,1.620376
latency,0,507,http1_rust_nodelay_production_req4096_resp32768_c16_keepalive_ms,1.760427
latency,0,508,http1_rust_nodelay_production_req4096_resp32768_c16_keepalive_ms,1.711637
latency,0,509,http1_rust_nodelay_production_req4096_resp32768_c16_keepalive_ms,1.638146
latency,0,510,http1_rust_nodelay_production_req4096_resp32768_c16_keepalive_ms,1.729276
latency,0,511,http1_rust_nodelay_production_req4096_resp32768_c16_keepalive_ms,1.578575
latency,0,512,http1_rust_nodelay_production_req4096_resp32768_c16_keepalive_ms,1.784738
latency,0,513,http1_rust_nodelay_production_req4096_resp32768_c16_keepalive_ms,1.828069
latency,0,514,http1_rust_nodelay_production_req4096_resp32768_c16_keepalive_ms,1.730797
latency,0,515,http1_rust_nodelay_production_req4096_resp32768_c16_keepalive_ms,1.669956
latency,0,516,http1_rust_nodelay_production_req4096_resp32768_c16_keepalive_ms,1.318700
latency,0,517,http1_rust_nodelay_production_req4096_resp32768_c16_keepalive_ms,1.782098
latency,0,518,http1_rust_nodelay_production_req4096_resp32768_c16_keepalive_ms,1.629165
latency,0,519,http1_rust_nodelay_production_req4096_resp32768_c16_keepalive_ms,1.356492
latency,0,520,http1_rust_nodelay_production_req4096_resp32768_c16_keepalive_ms,2.293216
latency,0,521,http1_rust_nodelay_production_req4096_resp32768_c16_keepalive_ms,1.268729
latency,0,522,http1_rust_nodelay_production_req4096_resp32768_c16_keepalive_ms,10.376433
latency,0,523,http1_rust_nodelay_production_req4096_resp32768_c16_keepalive_ms,1.661496
latency,0,524,http1_rust_nodelay_production_req4096_resp32768_c16_keepalive_ms,1.634825
latency,0,525,http1_rust_nodelay_production_req4096_resp32768_c16_keepalive_ms,1.649656
latency,0,526,http1_rust_nodelay_production_req4096_resp32768_c16_keepalive_ms,1.301610
latency,0,527,http1_rust_nodelay_production_req4096_resp32768_c16_keepalive_ms,1.250810
latency,0,528,http1_rust_nodelay_production_req4096_resp32768_c16_keepalive_ms,1.673126
latency,0,529,http1_rust_nodelay_production_req4096_resp32768_c16_keepalive_ms,1.609075
latency,0,530,http1_rust_nodelay_production_req4096_resp32768_c16_keepalive_ms,1.715997
latency,0,531,http1_rust_nodelay_production_req4096_resp32768_c16_keepalive_ms,1.673576
latency,0,532,http1_rust_nodelay_production_req4096_resp32768_c16_keepalive_ms,1.297581
latency,0,533,http1_rust_nodelay_production_req4096_resp32768_c16_keepalive_ms,1.249009
latency,0,534,http1_rust_nodelay_production_req4096_resp32768_c16_keepalive_ms,1.579455
latency,0,535,http1_rust_nodelay_production_req4096_resp32768_c16_keepalive_ms,1.668896
latency,0,536,http1_rust_nodelay_production_req4096_resp32768_c16_keepalive_ms,2.013191
latency,0,537,http1_rust_nodelay_production_req4096_resp32768_c16_keepalive_ms,1.771118
latency,0,538,http1_rust_nodelay_production_req4096_resp32768_c16_keepalive_ms,1.657726
latency,0,539,http1_rust_nodelay_production_req4096_resp32768_c16_keepalive_ms,1.518613
latency,0,540,http1_rust_nodelay_production_req4096_resp32768_c16_keepalive_ms,1.221460
latency,0,541,http1_rust_nodelay_production_req4096_resp32768_c16_keepalive_ms,1.548974
latency,0,542,http1_rust_nodelay_production_req4096_resp32768_c16_keepalive_ms,1.572204
latency,0,543,http1_rust_nodelay_production_req4096_resp32768_c16_keepalive_ms,1.217619
latency,0,544,http1_rust_nodelay_production_req4096_resp32768_c16_keepalive_ms,1.594245
latency,0,545,http1_rust_nodelay_production_req4096_resp32768_c16_keepalive_ms,1.540974
latency,0,546,http1_rust_nodelay_production_req4096_resp32768_c16_keepalive_ms,1.538404
latency,0,547,http1_rust_nodelay_production_req4096_resp32768_c16_keepalive_ms,1.300081
latency,0,548,http1_rust_nodelay_production_req4096_resp32768_c16_keepalive_ms,1.599375
latency,0,549,http1_rust_nodelay_production_req4096_resp32768_c16_keepalive_ms,1.515763
latency,0,550,http1_rust_nodelay_production_req4096_resp32768_c16_keepalive_ms,1.625446
latency,0,551,http1_rust_nodelay_production_req4096_resp32768_c16_keepalive_ms,1.575855
latency,0,552,http1_rust_nodelay_production_req4096_resp32768_c16_keepalive_ms,1.532433
latency,0,553,http1_rust_nodelay_production_req4096_resp32768_c16_keepalive_ms,1.710567
latency,0,554,http1_rust_nodelay_production_req4096_resp32768_c16_keepalive_ms,1.579435
latency,0,555,http1_rust_nodelay_production_req4096_resp32768_c16_keepalive_ms,2.342236
latency,0,556,http1_rust_nodelay_production_req4096_resp32768_c16_keepalive_ms,1.484144
latency,0,557,http1_rust_nodelay_production_req4096_resp32768_c16_keepalive_ms,1.071106
latency,0,558,http1_rust_nodelay_production_req4096_resp32768_c16_keepalive_ms,1.265910
latency,0,559,http1_rust_nodelay_production_req4096_resp32768_c16_keepalive_ms,0.993756
latency,0,240,http1_rust_nodelay_production_req4096_resp32768_c16_keepalive_ms,1.673106
latency,0,241,http1_rust_nodelay_production_req4096_resp32768_c16_keepalive_ms,1.953321
latency,0,242,http1_rust_nodelay_production_req4096_resp32768_c16_keepalive_ms,1.305540
latency,0,243,http1_rust_nodelay_production_req4096_resp32768_c16_keepalive_ms,1.875499
latency,0,244,http1_rust_nodelay_production_req4096_resp32768_c16_keepalive_ms,1.502424
latency,0,245,http1_rust_nodelay_production_req4096_resp32768_c16_keepalive_ms,1.324991
latency,0,246,http1_rust_nodelay_production_req4096_resp32768_c16_keepalive_ms,1.779277
latency,0,247,http1_rust_nodelay_production_req4096_resp32768_c16_keepalive_ms,1.712967
latency,0,248,http1_rust_nodelay_production_req4096_resp32768_c16_keepalive_ms,1.692747
latency,0,249,http1_rust_nodelay_production_req4096_resp32768_c16_keepalive_ms,1.687896
latency,0,250,http1_rust_nodelay_production_req4096_resp32768_c16_keepalive_ms,1.626105
latency,0,251,http1_rust_nodelay_production_req4096_resp32768_c16_keepalive_ms,1.525604
latency,0,252,http1_rust_nodelay_production_req4096_resp32768_c16_keepalive_ms,1.691267
latency,0,253,http1_rust_nodelay_production_req4096_resp32768_c16_keepalive_ms,1.868189
latency,0,254,http1_rust_nodelay_production_req4096_resp32768_c16_keepalive_ms,1.772548
latency,0,255,http1_rust_nodelay_production_req4096_resp32768_c16_keepalive_ms,1.608635
latency,0,256,http1_rust_nodelay_production_req4096_resp32768_c16_keepalive_ms,10.268100
latency,0,257,http1_rust_nodelay_production_req4096_resp32768_c16_keepalive_ms,1.718837
latency,0,258,http1_rust_nodelay_production_req4096_resp32768_c16_keepalive_ms,1.745088
latency,0,259,http1_rust_nodelay_production_req4096_resp32768_c16_keepalive_ms,1.721906
latency,0,260,http1_rust_nodelay_production_req4096_resp32768_c16_keepalive_ms,1.773548
latency,0,261,http1_rust_nodelay_production_req4096_resp32768_c16_keepalive_ms,1.311241
latency,0,262,http1_rust_nodelay_production_req4096_resp32768_c16_keepalive_ms,1.566104
latency,0,263,http1_rust_nodelay_production_req4096_resp32768_c16_keepalive_ms,1.312500
latency,0,264,http1_rust_nodelay_production_req4096_resp32768_c16_keepalive_ms,1.597876
latency,0,265,http1_rust_nodelay_production_req4096_resp32768_c16_keepalive_ms,1.300680
latency,0,266,http1_rust_nodelay_production_req4096_resp32768_c16_keepalive_ms,1.659956
latency,0,267,http1_rust_nodelay_production_req4096_resp32768_c16_keepalive_ms,1.733807
latency,0,268,http1_rust_nodelay_production_req4096_resp32768_c16_keepalive_ms,1.671116
latency,0,269,http1_rust_nodelay_production_req4096_resp32768_c16_keepalive_ms,1.245849
latency,0,270,http1_rust_nodelay_production_req4096_resp32768_c16_keepalive_ms,1.347732
latency,0,271,http1_rust_nodelay_production_req4096_resp32768_c16_keepalive_ms,1.765097
latency,0,272,http1_rust_nodelay_production_req4096_resp32768_c16_keepalive_ms,1.298400
latency,0,273,http1_rust_nodelay_production_req4096_resp32768_c16_keepalive_ms,1.609846
latency,0,274,http1_rust_nodelay_production_req4096_resp32768_c16_keepalive_ms,1.260719
latency,0,275,http1_rust_nodelay_production_req4096_resp32768_c16_keepalive_ms,1.365141
latency,0,276,http1_rust_nodelay_production_req4096_resp32768_c16_keepalive_ms,1.766988
latency,0,277,http1_rust_nodelay_production_req4096_resp32768_c16_keepalive_ms,1.291731
latency,0,278,http1_rust_nodelay_production_req4096_resp32768_c16_keepalive_ms,1.671585
latency,0,279,http1_rust_nodelay_production_req4096_resp32768_c16_keepalive_ms,1.771338
latency,0,280,http1_rust_nodelay_production_req4096_resp32768_c16_keepalive_ms,1.648826
latency,0,281,http1_rust_nodelay_production_req4096_resp32768_c16_keepalive_ms,1.742707
latency,0,282,http1_rust_nodelay_production_req4096_resp32768_c16_keepalive_ms,1.663946
latency,0,283,http1_rust_nodelay_production_req4096_resp32768_c16_keepalive_ms,1.698167
latency,0,284,http1_rust_nodelay_production_req4096_resp32768_c16_keepalive_ms,1.609805
latency,0,285,http1_rust_nodelay_production_req4096_resp32768_c16_keepalive_ms,1.341911
latency,0,286,http1_rust_nodelay_production_req4096_resp32768_c16_keepalive_ms,1.314810
latency,0,287,http1_rust_nodelay_production_req4096_resp32768_c16_keepalive_ms,1.514154
latency,0,288,http1_rust_nodelay_production_req4096_resp32768_c16_keepalive_ms,1.656346
latency,0,289,http1_rust_nodelay_production_req4096_resp32768_c16_keepalive_ms,1.251990
latency,0,290,http1_rust_nodelay_production_req4096_resp32768_c16_keepalive_ms,1.699746
latency,0,291,http1_rust_nodelay_production_req4096_resp32768_c16_keepalive_ms,1.238840
latency,0,292,http1_rust_nodelay_production_req4096_resp32768_c16_keepalive_ms,1.307600
latency,0,293,http1_rust_nodelay_production_req4096_resp32768_c16_keepalive_ms,1.586555
latency,0,294,http1_rust_nodelay_production_req4096_resp32768_c16_keepalive_ms,1.728697
latency,0,295,http1_rust_nodelay_production_req4096_resp32768_c16_keepalive_ms,1.753667
latency,0,296,http1_rust_nodelay_production_req4096_resp32768_c16_keepalive_ms,1.695347
latency,0,297,http1_rust_nodelay_production_req4096_resp32768_c16_keepalive_ms,1.690906
latency,0,298,http1_rust_nodelay_production_req4096_resp32768_c16_keepalive_ms,1.629186
latency,0,299,http1_rust_nodelay_production_req4096_resp32768_c16_keepalive_ms,1.291980
latency,0,300,http1_rust_nodelay_production_req4096_resp32768_c16_keepalive_ms,1.625605
latency,0,301,http1_rust_nodelay_production_req4096_resp32768_c16_keepalive_ms,1.906780
latency,0,302,http1_rust_nodelay_production_req4096_resp32768_c16_keepalive_ms,1.774118
latency,0,303,http1_rust_nodelay_production_req4096_resp32768_c16_keepalive_ms,1.713657
latency,0,304,http1_rust_nodelay_production_req4096_resp32768_c16_keepalive_ms,1.508113
latency,0,305,http1_rust_nodelay_production_req4096_resp32768_c16_keepalive_ms,1.209619
latency,0,306,http1_rust_nodelay_production_req4096_resp32768_c16_keepalive_ms,1.519564
latency,0,307,http1_rust_nodelay_production_req4096_resp32768_c16_keepalive_ms,1.574324
latency,0,308,http1_rust_nodelay_production_req4096_resp32768_c16_keepalive_ms,1.229989
latency,0,309,http1_rust_nodelay_production_req4096_resp32768_c16_keepalive_ms,1.601156
latency,0,310,http1_rust_nodelay_production_req4096_resp32768_c16_keepalive_ms,1.547744
latency,0,311,http1_rust_nodelay_production_req4096_resp32768_c16_keepalive_ms,1.521983
latency,0,312,http1_rust_nodelay_production_req4096_resp32768_c16_keepalive_ms,1.319611
latency,0,313,http1_rust_nodelay_production_req4096_resp32768_c16_keepalive_ms,10.207470
latency,0,314,http1_rust_nodelay_production_req4096_resp32768_c16_keepalive_ms,1.919130
latency,0,315,http1_rust_nodelay_production_req4096_resp32768_c16_keepalive_ms,2.001111
latency,0,316,http1_rust_nodelay_production_req4096_resp32768_c16_keepalive_ms,1.497483
latency,0,317,http1_rust_nodelay_production_req4096_resp32768_c16_keepalive_ms,1.045247
latency,0,318,http1_rust_nodelay_production_req4096_resp32768_c16_keepalive_ms,1.277540
latency,0,319,http1_rust_nodelay_production_req4096_resp32768_c16_keepalive_ms,0.931494
latency,0,400,http1_rust_nodelay_production_req4096_resp32768_c16_keepalive_ms,1.611725
latency,0,401,http1_rust_nodelay_production_req4096_resp32768_c16_keepalive_ms,1.886299
latency,0,402,http1_rust_nodelay_production_req4096_resp32768_c16_keepalive_ms,1.265220
latency,0,403,http1_rust_nodelay_production_req4096_resp32768_c16_keepalive_ms,1.047157
latency,0,404,http1_rust_nodelay_production_req4096_resp32768_c16_keepalive_ms,1.943050
latency,0,405,http1_rust_nodelay_production_req4096_resp32768_c16_keepalive_ms,1.293690
latency,0,406,http1_rust_nodelay_production_req4096_resp32768_c16_keepalive_ms,1.702097
latency,0,407,http1_rust_nodelay_production_req4096_resp32768_c16_keepalive_ms,1.323910
latency,0,408,http1_rust_nodelay_production_req4096_resp32768_c16_keepalive_ms,1.680087
latency,0,409,http1_rust_nodelay_production_req4096_resp32768_c16_keepalive_ms,1.340661
latency,0,410,http1_rust_nodelay_production_req4096_resp32768_c16_keepalive_ms,1.497083
latency,0,411,http1_rust_nodelay_production_req4096_resp32768_c16_keepalive_ms,1.628475
latency,0,412,http1_rust_nodelay_production_req4096_resp32768_c16_keepalive_ms,1.696567
latency,0,413,http1_rust_nodelay_production_req4096_resp32768_c16_keepalive_ms,1.760468
latency,0,414,http1_rust_nodelay_production_req4096_resp32768_c16_keepalive_ms,1.422182
latency,0,415,http1_rust_nodelay_production_req4096_resp32768_c16_keepalive_ms,1.673836
latency,0,416,http1_rust_nodelay_production_req4096_resp32768_c16_keepalive_ms,1.661176
latency,0,417,http1_rust_nodelay_production_req4096_resp32768_c16_keepalive_ms,1.611165
latency,0,418,http1_rust_nodelay_production_req4096_resp32768_c16_keepalive_ms,1.282040
latency,0,419,http1_rust_nodelay_production_req4096_resp32768_c16_keepalive_ms,1.279170
latency,0,420,http1_rust_nodelay_production_req4096_resp32768_c16_keepalive_ms,1.766408
latency,0,421,http1_rust_nodelay_production_req4096_resp32768_c16_keepalive_ms,1.254879
latency,0,422,http1_rust_nodelay_production_req4096_resp32768_c16_keepalive_ms,1.730807
latency,0,423,http1_rust_nodelay_production_req4096_resp32768_c16_keepalive_ms,1.321531
latency,0,424,http1_rust_nodelay_production_req4096_resp32768_c16_keepalive_ms,1.665906
latency,0,425,http1_rust_nodelay_production_req4096_resp32768_c16_keepalive_ms,1.286090
latency,0,426,http1_rust_nodelay_production_req4096_resp32768_c16_keepalive_ms,1.819399
latency,0,427,http1_rust_nodelay_production_req4096_resp32768_c16_keepalive_ms,10.814089
latency,0,428,http1_rust_nodelay_production_req4096_resp32768_c16_keepalive_ms,1.291630
latency,0,429,http1_rust_nodelay_production_req4096_resp32768_c16_keepalive_ms,7.709200
latency,0,430,http1_rust_nodelay_production_req4096_resp32768_c16_keepalive_ms,1.611166
latency,0,431,http1_rust_nodelay_production_req4096_resp32768_c16_keepalive_ms,1.358461
latency,0,432,http1_rust_nodelay_production_req4096_resp32768_c16_keepalive_ms,1.706306
latency,0,433,http1_rust_nodelay_production_req4096_resp32768_c16_keepalive_ms,1.443583
latency,0,434,http1_rust_nodelay_production_req4096_resp32768_c16_keepalive_ms,1.588895
latency,0,435,http1_rust_nodelay_production_req4096_resp32768_c16_keepalive_ms,1.673146
latency,0,436,http1_rust_nodelay_production_req4096_resp32768_c16_keepalive_ms,1.773798
latency,0,437,http1_rust_nodelay_production_req4096_resp32768_c16_keepalive_ms,1.646076
latency,0,438,http1_rust_nodelay_production_req4096_resp32768_c16_keepalive_ms,1.741407
latency,0,439,http1_rust_nodelay_production_req4096_resp32768_c16_keepalive_ms,1.664996
latency,0,440,http1_rust_nodelay_production_req4096_resp32768_c16_keepalive_ms,1.696816
latency,0,441,http1_rust_nodelay_production_req4096_resp32768_c16_keepalive_ms,1.610835
latency,0,442,http1_rust_nodelay_production_req4096_resp32768_c16_keepalive_ms,1.341841
latency,0,443,http1_rust_nodelay_production_req4096_resp32768_c16_keepalive_ms,1.316521
latency,0,444,http1_rust_nodelay_production_req4096_resp32768_c16_keepalive_ms,1.642265
latency,0,445,http1_rust_nodelay_production_req4096_resp32768_c16_keepalive_ms,1.219260
latency,0,446,http1_rust_nodelay_production_req4096_resp32768_c16_keepalive_ms,1.724267
latency,0,447,http1_rust_nodelay_production_req4096_resp32768_c16_keepalive_ms,1.697206
latency,0,448,http1_rust_nodelay_production_req4096_resp32768_c16_keepalive_ms,1.697667
latency,0,449,http1_rust_nodelay_production_req4096_resp32768_c16_keepalive_ms,1.690176
latency,0,450,http1_rust_nodelay_production_req4096_resp32768_c16_keepalive_ms,1.313160
latency,0,451,http1_rust_nodelay_production_req4096_resp32768_c16_keepalive_ms,1.530005
latency,0,452,http1_rust_nodelay_production_req4096_resp32768_c16_keepalive_ms,1.305900
latency,0,453,http1_rust_nodelay_production_req4096_resp32768_c16_keepalive_ms,1.336861
latency,0,454,http1_rust_nodelay_production_req4096_resp32768_c16_keepalive_ms,2.072132
latency,0,455,http1_rust_nodelay_production_req4096_resp32768_c16_keepalive_ms,1.199929
latency,0,456,http1_rust_nodelay_production_req4096_resp32768_c16_keepalive_ms,1.565814
latency,0,457,http1_rust_nodelay_production_req4096_resp32768_c16_keepalive_ms,1.625116
latency,0,458,http1_rust_nodelay_production_req4096_resp32768_c16_keepalive_ms,2.043262
latency,0,459,http1_rust_nodelay_production_req4096_resp32768_c16_keepalive_ms,1.770617
latency,0,460,http1_rust_nodelay_production_req4096_resp32768_c16_keepalive_ms,1.216519
latency,0,461,http1_rust_nodelay_production_req4096_resp32768_c16_keepalive_ms,1.517304
latency,0,462,http1_rust_nodelay_production_req4096_resp32768_c16_keepalive_ms,1.193229
latency,0,463,http1_rust_nodelay_production_req4096_resp32768_c16_keepalive_ms,1.525464
latency,0,464,http1_rust_nodelay_production_req4096_resp32768_c16_keepalive_ms,7.557698
latency,0,465,http1_rust_nodelay_production_req4096_resp32768_c16_keepalive_ms,1.240429
latency,0,466,http1_rust_nodelay_production_req4096_resp32768_c16_keepalive_ms,1.610995
latency,0,467,http1_rust_nodelay_production_req4096_resp32768_c16_keepalive_ms,1.569865
latency,0,468,http1_rust_nodelay_production_req4096_resp32768_c16_keepalive_ms,1.200259
latency,0,469,http1_rust_nodelay_production_req4096_resp32768_c16_keepalive_ms,1.574884
latency,0,470,http1_rust_nodelay_production_req4096_resp32768_c16_keepalive_ms,1.538424
latency,0,471,http1_rust_nodelay_production_req4096_resp32768_c16_keepalive_ms,1.460543
latency,0,472,http1_rust_nodelay_production_req4096_resp32768_c16_keepalive_ms,1.545844
latency,0,473,http1_rust_nodelay_production_req4096_resp32768_c16_keepalive_ms,1.940891
latency,0,474,http1_rust_nodelay_production_req4096_resp32768_c16_keepalive_ms,2.046532
latency,0,475,http1_rust_nodelay_production_req4096_resp32768_c16_keepalive_ms,1.386861
latency,0,476,http1_rust_nodelay_production_req4096_resp32768_c16_keepalive_ms,1.074467
latency,0,477,http1_rust_nodelay_production_req4096_resp32768_c16_keepalive_ms,1.279780
latency,0,478,http1_rust_nodelay_production_req4096_resp32768_c16_keepalive_ms,1.156908
latency,0,479,http1_rust_nodelay_production_req4096_resp32768_c16_keepalive_ms,0.764282
latency,0,1040,http1_rust_nodelay_production_req4096_resp32768_c16_keepalive_ms,1.820489
latency,0,1041,http1_rust_nodelay_production_req4096_resp32768_c16_keepalive_ms,1.911159
latency,0,1042,http1_rust_nodelay_production_req4096_resp32768_c16_keepalive_ms,1.814579
latency,0,1043,http1_rust_nodelay_production_req4096_resp32768_c16_keepalive_ms,1.937200
latency,0,1044,http1_rust_nodelay_production_req4096_resp32768_c16_keepalive_ms,1.603545
latency,0,1045,http1_rust_nodelay_production_req4096_resp32768_c16_keepalive_ms,1.366612
latency,0,1046,http1_rust_nodelay_production_req4096_resp32768_c16_keepalive_ms,1.664416
latency,0,1047,http1_rust_nodelay_production_req4096_resp32768_c16_keepalive_ms,1.728847
latency,0,1048,http1_rust_nodelay_production_req4096_resp32768_c16_keepalive_ms,1.310190
latency,0,1049,http1_rust_nodelay_production_req4096_resp32768_c16_keepalive_ms,1.618546
latency,0,1050,http1_rust_nodelay_production_req4096_resp32768_c16_keepalive_ms,1.693046
latency,0,1051,http1_rust_nodelay_production_req4096_resp32768_c16_keepalive_ms,1.747777
latency,0,1052,http1_rust_nodelay_production_req4096_resp32768_c16_keepalive_ms,1.326611
latency,0,1053,http1_rust_nodelay_production_req4096_resp32768_c16_keepalive_ms,1.465683
latency,0,1054,http1_rust_nodelay_production_req4096_resp32768_c16_keepalive_ms,1.674576
latency,0,1055,http1_rust_nodelay_production_req4096_resp32768_c16_keepalive_ms,1.568835
latency,0,1056,http1_rust_nodelay_production_req4096_resp32768_c16_keepalive_ms,1.256719
latency,0,1057,http1_rust_nodelay_production_req4096_resp32768_c16_keepalive_ms,1.508824
latency,0,1058,http1_rust_nodelay_production_req4096_resp32768_c16_keepalive_ms,1.733817
latency,0,1059,http1_rust_nodelay_production_req4096_resp32768_c16_keepalive_ms,1.801258
latency,0,1060,http1_rust_nodelay_production_req4096_resp32768_c16_keepalive_ms,13.286448
latency,0,1061,http1_rust_nodelay_production_req4096_resp32768_c16_keepalive_ms,1.650365
latency,0,1062,http1_rust_nodelay_production_req4096_resp32768_c16_keepalive_ms,1.248080
latency,0,1063,http1_rust_nodelay_production_req4096_resp32768_c16_keepalive_ms,1.338281
latency,0,1064,http1_rust_nodelay_production_req4096_resp32768_c16_keepalive_ms,1.667646
latency,0,1065,http1_rust_nodelay_production_req4096_resp32768_c16_keepalive_ms,1.702617
latency,0,1066,http1_rust_nodelay_production_req4096_resp32768_c16_keepalive_ms,1.691336
latency,0,1067,http1_rust_nodelay_production_req4096_resp32768_c16_keepalive_ms,1.320631
latency,0,1068,http1_rust_nodelay_production_req4096_resp32768_c16_keepalive_ms,1.640975
latency,0,1069,http1_rust_nodelay_production_req4096_resp32768_c16_keepalive_ms,0.922415
latency,0,1070,http1_rust_nodelay_production_req4096_resp32768_c16_keepalive_ms,1.681096
latency,0,1071,http1_rust_nodelay_production_req4096_resp32768_c16_keepalive_ms,1.636906
latency,0,1072,http1_rust_nodelay_production_req4096_resp32768_c16_keepalive_ms,1.301100
latency,0,1073,http1_rust_nodelay_production_req4096_resp32768_c16_keepalive_ms,1.242719
latency,0,1074,http1_rust_nodelay_production_req4096_resp32768_c16_keepalive_ms,1.305661
latency,0,1075,http1_rust_nodelay_production_req4096_resp32768_c16_keepalive_ms,1.700666
latency,0,1076,http1_rust_nodelay_production_req4096_resp32768_c16_keepalive_ms,1.615656
latency,0,1077,http1_rust_nodelay_production_req4096_resp32768_c16_keepalive_ms,1.841458
latency,0,1078,http1_rust_nodelay_production_req4096_resp32768_c16_keepalive_ms,1.712447
latency,0,1079,http1_rust_nodelay_production_req4096_resp32768_c16_keepalive_ms,1.728527
latency,0,1080,http1_rust_nodelay_production_req4096_resp32768_c16_keepalive_ms,1.678336
latency,0,1081,http1_rust_nodelay_production_req4096_resp32768_c16_keepalive_ms,1.676287
latency,0,1082,http1_rust_nodelay_production_req4096_resp32768_c16_keepalive_ms,1.627175
latency,0,1083,http1_rust_nodelay_production_req4096_resp32768_c16_keepalive_ms,1.621795
latency,0,1084,http1_rust_nodelay_production_req4096_resp32768_c16_keepalive_ms,1.749208
latency,0,1085,http1_rust_nodelay_production_req4096_resp32768_c16_keepalive_ms,10.700677
latency,0,1086,http1_rust_nodelay_production_req4096_resp32768_c16_keepalive_ms,1.433032
latency,0,1087,http1_rust_nodelay_production_req4096_resp32768_c16_keepalive_ms,1.692167
latency,0,1088,http1_rust_nodelay_production_req4096_resp32768_c16_keepalive_ms,1.324660
latency,0,1089,http1_rust_nodelay_production_req4096_resp32768_c16_keepalive_ms,1.683487
latency,0,1090,http1_rust_nodelay_production_req4096_resp32768_c16_keepalive_ms,1.790098
latency,0,1091,http1_rust_nodelay_production_req4096_resp32768_c16_keepalive_ms,1.769007
latency,0,1092,http1_rust_nodelay_production_req4096_resp32768_c16_keepalive_ms,1.633696
latency,0,1093,http1_rust_nodelay_production_req4096_resp32768_c16_keepalive_ms,1.268440
latency,0,1094,http1_rust_nodelay_production_req4096_resp32768_c16_keepalive_ms,2.143203
latency,0,1095,http1_rust_nodelay_production_req4096_resp32768_c16_keepalive_ms,1.209689
latency,0,1096,http1_rust_nodelay_production_req4096_resp32768_c16_keepalive_ms,1.593895
latency,0,1097,http1_rust_nodelay_production_req4096_resp32768_c16_keepalive_ms,1.581345
latency,0,1098,http1_rust_nodelay_production_req4096_resp32768_c16_keepalive_ms,1.169878
latency,0,1099,http1_rust_nodelay_production_req4096_resp32768_c16_keepalive_ms,1.532194
latency,0,1100,http1_rust_nodelay_production_req4096_resp32768_c16_keepalive_ms,1.627795
latency,0,1101,http1_rust_nodelay_production_req4096_resp32768_c16_keepalive_ms,1.205519
latency,0,1102,http1_rust_nodelay_production_req4096_resp32768_c16_keepalive_ms,1.231010
latency,0,1103,http1_rust_nodelay_production_req4096_resp32768_c16_keepalive_ms,1.511643
latency,0,1104,http1_rust_nodelay_production_req4096_resp32768_c16_keepalive_ms,1.548524
latency,0,1105,http1_rust_nodelay_production_req4096_resp32768_c16_keepalive_ms,1.747308
latency,0,1106,http1_rust_nodelay_production_req4096_resp32768_c16_keepalive_ms,1.188798
latency,0,1107,http1_rust_nodelay_production_req4096_resp32768_c16_keepalive_ms,1.505794
latency,0,1108,http1_rust_nodelay_production_req4096_resp32768_c16_keepalive_ms,1.225879
latency,0,1109,http1_rust_nodelay_production_req4096_resp32768_c16_keepalive_ms,1.577615
latency,0,1110,http1_rust_nodelay_production_req4096_resp32768_c16_keepalive_ms,1.590644
latency,0,1111,http1_rust_nodelay_production_req4096_resp32768_c16_keepalive_ms,1.847490
latency,0,1112,http1_rust_nodelay_production_req4096_resp32768_c16_keepalive_ms,1.247449
latency,0,1113,http1_rust_nodelay_production_req4096_resp32768_c16_keepalive_ms,2.337896
latency,0,1114,http1_rust_nodelay_production_req4096_resp32768_c16_keepalive_ms,1.521724
latency,0,1115,http1_rust_nodelay_production_req4096_resp32768_c16_keepalive_ms,1.367121
latency,0,1116,http1_rust_nodelay_production_req4096_resp32768_c16_keepalive_ms,0.983816
latency,0,1117,http1_rust_nodelay_production_req4096_resp32768_c16_keepalive_ms,1.263570
latency,0,1118,http1_rust_nodelay_production_req4096_resp32768_c16_keepalive_ms,0.870643
latency,0,1119,http1_rust_nodelay_production_req4096_resp32768_c16_keepalive_ms,0.846444
latency,0,880,http1_rust_nodelay_production_req4096_resp32768_c16_keepalive_ms,1.432692
latency,0,881,http1_rust_nodelay_production_req4096_resp32768_c16_keepalive_ms,1.885320
latency,0,882,http1_rust_nodelay_production_req4096_resp32768_c16_keepalive_ms,1.800718
latency,0,883,http1_rust_nodelay_production_req4096_resp32768_c16_keepalive_ms,2.152294
latency,0,884,http1_rust_nodelay_production_req4096_resp32768_c16_keepalive_ms,1.670065
latency,0,885,http1_rust_nodelay_production_req4096_resp32768_c16_keepalive_ms,1.535694
latency,0,886,http1_rust_nodelay_production_req4096_resp32768_c16_keepalive_ms,1.682517
latency,0,887,http1_rust_nodelay_production_req4096_resp32768_c16_keepalive_ms,1.359591
latency,0,888,http1_rust_nodelay_production_req4096_resp32768_c16_keepalive_ms,1.660396
latency,0,889,http1_rust_nodelay_production_req4096_resp32768_c16_keepalive_ms,1.616645
latency,0,890,http1_rust_nodelay_production_req4096_resp32768_c16_keepalive_ms,1.702807
latency,0,891,http1_rust_nodelay_production_req4096_resp32768_c16_keepalive_ms,1.662406
latency,0,892,http1_rust_nodelay_production_req4096_resp32768_c16_keepalive_ms,1.327671
latency,0,893,http1_rust_nodelay_production_req4096_resp32768_c16_keepalive_ms,1.755927
latency,0,894,http1_rust_nodelay_production_req4096_resp32768_c16_keepalive_ms,1.283110
latency,0,895,http1_rust_nodelay_production_req4096_resp32768_c16_keepalive_ms,1.670806
latency,0,896,http1_rust_nodelay_production_req4096_resp32768_c16_keepalive_ms,1.701637
latency,0,897,http1_rust_nodelay_production_req4096_resp32768_c16_keepalive_ms,1.562964
latency,0,898,http1_rust_nodelay_production_req4096_resp32768_c16_keepalive_ms,1.313051
latency,0,899,http1_rust_nodelay_production_req4096_resp32768_c16_keepalive_ms,1.421372
latency,0,900,http1_rust_nodelay_production_req4096_resp32768_c16_keepalive_ms,1.732537
latency,0,901,http1_rust_nodelay_production_req4096_resp32768_c16_keepalive_ms,1.645866
latency,0,902,http1_rust_nodelay_production_req4096_resp32768_c16_keepalive_ms,1.685726
latency,0,903,http1_rust_nodelay_production_req4096_resp32768_c16_keepalive_ms,1.302980
latency,0,904,http1_rust_nodelay_production_req4096_resp32768_c16_keepalive_ms,1.747398
latency,0,905,http1_rust_nodelay_production_req4096_resp32768_c16_keepalive_ms,1.721517
latency,0,906,http1_rust_nodelay_production_req4096_resp32768_c16_keepalive_ms,1.777918
latency,0,907,http1_rust_nodelay_production_req4096_resp32768_c16_keepalive_ms,1.305420
latency,0,908,http1_rust_nodelay_production_req4096_resp32768_c16_keepalive_ms,1.345241
latency,0,909,http1_rust_nodelay_production_req4096_resp32768_c16_keepalive_ms,1.659496
latency,0,910,http1_rust_nodelay_production_req4096_resp32768_c16_keepalive_ms,1.614235
latency,0,911,http1_rust_nodelay_production_req4096_resp32768_c16_keepalive_ms,1.672656
latency,0,912,http1_rust_nodelay_production_req4096_resp32768_c16_keepalive_ms,1.287230
latency,0,913,http1_rust_nodelay_production_req4096_resp32768_c16_keepalive_ms,1.319441
latency,0,914,http1_rust_nodelay_production_req4096_resp32768_c16_keepalive_ms,1.733837
latency,0,915,http1_rust_nodelay_production_req4096_resp32768_c16_keepalive_ms,1.676856
latency,0,916,http1_rust_nodelay_production_req4096_resp32768_c16_keepalive_ms,1.795078
latency,0,917,http1_rust_nodelay_production_req4096_resp32768_c16_keepalive_ms,4.585032
latency,0,918,http1_rust_nodelay_production_req4096_resp32768_c16_keepalive_ms,1.677766
latency,0,919,http1_rust_nodelay_production_req4096_resp32768_c16_keepalive_ms,10.335822
latency,0,920,http1_rust_nodelay_production_req4096_resp32768_c16_keepalive_ms,1.637745
latency,0,921,http1_rust_nodelay_production_req4096_resp32768_c16_keepalive_ms,1.263230
latency,0,922,http1_rust_nodelay_production_req4096_resp32768_c16_keepalive_ms,1.726837
latency,0,923,http1_rust_nodelay_production_req4096_resp32768_c16_keepalive_ms,1.637036
latency,0,924,http1_rust_nodelay_production_req4096_resp32768_c16_keepalive_ms,1.315370
latency,0,925,http1_rust_nodelay_production_req4096_resp32768_c16_keepalive_ms,1.213659
latency,0,926,http1_rust_nodelay_production_req4096_resp32768_c16_keepalive_ms,1.649166
latency,0,927,http1_rust_nodelay_production_req4096_resp32768_c16_keepalive_ms,1.724647
latency,0,928,http1_rust_nodelay_production_req4096_resp32768_c16_keepalive_ms,1.697006
latency,0,929,http1_rust_nodelay_production_req4096_resp32768_c16_keepalive_ms,1.611226
latency,0,930,http1_rust_nodelay_production_req4096_resp32768_c16_keepalive_ms,1.660415
latency,0,931,http1_rust_nodelay_production_req4096_resp32768_c16_keepalive_ms,1.374212
latency,0,932,http1_rust_nodelay_production_req4096_resp32768_c16_keepalive_ms,1.535234
latency,0,933,http1_rust_nodelay_production_req4096_resp32768_c16_keepalive_ms,7.478807
latency,0,934,http1_rust_nodelay_production_req4096_resp32768_c16_keepalive_ms,1.625635
latency,0,935,http1_rust_nodelay_production_req4096_resp32768_c16_keepalive_ms,2.040702
latency,0,936,http1_rust_nodelay_production_req4096_resp32768_c16_keepalive_ms,1.766238
latency,0,937,http1_rust_nodelay_production_req4096_resp32768_c16_keepalive_ms,1.708717
latency,0,938,http1_rust_nodelay_production_req4096_resp32768_c16_keepalive_ms,1.191608
latency,0,939,http1_rust_nodelay_production_req4096_resp32768_c16_keepalive_ms,13.174856
latency,0,940,http1_rust_nodelay_production_req4096_resp32768_c16_keepalive_ms,1.218369
latency,0,941,http1_rust_nodelay_production_req4096_resp32768_c16_keepalive_ms,1.488773
latency,0,942,http1_rust_nodelay_production_req4096_resp32768_c16_keepalive_ms,1.549515
latency,0,943,http1_rust_nodelay_production_req4096_resp32768_c16_keepalive_ms,1.194458
latency,0,944,http1_rust_nodelay_production_req4096_resp32768_c16_keepalive_ms,1.450813
latency,0,945,http1_rust_nodelay_production_req4096_resp32768_c16_keepalive_ms,1.852659
latency,0,946,http1_rust_nodelay_production_req4096_resp32768_c16_keepalive_ms,1.941250
latency,0,947,http1_rust_nodelay_production_req4096_resp32768_c16_keepalive_ms,2.052092
latency,0,948,http1_rust_nodelay_production_req4096_resp32768_c16_keepalive_ms,1.445223
latency,0,949,http1_rust_nodelay_production_req4096_resp32768_c16_keepalive_ms,1.317000
latency,0,950,http1_rust_nodelay_production_req4096_resp32768_c16_keepalive_ms,1.291471
latency,0,951,http1_rust_nodelay_production_req4096_resp32768_c16_keepalive_ms,0.940235
latency,0,952,http1_rust_nodelay_production_req4096_resp32768_c16_keepalive_ms,0.949444
latency,0,953,http1_rust_nodelay_production_req4096_resp32768_c16_keepalive_ms,0.678611
latency,0,954,http1_rust_nodelay_production_req4096_resp32768_c16_keepalive_ms,0.545798
latency,0,955,http1_rust_nodelay_production_req4096_resp32768_c16_keepalive_ms,2.044682
latency,0,956,http1_rust_nodelay_production_req4096_resp32768_c16_keepalive_ms,0.499928
latency,0,957,http1_rust_nodelay_production_req4096_resp32768_c16_keepalive_ms,0.467678
latency,0,958,http1_rust_nodelay_production_req4096_resp32768_c16_keepalive_ms,0.489687
latency,0,959,http1_rust_nodelay_production_req4096_resp32768_c16_keepalive_ms,0.483598
latency,0,1120,http1_rust_nodelay_production_req4096_resp32768_c16_keepalive_ms,1.781318
latency,0,1121,http1_rust_nodelay_production_req4096_resp32768_c16_keepalive_ms,1.894680
latency,0,1122,http1_rust_nodelay_production_req4096_resp32768_c16_keepalive_ms,1.796218
latency,0,1123,http1_rust_nodelay_production_req4096_resp32768_c16_keepalive_ms,1.731977
latency,0,1124,http1_rust_nodelay_production_req4096_resp32768_c16_keepalive_ms,1.689136
latency,0,1125,http1_rust_nodelay_production_req4096_resp32768_c16_keepalive_ms,1.714887
latency,0,1126,http1_rust_nodelay_production_req4096_resp32768_c16_keepalive_ms,1.280900
latency,0,1127,http1_rust_nodelay_production_req4096_resp32768_c16_keepalive_ms,1.749857
latency,0,1128,http1_rust_nodelay_production_req4096_resp32768_c16_keepalive_ms,1.660076
latency,0,1129,http1_rust_nodelay_production_req4096_resp32768_c16_keepalive_ms,1.611706
latency,0,1130,http1_rust_nodelay_production_req4096_resp32768_c16_keepalive_ms,1.685676
latency,0,1131,http1_rust_nodelay_production_req4096_resp32768_c16_keepalive_ms,7.465317
latency,0,1132,http1_rust_nodelay_production_req4096_resp32768_c16_keepalive_ms,1.868959
latency,0,1133,http1_rust_nodelay_production_req4096_resp32768_c16_keepalive_ms,1.265280
latency,0,1134,http1_rust_nodelay_production_req4096_resp32768_c16_keepalive_ms,13.653423
latency,0,1135,http1_rust_nodelay_production_req4096_resp32768_c16_keepalive_ms,1.281090
latency,0,1136,http1_rust_nodelay_production_req4096_resp32768_c16_keepalive_ms,1.675196
latency,0,1137,http1_rust_nodelay_production_req4096_resp32768_c16_keepalive_ms,1.652466
latency,0,1138,http1_rust_nodelay_production_req4096_resp32768_c16_keepalive_ms,1.648596
latency,0,1139,http1_rust_nodelay_production_req4096_resp32768_c16_keepalive_ms,1.698416
latency,0,1140,http1_rust_nodelay_production_req4096_resp32768_c16_keepalive_ms,1.685367
latency,0,1141,http1_rust_nodelay_production_req4096_resp32768_c16_keepalive_ms,1.681906
latency,0,1142,http1_rust_nodelay_production_req4096_resp32768_c16_keepalive_ms,1.284410
latency,0,1143,http1_rust_nodelay_production_req4096_resp32768_c16_keepalive_ms,1.683506
latency,0,1144,http1_rust_nodelay_production_req4096_resp32768_c16_keepalive_ms,1.669277
latency,0,1145,http1_rust_nodelay_production_req4096_resp32768_c16_keepalive_ms,1.375171
latency,0,1146,http1_rust_nodelay_production_req4096_resp32768_c16_keepalive_ms,1.578645
latency,0,1147,http1_rust_nodelay_production_req4096_resp32768_c16_keepalive_ms,1.739617
latency,0,1148,http1_rust_nodelay_production_req4096_resp32768_c16_keepalive_ms,1.683836
latency,0,1149,http1_rust_nodelay_production_req4096_resp32768_c16_keepalive_ms,1.815659
latency,0,1150,http1_rust_nodelay_production_req4096_resp32768_c16_keepalive_ms,1.602875
latency,0,1151,http1_rust_nodelay_production_req4096_resp32768_c16_keepalive_ms,1.666196
latency,0,1152,http1_rust_nodelay_production_req4096_resp32768_c16_keepalive_ms,1.360931
latency,0,1153,http1_rust_nodelay_production_req4096_resp32768_c16_keepalive_ms,1.300350
latency,0,1154,http1_rust_nodelay_production_req4096_resp32768_c16_keepalive_ms,1.669376
latency,0,1155,http1_rust_nodelay_production_req4096_resp32768_c16_keepalive_ms,1.266920
latency,0,1156,http1_rust_nodelay_production_req4096_resp32768_c16_keepalive_ms,1.290780
latency,0,1157,http1_rust_nodelay_production_req4096_resp32768_c16_keepalive_ms,1.610025
latency,0,1158,http1_rust_nodelay_production_req4096_resp32768_c16_keepalive_ms,1.255330
latency,0,1159,http1_rust_nodelay_production_req4096_resp32768_c16_keepalive_ms,1.615625
latency,0,1160,http1_rust_nodelay_production_req4096_resp32768_c16_keepalive_ms,0.923805
latency,0,1161,http1_rust_nodelay_production_req4096_resp32768_c16_keepalive_ms,1.613415
latency,0,1162,http1_rust_nodelay_production_req4096_resp32768_c16_keepalive_ms,1.366821
latency,0,1163,http1_rust_nodelay_production_req4096_resp32768_c16_keepalive_ms,1.610216
latency,0,1164,http1_rust_nodelay_production_req4096_resp32768_c16_keepalive_ms,1.562234
latency,0,1165,http1_rust_nodelay_production_req4096_resp32768_c16_keepalive_ms,1.712137
latency,0,1166,http1_rust_nodelay_production_req4096_resp32768_c16_keepalive_ms,1.662256
latency,0,1167,http1_rust_nodelay_production_req4096_resp32768_c16_keepalive_ms,1.585624
latency,0,1168,http1_rust_nodelay_production_req4096_resp32768_c16_keepalive_ms,1.652946
latency,0,1169,http1_rust_nodelay_production_req4096_resp32768_c16_keepalive_ms,1.755018
latency,0,1170,http1_rust_nodelay_production_req4096_resp32768_c16_keepalive_ms,1.695496
latency,0,1171,http1_rust_nodelay_production_req4096_resp32768_c16_keepalive_ms,1.689617
latency,0,1172,http1_rust_nodelay_production_req4096_resp32768_c16_keepalive_ms,1.630835
latency,0,1173,http1_rust_nodelay_production_req4096_resp32768_c16_keepalive_ms,11.122694
latency,0,1174,http1_rust_nodelay_production_req4096_resp32768_c16_keepalive_ms,1.522924
latency,0,1175,http1_rust_nodelay_production_req4096_resp32768_c16_keepalive_ms,1.232399
latency,0,1176,http1_rust_nodelay_production_req4096_resp32768_c16_keepalive_ms,1.180358
latency,0,1177,http1_rust_nodelay_production_req4096_resp32768_c16_keepalive_ms,1.530474
latency,0,1178,http1_rust_nodelay_production_req4096_resp32768_c16_keepalive_ms,1.506054
latency,0,1179,http1_rust_nodelay_production_req4096_resp32768_c16_keepalive_ms,1.529224
latency,0,1180,http1_rust_nodelay_production_req4096_resp32768_c16_keepalive_ms,1.259930
latency,0,1181,http1_rust_nodelay_production_req4096_resp32768_c16_keepalive_ms,1.617775
latency,0,1182,http1_rust_nodelay_production_req4096_resp32768_c16_keepalive_ms,1.611215
latency,0,1183,http1_rust_nodelay_production_req4096_resp32768_c16_keepalive_ms,1.507044
latency,0,1184,http1_rust_nodelay_production_req4096_resp32768_c16_keepalive_ms,1.610045
latency,0,1185,http1_rust_nodelay_production_req4096_resp32768_c16_keepalive_ms,12.509135
latency,0,1186,http1_rust_nodelay_production_req4096_resp32768_c16_keepalive_ms,1.122098
latency,0,1187,http1_rust_nodelay_production_req4096_resp32768_c16_keepalive_ms,0.712031
latency,0,1188,http1_rust_nodelay_production_req4096_resp32768_c16_keepalive_ms,0.680371
latency,0,1189,http1_rust_nodelay_production_req4096_resp32768_c16_keepalive_ms,2.014951
latency,0,1190,http1_rust_nodelay_production_req4096_resp32768_c16_keepalive_ms,0.525218
latency,0,1191,http1_rust_nodelay_production_req4096_resp32768_c16_keepalive_ms,0.492328
latency,0,1192,http1_rust_nodelay_production_req4096_resp32768_c16_keepalive_ms,0.512698
latency,0,1193,http1_rust_nodelay_production_req4096_resp32768_c16_keepalive_ms,0.481658
latency,0,1194,http1_rust_nodelay_production_req4096_resp32768_c16_keepalive_ms,0.867463
latency,0,1195,http1_rust_nodelay_production_req4096_resp32768_c16_keepalive_ms,0.595579
latency,0,1196,http1_rust_nodelay_production_req4096_resp32768_c16_keepalive_ms,0.487288
latency,0,1197,http1_rust_nodelay_production_req4096_resp32768_c16_keepalive_ms,0.523558
latency,0,1198,http1_rust_nodelay_production_req4096_resp32768_c16_keepalive_ms,0.488318
latency,0,1199,http1_rust_nodelay_production_req4096_resp32768_c16_keepalive_ms,0.490148
latency,0,320,http1_rust_nodelay_production_req4096_resp32768_c16_keepalive_ms,1.588715
latency,0,321,http1_rust_nodelay_production_req4096_resp32768_c16_keepalive_ms,1.885809
latency,0,322,http1_rust_nodelay_production_req4096_resp32768_c16_keepalive_ms,1.266770
latency,0,323,http1_rust_nodelay_production_req4096_resp32768_c16_keepalive_ms,1.475803
latency,0,324,http1_rust_nodelay_production_req4096_resp32768_c16_keepalive_ms,1.845669
latency,0,325,http1_rust_nodelay_production_req4096_resp32768_c16_keepalive_ms,1.762047
latency,0,326,http1_rust_nodelay_production_req4096_resp32768_c16_keepalive_ms,1.501044
latency,0,327,http1_rust_nodelay_production_req4096_resp32768_c16_keepalive_ms,1.587504
latency,0,328,http1_rust_nodelay_production_req4096_resp32768_c16_keepalive_ms,1.722407
latency,0,329,http1_rust_nodelay_production_req4096_resp32768_c16_keepalive_ms,1.698827
latency,0,330,http1_rust_nodelay_production_req4096_resp32768_c16_keepalive_ms,1.624855
latency,0,331,http1_rust_nodelay_production_req4096_resp32768_c16_keepalive_ms,1.347371
latency,0,332,http1_rust_nodelay_production_req4096_resp32768_c16_keepalive_ms,1.645306
latency,0,333,http1_rust_nodelay_production_req4096_resp32768_c16_keepalive_ms,1.837579
latency,0,334,http1_rust_nodelay_production_req4096_resp32768_c16_keepalive_ms,8.634895
latency,0,335,http1_rust_nodelay_production_req4096_resp32768_c16_keepalive_ms,1.624825
latency,0,336,http1_rust_nodelay_production_req4096_resp32768_c16_keepalive_ms,1.760818
latency,0,337,http1_rust_nodelay_production_req4096_resp32768_c16_keepalive_ms,1.725897
latency,0,338,http1_rust_nodelay_production_req4096_resp32768_c16_keepalive_ms,1.297320
latency,0,339,http1_rust_nodelay_production_req4096_resp32768_c16_keepalive_ms,1.734247
latency,0,340,http1_rust_nodelay_production_req4096_resp32768_c16_keepalive_ms,1.762828
latency,0,341,http1_rust_nodelay_production_req4096_resp32768_c16_keepalive_ms,1.316550
latency,0,342,http1_rust_nodelay_production_req4096_resp32768_c16_keepalive_ms,1.797718
latency,0,343,http1_rust_nodelay_production_req4096_resp32768_c16_keepalive_ms,1.259730
latency,0,344,http1_rust_nodelay_production_req4096_resp32768_c16_keepalive_ms,1.655566
latency,0,345,http1_rust_nodelay_production_req4096_resp32768_c16_keepalive_ms,1.651606
latency,0,346,http1_rust_nodelay_production_req4096_resp32768_c16_keepalive_ms,1.678736
latency,0,347,http1_rust_nodelay_production_req4096_resp32768_c16_keepalive_ms,1.336511
latency,0,348,http1_rust_nodelay_production_req4096_resp32768_c16_keepalive_ms,1.314040
latency,0,349,http1_rust_nodelay_production_req4096_resp32768_c16_keepalive_ms,1.639346
latency,0,350,http1_rust_nodelay_production_req4096_resp32768_c16_keepalive_ms,1.728687
latency,0,351,http1_rust_nodelay_production_req4096_resp32768_c16_keepalive_ms,1.674336
latency,0,352,http1_rust_nodelay_production_req4096_resp32768_c16_keepalive_ms,1.797508
latency,0,353,http1_rust_nodelay_production_req4096_resp32768_c16_keepalive_ms,1.603885
latency,0,354,http1_rust_nodelay_production_req4096_resp32768_c16_keepalive_ms,1.740808
latency,0,355,http1_rust_nodelay_production_req4096_resp32768_c16_keepalive_ms,1.684066
latency,0,356,http1_rust_nodelay_production_req4096_resp32768_c16_keepalive_ms,1.813708
latency,0,357,http1_rust_nodelay_production_req4096_resp32768_c16_keepalive_ms,1.601195
latency,0,358,http1_rust_nodelay_production_req4096_resp32768_c16_keepalive_ms,1.664566
latency,0,359,http1_rust_nodelay_production_req4096_resp32768_c16_keepalive_ms,1.770748
latency,0,360,http1_rust_nodelay_production_req4096_resp32768_c16_keepalive_ms,1.610415
latency,0,361,http1_rust_nodelay_production_req4096_resp32768_c16_keepalive_ms,8.984891
latency,0,362,http1_rust_nodelay_production_req4096_resp32768_c16_keepalive_ms,1.322710
latency,0,363,http1_rust_nodelay_production_req4096_resp32768_c16_keepalive_ms,1.657966
latency,0,364,http1_rust_nodelay_production_req4096_resp32768_c16_keepalive_ms,1.297091
latency,0,365,http1_rust_nodelay_production_req4096_resp32768_c16_keepalive_ms,1.658505
latency,0,366,http1_rust_nodelay_production_req4096_resp32768_c16_keepalive_ms,1.243820
latency,0,367,http1_rust_nodelay_production_req4096_resp32768_c16_keepalive_ms,1.311600
latency,0,368,http1_rust_nodelay_production_req4096_resp32768_c16_keepalive_ms,1.587275
latency,0,369,http1_rust_nodelay_production_req4096_resp32768_c16_keepalive_ms,1.763378
latency,0,370,http1_rust_nodelay_production_req4096_resp32768_c16_keepalive_ms,1.608515
latency,0,371,http1_rust_nodelay_production_req4096_resp32768_c16_keepalive_ms,10.343501
latency,0,372,http1_rust_nodelay_production_req4096_resp32768_c16_keepalive_ms,1.638406
latency,0,373,http1_rust_nodelay_production_req4096_resp32768_c16_keepalive_ms,1.645646
latency,0,374,http1_rust_nodelay_production_req4096_resp32768_c16_keepalive_ms,0.951735
latency,0,375,http1_rust_nodelay_production_req4096_resp32768_c16_keepalive_ms,1.520163
latency,0,376,http1_rust_nodelay_production_req4096_resp32768_c16_keepalive_ms,1.524704
latency,0,377,http1_rust_nodelay_production_req4096_resp32768_c16_keepalive_ms,1.244550
latency,0,378,http1_rust_nodelay_production_req4096_resp32768_c16_keepalive_ms,1.570794
latency,0,379,http1_rust_nodelay_production_req4096_resp32768_c16_keepalive_ms,1.534354
latency,0,380,http1_rust_nodelay_production_req4096_resp32768_c16_keepalive_ms,10.221810
latency,0,381,http1_rust_nodelay_production_req4096_resp32768_c16_keepalive_ms,1.544414
latency,0,382,http1_rust_nodelay_production_req4096_resp32768_c16_keepalive_ms,1.178218
latency,0,383,http1_rust_nodelay_production_req4096_resp32768_c16_keepalive_ms,1.482774
latency,0,384,http1_rust_nodelay_production_req4096_resp32768_c16_keepalive_ms,1.895559
latency,0,385,http1_rust_nodelay_production_req4096_resp32768_c16_keepalive_ms,2.035532
latency,0,386,http1_rust_nodelay_production_req4096_resp32768_c16_keepalive_ms,1.836449
latency,0,387,http1_rust_nodelay_production_req4096_resp32768_c16_keepalive_ms,1.293250
latency,0,388,http1_rust_nodelay_production_req4096_resp32768_c16_keepalive_ms,7.160252
latency,0,389,http1_rust_nodelay_production_req4096_resp32768_c16_keepalive_ms,0.504758
latency,0,390,http1_rust_nodelay_production_req4096_resp32768_c16_keepalive_ms,0.647910
latency,0,391,http1_rust_nodelay_production_req4096_resp32768_c16_keepalive_ms,0.484368
latency,0,392,http1_rust_nodelay_production_req4096_resp32768_c16_keepalive_ms,0.856553
latency,0,393,http1_rust_nodelay_production_req4096_resp32768_c16_keepalive_ms,0.587619
latency,0,394,http1_rust_nodelay_production_req4096_resp32768_c16_keepalive_ms,0.491968
latency,0,395,http1_rust_nodelay_production_req4096_resp32768_c16_keepalive_ms,0.378256
latency,0,396,http1_rust_nodelay_production_req4096_resp32768_c16_keepalive_ms,0.501818
latency,0,397,http1_rust_nodelay_production_req4096_resp32768_c16_keepalive_ms,0.481927
latency,0,398,http1_rust_nodelay_production_req4096_resp32768_c16_keepalive_ms,0.544519
latency,0,399,http1_rust_nodelay_production_req4096_resp32768_c16_keepalive_ms,0.407776
latency,0,640,http1_rust_nodelay_production_req4096_resp32768_c16_keepalive_ms,1.691267
latency,0,641,http1_rust_nodelay_production_req4096_resp32768_c16_keepalive_ms,1.437002
latency,0,642,http1_rust_nodelay_production_req4096_resp32768_c16_keepalive_ms,1.825408
latency,0,643,http1_rust_nodelay_production_req4096_resp32768_c16_keepalive_ms,7.903894
latency,0,644,http1_rust_nodelay_production_req4096_resp32768_c16_keepalive_ms,1.796608
latency,0,645,http1_rust_nodelay_production_req4096_resp32768_c16_keepalive_ms,1.955311
latency,0,646,http1_rust_nodelay_production_req4096_resp32768_c16_keepalive_ms,1.236319
latency,0,647,http1_rust_nodelay_production_req4096_resp32768_c16_keepalive_ms,1.580695
latency,0,648,http1_rust_nodelay_production_req4096_resp32768_c16_keepalive_ms,1.743897
latency,0,649,http1_rust_nodelay_production_req4096_resp32768_c16_keepalive_ms,1.382242
latency,0,650,http1_rust_nodelay_production_req4096_resp32768_c16_keepalive_ms,1.719406
latency,0,651,http1_rust_nodelay_production_req4096_resp32768_c16_keepalive_ms,1.294091
latency,0,652,http1_rust_nodelay_production_req4096_resp32768_c16_keepalive_ms,1.620985
latency,0,653,http1_rust_nodelay_production_req4096_resp32768_c16_keepalive_ms,1.282110
latency,0,654,http1_rust_nodelay_production_req4096_resp32768_c16_keepalive_ms,1.628946
latency,0,655,http1_rust_nodelay_production_req4096_resp32768_c16_keepalive_ms,1.833368
latency,0,656,http1_rust_nodelay_production_req4096_resp32768_c16_keepalive_ms,1.269620
latency,0,657,http1_rust_nodelay_production_req4096_resp32768_c16_keepalive_ms,1.709417
latency,0,658,http1_rust_nodelay_production_req4096_resp32768_c16_keepalive_ms,1.346651
latency,0,659,http1_rust_nodelay_production_req4096_resp32768_c16_keepalive_ms,1.662206
latency,0,660,http1_rust_nodelay_production_req4096_resp32768_c16_keepalive_ms,1.317950
latency,0,661,http1_rust_nodelay_production_req4096_resp32768_c16_keepalive_ms,1.646516
latency,0,662,http1_rust_nodelay_production_req4096_resp32768_c16_keepalive_ms,1.351791
latency,0,663,http1_rust_nodelay_production_req4096_resp32768_c16_keepalive_ms,1.771198
latency,0,664,http1_rust_nodelay_production_req4096_resp32768_c16_keepalive_ms,1.305190
latency,0,665,http1_rust_nodelay_production_req4096_resp32768_c16_keepalive_ms,1.646876
latency,0,666,http1_rust_nodelay_production_req4096_resp32768_c16_keepalive_ms,1.653306
latency,0,667,http1_rust_nodelay_production_req4096_resp32768_c16_keepalive_ms,1.672686
latency,0,668,http1_rust_nodelay_production_req4096_resp32768_c16_keepalive_ms,1.314370
latency,0,669,http1_rust_nodelay_production_req4096_resp32768_c16_keepalive_ms,1.885310
latency,0,670,http1_rust_nodelay_production_req4096_resp32768_c16_keepalive_ms,1.712917
latency,0,671,http1_rust_nodelay_production_req4096_resp32768_c16_keepalive_ms,1.319000
latency,0,672,http1_rust_nodelay_production_req4096_resp32768_c16_keepalive_ms,1.243770
latency,0,673,http1_rust_nodelay_production_req4096_resp32768_c16_keepalive_ms,1.745037
latency,0,674,http1_rust_nodelay_production_req4096_resp32768_c16_keepalive_ms,10.338962
latency,0,675,http1_rust_nodelay_production_req4096_resp32768_c16_keepalive_ms,1.399452
latency,0,676,http1_rust_nodelay_production_req4096_resp32768_c16_keepalive_ms,1.296910
latency,0,677,http1_rust_nodelay_production_req4096_resp32768_c16_keepalive_ms,1.717497
latency,0,678,http1_rust_nodelay_production_req4096_resp32768_c16_keepalive_ms,1.299580
latency,0,679,http1_rust_nodelay_production_req4096_resp32768_c16_keepalive_ms,1.177678
latency,0,680,http1_rust_nodelay_production_req4096_resp32768_c16_keepalive_ms,1.658796
latency,0,681,http1_rust_nodelay_production_req4096_resp32768_c16_keepalive_ms,10.721458
latency,0,682,http1_rust_nodelay_production_req4096_resp32768_c16_keepalive_ms,1.660356
latency,0,683,http1_rust_nodelay_production_req4096_resp32768_c16_keepalive_ms,1.309210
latency,0,684,http1_rust_nodelay_production_req4096_resp32768_c16_keepalive_ms,1.585265
latency,0,685,http1_rust_nodelay_production_req4096_resp32768_c16_keepalive_ms,1.391592
latency,0,686,http1_rust_nodelay_production_req4096_resp32768_c16_keepalive_ms,1.593585
latency,0,687,http1_rust_nodelay_production_req4096_resp32768_c16_keepalive_ms,1.781518
latency,0,688,http1_rust_nodelay_production_req4096_resp32768_c16_keepalive_ms,1.679526
latency,0,689,http1_rust_nodelay_production_req4096_resp32768_c16_keepalive_ms,1.593635
latency,0,690,http1_rust_nodelay_production_req4096_resp32768_c16_keepalive_ms,1.749307
latency,0,691,http1_rust_nodelay_production_req4096_resp32768_c16_keepalive_ms,1.625276
latency,0,692,http1_rust_nodelay_production_req4096_resp32768_c16_keepalive_ms,2.035231
latency,0,693,http1_rust_nodelay_production_req4096_resp32768_c16_keepalive_ms,1.282410
latency,0,694,http1_rust_nodelay_production_req4096_resp32768_c16_keepalive_ms,1.238190
latency,0,695,http1_rust_nodelay_production_req4096_resp32768_c16_keepalive_ms,1.314970
latency,0,696,http1_rust_nodelay_production_req4096_resp32768_c16_keepalive_ms,1.520084
latency,0,697,http1_rust_nodelay_production_req4096_resp32768_c16_keepalive_ms,1.537444
latency,0,698,http1_rust_nodelay_production_req4096_resp32768_c16_keepalive_ms,1.208219
latency,0,699,http1_rust_nodelay_production_req4096_resp32768_c16_keepalive_ms,1.629925
latency,0,700,http1_rust_nodelay_production_req4096_resp32768_c16_keepalive_ms,1.514404
latency,0,701,http1_rust_nodelay_production_req4096_resp32768_c16_keepalive_ms,1.595305
latency,0,702,http1_rust_nodelay_production_req4096_resp32768_c16_keepalive_ms,1.187768
latency,0,703,http1_rust_nodelay_production_req4096_resp32768_c16_keepalive_ms,1.567205
latency,0,704,http1_rust_nodelay_production_req4096_resp32768_c16_keepalive_ms,1.677566
latency,0,705,http1_rust_nodelay_production_req4096_resp32768_c16_keepalive_ms,1.556854
latency,0,706,http1_rust_nodelay_production_req4096_resp32768_c16_keepalive_ms,1.137178
latency,0,707,http1_rust_nodelay_production_req4096_resp32768_c16_keepalive_ms,1.573825
latency,0,708,http1_rust_nodelay_production_req4096_resp32768_c16_keepalive_ms,7.493407
latency,0,709,http1_rust_nodelay_production_req4096_resp32768_c16_keepalive_ms,1.587415
latency,0,710,http1_rust_nodelay_production_req4096_resp32768_c16_keepalive_ms,1.169938
latency,0,711,http1_rust_nodelay_production_req4096_resp32768_c16_keepalive_ms,1.319881
latency,0,712,http1_rust_nodelay_production_req4096_resp32768_c16_keepalive_ms,1.019836
latency,0,713,http1_rust_nodelay_production_req4096_resp32768_c16_keepalive_ms,1.184928
latency,0,714,http1_rust_nodelay_production_req4096_resp32768_c16_keepalive_ms,0.946965
latency,0,715,http1_rust_nodelay_production_req4096_resp32768_c16_keepalive_ms,0.685571
latency,0,716,http1_rust_nodelay_production_req4096_resp32768_c16_keepalive_ms,0.591469
latency,0,717,http1_rust_nodelay_production_req4096_resp32768_c16_keepalive_ms,8.918569
latency,0,718,http1_rust_nodelay_production_req4096_resp32768_c16_keepalive_ms,0.269435
latency,0,719,http1_rust_nodelay_production_req4096_resp32768_c16_keepalive_ms,0.262764
latency,0,1200,http1_rust_nodelay_production_req4096_resp32768_c16_keepalive_ms,1.710027
latency,0,1201,http1_rust_nodelay_production_req4096_resp32768_c16_keepalive_ms,1.446073
latency,0,1202,http1_rust_nodelay_production_req4096_resp32768_c16_keepalive_ms,1.815918
latency,0,1203,http1_rust_nodelay_production_req4096_resp32768_c16_keepalive_ms,1.913220
latency,0,1204,http1_rust_nodelay_production_req4096_resp32768_c16_keepalive_ms,1.492903
latency,0,1205,http1_rust_nodelay_production_req4096_resp32768_c16_keepalive_ms,1.842789
latency,0,1206,http1_rust_nodelay_production_req4096_resp32768_c16_keepalive_ms,1.600695
latency,0,1207,http1_rust_nodelay_production_req4096_resp32768_c16_keepalive_ms,1.755707
latency,0,1208,http1_rust_nodelay_production_req4096_resp32768_c16_keepalive_ms,1.660836
latency,0,1209,http1_rust_nodelay_production_req4096_resp32768_c16_keepalive_ms,1.630636
latency,0,1210,http1_rust_nodelay_production_req4096_resp32768_c16_keepalive_ms,1.688656
latency,0,1211,http1_rust_nodelay_production_req4096_resp32768_c16_keepalive_ms,1.501884
latency,0,1212,http1_rust_nodelay_production_req4096_resp32768_c16_keepalive_ms,1.722807
latency,0,1213,http1_rust_nodelay_production_req4096_resp32768_c16_keepalive_ms,1.821478
latency,0,1214,http1_rust_nodelay_production_req4096_resp32768_c16_keepalive_ms,1.721027
latency,0,1215,http1_rust_nodelay_production_req4096_resp32768_c16_keepalive_ms,1.624656
latency,0,1216,http1_rust_nodelay_production_req4096_resp32768_c16_keepalive_ms,1.637335
latency,0,1217,http1_rust_nodelay_production_req4096_resp32768_c16_keepalive_ms,1.626726
latency,0,1218,http1_rust_nodelay_production_req4096_resp32768_c16_keepalive_ms,1.646525
latency,0,1219,http1_rust_nodelay_production_req4096_resp32768_c16_keepalive_ms,1.663876
latency,0,1220,http1_rust_nodelay_production_req4096_resp32768_c16_keepalive_ms,1.622786
latency,0,1221,http1_rust_nodelay_production_req4096_resp32768_c16_keepalive_ms,1.660775
latency,0,1222,http1_rust_nodelay_production_req4096_resp32768_c16_keepalive_ms,1.743478
latency,0,1223,http1_rust_nodelay_production_req4096_resp32768_c16_keepalive_ms,1.278370
latency,0,1224,http1_rust_nodelay_production_req4096_resp32768_c16_keepalive_ms,10.336261
latency,0,1225,http1_rust_nodelay_production_req4096_resp32768_c16_keepalive_ms,10.742928
latency,0,1226,http1_rust_nodelay_production_req4096_resp32768_c16_keepalive_ms,1.609995
latency,0,1227,http1_rust_nodelay_production_req4096_resp32768_c16_keepalive_ms,10.322862
latency,0,1228,http1_rust_nodelay_production_req4096_resp32768_c16_keepalive_ms,1.307610
latency,0,1229,http1_rust_nodelay_production_req4096_resp32768_c16_keepalive_ms,1.654106
latency,0,1230,http1_rust_nodelay_production_req4096_resp32768_c16_keepalive_ms,1.664886
latency,0,1231,http1_rust_nodelay_production_req4096_resp32768_c16_keepalive_ms,1.697936
latency,0,1232,http1_rust_nodelay_production_req4096_resp32768_c16_keepalive_ms,1.306711
latency,0,1233,http1_rust_nodelay_production_req4096_resp32768_c16_keepalive_ms,1.570695
latency,0,1234,http1_rust_nodelay_production_req4096_resp32768_c16_keepalive_ms,1.685506
latency,0,1235,http1_rust_nodelay_production_req4096_resp32768_c16_keepalive_ms,1.702596
latency,0,1236,http1_rust_nodelay_production_req4096_resp32768_c16_keepalive_ms,1.231170
latency,0,1237,http1_rust_nodelay_production_req4096_resp32768_c16_keepalive_ms,1.779138
latency,0,1238,http1_rust_nodelay_production_req4096_resp32768_c16_keepalive_ms,1.668356
latency,0,1239,http1_rust_nodelay_production_req4096_resp32768_c16_keepalive_ms,1.688886
latency,0,1240,http1_rust_nodelay_production_req4096_resp32768_c16_keepalive_ms,1.691686
latency,0,1241,http1_rust_nodelay_production_req4096_resp32768_c16_keepalive_ms,4.732744
latency,0,1242,http1_rust_nodelay_production_req4096_resp32768_c16_keepalive_ms,8.708206
latency,0,1243,http1_rust_nodelay_production_req4096_resp32768_c16_keepalive_ms,1.780148
latency,0,1244,http1_rust_nodelay_production_req4096_resp32768_c16_keepalive_ms,1.713437
latency,0,1245,http1_rust_nodelay_production_req4096_resp32768_c16_keepalive_ms,1.508714
latency,0,1246,http1_rust_nodelay_production_req4096_resp32768_c16_keepalive_ms,1.207198
latency,0,1247,http1_rust_nodelay_production_req4096_resp32768_c16_keepalive_ms,1.519574
latency,0,1248,http1_rust_nodelay_production_req4096_resp32768_c16_keepalive_ms,1.574855
latency,0,1249,http1_rust_nodelay_production_req4096_resp32768_c16_keepalive_ms,1.576224
latency,0,1250,http1_rust_nodelay_production_req4096_resp32768_c16_keepalive_ms,1.488634
latency,0,1251,http1_rust_nodelay_production_req4096_resp32768_c16_keepalive_ms,1.211229
latency,0,1252,http1_rust_nodelay_production_req4096_resp32768_c16_keepalive_ms,1.523403
latency,0,1253,http1_rust_nodelay_production_req4096_resp32768_c16_keepalive_ms,1.614496
latency,0,1254,http1_rust_nodelay_production_req4096_resp32768_c16_keepalive_ms,1.264900
latency,0,1255,http1_rust_nodelay_production_req4096_resp32768_c16_keepalive_ms,1.217768
latency,0,1256,http1_rust_nodelay_production_req4096_resp32768_c16_keepalive_ms,1.486314
latency,0,1257,http1_rust_nodelay_production_req4096_resp32768_c16_keepalive_ms,1.273740
latency,0,1258,http1_rust_nodelay_production_req4096_resp32768_c16_keepalive_ms,1.513383
latency,0,1259,http1_rust_nodelay_production_req4096_resp32768_c16_keepalive_ms,1.166289
latency,0,1260,http1_rust_nodelay_production_req4096_resp32768_c16_keepalive_ms,1.835808
latency,0,1261,http1_rust_nodelay_production_req4096_resp32768_c16_keepalive_ms,1.941711
latency,0,1262,http1_rust_nodelay_production_req4096_resp32768_c16_keepalive_ms,1.280730
latency,0,1263,http1_rust_nodelay_production_req4096_resp32768_c16_keepalive_ms,1.558934
latency,0,1264,http1_rust_nodelay_production_req4096_resp32768_c16_keepalive_ms,1.389252
latency,0,1265,http1_rust_nodelay_production_req4096_resp32768_c16_keepalive_ms,1.019346
latency,0,1266,http1_rust_nodelay_production_req4096_resp32768_c16_keepalive_ms,12.247971
latency,0,1267,http1_rust_nodelay_production_req4096_resp32768_c16_keepalive_ms,0.915254
latency,0,1268,http1_rust_nodelay_production_req4096_resp32768_c16_keepalive_ms,0.265364
latency,0,1269,http1_rust_nodelay_production_req4096_resp32768_c16_keepalive_ms,0.319795
latency,0,1270,http1_rust_nodelay_production_req4096_resp32768_c16_keepalive_ms,0.135883
latency,0,1271,http1_rust_nodelay_production_req4096_resp32768_c16_keepalive_ms,0.129672
latency,0,1272,http1_rust_nodelay_production_req4096_resp32768_c16_keepalive_ms,0.127842
latency,0,1273,http1_rust_nodelay_production_req4096_resp32768_c16_keepalive_ms,0.139152
latency,0,1274,http1_rust_nodelay_production_req4096_resp32768_c16_keepalive_ms,0.134962
latency,0,1275,http1_rust_nodelay_production_req4096_resp32768_c16_keepalive_ms,0.128662
latency,0,1276,http1_rust_nodelay_production_req4096_resp32768_c16_keepalive_ms,0.127292
latency,0,1277,http1_rust_nodelay_production_req4096_resp32768_c16_keepalive_ms,0.127062
latency,0,1278,http1_rust_nodelay_production_req4096_resp32768_c16_keepalive_ms,0.127512
latency,0,1279,http1_rust_nodelay_production_req4096_resp32768_c16_keepalive_ms,0.127192
latency,0,960,http1_rust_nodelay_production_req4096_resp32768_c16_keepalive_ms,1.566085
latency,0,961,http1_rust_nodelay_production_req4096_resp32768_c16_keepalive_ms,1.885869
latency,0,962,http1_rust_nodelay_production_req4096_resp32768_c16_keepalive_ms,13.344529
latency,0,963,http1_rust_nodelay_production_req4096_resp32768_c16_keepalive_ms,1.667226
latency,0,964,http1_rust_nodelay_production_req4096_resp32768_c16_keepalive_ms,13.259387
latency,0,965,http1_rust_nodelay_production_req4096_resp32768_c16_keepalive_ms,1.683327
latency,0,966,http1_rust_nodelay_production_req4096_resp32768_c16_keepalive_ms,1.335101
latency,0,967,http1_rust_nodelay_production_req4096_resp32768_c16_keepalive_ms,1.726646
latency,0,968,http1_rust_nodelay_production_req4096_resp32768_c16_keepalive_ms,4.754235
latency,0,969,http1_rust_nodelay_production_req4096_resp32768_c16_keepalive_ms,1.785388
latency,0,970,http1_rust_nodelay_production_req4096_resp32768_c16_keepalive_ms,1.653546
latency,0,971,http1_rust_nodelay_production_req4096_resp32768_c16_keepalive_ms,1.708676
latency,0,972,http1_rust_nodelay_production_req4096_resp32768_c16_keepalive_ms,1.296121
latency,0,973,http1_rust_nodelay_production_req4096_resp32768_c16_keepalive_ms,1.606915
latency,0,974,http1_rust_nodelay_production_req4096_resp32768_c16_keepalive_ms,1.327240
latency,0,975,http1_rust_nodelay_production_req4096_resp32768_c16_keepalive_ms,1.666226
latency,0,976,http1_rust_nodelay_production_req4096_resp32768_c16_keepalive_ms,1.278190
latency,0,977,http1_rust_nodelay_production_req4096_resp32768_c16_keepalive_ms,1.712857
latency,0,978,http1_rust_nodelay_production_req4096_resp32768_c16_keepalive_ms,1.318671
latency,0,979,http1_rust_nodelay_production_req4096_resp32768_c16_keepalive_ms,1.244269
latency,0,980,http1_rust_nodelay_production_req4096_resp32768_c16_keepalive_ms,1.746217
latency,0,981,http1_rust_nodelay_production_req4096_resp32768_c16_keepalive_ms,1.500364
latency,0,982,http1_rust_nodelay_production_req4096_resp32768_c16_keepalive_ms,1.622395
latency,0,983,http1_rust_nodelay_production_req4096_resp32768_c16_keepalive_ms,1.705097
latency,0,984,http1_rust_nodelay_production_req4096_resp32768_c16_keepalive_ms,1.738937
latency,0,985,http1_rust_nodelay_production_req4096_resp32768_c16_keepalive_ms,1.399032
latency,0,986,http1_rust_nodelay_production_req4096_resp32768_c16_keepalive_ms,1.288560
latency,0,987,http1_rust_nodelay_production_req4096_resp32768_c16_keepalive_ms,1.662016
latency,0,988,http1_rust_nodelay_production_req4096_resp32768_c16_keepalive_ms,1.806848
latency,0,989,http1_rust_nodelay_production_req4096_resp32768_c16_keepalive_ms,1.666777
latency,0,990,http1_rust_nodelay_production_req4096_resp32768_c16_keepalive_ms,1.744437
latency,0,991,http1_rust_nodelay_production_req4096_resp32768_c16_keepalive_ms,1.660686
latency,0,992,http1_rust_nodelay_production_req4096_resp32768_c16_keepalive_ms,1.222969
latency,0,993,http1_rust_nodelay_production_req4096_resp32768_c16_keepalive_ms,1.648215
latency,0,994,http1_rust_nodelay_production_req4096_resp32768_c16_keepalive_ms,1.726338
latency,0,995,http1_rust_nodelay_production_req4096_resp32768_c16_keepalive_ms,1.696516
latency,0,996,http1_rust_nodelay_production_req4096_resp32768_c16_keepalive_ms,1.674456
latency,0,997,http1_rust_nodelay_production_req4096_resp32768_c16_keepalive_ms,1.663556
latency,0,998,http1_rust_nodelay_production_req4096_resp32768_c16_keepalive_ms,1.670376
latency,0,999,http1_rust_nodelay_production_req4096_resp32768_c16_keepalive_ms,1.324401
latency,0,1000,http1_rust_nodelay_production_req4096_resp32768_c16_keepalive_ms,1.642676
latency,0,1001,http1_rust_nodelay_production_req4096_resp32768_c16_keepalive_ms,1.255669
latency,0,1002,http1_rust_nodelay_production_req4096_resp32768_c16_keepalive_ms,1.359172
latency,0,1003,http1_rust_nodelay_production_req4096_resp32768_c16_keepalive_ms,1.572444
latency,0,1004,http1_rust_nodelay_production_req4096_resp32768_c16_keepalive_ms,1.293760
latency,0,1005,http1_rust_nodelay_production_req4096_resp32768_c16_keepalive_ms,1.696017
latency,0,1006,http1_rust_nodelay_production_req4096_resp32768_c16_keepalive_ms,1.689726
latency,0,1007,http1_rust_nodelay_production_req4096_resp32768_c16_keepalive_ms,1.631116
latency,0,1008,http1_rust_nodelay_production_req4096_resp32768_c16_keepalive_ms,1.597625
latency,0,1009,http1_rust_nodelay_production_req4096_resp32768_c16_keepalive_ms,1.266030
latency,0,1010,http1_rust_nodelay_production_req4096_resp32768_c16_keepalive_ms,2.034531
latency,0,1011,http1_rust_nodelay_production_req4096_resp32768_c16_keepalive_ms,1.773478
latency,0,1012,http1_rust_nodelay_production_req4096_resp32768_c16_keepalive_ms,1.575625
latency,0,1013,http1_rust_nodelay_production_req4096_resp32768_c16_keepalive_ms,1.508623
latency,0,1014,http1_rust_nodelay_production_req4096_resp32768_c16_keepalive_ms,1.419552
latency,0,1015,http1_rust_nodelay_production_req4096_resp32768_c16_keepalive_ms,1.521094
latency,0,1016,http1_rust_nodelay_production_req4096_resp32768_c16_keepalive_ms,1.259950
latency,0,1017,http1_rust_nodelay_production_req4096_resp32768_c16_keepalive_ms,1.544974
latency,0,1018,http1_rust_nodelay_production_req4096_resp32768_c16_keepalive_ms,1.594385
latency,0,1019,http1_rust_nodelay_production_req4096_resp32768_c16_keepalive_ms,1.544384
latency,0,1020,http1_rust_nodelay_production_req4096_resp32768_c16_keepalive_ms,1.248340
latency,0,1021,http1_rust_nodelay_production_req4096_resp32768_c16_keepalive_ms,1.627925
latency,0,1022,http1_rust_nodelay_production_req4096_resp32768_c16_keepalive_ms,1.570985
latency,0,1023,http1_rust_nodelay_production_req4096_resp32768_c16_keepalive_ms,1.551604
latency,0,1024,http1_rust_nodelay_production_req4096_resp32768_c16_keepalive_ms,1.584905
latency,0,1025,http1_rust_nodelay_production_req4096_resp32768_c16_keepalive_ms,1.230239
latency,0,1026,http1_rust_nodelay_production_req4096_resp32768_c16_keepalive_ms,1.492563
latency,0,1027,http1_rust_nodelay_production_req4096_resp32768_c16_keepalive_ms,1.191509
latency,0,1028,http1_rust_nodelay_production_req4096_resp32768_c16_keepalive_ms,1.919050
latency,0,1029,http1_rust_nodelay_production_req4096_resp32768_c16_keepalive_ms,1.977801
latency,0,1030,http1_rust_nodelay_production_req4096_resp32768_c16_keepalive_ms,1.585715
latency,0,1031,http1_rust_nodelay_production_req4096_resp32768_c16_keepalive_ms,11.446409
latency,0,1032,http1_rust_nodelay_production_req4096_resp32768_c16_keepalive_ms,0.593129
latency,0,1033,http1_rust_nodelay_production_req4096_resp32768_c16_keepalive_ms,0.491987
latency,0,1034,http1_rust_nodelay_production_req4096_resp32768_c16_keepalive_ms,0.516378
latency,0,1035,http1_rust_nodelay_production_req4096_resp32768_c16_keepalive_ms,0.498128
latency,0,1036,http1_rust_nodelay_production_req4096_resp32768_c16_keepalive_ms,0.481978
latency,0,1037,http1_rust_nodelay_production_req4096_resp32768_c16_keepalive_ms,0.544638
latency,0,1038,http1_rust_nodelay_production_req4096_resp32768_c16_keepalive_ms,0.398757
latency,0,1039,http1_rust_nodelay_production_req4096_resp32768_c16_keepalive_ms,4.082983
latency,0,0,http1_rust_nodelay_production_req4096_resp32768_c16_keepalive_ms,1.545955
latency,0,1,http1_rust_nodelay_production_req4096_resp32768_c16_keepalive_ms,1.884819
latency,0,2,http1_rust_nodelay_production_req4096_resp32768_c16_keepalive_ms,1.796958
latency,0,3,http1_rust_nodelay_production_req4096_resp32768_c16_keepalive_ms,1.478903
latency,0,4,http1_rust_nodelay_production_req4096_resp32768_c16_keepalive_ms,1.500514
latency,0,5,http1_rust_nodelay_production_req4096_resp32768_c16_keepalive_ms,10.749558
latency,0,6,http1_rust_nodelay_production_req4096_resp32768_c16_keepalive_ms,1.648226
latency,0,7,http1_rust_nodelay_production_req4096_resp32768_c16_keepalive_ms,1.404432
latency,0,8,http1_rust_nodelay_production_req4096_resp32768_c16_keepalive_ms,1.447272
latency,0,9,http1_rust_nodelay_production_req4096_resp32768_c16_keepalive_ms,1.690196
latency,0,10,http1_rust_nodelay_production_req4096_resp32768_c16_keepalive_ms,1.587955
latency,0,11,http1_rust_nodelay_production_req4096_resp32768_c16_keepalive_ms,1.306821
latency,0,12,http1_rust_nodelay_production_req4096_resp32768_c16_keepalive_ms,1.612265
latency,0,13,http1_rust_nodelay_production_req4096_resp32768_c16_keepalive_ms,4.613682
latency,0,14,http1_rust_nodelay_production_req4096_resp32768_c16_keepalive_ms,1.712587
latency,0,15,http1_rust_nodelay_production_req4096_resp32768_c16_keepalive_ms,1.727487
latency,0,16,http1_rust_nodelay_production_req4096_resp32768_c16_keepalive_ms,1.675526
latency,0,17,http1_rust_nodelay_production_req4096_resp32768_c16_keepalive_ms,1.323451
latency,0,18,http1_rust_nodelay_production_req4096_resp32768_c16_keepalive_ms,1.722686
latency,0,19,http1_rust_nodelay_production_req4096_resp32768_c16_keepalive_ms,1.373192
latency,0,20,http1_rust_nodelay_production_req4096_resp32768_c16_keepalive_ms,1.683946
latency,0,21,http1_rust_nodelay_production_req4096_resp32768_c16_keepalive_ms,10.697637
latency,0,22,http1_rust_nodelay_production_req4096_resp32768_c16_keepalive_ms,1.228060
latency,0,23,http1_rust_nodelay_production_req4096_resp32768_c16_keepalive_ms,1.787548
latency,0,24,http1_rust_nodelay_production_req4096_resp32768_c16_keepalive_ms,1.335110
latency,0,25,http1_rust_nodelay_production_req4096_resp32768_c16_keepalive_ms,1.808709
latency,0,26,http1_rust_nodelay_production_req4096_resp32768_c16_keepalive_ms,1.575235
latency,0,27,http1_rust_nodelay_production_req4096_resp32768_c16_keepalive_ms,1.675856
latency,0,28,http1_rust_nodelay_production_req4096_resp32768_c16_keepalive_ms,1.628895
latency,0,29,http1_rust_nodelay_production_req4096_resp32768_c16_keepalive_ms,1.693507
latency,0,30,http1_rust_nodelay_production_req4096_resp32768_c16_keepalive_ms,1.231349
latency,0,31,http1_rust_nodelay_production_req4096_resp32768_c16_keepalive_ms,1.768787
latency,0,32,http1_rust_nodelay_production_req4096_resp32768_c16_keepalive_ms,1.636876
latency,0,33,http1_rust_nodelay_production_req4096_resp32768_c16_keepalive_ms,1.701397
latency,0,34,http1_rust_nodelay_production_req4096_resp32768_c16_keepalive_ms,1.661896
latency,0,35,http1_rust_nodelay_production_req4096_resp32768_c16_keepalive_ms,1.725836
latency,0,36,http1_rust_nodelay_production_req4096_resp32768_c16_keepalive_ms,1.649336
latency,0,37,http1_rust_nodelay_production_req4096_resp32768_c16_keepalive_ms,1.725067
latency,0,38,http1_rust_nodelay_production_req4096_resp32768_c16_keepalive_ms,1.697377
latency,0,39,http1_rust_nodelay_production_req4096_resp32768_c16_keepalive_ms,1.702666
latency,0,40,http1_rust_nodelay_production_req4096_resp32768_c16_keepalive_ms,1.660607
latency,0,41,http1_rust_nodelay_production_req4096_resp32768_c16_keepalive_ms,1.638175
latency,0,42,http1_rust_nodelay_production_req4096_resp32768_c16_keepalive_ms,9.083242
latency,0,43,http1_rust_nodelay_production_req4096_resp32768_c16_keepalive_ms,1.672616
latency,0,44,http1_rust_nodelay_production_req4096_resp32768_c16_keepalive_ms,1.574515
latency,0,45,http1_rust_nodelay_production_req4096_resp32768_c16_keepalive_ms,1.275950
latency,0,46,http1_rust_nodelay_production_req4096_resp32768_c16_keepalive_ms,1.692056
latency,0,47,http1_rust_nodelay_production_req4096_resp32768_c16_keepalive_ms,1.307011
latency,0,48,http1_rust_nodelay_production_req4096_resp32768_c16_keepalive_ms,1.994381
latency,0,49,http1_rust_nodelay_production_req4096_resp32768_c16_keepalive_ms,1.745977
latency,0,50,http1_rust_nodelay_production_req4096_resp32768_c16_keepalive_ms,10.262290
latency,0,51,http1_rust_nodelay_production_req4096_resp32768_c16_keepalive_ms,1.209769
latency,0,52,http1_rust_nodelay_production_req4096_resp32768_c16_keepalive_ms,10.393463
latency,0,53,http1_rust_nodelay_production_req4096_resp32768_c16_keepalive_ms,1.465843
latency,0,54,http1_rust_nodelay_production_req4096_resp32768_c16_keepalive_ms,1.642965
latency,0,55,http1_rust_nodelay_production_req4096_resp32768_c16_keepalive_ms,1.978351
latency,0,56,http1_rust_nodelay_production_req4096_resp32768_c16_keepalive_ms,1.989801
latency,0,57,http1_rust_nodelay_production_req4096_resp32768_c16_keepalive_ms,1.406772
latency,0,58,http1_rust_nodelay_production_req4096_resp32768_c16_keepalive_ms,1.009336
latency,0,59,http1_rust_nodelay_production_req4096_resp32768_c16_keepalive_ms,1.291730
latency,0,60,http1_rust_nodelay_production_req4096_resp32768_c16_keepalive_ms,0.938865
latency,0,61,http1_rust_nodelay_production_req4096_resp32768_c16_keepalive_ms,0.951085
latency,0,62,http1_rust_nodelay_production_req4096_resp32768_c16_keepalive_ms,0.676530
latency,0,63,http1_rust_nodelay_production_req4096_resp32768_c16_keepalive_ms,0.488818
latency,0,64,http1_rust_nodelay_production_req4096_resp32768_c16_keepalive_ms,2.038752
latency,0,65,http1_rust_nodelay_production_req4096_resp32768_c16_keepalive_ms,0.504718
latency,0,66,http1_rust_nodelay_production_req4096_resp32768_c16_keepalive_ms,0.351325
latency,0,67,http1_rust_nodelay_production_req4096_resp32768_c16_keepalive_ms,0.488648
latency,0,68,http1_rust_nodelay_production_req4096_resp32768_c16_keepalive_ms,0.479398
latency,0,69,http1_rust_nodelay_production_req4096_resp32768_c16_keepalive_ms,1.090156
latency,0,70,http1_rust_nodelay_production_req4096_resp32768_c16_keepalive_ms,0.494498
latency,0,71,http1_rust_nodelay_production_req4096_resp32768_c16_keepalive_ms,0.527038
latency,0,72,http1_rust_nodelay_production_req4096_resp32768_c16_keepalive_ms,0.498228
latency,0,73,http1_rust_nodelay_production_req4096_resp32768_c16_keepalive_ms,0.481578
latency,0,74,http1_rust_nodelay_production_req4096_resp32768_c16_keepalive_ms,0.529578
latency,0,75,http1_rust_nodelay_production_req4096_resp32768_c16_keepalive_ms,0.409097
latency,0,76,http1_rust_nodelay_production_req4096_resp32768_c16_keepalive_ms,3.875930
latency,0,77,http1_rust_nodelay_production_req4096_resp32768_c16_keepalive_ms,0.695321
latency,0,78,http1_rust_nodelay_production_req4096_resp32768_c16_keepalive_ms,0.188063
latency,0,79,http1_rust_nodelay_production_req4096_resp32768_c16_keepalive_ms,0.160723
trial,0,1280,http1_rust_nodelay_production_req4096_resp32768_c16_median_ms,1.611725
trial,0,1280,http1_rust_nodelay_production_req4096_resp32768_c16_p95_ms,2.052092
trial,0,1280,http1_rust_nodelay_production_req4096_resp32768_c16_requests_per_second,7938.956
trial,0,1280,http1_rust_nodelay_production_req4096_resp32768_c16_wall_ms,161.230
trial,0,1280,http1_rust_nodelay_production_req4096_resp32768_c16_mib_per_second,279.104
trial,0,1280,http1_rust_nodelay_production_req4096_resp32768_c16_process_cpu_us,161263
latency,1,880,http1_rust_nodelay_production_req4096_resp32768_c16_keepalive_ms,1.426123
latency,1,881,http1_rust_nodelay_production_req4096_resp32768_c16_keepalive_ms,1.839698
latency,1,882,http1_rust_nodelay_production_req4096_resp32768_c16_keepalive_ms,1.361681
latency,1,883,http1_rust_nodelay_production_req4096_resp32768_c16_keepalive_ms,1.915341
latency,1,884,http1_rust_nodelay_production_req4096_resp32768_c16_keepalive_ms,1.720976
latency,1,885,http1_rust_nodelay_production_req4096_resp32768_c16_keepalive_ms,1.842309
latency,1,886,http1_rust_nodelay_production_req4096_resp32768_c16_keepalive_ms,1.655526
latency,1,887,http1_rust_nodelay_production_req4096_resp32768_c16_keepalive_ms,4.431509
latency,1,888,http1_rust_nodelay_production_req4096_resp32768_c16_keepalive_ms,1.612575
latency,1,889,http1_rust_nodelay_production_req4096_resp32768_c16_keepalive_ms,1.358632
latency,1,890,http1_rust_nodelay_production_req4096_resp32768_c16_keepalive_ms,1.290350
latency,1,891,http1_rust_nodelay_production_req4096_resp32768_c16_keepalive_ms,1.678586
latency,1,892,http1_rust_nodelay_production_req4096_resp32768_c16_keepalive_ms,1.669366
latency,1,893,http1_rust_nodelay_production_req4096_resp32768_c16_keepalive_ms,1.680336
latency,1,894,http1_rust_nodelay_production_req4096_resp32768_c16_keepalive_ms,1.704387
latency,1,895,http1_rust_nodelay_production_req4096_resp32768_c16_keepalive_ms,1.726717
latency,1,896,http1_rust_nodelay_production_req4096_resp32768_c16_keepalive_ms,1.715687
latency,1,897,http1_rust_nodelay_production_req4096_resp32768_c16_keepalive_ms,1.622075
latency,1,898,http1_rust_nodelay_production_req4096_resp32768_c16_keepalive_ms,1.726027
latency,1,899,http1_rust_nodelay_production_req4096_resp32768_c16_keepalive_ms,1.691397
latency,1,900,http1_rust_nodelay_production_req4096_resp32768_c16_keepalive_ms,1.815498
latency,1,901,http1_rust_nodelay_production_req4096_resp32768_c16_keepalive_ms,1.699947
latency,1,902,http1_rust_nodelay_production_req4096_resp32768_c16_keepalive_ms,1.732277
latency,1,903,http1_rust_nodelay_production_req4096_resp32768_c16_keepalive_ms,1.350861
latency,1,904,http1_rust_nodelay_production_req4096_resp32768_c16_keepalive_ms,1.708047
latency,1,905,http1_rust_nodelay_production_req4096_resp32768_c16_keepalive_ms,1.640445
latency,1,906,http1_rust_nodelay_production_req4096_resp32768_c16_keepalive_ms,1.355431
latency,1,907,http1_rust_nodelay_production_req4096_resp32768_c16_keepalive_ms,1.594395
latency,1,908,http1_rust_nodelay_production_req4096_resp32768_c16_keepalive_ms,1.373322
latency,1,909,http1_rust_nodelay_production_req4096_resp32768_c16_keepalive_ms,1.673536
latency,1,910,http1_rust_nodelay_production_req4096_resp32768_c16_keepalive_ms,1.464983
latency,1,911,http1_rust_nodelay_production_req4096_resp32768_c16_keepalive_ms,1.220299
latency,1,912,http1_rust_nodelay_production_req4096_resp32768_c16_keepalive_ms,1.591535
latency,1,913,http1_rust_nodelay_production_req4096_resp32768_c16_keepalive_ms,1.223669
latency,1,914,http1_rust_nodelay_production_req4096_resp32768_c16_keepalive_ms,1.728647
latency,1,915,http1_rust_nodelay_production_req4096_resp32768_c16_keepalive_ms,1.663066
latency,1,916,http1_rust_nodelay_production_req4096_resp32768_c16_keepalive_ms,1.317840
latency,1,917,http1_rust_nodelay_production_req4096_resp32768_c16_keepalive_ms,1.548465
latency,1,918,http1_rust_nodelay_production_req4096_resp32768_c16_keepalive_ms,1.691826
latency,1,919,http1_rust_nodelay_production_req4096_resp32768_c16_keepalive_ms,1.255330
latency,1,920,http1_rust_nodelay_production_req4096_resp32768_c16_keepalive_ms,1.508583
latency,1,921,http1_rust_nodelay_production_req4096_resp32768_c16_keepalive_ms,1.631366
latency,1,922,http1_rust_nodelay_production_req4096_resp32768_c16_keepalive_ms,1.522634
latency,1,923,http1_rust_nodelay_production_req4096_resp32768_c16_keepalive_ms,1.646225
latency,1,924,http1_rust_nodelay_production_req4096_resp32768_c16_keepalive_ms,1.738567
latency,1,925,http1_rust_nodelay_production_req4096_resp32768_c16_keepalive_ms,1.573535
latency,1,926,http1_rust_nodelay_production_req4096_resp32768_c16_keepalive_ms,1.338781
latency,1,927,http1_rust_nodelay_production_req4096_resp32768_c16_keepalive_ms,1.693856
latency,1,928,http1_rust_nodelay_production_req4096_resp32768_c16_keepalive_ms,1.669627
latency,1,929,http1_rust_nodelay_production_req4096_resp32768_c16_keepalive_ms,1.216749
latency,1,930,http1_rust_nodelay_production_req4096_resp32768_c16_keepalive_ms,1.595264
latency,1,931,http1_rust_nodelay_production_req4096_resp32768_c16_keepalive_ms,1.769868
latency,1,932,http1_rust_nodelay_production_req4096_resp32768_c16_keepalive_ms,1.659026
latency,1,933,http1_rust_nodelay_production_req4096_resp32768_c16_keepalive_ms,1.246909
latency,1,934,http1_rust_nodelay_production_req4096_resp32768_c16_keepalive_ms,1.653246
latency,1,935,http1_rust_nodelay_production_req4096_resp32768_c16_keepalive_ms,1.305361
latency,1,936,http1_rust_nodelay_production_req4096_resp32768_c16_keepalive_ms,1.575624
latency,1,937,http1_rust_nodelay_production_req4096_resp32768_c16_keepalive_ms,1.749998
latency,1,938,http1_rust_nodelay_production_req4096_resp32768_c16_keepalive_ms,1.713357
latency,1,939,http1_rust_nodelay_production_req4096_resp32768_c16_keepalive_ms,1.663956
latency,1,940,http1_rust_nodelay_production_req4096_resp32768_c16_keepalive_ms,1.638675
latency,1,941,http1_rust_nodelay_production_req4096_resp32768_c16_keepalive_ms,1.677687
latency,1,942,http1_rust_nodelay_production_req4096_resp32768_c16_keepalive_ms,1.295000
latency,1,943,http1_rust_nodelay_production_req4096_resp32768_c16_keepalive_ms,1.638665
latency,1,944,http1_rust_nodelay_production_req4096_resp32768_c16_keepalive_ms,1.704187
latency,1,945,http1_rust_nodelay_production_req4096_resp32768_c16_keepalive_ms,1.650376
latency,1,946,http1_rust_nodelay_production_req4096_resp32768_c16_keepalive_ms,1.708177
latency,1,947,http1_rust_nodelay_production_req4096_resp32768_c16_keepalive_ms,1.603114
latency,1,948,http1_rust_nodelay_production_req4096_resp32768_c16_keepalive_ms,1.326301
latency,1,949,http1_rust_nodelay_production_req4096_resp32768_c16_keepalive_ms,1.662236
latency,1,950,http1_rust_nodelay_production_req4096_resp32768_c16_keepalive_ms,1.694277
latency,1,951,http1_rust_nodelay_production_req4096_resp32768_c16_keepalive_ms,1.717276
latency,1,952,http1_rust_nodelay_production_req4096_resp32768_c16_keepalive_ms,1.624546
latency,1,953,http1_rust_nodelay_production_req4096_resp32768_c16_keepalive_ms,1.698186
latency,1,954,http1_rust_nodelay_production_req4096_resp32768_c16_keepalive_ms,1.786678
latency,1,955,http1_rust_nodelay_production_req4096_resp32768_c16_keepalive_ms,1.347462
latency,1,956,http1_rust_nodelay_production_req4096_resp32768_c16_keepalive_ms,1.341930
latency,1,957,http1_rust_nodelay_production_req4096_resp32768_c16_keepalive_ms,1.359782
latency,1,958,http1_rust_nodelay_production_req4096_resp32768_c16_keepalive_ms,1.258069
latency,1,959,http1_rust_nodelay_production_req4096_resp32768_c16_keepalive_ms,1.519874
latency,1,320,http1_rust_nodelay_production_req4096_resp32768_c16_keepalive_ms,1.404992
latency,1,321,http1_rust_nodelay_production_req4096_resp32768_c16_keepalive_ms,1.841509
latency,1,322,http1_rust_nodelay_production_req4096_resp32768_c16_keepalive_ms,1.360041
latency,1,323,http1_rust_nodelay_production_req4096_resp32768_c16_keepalive_ms,1.916730
latency,1,324,http1_rust_nodelay_production_req4096_resp32768_c16_keepalive_ms,1.716837
latency,1,325,http1_rust_nodelay_production_req4096_resp32768_c16_keepalive_ms,1.846379
latency,1,326,http1_rust_nodelay_production_req4096_resp32768_c16_keepalive_ms,1.656495
latency,1,327,http1_rust_nodelay_production_req4096_resp32768_c16_keepalive_ms,1.352492
latency,1,328,http1_rust_nodelay_production_req4096_resp32768_c16_keepalive_ms,1.638515
latency,1,329,http1_rust_nodelay_production_req4096_resp32768_c16_keepalive_ms,1.490964
latency,1,330,http1_rust_nodelay_production_req4096_resp32768_c16_keepalive_ms,1.284210
latency,1,331,http1_rust_nodelay_production_req4096_resp32768_c16_keepalive_ms,1.633715
latency,1,332,http1_rust_nodelay_production_req4096_resp32768_c16_keepalive_ms,1.290681
latency,1,333,http1_rust_nodelay_production_req4096_resp32768_c16_keepalive_ms,1.731976
latency,1,334,http1_rust_nodelay_production_req4096_resp32768_c16_keepalive_ms,1.253540
latency,1,335,http1_rust_nodelay_production_req4096_resp32768_c16_keepalive_ms,1.234749
latency,1,336,http1_rust_nodelay_production_req4096_resp32768_c16_keepalive_ms,1.677526
latency,1,337,http1_rust_nodelay_production_req4096_resp32768_c16_keepalive_ms,1.869920
latency,1,338,http1_rust_nodelay_production_req4096_resp32768_c16_keepalive_ms,1.237759
latency,1,339,http1_rust_nodelay_production_req4096_resp32768_c16_keepalive_ms,1.740407
latency,1,340,http1_rust_nodelay_production_req4096_resp32768_c16_keepalive_ms,1.629556
latency,1,341,http1_rust_nodelay_production_req4096_resp32768_c16_keepalive_ms,1.724057
latency,1,342,http1_rust_nodelay_production_req4096_resp32768_c16_keepalive_ms,1.329780
latency,1,343,http1_rust_nodelay_production_req4096_resp32768_c16_keepalive_ms,1.729258
latency,1,344,http1_rust_nodelay_production_req4096_resp32768_c16_keepalive_ms,1.698286
latency,1,345,http1_rust_nodelay_production_req4096_resp32768_c16_keepalive_ms,1.375892
latency,1,346,http1_rust_nodelay_production_req4096_resp32768_c16_keepalive_ms,1.736037
latency,1,347,http1_rust_nodelay_production_req4096_resp32768_c16_keepalive_ms,1.324051
latency,1,348,http1_rust_nodelay_production_req4096_resp32768_c16_keepalive_ms,1.529983
latency,1,349,http1_rust_nodelay_production_req4096_resp32768_c16_keepalive_ms,1.747218
latency,1,350,http1_rust_nodelay_production_req4096_resp32768_c16_keepalive_ms,1.246079
latency,1,351,http1_rust_nodelay_production_req4096_resp32768_c16_keepalive_ms,1.720367
latency,1,352,http1_rust_nodelay_production_req4096_resp32768_c16_keepalive_ms,1.674156
latency,1,353,http1_rust_nodelay_production_req4096_resp32768_c16_keepalive_ms,1.650406
latency,1,354,http1_rust_nodelay_production_req4096_resp32768_c16_keepalive_ms,1.257090
latency,1,355,http1_rust_nodelay_production_req4096_resp32768_c16_keepalive_ms,1.614985
latency,1,356,http1_rust_nodelay_production_req4096_resp32768_c16_keepalive_ms,1.721787
latency,1,357,http1_rust_nodelay_production_req4096_resp32768_c16_keepalive_ms,1.754687
latency,1,358,http1_rust_nodelay_production_req4096_resp32768_c16_keepalive_ms,1.606315
latency,1,359,http1_rust_nodelay_production_req4096_resp32768_c16_keepalive_ms,1.577975
latency,1,360,http1_rust_nodelay_production_req4096_resp32768_c16_keepalive_ms,1.734607
latency,1,361,http1_rust_nodelay_production_req4096_resp32768_c16_keepalive_ms,1.273430
latency,1,362,http1_rust_nodelay_production_req4096_resp32768_c16_keepalive_ms,1.605855
latency,1,363,http1_rust_nodelay_production_req4096_resp32768_c16_keepalive_ms,1.195859
latency,1,364,http1_rust_nodelay_production_req4096_resp32768_c16_keepalive_ms,1.780508
latency,1,365,http1_rust_nodelay_production_req4096_resp32768_c16_keepalive_ms,1.546824
latency,1,366,http1_rust_nodelay_production_req4096_resp32768_c16_keepalive_ms,1.720587
latency,1,367,http1_rust_nodelay_production_req4096_resp32768_c16_keepalive_ms,1.659096
latency,1,368,http1_rust_nodelay_production_req4096_resp32768_c16_keepalive_ms,1.648576
latency,1,369,http1_rust_nodelay_production_req4096_resp32768_c16_keepalive_ms,1.334980
latency,1,370,http1_rust_nodelay_production_req4096_resp32768_c16_keepalive_ms,1.679417
latency,1,371,http1_rust_nodelay_production_req4096_resp32768_c16_keepalive_ms,1.684456
latency,1,372,http1_rust_nodelay_production_req4096_resp32768_c16_keepalive_ms,1.287410
latency,1,373,http1_rust_nodelay_production_req4096_resp32768_c16_keepalive_ms,1.633706
latency,1,374,http1_rust_nodelay_production_req4096_resp32768_c16_keepalive_ms,0.976735
latency,1,375,http1_rust_nodelay_production_req4096_resp32768_c16_keepalive_ms,1.611905
latency,1,376,http1_rust_nodelay_production_req4096_resp32768_c16_keepalive_ms,1.638186
latency,1,377,http1_rust_nodelay_production_req4096_resp32768_c16_keepalive_ms,1.334331
latency,1,378,http1_rust_nodelay_production_req4096_resp32768_c16_keepalive_ms,1.299880
latency,1,379,http1_rust_nodelay_production_req4096_resp32768_c16_keepalive_ms,1.651826
latency,1,380,http1_rust_nodelay_production_req4096_resp32768_c16_keepalive_ms,1.673706
latency,1,381,http1_rust_nodelay_production_req4096_resp32768_c16_keepalive_ms,1.658886
latency,1,382,http1_rust_nodelay_production_req4096_resp32768_c16_keepalive_ms,1.702756
latency,1,383,http1_rust_nodelay_production_req4096_resp32768_c16_keepalive_ms,10.674487
latency,1,384,http1_rust_nodelay_production_req4096_resp32768_c16_keepalive_ms,1.326841
latency,1,385,http1_rust_nodelay_production_req4096_resp32768_c16_keepalive_ms,1.603435
latency,1,386,http1_rust_nodelay_production_req4096_resp32768_c16_keepalive_ms,1.316001
latency,1,387,http1_rust_nodelay_production_req4096_resp32768_c16_keepalive_ms,1.658096
latency,1,388,http1_rust_nodelay_production_req4096_resp32768_c16_keepalive_ms,1.337220
latency,1,389,http1_rust_nodelay_production_req4096_resp32768_c16_keepalive_ms,1.653966
latency,1,390,http1_rust_nodelay_production_req4096_resp32768_c16_keepalive_ms,1.256680
latency,1,391,http1_rust_nodelay_production_req4096_resp32768_c16_keepalive_ms,1.582844
latency,1,392,http1_rust_nodelay_production_req4096_resp32768_c16_keepalive_ms,1.462703
latency,1,393,http1_rust_nodelay_production_req4096_resp32768_c16_keepalive_ms,1.842399
latency,1,394,http1_rust_nodelay_production_req4096_resp32768_c16_keepalive_ms,1.757948
latency,1,395,http1_rust_nodelay_production_req4096_resp32768_c16_keepalive_ms,1.663926
latency,1,396,http1_rust_nodelay_production_req4096_resp32768_c16_keepalive_ms,1.594655
latency,1,397,http1_rust_nodelay_production_req4096_resp32768_c16_keepalive_ms,1.643785
latency,1,398,http1_rust_nodelay_production_req4096_resp32768_c16_keepalive_ms,1.559085
latency,1,399,http1_rust_nodelay_production_req4096_resp32768_c16_keepalive_ms,1.189568
latency,1,560,http1_rust_nodelay_production_req4096_resp32768_c16_keepalive_ms,1.574145
latency,1,561,http1_rust_nodelay_production_req4096_resp32768_c16_keepalive_ms,1.836348
latency,1,562,http1_rust_nodelay_production_req4096_resp32768_c16_keepalive_ms,1.962201
latency,1,563,http1_rust_nodelay_production_req4096_resp32768_c16_keepalive_ms,2.199004
latency,1,564,http1_rust_nodelay_production_req4096_resp32768_c16_keepalive_ms,1.461353
latency,1,565,http1_rust_nodelay_production_req4096_resp32768_c16_keepalive_ms,1.333751
latency,1,566,http1_rust_nodelay_production_req4096_resp32768_c16_keepalive_ms,1.279560
latency,1,567,http1_rust_nodelay_production_req4096_resp32768_c16_keepalive_ms,1.708067
latency,1,568,http1_rust_nodelay_production_req4096_resp32768_c16_keepalive_ms,1.626785
latency,1,569,http1_rust_nodelay_production_req4096_resp32768_c16_keepalive_ms,1.252860
latency,1,570,http1_rust_nodelay_production_req4096_resp32768_c16_keepalive_ms,1.594734
latency,1,571,http1_rust_nodelay_production_req4096_resp32768_c16_keepalive_ms,1.744708
latency,1,572,http1_rust_nodelay_production_req4096_resp32768_c16_keepalive_ms,1.338021
latency,1,573,http1_rust_nodelay_production_req4096_resp32768_c16_keepalive_ms,1.620005
latency,1,574,http1_rust_nodelay_production_req4096_resp32768_c16_keepalive_ms,1.667776
latency,1,575,http1_rust_nodelay_production_req4096_resp32768_c16_keepalive_ms,1.645096
latency,1,576,http1_rust_nodelay_production_req4096_resp32768_c16_keepalive_ms,1.742237
latency,1,577,http1_rust_nodelay_production_req4096_resp32768_c16_keepalive_ms,1.567915
latency,1,578,http1_rust_nodelay_production_req4096_resp32768_c16_keepalive_ms,1.699756
latency,1,579,http1_rust_nodelay_production_req4096_resp32768_c16_keepalive_ms,1.625446
latency,1,580,http1_rust_nodelay_production_req4096_resp32768_c16_keepalive_ms,1.275930
latency,1,581,http1_rust_nodelay_production_req4096_resp32768_c16_keepalive_ms,1.700336
latency,1,582,http1_rust_nodelay_production_req4096_resp32768_c16_keepalive_ms,1.328591
latency,1,583,http1_rust_nodelay_production_req4096_resp32768_c16_keepalive_ms,1.805348
latency,1,584,http1_rust_nodelay_production_req4096_resp32768_c16_keepalive_ms,1.702477
latency,1,585,http1_rust_nodelay_production_req4096_resp32768_c16_keepalive_ms,1.751597
latency,1,586,http1_rust_nodelay_production_req4096_resp32768_c16_keepalive_ms,1.337511
latency,1,587,http1_rust_nodelay_production_req4096_resp32768_c16_keepalive_ms,2.048662
latency,1,588,http1_rust_nodelay_production_req4096_resp32768_c16_keepalive_ms,1.229129
latency,1,589,http1_rust_nodelay_production_req4096_resp32768_c16_keepalive_ms,1.706127
latency,1,590,http1_rust_nodelay_production_req4096_resp32768_c16_keepalive_ms,1.717697
latency,1,591,http1_rust_nodelay_production_req4096_resp32768_c16_keepalive_ms,1.305520
latency,1,592,http1_rust_nodelay_production_req4096_resp32768_c16_keepalive_ms,1.685357
latency,1,593,http1_rust_nodelay_production_req4096_resp32768_c16_keepalive_ms,1.598084
latency,1,594,http1_rust_nodelay_production_req4096_resp32768_c16_keepalive_ms,1.622986
latency,1,595,http1_rust_nodelay_production_req4096_resp32768_c16_keepalive_ms,1.712747
latency,1,596,http1_rust_nodelay_production_req4096_resp32768_c16_keepalive_ms,1.755927
latency,1,597,http1_rust_nodelay_production_req4096_resp32768_c16_keepalive_ms,10.558665
latency,1,598,http1_rust_nodelay_production_req4096_resp32768_c16_keepalive_ms,1.576515
latency,1,599,http1_rust_nodelay_production_req4096_resp32768_c16_keepalive_ms,1.721396
latency,1,600,http1_rust_nodelay_production_req4096_resp32768_c16_keepalive_ms,1.614266
latency,1,601,http1_rust_nodelay_production_req4096_resp32768_c16_keepalive_ms,1.540384
latency,1,602,http1_rust_nodelay_production_req4096_resp32768_c16_keepalive_ms,1.725617
latency,1,603,http1_rust_nodelay_production_req4096_resp32768_c16_keepalive_ms,1.288470
latency,1,604,http1_rust_nodelay_production_req4096_resp32768_c16_keepalive_ms,1.670306
latency,1,605,http1_rust_nodelay_production_req4096_resp32768_c16_keepalive_ms,1.697237
latency,1,606,http1_rust_nodelay_production_req4096_resp32768_c16_keepalive_ms,1.711946
latency,1,607,http1_rust_nodelay_production_req4096_resp32768_c16_keepalive_ms,1.686637
latency,1,608,http1_rust_nodelay_production_req4096_resp32768_c16_keepalive_ms,1.252719
latency,1,609,http1_rust_nodelay_production_req4096_resp32768_c16_keepalive_ms,1.656356
latency,1,610,http1_rust_nodelay_production_req4096_resp32768_c16_keepalive_ms,1.312341
latency,1,611,http1_rust_nodelay_production_req4096_resp32768_c16_keepalive_ms,1.582234
latency,1,612,http1_rust_nodelay_production_req4096_resp32768_c16_keepalive_ms,1.698297
latency,1,613,http1_rust_nodelay_production_req4096_resp32768_c16_keepalive_ms,1.704397
latency,1,614,http1_rust_nodelay_production_req4096_resp32768_c16_keepalive_ms,1.757347
latency,1,615,http1_rust_nodelay_production_req4096_resp32768_c16_keepalive_ms,1.624066
latency,1,616,http1_rust_nodelay_production_req4096_resp32768_c16_keepalive_ms,1.257449
latency,1,617,http1_rust_nodelay_production_req4096_resp32768_c16_keepalive_ms,1.701987
latency,1,618,http1_rust_nodelay_production_req4096_resp32768_c16_keepalive_ms,1.689826
latency,1,619,http1_rust_nodelay_production_req4096_resp32768_c16_keepalive_ms,1.688747
latency,1,620,http1_rust_nodelay_production_req4096_resp32768_c16_keepalive_ms,1.686506
latency,1,621,http1_rust_nodelay_production_req4096_resp32768_c16_keepalive_ms,1.263700
latency,1,622,http1_rust_nodelay_production_req4096_resp32768_c16_keepalive_ms,1.305510
latency,1,623,http1_rust_nodelay_production_req4096_resp32768_c16_keepalive_ms,1.629275
latency,1,624,http1_rust_nodelay_production_req4096_resp32768_c16_keepalive_ms,1.684237
latency,1,625,http1_rust_nodelay_production_req4096_resp32768_c16_keepalive_ms,1.305410
latency,1,626,http1_rust_nodelay_production_req4096_resp32768_c16_keepalive_ms,1.668016
latency,1,627,http1_rust_nodelay_production_req4096_resp32768_c16_keepalive_ms,1.728367
latency,1,628,http1_rust_nodelay_production_req4096_resp32768_c16_keepalive_ms,1.547915
latency,1,629,http1_rust_nodelay_production_req4096_resp32768_c16_keepalive_ms,1.669226
latency,1,630,http1_rust_nodelay_production_req4096_resp32768_c16_keepalive_ms,1.410822
latency,1,631,http1_rust_nodelay_production_req4096_resp32768_c16_keepalive_ms,1.770507
latency,1,632,http1_rust_nodelay_production_req4096_resp32768_c16_keepalive_ms,0.910434
latency,1,633,http1_rust_nodelay_production_req4096_resp32768_c16_keepalive_ms,1.310451
latency,1,634,http1_rust_nodelay_production_req4096_resp32768_c16_keepalive_ms,1.254410
latency,1,635,http1_rust_nodelay_production_req4096_resp32768_c16_keepalive_ms,1.285080
latency,1,636,http1_rust_nodelay_production_req4096_resp32768_c16_keepalive_ms,1.964590
latency,1,637,http1_rust_nodelay_production_req4096_resp32768_c16_keepalive_ms,1.059057
latency,1,638,http1_rust_nodelay_production_req4096_resp32768_c16_keepalive_ms,1.861819
latency,1,639,http1_rust_nodelay_production_req4096_resp32768_c16_keepalive_ms,1.500334
latency,1,1200,http1_rust_nodelay_production_req4096_resp32768_c16_keepalive_ms,1.559784
latency,1,1201,http1_rust_nodelay_production_req4096_resp32768_c16_keepalive_ms,1.836669
latency,1,1202,http1_rust_nodelay_production_req4096_resp32768_c16_keepalive_ms,1.961691
latency,1,1203,http1_rust_nodelay_production_req4096_resp32768_c16_keepalive_ms,1.810028
latency,1,1204,http1_rust_nodelay_production_req4096_resp32768_c16_keepalive_ms,1.768977
latency,1,1205,http1_rust_nodelay_production_req4096_resp32768_c16_keepalive_ms,1.745908
latency,1,1206,http1_rust_nodelay_production_req4096_resp32768_c16_keepalive_ms,1.794258
latency,1,1207,http1_rust_nodelay_production_req4096_resp32768_c16_keepalive_ms,1.698376
latency,1,1208,http1_rust_nodelay_production_req4096_resp32768_c16_keepalive_ms,1.568215
latency,1,1209,http1_rust_nodelay_production_req4096_resp32768_c16_keepalive_ms,1.247189
latency,1,1210,http1_rust_nodelay_production_req4096_resp32768_c16_keepalive_ms,1.654726
latency,1,1211,http1_rust_nodelay_production_req4096_resp32768_c16_keepalive_ms,1.736017
latency,1,1212,http1_rust_nodelay_production_req4096_resp32768_c16_keepalive_ms,1.324041
latency,1,1213,http1_rust_nodelay_production_req4096_resp32768_c16_keepalive_ms,1.730407
latency,1,1214,http1_rust_nodelay_production_req4096_resp32768_c16_keepalive_ms,1.702237
latency,1,1215,http1_rust_nodelay_production_req4096_resp32768_c16_keepalive_ms,1.670506
latency,1,1216,http1_rust_nodelay_production_req4096_resp32768_c16_keepalive_ms,1.763037
latency,1,1217,http1_rust_nodelay_production_req4096_resp32768_c16_keepalive_ms,1.695167
latency,1,1218,http1_rust_nodelay_production_req4096_resp32768_c16_keepalive_ms,1.320390
latency,1,1219,http1_rust_nodelay_production_req4096_resp32768_c16_keepalive_ms,1.645206
latency,1,1220,http1_rust_nodelay_production_req4096_resp32768_c16_keepalive_ms,1.712677
latency,1,1221,http1_rust_nodelay_production_req4096_resp32768_c16_keepalive_ms,1.749427
latency,1,1222,http1_rust_nodelay_production_req4096_resp32768_c16_keepalive_ms,1.807229
latency,1,1223,http1_rust_nodelay_production_req4096_resp32768_c16_keepalive_ms,1.609695
latency,1,1224,http1_rust_nodelay_production_req4096_resp32768_c16_keepalive_ms,1.637755
latency,1,1225,http1_rust_nodelay_production_req4096_resp32768_c16_keepalive_ms,1.383472
latency,1,1226,http1_rust_nodelay_production_req4096_resp32768_c16_keepalive_ms,1.705796
latency,1,1227,http1_rust_nodelay_production_req4096_resp32768_c16_keepalive_ms,1.620036
latency,1,1228,http1_rust_nodelay_production_req4096_resp32768_c16_keepalive_ms,1.306890
latency,1,1229,http1_rust_nodelay_production_req4096_resp32768_c16_keepalive_ms,1.382002
latency,1,1230,http1_rust_nodelay_production_req4096_resp32768_c16_keepalive_ms,1.670456
latency,1,1231,http1_rust_nodelay_production_req4096_resp32768_c16_keepalive_ms,1.665736
latency,1,1232,http1_rust_nodelay_production_req4096_resp32768_c16_keepalive_ms,1.589785
latency,1,1233,http1_rust_nodelay_production_req4096_resp32768_c16_keepalive_ms,10.346282
latency,1,1234,http1_rust_nodelay_production_req4096_resp32768_c16_keepalive_ms,1.207009
latency,1,1235,http1_rust_nodelay_production_req4096_resp32768_c16_keepalive_ms,1.817478
latency,1,1236,http1_rust_nodelay_production_req4096_resp32768_c16_keepalive_ms,1.560294
latency,1,1237,http1_rust_nodelay_production_req4096_resp32768_c16_keepalive_ms,1.650306
latency,1,1238,http1_rust_nodelay_production_req4096_resp32768_c16_keepalive_ms,1.597295
latency,1,1239,http1_rust_nodelay_production_req4096_resp32768_c16_keepalive_ms,1.326171
latency,1,1240,http1_rust_nodelay_production_req4096_resp32768_c16_keepalive_ms,1.614885
latency,1,1241,http1_rust_nodelay_production_req4096_resp32768_c16_keepalive_ms,1.634056
latency,1,1242,http1_rust_nodelay_production_req4096_resp32768_c16_keepalive_ms,1.757267
latency,1,1243,http1_rust_nodelay_production_req4096_resp32768_c16_keepalive_ms,1.703307
latency,1,1244,http1_rust_nodelay_production_req4096_resp32768_c16_keepalive_ms,1.731357
latency,1,1245,http1_rust_nodelay_production_req4096_resp32768_c16_keepalive_ms,1.604495
latency,1,1246,http1_rust_nodelay_production_req4096_resp32768_c16_keepalive_ms,1.793288
latency,1,1247,http1_rust_nodelay_production_req4096_resp32768_c16_keepalive_ms,1.795938
latency,1,1248,http1_rust_nodelay_production_req4096_resp32768_c16_keepalive_ms,1.629775
latency,1,1249,http1_rust_nodelay_production_req4096_resp32768_c16_keepalive_ms,1.337161
latency,1,1250,http1_rust_nodelay_production_req4096_resp32768_c16_keepalive_ms,1.659076
latency,1,1251,http1_rust_nodelay_production_req4096_resp32768_c16_keepalive_ms,1.801268
latency,1,1252,http1_rust_nodelay_production_req4096_resp32768_c16_keepalive_ms,1.719387
latency,1,1253,http1_rust_nodelay_production_req4096_resp32768_c16_keepalive_ms,1.600975
latency,1,1254,http1_rust_nodelay_production_req4096_resp32768_c16_keepalive_ms,1.409222
latency,1,1255,http1_rust_nodelay_production_req4096_resp32768_c16_keepalive_ms,1.309341
latency,1,1256,http1_rust_nodelay_production_req4096_resp32768_c16_keepalive_ms,1.263630
latency,1,1257,http1_rust_nodelay_production_req4096_resp32768_c16_keepalive_ms,1.661225
latency,1,1258,http1_rust_nodelay_production_req4096_resp32768_c16_keepalive_ms,1.690347
latency,1,1259,http1_rust_nodelay_production_req4096_resp32768_c16_keepalive_ms,1.268720
latency,1,1260,http1_rust_nodelay_production_req4096_resp32768_c16_keepalive_ms,1.361471
latency,1,1261,http1_rust_nodelay_production_req4096_resp32768_c16_keepalive_ms,1.239809
latency,1,1262,http1_rust_nodelay_production_req4096_resp32768_c16_keepalive_ms,1.674177
latency,1,1263,http1_rust_nodelay_production_req4096_resp32768_c16_keepalive_ms,1.623645
latency,1,1264,http1_rust_nodelay_production_req4096_resp32768_c16_keepalive_ms,1.344641
latency,1,1265,http1_rust_nodelay_production_req4096_resp32768_c16_keepalive_ms,1.645196
latency,1,1266,http1_rust_nodelay_production_req4096_resp32768_c16_keepalive_ms,1.320800
latency,1,1267,http1_rust_nodelay_production_req4096_resp32768_c16_keepalive_ms,1.639166
latency,1,1268,http1_rust_nodelay_production_req4096_resp32768_c16_keepalive_ms,1.628185
latency,1,1269,http1_rust_nodelay_production_req4096_resp32768_c16_keepalive_ms,1.583025
latency,1,1270,http1_rust_nodelay_production_req4096_resp32768_c16_keepalive_ms,1.812468
latency,1,1271,http1_rust_nodelay_production_req4096_resp32768_c16_keepalive_ms,1.399702
latency,1,1272,http1_rust_nodelay_production_req4096_resp32768_c16_keepalive_ms,1.764308
latency,1,1273,http1_rust_nodelay_production_req4096_resp32768_c16_keepalive_ms,1.193799
latency,1,1274,http1_rust_nodelay_production_req4096_resp32768_c16_keepalive_ms,1.940390
latency,1,1275,http1_rust_nodelay_production_req4096_resp32768_c16_keepalive_ms,1.643885
latency,1,1276,http1_rust_nodelay_production_req4096_resp32768_c16_keepalive_ms,1.609686
latency,1,1277,http1_rust_nodelay_production_req4096_resp32768_c16_keepalive_ms,1.861959
latency,1,1278,http1_rust_nodelay_production_req4096_resp32768_c16_keepalive_ms,1.915030
latency,1,1279,http1_rust_nodelay_production_req4096_resp32768_c16_keepalive_ms,1.118117
latency,1,400,http1_rust_nodelay_production_req4096_resp32768_c16_keepalive_ms,1.650156
latency,1,401,http1_rust_nodelay_production_req4096_resp32768_c16_keepalive_ms,1.394282
latency,1,402,http1_rust_nodelay_production_req4096_resp32768_c16_keepalive_ms,1.859559
latency,1,403,http1_rust_nodelay_production_req4096_resp32768_c16_keepalive_ms,1.906350
latency,1,404,http1_rust_nodelay_production_req4096_resp32768_c16_keepalive_ms,1.629505
latency,1,405,http1_rust_nodelay_production_req4096_resp32768_c16_keepalive_ms,1.840709
latency,1,406,http1_rust_nodelay_production_req4096_resp32768_c16_keepalive_ms,1.703616
latency,1,407,http1_rust_nodelay_production_req4096_resp32768_c16_keepalive_ms,1.642576
latency,1,408,http1_rust_nodelay_production_req4096_resp32768_c16_keepalive_ms,1.622316
latency,1,409,http1_rust_nodelay_production_req4096_resp32768_c16_keepalive_ms,1.550704
latency,1,410,http1_rust_nodelay_production_req4096_resp32768_c16_keepalive_ms,1.694126
latency,1,411,http1_rust_nodelay_production_req4096_resp32768_c16_keepalive_ms,1.735278
latency,1,412,http1_rust_nodelay_production_req4096_resp32768_c16_keepalive_ms,1.754467
latency,1,413,http1_rust_nodelay_production_req4096_resp32768_c16_keepalive_ms,1.702527
latency,1,414,http1_rust_nodelay_production_req4096_resp32768_c16_keepalive_ms,1.298140
latency,1,415,http1_rust_nodelay_production_req4096_resp32768_c16_keepalive_ms,1.662046
latency,1,416,http1_rust_nodelay_production_req4096_resp32768_c16_keepalive_ms,1.349621
latency,1,417,http1_rust_nodelay_production_req4096_resp32768_c16_keepalive_ms,1.290470
latency,1,418,http1_rust_nodelay_production_req4096_resp32768_c16_keepalive_ms,1.648226
latency,1,419,http1_rust_nodelay_production_req4096_resp32768_c16_keepalive_ms,1.710847
latency,1,420,http1_rust_nodelay_production_req4096_resp32768_c16_keepalive_ms,4.242496
latency,1,421,http1_rust_nodelay_production_req4096_resp32768_c16_keepalive_ms,1.294920
latency,1,422,http1_rust_nodelay_production_req4096_resp32768_c16_keepalive_ms,1.773808
latency,1,423,http1_rust_nodelay_production_req4096_resp32768_c16_keepalive_ms,1.664466
latency,1,424,http1_rust_nodelay_production_req4096_resp32768_c16_keepalive_ms,1.577635
latency,1,425,http1_rust_nodelay_production_req4096_resp32768_c16_keepalive_ms,1.774707
latency,1,426,http1_rust_nodelay_production_req4096_resp32768_c16_keepalive_ms,1.224999
latency,1,427,http1_rust_nodelay_production_req4096_resp32768_c16_keepalive_ms,1.634686
latency,1,428,http1_rust_nodelay_production_req4096_resp32768_c16_keepalive_ms,1.344121
latency,1,429,http1_rust_nodelay_production_req4096_resp32768_c16_keepalive_ms,1.673006
latency,1,430,http1_rust_nodelay_production_req4096_resp32768_c16_keepalive_ms,1.674096
latency,1,431,http1_rust_nodelay_production_req4096_resp32768_c16_keepalive_ms,1.799018
latency,1,432,http1_rust_nodelay_production_req4096_resp32768_c16_keepalive_ms,1.591085
latency,1,433,http1_rust_nodelay_production_req4096_resp32768_c16_keepalive_ms,1.661526
latency,1,434,http1_rust_nodelay_production_req4096_resp32768_c16_keepalive_ms,1.724647
latency,1,435,http1_rust_nodelay_production_req4096_resp32768_c16_keepalive_ms,1.673866
latency,1,436,http1_rust_nodelay_production_req4096_resp32768_c16_keepalive_ms,1.173539
latency,1,437,http1_rust_nodelay_production_req4096_resp32768_c16_keepalive_ms,1.615785
latency,1,438,http1_rust_nodelay_production_req4096_resp32768_c16_keepalive_ms,1.725207
latency,1,439,http1_rust_nodelay_production_req4096_resp32768_c16_keepalive_ms,1.838829
latency,1,440,http1_rust_nodelay_production_req4096_resp32768_c16_keepalive_ms,1.560324
latency,1,441,http1_rust_nodelay_production_req4096_resp32768_c16_keepalive_ms,1.657596
latency,1,442,http1_rust_nodelay_production_req4096_resp32768_c16_keepalive_ms,1.176688
latency,1,443,http1_rust_nodelay_production_req4096_resp32768_c16_keepalive_ms,10.517675
latency,1,444,http1_rust_nodelay_production_req4096_resp32768_c16_keepalive_ms,1.654906
latency,1,445,http1_rust_nodelay_production_req4096_resp32768_c16_keepalive_ms,1.355661
latency,1,446,http1_rust_nodelay_production_req4096_resp32768_c16_keepalive_ms,1.658165
latency,1,447,http1_rust_nodelay_production_req4096_resp32768_c16_keepalive_ms,1.543425
latency,1,448,http1_rust_nodelay_production_req4096_resp32768_c16_keepalive_ms,1.294810
latency,1,449,http1_rust_nodelay_production_req4096_resp32768_c16_keepalive_ms,1.575185
latency,1,450,http1_rust_nodelay_production_req4096_resp32768_c16_keepalive_ms,1.668366
latency,1,451,http1_rust_nodelay_production_req4096_resp32768_c16_keepalive_ms,1.293220
latency,1,452,http1_rust_nodelay_production_req4096_resp32768_c16_keepalive_ms,1.222349
latency,1,453,http1_rust_nodelay_production_req4096_resp32768_c16_keepalive_ms,1.855009
latency,1,454,http1_rust_nodelay_production_req4096_resp32768_c16_keepalive_ms,1.169528
latency,1,455,http1_rust_nodelay_production_req4096_resp32768_c16_keepalive_ms,1.694597
latency,1,456,http1_rust_nodelay_production_req4096_resp32768_c16_keepalive_ms,1.222469
latency,1,457,http1_rust_nodelay_production_req4096_resp32768_c16_keepalive_ms,1.652296
latency,1,458,http1_rust_nodelay_production_req4096_resp32768_c16_keepalive_ms,1.684876
latency,1,459,http1_rust_nodelay_production_req4096_resp32768_c16_keepalive_ms,1.342621
latency,1,460,http1_rust_nodelay_production_req4096_resp32768_c16_keepalive_ms,1.597895
latency,1,461,http1_rust_nodelay_production_req4096_resp32768_c16_keepalive_ms,1.283930
latency,1,462,http1_rust_nodelay_production_req4096_resp32768_c16_keepalive_ms,1.608025
latency,1,463,http1_rust_nodelay_production_req4096_resp32768_c16_keepalive_ms,1.358431
latency,1,464,http1_rust_nodelay_production_req4096_resp32768_c16_keepalive_ms,1.650156
latency,1,465,http1_rust_nodelay_production_req4096_resp32768_c16_keepalive_ms,1.316901
latency,1,466,http1_rust_nodelay_production_req4096_resp32768_c16_keepalive_ms,1.657006
latency,1,467,http1_rust_nodelay_production_req4096_resp32768_c16_keepalive_ms,1.353021
latency,1,468,http1_rust_nodelay_production_req4096_resp32768_c16_keepalive_ms,1.610665
latency,1,469,http1_rust_nodelay_production_req4096_resp32768_c16_keepalive_ms,1.631165
latency,1,470,http1_rust_nodelay_production_req4096_resp32768_c16_keepalive_ms,1.747268
latency,1,471,http1_rust_nodelay_production_req4096_resp32768_c16_keepalive_ms,1.886529
latency,1,472,http1_rust_nodelay_production_req4096_resp32768_c16_keepalive_ms,1.728257
latency,1,473,http1_rust_nodelay_production_req4096_resp32768_c16_keepalive_ms,1.825679
latency,1,474,http1_rust_nodelay_production_req4096_resp32768_c16_keepalive_ms,2.028972
latency,1,475,http1_rust_nodelay_production_req4096_resp32768_c16_keepalive_ms,1.607175
latency,1,476,http1_rust_nodelay_production_req4096_resp32768_c16_keepalive_ms,1.867589
latency,1,477,http1_rust_nodelay_production_req4096_resp32768_c16_keepalive_ms,1.918570
latency,1,478,http1_rust_nodelay_production_req4096_resp32768_c16_keepalive_ms,1.860829
latency,1,479,http1_rust_nodelay_production_req4096_resp32768_c16_keepalive_ms,1.241329
latency,1,640,http1_rust_nodelay_production_req4096_resp32768_c16_keepalive_ms,1.632206
latency,1,641,http1_rust_nodelay_production_req4096_resp32768_c16_keepalive_ms,1.831638
latency,1,642,http1_rust_nodelay_production_req4096_resp32768_c16_keepalive_ms,1.419553
latency,1,643,http1_rust_nodelay_production_req4096_resp32768_c16_keepalive_ms,1.907510
latency,1,644,http1_rust_nodelay_production_req4096_resp32768_c16_keepalive_ms,1.628795
latency,1,645,http1_rust_nodelay_production_req4096_resp32768_c16_keepalive_ms,1.840359
latency,1,646,http1_rust_nodelay_production_req4096_resp32768_c16_keepalive_ms,1.702476
latency,1,647,http1_rust_nodelay_production_req4096_resp32768_c16_keepalive_ms,1.645596
latency,1,648,http1_rust_nodelay_production_req4096_resp32768_c16_keepalive_ms,1.622335
latency,1,649,http1_rust_nodelay_production_req4096_resp32768_c16_keepalive_ms,1.304481
latency,1,650,http1_rust_nodelay_production_req4096_resp32768_c16_keepalive_ms,1.606715
latency,1,651,http1_rust_nodelay_production_req4096_resp32768_c16_keepalive_ms,1.722007
latency,1,652,http1_rust_nodelay_production_req4096_resp32768_c16_keepalive_ms,1.725407
latency,1,653,http1_rust_nodelay_production_req4096_resp32768_c16_keepalive_ms,1.750127
latency,1,654,http1_rust_nodelay_production_req4096_resp32768_c16_keepalive_ms,1.701727
latency,1,655,http1_rust_nodelay_production_req4096_resp32768_c16_keepalive_ms,1.695676
latency,1,656,http1_rust_nodelay_production_req4096_resp32768_c16_keepalive_ms,1.758048
latency,1,657,http1_rust_nodelay_production_req4096_resp32768_c16_keepalive_ms,1.695176
latency,1,658,http1_rust_nodelay_production_req4096_resp32768_c16_keepalive_ms,1.319901
latency,1,659,http1_rust_nodelay_production_req4096_resp32768_c16_keepalive_ms,1.643285
latency,1,660,http1_rust_nodelay_production_req4096_resp32768_c16_keepalive_ms,1.682937
latency,1,661,http1_rust_nodelay_production_req4096_resp32768_c16_keepalive_ms,1.751587
latency,1,662,http1_rust_nodelay_production_req4096_resp32768_c16_keepalive_ms,1.341451
latency,1,663,http1_rust_nodelay_production_req4096_resp32768_c16_keepalive_ms,1.263410
latency,1,664,http1_rust_nodelay_production_req4096_resp32768_c16_keepalive_ms,1.604635
latency,1,665,http1_rust_nodelay_production_req4096_resp32768_c16_keepalive_ms,1.755967
latency,1,666,http1_rust_nodelay_production_req4096_resp32768_c16_keepalive_ms,1.667256
latency,1,667,http1_rust_nodelay_production_req4096_resp32768_c16_keepalive_ms,1.301751
latency,1,668,http1_rust_nodelay_production_req4096_resp32768_c16_keepalive_ms,7.590348
latency,1,669,http1_rust_nodelay_production_req4096_resp32768_c16_keepalive_ms,1.614365
latency,1,670,http1_rust_nodelay_production_req4096_resp32768_c16_keepalive_ms,1.624496
latency,1,671,http1_rust_nodelay_production_req4096_resp32768_c16_keepalive_ms,1.718737
latency,1,672,http1_rust_nodelay_production_req4096_resp32768_c16_keepalive_ms,1.751437
latency,1,673,http1_rust_nodelay_production_req4096_resp32768_c16_keepalive_ms,1.605335
latency,1,674,http1_rust_nodelay_production_req4096_resp32768_c16_keepalive_ms,1.268760
latency,1,675,http1_rust_nodelay_production_req4096_resp32768_c16_keepalive_ms,1.622685
latency,1,676,http1_rust_nodelay_production_req4096_resp32768_c16_keepalive_ms,1.676117
latency,1,677,http1_rust_nodelay_production_req4096_resp32768_c16_keepalive_ms,1.695736
latency,1,678,http1_rust_nodelay_production_req4096_resp32768_c16_keepalive_ms,1.263610
latency,1,679,http1_rust_nodelay_production_req4096_resp32768_c16_keepalive_ms,1.650266
latency,1,680,http1_rust_nodelay_production_req4096_resp32768_c16_keepalive_ms,1.595595
latency,1,681,http1_rust_nodelay_production_req4096_resp32768_c16_keepalive_ms,1.275599
latency,1,682,http1_rust_nodelay_production_req4096_resp32768_c16_keepalive_ms,1.182389
latency,1,683,http1_rust_nodelay_production_req4096_resp32768_c16_keepalive_ms,10.669087
latency,1,684,http1_rust_nodelay_production_req4096_resp32768_c16_keepalive_ms,1.664856
latency,1,685,http1_rust_nodelay_production_req4096_resp32768_c16_keepalive_ms,1.250279
latency,1,686,http1_rust_nodelay_production_req4096_resp32768_c16_keepalive_ms,1.655416
latency,1,687,http1_rust_nodelay_production_req4096_resp32768_c16_keepalive_ms,1.702187
latency,1,688,http1_rust_nodelay_production_req4096_resp32768_c16_keepalive_ms,1.279660
latency,1,689,http1_rust_nodelay_production_req4096_resp32768_c16_keepalive_ms,1.505443
latency,1,690,http1_rust_nodelay_production_req4096_resp32768_c16_keepalive_ms,1.688597
latency,1,691,http1_rust_nodelay_production_req4096_resp32768_c16_keepalive_ms,1.436782
latency,1,692,http1_rust_nodelay_production_req4096_resp32768_c16_keepalive_ms,1.641706
latency,1,693,http1_rust_nodelay_production_req4096_resp32768_c16_keepalive_ms,1.256520
latency,1,694,http1_rust_nodelay_production_req4096_resp32768_c16_keepalive_ms,1.702386
latency,1,695,http1_rust_nodelay_production_req4096_resp32768_c16_keepalive_ms,1.689787
latency,1,696,http1_rust_nodelay_production_req4096_resp32768_c16_keepalive_ms,1.688606
latency,1,697,http1_rust_nodelay_production_req4096_resp32768_c16_keepalive_ms,1.358191
latency,1,698,http1_rust_nodelay_production_req4096_resp32768_c16_keepalive_ms,1.593285
latency,1,699,http1_rust_nodelay_production_req4096_resp32768_c16_keepalive_ms,1.305861
latency,1,700,http1_rust_nodelay_production_req4096_resp32768_c16_keepalive_ms,1.627235
latency,1,701,http1_rust_nodelay_production_req4096_resp32768_c16_keepalive_ms,1.683906
latency,1,702,http1_rust_nodelay_production_req4096_resp32768_c16_keepalive_ms,1.306041
latency,1,703,http1_rust_nodelay_production_req4096_resp32768_c16_keepalive_ms,1.668366
latency,1,704,http1_rust_nodelay_production_req4096_resp32768_c16_keepalive_ms,1.291850
latency,1,705,http1_rust_nodelay_production_req4096_resp32768_c16_keepalive_ms,1.741567
latency,1,706,http1_rust_nodelay_production_req4096_resp32768_c16_keepalive_ms,1.249690
latency,1,707,http1_rust_nodelay_production_req4096_resp32768_c16_keepalive_ms,1.745667
latency,1,708,http1_rust_nodelay_production_req4096_resp32768_c16_keepalive_ms,1.843759
latency,1,709,http1_rust_nodelay_production_req4096_resp32768_c16_keepalive_ms,1.757017
latency,1,710,http1_rust_nodelay_production_req4096_resp32768_c16_keepalive_ms,1.664886
latency,1,711,http1_rust_nodelay_production_req4096_resp32768_c16_keepalive_ms,1.127218
latency,1,712,http1_rust_nodelay_production_req4096_resp32768_c16_keepalive_ms,2.027542
latency,1,713,http1_rust_nodelay_production_req4096_resp32768_c16_keepalive_ms,1.156548
latency,1,714,http1_rust_nodelay_production_req4096_resp32768_c16_keepalive_ms,1.582784
latency,1,715,http1_rust_nodelay_production_req4096_resp32768_c16_keepalive_ms,1.539784
latency,1,716,http1_rust_nodelay_production_req4096_resp32768_c16_keepalive_ms,1.849429
latency,1,717,http1_rust_nodelay_production_req4096_resp32768_c16_keepalive_ms,1.759318
latency,1,718,http1_rust_nodelay_production_req4096_resp32768_c16_keepalive_ms,1.420472
latency,1,719,http1_rust_nodelay_production_req4096_resp32768_c16_keepalive_ms,0.715041
latency,1,1040,http1_rust_nodelay_production_req4096_resp32768_c16_keepalive_ms,1.762488
latency,1,1041,http1_rust_nodelay_production_req4096_resp32768_c16_keepalive_ms,1.433242
latency,1,1042,http1_rust_nodelay_production_req4096_resp32768_c16_keepalive_ms,1.759647
latency,1,1043,http1_rust_nodelay_production_req4096_resp32768_c16_keepalive_ms,1.416473
latency,1,1044,http1_rust_nodelay_production_req4096_resp32768_c16_keepalive_ms,1.265269
latency,1,1045,http1_rust_nodelay_production_req4096_resp32768_c16_keepalive_ms,1.464693
latency,1,1046,http1_rust_nodelay_production_req4096_resp32768_c16_keepalive_ms,1.669906
latency,1,1047,http1_rust_nodelay_production_req4096_resp32768_c16_keepalive_ms,1.331001
latency,1,1048,http1_rust_nodelay_production_req4096_resp32768_c16_keepalive_ms,13.246627
latency,1,1049,http1_rust_nodelay_production_req4096_resp32768_c16_keepalive_ms,1.621305
latency,1,1050,http1_rust_nodelay_production_req4096_resp32768_c16_keepalive_ms,1.404592
latency,1,1051,http1_rust_nodelay_production_req4096_resp32768_c16_keepalive_ms,1.279130
latency,1,1052,http1_rust_nodelay_production_req4096_resp32768_c16_keepalive_ms,4.737895
latency,1,1053,http1_rust_nodelay_production_req4096_resp32768_c16_keepalive_ms,1.723096
latency,1,1054,http1_rust_nodelay_production_req4096_resp32768_c16_keepalive_ms,1.797978
latency,1,1055,http1_rust_nodelay_production_req4096_resp32768_c16_keepalive_ms,1.263870
latency,1,1056,http1_rust_nodelay_production_req4096_resp32768_c16_keepalive_ms,1.732247
latency,1,1057,http1_rust_nodelay_production_req4096_resp32768_c16_keepalive_ms,1.349771
latency,1,1058,http1_rust_nodelay_production_req4096_resp32768_c16_keepalive_ms,1.708317
latency,1,1059,http1_rust_nodelay_production_req4096_resp32768_c16_keepalive_ms,1.641066
latency,1,1060,http1_rust_nodelay_production_req4096_resp32768_c16_keepalive_ms,1.551164
latency,1,1061,http1_rust_nodelay_production_req4096_resp32768_c16_keepalive_ms,1.660306
latency,1,1062,http1_rust_nodelay_production_req4096_resp32768_c16_keepalive_ms,9.029101
latency,1,1063,http1_rust_nodelay_production_req4096_resp32768_c16_keepalive_ms,1.754217
latency,1,1064,http1_rust_nodelay_production_req4096_resp32768_c16_keepalive_ms,1.609356
latency,1,1065,http1_rust_nodelay_production_req4096_resp32768_c16_keepalive_ms,1.572714
latency,1,1066,http1_rust_nodelay_production_req4096_resp32768_c16_keepalive_ms,1.738727
latency,1,1067,http1_rust_nodelay_production_req4096_resp32768_c16_keepalive_ms,1.594175
latency,1,1068,http1_rust_nodelay_production_req4096_resp32768_c16_keepalive_ms,1.285991
latency,1,1069,http1_rust_nodelay_production_req4096_resp32768_c16_keepalive_ms,1.571194
latency,1,1070,http1_rust_nodelay_production_req4096_resp32768_c16_keepalive_ms,1.739167
latency,1,1071,http1_rust_nodelay_production_req4096_resp32768_c16_keepalive_ms,1.233989
latency,1,1072,http1_rust_nodelay_production_req4096_resp32768_c16_keepalive_ms,1.722957
latency,1,1073,http1_rust_nodelay_production_req4096_resp32768_c16_keepalive_ms,1.613146
latency,1,1074,http1_rust_nodelay_production_req4096_resp32768_c16_keepalive_ms,1.279080
latency,1,1075,http1_rust_nodelay_production_req4096_resp32768_c16_keepalive_ms,1.655605
latency,1,1076,http1_rust_nodelay_production_req4096_resp32768_c16_keepalive_ms,1.748878
latency,1,1077,http1_rust_nodelay_production_req4096_resp32768_c16_keepalive_ms,1.681026
latency,1,1078,http1_rust_nodelay_production_req4096_resp32768_c16_keepalive_ms,1.592865
latency,1,1079,http1_rust_nodelay_production_req4096_resp32768_c16_keepalive_ms,1.273950
latency,1,1080,http1_rust_nodelay_production_req4096_resp32768_c16_keepalive_ms,1.713057
latency,1,1081,http1_rust_nodelay_production_req4096_resp32768_c16_keepalive_ms,1.684156
latency,1,1082,http1_rust_nodelay_production_req4096_resp32768_c16_keepalive_ms,1.656246
latency,1,1083,http1_rust_nodelay_production_req4096_resp32768_c16_keepalive_ms,1.742057
latency,1,1084,http1_rust_nodelay_production_req4096_resp32768_c16_keepalive_ms,1.668596
latency,1,1085,http1_rust_nodelay_production_req4096_resp32768_c16_keepalive_ms,1.293790
latency,1,1086,http1_rust_nodelay_production_req4096_resp32768_c16_keepalive_ms,1.220880
latency,1,1087,http1_rust_nodelay_production_req4096_resp32768_c16_keepalive_ms,1.803417
latency,1,1088,http1_rust_nodelay_production_req4096_resp32768_c16_keepalive_ms,1.169659
latency,1,1089,http1_rust_nodelay_production_req4096_resp32768_c16_keepalive_ms,1.697277
latency,1,1090,http1_rust_nodelay_production_req4096_resp32768_c16_keepalive_ms,1.220749
latency,1,1091,http1_rust_nodelay_production_req4096_resp32768_c16_keepalive_ms,1.632115
latency,1,1092,http1_rust_nodelay_production_req4096_resp32768_c16_keepalive_ms,1.294940
latency,1,1093,http1_rust_nodelay_production_req4096_resp32768_c16_keepalive_ms,1.567195
latency,1,1094,http1_rust_nodelay_production_req4096_resp32768_c16_keepalive_ms,1.622995
latency,1,1095,http1_rust_nodelay_production_req4096_resp32768_c16_keepalive_ms,1.255440
latency,1,1096,http1_rust_nodelay_production_req4096_resp32768_c16_keepalive_ms,1.711936
latency,1,1097,http1_rust_nodelay_production_req4096_resp32768_c16_keepalive_ms,1.670747
latency,1,1098,http1_rust_nodelay_production_req4096_resp32768_c16_keepalive_ms,1.661736
latency,1,1099,http1_rust_nodelay_production_req4096_resp32768_c16_keepalive_ms,1.693836
latency,1,1100,http1_rust_nodelay_production_req4096_resp32768_c16_keepalive_ms,1.719737
latency,1,1101,http1_rust_nodelay_production_req4096_resp32768_c16_keepalive_ms,1.626345
latency,1,1102,http1_rust_nodelay_production_req4096_resp32768_c16_keepalive_ms,1.228609
latency,1,1103,http1_rust_nodelay_production_req4096_resp32768_c16_keepalive_ms,1.699437
latency,1,1104,http1_rust_nodelay_production_req4096_resp32768_c16_keepalive_ms,1.316671
latency,1,1105,http1_rust_nodelay_production_req4096_resp32768_c16_keepalive_ms,1.809438
latency,1,1106,http1_rust_nodelay_production_req4096_resp32768_c16_keepalive_ms,1.359831
latency,1,1107,http1_rust_nodelay_production_req4096_resp32768_c16_keepalive_ms,1.635556
latency,1,1108,http1_rust_nodelay_production_req4096_resp32768_c16_keepalive_ms,1.861479
latency,1,1109,http1_rust_nodelay_production_req4096_resp32768_c16_keepalive_ms,1.636765
latency,1,1110,http1_rust_nodelay_production_req4096_resp32768_c16_keepalive_ms,1.228490
latency,1,1111,http1_rust_nodelay_production_req4096_resp32768_c16_keepalive_ms,1.897289
latency,1,1112,http1_rust_nodelay_production_req4096_resp32768_c16_keepalive_ms,1.870100
latency,1,1113,http1_rust_nodelay_production_req4096_resp32768_c16_keepalive_ms,1.535154
latency,1,1114,http1_rust_nodelay_production_req4096_resp32768_c16_keepalive_ms,1.393181
latency,1,1115,http1_rust_nodelay_production_req4096_resp32768_c16_keepalive_ms,1.303391
latency,1,1116,http1_rust_nodelay_production_req4096_resp32768_c16_keepalive_ms,0.945115
latency,1,1117,http1_rust_nodelay_production_req4096_resp32768_c16_keepalive_ms,1.696716
latency,1,1118,http1_rust_nodelay_production_req4096_resp32768_c16_keepalive_ms,0.792662
latency,1,1119,http1_rust_nodelay_production_req4096_resp32768_c16_keepalive_ms,0.970726
latency,1,480,http1_rust_nodelay_production_req4096_resp32768_c16_keepalive_ms,1.613935
latency,1,481,http1_rust_nodelay_production_req4096_resp32768_c16_keepalive_ms,1.831689
latency,1,482,http1_rust_nodelay_production_req4096_resp32768_c16_keepalive_ms,1.962931
latency,1,483,http1_rust_nodelay_production_req4096_resp32768_c16_keepalive_ms,1.883589
latency,1,484,http1_rust_nodelay_production_req4096_resp32768_c16_keepalive_ms,1.753617
latency,1,485,http1_rust_nodelay_production_req4096_resp32768_c16_keepalive_ms,4.381289
latency,1,486,http1_rust_nodelay_production_req4096_resp32768_c16_keepalive_ms,1.633756
latency,1,487,http1_rust_nodelay_production_req4096_resp32768_c16_keepalive_ms,1.272429
latency,1,488,http1_rust_nodelay_production_req4096_resp32768_c16_keepalive_ms,1.656176
latency,1,489,http1_rust_nodelay_production_req4096_resp32768_c16_keepalive_ms,1.315291
latency,1,490,http1_rust_nodelay_production_req4096_resp32768_c16_keepalive_ms,1.671746
latency,1,491,http1_rust_nodelay_production_req4096_resp32768_c16_keepalive_ms,1.327621
latency,1,492,http1_rust_nodelay_production_req4096_resp32768_c16_keepalive_ms,1.279220
latency,1,493,http1_rust_nodelay_production_req4096_resp32768_c16_keepalive_ms,1.643625
latency,1,494,http1_rust_nodelay_production_req4096_resp32768_c16_keepalive_ms,1.293880
latency,1,495,http1_rust_nodelay_production_req4096_resp32768_c16_keepalive_ms,1.712627
latency,1,496,http1_rust_nodelay_production_req4096_resp32768_c16_keepalive_ms,1.671597
latency,1,497,http1_rust_nodelay_production_req4096_resp32768_c16_keepalive_ms,1.706866
latency,1,498,http1_rust_nodelay_production_req4096_resp32768_c16_keepalive_ms,1.645296
latency,1,499,http1_rust_nodelay_production_req4096_resp32768_c16_keepalive_ms,1.722547
latency,1,500,http1_rust_nodelay_production_req4096_resp32768_c16_keepalive_ms,1.746717
latency,1,501,http1_rust_nodelay_production_req4096_resp32768_c16_keepalive_ms,1.806128
latency,1,502,http1_rust_nodelay_production_req4096_resp32768_c16_keepalive_ms,1.621506
latency,1,503,http1_rust_nodelay_production_req4096_resp32768_c16_keepalive_ms,1.317390
latency,1,504,http1_rust_nodelay_production_req4096_resp32768_c16_keepalive_ms,3.815960
latency,1,505,http1_rust_nodelay_production_req4096_resp32768_c16_keepalive_ms,1.630955
latency,1,506,http1_rust_nodelay_production_req4096_resp32768_c16_keepalive_ms,1.239570
latency,1,507,http1_rust_nodelay_production_req4096_resp32768_c16_keepalive_ms,1.335501
latency,1,508,http1_rust_nodelay_production_req4096_resp32768_c16_keepalive_ms,1.662926
latency,1,509,http1_rust_nodelay_production_req4096_resp32768_c16_keepalive_ms,1.740807
latency,1,510,http1_rust_nodelay_production_req4096_resp32768_c16_keepalive_ms,1.538084
latency,1,511,http1_rust_nodelay_production_req4096_resp32768_c16_keepalive_ms,1.221789
latency,1,512,http1_rust_nodelay_production_req4096_resp32768_c16_keepalive_ms,1.594065
latency,1,513,http1_rust_nodelay_production_req4096_resp32768_c16_keepalive_ms,1.349441
latency,1,514,http1_rust_nodelay_production_req4096_resp32768_c16_keepalive_ms,1.338271
latency,1,515,http1_rust_nodelay_production_req4096_resp32768_c16_keepalive_ms,1.277230
latency,1,516,http1_rust_nodelay_production_req4096_resp32768_c16_keepalive_ms,1.573345
latency,1,517,http1_rust_nodelay_production_req4096_resp32768_c16_keepalive_ms,1.253549
latency,1,518,http1_rust_nodelay_production_req4096_resp32768_c16_keepalive_ms,1.228139
latency,1,519,http1_rust_nodelay_production_req4096_resp32768_c16_keepalive_ms,1.588725
latency,1,520,http1_rust_nodelay_production_req4096_resp32768_c16_keepalive_ms,1.464463
latency,1,521,http1_rust_nodelay_production_req4096_resp32768_c16_keepalive_ms,1.886639
latency,1,522,http1_rust_nodelay_production_req4096_resp32768_c16_keepalive_ms,1.643986
latency,1,523,http1_rust_nodelay_production_req4096_resp32768_c16_keepalive_ms,1.728327
latency,1,524,http1_rust_nodelay_production_req4096_resp32768_c16_keepalive_ms,1.614745
latency,1,525,http1_rust_nodelay_production_req4096_resp32768_c16_keepalive_ms,1.632796
latency,1,526,http1_rust_nodelay_production_req4096_resp32768_c16_keepalive_ms,1.325371
latency,1,527,http1_rust_nodelay_production_req4096_resp32768_c16_keepalive_ms,1.708796
latency,1,528,http1_rust_nodelay_production_req4096_resp32768_c16_keepalive_ms,1.276800
latency,1,529,http1_rust_nodelay_production_req4096_resp32768_c16_keepalive_ms,1.680286
latency,1,530,http1_rust_nodelay_production_req4096_resp32768_c16_keepalive_ms,1.306591
latency,1,531,http1_rust_nodelay_production_req4096_resp32768_c16_keepalive_ms,1.727647
latency,1,532,http1_rust_nodelay_production_req4096_resp32768_c16_keepalive_ms,1.620265
latency,1,533,http1_rust_nodelay_production_req4096_resp32768_c16_keepalive_ms,1.670606
latency,1,534,http1_rust_nodelay_production_req4096_resp32768_c16_keepalive_ms,10.741808
latency,1,535,http1_rust_nodelay_production_req4096_resp32768_c16_keepalive_ms,1.652766
latency,1,536,http1_rust_nodelay_production_req4096_resp32768_c16_keepalive_ms,1.286140
latency,1,537,http1_rust_nodelay_production_req4096_resp32768_c16_keepalive_ms,1.677987
latency,1,538,http1_rust_nodelay_production_req4096_resp32768_c16_keepalive_ms,1.719266
latency,1,539,http1_rust_nodelay_production_req4096_resp32768_c16_keepalive_ms,1.631336
latency,1,540,http1_rust_nodelay_production_req4096_resp32768_c16_keepalive_ms,1.678556
latency,1,541,http1_rust_nodelay_production_req4096_resp32768_c16_keepalive_ms,1.630935
latency,1,542,http1_rust_nodelay_production_req4096_resp32768_c16_keepalive_ms,1.745038
latency,1,543,http1_rust_nodelay_production_req4096_resp32768_c16_keepalive_ms,1.712207
latency,1,544,http1_rust_nodelay_production_req4096_resp32768_c16_keepalive_ms,1.682116
latency,1,545,http1_rust_nodelay_production_req4096_resp32768_c16_keepalive_ms,1.706127
latency,1,546,http1_rust_nodelay_production_req4096_resp32768_c16_keepalive_ms,1.608475
latency,1,547,http1_rust_nodelay_production_req4096_resp32768_c16_keepalive_ms,12.275392
latency,1,548,http1_rust_nodelay_production_req4096_resp32768_c16_keepalive_ms,1.864819
latency,1,549,http1_rust_nodelay_production_req4096_resp32768_c16_keepalive_ms,1.500033
latency,1,550,http1_rust_nodelay_production_req4096_resp32768_c16_keepalive_ms,2.168994
latency,1,551,http1_rust_nodelay_production_req4096_resp32768_c16_keepalive_ms,1.081097
latency,1,552,http1_rust_nodelay_production_req4096_resp32768_c16_keepalive_ms,1.138518
latency,1,553,http1_rust_nodelay_production_req4096_resp32768_c16_keepalive_ms,1.263960
latency,1,554,http1_rust_nodelay_production_req4096_resp32768_c16_keepalive_ms,1.721687
latency,1,555,http1_rust_nodelay_production_req4096_resp32768_c16_keepalive_ms,0.847873
latency,1,556,http1_rust_nodelay_production_req4096_resp32768_c16_keepalive_ms,0.943394
latency,1,557,http1_rust_nodelay_production_req4096_resp32768_c16_keepalive_ms,1.156269
latency,1,558,http1_rust_nodelay_production_req4096_resp32768_c16_keepalive_ms,0.987825
latency,1,559,http1_rust_nodelay_production_req4096_resp32768_c16_keepalive_ms,0.804403
latency,1,0,http1_rust_nodelay_production_req4096_resp32768_c16_keepalive_ms,1.591935
latency,1,1,http1_rust_nodelay_production_req4096_resp32768_c16_keepalive_ms,1.836078
latency,1,2,http1_rust_nodelay_production_req4096_resp32768_c16_keepalive_ms,10.844120
latency,1,3,http1_rust_nodelay_production_req4096_resp32768_c16_keepalive_ms,1.683037
latency,1,4,http1_rust_nodelay_production_req4096_resp32768_c16_keepalive_ms,1.734556
latency,1,5,http1_rust_nodelay_production_req4096_resp32768_c16_keepalive_ms,1.743518
latency,1,6,http1_rust_nodelay_production_req4096_resp32768_c16_keepalive_ms,1.668096
latency,1,7,http1_rust_nodelay_production_req4096_resp32768_c16_keepalive_ms,1.722617
latency,1,8,http1_rust_nodelay_production_req4096_resp32768_c16_keepalive_ms,1.868449
latency,1,9,http1_rust_nodelay_production_req4096_resp32768_c16_keepalive_ms,1.678506
latency,1,10,http1_rust_nodelay_production_req4096_resp32768_c16_keepalive_ms,1.771118
latency,1,11,http1_rust_nodelay_production_req4096_resp32768_c16_keepalive_ms,1.680976
latency,1,12,http1_rust_nodelay_production_req4096_resp32768_c16_keepalive_ms,1.295970
latency,1,13,http1_rust_nodelay_production_req4096_resp32768_c16_keepalive_ms,1.629936
latency,1,14,http1_rust_nodelay_production_req4096_resp32768_c16_keepalive_ms,7.583928
latency,1,15,http1_rust_nodelay_production_req4096_resp32768_c16_keepalive_ms,1.731207
latency,1,16,http1_rust_nodelay_production_req4096_resp32768_c16_keepalive_ms,1.338642
latency,1,17,http1_rust_nodelay_production_req4096_resp32768_c16_keepalive_ms,2.048901
latency,1,18,http1_rust_nodelay_production_req4096_resp32768_c16_keepalive_ms,1.229270
latency,1,19,http1_rust_nodelay_production_req4096_resp32768_c16_keepalive_ms,1.704246
latency,1,20,http1_rust_nodelay_production_req4096_resp32768_c16_keepalive_ms,1.716737
latency,1,21,http1_rust_nodelay_production_req4096_resp32768_c16_keepalive_ms,1.307561
latency,1,22,http1_rust_nodelay_production_req4096_resp32768_c16_keepalive_ms,1.632515
latency,1,23,http1_rust_nodelay_production_req4096_resp32768_c16_keepalive_ms,1.600375
latency,1,24,http1_rust_nodelay_production_req4096_resp32768_c16_keepalive_ms,1.621995
latency,1,25,http1_rust_nodelay_production_req4096_resp32768_c16_keepalive_ms,1.713457
latency,1,26,http1_rust_nodelay_production_req4096_resp32768_c16_keepalive_ms,1.754938
latency,1,27,http1_rust_nodelay_production_req4096_resp32768_c16_keepalive_ms,1.606495
latency,1,28,http1_rust_nodelay_production_req4096_resp32768_c16_keepalive_ms,1.578875
latency,1,29,http1_rust_nodelay_production_req4096_resp32768_c16_keepalive_ms,1.309600
latency,1,30,http1_rust_nodelay_production_req4096_resp32768_c16_keepalive_ms,1.787678
latency,1,31,http1_rust_nodelay_production_req4096_resp32768_c16_keepalive_ms,1.523634
latency,1,32,http1_rust_nodelay_production_req4096_resp32768_c16_keepalive_ms,1.637095
latency,1,33,http1_rust_nodelay_production_req4096_resp32768_c16_keepalive_ms,1.534344
latency,1,34,http1_rust_nodelay_production_req4096_resp32768_c16_keepalive_ms,1.596245
latency,1,35,http1_rust_nodelay_production_req4096_resp32768_c16_keepalive_ms,1.710137
latency,1,36,http1_rust_nodelay_production_req4096_resp32768_c16_keepalive_ms,1.594135
latency,1,37,http1_rust_nodelay_production_req4096_resp32768_c16_keepalive_ms,1.348971
latency,1,38,http1_rust_nodelay_production_req4096_resp32768_c16_keepalive_ms,1.696806
latency,1,39,http1_rust_nodelay_production_req4096_resp32768_c16_keepalive_ms,1.705387
latency,1,40,http1_rust_nodelay_production_req4096_resp32768_c16_keepalive_ms,1.279440
latency,1,41,http1_rust_nodelay_production_req4096_resp32768_c16_keepalive_ms,1.723527
latency,1,42,http1_rust_nodelay_production_req4096_resp32768_c16_keepalive_ms,1.705057
latency,1,43,http1_rust_nodelay_production_req4096_resp32768_c16_keepalive_ms,1.319850
latency,1,44,http1_rust_nodelay_production_req4096_resp32768_c16_keepalive_ms,1.622546
latency,1,45,http1_rust_nodelay_production_req4096_resp32768_c16_keepalive_ms,1.655396
latency,1,46,http1_rust_nodelay_production_req4096_resp32768_c16_keepalive_ms,1.344731
latency,1,47,http1_rust_nodelay_production_req4096_resp32768_c16_keepalive_ms,1.613755
latency,1,48,http1_rust_nodelay_production_req4096_resp32768_c16_keepalive_ms,1.725057
latency,1,49,http1_rust_nodelay_production_req4096_resp32768_c16_keepalive_ms,1.686106
latency,1,50,http1_rust_nodelay_production_req4096_resp32768_c16_keepalive_ms,1.365811
latency,1,51,http1_rust_nodelay_production_req4096_resp32768_c16_keepalive_ms,1.624296
latency,1,52,http1_rust_nodelay_production_req4096_resp32768_c16_keepalive_ms,1.637526
latency,1,53,http1_rust_nodelay_production_req4096_resp32768_c16_keepalive_ms,1.256449
latency,1,54,http1_rust_nodelay_production_req4096_resp32768_c16_keepalive_ms,1.278690
latency,1,55,http1_rust_nodelay_production_req4096_resp32768_c16_keepalive_ms,1.648176
latency,1,56,http1_rust_nodelay_production_req4096_resp32768_c16_keepalive_ms,1.340081
latency,1,57,http1_rust_nodelay_production_req4096_resp32768_c16_keepalive_ms,1.630765
latency,1,58,http1_rust_nodelay_production_req4096_resp32768_c16_keepalive_ms,1.678297
latency,1,59,http1_rust_nodelay_production_req4096_resp32768_c16_keepalive_ms,1.630675
latency,1,60,http1_rust_nodelay_production_req4096_resp32768_c16_keepalive_ms,1.738037
latency,1,61,http1_rust_nodelay_production_req4096_resp32768_c16_keepalive_ms,1.302231
latency,1,62,http1_rust_nodelay_production_req4096_resp32768_c16_keepalive_ms,1.681986
latency,1,63,http1_rust_nodelay_production_req4096_resp32768_c16_keepalive_ms,1.282280
latency,1,64,http1_rust_nodelay_production_req4096_resp32768_c16_keepalive_ms,1.625795
latency,1,65,http1_rust_nodelay_production_req4096_resp32768_c16_keepalive_ms,1.699427
latency,1,66,http1_rust_nodelay_production_req4096_resp32768_c16_keepalive_ms,1.312350
latency,1,67,http1_rust_nodelay_production_req4096_resp32768_c16_keepalive_ms,1.767308
latency,1,68,http1_rust_nodelay_production_req4096_resp32768_c16_keepalive_ms,12.491515
latency,1,69,http1_rust_nodelay_production_req4096_resp32768_c16_keepalive_ms,1.526064
latency,1,70,http1_rust_nodelay_production_req4096_resp32768_c16_keepalive_ms,1.429082
latency,1,71,http1_rust_nodelay_production_req4096_resp32768_c16_keepalive_ms,1.314421
latency,1,72,http1_rust_nodelay_production_req4096_resp32768_c16_keepalive_ms,1.204049
latency,1,73,http1_rust_nodelay_production_req4096_resp32768_c16_keepalive_ms,1.481233
latency,1,74,http1_rust_nodelay_production_req4096_resp32768_c16_keepalive_ms,1.020586
latency,1,75,http1_rust_nodelay_production_req4096_resp32768_c16_keepalive_ms,0.732091
latency,1,76,http1_rust_nodelay_production_req4096_resp32768_c16_keepalive_ms,1.409062
latency,1,77,http1_rust_nodelay_production_req4096_resp32768_c16_keepalive_ms,0.718842
latency,1,78,http1_rust_nodelay_production_req4096_resp32768_c16_keepalive_ms,1.428922
latency,1,79,http1_rust_nodelay_production_req4096_resp32768_c16_keepalive_ms,1.016426
latency,1,720,http1_rust_nodelay_production_req4096_resp32768_c16_keepalive_ms,1.686907
latency,1,721,http1_rust_nodelay_production_req4096_resp32768_c16_keepalive_ms,1.904800
latency,1,722,http1_rust_nodelay_production_req4096_resp32768_c16_keepalive_ms,1.884939
latency,1,723,http1_rust_nodelay_production_req4096_resp32768_c16_keepalive_ms,7.396076
latency,1,724,http1_rust_nodelay_production_req4096_resp32768_c16_keepalive_ms,1.721177
latency,1,725,http1_rust_nodelay_production_req4096_resp32768_c16_keepalive_ms,7.724690
latency,1,726,http1_rust_nodelay_production_req4096_resp32768_c16_keepalive_ms,1.267740
latency,1,727,http1_rust_nodelay_production_req4096_resp32768_c16_keepalive_ms,1.645266
latency,1,728,http1_rust_nodelay_production_req4096_resp32768_c16_keepalive_ms,1.292260
latency,1,729,http1_rust_nodelay_production_req4096_resp32768_c16_keepalive_ms,1.737837
latency,1,730,http1_rust_nodelay_production_req4096_resp32768_c16_keepalive_ms,1.238890
latency,1,731,http1_rust_nodelay_production_req4096_resp32768_c16_keepalive_ms,1.740267
latency,1,732,http1_rust_nodelay_production_req4096_resp32768_c16_keepalive_ms,1.636665
latency,1,733,http1_rust_nodelay_production_req4096_resp32768_c16_keepalive_ms,1.629656
latency,1,734,http1_rust_nodelay_production_req4096_resp32768_c16_keepalive_ms,1.720037
latency,1,735,http1_rust_nodelay_production_req4096_resp32768_c16_keepalive_ms,1.797918
latency,1,736,http1_rust_nodelay_production_req4096_resp32768_c16_keepalive_ms,1.662556
latency,1,737,http1_rust_nodelay_production_req4096_resp32768_c16_keepalive_ms,1.383481
latency,1,738,http1_rust_nodelay_production_req4096_resp32768_c16_keepalive_ms,1.722797
latency,1,739,http1_rust_nodelay_production_req4096_resp32768_c16_keepalive_ms,1.319621
latency,1,740,http1_rust_nodelay_production_req4096_resp32768_c16_keepalive_ms,1.365871
latency,1,741,http1_rust_nodelay_production_req4096_resp32768_c16_keepalive_ms,1.653246
latency,1,742,http1_rust_nodelay_production_req4096_resp32768_c16_keepalive_ms,1.658256
latency,1,743,http1_rust_nodelay_production_req4096_resp32768_c16_keepalive_ms,1.724687
latency,1,744,http1_rust_nodelay_production_req4096_resp32768_c16_keepalive_ms,1.293390
latency,1,745,http1_rust_nodelay_production_req4096_resp32768_c16_keepalive_ms,1.262340
latency,1,746,http1_rust_nodelay_production_req4096_resp32768_c16_keepalive_ms,1.614215
latency,1,747,http1_rust_nodelay_production_req4096_resp32768_c16_keepalive_ms,1.623326
latency,1,748,http1_rust_nodelay_production_req4096_resp32768_c16_keepalive_ms,1.590805
latency,1,749,http1_rust_nodelay_production_req4096_resp32768_c16_keepalive_ms,1.753867
latency,1,750,http1_rust_nodelay_production_req4096_resp32768_c16_keepalive_ms,1.607405
latency,1,751,http1_rust_nodelay_production_req4096_resp32768_c16_keepalive_ms,1.573005
latency,1,752,http1_rust_nodelay_production_req4096_resp32768_c16_keepalive_ms,1.739507
latency,1,753,http1_rust_nodelay_production_req4096_resp32768_c16_keepalive_ms,1.594165
latency,1,754,http1_rust_nodelay_production_req4096_resp32768_c16_keepalive_ms,1.285120
latency,1,755,http1_rust_nodelay_production_req4096_resp32768_c16_keepalive_ms,1.572144
latency,1,756,http1_rust_nodelay_production_req4096_resp32768_c16_keepalive_ms,1.703917
latency,1,757,http1_rust_nodelay_production_req4096_resp32768_c16_keepalive_ms,1.218239
latency,1,758,http1_rust_nodelay_production_req4096_resp32768_c16_keepalive_ms,1.723037
latency,1,759,http1_rust_nodelay_production_req4096_resp32768_c16_keepalive_ms,1.612995
latency,1,760,http1_rust_nodelay_production_req4096_resp32768_c16_keepalive_ms,1.278380
latency,1,761,http1_rust_nodelay_production_req4096_resp32768_c16_keepalive_ms,1.655356
latency,1,762,http1_rust_nodelay_production_req4096_resp32768_c16_keepalive_ms,1.717357
latency,1,763,http1_rust_nodelay_production_req4096_resp32768_c16_keepalive_ms,1.268530
latency,1,764,http1_rust_nodelay_production_req4096_resp32768_c16_keepalive_ms,1.336811
latency,1,765,http1_rust_nodelay_production_req4096_resp32768_c16_keepalive_ms,1.654515
latency,1,766,http1_rust_nodelay_production_req4096_resp32768_c16_keepalive_ms,1.569855
latency,1,767,http1_rust_nodelay_production_req4096_resp32768_c16_keepalive_ms,1.312200
latency,1,768,http1_rust_nodelay_production_req4096_resp32768_c16_keepalive_ms,1.587735
latency,1,769,http1_rust_nodelay_production_req4096_resp32768_c16_keepalive_ms,1.700917
latency,1,770,http1_rust_nodelay_production_req4096_resp32768_c16_keepalive_ms,1.656906
latency,1,771,http1_rust_nodelay_production_req4096_resp32768_c16_keepalive_ms,1.276050
latency,1,772,http1_rust_nodelay_production_req4096_resp32768_c16_keepalive_ms,1.318240
latency,1,773,http1_rust_nodelay_production_req4096_resp32768_c16_keepalive_ms,1.298251
latency,1,774,http1_rust_nodelay_production_req4096_resp32768_c16_keepalive_ms,1.717976
latency,1,775,http1_rust_nodelay_production_req4096_resp32768_c16_keepalive_ms,1.693717
latency,1,776,http1_rust_nodelay_production_req4096_resp32768_c16_keepalive_ms,1.623075
latency,1,777,http1_rust_nodelay_production_req4096_resp32768_c16_keepalive_ms,1.284430
latency,1,778,http1_rust_nodelay_production_req4096_resp32768_c16_keepalive_ms,1.740568
latency,1,779,http1_rust_nodelay_production_req4096_resp32768_c16_keepalive_ms,1.290050
latency,1,780,http1_rust_nodelay_production_req4096_resp32768_c16_keepalive_ms,1.660716
latency,1,781,http1_rust_nodelay_production_req4096_resp32768_c16_keepalive_ms,1.681516
latency,1,782,http1_rust_nodelay_production_req4096_resp32768_c16_keepalive_ms,1.680886
latency,1,783,http1_rust_nodelay_production_req4096_resp32768_c16_keepalive_ms,10.997542
latency,1,784,http1_rust_nodelay_production_req4096_resp32768_c16_keepalive_ms,1.730467
latency,1,785,http1_rust_nodelay_production_req4096_resp32768_c16_keepalive_ms,1.436293
latency,1,786,http1_rust_nodelay_production_req4096_resp32768_c16_keepalive_ms,1.733077
latency,1,787,http1_rust_nodelay_production_req4096_resp32768_c16_keepalive_ms,1.241189
latency,1,788,http1_rust_nodelay_production_req4096_resp32768_c16_keepalive_ms,12.458075
latency,1,789,http1_rust_nodelay_production_req4096_resp32768_c16_keepalive_ms,1.240029
latency,1,790,http1_rust_nodelay_production_req4096_resp32768_c16_keepalive_ms,1.665226
latency,1,791,http1_rust_nodelay_production_req4096_resp32768_c16_keepalive_ms,0.820333
latency,1,792,http1_rust_nodelay_production_req4096_resp32768_c16_keepalive_ms,0.959805
latency,1,793,http1_rust_nodelay_production_req4096_resp32768_c16_keepalive_ms,1.207909
latency,1,794,http1_rust_nodelay_production_req4096_resp32768_c16_keepalive_ms,0.938955
latency,1,795,http1_rust_nodelay_production_req4096_resp32768_c16_keepalive_ms,1.094247
latency,1,796,http1_rust_nodelay_production_req4096_resp32768_c16_keepalive_ms,1.059866
latency,1,797,http1_rust_nodelay_production_req4096_resp32768_c16_keepalive_ms,1.154588
latency,1,798,http1_rust_nodelay_production_req4096_resp32768_c16_keepalive_ms,0.872184
latency,1,799,http1_rust_nodelay_production_req4096_resp32768_c16_keepalive_ms,0.674091
latency,1,1120,http1_rust_nodelay_production_req4096_resp32768_c16_keepalive_ms,1.444843
latency,1,1121,http1_rust_nodelay_production_req4096_resp32768_c16_keepalive_ms,1.836318
latency,1,1122,http1_rust_nodelay_production_req4096_resp32768_c16_keepalive_ms,1.959831
latency,1,1123,http1_rust_nodelay_production_req4096_resp32768_c16_keepalive_ms,1.810069
latency,1,1124,http1_rust_nodelay_production_req4096_resp32768_c16_keepalive_ms,1.765657
latency,1,1125,http1_rust_nodelay_production_req4096_resp32768_c16_keepalive_ms,1.748287
latency,1,1126,http1_rust_nodelay_production_req4096_resp32768_c16_keepalive_ms,1.676416
latency,1,1127,http1_rust_nodelay_production_req4096_resp32768_c16_keepalive_ms,1.275900
latency,1,1128,http1_rust_nodelay_production_req4096_resp32768_c16_keepalive_ms,1.623656
latency,1,1129,http1_rust_nodelay_production_req4096_resp32768_c16_keepalive_ms,1.625785
latency,1,1130,http1_rust_nodelay_production_req4096_resp32768_c16_keepalive_ms,1.285400
latency,1,1131,http1_rust_nodelay_production_req4096_resp32768_c16_keepalive_ms,1.720917
latency,1,1132,http1_rust_nodelay_production_req4096_resp32768_c16_keepalive_ms,1.725557
latency,1,1133,http1_rust_nodelay_production_req4096_resp32768_c16_keepalive_ms,1.750568
latency,1,1134,http1_rust_nodelay_production_req4096_resp32768_c16_keepalive_ms,1.703576
latency,1,1135,http1_rust_nodelay_production_req4096_resp32768_c16_keepalive_ms,1.690256
latency,1,1136,http1_rust_nodelay_production_req4096_resp32768_c16_keepalive_ms,1.762118
latency,1,1137,http1_rust_nodelay_production_req4096_resp32768_c16_keepalive_ms,1.278970
latency,1,1138,http1_rust_nodelay_production_req4096_resp32768_c16_keepalive_ms,1.662936
latency,1,1139,http1_rust_nodelay_production_req4096_resp32768_c16_keepalive_ms,1.264990
latency,1,1140,http1_rust_nodelay_production_req4096_resp32768_c16_keepalive_ms,1.623835
latency,1,1141,http1_rust_nodelay_production_req4096_resp32768_c16_keepalive_ms,1.296211
latency,1,1142,http1_rust_nodelay_production_req4096_resp32768_c16_keepalive_ms,1.358301
latency,1,1143,http1_rust_nodelay_production_req4096_resp32768_c16_keepalive_ms,1.353191
latency,1,1144,http1_rust_nodelay_production_req4096_resp32768_c16_keepalive_ms,1.680906
latency,1,1145,http1_rust_nodelay_production_req4096_resp32768_c16_keepalive_ms,1.663256
latency,1,1146,http1_rust_nodelay_production_req4096_resp32768_c16_keepalive_ms,1.811299
latency,1,1147,http1_rust_nodelay_production_req4096_resp32768_c16_keepalive_ms,1.301390
latency,1,1148,http1_rust_nodelay_production_req4096_resp32768_c16_keepalive_ms,1.621005
latency,1,1149,http1_rust_nodelay_production_req4096_resp32768_c16_keepalive_ms,1.668176
latency,1,1150,http1_rust_nodelay_production_req4096_resp32768_c16_keepalive_ms,1.786028
latency,1,1151,http1_rust_nodelay_production_req4096_resp32768_c16_keepalive_ms,1.284590
latency,1,1152,http1_rust_nodelay_production_req4096_resp32768_c16_keepalive_ms,1.940131
latency,1,1153,http1_rust_nodelay_production_req4096_resp32768_c16_keepalive_ms,1.614515
latency,1,1154,http1_rust_nodelay_production_req4096_resp32768_c16_keepalive_ms,1.622625
latency,1,1155,http1_rust_nodelay_production_req4096_resp32768_c16_keepalive_ms,1.712817
latency,1,1156,http1_rust_nodelay_production_req4096_resp32768_c16_keepalive_ms,1.755827
latency,1,1157,http1_rust_nodelay_production_req4096_resp32768_c16_keepalive_ms,1.604556
latency,1,1158,http1_rust_nodelay_production_req4096_resp32768_c16_keepalive_ms,1.267209
latency,1,1159,http1_rust_nodelay_production_req4096_resp32768_c16_keepalive_ms,1.624886
latency,1,1160,http1_rust_nodelay_production_req4096_resp32768_c16_keepalive_ms,1.672886
latency,1,1161,http1_rust_nodelay_production_req4096_resp32768_c16_keepalive_ms,1.741317
latency,1,1162,http1_rust_nodelay_production_req4096_resp32768_c16_keepalive_ms,1.247149
latency,1,1163,http1_rust_nodelay_production_req4096_resp32768_c16_keepalive_ms,1.651606
latency,1,1164,http1_rust_nodelay_production_req4096_resp32768_c16_keepalive_ms,1.174859
latency,1,1165,http1_rust_nodelay_production_req4096_resp32768_c16_keepalive_ms,1.246629
latency,1,1166,http1_rust_nodelay_production_req4096_resp32768_c16_keepalive_ms,1.313861
latency,1,1167,http1_rust_nodelay_production_req4096_resp32768_c16_keepalive_ms,1.622735
latency,1,1168,http1_rust_nodelay_production_req4096_resp32768_c16_keepalive_ms,1.704427
latency,1,1169,http1_rust_nodelay_production_req4096_resp32768_c16_keepalive_ms,1.717047
latency,1,1170,http1_rust_nodelay_production_req4096_resp32768_c16_keepalive_ms,1.649505
latency,1,1171,http1_rust_nodelay_production_req4096_resp32768_c16_keepalive_ms,1.744098
latency,1,1172,http1_rust_nodelay_production_req4096_resp32768_c16_keepalive_ms,1.675796
latency,1,1173,http1_rust_nodelay_production_req4096_resp32768_c16_keepalive_ms,10.742698
latency,1,1174,http1_rust_nodelay_production_req4096_resp32768_c16_keepalive_ms,1.275950
latency,1,1175,http1_rust_nodelay_production_req4096_resp32768_c16_keepalive_ms,10.640376
latency,1,1176,http1_rust_nodelay_production_req4096_resp32768_c16_keepalive_ms,1.688336
latency,1,1177,http1_rust_nodelay_production_req4096_resp32768_c16_keepalive_ms,1.676447
latency,1,1178,http1_rust_nodelay_production_req4096_resp32768_c16_keepalive_ms,1.260469
latency,1,1179,http1_rust_nodelay_production_req4096_resp32768_c16_keepalive_ms,1.666006
latency,1,1180,http1_rust_nodelay_production_req4096_resp32768_c16_keepalive_ms,1.726397
latency,1,1181,http1_rust_nodelay_production_req4096_resp32768_c16_keepalive_ms,1.667346
latency,1,1182,http1_rust_nodelay_production_req4096_resp32768_c16_keepalive_ms,1.634426
latency,1,1183,http1_rust_nodelay_production_req4096_resp32768_c16_keepalive_ms,1.288740
latency,1,1184,http1_rust_nodelay_production_req4096_resp32768_c16_keepalive_ms,1.715517
latency,1,1185,http1_rust_nodelay_production_req4096_resp32768_c16_keepalive_ms,1.815508
latency,1,1186,http1_rust_nodelay_production_req4096_resp32768_c16_keepalive_ms,1.435293
latency,1,1187,http1_rust_nodelay_production_req4096_resp32768_c16_keepalive_ms,1.315400
latency,1,1188,http1_rust_nodelay_production_req4096_resp32768_c16_keepalive_ms,1.233700
latency,1,1189,http1_rust_nodelay_production_req4096_resp32768_c16_keepalive_ms,1.395101
latency,1,1190,http1_rust_nodelay_production_req4096_resp32768_c16_keepalive_ms,2.106323
latency,1,1191,http1_rust_nodelay_production_req4096_resp32768_c16_keepalive_ms,14.686710
latency,1,1192,http1_rust_nodelay_production_req4096_resp32768_c16_keepalive_ms,0.839893
latency,1,1193,http1_rust_nodelay_production_req4096_resp32768_c16_keepalive_ms,0.948445
latency,1,1194,http1_rust_nodelay_production_req4096_resp32768_c16_keepalive_ms,1.322360
latency,1,1195,http1_rust_nodelay_production_req4096_resp32768_c16_keepalive_ms,1.330881
latency,1,1196,http1_rust_nodelay_production_req4096_resp32768_c16_keepalive_ms,0.757552
latency,1,1197,http1_rust_nodelay_production_req4096_resp32768_c16_keepalive_ms,0.885494
latency,1,1198,http1_rust_nodelay_production_req4096_resp32768_c16_keepalive_ms,0.721791
latency,1,1199,http1_rust_nodelay_production_req4096_resp32768_c16_keepalive_ms,0.575689
latency,1,80,http1_rust_nodelay_production_req4096_resp32768_c16_keepalive_ms,1.739247
latency,1,81,http1_rust_nodelay_production_req4096_resp32768_c16_keepalive_ms,1.436722
latency,1,82,http1_rust_nodelay_production_req4096_resp32768_c16_keepalive_ms,1.849049
latency,1,83,http1_rust_nodelay_production_req4096_resp32768_c16_keepalive_ms,1.452623
latency,1,84,http1_rust_nodelay_production_req4096_resp32768_c16_keepalive_ms,1.717507
latency,1,85,http1_rust_nodelay_production_req4096_resp32768_c16_keepalive_ms,1.763527
latency,1,86,http1_rust_nodelay_production_req4096_resp32768_c16_keepalive_ms,1.264720
latency,1,87,http1_rust_nodelay_production_req4096_resp32768_c16_keepalive_ms,1.787418
latency,1,88,http1_rust_nodelay_production_req4096_resp32768_c16_keepalive_ms,1.633736
latency,1,89,http1_rust_nodelay_production_req4096_resp32768_c16_keepalive_ms,1.323640
latency,1,90,http1_rust_nodelay_production_req4096_resp32768_c16_keepalive_ms,1.621086
latency,1,91,http1_rust_nodelay_production_req4096_resp32768_c16_keepalive_ms,10.260900
latency,1,92,http1_rust_nodelay_production_req4096_resp32768_c16_keepalive_ms,1.655616
latency,1,93,http1_rust_nodelay_production_req4096_resp32768_c16_keepalive_ms,1.740327
latency,1,94,http1_rust_nodelay_production_req4096_resp32768_c16_keepalive_ms,1.637286
latency,1,95,http1_rust_nodelay_production_req4096_resp32768_c16_keepalive_ms,1.304690
latency,1,96,http1_rust_nodelay_production_req4096_resp32768_c16_keepalive_ms,1.300480
latency,1,97,http1_rust_nodelay_production_req4096_resp32768_c16_keepalive_ms,1.737268
latency,1,98,http1_rust_nodelay_production_req4096_resp32768_c16_keepalive_ms,9.914355
latency,1,99,http1_rust_nodelay_production_req4096_resp32768_c16_keepalive_ms,1.660556
latency,1,100,http1_rust_nodelay_production_req4096_resp32768_c16_keepalive_ms,1.858938
latency,1,101,http1_rust_nodelay_production_req4096_resp32768_c16_keepalive_ms,1.643496
latency,1,102,http1_rust_nodelay_production_req4096_resp32768_c16_keepalive_ms,1.263850
latency,1,103,http1_rust_nodelay_production_req4096_resp32768_c16_keepalive_ms,1.617045
latency,1,104,http1_rust_nodelay_production_req4096_resp32768_c16_keepalive_ms,1.298571
latency,1,105,http1_rust_nodelay_production_req4096_resp32768_c16_keepalive_ms,1.271690
latency,1,106,http1_rust_nodelay_production_req4096_resp32768_c16_keepalive_ms,1.638705
latency,1,107,http1_rust_nodelay_production_req4096_resp32768_c16_keepalive_ms,0.894214
latency,1,108,http1_rust_nodelay_production_req4096_resp32768_c16_keepalive_ms,1.602185
latency,1,109,http1_rust_nodelay_production_req4096_resp32768_c16_keepalive_ms,1.547934
latency,1,110,http1_rust_nodelay_production_req4096_resp32768_c16_keepalive_ms,1.029336
latency,1,111,http1_rust_nodelay_production_req4096_resp32768_c16_keepalive_ms,1.593505
latency,1,112,http1_rust_nodelay_production_req4096_resp32768_c16_keepalive_ms,1.493564
latency,1,113,http1_rust_nodelay_production_req4096_resp32768_c16_keepalive_ms,1.639665
latency,1,114,http1_rust_nodelay_production_req4096_resp32768_c16_keepalive_ms,1.269350
latency,1,115,http1_rust_nodelay_production_req4096_resp32768_c16_keepalive_ms,1.544234
latency,1,116,http1_rust_nodelay_production_req4096_resp32768_c16_keepalive_ms,1.236549
latency,1,117,http1_rust_nodelay_production_req4096_resp32768_c16_keepalive_ms,1.710417
latency,1,118,http1_rust_nodelay_production_req4096_resp32768_c16_keepalive_ms,1.639126
latency,1,119,http1_rust_nodelay_production_req4096_resp32768_c16_keepalive_ms,1.655486
latency,1,120,http1_rust_nodelay_production_req4096_resp32768_c16_keepalive_ms,1.274230
latency,1,121,http1_rust_nodelay_production_req4096_resp32768_c16_keepalive_ms,1.723547
latency,1,122,http1_rust_nodelay_production_req4096_resp32768_c16_keepalive_ms,1.302420
latency,1,123,http1_rust_nodelay_production_req4096_resp32768_c16_keepalive_ms,1.651836
latency,1,124,http1_rust_nodelay_production_req4096_resp32768_c16_keepalive_ms,1.707087
latency,1,125,http1_rust_nodelay_production_req4096_resp32768_c16_keepalive_ms,1.286419
latency,1,126,http1_rust_nodelay_production_req4096_resp32768_c16_keepalive_ms,1.502654
latency,1,127,http1_rust_nodelay_production_req4096_resp32768_c16_keepalive_ms,1.700687
latency,1,128,http1_rust_nodelay_production_req4096_resp32768_c16_keepalive_ms,1.800418
latency,1,129,http1_rust_nodelay_production_req4096_resp32768_c16_keepalive_ms,10.654706
latency,1,130,http1_rust_nodelay_production_req4096_resp32768_c16_keepalive_ms,1.664146
latency,1,131,http1_rust_nodelay_production_req4096_resp32768_c16_keepalive_ms,1.721987
latency,1,132,http1_rust_nodelay_production_req4096_resp32768_c16_keepalive_ms,1.635416
latency,1,133,http1_rust_nodelay_production_req4096_resp32768_c16_keepalive_ms,1.670506
latency,1,134,http1_rust_nodelay_production_req4096_resp32768_c16_keepalive_ms,1.290200
latency,1,135,http1_rust_nodelay_production_req4096_resp32768_c16_keepalive_ms,1.656706
latency,1,136,http1_rust_nodelay_production_req4096_resp32768_c16_keepalive_ms,1.738607
latency,1,137,http1_rust_nodelay_production_req4096_resp32768_c16_keepalive_ms,1.668486
latency,1,138,http1_rust_nodelay_production_req4096_resp32768_c16_keepalive_ms,1.728137
latency,1,139,http1_rust_nodelay_production_req4096_resp32768_c16_keepalive_ms,1.451333
latency,1,140,http1_rust_nodelay_production_req4096_resp32768_c16_keepalive_ms,1.250689
latency,1,141,http1_rust_nodelay_production_req4096_resp32768_c16_keepalive_ms,8.215069
latency,1,142,http1_rust_nodelay_production_req4096_resp32768_c16_keepalive_ms,2.107483
latency,1,143,http1_rust_nodelay_production_req4096_resp32768_c16_keepalive_ms,1.547314
latency,1,144,http1_rust_nodelay_production_req4096_resp32768_c16_keepalive_ms,1.493213
latency,1,145,http1_rust_nodelay_production_req4096_resp32768_c16_keepalive_ms,1.500774
latency,1,146,http1_rust_nodelay_production_req4096_resp32768_c16_keepalive_ms,2.166914
latency,1,147,http1_rust_nodelay_production_req4096_resp32768_c16_keepalive_ms,1.083457
latency,1,148,http1_rust_nodelay_production_req4096_resp32768_c16_keepalive_ms,9.736892
latency,1,149,http1_rust_nodelay_production_req4096_resp32768_c16_keepalive_ms,0.772822
latency,1,150,http1_rust_nodelay_production_req4096_resp32768_c16_keepalive_ms,1.334301
latency,1,151,http1_rust_nodelay_production_req4096_resp32768_c16_keepalive_ms,0.682020
latency,1,152,http1_rust_nodelay_production_req4096_resp32768_c16_keepalive_ms,0.701121
latency,1,153,http1_rust_nodelay_production_req4096_resp32768_c16_keepalive_ms,0.811333
latency,1,154,http1_rust_nodelay_production_req4096_resp32768_c16_keepalive_ms,0.622520
latency,1,155,http1_rust_nodelay_production_req4096_resp32768_c16_keepalive_ms,0.556938
latency,1,156,http1_rust_nodelay_production_req4096_resp32768_c16_keepalive_ms,0.453187
latency,1,157,http1_rust_nodelay_production_req4096_resp32768_c16_keepalive_ms,0.312235
latency,1,158,http1_rust_nodelay_production_req4096_resp32768_c16_keepalive_ms,0.375966
latency,1,159,http1_rust_nodelay_production_req4096_resp32768_c16_keepalive_ms,0.280465
latency,1,160,http1_rust_nodelay_production_req4096_resp32768_c16_keepalive_ms,1.798588
latency,1,161,http1_rust_nodelay_production_req4096_resp32768_c16_keepalive_ms,1.881139
latency,1,162,http1_rust_nodelay_production_req4096_resp32768_c16_keepalive_ms,1.499974
latency,1,163,http1_rust_nodelay_production_req4096_resp32768_c16_keepalive_ms,1.817858
latency,1,164,http1_rust_nodelay_production_req4096_resp32768_c16_keepalive_ms,1.748388
latency,1,165,http1_rust_nodelay_production_req4096_resp32768_c16_keepalive_ms,1.318680
latency,1,166,http1_rust_nodelay_production_req4096_resp32768_c16_keepalive_ms,1.657176
latency,1,167,http1_rust_nodelay_production_req4096_resp32768_c16_keepalive_ms,1.677806
latency,1,168,http1_rust_nodelay_production_req4096_resp32768_c16_keepalive_ms,0.933465
latency,1,169,http1_rust_nodelay_production_req4096_resp32768_c16_keepalive_ms,1.648666
latency,1,170,http1_rust_nodelay_production_req4096_resp32768_c16_keepalive_ms,1.621615
latency,1,171,http1_rust_nodelay_production_req4096_resp32768_c16_keepalive_ms,1.312881
latency,1,172,http1_rust_nodelay_production_req4096_resp32768_c16_keepalive_ms,1.668886
latency,1,173,http1_rust_nodelay_production_req4096_resp32768_c16_keepalive_ms,1.754927
latency,1,174,http1_rust_nodelay_production_req4096_resp32768_c16_keepalive_ms,1.646276
latency,1,175,http1_rust_nodelay_production_req4096_resp32768_c16_keepalive_ms,1.678126
latency,1,176,http1_rust_nodelay_production_req4096_resp32768_c16_keepalive_ms,1.672776
latency,1,177,http1_rust_nodelay_production_req4096_resp32768_c16_keepalive_ms,1.391832
latency,1,178,http1_rust_nodelay_production_req4096_resp32768_c16_keepalive_ms,1.316961
latency,1,179,http1_rust_nodelay_production_req4096_resp32768_c16_keepalive_ms,1.626535
latency,1,180,http1_rust_nodelay_production_req4096_resp32768_c16_keepalive_ms,1.317731
latency,1,181,http1_rust_nodelay_production_req4096_resp32768_c16_keepalive_ms,1.620685
latency,1,182,http1_rust_nodelay_production_req4096_resp32768_c16_keepalive_ms,1.331651
latency,1,183,http1_rust_nodelay_production_req4096_resp32768_c16_keepalive_ms,1.698426
latency,1,184,http1_rust_nodelay_production_req4096_resp32768_c16_keepalive_ms,1.698407
latency,1,185,http1_rust_nodelay_production_req4096_resp32768_c16_keepalive_ms,9.928785
latency,1,186,http1_rust_nodelay_production_req4096_resp32768_c16_keepalive_ms,1.712367
latency,1,187,http1_rust_nodelay_production_req4096_resp32768_c16_keepalive_ms,10.323451
latency,1,188,http1_rust_nodelay_production_req4096_resp32768_c16_keepalive_ms,1.264310
latency,1,189,http1_rust_nodelay_production_req4096_resp32768_c16_keepalive_ms,1.627385
latency,1,190,http1_rust_nodelay_production_req4096_resp32768_c16_keepalive_ms,1.672916
latency,1,191,http1_rust_nodelay_production_req4096_resp32768_c16_keepalive_ms,1.587175
latency,1,192,http1_rust_nodelay_production_req4096_resp32768_c16_keepalive_ms,1.217239
latency,1,193,http1_rust_nodelay_production_req4096_resp32768_c16_keepalive_ms,10.178219
latency,1,194,http1_rust_nodelay_production_req4096_resp32768_c16_keepalive_ms,1.673267
latency,1,195,http1_rust_nodelay_production_req4096_resp32768_c16_keepalive_ms,10.731897
latency,1,196,http1_rust_nodelay_production_req4096_resp32768_c16_keepalive_ms,1.667046
latency,1,197,http1_rust_nodelay_production_req4096_resp32768_c16_keepalive_ms,1.575155
latency,1,198,http1_rust_nodelay_production_req4096_resp32768_c16_keepalive_ms,1.712547
latency,1,199,http1_rust_nodelay_production_req4096_resp32768_c16_keepalive_ms,1.750497
latency,1,200,http1_rust_nodelay_production_req4096_resp32768_c16_keepalive_ms,1.688297
latency,1,201,http1_rust_nodelay_production_req4096_resp32768_c16_keepalive_ms,1.244819
latency,1,202,http1_rust_nodelay_production_req4096_resp32768_c16_keepalive_ms,1.660486
latency,1,203,http1_rust_nodelay_production_req4096_resp32768_c16_keepalive_ms,1.562214
latency,1,204,http1_rust_nodelay_production_req4096_resp32768_c16_keepalive_ms,10.713808
latency,1,205,http1_rust_nodelay_production_req4096_resp32768_c16_keepalive_ms,1.325410
latency,1,206,http1_rust_nodelay_production_req4096_resp32768_c16_keepalive_ms,1.314261
latency,1,207,http1_rust_nodelay_production_req4096_resp32768_c16_keepalive_ms,1.620185
latency,1,208,http1_rust_nodelay_production_req4096_resp32768_c16_keepalive_ms,1.622046
latency,1,209,http1_rust_nodelay_production_req4096_resp32768_c16_keepalive_ms,1.419562
latency,1,210,http1_rust_nodelay_production_req4096_resp32768_c16_keepalive_ms,1.818038
latency,1,211,http1_rust_nodelay_production_req4096_resp32768_c16_keepalive_ms,1.756508
latency,1,212,http1_rust_nodelay_production_req4096_resp32768_c16_keepalive_ms,1.665056
latency,1,213,http1_rust_nodelay_production_req4096_resp32768_c16_keepalive_ms,1.577705
latency,1,214,http1_rust_nodelay_production_req4096_resp32768_c16_keepalive_ms,2.018571
latency,1,215,http1_rust_nodelay_production_req4096_resp32768_c16_keepalive_ms,1.521354
latency,1,216,http1_rust_nodelay_production_req4096_resp32768_c16_keepalive_ms,1.575444
latency,1,217,http1_rust_nodelay_production_req4096_resp32768_c16_keepalive_ms,1.796358
latency,1,218,http1_rust_nodelay_production_req4096_resp32768_c16_keepalive_ms,1.855660
latency,1,219,http1_rust_nodelay_production_req4096_resp32768_c16_keepalive_ms,1.376541
latency,1,220,http1_rust_nodelay_production_req4096_resp32768_c16_keepalive_ms,1.049176
latency,1,221,http1_rust_nodelay_production_req4096_resp32768_c16_keepalive_ms,0.925755
latency,1,222,http1_rust_nodelay_production_req4096_resp32768_c16_keepalive_ms,1.735017
latency,1,223,http1_rust_nodelay_production_req4096_resp32768_c16_keepalive_ms,0.822213
latency,1,224,http1_rust_nodelay_production_req4096_resp32768_c16_keepalive_ms,0.956955
latency,1,225,http1_rust_nodelay_production_req4096_resp32768_c16_keepalive_ms,0.920354
latency,1,226,http1_rust_nodelay_production_req4096_resp32768_c16_keepalive_ms,0.987136
latency,1,227,http1_rust_nodelay_production_req4096_resp32768_c16_keepalive_ms,0.805912
latency,1,228,http1_rust_nodelay_production_req4096_resp32768_c16_keepalive_ms,1.334751
latency,1,229,http1_rust_nodelay_production_req4096_resp32768_c16_keepalive_ms,1.117647
latency,1,230,http1_rust_nodelay_production_req4096_resp32768_c16_keepalive_ms,0.914955
latency,1,231,http1_rust_nodelay_production_req4096_resp32768_c16_keepalive_ms,0.727511
latency,1,232,http1_rust_nodelay_production_req4096_resp32768_c16_keepalive_ms,0.721271
latency,1,233,http1_rust_nodelay_production_req4096_resp32768_c16_keepalive_ms,0.711511
latency,1,234,http1_rust_nodelay_production_req4096_resp32768_c16_keepalive_ms,0.602450
latency,1,235,http1_rust_nodelay_production_req4096_resp32768_c16_keepalive_ms,0.481277
latency,1,236,http1_rust_nodelay_production_req4096_resp32768_c16_keepalive_ms,0.318805
latency,1,237,http1_rust_nodelay_production_req4096_resp32768_c16_keepalive_ms,0.376446
latency,1,238,http1_rust_nodelay_production_req4096_resp32768_c16_keepalive_ms,0.319735
latency,1,239,http1_rust_nodelay_production_req4096_resp32768_c16_keepalive_ms,0.321755
latency,1,800,http1_rust_nodelay_production_req4096_resp32768_c16_keepalive_ms,1.703906
latency,1,801,http1_rust_nodelay_production_req4096_resp32768_c16_keepalive_ms,1.906920
latency,1,802,http1_rust_nodelay_production_req4096_resp32768_c16_keepalive_ms,1.744187
latency,1,803,http1_rust_nodelay_production_req4096_resp32768_c16_keepalive_ms,2.165444
latency,1,804,http1_rust_nodelay_production_req4096_resp32768_c16_keepalive_ms,1.441483
latency,1,805,http1_rust_nodelay_production_req4096_resp32768_c16_keepalive_ms,1.740257
latency,1,806,http1_rust_nodelay_production_req4096_resp32768_c16_keepalive_ms,1.713426
latency,1,807,http1_rust_nodelay_production_req4096_resp32768_c16_keepalive_ms,1.682067
latency,1,808,http1_rust_nodelay_production_req4096_resp32768_c16_keepalive_ms,1.569275
latency,1,809,http1_rust_nodelay_production_req4096_resp32768_c16_keepalive_ms,1.246359
latency,1,810,http1_rust_nodelay_production_req4096_resp32768_c16_keepalive_ms,1.655296
latency,1,811,http1_rust_nodelay_production_req4096_resp32768_c16_keepalive_ms,1.579255
latency,1,812,http1_rust_nodelay_production_req4096_resp32768_c16_keepalive_ms,1.745397
latency,1,813,http1_rust_nodelay_production_req4096_resp32768_c16_keepalive_ms,1.286290
latency,1,814,http1_rust_nodelay_production_req4096_resp32768_c16_keepalive_ms,1.598235
latency,1,815,http1_rust_nodelay_production_req4096_resp32768_c16_keepalive_ms,1.283200
latency,1,816,http1_rust_nodelay_production_req4096_resp32768_c16_keepalive_ms,1.702786
latency,1,817,http1_rust_nodelay_production_req4096_resp32768_c16_keepalive_ms,7.451487
latency,1,818,http1_rust_nodelay_production_req4096_resp32768_c16_keepalive_ms,1.765218
latency,1,819,http1_rust_nodelay_production_req4096_resp32768_c16_keepalive_ms,1.358371
latency,1,820,http1_rust_nodelay_production_req4096_resp32768_c16_keepalive_ms,1.215089
latency,1,821,http1_rust_nodelay_production_req4096_resp32768_c16_keepalive_ms,1.717907
latency,1,822,http1_rust_nodelay_production_req4096_resp32768_c16_keepalive_ms,1.724537
latency,1,823,http1_rust_nodelay_production_req4096_resp32768_c16_keepalive_ms,1.280400
latency,1,824,http1_rust_nodelay_production_req4096_resp32768_c16_keepalive_ms,1.638185
latency,1,825,http1_rust_nodelay_production_req4096_resp32768_c16_keepalive_ms,1.651096
latency,1,826,http1_rust_nodelay_production_req4096_resp32768_c16_keepalive_ms,1.775008
latency,1,827,http1_rust_nodelay_production_req4096_resp32768_c16_keepalive_ms,1.706206
latency,1,828,http1_rust_nodelay_production_req4096_resp32768_c16_keepalive_ms,1.674517
latency,1,829,http1_rust_nodelay_production_req4096_resp32768_c16_keepalive_ms,1.212269
latency,1,830,http1_rust_nodelay_production_req4096_resp32768_c16_keepalive_ms,1.583914
latency,1,831,http1_rust_nodelay_production_req4096_resp32768_c16_keepalive_ms,1.291401
latency,1,832,http1_rust_nodelay_production_req4096_resp32768_c16_keepalive_ms,1.340560
latency,1,833,http1_rust_nodelay_production_req4096_resp32768_c16_keepalive_ms,1.698767
latency,1,834,http1_rust_nodelay_production_req4096_resp32768_c16_keepalive_ms,1.293910
latency,1,835,http1_rust_nodelay_production_req4096_resp32768_c16_keepalive_ms,1.574085
latency,1,836,http1_rust_nodelay_production_req4096_resp32768_c16_keepalive_ms,10.597085
latency,1,837,http1_rust_nodelay_production_req4096_resp32768_c16_keepalive_ms,1.293811
latency,1,838,http1_rust_nodelay_production_req4096_resp32768_c16_keepalive_ms,1.613205
latency,1,839,http1_rust_nodelay_production_req4096_resp32768_c16_keepalive_ms,1.323371
latency,1,840,http1_rust_nodelay_production_req4096_resp32768_c16_keepalive_ms,10.720227
latency,1,841,http1_rust_nodelay_production_req4096_resp32768_c16_keepalive_ms,1.673186
latency,1,842,http1_rust_nodelay_production_req4096_resp32768_c16_keepalive_ms,1.701757
latency,1,843,http1_rust_nodelay_production_req4096_resp32768_c16_keepalive_ms,1.281100
latency,1,844,http1_rust_nodelay_production_req4096_resp32768_c16_keepalive_ms,1.318691
latency,1,845,http1_rust_nodelay_production_req4096_resp32768_c16_keepalive_ms,1.223659
latency,1,846,http1_rust_nodelay_production_req4096_resp32768_c16_keepalive_ms,1.757307
latency,1,847,http1_rust_nodelay_production_req4096_resp32768_c16_keepalive_ms,1.639216
latency,1,848,http1_rust_nodelay_production_req4096_resp32768_c16_keepalive_ms,1.548574
latency,1,849,http1_rust_nodelay_production_req4096_resp32768_c16_keepalive_ms,1.263240
latency,1,850,http1_rust_nodelay_production_req4096_resp32768_c16_keepalive_ms,1.717007
latency,1,851,http1_rust_nodelay_production_req4096_resp32768_c16_keepalive_ms,1.305840
latency,1,852,http1_rust_nodelay_production_req4096_resp32768_c16_keepalive_ms,1.666086
latency,1,853,http1_rust_nodelay_production_req4096_resp32768_c16_keepalive_ms,1.304290
latency,1,854,http1_rust_nodelay_production_req4096_resp32768_c16_keepalive_ms,1.280100
latency,1,855,http1_rust_nodelay_production_req4096_resp32768_c16_keepalive_ms,10.121699
latency,1,856,http1_rust_nodelay_production_req4096_resp32768_c16_keepalive_ms,1.250559
latency,1,857,http1_rust_nodelay_production_req4096_resp32768_c16_keepalive_ms,1.769948
latency,1,858,http1_rust_nodelay_production_req4096_resp32768_c16_keepalive_ms,1.842249
latency,1,859,http1_rust_nodelay_production_req4096_resp32768_c16_keepalive_ms,1.757707
latency,1,860,http1_rust_nodelay_production_req4096_resp32768_c16_keepalive_ms,1.663826
latency,1,861,http1_rust_nodelay_production_req4096_resp32768_c16_keepalive_ms,1.598115
latency,1,862,http1_rust_nodelay_production_req4096_resp32768_c16_keepalive_ms,2.016171
latency,1,863,http1_rust_nodelay_production_req4096_resp32768_c16_keepalive_ms,1.476504
latency,1,864,http1_rust_nodelay_production_req4096_resp32768_c16_keepalive_ms,1.560254
latency,1,865,http1_rust_nodelay_production_req4096_resp32768_c16_keepalive_ms,1.833889
latency,1,866,http1_rust_nodelay_production_req4096_resp32768_c16_keepalive_ms,1.861689
latency,1,867,http1_rust_nodelay_production_req4096_resp32768_c16_keepalive_ms,1.355391
latency,1,868,http1_rust_nodelay_production_req4096_resp32768_c16_keepalive_ms,1.299540
latency,1,869,http1_rust_nodelay_production_req4096_resp32768_c16_keepalive_ms,0.981706
latency,1,870,http1_rust_nodelay_production_req4096_resp32768_c16_keepalive_ms,1.703166
latency,1,871,http1_rust_nodelay_production_req4096_resp32768_c16_keepalive_ms,8.098207
latency,1,872,http1_rust_nodelay_production_req4096_resp32768_c16_keepalive_ms,0.913164
latency,1,873,http1_rust_nodelay_production_req4096_resp32768_c16_keepalive_ms,0.576799
latency,1,874,http1_rust_nodelay_production_req4096_resp32768_c16_keepalive_ms,0.618950
latency,1,875,http1_rust_nodelay_production_req4096_resp32768_c16_keepalive_ms,0.492177
latency,1,876,http1_rust_nodelay_production_req4096_resp32768_c16_keepalive_ms,0.343796
latency,1,877,http1_rust_nodelay_production_req4096_resp32768_c16_keepalive_ms,0.383876
latency,1,878,http1_rust_nodelay_production_req4096_resp32768_c16_keepalive_ms,2.138823
latency,1,879,http1_rust_nodelay_production_req4096_resp32768_c16_keepalive_ms,0.222954
latency,1,240,http1_rust_nodelay_production_req4096_resp32768_c16_keepalive_ms,1.668307
latency,1,241,http1_rust_nodelay_production_req4096_resp32768_c16_keepalive_ms,1.396841
latency,1,242,http1_rust_nodelay_production_req4096_resp32768_c16_keepalive_ms,1.857669
latency,1,243,http1_rust_nodelay_production_req4096_resp32768_c16_keepalive_ms,1.906180
latency,1,244,http1_rust_nodelay_production_req4096_resp32768_c16_keepalive_ms,1.276420
latency,1,245,http1_rust_nodelay_production_req4096_resp32768_c16_keepalive_ms,1.342091
latency,1,246,http1_rust_nodelay_production_req4096_resp32768_c16_keepalive_ms,1.671556
latency,1,247,http1_rust_nodelay_production_req4096_resp32768_c16_keepalive_ms,1.363441
latency,1,248,http1_rust_nodelay_production_req4096_resp32768_c16_keepalive_ms,1.697537
latency,1,249,http1_rust_nodelay_production_req4096_resp32768_c16_keepalive_ms,1.656706
latency,1,250,http1_rust_nodelay_production_req4096_resp32768_c16_keepalive_ms,1.558304
latency,1,251,http1_rust_nodelay_production_req4096_resp32768_c16_keepalive_ms,1.269610
latency,1,252,http1_rust_nodelay_production_req4096_resp32768_c16_keepalive_ms,1.651906
latency,1,253,http1_rust_nodelay_production_req4096_resp32768_c16_keepalive_ms,1.319890
latency,1,254,http1_rust_nodelay_production_req4096_resp32768_c16_keepalive_ms,1.735488
latency,1,255,http1_rust_nodelay_production_req4096_resp32768_c16_keepalive_ms,1.702246
latency,1,256,http1_rust_nodelay_production_req4096_resp32768_c16_keepalive_ms,10.126799
latency,1,257,http1_rust_nodelay_production_req4096_resp32768_c16_keepalive_ms,1.309970
latency,1,258,http1_rust_nodelay_production_req4096_resp32768_c16_keepalive_ms,1.336961
latency,1,259,http1_rust_nodelay_production_req4096_resp32768_c16_keepalive_ms,1.620995
latency,1,260,http1_rust_nodelay_production_req4096_resp32768_c16_keepalive_ms,1.380282
latency,1,261,http1_rust_nodelay_production_req4096_resp32768_c16_keepalive_ms,1.393982
latency,1,262,http1_rust_nodelay_production_req4096_resp32768_c16_keepalive_ms,1.710306
latency,1,263,http1_rust_nodelay_production_req4096_resp32768_c16_keepalive_ms,1.640076
latency,1,264,http1_rust_nodelay_production_req4096_resp32768_c16_keepalive_ms,1.678946
latency,1,265,http1_rust_nodelay_production_req4096_resp32768_c16_keepalive_ms,1.266970
latency,1,266,http1_rust_nodelay_production_req4096_resp32768_c16_keepalive_ms,1.712057
latency,1,267,http1_rust_nodelay_production_req4096_resp32768_c16_keepalive_ms,1.809428
latency,1,268,http1_rust_nodelay_production_req4096_resp32768_c16_keepalive_ms,1.610715
latency,1,269,http1_rust_nodelay_production_req4096_resp32768_c16_keepalive_ms,1.307451
latency,1,270,http1_rust_nodelay_production_req4096_resp32768_c16_keepalive_ms,1.598415
latency,1,271,http1_rust_nodelay_production_req4096_resp32768_c16_keepalive_ms,1.271240
latency,1,272,http1_rust_nodelay_production_req4096_resp32768_c16_keepalive_ms,9.029661
latency,1,273,http1_rust_nodelay_production_req4096_resp32768_c16_keepalive_ms,1.454282
latency,1,274,http1_rust_nodelay_production_req4096_resp32768_c16_keepalive_ms,1.717977
latency,1,275,http1_rust_nodelay_production_req4096_resp32768_c16_keepalive_ms,1.520604
latency,1,276,http1_rust_nodelay_production_req4096_resp32768_c16_keepalive_ms,1.248329
latency,1,277,http1_rust_nodelay_production_req4096_resp32768_c16_keepalive_ms,1.713867
latency,1,278,http1_rust_nodelay_production_req4096_resp32768_c16_keepalive_ms,1.261710
latency,1,279,http1_rust_nodelay_production_req4096_resp32768_c16_keepalive_ms,1.670106
latency,1,280,http1_rust_nodelay_production_req4096_resp32768_c16_keepalive_ms,1.298410
latency,1,281,http1_rust_nodelay_production_req4096_resp32768_c16_keepalive_ms,1.343991
latency,1,282,http1_rust_nodelay_production_req4096_resp32768_c16_keepalive_ms,1.881150
latency,1,283,http1_rust_nodelay_production_req4096_resp32768_c16_keepalive_ms,1.621435
latency,1,284,http1_rust_nodelay_production_req4096_resp32768_c16_keepalive_ms,1.363522
latency,1,285,http1_rust_nodelay_production_req4096_resp32768_c16_keepalive_ms,1.692816
latency,1,286,http1_rust_nodelay_production_req4096_resp32768_c16_keepalive_ms,10.491644
latency,1,287,http1_rust_nodelay_production_req4096_resp32768_c16_keepalive_ms,1.580635
latency,1,288,http1_rust_nodelay_production_req4096_resp32768_c16_keepalive_ms,1.606495
latency,1,289,http1_rust_nodelay_production_req4096_resp32768_c16_keepalive_ms,1.701966
latency,1,290,http1_rust_nodelay_production_req4096_resp32768_c16_keepalive_ms,10.299771
latency,1,291,http1_rust_nodelay_production_req4096_resp32768_c16_keepalive_ms,1.655156
latency,1,292,http1_rust_nodelay_production_req4096_resp32768_c16_keepalive_ms,1.741937
latency,1,293,http1_rust_nodelay_production_req4096_resp32768_c16_keepalive_ms,1.655196
latency,1,294,http1_rust_nodelay_production_req4096_resp32768_c16_keepalive_ms,4.623513
latency,1,295,http1_rust_nodelay_production_req4096_resp32768_c16_keepalive_ms,1.842659
latency,1,296,http1_rust_nodelay_production_req4096_resp32768_c16_keepalive_ms,1.758297
latency,1,297,http1_rust_nodelay_production_req4096_resp32768_c16_keepalive_ms,1.664656
latency,1,298,http1_rust_nodelay_production_req4096_resp32768_c16_keepalive_ms,1.533654
latency,1,299,http1_rust_nodelay_production_req4096_resp32768_c16_keepalive_ms,1.971991
latency,1,300,http1_rust_nodelay_production_req4096_resp32768_c16_keepalive_ms,1.585305
latency,1,301,http1_rust_nodelay_production_req4096_resp32768_c16_keepalive_ms,1.881419
latency,1,302,http1_rust_nodelay_production_req4096_resp32768_c16_keepalive_ms,1.774948
latency,1,303,http1_rust_nodelay_production_req4096_resp32768_c16_keepalive_ms,1.523254
latency,1,304,http1_rust_nodelay_production_req4096_resp32768_c16_keepalive_ms,1.427002
latency,1,305,http1_rust_nodelay_production_req4096_resp32768_c16_keepalive_ms,1.314200
latency,1,306,http1_rust_nodelay_production_req4096_resp32768_c16_keepalive_ms,1.205059
latency,1,307,http1_rust_nodelay_production_req4096_resp32768_c16_keepalive_ms,1.480373
latency,1,308,http1_rust_nodelay_production_req4096_resp32768_c16_keepalive_ms,1.020546
latency,1,309,http1_rust_nodelay_production_req4096_resp32768_c16_keepalive_ms,0.731682
latency,1,310,http1_rust_nodelay_production_req4096_resp32768_c16_keepalive_ms,1.410422
latency,1,311,http1_rust_nodelay_production_req4096_resp32768_c16_keepalive_ms,0.723091
latency,1,312,http1_rust_nodelay_production_req4096_resp32768_c16_keepalive_ms,1.424202
latency,1,313,http1_rust_nodelay_production_req4096_resp32768_c16_keepalive_ms,0.763832
latency,1,314,http1_rust_nodelay_production_req4096_resp32768_c16_keepalive_ms,1.176739
latency,1,315,http1_rust_nodelay_production_req4096_resp32768_c16_keepalive_ms,6.438410
latency,1,316,http1_rust_nodelay_production_req4096_resp32768_c16_keepalive_ms,0.573439
latency,1,317,http1_rust_nodelay_production_req4096_resp32768_c16_keepalive_ms,0.246194
latency,1,318,http1_rust_nodelay_production_req4096_resp32768_c16_keepalive_ms,0.128832
latency,1,319,http1_rust_nodelay_production_req4096_resp32768_c16_keepalive_ms,0.129282
latency,1,960,http1_rust_nodelay_production_req4096_resp32768_c16_keepalive_ms,1.722097
latency,1,961,http1_rust_nodelay_production_req4096_resp32768_c16_keepalive_ms,1.904099
latency,1,962,http1_rust_nodelay_production_req4096_resp32768_c16_keepalive_ms,1.887480
latency,1,963,http1_rust_nodelay_production_req4096_resp32768_c16_keepalive_ms,1.448663
latency,1,964,http1_rust_nodelay_production_req4096_resp32768_c16_keepalive_ms,1.746047
latency,1,965,http1_rust_nodelay_production_req4096_resp32768_c16_keepalive_ms,1.708167
latency,1,966,http1_rust_nodelay_production_req4096_resp32768_c16_keepalive_ms,1.268019
latency,1,967,http1_rust_nodelay_production_req4096_resp32768_c16_keepalive_ms,7.611139
latency,1,968,http1_rust_nodelay_production_req4096_resp32768_c16_keepalive_ms,1.673707
latency,1,969,http1_rust_nodelay_production_req4096_resp32768_c16_keepalive_ms,10.361081
latency,1,970,http1_rust_nodelay_production_req4096_resp32768_c16_keepalive_ms,1.265800
latency,1,971,http1_rust_nodelay_production_req4096_resp32768_c16_keepalive_ms,9.285235
latency,1,972,http1_rust_nodelay_production_req4096_resp32768_c16_keepalive_ms,1.707797
latency,1,973,http1_rust_nodelay_production_req4096_resp32768_c16_keepalive_ms,11.345817
latency,1,974,http1_rust_nodelay_production_req4096_resp32768_c16_keepalive_ms,1.601025
latency,1,975,http1_rust_nodelay_production_req4096_resp32768_c16_keepalive_ms,1.271180
latency,1,976,http1_rust_nodelay_production_req4096_resp32768_c16_keepalive_ms,1.245319
latency,1,977,http1_rust_nodelay_production_req4096_resp32768_c16_keepalive_ms,1.291611
latency,1,978,http1_rust_nodelay_production_req4096_resp32768_c16_keepalive_ms,1.595625
latency,1,979,http1_rust_nodelay_production_req4096_resp32768_c16_keepalive_ms,1.617065
latency,1,980,http1_rust_nodelay_production_req4096_resp32768_c16_keepalive_ms,1.704777
latency,1,981,http1_rust_nodelay_production_req4096_resp32768_c16_keepalive_ms,10.601075
latency,1,982,http1_rust_nodelay_production_req4096_resp32768_c16_keepalive_ms,1.704137
latency,1,983,http1_rust_nodelay_production_req4096_resp32768_c16_keepalive_ms,1.627845
latency,1,984,http1_rust_nodelay_production_req4096_resp32768_c16_keepalive_ms,1.321621
latency,1,985,http1_rust_nodelay_production_req4096_resp32768_c16_keepalive_ms,1.671986
latency,1,986,http1_rust_nodelay_production_req4096_resp32768_c16_keepalive_ms,1.658136
latency,1,987,http1_rust_nodelay_production_req4096_resp32768_c16_keepalive_ms,1.325591
latency,1,988,http1_rust_nodelay_production_req4096_resp32768_c16_keepalive_ms,1.242109
latency,1,989,http1_rust_nodelay_production_req4096_resp32768_c16_keepalive_ms,1.641906
latency,1,990,http1_rust_nodelay_production_req4096_resp32768_c16_keepalive_ms,1.300440
latency,1,991,http1_rust_nodelay_production_req4096_resp32768_c16_keepalive_ms,1.664266
latency,1,992,http1_rust_nodelay_production_req4096_resp32768_c16_keepalive_ms,1.210589
latency,1,993,http1_rust_nodelay_production_req4096_resp32768_c16_keepalive_ms,1.691037
latency,1,994,http1_rust_nodelay_production_req4096_resp32768_c16_keepalive_ms,1.709207
latency,1,995,http1_rust_nodelay_production_req4096_resp32768_c16_keepalive_ms,1.757967
latency,1,996,http1_rust_nodelay_production_req4096_resp32768_c16_keepalive_ms,1.624415
latency,1,997,http1_rust_nodelay_production_req4096_resp32768_c16_keepalive_ms,1.666276
latency,1,998,http1_rust_nodelay_production_req4096_resp32768_c16_keepalive_ms,1.631846
latency,1,999,http1_rust_nodelay_production_req4096_resp32768_c16_keepalive_ms,1.294390
latency,1,1000,http1_rust_nodelay_production_req4096_resp32768_c16_keepalive_ms,1.692136
latency,1,1001,http1_rust_nodelay_production_req4096_resp32768_c16_keepalive_ms,1.658606
latency,1,1002,http1_rust_nodelay_production_req4096_resp32768_c16_keepalive_ms,1.683667
latency,1,1003,http1_rust_nodelay_production_req4096_resp32768_c16_keepalive_ms,1.682356
latency,1,1004,http1_rust_nodelay_production_req4096_resp32768_c16_keepalive_ms,1.697216
latency,1,1005,http1_rust_nodelay_production_req4096_resp32768_c16_keepalive_ms,1.628556
latency,1,1006,http1_rust_nodelay_production_req4096_resp32768_c16_keepalive_ms,1.318351
latency,1,1007,http1_rust_nodelay_production_req4096_resp32768_c16_keepalive_ms,7.437356
latency,1,1008,http1_rust_nodelay_production_req4096_resp32768_c16_keepalive_ms,1.836409
latency,1,1009,http1_rust_nodelay_production_req4096_resp32768_c16_keepalive_ms,1.761277
latency,1,1010,http1_rust_nodelay_production_req4096_resp32768_c16_keepalive_ms,1.649526
latency,1,1011,http1_rust_nodelay_production_req4096_resp32768_c16_keepalive_ms,2.190894
latency,1,1012,http1_rust_nodelay_production_req4096_resp32768_c16_keepalive_ms,1.703777
latency,1,1013,http1_rust_nodelay_production_req4096_resp32768_c16_keepalive_ms,1.599315
latency,1,1014,http1_rust_nodelay_production_req4096_resp32768_c16_keepalive_ms,1.540004
latency,1,1015,http1_rust_nodelay_production_req4096_resp32768_c16_keepalive_ms,1.850419
latency,1,1016,http1_rust_nodelay_production_req4096_resp32768_c16_keepalive_ms,1.758927
latency,1,1017,http1_rust_nodelay_production_req4096_resp32768_c16_keepalive_ms,1.440333
latency,1,1018,http1_rust_nodelay_production_req4096_resp32768_c16_keepalive_ms,0.947024
latency,1,1019,http1_rust_nodelay_production_req4096_resp32768_c16_keepalive_ms,0.946885
latency,1,1020,http1_rust_nodelay_production_req4096_resp32768_c16_keepalive_ms,1.715747
latency,1,1021,http1_rust_nodelay_production_req4096_resp32768_c16_keepalive_ms,0.766352
latency,1,1022,http1_rust_nodelay_production_req4096_resp32768_c16_keepalive_ms,0.760112
latency,1,1023,http1_rust_nodelay_production_req4096_resp32768_c16_keepalive_ms,1.347201
latency,1,1024,http1_rust_nodelay_production_req4096_resp32768_c16_keepalive_ms,0.967085
latency,1,1025,http1_rust_nodelay_production_req4096_resp32768_c16_keepalive_ms,1.181139
latency,1,1026,http1_rust_nodelay_production_req4096_resp32768_c16_keepalive_ms,1.249709
latency,1,1027,http1_rust_nodelay_production_req4096_resp32768_c16_keepalive_ms,0.773312
latency,1,1028,http1_rust_nodelay_production_req4096_resp32768_c16_keepalive_ms,0.885054
latency,1,1029,http1_rust_nodelay_production_req4096_resp32768_c16_keepalive_ms,0.740542
latency,1,1030,http1_rust_nodelay_production_req4096_resp32768_c16_keepalive_ms,0.578179
latency,1,1031,http1_rust_nodelay_production_req4096_resp32768_c16_keepalive_ms,0.760911
latency,1,1032,http1_rust_nodelay_production_req4096_resp32768_c16_keepalive_ms,4.831276
latency,1,1033,http1_rust_nodelay_production_req4096_resp32768_c16_keepalive_ms,0.158622
latency,1,1034,http1_rust_nodelay_production_req4096_resp32768_c16_keepalive_ms,0.194224
latency,1,1035,http1_rust_nodelay_production_req4096_resp32768_c16_keepalive_ms,0.211443
latency,1,1036,http1_rust_nodelay_production_req4096_resp32768_c16_keepalive_ms,0.212333
latency,1,1037,http1_rust_nodelay_production_req4096_resp32768_c16_keepalive_ms,0.203533
latency,1,1038,http1_rust_nodelay_production_req4096_resp32768_c16_keepalive_ms,0.204564
latency,1,1039,http1_rust_nodelay_production_req4096_resp32768_c16_keepalive_ms,0.201693
trial,1,1280,http1_rust_nodelay_production_req4096_resp32768_c16_median_ms,1.631165
trial,1,1280,http1_rust_nodelay_production_req4096_resp32768_c16_p95_ms,2.027542
trial,1,1280,http1_rust_nodelay_production_req4096_resp32768_c16_requests_per_second,8001.257
trial,1,1280,http1_rust_nodelay_production_req4096_resp32768_c16_wall_ms,159.975
trial,1,1280,http1_rust_nodelay_production_req4096_resp32768_c16_mib_per_second,281.294
trial,1,1280,http1_rust_nodelay_production_req4096_resp32768_c16_process_cpu_us,159994
latency,2,1040,http1_rust_nodelay_production_req4096_resp32768_c16_keepalive_ms,1.440123
latency,2,1041,http1_rust_nodelay_production_req4096_resp32768_c16_keepalive_ms,1.833028
latency,2,1042,http1_rust_nodelay_production_req4096_resp32768_c16_keepalive_ms,1.815769
latency,2,1043,http1_rust_nodelay_production_req4096_resp32768_c16_keepalive_ms,1.879749
latency,2,1044,http1_rust_nodelay_production_req4096_resp32768_c16_keepalive_ms,1.869269
latency,2,1045,http1_rust_nodelay_production_req4096_resp32768_c16_keepalive_ms,1.771798
latency,2,1046,http1_rust_nodelay_production_req4096_resp32768_c16_keepalive_ms,1.719527
latency,2,1047,http1_rust_nodelay_production_req4096_resp32768_c16_keepalive_ms,1.666926
latency,2,1048,http1_rust_nodelay_production_req4096_resp32768_c16_keepalive_ms,1.291690
latency,2,1049,http1_rust_nodelay_production_req4096_resp32768_c16_keepalive_ms,1.625556
latency,2,1050,http1_rust_nodelay_production_req4096_resp32768_c16_keepalive_ms,1.322610
latency,2,1051,http1_rust_nodelay_production_req4096_resp32768_c16_keepalive_ms,1.738507
latency,2,1052,http1_rust_nodelay_production_req4096_resp32768_c16_keepalive_ms,1.633456
latency,2,1053,http1_rust_nodelay_production_req4096_resp32768_c16_keepalive_ms,1.629035
latency,2,1054,http1_rust_nodelay_production_req4096_resp32768_c16_keepalive_ms,1.264150
latency,2,1055,http1_rust_nodelay_production_req4096_resp32768_c16_keepalive_ms,1.628196
latency,2,1056,http1_rust_nodelay_production_req4096_resp32768_c16_keepalive_ms,1.263499
latency,2,1057,http1_rust_nodelay_production_req4096_resp32768_c16_keepalive_ms,1.677486
latency,2,1058,http1_rust_nodelay_production_req4096_resp32768_c16_keepalive_ms,1.272500
latency,2,1059,http1_rust_nodelay_production_req4096_resp32768_c16_keepalive_ms,1.650996
latency,2,1060,http1_rust_nodelay_production_req4096_resp32768_c16_keepalive_ms,1.642266
latency,2,1061,http1_rust_nodelay_production_req4096_resp32768_c16_keepalive_ms,1.700967
latency,2,1062,http1_rust_nodelay_production_req4096_resp32768_c16_keepalive_ms,1.719756
latency,2,1063,http1_rust_nodelay_production_req4096_resp32768_c16_keepalive_ms,1.666566
latency,2,1064,http1_rust_nodelay_production_req4096_resp32768_c16_keepalive_ms,1.288591
latency,2,1065,http1_rust_nodelay_production_req4096_resp32768_c16_keepalive_ms,1.624015
latency,2,1066,http1_rust_nodelay_production_req4096_resp32768_c16_keepalive_ms,1.808488
latency,2,1067,http1_rust_nodelay_production_req4096_resp32768_c16_keepalive_ms,1.636516
latency,2,1068,http1_rust_nodelay_production_req4096_resp32768_c16_keepalive_ms,1.560224
latency,2,1069,http1_rust_nodelay_production_req4096_resp32768_c16_keepalive_ms,1.269900
latency,2,1070,http1_rust_nodelay_production_req4096_resp32768_c16_keepalive_ms,1.737027
latency,2,1071,http1_rust_nodelay_production_req4096_resp32768_c16_keepalive_ms,1.630865
latency,2,1072,http1_rust_nodelay_production_req4096_resp32768_c16_keepalive_ms,1.770398
latency,2,1073,http1_rust_nodelay_production_req4096_resp32768_c16_keepalive_ms,1.277670
latency,2,1074,http1_rust_nodelay_production_req4096_resp32768_c16_keepalive_ms,1.301010
latency,2,1075,http1_rust_nodelay_production_req4096_resp32768_c16_keepalive_ms,1.286531
latency,2,1076,http1_rust_nodelay_production_req4096_resp32768_c16_keepalive_ms,1.694346
latency,2,1077,http1_rust_nodelay_production_req4096_resp32768_c16_keepalive_ms,1.392832
latency,2,1078,http1_rust_nodelay_production_req4096_resp32768_c16_keepalive_ms,1.653706
latency,2,1079,http1_rust_nodelay_production_req4096_resp32768_c16_keepalive_ms,1.295390
latency,2,1080,http1_rust_nodelay_production_req4096_resp32768_c16_keepalive_ms,1.827059
latency,2,1081,http1_rust_nodelay_production_req4096_resp32768_c16_keepalive_ms,1.317730
latency,2,1082,http1_rust_nodelay_production_req4096_resp32768_c16_keepalive_ms,1.637376
latency,2,1083,http1_rust_nodelay_production_req4096_resp32768_c16_keepalive_ms,1.691586
latency,2,1084,http1_rust_nodelay_production_req4096_resp32768_c16_keepalive_ms,1.550574
latency,2,1085,http1_rust_nodelay_production_req4096_resp32768_c16_keepalive_ms,1.595355
latency,2,1086,http1_rust_nodelay_production_req4096_resp32768_c16_keepalive_ms,1.328631
latency,2,1087,http1_rust_nodelay_production_req4096_resp32768_c16_keepalive_ms,1.252680
latency,2,1088,http1_rust_nodelay_production_req4096_resp32768_c16_keepalive_ms,1.673626
latency,2,1089,http1_rust_nodelay_production_req4096_resp32768_c16_keepalive_ms,1.268830
latency,2,1090,http1_rust_nodelay_production_req4096_resp32768_c16_keepalive_ms,1.617705
latency,2,1091,http1_rust_nodelay_production_req4096_resp32768_c16_keepalive_ms,1.665856
latency,2,1092,http1_rust_nodelay_production_req4096_resp32768_c16_keepalive_ms,1.893100
latency,2,1093,http1_rust_nodelay_production_req4096_resp32768_c16_keepalive_ms,1.655515
latency,2,1094,http1_rust_nodelay_production_req4096_resp32768_c16_keepalive_ms,1.654076
latency,2,1095,http1_rust_nodelay_production_req4096_resp32768_c16_keepalive_ms,1.240350
latency,2,1096,http1_rust_nodelay_production_req4096_resp32768_c16_keepalive_ms,1.257029
latency,2,1097,http1_rust_nodelay_production_req4096_resp32768_c16_keepalive_ms,1.683797
latency,2,1098,http1_rust_nodelay_production_req4096_resp32768_c16_keepalive_ms,1.311190
latency,2,1099,http1_rust_nodelay_production_req4096_resp32768_c16_keepalive_ms,1.675126
latency,2,1100,http1_rust_nodelay_production_req4096_resp32768_c16_keepalive_ms,1.603435
latency,2,1101,http1_rust_nodelay_production_req4096_resp32768_c16_keepalive_ms,1.279621
latency,2,1102,http1_rust_nodelay_production_req4096_resp32768_c16_keepalive_ms,1.718976
latency,2,1103,http1_rust_nodelay_production_req4096_resp32768_c16_keepalive_ms,1.677107
latency,2,1104,http1_rust_nodelay_production_req4096_resp32768_c16_keepalive_ms,1.697556
latency,2,1105,http1_rust_nodelay_production_req4096_resp32768_c16_keepalive_ms,1.276990
latency,2,1106,http1_rust_nodelay_production_req4096_resp32768_c16_keepalive_ms,1.594265
latency,2,1107,http1_rust_nodelay_production_req4096_resp32768_c16_keepalive_ms,1.288420
latency,2,1108,http1_rust_nodelay_production_req4096_resp32768_c16_keepalive_ms,1.308811
latency,2,1109,http1_rust_nodelay_production_req4096_resp32768_c16_keepalive_ms,1.708636
latency,2,1110,http1_rust_nodelay_production_req4096_resp32768_c16_keepalive_ms,1.292771
latency,2,1111,http1_rust_nodelay_production_req4096_resp32768_c16_keepalive_ms,2.140373
latency,2,1112,http1_rust_nodelay_production_req4096_resp32768_c16_keepalive_ms,1.248819
latency,2,1113,http1_rust_nodelay_production_req4096_resp32768_c16_keepalive_ms,1.725387
latency,2,1114,http1_rust_nodelay_production_req4096_resp32768_c16_keepalive_ms,1.637266
latency,2,1115,http1_rust_nodelay_production_req4096_resp32768_c16_keepalive_ms,1.260940
latency,2,1116,http1_rust_nodelay_production_req4096_resp32768_c16_keepalive_ms,1.665676
latency,2,1117,http1_rust_nodelay_production_req4096_resp32768_c16_keepalive_ms,1.613615
latency,2,1118,http1_rust_nodelay_production_req4096_resp32768_c16_keepalive_ms,1.346841
latency,2,1119,http1_rust_nodelay_production_req4096_resp32768_c16_keepalive_ms,1.712577
latency,2,320,http1_rust_nodelay_production_req4096_resp32768_c16_keepalive_ms,1.785428
latency,2,321,http1_rust_nodelay_production_req4096_resp32768_c16_keepalive_ms,1.385821
latency,2,322,http1_rust_nodelay_production_req4096_resp32768_c16_keepalive_ms,1.282520
latency,2,323,http1_rust_nodelay_production_req4096_resp32768_c16_keepalive_ms,1.781828
latency,2,324,http1_rust_nodelay_production_req4096_resp32768_c16_keepalive_ms,2.020612
latency,2,325,http1_rust_nodelay_production_req4096_resp32768_c16_keepalive_ms,1.858559
latency,2,326,http1_rust_nodelay_production_req4096_resp32768_c16_keepalive_ms,1.754647
latency,2,327,http1_rust_nodelay_production_req4096_resp32768_c16_keepalive_ms,1.239900
latency,2,328,http1_rust_nodelay_production_req4096_resp32768_c16_keepalive_ms,1.647725
latency,2,329,http1_rust_nodelay_production_req4096_resp32768_c16_keepalive_ms,1.720437
latency,2,330,http1_rust_nodelay_production_req4096_resp32768_c16_keepalive_ms,1.711837
latency,2,331,http1_rust_nodelay_production_req4096_resp32768_c16_keepalive_ms,1.696097
latency,2,332,http1_rust_nodelay_production_req4096_resp32768_c16_keepalive_ms,1.288120
latency,2,333,http1_rust_nodelay_production_req4096_resp32768_c16_keepalive_ms,1.678376
latency,2,334,http1_rust_nodelay_production_req4096_resp32768_c16_keepalive_ms,1.647316
latency,2,335,http1_rust_nodelay_production_req4096_resp32768_c16_keepalive_ms,1.627495
latency,2,336,http1_rust_nodelay_production_req4096_resp32768_c16_keepalive_ms,1.264260
latency,2,337,http1_rust_nodelay_production_req4096_resp32768_c16_keepalive_ms,1.672526
latency,2,338,http1_rust_nodelay_production_req4096_resp32768_c16_keepalive_ms,1.711577
latency,2,339,http1_rust_nodelay_production_req4096_resp32768_c16_keepalive_ms,1.602075
latency,2,340,http1_rust_nodelay_production_req4096_resp32768_c16_keepalive_ms,1.750077
latency,2,341,http1_rust_nodelay_production_req4096_resp32768_c16_keepalive_ms,1.679266
latency,2,342,http1_rust_nodelay_production_req4096_resp32768_c16_keepalive_ms,1.716947
latency,2,343,http1_rust_nodelay_production_req4096_resp32768_c16_keepalive_ms,1.607895
latency,2,344,http1_rust_nodelay_production_req4096_resp32768_c16_keepalive_ms,1.617376
latency,2,345,http1_rust_nodelay_production_req4096_resp32768_c16_keepalive_ms,1.271399
latency,2,346,http1_rust_nodelay_production_req4096_resp32768_c16_keepalive_ms,1.802079
latency,2,347,http1_rust_nodelay_production_req4096_resp32768_c16_keepalive_ms,1.619145
latency,2,348,http1_rust_nodelay_production_req4096_resp32768_c16_keepalive_ms,1.597125
latency,2,349,http1_rust_nodelay_production_req4096_resp32768_c16_keepalive_ms,1.641856
latency,2,350,http1_rust_nodelay_production_req4096_resp32768_c16_keepalive_ms,1.720676
latency,2,351,http1_rust_nodelay_production_req4096_resp32768_c16_keepalive_ms,1.270660
latency,2,352,http1_rust_nodelay_production_req4096_resp32768_c16_keepalive_ms,1.313801
latency,2,353,http1_rust_nodelay_production_req4096_resp32768_c16_keepalive_ms,1.276080
latency,2,354,http1_rust_nodelay_production_req4096_resp32768_c16_keepalive_ms,1.645615
latency,2,355,http1_rust_nodelay_production_req4096_resp32768_c16_keepalive_ms,1.678027
latency,2,356,http1_rust_nodelay_production_req4096_resp32768_c16_keepalive_ms,1.693156
latency,2,357,http1_rust_nodelay_production_req4096_resp32768_c16_keepalive_ms,1.755698
latency,2,358,http1_rust_nodelay_production_req4096_resp32768_c16_keepalive_ms,1.653186
latency,2,359,http1_rust_nodelay_production_req4096_resp32768_c16_keepalive_ms,10.030536
latency,2,360,http1_rust_nodelay_production_req4096_resp32768_c16_keepalive_ms,1.675526
latency,2,361,http1_rust_nodelay_production_req4096_resp32768_c16_keepalive_ms,1.639076
latency,2,362,http1_rust_nodelay_production_req4096_resp32768_c16_keepalive_ms,1.352261
latency,2,363,http1_rust_nodelay_production_req4096_resp32768_c16_keepalive_ms,1.594545
latency,2,364,http1_rust_nodelay_production_req4096_resp32768_c16_keepalive_ms,1.636346
latency,2,365,http1_rust_nodelay_production_req4096_resp32768_c16_keepalive_ms,1.419472
latency,2,366,http1_rust_nodelay_production_req4096_resp32768_c16_keepalive_ms,1.742497
latency,2,367,http1_rust_nodelay_production_req4096_resp32768_c16_keepalive_ms,1.306991
latency,2,368,http1_rust_nodelay_production_req4096_resp32768_c16_keepalive_ms,1.615155
latency,2,369,http1_rust_nodelay_production_req4096_resp32768_c16_keepalive_ms,1.681446
latency,2,370,http1_rust_nodelay_production_req4096_resp32768_c16_keepalive_ms,1.661366
latency,2,371,http1_rust_nodelay_production_req4096_resp32768_c16_keepalive_ms,1.334201
latency,2,372,http1_rust_nodelay_production_req4096_resp32768_c16_keepalive_ms,1.622505
latency,2,373,http1_rust_nodelay_production_req4096_resp32768_c16_keepalive_ms,1.293780
latency,2,374,http1_rust_nodelay_production_req4096_resp32768_c16_keepalive_ms,1.260150
latency,2,375,http1_rust_nodelay_production_req4096_resp32768_c16_keepalive_ms,1.743237
latency,2,376,http1_rust_nodelay_production_req4096_resp32768_c16_keepalive_ms,1.652296
latency,2,377,http1_rust_nodelay_production_req4096_resp32768_c16_keepalive_ms,1.756828
latency,2,378,http1_rust_nodelay_production_req4096_resp32768_c16_keepalive_ms,1.698466
latency,2,379,http1_rust_nodelay_production_req4096_resp32768_c16_keepalive_ms,1.685227
latency,2,380,http1_rust_nodelay_production_req4096_resp32768_c16_keepalive_ms,1.630105
latency,2,381,http1_rust_nodelay_production_req4096_resp32768_c16_keepalive_ms,1.629916
latency,2,382,http1_rust_nodelay_production_req4096_resp32768_c16_keepalive_ms,1.767987
latency,2,383,http1_rust_nodelay_production_req4096_resp32768_c16_keepalive_ms,1.287050
latency,2,384,http1_rust_nodelay_production_req4096_resp32768_c16_keepalive_ms,1.666716
latency,2,385,http1_rust_nodelay_production_req4096_resp32768_c16_keepalive_ms,1.586095
latency,2,386,http1_rust_nodelay_production_req4096_resp32768_c16_keepalive_ms,1.306331
latency,2,387,http1_rust_nodelay_production_req4096_resp32768_c16_keepalive_ms,1.627105
latency,2,388,http1_rust_nodelay_production_req4096_resp32768_c16_keepalive_ms,1.727007
latency,2,389,http1_rust_nodelay_production_req4096_resp32768_c16_keepalive_ms,1.686487
latency,2,390,http1_rust_nodelay_production_req4096_resp32768_c16_keepalive_ms,1.798507
latency,2,391,http1_rust_nodelay_production_req4096_resp32768_c16_keepalive_ms,1.330151
latency,2,392,http1_rust_nodelay_production_req4096_resp32768_c16_keepalive_ms,1.308751
latency,2,393,http1_rust_nodelay_production_req4096_resp32768_c16_keepalive_ms,1.647146
latency,2,394,http1_rust_nodelay_production_req4096_resp32768_c16_keepalive_ms,1.609555
latency,2,395,http1_rust_nodelay_production_req4096_resp32768_c16_keepalive_ms,1.544484
latency,2,396,http1_rust_nodelay_production_req4096_resp32768_c16_keepalive_ms,1.535514
latency,2,397,http1_rust_nodelay_production_req4096_resp32768_c16_keepalive_ms,1.568294
latency,2,398,http1_rust_nodelay_production_req4096_resp32768_c16_keepalive_ms,1.396742
latency,2,399,http1_rust_nodelay_production_req4096_resp32768_c16_keepalive_ms,1.098357
latency,2,1120,http1_rust_nodelay_production_req4096_resp32768_c16_keepalive_ms,1.804238
latency,2,1121,http1_rust_nodelay_production_req4096_resp32768_c16_keepalive_ms,1.388112
latency,2,1122,http1_rust_nodelay_production_req4096_resp32768_c16_keepalive_ms,1.281950
latency,2,1123,http1_rust_nodelay_production_req4096_resp32768_c16_keepalive_ms,1.779498
latency,2,1124,http1_rust_nodelay_production_req4096_resp32768_c16_keepalive_ms,2.020981
latency,2,1125,http1_rust_nodelay_production_req4096_resp32768_c16_keepalive_ms,1.859799
latency,2,1126,http1_rust_nodelay_production_req4096_resp32768_c16_keepalive_ms,1.755328
latency,2,1127,http1_rust_nodelay_production_req4096_resp32768_c16_keepalive_ms,9.848644
latency,2,1128,http1_rust_nodelay_production_req4096_resp32768_c16_keepalive_ms,1.627445
latency,2,1129,http1_rust_nodelay_production_req4096_resp32768_c16_keepalive_ms,1.625045
latency,2,1130,http1_rust_nodelay_production_req4096_resp32768_c16_keepalive_ms,1.613316
latency,2,1131,http1_rust_nodelay_production_req4096_resp32768_c16_keepalive_ms,1.640635
latency,2,1132,http1_rust_nodelay_production_req4096_resp32768_c16_keepalive_ms,1.275230
latency,2,1133,http1_rust_nodelay_production_req4096_resp32768_c16_keepalive_ms,1.717587
latency,2,1134,http1_rust_nodelay_production_req4096_resp32768_c16_keepalive_ms,1.287640
latency,2,1135,http1_rust_nodelay_production_req4096_resp32768_c16_keepalive_ms,1.714457
latency,2,1136,http1_rust_nodelay_production_req4096_resp32768_c16_keepalive_ms,1.285760
latency,2,1137,http1_rust_nodelay_production_req4096_resp32768_c16_keepalive_ms,7.666530
latency,2,1138,http1_rust_nodelay_production_req4096_resp32768_c16_keepalive_ms,1.241879
latency,2,1139,http1_rust_nodelay_production_req4096_resp32768_c16_keepalive_ms,1.599625
latency,2,1140,http1_rust_nodelay_production_req4096_resp32768_c16_keepalive_ms,1.638766
latency,2,1141,http1_rust_nodelay_production_req4096_resp32768_c16_keepalive_ms,1.314081
latency,2,1142,http1_rust_nodelay_production_req4096_resp32768_c16_keepalive_ms,1.270179
latency,2,1143,http1_rust_nodelay_production_req4096_resp32768_c16_keepalive_ms,1.773298
latency,2,1144,http1_rust_nodelay_production_req4096_resp32768_c16_keepalive_ms,1.240399
latency,2,1145,http1_rust_nodelay_production_req4096_resp32768_c16_keepalive_ms,1.683907
latency,2,1146,http1_rust_nodelay_production_req4096_resp32768_c16_keepalive_ms,1.655666
latency,2,1147,http1_rust_nodelay_production_req4096_resp32768_c16_keepalive_ms,1.582964
latency,2,1148,http1_rust_nodelay_production_req4096_resp32768_c16_keepalive_ms,1.731188
latency,2,1149,http1_rust_nodelay_production_req4096_resp32768_c16_keepalive_ms,1.649595
latency,2,1150,http1_rust_nodelay_production_req4096_resp32768_c16_keepalive_ms,1.304171
latency,2,1151,http1_rust_nodelay_production_req4096_resp32768_c16_keepalive_ms,1.464053
latency,2,1152,http1_rust_nodelay_production_req4096_resp32768_c16_keepalive_ms,1.329810
latency,2,1153,http1_rust_nodelay_production_req4096_resp32768_c16_keepalive_ms,1.716617
latency,2,1154,http1_rust_nodelay_production_req4096_resp32768_c16_keepalive_ms,1.318661
latency,2,1155,http1_rust_nodelay_production_req4096_resp32768_c16_keepalive_ms,1.691346
latency,2,1156,http1_rust_nodelay_production_req4096_resp32768_c16_keepalive_ms,1.234719
latency,2,1157,http1_rust_nodelay_production_req4096_resp32768_c16_keepalive_ms,1.510684
latency,2,1158,http1_rust_nodelay_production_req4096_resp32768_c16_keepalive_ms,1.680646
latency,2,1159,http1_rust_nodelay_production_req4096_resp32768_c16_keepalive_ms,1.643856
latency,2,1160,http1_rust_nodelay_production_req4096_resp32768_c16_keepalive_ms,0.934905
latency,2,1161,http1_rust_nodelay_production_req4096_resp32768_c16_keepalive_ms,1.595125
latency,2,1162,http1_rust_nodelay_production_req4096_resp32768_c16_keepalive_ms,1.635565
latency,2,1163,http1_rust_nodelay_production_req4096_resp32768_c16_keepalive_ms,1.906140
latency,2,1164,http1_rust_nodelay_production_req4096_resp32768_c16_keepalive_ms,1.395242
latency,2,1165,http1_rust_nodelay_production_req4096_resp32768_c16_keepalive_ms,1.645865
latency,2,1166,http1_rust_nodelay_production_req4096_resp32768_c16_keepalive_ms,1.301581
latency,2,1167,http1_rust_nodelay_production_req4096_resp32768_c16_keepalive_ms,1.628585
latency,2,1168,http1_rust_nodelay_production_req4096_resp32768_c16_keepalive_ms,1.719547
latency,2,1169,http1_rust_nodelay_production_req4096_resp32768_c16_keepalive_ms,1.678356
latency,2,1170,http1_rust_nodelay_production_req4096_resp32768_c16_keepalive_ms,1.683737
latency,2,1171,http1_rust_nodelay_production_req4096_resp32768_c16_keepalive_ms,1.227339
latency,2,1172,http1_rust_nodelay_production_req4096_resp32768_c16_keepalive_ms,1.665706
latency,2,1173,http1_rust_nodelay_production_req4096_resp32768_c16_keepalive_ms,1.317590
latency,2,1174,http1_rust_nodelay_production_req4096_resp32768_c16_keepalive_ms,1.574385
latency,2,1175,http1_rust_nodelay_production_req4096_resp32768_c16_keepalive_ms,1.722917
latency,2,1176,http1_rust_nodelay_production_req4096_resp32768_c16_keepalive_ms,1.694226
latency,2,1177,http1_rust_nodelay_production_req4096_resp32768_c16_keepalive_ms,1.619366
latency,2,1178,http1_rust_nodelay_production_req4096_resp32768_c16_keepalive_ms,1.239919
latency,2,1179,http1_rust_nodelay_production_req4096_resp32768_c16_keepalive_ms,1.645866
latency,2,1180,http1_rust_nodelay_production_req4096_resp32768_c16_keepalive_ms,1.765477
latency,2,1181,http1_rust_nodelay_production_req4096_resp32768_c16_keepalive_ms,1.675667
latency,2,1182,http1_rust_nodelay_production_req4096_resp32768_c16_keepalive_ms,1.527664
latency,2,1183,http1_rust_nodelay_production_req4096_resp32768_c16_keepalive_ms,1.666446
latency,2,1184,http1_rust_nodelay_production_req4096_resp32768_c16_keepalive_ms,1.311790
latency,2,1185,http1_rust_nodelay_production_req4096_resp32768_c16_keepalive_ms,1.641876
latency,2,1186,http1_rust_nodelay_production_req4096_resp32768_c16_keepalive_ms,1.631875
latency,2,1187,http1_rust_nodelay_production_req4096_resp32768_c16_keepalive_ms,1.286651
latency,2,1188,http1_rust_nodelay_production_req4096_resp32768_c16_keepalive_ms,1.435722
latency,2,1189,http1_rust_nodelay_production_req4096_resp32768_c16_keepalive_ms,1.802288
latency,2,1190,http1_rust_nodelay_production_req4096_resp32768_c16_keepalive_ms,1.653266
latency,2,1191,http1_rust_nodelay_production_req4096_resp32768_c16_keepalive_ms,1.253990
latency,2,1192,http1_rust_nodelay_production_req4096_resp32768_c16_keepalive_ms,1.961330
latency,2,1193,http1_rust_nodelay_production_req4096_resp32768_c16_keepalive_ms,1.218409
latency,2,1194,http1_rust_nodelay_production_req4096_resp32768_c16_keepalive_ms,1.431453
latency,2,1195,http1_rust_nodelay_production_req4096_resp32768_c16_keepalive_ms,1.495143
latency,2,1196,http1_rust_nodelay_production_req4096_resp32768_c16_keepalive_ms,1.172558
latency,2,1197,http1_rust_nodelay_production_req4096_resp32768_c16_keepalive_ms,1.381872
latency,2,1198,http1_rust_nodelay_production_req4096_resp32768_c16_keepalive_ms,1.849749
latency,2,1199,http1_rust_nodelay_production_req4096_resp32768_c16_keepalive_ms,1.127917
latency,2,160,http1_rust_nodelay_production_req4096_resp32768_c16_keepalive_ms,1.822688
latency,2,161,http1_rust_nodelay_production_req4096_resp32768_c16_keepalive_ms,1.388182
latency,2,162,http1_rust_nodelay_production_req4096_resp32768_c16_keepalive_ms,13.460481
latency,2,163,http1_rust_nodelay_production_req4096_resp32768_c16_keepalive_ms,1.625805
latency,2,164,http1_rust_nodelay_production_req4096_resp32768_c16_keepalive_ms,1.740607
latency,2,165,http1_rust_nodelay_production_req4096_resp32768_c16_keepalive_ms,1.633246
latency,2,166,http1_rust_nodelay_production_req4096_resp32768_c16_keepalive_ms,1.586744
latency,2,167,http1_rust_nodelay_production_req4096_resp32768_c16_keepalive_ms,1.278820
latency,2,168,http1_rust_nodelay_production_req4096_resp32768_c16_keepalive_ms,1.765608
latency,2,169,http1_rust_nodelay_production_req4096_resp32768_c16_keepalive_ms,1.301210
latency,2,170,http1_rust_nodelay_production_req4096_resp32768_c16_keepalive_ms,1.658426
latency,2,171,http1_rust_nodelay_production_req4096_resp32768_c16_keepalive_ms,1.271020
latency,2,172,http1_rust_nodelay_production_req4096_resp32768_c16_keepalive_ms,1.542744
latency,2,173,http1_rust_nodelay_production_req4096_resp32768_c16_keepalive_ms,1.274870
latency,2,174,http1_rust_nodelay_production_req4096_resp32768_c16_keepalive_ms,1.382862
latency,2,175,http1_rust_nodelay_production_req4096_resp32768_c16_keepalive_ms,1.597635
latency,2,176,http1_rust_nodelay_production_req4096_resp32768_c16_keepalive_ms,1.350561
latency,2,177,http1_rust_nodelay_production_req4096_resp32768_c16_keepalive_ms,1.646576
latency,2,178,http1_rust_nodelay_production_req4096_resp32768_c16_keepalive_ms,1.632725
latency,2,179,http1_rust_nodelay_production_req4096_resp32768_c16_keepalive_ms,1.279790
latency,2,180,http1_rust_nodelay_production_req4096_resp32768_c16_keepalive_ms,1.702887
latency,2,181,http1_rust_nodelay_production_req4096_resp32768_c16_keepalive_ms,1.256300
latency,2,182,http1_rust_nodelay_production_req4096_resp32768_c16_keepalive_ms,1.647325
latency,2,183,http1_rust_nodelay_production_req4096_resp32768_c16_keepalive_ms,1.586585
latency,2,184,http1_rust_nodelay_production_req4096_resp32768_c16_keepalive_ms,1.308790
latency,2,185,http1_rust_nodelay_production_req4096_resp32768_c16_keepalive_ms,1.247220
latency,2,186,http1_rust_nodelay_production_req4096_resp32768_c16_keepalive_ms,1.759087
latency,2,187,http1_rust_nodelay_production_req4096_resp32768_c16_keepalive_ms,1.704947
latency,2,188,http1_rust_nodelay_production_req4096_resp32768_c16_keepalive_ms,1.273840
latency,2,189,http1_rust_nodelay_production_req4096_resp32768_c16_keepalive_ms,1.282950
latency,2,190,http1_rust_nodelay_production_req4096_resp32768_c16_keepalive_ms,1.745307
latency,2,191,http1_rust_nodelay_production_req4096_resp32768_c16_keepalive_ms,1.749778
latency,2,192,http1_rust_nodelay_production_req4096_resp32768_c16_keepalive_ms,1.259869
latency,2,193,http1_rust_nodelay_production_req4096_resp32768_c16_keepalive_ms,1.739038
latency,2,194,http1_rust_nodelay_production_req4096_resp32768_c16_keepalive_ms,1.838398
latency,2,195,http1_rust_nodelay_production_req4096_resp32768_c16_keepalive_ms,1.741837
latency,2,196,http1_rust_nodelay_production_req4096_resp32768_c16_keepalive_ms,1.245330
latency,2,197,http1_rust_nodelay_production_req4096_resp32768_c16_keepalive_ms,1.679196
latency,2,198,http1_rust_nodelay_production_req4096_resp32768_c16_keepalive_ms,1.265110
latency,2,199,http1_rust_nodelay_production_req4096_resp32768_c16_keepalive_ms,1.667656
latency,2,200,http1_rust_nodelay_production_req4096_resp32768_c16_keepalive_ms,1.272130
latency,2,201,http1_rust_nodelay_production_req4096_resp32768_c16_keepalive_ms,1.673606
latency,2,202,http1_rust_nodelay_production_req4096_resp32768_c16_keepalive_ms,1.662476
latency,2,203,http1_rust_nodelay_production_req4096_resp32768_c16_keepalive_ms,1.304701
latency,2,204,http1_rust_nodelay_production_req4096_resp32768_c16_keepalive_ms,1.604814
latency,2,205,http1_rust_nodelay_production_req4096_resp32768_c16_keepalive_ms,1.309801
latency,2,206,http1_rust_nodelay_production_req4096_resp32768_c16_keepalive_ms,1.645216
latency,2,207,http1_rust_nodelay_production_req4096_resp32768_c16_keepalive_ms,1.730477
latency,2,208,http1_rust_nodelay_production_req4096_resp32768_c16_keepalive_ms,1.633755
latency,2,209,http1_rust_nodelay_production_req4096_resp32768_c16_keepalive_ms,1.244070
latency,2,210,http1_rust_nodelay_production_req4096_resp32768_c16_keepalive_ms,1.697116
latency,2,211,http1_rust_nodelay_production_req4096_resp32768_c16_keepalive_ms,1.740748
latency,2,212,http1_rust_nodelay_production_req4096_resp32768_c16_keepalive_ms,1.668416
latency,2,213,http1_rust_nodelay_production_req4096_resp32768_c16_keepalive_ms,1.285060
latency,2,214,http1_rust_nodelay_production_req4096_resp32768_c16_keepalive_ms,1.608755
latency,2,215,http1_rust_nodelay_production_req4096_resp32768_c16_keepalive_ms,1.690766
latency,2,216,http1_rust_nodelay_production_req4096_resp32768_c16_keepalive_ms,1.306400
latency,2,217,http1_rust_nodelay_production_req4096_resp32768_c16_keepalive_ms,1.765848
latency,2,218,http1_rust_nodelay_production_req4096_resp32768_c16_keepalive_ms,1.272990
latency,2,219,http1_rust_nodelay_production_req4096_resp32768_c16_keepalive_ms,1.284910
latency,2,220,http1_rust_nodelay_production_req4096_resp32768_c16_keepalive_ms,1.606635
latency,2,221,http1_rust_nodelay_production_req4096_resp32768_c16_keepalive_ms,1.682147
latency,2,222,http1_rust_nodelay_production_req4096_resp32768_c16_keepalive_ms,1.664705
latency,2,223,http1_rust_nodelay_production_req4096_resp32768_c16_keepalive_ms,1.813369
latency,2,224,http1_rust_nodelay_production_req4096_resp32768_c16_keepalive_ms,1.272920
latency,2,225,http1_rust_nodelay_production_req4096_resp32768_c16_keepalive_ms,1.583854
latency,2,226,http1_rust_nodelay_production_req4096_resp32768_c16_keepalive_ms,1.244850
latency,2,227,http1_rust_nodelay_production_req4096_resp32768_c16_keepalive_ms,1.650406
latency,2,228,http1_rust_nodelay_production_req4096_resp32768_c16_keepalive_ms,1.302270
latency,2,229,http1_rust_nodelay_production_req4096_resp32768_c16_keepalive_ms,1.687777
latency,2,230,http1_rust_nodelay_production_req4096_resp32768_c16_keepalive_ms,1.670036
latency,2,231,http1_rust_nodelay_production_req4096_resp32768_c16_keepalive_ms,7.785321
latency,2,232,http1_rust_nodelay_production_req4096_resp32768_c16_keepalive_ms,1.610976
latency,2,233,http1_rust_nodelay_production_req4096_resp32768_c16_keepalive_ms,1.513743
latency,2,234,http1_rust_nodelay_production_req4096_resp32768_c16_keepalive_ms,1.485153
latency,2,235,http1_rust_nodelay_production_req4096_resp32768_c16_keepalive_ms,1.218260
latency,2,236,http1_rust_nodelay_production_req4096_resp32768_c16_keepalive_ms,1.901919
latency,2,237,http1_rust_nodelay_production_req4096_resp32768_c16_keepalive_ms,1.387302
latency,2,238,http1_rust_nodelay_production_req4096_resp32768_c16_keepalive_ms,1.832149
latency,2,239,http1_rust_nodelay_production_req4096_resp32768_c16_keepalive_ms,1.377931
latency,2,720,http1_rust_nodelay_production_req4096_resp32768_c16_keepalive_ms,1.708217
latency,2,721,http1_rust_nodelay_production_req4096_resp32768_c16_keepalive_ms,1.880160
latency,2,722,http1_rust_nodelay_production_req4096_resp32768_c16_keepalive_ms,1.685546
latency,2,723,http1_rust_nodelay_production_req4096_resp32768_c16_keepalive_ms,1.363341
latency,2,724,http1_rust_nodelay_production_req4096_resp32768_c16_keepalive_ms,1.432593
latency,2,725,http1_rust_nodelay_production_req4096_resp32768_c16_keepalive_ms,1.378831
latency,2,726,http1_rust_nodelay_production_req4096_resp32768_c16_keepalive_ms,1.789388
latency,2,727,http1_rust_nodelay_production_req4096_resp32768_c16_keepalive_ms,1.284060
latency,2,728,http1_rust_nodelay_production_req4096_resp32768_c16_keepalive_ms,1.719287
latency,2,729,http1_rust_nodelay_production_req4096_resp32768_c16_keepalive_ms,1.712727
latency,2,730,http1_rust_nodelay_production_req4096_resp32768_c16_keepalive_ms,1.622355
latency,2,731,http1_rust_nodelay_production_req4096_resp32768_c16_keepalive_ms,1.305110
latency,2,732,http1_rust_nodelay_production_req4096_resp32768_c16_keepalive_ms,1.698847
latency,2,733,http1_rust_nodelay_production_req4096_resp32768_c16_keepalive_ms,1.721227
latency,2,734,http1_rust_nodelay_production_req4096_resp32768_c16_keepalive_ms,1.624685
latency,2,735,http1_rust_nodelay_production_req4096_resp32768_c16_keepalive_ms,1.290561
latency,2,736,http1_rust_nodelay_production_req4096_resp32768_c16_keepalive_ms,1.581234
latency,2,737,http1_rust_nodelay_production_req4096_resp32768_c16_keepalive_ms,1.708297
latency,2,738,http1_rust_nodelay_production_req4096_resp32768_c16_keepalive_ms,1.733467
latency,2,739,http1_rust_nodelay_production_req4096_resp32768_c16_keepalive_ms,1.258490
latency,2,740,http1_rust_nodelay_production_req4096_resp32768_c16_keepalive_ms,1.650975
latency,2,741,http1_rust_nodelay_production_req4096_resp32768_c16_keepalive_ms,1.702507
latency,2,742,http1_rust_nodelay_production_req4096_resp32768_c16_keepalive_ms,1.288300
latency,2,743,http1_rust_nodelay_production_req4096_resp32768_c16_keepalive_ms,1.666146
latency,2,744,http1_rust_nodelay_production_req4096_resp32768_c16_keepalive_ms,1.252410
latency,2,745,http1_rust_nodelay_production_req4096_resp32768_c16_keepalive_ms,1.679646
latency,2,746,http1_rust_nodelay_production_req4096_resp32768_c16_keepalive_ms,1.717997
latency,2,747,http1_rust_nodelay_production_req4096_resp32768_c16_keepalive_ms,1.771538
latency,2,748,http1_rust_nodelay_production_req4096_resp32768_c16_keepalive_ms,1.623425
latency,2,749,http1_rust_nodelay_production_req4096_resp32768_c16_keepalive_ms,1.600285
latency,2,750,http1_rust_nodelay_production_req4096_resp32768_c16_keepalive_ms,1.685037
latency,2,751,http1_rust_nodelay_production_req4096_resp32768_c16_keepalive_ms,1.628775
latency,2,752,http1_rust_nodelay_production_req4096_resp32768_c16_keepalive_ms,1.339151
latency,2,753,http1_rust_nodelay_production_req4096_resp32768_c16_keepalive_ms,1.632725
latency,2,754,http1_rust_nodelay_production_req4096_resp32768_c16_keepalive_ms,1.667576
latency,2,755,http1_rust_nodelay_production_req4096_resp32768_c16_keepalive_ms,1.708017
latency,2,756,http1_rust_nodelay_production_req4096_resp32768_c16_keepalive_ms,1.341351
latency,2,757,http1_rust_nodelay_production_req4096_resp32768_c16_keepalive_ms,1.734537
latency,2,758,http1_rust_nodelay_production_req4096_resp32768_c16_keepalive_ms,1.265830
latency,2,759,http1_rust_nodelay_production_req4096_resp32768_c16_keepalive_ms,1.690836
latency,2,760,http1_rust_nodelay_production_req4096_resp32768_c16_keepalive_ms,1.855610
latency,2,761,http1_rust_nodelay_production_req4096_resp32768_c16_keepalive_ms,1.641385
latency,2,762,http1_rust_nodelay_production_req4096_resp32768_c16_keepalive_ms,10.003696
latency,2,763,http1_rust_nodelay_production_req4096_resp32768_c16_keepalive_ms,1.594256
latency,2,764,http1_rust_nodelay_production_req4096_resp32768_c16_keepalive_ms,1.619975
latency,2,765,http1_rust_nodelay_production_req4096_resp32768_c16_keepalive_ms,1.664246
latency,2,766,http1_rust_nodelay_production_req4096_resp32768_c16_keepalive_ms,1.971520
latency,2,767,http1_rust_nodelay_production_req4096_resp32768_c16_keepalive_ms,1.324591
latency,2,768,http1_rust_nodelay_production_req4096_resp32768_c16_keepalive_ms,1.584415
latency,2,769,http1_rust_nodelay_production_req4096_resp32768_c16_keepalive_ms,1.250350
latency,2,770,http1_rust_nodelay_production_req4096_resp32768_c16_keepalive_ms,1.684406
latency,2,771,http1_rust_nodelay_production_req4096_resp32768_c16_keepalive_ms,2.000701
latency,2,772,http1_rust_nodelay_production_req4096_resp32768_c16_keepalive_ms,1.622786
latency,2,773,http1_rust_nodelay_production_req4096_resp32768_c16_keepalive_ms,1.686146
latency,2,774,http1_rust_nodelay_production_req4096_resp32768_c16_keepalive_ms,1.664096
latency,2,775,http1_rust_nodelay_production_req4096_resp32768_c16_keepalive_ms,1.287070
latency,2,776,http1_rust_nodelay_production_req4096_resp32768_c16_keepalive_ms,1.641196
latency,2,777,http1_rust_nodelay_production_req4096_resp32768_c16_keepalive_ms,1.772047
latency,2,778,http1_rust_nodelay_production_req4096_resp32768_c16_keepalive_ms,1.277940
latency,2,779,http1_rust_nodelay_production_req4096_resp32768_c16_keepalive_ms,1.620906
latency,2,780,http1_rust_nodelay_production_req4096_resp32768_c16_keepalive_ms,1.256639
latency,2,781,http1_rust_nodelay_production_req4096_resp32768_c16_keepalive_ms,1.675867
latency,2,782,http1_rust_nodelay_production_req4096_resp32768_c16_keepalive_ms,1.636775
latency,2,783,http1_rust_nodelay_production_req4096_resp32768_c16_keepalive_ms,1.702747
latency,2,784,http1_rust_nodelay_production_req4096_resp32768_c16_keepalive_ms,2.199834
latency,2,785,http1_rust_nodelay_production_req4096_resp32768_c16_keepalive_ms,1.265700
latency,2,786,http1_rust_nodelay_production_req4096_resp32768_c16_keepalive_ms,1.725217
latency,2,787,http1_rust_nodelay_production_req4096_resp32768_c16_keepalive_ms,1.665506
latency,2,788,http1_rust_nodelay_production_req4096_resp32768_c16_keepalive_ms,1.719327
latency,2,789,http1_rust_nodelay_production_req4096_resp32768_c16_keepalive_ms,1.800058
latency,2,790,http1_rust_nodelay_production_req4096_resp32768_c16_keepalive_ms,1.566354
latency,2,791,http1_rust_nodelay_production_req4096_resp32768_c16_keepalive_ms,1.779398
latency,2,792,http1_rust_nodelay_production_req4096_resp32768_c16_keepalive_ms,1.351941
latency,2,793,http1_rust_nodelay_production_req4096_resp32768_c16_keepalive_ms,1.826969
latency,2,794,http1_rust_nodelay_production_req4096_resp32768_c16_keepalive_ms,1.687956
latency,2,795,http1_rust_nodelay_production_req4096_resp32768_c16_keepalive_ms,1.201249
latency,2,796,http1_rust_nodelay_production_req4096_resp32768_c16_keepalive_ms,1.179138
latency,2,797,http1_rust_nodelay_production_req4096_resp32768_c16_keepalive_ms,1.435863
latency,2,798,http1_rust_nodelay_production_req4096_resp32768_c16_keepalive_ms,8.416411
latency,2,799,http1_rust_nodelay_production_req4096_resp32768_c16_keepalive_ms,1.216179
latency,2,560,http1_rust_nodelay_production_req4096_resp32768_c16_keepalive_ms,1.688167
latency,2,561,http1_rust_nodelay_production_req4096_resp32768_c16_keepalive_ms,1.879299
latency,2,562,http1_rust_nodelay_production_req4096_resp32768_c16_keepalive_ms,1.686706
latency,2,563,http1_rust_nodelay_production_req4096_resp32768_c16_keepalive_ms,1.884760
latency,2,564,http1_rust_nodelay_production_req4096_resp32768_c16_keepalive_ms,1.478523
latency,2,565,http1_rust_nodelay_production_req4096_resp32768_c16_keepalive_ms,1.790968
latency,2,566,http1_rust_nodelay_production_req4096_resp32768_c16_keepalive_ms,1.328221
latency,2,567,http1_rust_nodelay_production_req4096_resp32768_c16_keepalive_ms,1.233219
latency,2,568,http1_rust_nodelay_production_req4096_resp32768_c16_keepalive_ms,1.667426
latency,2,569,http1_rust_nodelay_production_req4096_resp32768_c16_keepalive_ms,1.727977
latency,2,570,http1_rust_nodelay_production_req4096_resp32768_c16_keepalive_ms,1.635356
latency,2,571,http1_rust_nodelay_production_req4096_resp32768_c16_keepalive_ms,1.307780
latency,2,572,http1_rust_nodelay_production_req4096_resp32768_c16_keepalive_ms,1.669986
latency,2,573,http1_rust_nodelay_production_req4096_resp32768_c16_keepalive_ms,1.758378
latency,2,574,http1_rust_nodelay_production_req4096_resp32768_c16_keepalive_ms,1.571244
latency,2,575,http1_rust_nodelay_production_req4096_resp32768_c16_keepalive_ms,1.651016
latency,2,576,http1_rust_nodelay_production_req4096_resp32768_c16_keepalive_ms,1.600925
latency,2,577,http1_rust_nodelay_production_req4096_resp32768_c16_keepalive_ms,1.309151
latency,2,578,http1_rust_nodelay_production_req4096_resp32768_c16_keepalive_ms,1.263149
latency,2,579,http1_rust_nodelay_production_req4096_resp32768_c16_keepalive_ms,1.669597
latency,2,580,http1_rust_nodelay_production_req4096_resp32768_c16_keepalive_ms,1.625365
latency,2,581,http1_rust_nodelay_production_req4096_resp32768_c16_keepalive_ms,1.602045
latency,2,582,http1_rust_nodelay_production_req4096_resp32768_c16_keepalive_ms,1.292680
latency,2,583,http1_rust_nodelay_production_req4096_resp32768_c16_keepalive_ms,1.693636
latency,2,584,http1_rust_nodelay_production_req4096_resp32768_c16_keepalive_ms,1.282271
latency,2,585,http1_rust_nodelay_production_req4096_resp32768_c16_keepalive_ms,1.633975
latency,2,586,http1_rust_nodelay_production_req4096_resp32768_c16_keepalive_ms,1.279080
latency,2,587,http1_rust_nodelay_production_req4096_resp32768_c16_keepalive_ms,1.544484
latency,2,588,http1_rust_nodelay_production_req4096_resp32768_c16_keepalive_ms,1.790088
latency,2,589,http1_rust_nodelay_production_req4096_resp32768_c16_keepalive_ms,1.269730
latency,2,590,http1_rust_nodelay_production_req4096_resp32768_c16_keepalive_ms,1.588835
latency,2,591,http1_rust_nodelay_production_req4096_resp32768_c16_keepalive_ms,1.347581
latency,2,592,http1_rust_nodelay_production_req4096_resp32768_c16_keepalive_ms,1.623265
latency,2,593,http1_rust_nodelay_production_req4096_resp32768_c16_keepalive_ms,1.804349
latency,2,594,http1_rust_nodelay_production_req4096_resp32768_c16_keepalive_ms,1.571844
latency,2,595,http1_rust_nodelay_production_req4096_resp32768_c16_keepalive_ms,1.685856
latency,2,596,http1_rust_nodelay_production_req4096_resp32768_c16_keepalive_ms,1.725897
latency,2,597,http1_rust_nodelay_production_req4096_resp32768_c16_keepalive_ms,1.744818
latency,2,598,http1_rust_nodelay_production_req4096_resp32768_c16_keepalive_ms,1.650995
latency,2,599,http1_rust_nodelay_production_req4096_resp32768_c16_keepalive_ms,1.282961
latency,2,600,http1_rust_nodelay_production_req4096_resp32768_c16_keepalive_ms,1.820408
latency,2,601,http1_rust_nodelay_production_req4096_resp32768_c16_keepalive_ms,5.911602
latency,2,602,http1_rust_nodelay_production_req4096_resp32768_c16_keepalive_ms,1.613726
latency,2,603,http1_rust_nodelay_production_req4096_resp32768_c16_keepalive_ms,1.294390
latency,2,604,http1_rust_nodelay_production_req4096_resp32768_c16_keepalive_ms,1.260599
latency,2,605,http1_rust_nodelay_production_req4096_resp32768_c16_keepalive_ms,1.647516
latency,2,606,http1_rust_nodelay_production_req4096_resp32768_c16_keepalive_ms,1.672787
latency,2,607,http1_rust_nodelay_production_req4096_resp32768_c16_keepalive_ms,1.670035
latency,2,608,http1_rust_nodelay_production_req4096_resp32768_c16_keepalive_ms,1.664947
latency,2,609,http1_rust_nodelay_production_req4096_resp32768_c16_keepalive_ms,1.362131
latency,2,610,http1_rust_nodelay_production_req4096_resp32768_c16_keepalive_ms,1.719877
latency,2,611,http1_rust_nodelay_production_req4096_resp32768_c16_keepalive_ms,1.684826
latency,2,612,http1_rust_nodelay_production_req4096_resp32768_c16_keepalive_ms,1.230319
latency,2,613,http1_rust_nodelay_production_req4096_resp32768_c16_keepalive_ms,1.642386
latency,2,614,http1_rust_nodelay_production_req4096_resp32768_c16_keepalive_ms,1.299990
latency,2,615,http1_rust_nodelay_production_req4096_resp32768_c16_keepalive_ms,9.871845
latency,2,616,http1_rust_nodelay_production_req4096_resp32768_c16_keepalive_ms,1.758257
latency,2,617,http1_rust_nodelay_production_req4096_resp32768_c16_keepalive_ms,1.634926
latency,2,618,http1_rust_nodelay_production_req4096_resp32768_c16_keepalive_ms,1.645675
latency,2,619,http1_rust_nodelay_production_req4096_resp32768_c16_keepalive_ms,1.268500
latency,2,620,http1_rust_nodelay_production_req4096_resp32768_c16_keepalive_ms,1.632216
latency,2,621,http1_rust_nodelay_production_req4096_resp32768_c16_keepalive_ms,1.340871
latency,2,622,http1_rust_nodelay_production_req4096_resp32768_c16_keepalive_ms,1.651616
latency,2,623,http1_rust_nodelay_production_req4096_resp32768_c16_keepalive_ms,1.527533
latency,2,624,http1_rust_nodelay_production_req4096_resp32768_c16_keepalive_ms,1.667686
latency,2,625,http1_rust_nodelay_production_req4096_resp32768_c16_keepalive_ms,6.827907
latency,2,626,http1_rust_nodelay_production_req4096_resp32768_c16_keepalive_ms,1.782138
latency,2,627,http1_rust_nodelay_production_req4096_resp32768_c16_keepalive_ms,1.723607
latency,2,628,http1_rust_nodelay_production_req4096_resp32768_c16_keepalive_ms,1.634896
latency,2,629,http1_rust_nodelay_production_req4096_resp32768_c16_keepalive_ms,1.983261
latency,2,630,http1_rust_nodelay_production_req4096_resp32768_c16_keepalive_ms,1.641435
latency,2,631,http1_rust_nodelay_production_req4096_resp32768_c16_keepalive_ms,1.344441
latency,2,632,http1_rust_nodelay_production_req4096_resp32768_c16_keepalive_ms,1.069507
latency,2,633,http1_rust_nodelay_production_req4096_resp32768_c16_keepalive_ms,1.568284
latency,2,634,http1_rust_nodelay_production_req4096_resp32768_c16_keepalive_ms,1.860800
latency,2,635,http1_rust_nodelay_production_req4096_resp32768_c16_keepalive_ms,1.417212
latency,2,636,http1_rust_nodelay_production_req4096_resp32768_c16_keepalive_ms,1.509883
latency,2,637,http1_rust_nodelay_production_req4096_resp32768_c16_keepalive_ms,1.127048
latency,2,638,http1_rust_nodelay_production_req4096_resp32768_c16_keepalive_ms,1.788788
latency,2,639,http1_rust_nodelay_production_req4096_resp32768_c16_keepalive_ms,1.599615
latency,2,400,http1_rust_nodelay_production_req4096_resp32768_c16_keepalive_ms,1.652036
latency,2,401,http1_rust_nodelay_production_req4096_resp32768_c16_keepalive_ms,2.006142
latency,2,402,http1_rust_nodelay_production_req4096_resp32768_c16_keepalive_ms,1.340600
latency,2,403,http1_rust_nodelay_production_req4096_resp32768_c16_keepalive_ms,1.242200
latency,2,404,http1_rust_nodelay_production_req4096_resp32768_c16_keepalive_ms,2.018321
latency,2,405,http1_rust_nodelay_production_req4096_resp32768_c16_keepalive_ms,2.041432
latency,2,406,http1_rust_nodelay_production_req4096_resp32768_c16_keepalive_ms,1.731517
latency,2,407,http1_rust_nodelay_production_req4096_resp32768_c16_keepalive_ms,1.681366
latency,2,408,http1_rust_nodelay_production_req4096_resp32768_c16_keepalive_ms,1.675877
latency,2,409,http1_rust_nodelay_production_req4096_resp32768_c16_keepalive_ms,10.200209
latency,2,410,http1_rust_nodelay_production_req4096_resp32768_c16_keepalive_ms,1.636526
latency,2,411,http1_rust_nodelay_production_req4096_resp32768_c16_keepalive_ms,1.712557
latency,2,412,http1_rust_nodelay_production_req4096_resp32768_c16_keepalive_ms,1.267439
latency,2,413,http1_rust_nodelay_production_req4096_resp32768_c16_keepalive_ms,1.276341
latency,2,414,http1_rust_nodelay_production_req4096_resp32768_c16_keepalive_ms,1.624265
latency,2,415,http1_rust_nodelay_production_req4096_resp32768_c16_keepalive_ms,1.321240
latency,2,416,http1_rust_nodelay_production_req4096_resp32768_c16_keepalive_ms,1.627756
latency,2,417,http1_rust_nodelay_production_req4096_resp32768_c16_keepalive_ms,1.325150
latency,2,418,http1_rust_nodelay_production_req4096_resp32768_c16_keepalive_ms,1.237280
latency,2,419,http1_rust_nodelay_production_req4096_resp32768_c16_keepalive_ms,1.660616
latency,2,420,http1_rust_nodelay_production_req4096_resp32768_c16_keepalive_ms,1.707586
latency,2,421,http1_rust_nodelay_production_req4096_resp32768_c16_keepalive_ms,1.395762
latency,2,422,http1_rust_nodelay_production_req4096_resp32768_c16_keepalive_ms,1.636226
latency,2,423,http1_rust_nodelay_production_req4096_resp32768_c16_keepalive_ms,1.559814
latency,2,424,http1_rust_nodelay_production_req4096_resp32768_c16_keepalive_ms,1.652076
latency,2,425,http1_rust_nodelay_production_req4096_resp32768_c16_keepalive_ms,1.732427
latency,2,426,http1_rust_nodelay_production_req4096_resp32768_c16_keepalive_ms,1.594635
latency,2,427,http1_rust_nodelay_production_req4096_resp32768_c16_keepalive_ms,0.992856
latency,2,428,http1_rust_nodelay_production_req4096_resp32768_c16_keepalive_ms,1.641135
latency,2,429,http1_rust_nodelay_production_req4096_resp32768_c16_keepalive_ms,1.716557
latency,2,430,http1_rust_nodelay_production_req4096_resp32768_c16_keepalive_ms,1.681586
latency,2,431,http1_rust_nodelay_production_req4096_resp32768_c16_keepalive_ms,1.692777
latency,2,432,http1_rust_nodelay_production_req4096_resp32768_c16_keepalive_ms,1.371801
latency,2,433,http1_rust_nodelay_production_req4096_resp32768_c16_keepalive_ms,1.610615
latency,2,434,http1_rust_nodelay_production_req4096_resp32768_c16_keepalive_ms,1.776368
latency,2,435,http1_rust_nodelay_production_req4096_resp32768_c16_keepalive_ms,1.841159
latency,2,436,http1_rust_nodelay_production_req4096_resp32768_c16_keepalive_ms,1.352961
latency,2,437,http1_rust_nodelay_production_req4096_resp32768_c16_keepalive_ms,1.682507
latency,2,438,http1_rust_nodelay_production_req4096_resp32768_c16_keepalive_ms,1.309620
latency,2,439,http1_rust_nodelay_production_req4096_resp32768_c16_keepalive_ms,1.608025
latency,2,440,http1_rust_nodelay_production_req4096_resp32768_c16_keepalive_ms,1.290150
latency,2,441,http1_rust_nodelay_production_req4096_resp32768_c16_keepalive_ms,1.272030
latency,2,442,http1_rust_nodelay_production_req4096_resp32768_c16_keepalive_ms,1.638886
latency,2,443,http1_rust_nodelay_production_req4096_resp32768_c16_keepalive_ms,1.350071
latency,2,444,http1_rust_nodelay_production_req4096_resp32768_c16_keepalive_ms,1.597585
latency,2,445,http1_rust_nodelay_production_req4096_resp32768_c16_keepalive_ms,1.635605
latency,2,446,http1_rust_nodelay_production_req4096_resp32768_c16_keepalive_ms,1.762598
latency,2,447,http1_rust_nodelay_production_req4096_resp32768_c16_keepalive_ms,1.753897
latency,2,448,http1_rust_nodelay_production_req4096_resp32768_c16_keepalive_ms,1.565675
latency,2,449,http1_rust_nodelay_production_req4096_resp32768_c16_keepalive_ms,1.589995
latency,2,450,http1_rust_nodelay_production_req4096_resp32768_c16_keepalive_ms,1.304810
latency,2,451,http1_rust_nodelay_production_req4096_resp32768_c16_keepalive_ms,1.695507
latency,2,452,http1_rust_nodelay_production_req4096_resp32768_c16_keepalive_ms,1.677576
latency,2,453,http1_rust_nodelay_production_req4096_resp32768_c16_keepalive_ms,1.713116
latency,2,454,http1_rust_nodelay_production_req4096_resp32768_c16_keepalive_ms,1.611506
latency,2,455,http1_rust_nodelay_production_req4096_resp32768_c16_keepalive_ms,1.725087
latency,2,456,http1_rust_nodelay_production_req4096_resp32768_c16_keepalive_ms,1.271449
latency,2,457,http1_rust_nodelay_production_req4096_resp32768_c16_keepalive_ms,1.631996
latency,2,458,http1_rust_nodelay_production_req4096_resp32768_c16_keepalive_ms,1.009756
latency,2,459,http1_rust_nodelay_production_req4096_resp32768_c16_keepalive_ms,1.607815
latency,2,460,http1_rust_nodelay_production_req4096_resp32768_c16_keepalive_ms,1.243359
latency,2,461,http1_rust_nodelay_production_req4096_resp32768_c16_keepalive_ms,1.591815
latency,2,462,http1_rust_nodelay_production_req4096_resp32768_c16_keepalive_ms,1.665906
latency,2,463,http1_rust_nodelay_production_req4096_resp32768_c16_keepalive_ms,1.665706
latency,2,464,http1_rust_nodelay_production_req4096_resp32768_c16_keepalive_ms,1.369292
latency,2,465,http1_rust_nodelay_production_req4096_resp32768_c16_keepalive_ms,1.626285
latency,2,466,http1_rust_nodelay_production_req4096_resp32768_c16_keepalive_ms,1.501634
latency,2,467,http1_rust_nodelay_production_req4096_resp32768_c16_keepalive_ms,1.682166
latency,2,468,http1_rust_nodelay_production_req4096_resp32768_c16_keepalive_ms,1.610955
latency,2,469,http1_rust_nodelay_production_req4096_resp32768_c16_keepalive_ms,4.681053
latency,2,470,http1_rust_nodelay_production_req4096_resp32768_c16_keepalive_ms,1.798958
latency,2,471,http1_rust_nodelay_production_req4096_resp32768_c16_keepalive_ms,1.724817
latency,2,472,http1_rust_nodelay_production_req4096_resp32768_c16_keepalive_ms,1.258990
latency,2,473,http1_rust_nodelay_production_req4096_resp32768_c16_keepalive_ms,1.905150
latency,2,474,http1_rust_nodelay_production_req4096_resp32768_c16_keepalive_ms,10.870930
latency,2,475,http1_rust_nodelay_production_req4096_resp32768_c16_keepalive_ms,1.120057
latency,2,476,http1_rust_nodelay_production_req4096_resp32768_c16_keepalive_ms,1.789318
latency,2,477,http1_rust_nodelay_production_req4096_resp32768_c16_keepalive_ms,1.606855
latency,2,478,http1_rust_nodelay_production_req4096_resp32768_c16_keepalive_ms,1.405803
latency,2,479,http1_rust_nodelay_production_req4096_resp32768_c16_keepalive_ms,1.347130
latency,2,480,http1_rust_nodelay_production_req4096_resp32768_c16_keepalive_ms,1.609755
latency,2,481,http1_rust_nodelay_production_req4096_resp32768_c16_keepalive_ms,1.831419
latency,2,482,http1_rust_nodelay_production_req4096_resp32768_c16_keepalive_ms,1.259949
latency,2,483,http1_rust_nodelay_production_req4096_resp32768_c16_keepalive_ms,1.778488
latency,2,484,http1_rust_nodelay_production_req4096_resp32768_c16_keepalive_ms,2.012752
latency,2,485,http1_rust_nodelay_production_req4096_resp32768_c16_keepalive_ms,1.452372
latency,2,486,http1_rust_nodelay_production_req4096_resp32768_c16_keepalive_ms,1.752038
latency,2,487,http1_rust_nodelay_production_req4096_resp32768_c16_keepalive_ms,1.531244
latency,2,488,http1_rust_nodelay_production_req4096_resp32768_c16_keepalive_ms,1.633795
latency,2,489,http1_rust_nodelay_production_req4096_resp32768_c16_keepalive_ms,1.258120
latency,2,490,http1_rust_nodelay_production_req4096_resp32768_c16_keepalive_ms,1.235030
latency,2,491,http1_rust_nodelay_production_req4096_resp32768_c16_keepalive_ms,1.669315
latency,2,492,http1_rust_nodelay_production_req4096_resp32768_c16_keepalive_ms,1.355342
latency,2,493,http1_rust_nodelay_production_req4096_resp32768_c16_keepalive_ms,10.791168
latency,2,494,http1_rust_nodelay_production_req4096_resp32768_c16_keepalive_ms,1.624726
latency,2,495,http1_rust_nodelay_production_req4096_resp32768_c16_keepalive_ms,1.741857
latency,2,496,http1_rust_nodelay_production_req4096_resp32768_c16_keepalive_ms,1.690836
latency,2,497,http1_rust_nodelay_production_req4096_resp32768_c16_keepalive_ms,1.839009
latency,2,498,http1_rust_nodelay_production_req4096_resp32768_c16_keepalive_ms,1.624296
latency,2,499,http1_rust_nodelay_production_req4096_resp32768_c16_keepalive_ms,1.666365
latency,2,500,http1_rust_nodelay_production_req4096_resp32768_c16_keepalive_ms,1.288411
latency,2,501,http1_rust_nodelay_production_req4096_resp32768_c16_keepalive_ms,1.718197
latency,2,502,http1_rust_nodelay_production_req4096_resp32768_c16_keepalive_ms,1.226189
latency,2,503,http1_rust_nodelay_production_req4096_resp32768_c16_keepalive_ms,1.664436
latency,2,504,http1_rust_nodelay_production_req4096_resp32768_c16_keepalive_ms,1.548774
latency,2,505,http1_rust_nodelay_production_req4096_resp32768_c16_keepalive_ms,1.721257
latency,2,506,http1_rust_nodelay_production_req4096_resp32768_c16_keepalive_ms,9.479518
latency,2,507,http1_rust_nodelay_production_req4096_resp32768_c16_keepalive_ms,1.767838
latency,2,508,http1_rust_nodelay_production_req4096_resp32768_c16_keepalive_ms,1.740167
latency,2,509,http1_rust_nodelay_production_req4096_resp32768_c16_keepalive_ms,1.839379
latency,2,510,http1_rust_nodelay_production_req4096_resp32768_c16_keepalive_ms,1.758857
latency,2,511,http1_rust_nodelay_production_req4096_resp32768_c16_keepalive_ms,1.245510
latency,2,512,http1_rust_nodelay_production_req4096_resp32768_c16_keepalive_ms,1.730756
latency,2,513,http1_rust_nodelay_production_req4096_resp32768_c16_keepalive_ms,1.265810
latency,2,514,http1_rust_nodelay_production_req4096_resp32768_c16_keepalive_ms,1.666556
latency,2,515,http1_rust_nodelay_production_req4096_resp32768_c16_keepalive_ms,1.274060
latency,2,516,http1_rust_nodelay_production_req4096_resp32768_c16_keepalive_ms,1.258990
latency,2,517,http1_rust_nodelay_production_req4096_resp32768_c16_keepalive_ms,1.683856
latency,2,518,http1_rust_nodelay_production_req4096_resp32768_c16_keepalive_ms,1.696827
latency,2,519,http1_rust_nodelay_production_req4096_resp32768_c16_keepalive_ms,1.606545
latency,2,520,http1_rust_nodelay_production_req4096_resp32768_c16_keepalive_ms,1.309130
latency,2,521,http1_rust_nodelay_production_req4096_resp32768_c16_keepalive_ms,1.645886
latency,2,522,http1_rust_nodelay_production_req4096_resp32768_c16_keepalive_ms,10.645676
latency,2,523,http1_rust_nodelay_production_req4096_resp32768_c16_keepalive_ms,1.620076
latency,2,524,http1_rust_nodelay_production_req4096_resp32768_c16_keepalive_ms,1.321780
latency,2,525,http1_rust_nodelay_production_req4096_resp32768_c16_keepalive_ms,1.691147
latency,2,526,http1_rust_nodelay_production_req4096_resp32768_c16_keepalive_ms,1.291960
latency,2,527,http1_rust_nodelay_production_req4096_resp32768_c16_keepalive_ms,1.697847
latency,2,528,http1_rust_nodelay_production_req4096_resp32768_c16_keepalive_ms,1.276399
latency,2,529,http1_rust_nodelay_production_req4096_resp32768_c16_keepalive_ms,1.595156
latency,2,530,http1_rust_nodelay_production_req4096_resp32768_c16_keepalive_ms,1.644515
latency,2,531,http1_rust_nodelay_production_req4096_resp32768_c16_keepalive_ms,1.276790
latency,2,532,http1_rust_nodelay_production_req4096_resp32768_c16_keepalive_ms,1.820679
latency,2,533,http1_rust_nodelay_production_req4096_resp32768_c16_keepalive_ms,1.854129
latency,2,534,http1_rust_nodelay_production_req4096_resp32768_c16_keepalive_ms,1.551214
latency,2,535,http1_rust_nodelay_production_req4096_resp32768_c16_keepalive_ms,1.680066
latency,2,536,http1_rust_nodelay_production_req4096_resp32768_c16_keepalive_ms,1.635436
latency,2,537,http1_rust_nodelay_production_req4096_resp32768_c16_keepalive_ms,1.625495
latency,2,538,http1_rust_nodelay_production_req4096_resp32768_c16_keepalive_ms,1.368832
latency,2,539,http1_rust_nodelay_production_req4096_resp32768_c16_keepalive_ms,1.608205
latency,2,540,http1_rust_nodelay_production_req4096_resp32768_c16_keepalive_ms,1.544954
latency,2,541,http1_rust_nodelay_production_req4096_resp32768_c16_keepalive_ms,1.733167
latency,2,542,http1_rust_nodelay_production_req4096_resp32768_c16_keepalive_ms,1.717457
latency,2,543,http1_rust_nodelay_production_req4096_resp32768_c16_keepalive_ms,1.560134
latency,2,544,http1_rust_nodelay_production_req4096_resp32768_c16_keepalive_ms,1.313261
latency,2,545,http1_rust_nodelay_production_req4096_resp32768_c16_keepalive_ms,1.496803
latency,2,546,http1_rust_nodelay_production_req4096_resp32768_c16_keepalive_ms,1.162228
latency,2,547,http1_rust_nodelay_production_req4096_resp32768_c16_keepalive_ms,1.071227
latency,2,548,http1_rust_nodelay_production_req4096_resp32768_c16_keepalive_ms,1.566264
latency,2,549,http1_rust_nodelay_production_req4096_resp32768_c16_keepalive_ms,1.849880
latency,2,550,http1_rust_nodelay_production_req4096_resp32768_c16_keepalive_ms,1.428142
latency,2,551,http1_rust_nodelay_production_req4096_resp32768_c16_keepalive_ms,1.505473
latency,2,552,http1_rust_nodelay_production_req4096_resp32768_c16_keepalive_ms,1.128348
latency,2,553,http1_rust_nodelay_production_req4096_resp32768_c16_keepalive_ms,1.789718
latency,2,554,http1_rust_nodelay_production_req4096_resp32768_c16_keepalive_ms,1.940240
latency,2,555,http1_rust_nodelay_production_req4096_resp32768_c16_keepalive_ms,0.834243
latency,2,556,http1_rust_nodelay_production_req4096_resp32768_c16_keepalive_ms,0.988266
latency,2,557,http1_rust_nodelay_production_req4096_resp32768_c16_keepalive_ms,1.295940
latency,2,558,http1_rust_nodelay_production_req4096_resp32768_c16_keepalive_ms,1.399442
latency,2,559,http1_rust_nodelay_production_req4096_resp32768_c16_keepalive_ms,0.956235
latency,2,960,http1_rust_nodelay_production_req4096_resp32768_c16_keepalive_ms,1.873769
latency,2,961,http1_rust_nodelay_production_req4096_resp32768_c16_keepalive_ms,1.851989
latency,2,962,http1_rust_nodelay_production_req4096_resp32768_c16_keepalive_ms,1.732337
latency,2,963,http1_rust_nodelay_production_req4096_resp32768_c16_keepalive_ms,1.887000
latency,2,964,http1_rust_nodelay_production_req4096_resp32768_c16_keepalive_ms,1.860309
latency,2,965,http1_rust_nodelay_production_req4096_resp32768_c16_keepalive_ms,1.804648
latency,2,966,http1_rust_nodelay_production_req4096_resp32768_c16_keepalive_ms,1.929150
latency,2,967,http1_rust_nodelay_production_req4096_resp32768_c16_keepalive_ms,1.683796
latency,2,968,http1_rust_nodelay_production_req4096_resp32768_c16_keepalive_ms,1.726288
latency,2,969,http1_rust_nodelay_production_req4096_resp32768_c16_keepalive_ms,1.635655
latency,2,970,http1_rust_nodelay_production_req4096_resp32768_c16_keepalive_ms,1.307850
latency,2,971,http1_rust_nodelay_production_req4096_resp32768_c16_keepalive_ms,1.669957
latency,2,972,http1_rust_nodelay_production_req4096_resp32768_c16_keepalive_ms,1.759267
latency,2,973,http1_rust_nodelay_production_req4096_resp32768_c16_keepalive_ms,1.571535
latency,2,974,http1_rust_nodelay_production_req4096_resp32768_c16_keepalive_ms,9.890604
latency,2,975,http1_rust_nodelay_production_req4096_resp32768_c16_keepalive_ms,1.284500
latency,2,976,http1_rust_nodelay_production_req4096_resp32768_c16_keepalive_ms,1.620846
latency,2,977,http1_rust_nodelay_production_req4096_resp32768_c16_keepalive_ms,1.666636
latency,2,978,http1_rust_nodelay_production_req4096_resp32768_c16_keepalive_ms,1.289620
latency,2,979,http1_rust_nodelay_production_req4096_resp32768_c16_keepalive_ms,1.624905
latency,2,980,http1_rust_nodelay_production_req4096_resp32768_c16_keepalive_ms,1.805599
latency,2,981,http1_rust_nodelay_production_req4096_resp32768_c16_keepalive_ms,1.635725
latency,2,982,http1_rust_nodelay_production_req4096_resp32768_c16_keepalive_ms,1.213429
latency,2,983,http1_rust_nodelay_production_req4096_resp32768_c16_keepalive_ms,1.617265
latency,2,984,http1_rust_nodelay_production_req4096_resp32768_c16_keepalive_ms,1.743648
latency,2,985,http1_rust_nodelay_production_req4096_resp32768_c16_keepalive_ms,1.624235
latency,2,986,http1_rust_nodelay_production_req4096_resp32768_c16_keepalive_ms,1.802238
latency,2,987,http1_rust_nodelay_production_req4096_resp32768_c16_keepalive_ms,1.680357
latency,2,988,http1_rust_nodelay_production_req4096_resp32768_c16_keepalive_ms,1.267019
latency,2,989,http1_rust_nodelay_production_req4096_resp32768_c16_keepalive_ms,1.261090
latency,2,990,http1_rust_nodelay_production_req4096_resp32768_c16_keepalive_ms,1.700467
latency,2,991,http1_rust_nodelay_production_req4096_resp32768_c16_keepalive_ms,1.432272
latency,2,992,http1_rust_nodelay_production_req4096_resp32768_c16_keepalive_ms,1.637135
latency,2,993,http1_rust_nodelay_production_req4096_resp32768_c16_keepalive_ms,1.337701
latency,2,994,http1_rust_nodelay_production_req4096_resp32768_c16_keepalive_ms,2.071773
latency,2,995,http1_rust_nodelay_production_req4096_resp32768_c16_keepalive_ms,1.787888
latency,2,996,http1_rust_nodelay_production_req4096_resp32768_c16_keepalive_ms,1.725907
latency,2,997,http1_rust_nodelay_production_req4096_resp32768_c16_keepalive_ms,1.706346
latency,2,998,http1_rust_nodelay_production_req4096_resp32768_c16_keepalive_ms,1.651076
latency,2,999,http1_rust_nodelay_production_req4096_resp32768_c16_keepalive_ms,1.719137
latency,2,1000,http1_rust_nodelay_production_req4096_resp32768_c16_keepalive_ms,1.700667
latency,2,1001,http1_rust_nodelay_production_req4096_resp32768_c16_keepalive_ms,1.680626
latency,2,1002,http1_rust_nodelay_production_req4096_resp32768_c16_keepalive_ms,1.593795
latency,2,1003,http1_rust_nodelay_production_req4096_resp32768_c16_keepalive_ms,0.865083
latency,2,1004,http1_rust_nodelay_production_req4096_resp32768_c16_keepalive_ms,1.611306
latency,2,1005,http1_rust_nodelay_production_req4096_resp32768_c16_keepalive_ms,1.683526
latency,2,1006,http1_rust_nodelay_production_req4096_resp32768_c16_keepalive_ms,1.655366
latency,2,1007,http1_rust_nodelay_production_req4096_resp32768_c16_keepalive_ms,1.653206
latency,2,1008,http1_rust_nodelay_production_req4096_resp32768_c16_keepalive_ms,10.249100
latency,2,1009,http1_rust_nodelay_production_req4096_resp32768_c16_keepalive_ms,1.615345
latency,2,1010,http1_rust_nodelay_production_req4096_resp32768_c16_keepalive_ms,1.677916
latency,2,1011,http1_rust_nodelay_production_req4096_resp32768_c16_keepalive_ms,1.798778
latency,2,1012,http1_rust_nodelay_production_req4096_resp32768_c16_keepalive_ms,7.786012
latency,2,1013,http1_rust_nodelay_production_req4096_resp32768_c16_keepalive_ms,1.618855
latency,2,1014,http1_rust_nodelay_production_req4096_resp32768_c16_keepalive_ms,1.225909
latency,2,1015,http1_rust_nodelay_production_req4096_resp32768_c16_keepalive_ms,1.265840
latency,2,1016,http1_rust_nodelay_production_req4096_resp32768_c16_keepalive_ms,1.665066
latency,2,1017,http1_rust_nodelay_production_req4096_resp32768_c16_keepalive_ms,1.289020
latency,2,1018,http1_rust_nodelay_production_req4096_resp32768_c16_keepalive_ms,1.635256
latency,2,1019,http1_rust_nodelay_production_req4096_resp32768_c16_keepalive_ms,1.687396
latency,2,1020,http1_rust_nodelay_production_req4096_resp32768_c16_keepalive_ms,1.878500
latency,2,1021,http1_rust_nodelay_production_req4096_resp32768_c16_keepalive_ms,1.323020
latency,2,1022,http1_rust_nodelay_production_req4096_resp32768_c16_keepalive_ms,1.704697
latency,2,1023,http1_rust_nodelay_production_req4096_resp32768_c16_keepalive_ms,1.621585
latency,2,1024,http1_rust_nodelay_production_req4096_resp32768_c16_keepalive_ms,2.033322
latency,2,1025,http1_rust_nodelay_production_req4096_resp32768_c16_keepalive_ms,1.204139
latency,2,1026,http1_rust_nodelay_production_req4096_resp32768_c16_keepalive_ms,1.520484
latency,2,1027,http1_rust_nodelay_production_req4096_resp32768_c16_keepalive_ms,1.486883
latency,2,1028,http1_rust_nodelay_production_req4096_resp32768_c16_keepalive_ms,1.565445
latency,2,1029,http1_rust_nodelay_production_req4096_resp32768_c16_keepalive_ms,1.597885
latency,2,1030,http1_rust_nodelay_production_req4096_resp32768_c16_keepalive_ms,1.387581
latency,2,1031,http1_rust_nodelay_production_req4096_resp32768_c16_keepalive_ms,1.787028
latency,2,1032,http1_rust_nodelay_production_req4096_resp32768_c16_keepalive_ms,1.377381
latency,2,1033,http1_rust_nodelay_production_req4096_resp32768_c16_keepalive_ms,1.529194
latency,2,1034,http1_rust_nodelay_production_req4096_resp32768_c16_keepalive_ms,1.908560
latency,2,1035,http1_rust_nodelay_production_req4096_resp32768_c16_keepalive_ms,1.342401
latency,2,1036,http1_rust_nodelay_production_req4096_resp32768_c16_keepalive_ms,1.278060
latency,2,1037,http1_rust_nodelay_production_req4096_resp32768_c16_keepalive_ms,1.666096
latency,2,1038,http1_rust_nodelay_production_req4096_resp32768_c16_keepalive_ms,1.115918
latency,2,1039,http1_rust_nodelay_production_req4096_resp32768_c16_keepalive_ms,0.911974
latency,2,80,http1_rust_nodelay_production_req4096_resp32768_c16_keepalive_ms,1.766617
latency,2,81,http1_rust_nodelay_production_req4096_resp32768_c16_keepalive_ms,1.860360
latency,2,82,http1_rust_nodelay_production_req4096_resp32768_c16_keepalive_ms,1.683666
latency,2,83,http1_rust_nodelay_production_req4096_resp32768_c16_keepalive_ms,0.881173
latency,2,84,http1_rust_nodelay_production_req4096_resp32768_c16_keepalive_ms,1.043667
latency,2,85,http1_rust_nodelay_production_req4096_resp32768_c16_keepalive_ms,6.343389
latency,2,86,http1_rust_nodelay_production_req4096_resp32768_c16_keepalive_ms,1.638455
latency,2,87,http1_rust_nodelay_production_req4096_resp32768_c16_keepalive_ms,1.291891
latency,2,88,http1_rust_nodelay_production_req4096_resp32768_c16_keepalive_ms,1.711416
latency,2,89,http1_rust_nodelay_production_req4096_resp32768_c16_keepalive_ms,1.695757
latency,2,90,http1_rust_nodelay_production_req4096_resp32768_c16_keepalive_ms,1.289890
latency,2,91,http1_rust_nodelay_production_req4096_resp32768_c16_keepalive_ms,1.677966
latency,2,92,http1_rust_nodelay_production_req4096_resp32768_c16_keepalive_ms,1.611735
latency,2,93,http1_rust_nodelay_production_req4096_resp32768_c16_keepalive_ms,1.612516
latency,2,94,http1_rust_nodelay_production_req4096_resp32768_c16_keepalive_ms,1.261859
latency,2,95,http1_rust_nodelay_production_req4096_resp32768_c16_keepalive_ms,1.672477
latency,2,96,http1_rust_nodelay_production_req4096_resp32768_c16_keepalive_ms,1.711686
latency,2,97,http1_rust_nodelay_production_req4096_resp32768_c16_keepalive_ms,1.602325
latency,2,98,http1_rust_nodelay_production_req4096_resp32768_c16_keepalive_ms,1.750128
latency,2,99,http1_rust_nodelay_production_req4096_resp32768_c16_keepalive_ms,1.679956
latency,2,100,http1_rust_nodelay_production_req4096_resp32768_c16_keepalive_ms,1.715757
latency,2,101,http1_rust_nodelay_production_req4096_resp32768_c16_keepalive_ms,1.608675
latency,2,102,http1_rust_nodelay_production_req4096_resp32768_c16_keepalive_ms,1.307271
latency,2,103,http1_rust_nodelay_production_req4096_resp32768_c16_keepalive_ms,1.632645
latency,2,104,http1_rust_nodelay_production_req4096_resp32768_c16_keepalive_ms,1.802948
latency,2,105,http1_rust_nodelay_production_req4096_resp32768_c16_keepalive_ms,1.619086
latency,2,106,http1_rust_nodelay_production_req4096_resp32768_c16_keepalive_ms,1.596994
latency,2,107,http1_rust_nodelay_production_req4096_resp32768_c16_keepalive_ms,1.244900
latency,2,108,http1_rust_nodelay_production_req4096_resp32768_c16_keepalive_ms,1.760107
latency,2,109,http1_rust_nodelay_production_req4096_resp32768_c16_keepalive_ms,1.826519
latency,2,110,http1_rust_nodelay_production_req4096_resp32768_c16_keepalive_ms,1.573765
latency,2,111,http1_rust_nodelay_production_req4096_resp32768_c16_keepalive_ms,1.282660
latency,2,112,http1_rust_nodelay_production_req4096_resp32768_c16_keepalive_ms,1.685446
latency,2,113,http1_rust_nodelay_production_req4096_resp32768_c16_keepalive_ms,10.703977
latency,2,114,http1_rust_nodelay_production_req4096_resp32768_c16_keepalive_ms,1.683217
latency,2,115,http1_rust_nodelay_production_req4096_resp32768_c16_keepalive_ms,1.698446
latency,2,116,http1_rust_nodelay_production_req4096_resp32768_c16_keepalive_ms,1.616045
latency,2,117,http1_rust_nodelay_production_req4096_resp32768_c16_keepalive_ms,1.605776
latency,2,118,http1_rust_nodelay_production_req4096_resp32768_c16_keepalive_ms,1.690886
latency,2,119,http1_rust_nodelay_production_req4096_resp32768_c16_keepalive_ms,1.694526
latency,2,120,http1_rust_nodelay_production_req4096_resp32768_c16_keepalive_ms,1.238910
latency,2,121,http1_rust_nodelay_production_req4096_resp32768_c16_keepalive_ms,1.271809
latency,2,122,http1_rust_nodelay_production_req4096_resp32768_c16_keepalive_ms,1.557335
latency,2,123,http1_rust_nodelay_production_req4096_resp32768_c16_keepalive_ms,1.198869
latency,2,124,http1_rust_nodelay_production_req4096_resp32768_c16_keepalive_ms,9.197153
latency,2,125,http1_rust_nodelay_production_req4096_resp32768_c16_keepalive_ms,1.666896
latency,2,126,http1_rust_nodelay_production_req4096_resp32768_c16_keepalive_ms,10.658427
latency,2,127,http1_rust_nodelay_production_req4096_resp32768_c16_keepalive_ms,1.256890
latency,2,128,http1_rust_nodelay_production_req4096_resp32768_c16_keepalive_ms,1.560794
latency,2,129,http1_rust_nodelay_production_req4096_resp32768_c16_keepalive_ms,1.278200
latency,2,130,http1_rust_nodelay_production_req4096_resp32768_c16_keepalive_ms,1.776468
latency,2,131,http1_rust_nodelay_production_req4096_resp32768_c16_keepalive_ms,1.666696
latency,2,132,http1_rust_nodelay_production_req4096_resp32768_c16_keepalive_ms,1.573684
latency,2,133,http1_rust_nodelay_production_req4096_resp32768_c16_keepalive_ms,1.611516
latency,2,134,http1_rust_nodelay_production_req4096_resp32768_c16_keepalive_ms,1.319360
latency,2,135,http1_rust_nodelay_production_req4096_resp32768_c16_keepalive_ms,1.627666
latency,2,136,http1_rust_nodelay_production_req4096_resp32768_c16_keepalive_ms,1.662886
latency,2,137,http1_rust_nodelay_production_req4096_resp32768_c16_keepalive_ms,1.313190
latency,2,138,http1_rust_nodelay_production_req4096_resp32768_c16_keepalive_ms,1.567825
latency,2,139,http1_rust_nodelay_production_req4096_resp32768_c16_keepalive_ms,1.778318
latency,2,140,http1_rust_nodelay_production_req4096_resp32768_c16_keepalive_ms,1.715106
latency,2,141,http1_rust_nodelay_production_req4096_resp32768_c16_keepalive_ms,1.893970
latency,2,142,http1_rust_nodelay_production_req4096_resp32768_c16_keepalive_ms,0.980315
latency,2,143,http1_rust_nodelay_production_req4096_resp32768_c16_keepalive_ms,1.498414
latency,2,144,http1_rust_nodelay_production_req4096_resp32768_c16_keepalive_ms,1.161118
latency,2,145,http1_rust_nodelay_production_req4096_resp32768_c16_keepalive_ms,1.070496
latency,2,146,http1_rust_nodelay_production_req4096_resp32768_c16_keepalive_ms,1.566615
latency,2,147,http1_rust_nodelay_production_req4096_resp32768_c16_keepalive_ms,1.847459
latency,2,148,http1_rust_nodelay_production_req4096_resp32768_c16_keepalive_ms,1.429512
latency,2,149,http1_rust_nodelay_production_req4096_resp32768_c16_keepalive_ms,1.886010
latency,2,150,http1_rust_nodelay_production_req4096_resp32768_c16_keepalive_ms,1.070757
latency,2,151,http1_rust_nodelay_production_req4096_resp32768_c16_keepalive_ms,1.466792
latency,2,152,http1_rust_nodelay_production_req4096_resp32768_c16_keepalive_ms,1.939061
latency,2,153,http1_rust_nodelay_production_req4096_resp32768_c16_keepalive_ms,1.137958
latency,2,154,http1_rust_nodelay_production_req4096_resp32768_c16_keepalive_ms,1.021385
latency,2,155,http1_rust_nodelay_production_req4096_resp32768_c16_keepalive_ms,1.857610
latency,2,156,http1_rust_nodelay_production_req4096_resp32768_c16_keepalive_ms,0.768432
latency,2,157,http1_rust_nodelay_production_req4096_resp32768_c16_keepalive_ms,1.305890
latency,2,158,http1_rust_nodelay_production_req4096_resp32768_c16_keepalive_ms,0.750552
latency,2,159,http1_rust_nodelay_production_req4096_resp32768_c16_keepalive_ms,1.024546
latency,2,640,http1_rust_nodelay_production_req4096_resp32768_c16_keepalive_ms,0.785722
latency,2,641,http1_rust_nodelay_production_req4096_resp32768_c16_keepalive_ms,1.917411
latency,2,642,http1_rust_nodelay_production_req4096_resp32768_c16_keepalive_ms,1.897259
latency,2,643,http1_rust_nodelay_production_req4096_resp32768_c16_keepalive_ms,1.779028
latency,2,644,http1_rust_nodelay_production_req4096_resp32768_c16_keepalive_ms,2.013831
latency,2,645,http1_rust_nodelay_production_req4096_resp32768_c16_keepalive_ms,1.835429
latency,2,646,http1_rust_nodelay_production_req4096_resp32768_c16_keepalive_ms,1.714117
latency,2,647,http1_rust_nodelay_production_req4096_resp32768_c16_keepalive_ms,1.681686
latency,2,648,http1_rust_nodelay_production_req4096_resp32768_c16_keepalive_ms,1.304411
latency,2,649,http1_rust_nodelay_production_req4096_resp32768_c16_keepalive_ms,1.625585
latency,2,650,http1_rust_nodelay_production_req4096_resp32768_c16_keepalive_ms,1.270990
latency,2,651,http1_rust_nodelay_production_req4096_resp32768_c16_keepalive_ms,1.693986
latency,2,652,http1_rust_nodelay_production_req4096_resp32768_c16_keepalive_ms,1.728777
latency,2,653,http1_rust_nodelay_production_req4096_resp32768_c16_keepalive_ms,1.272020
latency,2,654,http1_rust_nodelay_production_req4096_resp32768_c16_keepalive_ms,1.163548
latency,2,655,http1_rust_nodelay_production_req4096_resp32768_c16_keepalive_ms,1.602786
latency,2,656,http1_rust_nodelay_production_req4096_resp32768_c16_keepalive_ms,1.658375
latency,2,657,http1_rust_nodelay_production_req4096_resp32768_c16_keepalive_ms,1.559635
latency,2,658,http1_rust_nodelay_production_req4096_resp32768_c16_keepalive_ms,1.732977
latency,2,659,http1_rust_nodelay_production_req4096_resp32768_c16_keepalive_ms,9.891445
latency,2,660,http1_rust_nodelay_production_req4096_resp32768_c16_keepalive_ms,1.260829
latency,2,661,http1_rust_nodelay_production_req4096_resp32768_c16_keepalive_ms,4.336268
latency,2,662,http1_rust_nodelay_production_req4096_resp32768_c16_keepalive_ms,1.626205
latency,2,663,http1_rust_nodelay_production_req4096_resp32768_c16_keepalive_ms,1.656936
latency,2,664,http1_rust_nodelay_production_req4096_resp32768_c16_keepalive_ms,1.269200
latency,2,665,http1_rust_nodelay_production_req4096_resp32768_c16_keepalive_ms,1.748037
latency,2,666,http1_rust_nodelay_production_req4096_resp32768_c16_keepalive_ms,1.242040
latency,2,667,http1_rust_nodelay_production_req4096_resp32768_c16_keepalive_ms,1.682246
latency,2,668,http1_rust_nodelay_production_req4096_resp32768_c16_keepalive_ms,1.657266
latency,2,669,http1_rust_nodelay_production_req4096_resp32768_c16_keepalive_ms,1.324901
latency,2,670,http1_rust_nodelay_production_req4096_resp32768_c16_keepalive_ms,1.636616
latency,2,671,http1_rust_nodelay_production_req4096_resp32768_c16_keepalive_ms,1.322670
latency,2,672,http1_rust_nodelay_production_req4096_resp32768_c16_keepalive_ms,1.654796
latency,2,673,http1_rust_nodelay_production_req4096_resp32768_c16_keepalive_ms,1.869099
latency,2,674,http1_rust_nodelay_production_req4096_resp32768_c16_keepalive_ms,1.721047
latency,2,675,http1_rust_nodelay_production_req4096_resp32768_c16_keepalive_ms,1.657346
latency,2,676,http1_rust_nodelay_production_req4096_resp32768_c16_keepalive_ms,1.334701
latency,2,677,http1_rust_nodelay_production_req4096_resp32768_c16_keepalive_ms,1.600665
latency,2,678,http1_rust_nodelay_production_req4096_resp32768_c16_keepalive_ms,1.650516
latency,2,679,http1_rust_nodelay_production_req4096_resp32768_c16_keepalive_ms,1.720766
latency,2,680,http1_rust_nodelay_production_req4096_resp32768_c16_keepalive_ms,10.972482
latency,2,681,http1_rust_nodelay_production_req4096_resp32768_c16_keepalive_ms,1.618855
latency,2,682,http1_rust_nodelay_production_req4096_resp32768_c16_keepalive_ms,1.681876
latency,2,683,http1_rust_nodelay_production_req4096_resp32768_c16_keepalive_ms,1.660776
latency,2,684,http1_rust_nodelay_production_req4096_resp32768_c16_keepalive_ms,1.334091
latency,2,685,http1_rust_nodelay_production_req4096_resp32768_c16_keepalive_ms,1.265300
latency,2,686,http1_rust_nodelay_production_req4096_resp32768_c16_keepalive_ms,1.572555
latency,2,687,http1_rust_nodelay_production_req4096_resp32768_c16_keepalive_ms,1.675396
latency,2,688,http1_rust_nodelay_production_req4096_resp32768_c16_keepalive_ms,10.621246
latency,2,689,http1_rust_nodelay_production_req4096_resp32768_c16_keepalive_ms,1.664536
latency,2,690,http1_rust_nodelay_production_req4096_resp32768_c16_keepalive_ms,1.719377
latency,2,691,http1_rust_nodelay_production_req4096_resp32768_c16_keepalive_ms,1.666666
latency,2,692,http1_rust_nodelay_production_req4096_resp32768_c16_keepalive_ms,1.537564
latency,2,693,http1_rust_nodelay_production_req4096_resp32768_c16_keepalive_ms,1.811598
latency,2,694,http1_rust_nodelay_production_req4096_resp32768_c16_keepalive_ms,1.628345
latency,2,695,http1_rust_nodelay_production_req4096_resp32768_c16_keepalive_ms,1.726958
latency,2,696,http1_rust_nodelay_production_req4096_resp32768_c16_keepalive_ms,1.686246
latency,2,697,http1_rust_nodelay_production_req4096_resp32768_c16_keepalive_ms,1.992741
latency,2,698,http1_rust_nodelay_production_req4096_resp32768_c16_keepalive_ms,1.322131
latency,2,699,http1_rust_nodelay_production_req4096_resp32768_c16_keepalive_ms,1.702577
latency,2,700,http1_rust_nodelay_production_req4096_resp32768_c16_keepalive_ms,1.621675
latency,2,701,http1_rust_nodelay_production_req4096_resp32768_c16_keepalive_ms,2.034252
latency,2,702,http1_rust_nodelay_production_req4096_resp32768_c16_keepalive_ms,1.205269
latency,2,703,http1_rust_nodelay_production_req4096_resp32768_c16_keepalive_ms,1.518303
latency,2,704,http1_rust_nodelay_production_req4096_resp32768_c16_keepalive_ms,1.487063
latency,2,705,http1_rust_nodelay_production_req4096_resp32768_c16_keepalive_ms,1.490884
latency,2,706,http1_rust_nodelay_production_req4096_resp32768_c16_keepalive_ms,1.883319
latency,2,707,http1_rust_nodelay_production_req4096_resp32768_c16_keepalive_ms,1.102237
latency,2,708,http1_rust_nodelay_production_req4096_resp32768_c16_keepalive_ms,1.880350
latency,2,709,http1_rust_nodelay_production_req4096_resp32768_c16_keepalive_ms,1.378151
latency,2,710,http1_rust_nodelay_production_req4096_resp32768_c16_keepalive_ms,2.264246
latency,2,711,http1_rust_nodelay_production_req4096_resp32768_c16_keepalive_ms,1.550314
latency,2,712,http1_rust_nodelay_production_req4096_resp32768_c16_keepalive_ms,1.334691
latency,2,713,http1_rust_nodelay_production_req4096_resp32768_c16_keepalive_ms,1.621205
latency,2,714,http1_rust_nodelay_production_req4096_resp32768_c16_keepalive_ms,0.960215
latency,2,715,http1_rust_nodelay_production_req4096_resp32768_c16_keepalive_ms,1.118398
latency,2,716,http1_rust_nodelay_production_req4096_resp32768_c16_keepalive_ms,1.232799
latency,2,717,http1_rust_nodelay_production_req4096_resp32768_c16_keepalive_ms,1.003846
latency,2,718,http1_rust_nodelay_production_req4096_resp32768_c16_keepalive_ms,0.776222
latency,2,719,http1_rust_nodelay_production_req4096_resp32768_c16_keepalive_ms,0.613229
latency,2,1200,http1_rust_nodelay_production_req4096_resp32768_c16_keepalive_ms,7.639299
latency,2,1201,http1_rust_nodelay_production_req4096_resp32768_c16_keepalive_ms,1.938010
latency,2,1202,http1_rust_nodelay_production_req4096_resp32768_c16_keepalive_ms,1.387652
latency,2,1203,http1_rust_nodelay_production_req4096_resp32768_c16_keepalive_ms,1.313501
latency,2,1204,http1_rust_nodelay_production_req4096_resp32768_c16_keepalive_ms,1.617505
latency,2,1205,http1_rust_nodelay_production_req4096_resp32768_c16_keepalive_ms,1.302970
latency,2,1206,http1_rust_nodelay_production_req4096_resp32768_c16_keepalive_ms,1.681897
latency,2,1207,http1_rust_nodelay_production_req4096_resp32768_c16_keepalive_ms,1.312100
latency,2,1208,http1_rust_nodelay_production_req4096_resp32768_c16_keepalive_ms,1.697837
latency,2,1209,http1_rust_nodelay_production_req4096_resp32768_c16_keepalive_ms,1.646286
latency,2,1210,http1_rust_nodelay_production_req4096_resp32768_c16_keepalive_ms,1.687716
latency,2,1211,http1_rust_nodelay_production_req4096_resp32768_c16_keepalive_ms,1.568334
latency,2,1212,http1_rust_nodelay_production_req4096_resp32768_c16_keepalive_ms,1.302121
latency,2,1213,http1_rust_nodelay_production_req4096_resp32768_c16_keepalive_ms,1.626205
latency,2,1214,http1_rust_nodelay_production_req4096_resp32768_c16_keepalive_ms,1.680846
latency,2,1215,http1_rust_nodelay_production_req4096_resp32768_c16_keepalive_ms,1.643026
latency,2,1216,http1_rust_nodelay_production_req4096_resp32768_c16_keepalive_ms,1.631015
latency,2,1217,http1_rust_nodelay_production_req4096_resp32768_c16_keepalive_ms,1.344742
latency,2,1218,http1_rust_nodelay_production_req4096_resp32768_c16_keepalive_ms,1.634215
latency,2,1219,http1_rust_nodelay_production_req4096_resp32768_c16_keepalive_ms,1.281910
latency,2,1220,http1_rust_nodelay_production_req4096_resp32768_c16_keepalive_ms,1.610115
latency,2,1221,http1_rust_nodelay_production_req4096_resp32768_c16_keepalive_ms,1.716237
latency,2,1222,http1_rust_nodelay_production_req4096_resp32768_c16_keepalive_ms,1.705977
latency,2,1223,http1_rust_nodelay_production_req4096_resp32768_c16_keepalive_ms,7.257013
latency,2,1224,http1_rust_nodelay_production_req4096_resp32768_c16_keepalive_ms,1.802758
latency,2,1225,http1_rust_nodelay_production_req4096_resp32768_c16_keepalive_ms,1.612746
latency,2,1226,http1_rust_nodelay_production_req4096_resp32768_c16_keepalive_ms,1.309620
latency,2,1227,http1_rust_nodelay_production_req4096_resp32768_c16_keepalive_ms,10.396773
latency,2,1228,http1_rust_nodelay_production_req4096_resp32768_c16_keepalive_ms,1.695436
latency,2,1229,http1_rust_nodelay_production_req4096_resp32768_c16_keepalive_ms,1.594865
latency,2,1230,http1_rust_nodelay_production_req4096_resp32768_c16_keepalive_ms,1.670596
latency,2,1231,http1_rust_nodelay_production_req4096_resp32768_c16_keepalive_ms,9.896885
latency,2,1232,http1_rust_nodelay_production_req4096_resp32768_c16_keepalive_ms,1.276170
latency,2,1233,http1_rust_nodelay_production_req4096_resp32768_c16_keepalive_ms,1.239219
latency,2,1234,http1_rust_nodelay_production_req4096_resp32768_c16_keepalive_ms,1.674086
latency,2,1235,http1_rust_nodelay_production_req4096_resp32768_c16_keepalive_ms,1.661006
latency,2,1236,http1_rust_nodelay_production_req4096_resp32768_c16_keepalive_ms,1.237360
latency,2,1237,http1_rust_nodelay_production_req4096_resp32768_c16_keepalive_ms,1.679966
latency,2,1238,http1_rust_nodelay_production_req4096_resp32768_c16_keepalive_ms,1.651986
latency,2,1239,http1_rust_nodelay_production_req4096_resp32768_c16_keepalive_ms,1.328730
latency,2,1240,http1_rust_nodelay_production_req4096_resp32768_c16_keepalive_ms,1.627136
latency,2,1241,http1_rust_nodelay_production_req4096_resp32768_c16_keepalive_ms,1.352771
latency,2,1242,http1_rust_nodelay_production_req4096_resp32768_c16_keepalive_ms,1.641706
latency,2,1243,http1_rust_nodelay_production_req4096_resp32768_c16_keepalive_ms,1.306510
latency,2,1244,http1_rust_nodelay_production_req4096_resp32768_c16_keepalive_ms,1.613325
latency,2,1245,http1_rust_nodelay_production_req4096_resp32768_c16_keepalive_ms,1.678877
latency,2,1246,http1_rust_nodelay_production_req4096_resp32768_c16_keepalive_ms,1.800418
latency,2,1247,http1_rust_nodelay_production_req4096_resp32768_c16_keepalive_ms,1.635315
latency,2,1248,http1_rust_nodelay_production_req4096_resp32768_c16_keepalive_ms,1.646256
latency,2,1249,http1_rust_nodelay_production_req4096_resp32768_c16_keepalive_ms,1.265320
latency,2,1250,http1_rust_nodelay_production_req4096_resp32768_c16_keepalive_ms,1.634335
latency,2,1251,http1_rust_nodelay_production_req4096_resp32768_c16_keepalive_ms,1.341521
latency,2,1252,http1_rust_nodelay_production_req4096_resp32768_c16_keepalive_ms,1.651536
latency,2,1253,http1_rust_nodelay_production_req4096_resp32768_c16_keepalive_ms,1.525784
latency,2,1254,http1_rust_nodelay_production_req4096_resp32768_c16_keepalive_ms,1.668836
latency,2,1255,http1_rust_nodelay_production_req4096_resp32768_c16_keepalive_ms,1.316811
latency,2,1256,http1_rust_nodelay_production_req4096_resp32768_c16_keepalive_ms,1.638645
latency,2,1257,http1_rust_nodelay_production_req4096_resp32768_c16_keepalive_ms,1.684397
latency,2,1258,http1_rust_nodelay_production_req4096_resp32768_c16_keepalive_ms,1.274150
latency,2,1259,http1_rust_nodelay_production_req4096_resp32768_c16_keepalive_ms,1.408351
latency,2,1260,http1_rust_nodelay_production_req4096_resp32768_c16_keepalive_ms,1.808599
latency,2,1261,http1_rust_nodelay_production_req4096_resp32768_c16_keepalive_ms,1.524344
latency,2,1262,http1_rust_nodelay_production_req4096_resp32768_c16_keepalive_ms,1.624425
latency,2,1263,http1_rust_nodelay_production_req4096_resp32768_c16_keepalive_ms,2.034192
latency,2,1264,http1_rust_nodelay_production_req4096_resp32768_c16_keepalive_ms,1.497173
latency,2,1265,http1_rust_nodelay_production_req4096_resp32768_c16_keepalive_ms,1.226279
latency,2,1266,http1_rust_nodelay_production_req4096_resp32768_c16_keepalive_ms,1.482684
latency,2,1267,http1_rust_nodelay_production_req4096_resp32768_c16_keepalive_ms,1.570704
latency,2,1268,http1_rust_nodelay_production_req4096_resp32768_c16_keepalive_ms,1.593555
latency,2,1269,http1_rust_nodelay_production_req4096_resp32768_c16_keepalive_ms,1.392902
latency,2,1270,http1_rust_nodelay_production_req4096_resp32768_c16_keepalive_ms,1.878659
latency,2,1271,http1_rust_nodelay_production_req4096_resp32768_c16_keepalive_ms,1.377732
latency,2,1272,http1_rust_nodelay_production_req4096_resp32768_c16_keepalive_ms,2.265285
latency,2,1273,http1_rust_nodelay_production_req4096_resp32768_c16_keepalive_ms,1.550084
latency,2,1274,http1_rust_nodelay_production_req4096_resp32768_c16_keepalive_ms,1.334251
latency,2,1275,http1_rust_nodelay_production_req4096_resp32768_c16_keepalive_ms,6.106246
latency,2,1276,http1_rust_nodelay_production_req4096_resp32768_c16_keepalive_ms,0.745091
latency,2,1277,http1_rust_nodelay_production_req4096_resp32768_c16_keepalive_ms,0.965525
latency,2,1278,http1_rust_nodelay_production_req4096_resp32768_c16_keepalive_ms,0.552289
latency,2,1279,http1_rust_nodelay_production_req4096_resp32768_c16_keepalive_ms,0.469168
latency,2,880,http1_rust_nodelay_production_req4096_resp32768_c16_keepalive_ms,1.731768
latency,2,881,http1_rust_nodelay_production_req4096_resp32768_c16_keepalive_ms,1.875079
latency,2,882,http1_rust_nodelay_production_req4096_resp32768_c16_keepalive_ms,1.685226
latency,2,883,http1_rust_nodelay_production_req4096_resp32768_c16_keepalive_ms,1.365042
latency,2,884,http1_rust_nodelay_production_req4096_resp32768_c16_keepalive_ms,1.498493
latency,2,885,http1_rust_nodelay_production_req4096_resp32768_c16_keepalive_ms,1.736417
latency,2,886,http1_rust_nodelay_production_req4096_resp32768_c16_keepalive_ms,1.751398
latency,2,887,http1_rust_nodelay_production_req4096_resp32768_c16_keepalive_ms,1.697646
latency,2,888,http1_rust_nodelay_production_req4096_resp32768_c16_keepalive_ms,1.721837
latency,2,889,http1_rust_nodelay_production_req4096_resp32768_c16_keepalive_ms,1.266360
latency,2,890,http1_rust_nodelay_production_req4096_resp32768_c16_keepalive_ms,1.628965
latency,2,891,http1_rust_nodelay_production_req4096_resp32768_c16_keepalive_ms,1.694597
latency,2,892,http1_rust_nodelay_production_req4096_resp32768_c16_keepalive_ms,8.873978
latency,2,893,http1_rust_nodelay_production_req4096_resp32768_c16_keepalive_ms,1.733058
latency,2,894,http1_rust_nodelay_production_req4096_resp32768_c16_keepalive_ms,1.257759
latency,2,895,http1_rust_nodelay_production_req4096_resp32768_c16_keepalive_ms,1.652196
latency,2,896,http1_rust_nodelay_production_req4096_resp32768_c16_keepalive_ms,1.703327
latency,2,897,http1_rust_nodelay_production_req4096_resp32768_c16_keepalive_ms,1.645585
latency,2,898,http1_rust_nodelay_production_req4096_resp32768_c16_keepalive_ms,1.373292
latency,2,899,http1_rust_nodelay_production_req4096_resp32768_c16_keepalive_ms,1.580585
latency,2,900,http1_rust_nodelay_production_req4096_resp32768_c16_keepalive_ms,1.596804
latency,2,901,http1_rust_nodelay_production_req4096_resp32768_c16_keepalive_ms,1.635396
latency,2,902,http1_rust_nodelay_production_req4096_resp32768_c16_keepalive_ms,13.694404
latency,2,903,http1_rust_nodelay_production_req4096_resp32768_c16_keepalive_ms,1.726397
latency,2,904,http1_rust_nodelay_production_req4096_resp32768_c16_keepalive_ms,1.745317
latency,2,905,http1_rust_nodelay_production_req4096_resp32768_c16_keepalive_ms,1.651136
latency,2,906,http1_rust_nodelay_production_req4096_resp32768_c16_keepalive_ms,1.747968
latency,2,907,http1_rust_nodelay_production_req4096_resp32768_c16_keepalive_ms,1.844518
latency,2,908,http1_rust_nodelay_production_req4096_resp32768_c16_keepalive_ms,1.758998
latency,2,909,http1_rust_nodelay_production_req4096_resp32768_c16_keepalive_ms,1.655896
latency,2,910,http1_rust_nodelay_production_req4096_resp32768_c16_keepalive_ms,1.761247
latency,2,911,http1_rust_nodelay_production_req4096_resp32768_c16_keepalive_ms,1.682626
latency,2,912,http1_rust_nodelay_production_req4096_resp32768_c16_keepalive_ms,1.659727
latency,2,913,http1_rust_nodelay_production_req4096_resp32768_c16_keepalive_ms,1.670105
latency,2,914,http1_rust_nodelay_production_req4096_resp32768_c16_keepalive_ms,1.363092
latency,2,915,http1_rust_nodelay_production_req4096_resp32768_c16_keepalive_ms,1.594195
latency,2,916,http1_rust_nodelay_production_req4096_resp32768_c16_keepalive_ms,1.620235
latency,2,917,http1_rust_nodelay_production_req4096_resp32768_c16_keepalive_ms,1.248000
latency,2,918,http1_rust_nodelay_production_req4096_resp32768_c16_keepalive_ms,1.549844
latency,2,919,http1_rust_nodelay_production_req4096_resp32768_c16_keepalive_ms,1.339321
latency,2,920,http1_rust_nodelay_production_req4096_resp32768_c16_keepalive_ms,1.511063
latency,2,921,http1_rust_nodelay_production_req4096_resp32768_c16_keepalive_ms,1.625006
latency,2,922,http1_rust_nodelay_production_req4096_resp32768_c16_keepalive_ms,1.722236
latency,2,923,http1_rust_nodelay_production_req4096_resp32768_c16_keepalive_ms,1.300320
latency,2,924,http1_rust_nodelay_production_req4096_resp32768_c16_keepalive_ms,1.698477
latency,2,925,http1_rust_nodelay_production_req4096_resp32768_c16_keepalive_ms,1.252229
latency,2,926,http1_rust_nodelay_production_req4096_resp32768_c16_keepalive_ms,1.285140
latency,2,927,http1_rust_nodelay_production_req4096_resp32768_c16_keepalive_ms,1.609235
latency,2,928,http1_rust_nodelay_production_req4096_resp32768_c16_keepalive_ms,1.688987
latency,2,929,http1_rust_nodelay_production_req4096_resp32768_c16_keepalive_ms,1.308630
latency,2,930,http1_rust_nodelay_production_req4096_resp32768_c16_keepalive_ms,1.765528
latency,2,931,http1_rust_nodelay_production_req4096_resp32768_c16_keepalive_ms,1.273600
latency,2,932,http1_rust_nodelay_production_req4096_resp32768_c16_keepalive_ms,1.283900
latency,2,933,http1_rust_nodelay_production_req4096_resp32768_c16_keepalive_ms,1.604915
latency,2,934,http1_rust_nodelay_production_req4096_resp32768_c16_keepalive_ms,1.684356
latency,2,935,http1_rust_nodelay_production_req4096_resp32768_c16_keepalive_ms,1.665016
latency,2,936,http1_rust_nodelay_production_req4096_resp32768_c16_keepalive_ms,10.397503
latency,2,937,http1_rust_nodelay_production_req4096_resp32768_c16_keepalive_ms,1.636985
latency,2,938,http1_rust_nodelay_production_req4096_resp32768_c16_keepalive_ms,11.229696
latency,2,939,http1_rust_nodelay_production_req4096_resp32768_c16_keepalive_ms,1.188158
latency,2,940,http1_rust_nodelay_production_req4096_resp32768_c16_keepalive_ms,1.509224
latency,2,941,http1_rust_nodelay_production_req4096_resp32768_c16_keepalive_ms,1.881980
latency,2,942,http1_rust_nodelay_production_req4096_resp32768_c16_keepalive_ms,1.381491
latency,2,943,http1_rust_nodelay_production_req4096_resp32768_c16_keepalive_ms,1.520614
latency,2,944,http1_rust_nodelay_production_req4096_resp32768_c16_keepalive_ms,1.079817
latency,2,945,http1_rust_nodelay_production_req4096_resp32768_c16_keepalive_ms,1.842708
latency,2,946,http1_rust_nodelay_production_req4096_resp32768_c16_keepalive_ms,1.812119
latency,2,947,http1_rust_nodelay_production_req4096_resp32768_c16_keepalive_ms,1.084517
latency,2,948,http1_rust_nodelay_production_req4096_resp32768_c16_keepalive_ms,1.015395
latency,2,949,http1_rust_nodelay_production_req4096_resp32768_c16_keepalive_ms,1.758008
latency,2,950,http1_rust_nodelay_production_req4096_resp32768_c16_keepalive_ms,0.783772
latency,2,951,http1_rust_nodelay_production_req4096_resp32768_c16_keepalive_ms,1.346132
latency,2,952,http1_rust_nodelay_production_req4096_resp32768_c16_keepalive_ms,1.008115
latency,2,953,http1_rust_nodelay_production_req4096_resp32768_c16_keepalive_ms,1.200869
latency,2,954,http1_rust_nodelay_production_req4096_resp32768_c16_keepalive_ms,0.594599
latency,2,955,http1_rust_nodelay_production_req4096_resp32768_c16_keepalive_ms,0.982856
latency,2,956,http1_rust_nodelay_production_req4096_resp32768_c16_keepalive_ms,0.551878
latency,2,957,http1_rust_nodelay_production_req4096_resp32768_c16_keepalive_ms,0.468278
latency,2,958,http1_rust_nodelay_production_req4096_resp32768_c16_keepalive_ms,0.550838
latency,2,959,http1_rust_nodelay_production_req4096_resp32768_c16_keepalive_ms,0.384376
latency,2,240,http1_rust_nodelay_production_req4096_resp32768_c16_keepalive_ms,1.461173
latency,2,241,http1_rust_nodelay_production_req4096_resp32768_c16_keepalive_ms,1.831589
latency,2,242,http1_rust_nodelay_production_req4096_resp32768_c16_keepalive_ms,1.724306
latency,2,243,http1_rust_nodelay_production_req4096_resp32768_c16_keepalive_ms,1.881400
latency,2,244,http1_rust_nodelay_production_req4096_resp32768_c16_keepalive_ms,1.865879
latency,2,245,http1_rust_nodelay_production_req4096_resp32768_c16_keepalive_ms,1.775738
latency,2,246,http1_rust_nodelay_production_req4096_resp32768_c16_keepalive_ms,8.689996
latency,2,247,http1_rust_nodelay_production_req4096_resp32768_c16_keepalive_ms,1.670236
latency,2,248,http1_rust_nodelay_production_req4096_resp32768_c16_keepalive_ms,1.756367
latency,2,249,http1_rust_nodelay_production_req4096_resp32768_c16_keepalive_ms,1.576045
latency,2,250,http1_rust_nodelay_production_req4096_resp32768_c16_keepalive_ms,1.650386
latency,2,251,http1_rust_nodelay_production_req4096_resp32768_c16_keepalive_ms,1.601585
latency,2,252,http1_rust_nodelay_production_req4096_resp32768_c16_keepalive_ms,0.836763
latency,2,253,http1_rust_nodelay_production_req4096_resp32768_c16_keepalive_ms,1.622865
latency,2,254,http1_rust_nodelay_production_req4096_resp32768_c16_keepalive_ms,1.313961
latency,2,255,http1_rust_nodelay_production_req4096_resp32768_c16_keepalive_ms,1.290940
latency,2,256,http1_rust_nodelay_production_req4096_resp32768_c16_keepalive_ms,1.360061
latency,2,257,http1_rust_nodelay_production_req4096_resp32768_c16_keepalive_ms,1.637146
latency,2,258,http1_rust_nodelay_production_req4096_resp32768_c16_keepalive_ms,1.278710
latency,2,259,http1_rust_nodelay_production_req4096_resp32768_c16_keepalive_ms,1.613065
latency,2,260,http1_rust_nodelay_production_req4096_resp32768_c16_keepalive_ms,4.774005
latency,2,261,http1_rust_nodelay_production_req4096_resp32768_c16_keepalive_ms,1.249339
latency,2,262,http1_rust_nodelay_production_req4096_resp32768_c16_keepalive_ms,1.599765
latency,2,263,http1_rust_nodelay_production_req4096_resp32768_c16_keepalive_ms,1.782198
latency,2,264,http1_rust_nodelay_production_req4096_resp32768_c16_keepalive_ms,4.241176
latency,2,265,http1_rust_nodelay_production_req4096_resp32768_c16_keepalive_ms,1.633956
latency,2,266,http1_rust_nodelay_production_req4096_resp32768_c16_keepalive_ms,1.668246
latency,2,267,http1_rust_nodelay_production_req4096_resp32768_c16_keepalive_ms,1.705886
latency,2,268,http1_rust_nodelay_production_req4096_resp32768_c16_keepalive_ms,1.342422
latency,2,269,http1_rust_nodelay_production_req4096_resp32768_c16_keepalive_ms,4.248106
latency,2,270,http1_rust_nodelay_production_req4096_resp32768_c16_keepalive_ms,1.843229
latency,2,271,http1_rust_nodelay_production_req4096_resp32768_c16_keepalive_ms,1.747977
latency,2,272,http1_rust_nodelay_production_req4096_resp32768_c16_keepalive_ms,1.730587
latency,2,273,http1_rust_nodelay_production_req4096_resp32768_c16_keepalive_ms,1.319641
latency,2,274,http1_rust_nodelay_production_req4096_resp32768_c16_keepalive_ms,1.691296
latency,2,275,http1_rust_nodelay_production_req4096_resp32768_c16_keepalive_ms,1.272390
latency,2,276,http1_rust_nodelay_production_req4096_resp32768_c16_keepalive_ms,10.568225
latency,2,277,http1_rust_nodelay_production_req4096_resp32768_c16_keepalive_ms,1.693097
latency,2,278,http1_rust_nodelay_production_req4096_resp32768_c16_keepalive_ms,1.626875
latency,2,279,http1_rust_nodelay_production_req4096_resp32768_c16_keepalive_ms,1.665066
latency,2,280,http1_rust_nodelay_production_req4096_resp32768_c16_keepalive_ms,1.256750
latency,2,281,http1_rust_nodelay_production_req4096_resp32768_c16_keepalive_ms,1.683926
latency,2,282,http1_rust_nodelay_production_req4096_resp32768_c16_keepalive_ms,1.311611
latency,2,283,http1_rust_nodelay_production_req4096_resp32768_c16_keepalive_ms,1.673656
latency,2,284,http1_rust_nodelay_production_req4096_resp32768_c16_keepalive_ms,1.733487
latency,2,285,http1_rust_nodelay_production_req4096_resp32768_c16_keepalive_ms,1.741357
latency,2,286,http1_rust_nodelay_production_req4096_resp32768_c16_keepalive_ms,1.652596
latency,2,287,http1_rust_nodelay_production_req4096_resp32768_c16_keepalive_ms,1.688356
latency,2,288,http1_rust_nodelay_production_req4096_resp32768_c16_keepalive_ms,8.987411
latency,2,289,http1_rust_nodelay_production_req4096_resp32768_c16_keepalive_ms,1.265520
latency,2,290,http1_rust_nodelay_production_req4096_resp32768_c16_keepalive_ms,10.672696
latency,2,291,http1_rust_nodelay_production_req4096_resp32768_c16_keepalive_ms,1.810019
latency,2,292,http1_rust_nodelay_production_req4096_resp32768_c16_keepalive_ms,1.728757
latency,2,293,http1_rust_nodelay_production_req4096_resp32768_c16_keepalive_ms,1.565804
latency,2,294,http1_rust_nodelay_production_req4096_resp32768_c16_keepalive_ms,2.034612
latency,2,295,http1_rust_nodelay_production_req4096_resp32768_c16_keepalive_ms,1.205819
latency,2,296,http1_rust_nodelay_production_req4096_resp32768_c16_keepalive_ms,1.517773
latency,2,297,http1_rust_nodelay_production_req4096_resp32768_c16_keepalive_ms,1.486894
latency,2,298,http1_rust_nodelay_production_req4096_resp32768_c16_keepalive_ms,1.525384
latency,2,299,http1_rust_nodelay_production_req4096_resp32768_c16_keepalive_ms,1.614235
latency,2,300,http1_rust_nodelay_production_req4096_resp32768_c16_keepalive_ms,1.387181
latency,2,301,http1_rust_nodelay_production_req4096_resp32768_c16_keepalive_ms,1.880240
latency,2,302,http1_rust_nodelay_production_req4096_resp32768_c16_keepalive_ms,1.130327
latency,2,303,http1_rust_nodelay_production_req4096_resp32768_c16_keepalive_ms,2.199095
latency,2,304,http1_rust_nodelay_production_req4096_resp32768_c16_keepalive_ms,1.547974
latency,2,305,http1_rust_nodelay_production_req4096_resp32768_c16_keepalive_ms,1.009876
latency,2,306,http1_rust_nodelay_production_req4096_resp32768_c16_keepalive_ms,0.978805
latency,2,307,http1_rust_nodelay_production_req4096_resp32768_c16_keepalive_ms,1.719417
latency,2,308,http1_rust_nodelay_production_req4096_resp32768_c16_keepalive_ms,0.762642
latency,2,309,http1_rust_nodelay_production_req4096_resp32768_c16_keepalive_ms,1.326801
latency,2,310,http1_rust_nodelay_production_req4096_resp32768_c16_keepalive_ms,1.075376
latency,2,311,http1_rust_nodelay_production_req4096_resp32768_c16_keepalive_ms,1.002486
latency,2,312,http1_rust_nodelay_production_req4096_resp32768_c16_keepalive_ms,0.712041
latency,2,313,http1_rust_nodelay_production_req4096_resp32768_c16_keepalive_ms,0.805353
latency,2,314,http1_rust_nodelay_production_req4096_resp32768_c16_keepalive_ms,0.552339
latency,2,315,http1_rust_nodelay_production_req4096_resp32768_c16_keepalive_ms,0.469547
latency,2,316,http1_rust_nodelay_production_req4096_resp32768_c16_keepalive_ms,0.548429
latency,2,317,http1_rust_nodelay_production_req4096_resp32768_c16_keepalive_ms,0.314584
latency,2,318,http1_rust_nodelay_production_req4096_resp32768_c16_keepalive_ms,0.385296
latency,2,319,http1_rust_nodelay_production_req4096_resp32768_c16_keepalive_ms,0.318805
latency,2,800,http1_rust_nodelay_production_req4096_resp32768_c16_keepalive_ms,1.589995
latency,2,801,http1_rust_nodelay_production_req4096_resp32768_c16_keepalive_ms,1.831239
latency,2,802,http1_rust_nodelay_production_req4096_resp32768_c16_keepalive_ms,1.763517
latency,2,803,http1_rust_nodelay_production_req4096_resp32768_c16_keepalive_ms,1.694717
latency,2,804,http1_rust_nodelay_production_req4096_resp32768_c16_keepalive_ms,1.837038
latency,2,805,http1_rust_nodelay_production_req4096_resp32768_c16_keepalive_ms,1.740657
latency,2,806,http1_rust_nodelay_production_req4096_resp32768_c16_keepalive_ms,0.960326
latency,2,807,http1_rust_nodelay_production_req4096_resp32768_c16_keepalive_ms,1.659265
latency,2,808,http1_rust_nodelay_production_req4096_resp32768_c16_keepalive_ms,1.253190
latency,2,809,http1_rust_nodelay_production_req4096_resp32768_c16_keepalive_ms,1.698687
latency,2,810,http1_rust_nodelay_production_req4096_resp32768_c16_keepalive_ms,1.662756
latency,2,811,http1_rust_nodelay_production_req4096_resp32768_c16_keepalive_ms,1.754787
latency,2,812,http1_rust_nodelay_production_req4096_resp32768_c16_keepalive_ms,1.668426
latency,2,813,http1_rust_nodelay_production_req4096_resp32768_c16_keepalive_ms,1.262790
latency,2,814,http1_rust_nodelay_production_req4096_resp32768_c16_keepalive_ms,1.623585
latency,2,815,http1_rust_nodelay_production_req4096_resp32768_c16_keepalive_ms,1.269690
latency,2,816,http1_rust_nodelay_production_req4096_resp32768_c16_keepalive_ms,1.581985
latency,2,817,http1_rust_nodelay_production_req4096_resp32768_c16_keepalive_ms,10.826009
latency,2,818,http1_rust_nodelay_production_req4096_resp32768_c16_keepalive_ms,1.754607
latency,2,819,http1_rust_nodelay_production_req4096_resp32768_c16_keepalive_ms,1.714717
latency,2,820,http1_rust_nodelay_production_req4096_resp32768_c16_keepalive_ms,1.785298
latency,2,821,http1_rust_nodelay_production_req4096_resp32768_c16_keepalive_ms,1.627016
latency,2,822,http1_rust_nodelay_production_req4096_resp32768_c16_keepalive_ms,1.275240
latency,2,823,http1_rust_nodelay_production_req4096_resp32768_c16_keepalive_ms,13.179876
latency,2,824,http1_rust_nodelay_production_req4096_resp32768_c16_keepalive_ms,1.765077
latency,2,825,http1_rust_nodelay_production_req4096_resp32768_c16_keepalive_ms,1.265750
latency,2,826,http1_rust_nodelay_production_req4096_resp32768_c16_keepalive_ms,1.641086
latency,2,827,http1_rust_nodelay_production_req4096_resp32768_c16_keepalive_ms,1.835708
latency,2,828,http1_rust_nodelay_production_req4096_resp32768_c16_keepalive_ms,1.776608
latency,2,829,http1_rust_nodelay_production_req4096_resp32768_c16_keepalive_ms,1.724507
latency,2,830,http1_rust_nodelay_production_req4096_resp32768_c16_keepalive_ms,1.699246
latency,2,831,http1_rust_nodelay_production_req4096_resp32768_c16_keepalive_ms,1.259220
latency,2,832,http1_rust_nodelay_production_req4096_resp32768_c16_keepalive_ms,1.655046
latency,2,833,http1_rust_nodelay_production_req4096_resp32768_c16_keepalive_ms,1.674516
latency,2,834,http1_rust_nodelay_production_req4096_resp32768_c16_keepalive_ms,1.338391
latency,2,835,http1_rust_nodelay_production_req4096_resp32768_c16_keepalive_ms,1.595045
latency,2,836,http1_rust_nodelay_production_req4096_resp32768_c16_keepalive_ms,1.619395
latency,2,837,http1_rust_nodelay_production_req4096_resp32768_c16_keepalive_ms,1.664486
latency,2,838,http1_rust_nodelay_production_req4096_resp32768_c16_keepalive_ms,1.683417
latency,2,839,http1_rust_nodelay_production_req4096_resp32768_c16_keepalive_ms,1.204598
latency,2,840,http1_rust_nodelay_production_req4096_resp32768_c16_keepalive_ms,1.842749
latency,2,841,http1_rust_nodelay_production_req4096_resp32768_c16_keepalive_ms,1.680387
latency,2,842,http1_rust_nodelay_production_req4096_resp32768_c16_keepalive_ms,1.650265
latency,2,843,http1_rust_nodelay_production_req4096_resp32768_c16_keepalive_ms,1.655536
latency,2,844,http1_rust_nodelay_production_req4096_resp32768_c16_keepalive_ms,1.683687
latency,2,845,http1_rust_nodelay_production_req4096_resp32768_c16_keepalive_ms,1.685686
latency,2,846,http1_rust_nodelay_production_req4096_resp32768_c16_keepalive_ms,1.260050
latency,2,847,http1_rust_nodelay_production_req4096_resp32768_c16_keepalive_ms,1.674956
latency,2,848,http1_rust_nodelay_production_req4096_resp32768_c16_keepalive_ms,1.811178
latency,2,849,http1_rust_nodelay_production_req4096_resp32768_c16_keepalive_ms,1.842849
latency,2,850,http1_rust_nodelay_production_req4096_resp32768_c16_keepalive_ms,1.577554
latency,2,851,http1_rust_nodelay_production_req4096_resp32768_c16_keepalive_ms,1.721127
latency,2,852,http1_rust_nodelay_production_req4096_resp32768_c16_keepalive_ms,4.832476
latency,2,853,http1_rust_nodelay_production_req4096_resp32768_c16_keepalive_ms,6.342729
latency,2,854,http1_rust_nodelay_production_req4096_resp32768_c16_keepalive_ms,1.636885
latency,2,855,http1_rust_nodelay_production_req4096_resp32768_c16_keepalive_ms,1.684697
latency,2,856,http1_rust_nodelay_production_req4096_resp32768_c16_keepalive_ms,1.274460
latency,2,857,http1_rust_nodelay_production_req4096_resp32768_c16_keepalive_ms,1.510483
latency,2,858,http1_rust_nodelay_production_req4096_resp32768_c16_keepalive_ms,1.801429
latency,2,859,http1_rust_nodelay_production_req4096_resp32768_c16_keepalive_ms,1.349411
latency,2,860,http1_rust_nodelay_production_req4096_resp32768_c16_keepalive_ms,1.552374
latency,2,861,http1_rust_nodelay_production_req4096_resp32768_c16_keepalive_ms,1.629785
latency,2,862,http1_rust_nodelay_production_req4096_resp32768_c16_keepalive_ms,1.535225
latency,2,863,http1_rust_nodelay_production_req4096_resp32768_c16_keepalive_ms,13.345338
latency,2,864,http1_rust_nodelay_production_req4096_resp32768_c16_keepalive_ms,1.509764
latency,2,865,http1_rust_nodelay_production_req4096_resp32768_c16_keepalive_ms,1.259309
latency,2,866,http1_rust_nodelay_production_req4096_resp32768_c16_keepalive_ms,1.812259
latency,2,867,http1_rust_nodelay_production_req4096_resp32768_c16_keepalive_ms,0.770972
latency,2,868,http1_rust_nodelay_production_req4096_resp32768_c16_keepalive_ms,1.118447
latency,2,869,http1_rust_nodelay_production_req4096_resp32768_c16_keepalive_ms,1.230399
latency,2,870,http1_rust_nodelay_production_req4096_resp32768_c16_keepalive_ms,1.062937
latency,2,871,http1_rust_nodelay_production_req4096_resp32768_c16_keepalive_ms,0.622890
latency,2,872,http1_rust_nodelay_production_req4096_resp32768_c16_keepalive_ms,1.095137
latency,2,873,http1_rust_nodelay_production_req4096_resp32768_c16_keepalive_ms,0.423147
latency,2,874,http1_rust_nodelay_production_req4096_resp32768_c16_keepalive_ms,0.470257
latency,2,875,http1_rust_nodelay_production_req4096_resp32768_c16_keepalive_ms,0.556289
latency,2,876,http1_rust_nodelay_production_req4096_resp32768_c16_keepalive_ms,0.417146
latency,2,877,http1_rust_nodelay_production_req4096_resp32768_c16_keepalive_ms,0.420127
latency,2,878,http1_rust_nodelay_production_req4096_resp32768_c16_keepalive_ms,0.259744
latency,2,879,http1_rust_nodelay_production_req4096_resp32768_c16_keepalive_ms,0.280274
latency,2,0,http1_rust_nodelay_production_req4096_resp32768_c16_keepalive_ms,1.632956
latency,2,1,http1_rust_nodelay_production_req4096_resp32768_c16_keepalive_ms,1.827628
latency,2,2,http1_rust_nodelay_production_req4096_resp32768_c16_keepalive_ms,1.259140
latency,2,3,http1_rust_nodelay_production_req4096_resp32768_c16_keepalive_ms,1.778008
latency,2,4,http1_rust_nodelay_production_req4096_resp32768_c16_keepalive_ms,1.938260
latency,2,5,http1_rust_nodelay_production_req4096_resp32768_c16_keepalive_ms,1.452673
latency,2,6,http1_rust_nodelay_production_req4096_resp32768_c16_keepalive_ms,1.751027
latency,2,7,http1_rust_nodelay_production_req4096_resp32768_c16_keepalive_ms,1.698007
latency,2,8,http1_rust_nodelay_production_req4096_resp32768_c16_keepalive_ms,1.722927
latency,2,9,http1_rust_nodelay_production_req4096_resp32768_c16_keepalive_ms,1.265279
latency,2,10,http1_rust_nodelay_production_req4096_resp32768_c16_keepalive_ms,1.629966
latency,2,11,http1_rust_nodelay_production_req4096_resp32768_c16_keepalive_ms,1.694876
latency,2,12,http1_rust_nodelay_production_req4096_resp32768_c16_keepalive_ms,1.728257
latency,2,13,http1_rust_nodelay_production_req4096_resp32768_c16_keepalive_ms,1.316041
latency,2,14,http1_rust_nodelay_production_req4096_resp32768_c16_keepalive_ms,1.576104
latency,2,15,http1_rust_nodelay_production_req4096_resp32768_c16_keepalive_ms,1.650016
latency,2,16,http1_rust_nodelay_production_req4096_resp32768_c16_keepalive_ms,1.602205
latency,2,17,http1_rust_nodelay_production_req4096_resp32768_c16_keepalive_ms,1.280700
latency,2,18,http1_rust_nodelay_production_req4096_resp32768_c16_keepalive_ms,1.621786
latency,2,19,http1_rust_nodelay_production_req4096_resp32768_c16_keepalive_ms,1.652766
latency,2,20,http1_rust_nodelay_production_req4096_resp32768_c16_keepalive_ms,1.271099
latency,2,21,http1_rust_nodelay_production_req4096_resp32768_c16_keepalive_ms,9.909515
latency,2,22,http1_rust_nodelay_production_req4096_resp32768_c16_keepalive_ms,1.241630
latency,2,23,http1_rust_nodelay_production_req4096_resp32768_c16_keepalive_ms,1.599705
latency,2,24,http1_rust_nodelay_production_req4096_resp32768_c16_keepalive_ms,1.644385
latency,2,25,http1_rust_nodelay_production_req4096_resp32768_c16_keepalive_ms,1.307871
latency,2,26,http1_rust_nodelay_production_req4096_resp32768_c16_keepalive_ms,1.269760
latency,2,27,http1_rust_nodelay_production_req4096_resp32768_c16_keepalive_ms,1.701336
latency,2,28,http1_rust_nodelay_production_req4096_resp32768_c16_keepalive_ms,1.632396
latency,2,29,http1_rust_nodelay_production_req4096_resp32768_c16_keepalive_ms,1.292430
latency,2,30,http1_rust_nodelay_production_req4096_resp32768_c16_keepalive_ms,1.270990
latency,2,31,http1_rust_nodelay_production_req4096_resp32768_c16_keepalive_ms,1.646926
latency,2,32,http1_rust_nodelay_production_req4096_resp32768_c16_keepalive_ms,1.295720
latency,2,33,http1_rust_nodelay_production_req4096_resp32768_c16_keepalive_ms,1.667206
latency,2,34,http1_rust_nodelay_production_req4096_resp32768_c16_keepalive_ms,1.671216
latency,2,35,http1_rust_nodelay_production_req4096_resp32768_c16_keepalive_ms,1.336121
latency,2,36,http1_rust_nodelay_production_req4096_resp32768_c16_keepalive_ms,1.779268
latency,2,37,http1_rust_nodelay_production_req4096_resp32768_c16_keepalive_ms,1.394812
latency,2,38,http1_rust_nodelay_production_req4096_resp32768_c16_keepalive_ms,1.626055
latency,2,39,http1_rust_nodelay_production_req4096_resp32768_c16_keepalive_ms,1.344331
latency,2,40,http1_rust_nodelay_production_req4096_resp32768_c16_keepalive_ms,1.644176
latency,2,41,http1_rust_nodelay_production_req4096_resp32768_c16_keepalive_ms,1.695416
latency,2,42,http1_rust_nodelay_production_req4096_resp32768_c16_keepalive_ms,1.680826
latency,2,43,http1_rust_nodelay_production_req4096_resp32768_c16_keepalive_ms,1.734228
latency,2,44,http1_rust_nodelay_production_req4096_resp32768_c16_keepalive_ms,1.589645
latency,2,45,http1_rust_nodelay_production_req4096_resp32768_c16_keepalive_ms,10.302180
latency,2,46,http1_rust_nodelay_production_req4096_resp32768_c16_keepalive_ms,1.296151
latency,2,47,http1_rust_nodelay_production_req4096_resp32768_c16_keepalive_ms,1.680926
latency,2,48,http1_rust_nodelay_production_req4096_resp32768_c16_keepalive_ms,1.666806
latency,2,49,http1_rust_nodelay_production_req4096_resp32768_c16_keepalive_ms,1.653496
latency,2,50,http1_rust_nodelay_production_req4096_resp32768_c16_keepalive_ms,1.666316
latency,2,51,http1_rust_nodelay_production_req4096_resp32768_c16_keepalive_ms,1.731397
latency,2,52,http1_rust_nodelay_production_req4096_resp32768_c16_keepalive_ms,1.217029
latency,2,53,http1_rust_nodelay_production_req4096_resp32768_c16_keepalive_ms,1.424892
latency,2,54,http1_rust_nodelay_production_req4096_resp32768_c16_keepalive_ms,1.608045
latency,2,55,http1_rust_nodelay_production_req4096_resp32768_c16_keepalive_ms,1.293431
latency,2,56,http1_rust_nodelay_production_req4096_resp32768_c16_keepalive_ms,1.589845
latency,2,57,http1_rust_nodelay_production_req4096_resp32768_c16_keepalive_ms,1.664056
latency,2,58,http1_rust_nodelay_production_req4096_resp32768_c16_keepalive_ms,1.272539
latency,2,59,http1_rust_nodelay_production_req4096_resp32768_c16_keepalive_ms,4.137635
latency,2,60,http1_rust_nodelay_production_req4096_resp32768_c16_keepalive_ms,1.266310
latency,2,61,http1_rust_nodelay_production_req4096_resp32768_c16_keepalive_ms,1.666896
latency,2,62,http1_rust_nodelay_production_req4096_resp32768_c16_keepalive_ms,1.666576
latency,2,63,http1_rust_nodelay_production_req4096_resp32768_c16_keepalive_ms,1.718607
latency,2,64,http1_rust_nodelay_production_req4096_resp32768_c16_keepalive_ms,1.670916
latency,2,65,http1_rust_nodelay_production_req4096_resp32768_c16_keepalive_ms,1.806498
latency,2,66,http1_rust_nodelay_production_req4096_resp32768_c16_keepalive_ms,11.424379
latency,2,67,http1_rust_nodelay_production_req4096_resp32768_c16_keepalive_ms,1.637986
latency,2,68,http1_rust_nodelay_production_req4096_resp32768_c16_keepalive_ms,1.196158
latency,2,69,http1_rust_nodelay_production_req4096_resp32768_c16_keepalive_ms,1.831049
latency,2,70,http1_rust_nodelay_production_req4096_resp32768_c16_keepalive_ms,1.495063
latency,2,71,http1_rust_nodelay_production_req4096_resp32768_c16_keepalive_ms,1.886129
latency,2,72,http1_rust_nodelay_production_req4096_resp32768_c16_keepalive_ms,1.911920
latency,2,73,http1_rust_nodelay_production_req4096_resp32768_c16_keepalive_ms,1.385642
latency,2,74,http1_rust_nodelay_production_req4096_resp32768_c16_keepalive_ms,12.709409
latency,2,75,http1_rust_nodelay_production_req4096_resp32768_c16_keepalive_ms,0.212803
latency,2,76,http1_rust_nodelay_production_req4096_resp32768_c16_keepalive_ms,0.204783
latency,2,77,http1_rust_nodelay_production_req4096_resp32768_c16_keepalive_ms,0.202474
latency,2,78,http1_rust_nodelay_production_req4096_resp32768_c16_keepalive_ms,0.203573
latency,2,79,http1_rust_nodelay_production_req4096_resp32768_c16_keepalive_ms,0.212303
trial,2,1280,http1_rust_nodelay_production_req4096_resp32768_c16_median_ms,1.632396
trial,2,1280,http1_rust_nodelay_production_req4096_resp32768_c16_p95_ms,2.020981
trial,2,1280,http1_rust_nodelay_production_req4096_resp32768_c16_requests_per_second,8040.084
trial,2,1280,http1_rust_nodelay_production_req4096_resp32768_c16_wall_ms,159.202
trial,2,1280,http1_rust_nodelay_production_req4096_resp32768_c16_mib_per_second,282.659
trial,2,1280,http1_rust_nodelay_production_req4096_resp32768_c16_process_cpu_us,159244
latency,3,240,http1_rust_nodelay_production_req4096_resp32768_c16_keepalive_ms,1.877749
latency,3,241,http1_rust_nodelay_production_req4096_resp32768_c16_keepalive_ms,1.913650
latency,3,242,http1_rust_nodelay_production_req4096_resp32768_c16_keepalive_ms,1.440083
latency,3,243,http1_rust_nodelay_production_req4096_resp32768_c16_keepalive_ms,1.252529
latency,3,244,http1_rust_nodelay_production_req4096_resp32768_c16_keepalive_ms,1.332281
latency,3,245,http1_rust_nodelay_production_req4096_resp32768_c16_keepalive_ms,1.629275
latency,3,246,http1_rust_nodelay_production_req4096_resp32768_c16_keepalive_ms,1.271160
latency,3,247,http1_rust_nodelay_production_req4096_resp32768_c16_keepalive_ms,1.727707
latency,3,248,http1_rust_nodelay_production_req4096_resp32768_c16_keepalive_ms,1.275890
latency,3,249,http1_rust_nodelay_production_req4096_resp32768_c16_keepalive_ms,1.619755
latency,3,250,http1_rust_nodelay_production_req4096_resp32768_c16_keepalive_ms,1.268560
latency,3,251,http1_rust_nodelay_production_req4096_resp32768_c16_keepalive_ms,1.764938
latency,3,252,http1_rust_nodelay_production_req4096_resp32768_c16_keepalive_ms,1.948080
latency,3,253,http1_rust_nodelay_production_req4096_resp32768_c16_keepalive_ms,1.626896
latency,3,254,http1_rust_nodelay_production_req4096_resp32768_c16_keepalive_ms,1.728667
latency,3,255,http1_rust_nodelay_production_req4096_resp32768_c16_keepalive_ms,1.705386
latency,3,256,http1_rust_nodelay_production_req4096_resp32768_c16_keepalive_ms,1.607926
latency,3,257,http1_rust_nodelay_production_req4096_resp32768_c16_keepalive_ms,1.265150
latency,3,258,http1_rust_nodelay_production_req4096_resp32768_c16_keepalive_ms,1.771697
latency,3,259,http1_rust_nodelay_production_req4096_resp32768_c16_keepalive_ms,0.894214
latency,3,260,http1_rust_nodelay_production_req4096_resp32768_c16_keepalive_ms,1.743288
latency,3,261,http1_rust_nodelay_production_req4096_resp32768_c16_keepalive_ms,1.678776
latency,3,262,http1_rust_nodelay_production_req4096_resp32768_c16_keepalive_ms,1.301420
latency,3,263,http1_rust_nodelay_production_req4096_resp32768_c16_keepalive_ms,1.254370
latency,3,264,http1_rust_nodelay_production_req4096_resp32768_c16_keepalive_ms,1.566874
latency,3,265,http1_rust_nodelay_production_req4096_resp32768_c16_keepalive_ms,1.637016
latency,3,266,http1_rust_nodelay_production_req4096_resp32768_c16_keepalive_ms,1.327731
latency,3,267,http1_rust_nodelay_production_req4096_resp32768_c16_keepalive_ms,1.633225
latency,3,268,http1_rust_nodelay_production_req4096_resp32768_c16_keepalive_ms,1.814728
latency,3,269,http1_rust_nodelay_production_req4096_resp32768_c16_keepalive_ms,1.284050
latency,3,270,http1_rust_nodelay_production_req4096_resp32768_c16_keepalive_ms,1.694917
latency,3,271,http1_rust_nodelay_production_req4096_resp32768_c16_keepalive_ms,1.701006
latency,3,272,http1_rust_nodelay_production_req4096_resp32768_c16_keepalive_ms,1.678647
latency,3,273,http1_rust_nodelay_production_req4096_resp32768_c16_keepalive_ms,1.840939
latency,3,274,http1_rust_nodelay_production_req4096_resp32768_c16_keepalive_ms,1.454162
latency,3,275,http1_rust_nodelay_production_req4096_resp32768_c16_keepalive_ms,1.389222
latency,3,276,http1_rust_nodelay_production_req4096_resp32768_c16_keepalive_ms,1.576935
latency,3,277,http1_rust_nodelay_production_req4096_resp32768_c16_keepalive_ms,1.795988
latency,3,278,http1_rust_nodelay_production_req4096_resp32768_c16_keepalive_ms,1.644776
latency,3,279,http1_rust_nodelay_production_req4096_resp32768_c16_keepalive_ms,1.321050
latency,3,280,http1_rust_nodelay_production_req4096_resp32768_c16_keepalive_ms,1.622155
latency,3,281,http1_rust_nodelay_production_req4096_resp32768_c16_keepalive_ms,1.569705
latency,3,282,http1_rust_nodelay_production_req4096_resp32768_c16_keepalive_ms,1.618975
latency,3,283,http1_rust_nodelay_production_req4096_resp32768_c16_keepalive_ms,1.399712
latency,3,284,http1_rust_nodelay_production_req4096_resp32768_c16_keepalive_ms,1.566915
latency,3,285,http1_rust_nodelay_production_req4096_resp32768_c16_keepalive_ms,1.678756
latency,3,286,http1_rust_nodelay_production_req4096_resp32768_c16_keepalive_ms,1.394892
latency,3,287,http1_rust_nodelay_production_req4096_resp32768_c16_keepalive_ms,1.589075
latency,3,288,http1_rust_nodelay_production_req4096_resp32768_c16_keepalive_ms,1.622135
latency,3,289,http1_rust_nodelay_production_req4096_resp32768_c16_keepalive_ms,1.679936
latency,3,290,http1_rust_nodelay_production_req4096_resp32768_c16_keepalive_ms,1.635806
latency,3,291,http1_rust_nodelay_production_req4096_resp32768_c16_keepalive_ms,1.299060
latency,3,292,http1_rust_nodelay_production_req4096_resp32768_c16_keepalive_ms,1.717107
latency,3,293,http1_rust_nodelay_production_req4096_resp32768_c16_keepalive_ms,1.745677
latency,3,294,http1_rust_nodelay_production_req4096_resp32768_c16_keepalive_ms,1.320431
latency,3,295,http1_rust_nodelay_production_req4096_resp32768_c16_keepalive_ms,1.688696
latency,3,296,http1_rust_nodelay_production_req4096_resp32768_c16_keepalive_ms,1.306281
latency,3,297,http1_rust_nodelay_production_req4096_resp32768_c16_keepalive_ms,1.302090
latency,3,298,http1_rust_nodelay_production_req4096_resp32768_c16_keepalive_ms,1.613905
latency,3,299,http1_rust_nodelay_production_req4096_resp32768_c16_keepalive_ms,1.766868
latency,3,300,http1_rust_nodelay_production_req4096_resp32768_c16_keepalive_ms,1.296010
latency,3,301,http1_rust_nodelay_production_req4096_resp32768_c16_keepalive_ms,1.624166
latency,3,302,http1_rust_nodelay_production_req4096_resp32768_c16_keepalive_ms,1.755447
latency,3,303,http1_rust_nodelay_production_req4096_resp32768_c16_keepalive_ms,1.607395
latency,3,304,http1_rust_nodelay_production_req4096_resp32768_c16_keepalive_ms,1.372222
latency,3,305,http1_rust_nodelay_production_req4096_resp32768_c16_keepalive_ms,1.632755
latency,3,306,http1_rust_nodelay_production_req4096_resp32768_c16_keepalive_ms,1.259740
latency,3,307,http1_rust_nodelay_production_req4096_resp32768_c16_keepalive_ms,1.667206
latency,3,308,http1_rust_nodelay_production_req4096_resp32768_c16_keepalive_ms,1.717067
latency,3,309,http1_rust_nodelay_production_req4096_resp32768_c16_keepalive_ms,1.604895
latency,3,310,http1_rust_nodelay_production_req4096_resp32768_c16_keepalive_ms,1.727147
latency,3,311,http1_rust_nodelay_production_req4096_resp32768_c16_keepalive_ms,1.712286
latency,3,312,http1_rust_nodelay_production_req4096_resp32768_c16_keepalive_ms,1.684667
latency,3,313,http1_rust_nodelay_production_req4096_resp32768_c16_keepalive_ms,1.284560
latency,3,314,http1_rust_nodelay_production_req4096_resp32768_c16_keepalive_ms,1.592005
latency,3,315,http1_rust_nodelay_production_req4096_resp32768_c16_keepalive_ms,1.263190
latency,3,316,http1_rust_nodelay_production_req4096_resp32768_c16_keepalive_ms,1.646095
latency,3,317,http1_rust_nodelay_production_req4096_resp32768_c16_keepalive_ms,1.640376
latency,3,318,http1_rust_nodelay_production_req4096_resp32768_c16_keepalive_ms,1.662086
latency,3,319,http1_rust_nodelay_production_req4096_resp32768_c16_keepalive_ms,1.248010
latency,3,1120,http1_rust_nodelay_production_req4096_resp32768_c16_keepalive_ms,1.052867
latency,3,1121,http1_rust_nodelay_production_req4096_resp32768_c16_keepalive_ms,1.587375
latency,3,1122,http1_rust_nodelay_production_req4096_resp32768_c16_keepalive_ms,1.874229
latency,3,1123,http1_rust_nodelay_production_req4096_resp32768_c16_keepalive_ms,1.811298
latency,3,1124,http1_rust_nodelay_production_req4096_resp32768_c16_keepalive_ms,1.737107
latency,3,1125,http1_rust_nodelay_production_req4096_resp32768_c16_keepalive_ms,1.702487
latency,3,1126,http1_rust_nodelay_production_req4096_resp32768_c16_keepalive_ms,1.277120
latency,3,1127,http1_rust_nodelay_production_req4096_resp32768_c16_keepalive_ms,1.652596
latency,3,1128,http1_rust_nodelay_production_req4096_resp32768_c16_keepalive_ms,1.680036
latency,3,1129,http1_rust_nodelay_production_req4096_resp32768_c16_keepalive_ms,1.316870
latency,3,1130,http1_rust_nodelay_production_req4096_resp32768_c16_keepalive_ms,1.279001
latency,3,1131,http1_rust_nodelay_production_req4096_resp32768_c16_keepalive_ms,1.733097
latency,3,1132,http1_rust_nodelay_production_req4096_resp32768_c16_keepalive_ms,1.319510
latency,3,1133,http1_rust_nodelay_production_req4096_resp32768_c16_keepalive_ms,1.644706
latency,3,1134,http1_rust_nodelay_production_req4096_resp32768_c16_keepalive_ms,1.252540
latency,3,1135,http1_rust_nodelay_production_req4096_resp32768_c16_keepalive_ms,1.732527
latency,3,1136,http1_rust_nodelay_production_req4096_resp32768_c16_keepalive_ms,1.618735
latency,3,1137,http1_rust_nodelay_production_req4096_resp32768_c16_keepalive_ms,1.553424
latency,3,1138,http1_rust_nodelay_production_req4096_resp32768_c16_keepalive_ms,1.781158
latency,3,1139,http1_rust_nodelay_production_req4096_resp32768_c16_keepalive_ms,1.348361
latency,3,1140,http1_rust_nodelay_production_req4096_resp32768_c16_keepalive_ms,1.599925
latency,3,1141,http1_rust_nodelay_production_req4096_resp32768_c16_keepalive_ms,1.655646
latency,3,1142,http1_rust_nodelay_production_req4096_resp32768_c16_keepalive_ms,1.671556
latency,3,1143,http1_rust_nodelay_production_req4096_resp32768_c16_keepalive_ms,1.699177
latency,3,1144,http1_rust_nodelay_production_req4096_resp32768_c16_keepalive_ms,1.631215
latency,3,1145,http1_rust_nodelay_production_req4096_resp32768_c16_keepalive_ms,1.309991
latency,3,1146,http1_rust_nodelay_production_req4096_resp32768_c16_keepalive_ms,1.714807
latency,3,1147,http1_rust_nodelay_production_req4096_resp32768_c16_keepalive_ms,1.251639
latency,3,1148,http1_rust_nodelay_production_req4096_resp32768_c16_keepalive_ms,1.729497
latency,3,1149,http1_rust_nodelay_production_req4096_resp32768_c16_keepalive_ms,1.282960
latency,3,1150,http1_rust_nodelay_production_req4096_resp32768_c16_keepalive_ms,1.334211
latency,3,1151,http1_rust_nodelay_production_req4096_resp32768_c16_keepalive_ms,1.292920
latency,3,1152,http1_rust_nodelay_production_req4096_resp32768_c16_keepalive_ms,1.691327
latency,3,1153,http1_rust_nodelay_production_req4096_resp32768_c16_keepalive_ms,1.777588
latency,3,1154,http1_rust_nodelay_production_req4096_resp32768_c16_keepalive_ms,1.825038
latency,3,1155,http1_rust_nodelay_production_req4096_resp32768_c16_keepalive_ms,2.013822
latency,3,1156,http1_rust_nodelay_production_req4096_resp32768_c16_keepalive_ms,1.723757
latency,3,1157,http1_rust_nodelay_production_req4096_resp32768_c16_keepalive_ms,1.739487
latency,3,1158,http1_rust_nodelay_production_req4096_resp32768_c16_keepalive_ms,1.669136
latency,3,1159,http1_rust_nodelay_production_req4096_resp32768_c16_keepalive_ms,1.642615
latency,3,1160,http1_rust_nodelay_production_req4096_resp32768_c16_keepalive_ms,1.330011
latency,3,1161,http1_rust_nodelay_production_req4096_resp32768_c16_keepalive_ms,1.661036
latency,3,1162,http1_rust_nodelay_production_req4096_resp32768_c16_keepalive_ms,1.660526
latency,3,1163,http1_rust_nodelay_production_req4096_resp32768_c16_keepalive_ms,1.555234
latency,3,1164,http1_rust_nodelay_production_req4096_resp32768_c16_keepalive_ms,1.804629
latency,3,1165,http1_rust_nodelay_production_req4096_resp32768_c16_keepalive_ms,1.719666
latency,3,1166,http1_rust_nodelay_production_req4096_resp32768_c16_keepalive_ms,1.614456
latency,3,1167,http1_rust_nodelay_production_req4096_resp32768_c16_keepalive_ms,1.244789
latency,3,1168,http1_rust_nodelay_production_req4096_resp32768_c16_keepalive_ms,1.656426
latency,3,1169,http1_rust_nodelay_production_req4096_resp32768_c16_keepalive_ms,1.625445
latency,3,1170,http1_rust_nodelay_production_req4096_resp32768_c16_keepalive_ms,1.666907
latency,3,1171,http1_rust_nodelay_production_req4096_resp32768_c16_keepalive_ms,1.800248
latency,3,1172,http1_rust_nodelay_production_req4096_resp32768_c16_keepalive_ms,1.310860
latency,3,1173,http1_rust_nodelay_production_req4096_resp32768_c16_keepalive_ms,1.284580
latency,3,1174,http1_rust_nodelay_production_req4096_resp32768_c16_keepalive_ms,1.707077
latency,3,1175,http1_rust_nodelay_production_req4096_resp32768_c16_keepalive_ms,1.739277
latency,3,1176,http1_rust_nodelay_production_req4096_resp32768_c16_keepalive_ms,1.640566
latency,3,1177,http1_rust_nodelay_production_req4096_resp32768_c16_keepalive_ms,1.607585
latency,3,1178,http1_rust_nodelay_production_req4096_resp32768_c16_keepalive_ms,1.293230
latency,3,1179,http1_rust_nodelay_production_req4096_resp32768_c16_keepalive_ms,1.711157
latency,3,1180,http1_rust_nodelay_production_req4096_resp32768_c16_keepalive_ms,1.264350
latency,3,1181,http1_rust_nodelay_production_req4096_resp32768_c16_keepalive_ms,1.604325
latency,3,1182,http1_rust_nodelay_production_req4096_resp32768_c16_keepalive_ms,1.749227
latency,3,1183,http1_rust_nodelay_production_req4096_resp32768_c16_keepalive_ms,1.742477
latency,3,1184,http1_rust_nodelay_production_req4096_resp32768_c16_keepalive_ms,1.656596
latency,3,1185,http1_rust_nodelay_production_req4096_resp32768_c16_keepalive_ms,1.724257
latency,3,1186,http1_rust_nodelay_production_req4096_resp32768_c16_keepalive_ms,1.632546
latency,3,1187,http1_rust_nodelay_production_req4096_resp32768_c16_keepalive_ms,1.643705
latency,3,1188,http1_rust_nodelay_production_req4096_resp32768_c16_keepalive_ms,1.318521
latency,3,1189,http1_rust_nodelay_production_req4096_resp32768_c16_keepalive_ms,1.651646
latency,3,1190,http1_rust_nodelay_production_req4096_resp32768_c16_keepalive_ms,1.711447
latency,3,1191,http1_rust_nodelay_production_req4096_resp32768_c16_keepalive_ms,1.686116
latency,3,1192,http1_rust_nodelay_production_req4096_resp32768_c16_keepalive_ms,1.649256
latency,3,1193,http1_rust_nodelay_production_req4096_resp32768_c16_keepalive_ms,1.310520
latency,3,1194,http1_rust_nodelay_production_req4096_resp32768_c16_keepalive_ms,1.279980
latency,3,1195,http1_rust_nodelay_production_req4096_resp32768_c16_keepalive_ms,1.647746
latency,3,1196,http1_rust_nodelay_production_req4096_resp32768_c16_keepalive_ms,1.275560
latency,3,1197,http1_rust_nodelay_production_req4096_resp32768_c16_keepalive_ms,1.544084
latency,3,1198,http1_rust_nodelay_production_req4096_resp32768_c16_keepalive_ms,2.102523
latency,3,1199,http1_rust_nodelay_production_req4096_resp32768_c16_keepalive_ms,1.816908
latency,3,320,http1_rust_nodelay_production_req4096_resp32768_c16_keepalive_ms,2.023192
latency,3,321,http1_rust_nodelay_production_req4096_resp32768_c16_keepalive_ms,1.869729
latency,3,322,http1_rust_nodelay_production_req4096_resp32768_c16_keepalive_ms,1.442113
latency,3,323,http1_rust_nodelay_production_req4096_resp32768_c16_keepalive_ms,1.252629
latency,3,324,http1_rust_nodelay_production_req4096_resp32768_c16_keepalive_ms,1.747697
latency,3,325,http1_rust_nodelay_production_req4096_resp32768_c16_keepalive_ms,1.307241
latency,3,326,http1_rust_nodelay_production_req4096_resp32768_c16_keepalive_ms,1.638625
latency,3,327,http1_rust_nodelay_production_req4096_resp32768_c16_keepalive_ms,0.912655
latency,3,328,http1_rust_nodelay_production_req4096_resp32768_c16_keepalive_ms,1.628075
latency,3,329,http1_rust_nodelay_production_req4096_resp32768_c16_keepalive_ms,1.341431
latency,3,330,http1_rust_nodelay_production_req4096_resp32768_c16_keepalive_ms,1.295730
latency,3,331,http1_rust_nodelay_production_req4096_resp32768_c16_keepalive_ms,1.715477
latency,3,332,http1_rust_nodelay_production_req4096_resp32768_c16_keepalive_ms,1.362911
latency,3,333,http1_rust_nodelay_production_req4096_resp32768_c16_keepalive_ms,1.625226
latency,3,334,http1_rust_nodelay_production_req4096_resp32768_c16_keepalive_ms,1.302880
latency,3,335,http1_rust_nodelay_production_req4096_resp32768_c16_keepalive_ms,1.725997
latency,3,336,http1_rust_nodelay_production_req4096_resp32768_c16_keepalive_ms,1.706227
latency,3,337,http1_rust_nodelay_production_req4096_resp32768_c16_keepalive_ms,1.249819
latency,3,338,http1_rust_nodelay_production_req4096_resp32768_c16_keepalive_ms,1.641796
latency,3,339,http1_rust_nodelay_production_req4096_resp32768_c16_keepalive_ms,1.425862
latency,3,340,http1_rust_nodelay_production_req4096_resp32768_c16_keepalive_ms,1.673467
latency,3,341,http1_rust_nodelay_production_req4096_resp32768_c16_keepalive_ms,1.691696
latency,3,342,http1_rust_nodelay_production_req4096_resp32768_c16_keepalive_ms,1.272770
latency,3,343,http1_rust_nodelay_production_req4096_resp32768_c16_keepalive_ms,1.708547
latency,3,344,http1_rust_nodelay_production_req4096_resp32768_c16_keepalive_ms,2.031961
latency,3,345,http1_rust_nodelay_production_req4096_resp32768_c16_keepalive_ms,1.769818
latency,3,346,http1_rust_nodelay_production_req4096_resp32768_c16_keepalive_ms,1.708747
latency,3,347,http1_rust_nodelay_production_req4096_resp32768_c16_keepalive_ms,1.629405
latency,3,348,http1_rust_nodelay_production_req4096_resp32768_c16_keepalive_ms,1.358951
latency,3,349,http1_rust_nodelay_production_req4096_resp32768_c16_keepalive_ms,1.695907
latency,3,350,http1_rust_nodelay_production_req4096_resp32768_c16_keepalive_ms,1.781268
latency,3,351,http1_rust_nodelay_production_req4096_resp32768_c16_keepalive_ms,1.716807
latency,3,352,http1_rust_nodelay_production_req4096_resp32768_c16_keepalive_ms,1.723277
latency,3,353,http1_rust_nodelay_production_req4096_resp32768_c16_keepalive_ms,1.844818
latency,3,354,http1_rust_nodelay_production_req4096_resp32768_c16_keepalive_ms,1.785748
latency,3,355,http1_rust_nodelay_production_req4096_resp32768_c16_keepalive_ms,1.869700
latency,3,356,http1_rust_nodelay_production_req4096_resp32768_c16_keepalive_ms,1.777137
latency,3,357,http1_rust_nodelay_production_req4096_resp32768_c16_keepalive_ms,1.276740
latency,3,358,http1_rust_nodelay_production_req4096_resp32768_c16_keepalive_ms,1.705297
latency,3,359,http1_rust_nodelay_production_req4096_resp32768_c16_keepalive_ms,1.189608
latency,3,360,http1_rust_nodelay_production_req4096_resp32768_c16_keepalive_ms,1.729108
latency,3,361,http1_rust_nodelay_production_req4096_resp32768_c16_keepalive_ms,1.698656
latency,3,362,http1_rust_nodelay_production_req4096_resp32768_c16_keepalive_ms,4.678953
latency,3,363,http1_rust_nodelay_production_req4096_resp32768_c16_keepalive_ms,1.705307
latency,3,364,http1_rust_nodelay_production_req4096_resp32768_c16_keepalive_ms,1.588985
latency,3,365,http1_rust_nodelay_production_req4096_resp32768_c16_keepalive_ms,1.622185
latency,3,366,http1_rust_nodelay_production_req4096_resp32768_c16_keepalive_ms,1.296170
latency,3,367,http1_rust_nodelay_production_req4096_resp32768_c16_keepalive_ms,1.649176
latency,3,368,http1_rust_nodelay_production_req4096_resp32768_c16_keepalive_ms,1.707747
latency,3,369,http1_rust_nodelay_production_req4096_resp32768_c16_keepalive_ms,1.356221
latency,3,370,http1_rust_nodelay_production_req4096_resp32768_c16_keepalive_ms,1.312280
latency,3,371,http1_rust_nodelay_production_req4096_resp32768_c16_keepalive_ms,1.277231
latency,3,372,http1_rust_nodelay_production_req4096_resp32768_c16_keepalive_ms,1.712756
latency,3,373,http1_rust_nodelay_production_req4096_resp32768_c16_keepalive_ms,1.701897
latency,3,374,http1_rust_nodelay_production_req4096_resp32768_c16_keepalive_ms,1.288830
latency,3,375,http1_rust_nodelay_production_req4096_resp32768_c16_keepalive_ms,1.592965
latency,3,376,http1_rust_nodelay_production_req4096_resp32768_c16_keepalive_ms,1.549094
latency,3,377,http1_rust_nodelay_production_req4096_resp32768_c16_keepalive_ms,1.304611
latency,3,378,http1_rust_nodelay_production_req4096_resp32768_c16_keepalive_ms,1.667976
latency,3,379,http1_rust_nodelay_production_req4096_resp32768_c16_keepalive_ms,1.695116
latency,3,380,http1_rust_nodelay_production_req4096_resp32768_c16_keepalive_ms,1.641456
latency,3,381,http1_rust_nodelay_production_req4096_resp32768_c16_keepalive_ms,1.271330
latency,3,382,http1_rust_nodelay_production_req4096_resp32768_c16_keepalive_ms,1.337110
latency,3,383,http1_rust_nodelay_production_req4096_resp32768_c16_keepalive_ms,1.617016
latency,3,384,http1_rust_nodelay_production_req4096_resp32768_c16_keepalive_ms,1.326591
latency,3,385,http1_rust_nodelay_production_req4096_resp32768_c16_keepalive_ms,1.610005
latency,3,386,http1_rust_nodelay_production_req4096_resp32768_c16_keepalive_ms,1.319910
latency,3,387,http1_rust_nodelay_production_req4096_resp32768_c16_keepalive_ms,1.629796
latency,3,388,http1_rust_nodelay_production_req4096_resp32768_c16_keepalive_ms,1.326531
latency,3,389,http1_rust_nodelay_production_req4096_resp32768_c16_keepalive_ms,1.925410
latency,3,390,http1_rust_nodelay_production_req4096_resp32768_c16_keepalive_ms,1.703676
latency,3,391,http1_rust_nodelay_production_req4096_resp32768_c16_keepalive_ms,1.283720
latency,3,392,http1_rust_nodelay_production_req4096_resp32768_c16_keepalive_ms,1.342571
latency,3,393,http1_rust_nodelay_production_req4096_resp32768_c16_keepalive_ms,1.595805
latency,3,394,http1_rust_nodelay_production_req4096_resp32768_c16_keepalive_ms,1.289461
latency,3,395,http1_rust_nodelay_production_req4096_resp32768_c16_keepalive_ms,1.613355
latency,3,396,http1_rust_nodelay_production_req4096_resp32768_c16_keepalive_ms,1.182028
latency,3,397,http1_rust_nodelay_production_req4096_resp32768_c16_keepalive_ms,1.284520
latency,3,398,http1_rust_nodelay_production_req4096_resp32768_c16_keepalive_ms,2.149464
latency,3,399,http1_rust_nodelay_production_req4096_resp32768_c16_keepalive_ms,1.773538
latency,3,480,http1_rust_nodelay_production_req4096_resp32768_c16_keepalive_ms,1.032926
latency,3,481,http1_rust_nodelay_production_req4096_resp32768_c16_keepalive_ms,1.957631
latency,3,482,http1_rust_nodelay_production_req4096_resp32768_c16_keepalive_ms,1.931250
latency,3,483,http1_rust_nodelay_production_req4096_resp32768_c16_keepalive_ms,1.382092
latency,3,484,http1_rust_nodelay_production_req4096_resp32768_c16_keepalive_ms,1.737647
latency,3,485,http1_rust_nodelay_production_req4096_resp32768_c16_keepalive_ms,1.703956
latency,3,486,http1_rust_nodelay_production_req4096_resp32768_c16_keepalive_ms,1.277560
latency,3,487,http1_rust_nodelay_production_req4096_resp32768_c16_keepalive_ms,1.650736
latency,3,488,http1_rust_nodelay_production_req4096_resp32768_c16_keepalive_ms,1.631466
latency,3,489,http1_rust_nodelay_production_req4096_resp32768_c16_keepalive_ms,1.739927
latency,3,490,http1_rust_nodelay_production_req4096_resp32768_c16_keepalive_ms,1.730237
latency,3,491,http1_rust_nodelay_production_req4096_resp32768_c16_keepalive_ms,1.705647
latency,3,492,http1_rust_nodelay_production_req4096_resp32768_c16_keepalive_ms,1.669486
latency,3,493,http1_rust_nodelay_production_req4096_resp32768_c16_keepalive_ms,1.686876
latency,3,494,http1_rust_nodelay_production_req4096_resp32768_c16_keepalive_ms,1.777628
latency,3,495,http1_rust_nodelay_production_req4096_resp32768_c16_keepalive_ms,1.689566
latency,3,496,http1_rust_nodelay_production_req4096_resp32768_c16_keepalive_ms,1.552235
latency,3,497,http1_rust_nodelay_production_req4096_resp32768_c16_keepalive_ms,1.356011
latency,3,498,http1_rust_nodelay_production_req4096_resp32768_c16_keepalive_ms,1.357161
latency,3,499,http1_rust_nodelay_production_req4096_resp32768_c16_keepalive_ms,1.733147
latency,3,500,http1_rust_nodelay_production_req4096_resp32768_c16_keepalive_ms,1.685656
latency,3,501,http1_rust_nodelay_production_req4096_resp32768_c16_keepalive_ms,1.294781
latency,3,502,http1_rust_nodelay_production_req4096_resp32768_c16_keepalive_ms,1.622445
latency,3,503,http1_rust_nodelay_production_req4096_resp32768_c16_keepalive_ms,1.710907
latency,3,504,http1_rust_nodelay_production_req4096_resp32768_c16_keepalive_ms,1.654226
latency,3,505,http1_rust_nodelay_production_req4096_resp32768_c16_keepalive_ms,1.352471
latency,3,506,http1_rust_nodelay_production_req4096_resp32768_c16_keepalive_ms,1.631265
latency,3,507,http1_rust_nodelay_production_req4096_resp32768_c16_keepalive_ms,1.377042
latency,3,508,http1_rust_nodelay_production_req4096_resp32768_c16_keepalive_ms,1.738817
latency,3,509,http1_rust_nodelay_production_req4096_resp32768_c16_keepalive_ms,1.762158
latency,3,510,http1_rust_nodelay_production_req4096_resp32768_c16_keepalive_ms,1.691016
latency,3,511,http1_rust_nodelay_production_req4096_resp32768_c16_keepalive_ms,1.703487
latency,3,512,http1_rust_nodelay_production_req4096_resp32768_c16_keepalive_ms,1.392362
latency,3,513,http1_rust_nodelay_production_req4096_resp32768_c16_keepalive_ms,1.836868
latency,3,514,http1_rust_nodelay_production_req4096_resp32768_c16_keepalive_ms,1.853379
latency,3,515,http1_rust_nodelay_production_req4096_resp32768_c16_keepalive_ms,1.323961
latency,3,516,http1_rust_nodelay_production_req4096_resp32768_c16_keepalive_ms,1.746867
latency,3,517,http1_rust_nodelay_production_req4096_resp32768_c16_keepalive_ms,1.312451
latency,3,518,http1_rust_nodelay_production_req4096_resp32768_c16_keepalive_ms,1.554664
latency,3,519,http1_rust_nodelay_production_req4096_resp32768_c16_keepalive_ms,1.683086
latency,3,520,http1_rust_nodelay_production_req4096_resp32768_c16_keepalive_ms,1.618916
latency,3,521,http1_rust_nodelay_production_req4096_resp32768_c16_keepalive_ms,1.621665
latency,3,522,http1_rust_nodelay_production_req4096_resp32768_c16_keepalive_ms,1.611625
latency,3,523,http1_rust_nodelay_production_req4096_resp32768_c16_keepalive_ms,1.668626
latency,3,524,http1_rust_nodelay_production_req4096_resp32768_c16_keepalive_ms,1.788868
latency,3,525,http1_rust_nodelay_production_req4096_resp32768_c16_keepalive_ms,1.725327
latency,3,526,http1_rust_nodelay_production_req4096_resp32768_c16_keepalive_ms,1.266910
latency,3,527,http1_rust_nodelay_production_req4096_resp32768_c16_keepalive_ms,1.604055
latency,3,528,http1_rust_nodelay_production_req4096_resp32768_c16_keepalive_ms,1.626885
latency,3,529,http1_rust_nodelay_production_req4096_resp32768_c16_keepalive_ms,1.233550
latency,3,530,http1_rust_nodelay_production_req4096_resp32768_c16_keepalive_ms,1.834059
latency,3,531,http1_rust_nodelay_production_req4096_resp32768_c16_keepalive_ms,1.750037
latency,3,532,http1_rust_nodelay_production_req4096_resp32768_c16_keepalive_ms,1.650956
latency,3,533,http1_rust_nodelay_production_req4096_resp32768_c16_keepalive_ms,1.706516
latency,3,534,http1_rust_nodelay_production_req4096_resp32768_c16_keepalive_ms,1.287240
latency,3,535,http1_rust_nodelay_production_req4096_resp32768_c16_keepalive_ms,1.722617
latency,3,536,http1_rust_nodelay_production_req4096_resp32768_c16_keepalive_ms,1.716017
latency,3,537,http1_rust_nodelay_production_req4096_resp32768_c16_keepalive_ms,1.653736
latency,3,538,http1_rust_nodelay_production_req4096_resp32768_c16_keepalive_ms,1.274900
latency,3,539,http1_rust_nodelay_production_req4096_resp32768_c16_keepalive_ms,1.708257
latency,3,540,http1_rust_nodelay_production_req4096_resp32768_c16_keepalive_ms,1.659355
latency,3,541,http1_rust_nodelay_production_req4096_resp32768_c16_keepalive_ms,1.267560
latency,3,542,http1_rust_nodelay_production_req4096_resp32768_c16_keepalive_ms,1.272290
latency,3,543,http1_rust_nodelay_production_req4096_resp32768_c16_keepalive_ms,1.596835
latency,3,544,http1_rust_nodelay_production_req4096_resp32768_c16_keepalive_ms,1.693457
latency,3,545,http1_rust_nodelay_production_req4096_resp32768_c16_keepalive_ms,1.576114
latency,3,546,http1_rust_nodelay_production_req4096_resp32768_c16_keepalive_ms,1.671086
latency,3,547,http1_rust_nodelay_production_req4096_resp32768_c16_keepalive_ms,1.626386
latency,3,548,http1_rust_nodelay_production_req4096_resp32768_c16_keepalive_ms,1.238429
latency,3,549,http1_rust_nodelay_production_req4096_resp32768_c16_keepalive_ms,1.704327
latency,3,550,http1_rust_nodelay_production_req4096_resp32768_c16_keepalive_ms,1.755167
latency,3,551,http1_rust_nodelay_production_req4096_resp32768_c16_keepalive_ms,1.692577
latency,3,552,http1_rust_nodelay_production_req4096_resp32768_c16_keepalive_ms,1.647265
latency,3,553,http1_rust_nodelay_production_req4096_resp32768_c16_keepalive_ms,1.723637
latency,3,554,http1_rust_nodelay_production_req4096_resp32768_c16_keepalive_ms,1.644286
latency,3,555,http1_rust_nodelay_production_req4096_resp32768_c16_keepalive_ms,1.278380
latency,3,556,http1_rust_nodelay_production_req4096_resp32768_c16_keepalive_ms,10.422533
latency,3,557,http1_rust_nodelay_production_req4096_resp32768_c16_keepalive_ms,1.140388
latency,3,558,http1_rust_nodelay_production_req4096_resp32768_c16_keepalive_ms,1.434102
latency,3,559,http1_rust_nodelay_production_req4096_resp32768_c16_keepalive_ms,1.047877
latency,3,1200,http1_rust_nodelay_production_req4096_resp32768_c16_keepalive_ms,1.524304
latency,3,1201,http1_rust_nodelay_production_req4096_resp32768_c16_keepalive_ms,2.048272
latency,3,1202,http1_rust_nodelay_production_req4096_resp32768_c16_keepalive_ms,1.304650
latency,3,1203,http1_rust_nodelay_production_req4096_resp32768_c16_keepalive_ms,1.626846
latency,3,1204,http1_rust_nodelay_production_req4096_resp32768_c16_keepalive_ms,1.333731
latency,3,1205,http1_rust_nodelay_production_req4096_resp32768_c16_keepalive_ms,1.310190
latency,3,1206,http1_rust_nodelay_production_req4096_resp32768_c16_keepalive_ms,1.287640
latency,3,1207,http1_rust_nodelay_production_req4096_resp32768_c16_keepalive_ms,1.655706
latency,3,1208,http1_rust_nodelay_production_req4096_resp32768_c16_keepalive_ms,1.723747
latency,3,1209,http1_rust_nodelay_production_req4096_resp32768_c16_keepalive_ms,1.782858
latency,3,1210,http1_rust_nodelay_production_req4096_resp32768_c16_keepalive_ms,1.763337
latency,3,1211,http1_rust_nodelay_production_req4096_resp32768_c16_keepalive_ms,1.699677
latency,3,1212,http1_rust_nodelay_production_req4096_resp32768_c16_keepalive_ms,1.697936
latency,3,1213,http1_rust_nodelay_production_req4096_resp32768_c16_keepalive_ms,1.650206
latency,3,1214,http1_rust_nodelay_production_req4096_resp32768_c16_keepalive_ms,1.858629
latency,3,1215,http1_rust_nodelay_production_req4096_resp32768_c16_keepalive_ms,1.315531
latency,3,1216,http1_rust_nodelay_production_req4096_resp32768_c16_keepalive_ms,1.552944
latency,3,1217,http1_rust_nodelay_production_req4096_resp32768_c16_keepalive_ms,1.264550
latency,3,1218,http1_rust_nodelay_production_req4096_resp32768_c16_keepalive_ms,1.641645
latency,3,1219,http1_rust_nodelay_production_req4096_resp32768_c16_keepalive_ms,1.723718
latency,3,1220,http1_rust_nodelay_production_req4096_resp32768_c16_keepalive_ms,1.684296
latency,3,1221,http1_rust_nodelay_production_req4096_resp32768_c16_keepalive_ms,1.300980
latency,3,1222,http1_rust_nodelay_production_req4096_resp32768_c16_keepalive_ms,1.355021
latency,3,1223,http1_rust_nodelay_production_req4096_resp32768_c16_keepalive_ms,1.616676
latency,3,1224,http1_rust_nodelay_production_req4096_resp32768_c16_keepalive_ms,1.779037
latency,3,1225,http1_rust_nodelay_production_req4096_resp32768_c16_keepalive_ms,1.329641
latency,3,1226,http1_rust_nodelay_production_req4096_resp32768_c16_keepalive_ms,1.693337
latency,3,1227,http1_rust_nodelay_production_req4096_resp32768_c16_keepalive_ms,1.641595
latency,3,1228,http1_rust_nodelay_production_req4096_resp32768_c16_keepalive_ms,1.719537
latency,3,1229,http1_rust_nodelay_production_req4096_resp32768_c16_keepalive_ms,1.724547
latency,3,1230,http1_rust_nodelay_production_req4096_resp32768_c16_keepalive_ms,1.757568
latency,3,1231,http1_rust_nodelay_production_req4096_resp32768_c16_keepalive_ms,1.998311
latency,3,1232,http1_rust_nodelay_production_req4096_resp32768_c16_keepalive_ms,1.766838
latency,3,1233,http1_rust_nodelay_production_req4096_resp32768_c16_keepalive_ms,1.455262
latency,3,1234,http1_rust_nodelay_production_req4096_resp32768_c16_keepalive_ms,1.366402
latency,3,1235,http1_rust_nodelay_production_req4096_resp32768_c16_keepalive_ms,1.480493
latency,3,1236,http1_rust_nodelay_production_req4096_resp32768_c16_keepalive_ms,1.286580
latency,3,1237,http1_rust_nodelay_production_req4096_resp32768_c16_keepalive_ms,1.725947
latency,3,1238,http1_rust_nodelay_production_req4096_resp32768_c16_keepalive_ms,1.253130
latency,3,1239,http1_rust_nodelay_production_req4096_resp32768_c16_keepalive_ms,1.292260
latency,3,1240,http1_rust_nodelay_production_req4096_resp32768_c16_keepalive_ms,1.706156
latency,3,1241,http1_rust_nodelay_production_req4096_resp32768_c16_keepalive_ms,1.681597
latency,3,1242,http1_rust_nodelay_production_req4096_resp32768_c16_keepalive_ms,1.273350
latency,3,1243,http1_rust_nodelay_production_req4096_resp32768_c16_keepalive_ms,1.470432
latency,3,1244,http1_rust_nodelay_production_req4096_resp32768_c16_keepalive_ms,1.668017
latency,3,1245,http1_rust_nodelay_production_req4096_resp32768_c16_keepalive_ms,1.789718
latency,3,1246,http1_rust_nodelay_production_req4096_resp32768_c16_keepalive_ms,1.671886
latency,3,1247,http1_rust_nodelay_production_req4096_resp32768_c16_keepalive_ms,1.266960
latency,3,1248,http1_rust_nodelay_production_req4096_resp32768_c16_keepalive_ms,1.685986
latency,3,1249,http1_rust_nodelay_production_req4096_resp32768_c16_keepalive_ms,1.275850
latency,3,1250,http1_rust_nodelay_production_req4096_resp32768_c16_keepalive_ms,1.580615
latency,3,1251,http1_rust_nodelay_production_req4096_resp32768_c16_keepalive_ms,1.835838
latency,3,1252,http1_rust_nodelay_production_req4096_resp32768_c16_keepalive_ms,1.784288
latency,3,1253,http1_rust_nodelay_production_req4096_resp32768_c16_keepalive_ms,1.649926
latency,3,1254,http1_rust_nodelay_production_req4096_resp32768_c16_keepalive_ms,1.348801
latency,3,1255,http1_rust_nodelay_production_req4096_resp32768_c16_keepalive_ms,1.631945
latency,3,1256,http1_rust_nodelay_production_req4096_resp32768_c16_keepalive_ms,1.284891
latency,3,1257,http1_rust_nodelay_production_req4096_resp32768_c16_keepalive_ms,1.271990
latency,3,1258,http1_rust_nodelay_production_req4096_resp32768_c16_keepalive_ms,10.661706
latency,3,1259,http1_rust_nodelay_production_req4096_resp32768_c16_keepalive_ms,1.598135
latency,3,1260,http1_rust_nodelay_production_req4096_resp32768_c16_keepalive_ms,1.343361
latency,3,1261,http1_rust_nodelay_production_req4096_resp32768_c16_keepalive_ms,1.626256
latency,3,1262,http1_rust_nodelay_production_req4096_resp32768_c16_keepalive_ms,1.298880
latency,3,1263,http1_rust_nodelay_production_req4096_resp32768_c16_keepalive_ms,1.602915
latency,3,1264,http1_rust_nodelay_production_req4096_resp32768_c16_keepalive_ms,1.730007
latency,3,1265,http1_rust_nodelay_production_req4096_resp32768_c16_keepalive_ms,1.710217
latency,3,1266,http1_rust_nodelay_production_req4096_resp32768_c16_keepalive_ms,1.685616
latency,3,1267,http1_rust_nodelay_production_req4096_resp32768_c16_keepalive_ms,1.285800
latency,3,1268,http1_rust_nodelay_production_req4096_resp32768_c16_keepalive_ms,1.697857
latency,3,1269,http1_rust_nodelay_production_req4096_resp32768_c16_keepalive_ms,1.661406
latency,3,1270,http1_rust_nodelay_production_req4096_resp32768_c16_keepalive_ms,1.641415
latency,3,1271,http1_rust_nodelay_production_req4096_resp32768_c16_keepalive_ms,1.640016
latency,3,1272,http1_rust_nodelay_production_req4096_resp32768_c16_keepalive_ms,1.685346
latency,3,1273,http1_rust_nodelay_production_req4096_resp32768_c16_keepalive_ms,2.165694
latency,3,1274,http1_rust_nodelay_production_req4096_resp32768_c16_keepalive_ms,2.072363
latency,3,1275,http1_rust_nodelay_production_req4096_resp32768_c16_keepalive_ms,1.658866
latency,3,1276,http1_rust_nodelay_production_req4096_resp32768_c16_keepalive_ms,1.871039
latency,3,1277,http1_rust_nodelay_production_req4096_resp32768_c16_keepalive_ms,1.131097
latency,3,1278,http1_rust_nodelay_production_req4096_resp32768_c16_keepalive_ms,1.436323
latency,3,1279,http1_rust_nodelay_production_req4096_resp32768_c16_keepalive_ms,8.057026
latency,3,160,http1_rust_nodelay_production_req4096_resp32768_c16_keepalive_ms,1.758278
latency,3,161,http1_rust_nodelay_production_req4096_resp32768_c16_keepalive_ms,1.926110
latency,3,162,http1_rust_nodelay_production_req4096_resp32768_c16_keepalive_ms,1.831848
latency,3,163,http1_rust_nodelay_production_req4096_resp32768_c16_keepalive_ms,1.669196
latency,3,164,http1_rust_nodelay_production_req4096_resp32768_c16_keepalive_ms,1.726097
latency,3,165,http1_rust_nodelay_production_req4096_resp32768_c16_keepalive_ms,1.704706
latency,3,166,http1_rust_nodelay_production_req4096_resp32768_c16_keepalive_ms,1.735057
latency,3,167,http1_rust_nodelay_production_req4096_resp32768_c16_keepalive_ms,1.739558
latency,3,168,http1_rust_nodelay_production_req4096_resp32768_c16_keepalive_ms,1.755177
latency,3,169,http1_rust_nodelay_production_req4096_resp32768_c16_keepalive_ms,10.511164
latency,3,170,http1_rust_nodelay_production_req4096_resp32768_c16_keepalive_ms,1.616256
latency,3,171,http1_rust_nodelay_production_req4096_resp32768_c16_keepalive_ms,1.329340
latency,3,172,http1_rust_nodelay_production_req4096_resp32768_c16_keepalive_ms,1.725267
latency,3,173,http1_rust_nodelay_production_req4096_resp32768_c16_keepalive_ms,1.358402
latency,3,174,http1_rust_nodelay_production_req4096_resp32768_c16_keepalive_ms,1.654475
latency,3,175,http1_rust_nodelay_production_req4096_resp32768_c16_keepalive_ms,1.693237
latency,3,176,http1_rust_nodelay_production_req4096_resp32768_c16_keepalive_ms,1.698146
latency,3,177,http1_rust_nodelay_production_req4096_resp32768_c16_keepalive_ms,1.527804
latency,3,178,http1_rust_nodelay_production_req4096_resp32768_c16_keepalive_ms,1.672606
latency,3,179,http1_rust_nodelay_production_req4096_resp32768_c16_keepalive_ms,1.332381
latency,3,180,http1_rust_nodelay_production_req4096_resp32768_c16_keepalive_ms,1.633526
latency,3,181,http1_rust_nodelay_production_req4096_resp32768_c16_keepalive_ms,6.864787
latency,3,182,http1_rust_nodelay_production_req4096_resp32768_c16_keepalive_ms,1.294290
latency,3,183,http1_rust_nodelay_production_req4096_resp32768_c16_keepalive_ms,1.398642
latency,3,184,http1_rust_nodelay_production_req4096_resp32768_c16_keepalive_ms,1.004506
latency,3,185,http1_rust_nodelay_production_req4096_resp32768_c16_keepalive_ms,1.829669
latency,3,186,http1_rust_nodelay_production_req4096_resp32768_c16_keepalive_ms,1.570654
latency,3,187,http1_rust_nodelay_production_req4096_resp32768_c16_keepalive_ms,1.798398
latency,3,188,http1_rust_nodelay_production_req4096_resp32768_c16_keepalive_ms,1.644536
latency,3,189,http1_rust_nodelay_production_req4096_resp32768_c16_keepalive_ms,1.322141
latency,3,190,http1_rust_nodelay_production_req4096_resp32768_c16_keepalive_ms,1.621305
latency,3,191,http1_rust_nodelay_production_req4096_resp32768_c16_keepalive_ms,1.658046
latency,3,192,http1_rust_nodelay_production_req4096_resp32768_c16_keepalive_ms,1.286260
latency,3,193,http1_rust_nodelay_production_req4096_resp32768_c16_keepalive_ms,7.148322
latency,3,194,http1_rust_nodelay_production_req4096_resp32768_c16_keepalive_ms,1.613155
latency,3,195,http1_rust_nodelay_production_req4096_resp32768_c16_keepalive_ms,1.293380
latency,3,196,http1_rust_nodelay_production_req4096_resp32768_c16_keepalive_ms,1.664106
latency,3,197,http1_rust_nodelay_production_req4096_resp32768_c16_keepalive_ms,1.639726
latency,3,198,http1_rust_nodelay_production_req4096_resp32768_c16_keepalive_ms,1.421972
latency,3,199,http1_rust_nodelay_production_req4096_resp32768_c16_keepalive_ms,1.209729
latency,3,200,http1_rust_nodelay_production_req4096_resp32768_c16_keepalive_ms,1.315670
latency,3,201,http1_rust_nodelay_production_req4096_resp32768_c16_keepalive_ms,1.657416
latency,3,202,http1_rust_nodelay_production_req4096_resp32768_c16_keepalive_ms,1.755638
latency,3,203,http1_rust_nodelay_production_req4096_resp32768_c16_keepalive_ms,1.294300
latency,3,204,http1_rust_nodelay_production_req4096_resp32768_c16_keepalive_ms,1.625166
latency,3,205,http1_rust_nodelay_production_req4096_resp32768_c16_keepalive_ms,1.642565
latency,3,206,http1_rust_nodelay_production_req4096_resp32768_c16_keepalive_ms,1.340351
latency,3,207,http1_rust_nodelay_production_req4096_resp32768_c16_keepalive_ms,1.687987
latency,3,208,http1_rust_nodelay_production_req4096_resp32768_c16_keepalive_ms,1.300050
latency,3,209,http1_rust_nodelay_production_req4096_resp32768_c16_keepalive_ms,1.256809
latency,3,210,http1_rust_nodelay_production_req4096_resp32768_c16_keepalive_ms,1.692267
latency,3,211,http1_rust_nodelay_production_req4096_resp32768_c16_keepalive_ms,1.742487
latency,3,212,http1_rust_nodelay_production_req4096_resp32768_c16_keepalive_ms,1.652386
latency,3,213,http1_rust_nodelay_production_req4096_resp32768_c16_keepalive_ms,1.723957
latency,3,214,http1_rust_nodelay_production_req4096_resp32768_c16_keepalive_ms,1.281010
latency,3,215,http1_rust_nodelay_production_req4096_resp32768_c16_keepalive_ms,1.665786
latency,3,216,http1_rust_nodelay_production_req4096_resp32768_c16_keepalive_ms,1.263940
latency,3,217,http1_rust_nodelay_production_req4096_resp32768_c16_keepalive_ms,1.647485
latency,3,218,http1_rust_nodelay_production_req4096_resp32768_c16_keepalive_ms,1.303931
latency,3,219,http1_rust_nodelay_production_req4096_resp32768_c16_keepalive_ms,1.693986
latency,3,220,http1_rust_nodelay_production_req4096_resp32768_c16_keepalive_ms,1.284131
latency,3,221,http1_rust_nodelay_production_req4096_resp32768_c16_keepalive_ms,1.707886
latency,3,222,http1_rust_nodelay_production_req4096_resp32768_c16_keepalive_ms,1.649236
latency,3,223,http1_rust_nodelay_production_req4096_resp32768_c16_keepalive_ms,1.259310
latency,3,224,http1_rust_nodelay_production_req4096_resp32768_c16_keepalive_ms,1.627145
latency,3,225,http1_rust_nodelay_production_req4096_resp32768_c16_keepalive_ms,1.634906
latency,3,226,http1_rust_nodelay_production_req4096_resp32768_c16_keepalive_ms,1.286620
latency,3,227,http1_rust_nodelay_production_req4096_resp32768_c16_keepalive_ms,2.060362
latency,3,228,http1_rust_nodelay_production_req4096_resp32768_c16_keepalive_ms,2.046332
latency,3,229,http1_rust_nodelay_production_req4096_resp32768_c16_keepalive_ms,1.667576
latency,3,230,http1_rust_nodelay_production_req4096_resp32768_c16_keepalive_ms,1.752147
latency,3,231,http1_rust_nodelay_production_req4096_resp32768_c16_keepalive_ms,1.131338
latency,3,232,http1_rust_nodelay_production_req4096_resp32768_c16_keepalive_ms,1.437403
latency,3,233,http1_rust_nodelay_production_req4096_resp32768_c16_keepalive_ms,1.020276
latency,3,234,http1_rust_nodelay_production_req4096_resp32768_c16_keepalive_ms,1.359211
latency,3,235,http1_rust_nodelay_production_req4096_resp32768_c16_keepalive_ms,1.182648
latency,3,236,http1_rust_nodelay_production_req4096_resp32768_c16_keepalive_ms,1.368122
latency,3,237,http1_rust_nodelay_production_req4096_resp32768_c16_keepalive_ms,1.186488
latency,3,238,http1_rust_nodelay_production_req4096_resp32768_c16_keepalive_ms,1.189789
latency,3,239,http1_rust_nodelay_production_req4096_resp32768_c16_keepalive_ms,1.025746
latency,3,640,http1_rust_nodelay_production_req4096_resp32768_c16_keepalive_ms,1.823678
latency,3,641,http1_rust_nodelay_production_req4096_resp32768_c16_keepalive_ms,1.912140
latency,3,642,http1_rust_nodelay_production_req4096_resp32768_c16_keepalive_ms,1.807918
latency,3,643,http1_rust_nodelay_production_req4096_resp32768_c16_keepalive_ms,1.673586
latency,3,644,http1_rust_nodelay_production_req4096_resp32768_c16_keepalive_ms,1.622246
latency,3,645,http1_rust_nodelay_production_req4096_resp32768_c16_keepalive_ms,1.706066
latency,3,646,http1_rust_nodelay_production_req4096_resp32768_c16_keepalive_ms,9.918285
latency,3,647,http1_rust_nodelay_production_req4096_resp32768_c16_keepalive_ms,1.281800
latency,3,648,http1_rust_nodelay_production_req4096_resp32768_c16_keepalive_ms,1.244390
latency,3,649,http1_rust_nodelay_production_req4096_resp32768_c16_keepalive_ms,9.029741
latency,3,650,http1_rust_nodelay_production_req4096_resp32768_c16_keepalive_ms,1.635136
latency,3,651,http1_rust_nodelay_production_req4096_resp32768_c16_keepalive_ms,1.928400
latency,3,652,http1_rust_nodelay_production_req4096_resp32768_c16_keepalive_ms,1.630955
latency,3,653,http1_rust_nodelay_production_req4096_resp32768_c16_keepalive_ms,1.061707
latency,3,654,http1_rust_nodelay_production_req4096_resp32768_c16_keepalive_ms,1.600955
latency,3,655,http1_rust_nodelay_production_req4096_resp32768_c16_keepalive_ms,1.742027
latency,3,656,http1_rust_nodelay_production_req4096_resp32768_c16_keepalive_ms,1.630506
latency,3,657,http1_rust_nodelay_production_req4096_resp32768_c16_keepalive_ms,1.360541
latency,3,658,http1_rust_nodelay_production_req4096_resp32768_c16_keepalive_ms,1.737527
latency,3,659,http1_rust_nodelay_production_req4096_resp32768_c16_keepalive_ms,1.640416
latency,3,660,http1_rust_nodelay_production_req4096_resp32768_c16_keepalive_ms,1.697336
latency,3,661,http1_rust_nodelay_production_req4096_resp32768_c16_keepalive_ms,1.315661
latency,3,662,http1_rust_nodelay_production_req4096_resp32768_c16_keepalive_ms,1.356521
latency,3,663,http1_rust_nodelay_production_req4096_resp32768_c16_keepalive_ms,1.835999
latency,3,664,http1_rust_nodelay_production_req4096_resp32768_c16_keepalive_ms,1.876839
latency,3,665,http1_rust_nodelay_production_req4096_resp32768_c16_keepalive_ms,1.289060
latency,3,666,http1_rust_nodelay_production_req4096_resp32768_c16_keepalive_ms,1.285780
latency,3,667,http1_rust_nodelay_production_req4096_resp32768_c16_keepalive_ms,1.638016
latency,3,668,http1_rust_nodelay_production_req4096_resp32768_c16_keepalive_ms,1.690386
latency,3,669,http1_rust_nodelay_production_req4096_resp32768_c16_keepalive_ms,1.638366
latency,3,670,http1_rust_nodelay_production_req4096_resp32768_c16_keepalive_ms,1.326061
latency,3,671,http1_rust_nodelay_production_req4096_resp32768_c16_keepalive_ms,1.663946
latency,3,672,http1_rust_nodelay_production_req4096_resp32768_c16_keepalive_ms,2.145503
latency,3,673,http1_rust_nodelay_production_req4096_resp32768_c16_keepalive_ms,1.257760
latency,3,674,http1_rust_nodelay_production_req4096_resp32768_c16_keepalive_ms,1.658666
latency,3,675,http1_rust_nodelay_production_req4096_resp32768_c16_keepalive_ms,1.364391
latency,3,676,http1_rust_nodelay_production_req4096_resp32768_c16_keepalive_ms,1.216629
latency,3,677,http1_rust_nodelay_production_req4096_resp32768_c16_keepalive_ms,1.597435
latency,3,678,http1_rust_nodelay_production_req4096_resp32768_c16_keepalive_ms,1.379552
latency,3,679,http1_rust_nodelay_production_req4096_resp32768_c16_keepalive_ms,1.606455
latency,3,680,http1_rust_nodelay_production_req4096_resp32768_c16_keepalive_ms,1.297340
latency,3,681,http1_rust_nodelay_production_req4096_resp32768_c16_keepalive_ms,1.744938
latency,3,682,http1_rust_nodelay_production_req4096_resp32768_c16_keepalive_ms,1.784907
latency,3,683,http1_rust_nodelay_production_req4096_resp32768_c16_keepalive_ms,1.724827
latency,3,684,http1_rust_nodelay_production_req4096_resp32768_c16_keepalive_ms,1.676706
latency,3,685,http1_rust_nodelay_production_req4096_resp32768_c16_keepalive_ms,1.310121
latency,3,686,http1_rust_nodelay_production_req4096_resp32768_c16_keepalive_ms,1.606325
latency,3,687,http1_rust_nodelay_production_req4096_resp32768_c16_keepalive_ms,1.240640
latency,3,688,http1_rust_nodelay_production_req4096_resp32768_c16_keepalive_ms,1.705436
latency,3,689,http1_rust_nodelay_production_req4096_resp32768_c16_keepalive_ms,1.675126
latency,3,690,http1_rust_nodelay_production_req4096_resp32768_c16_keepalive_ms,10.660417
latency,3,691,http1_rust_nodelay_production_req4096_resp32768_c16_keepalive_ms,1.671096
latency,3,692,http1_rust_nodelay_production_req4096_resp32768_c16_keepalive_ms,1.626675
latency,3,693,http1_rust_nodelay_production_req4096_resp32768_c16_keepalive_ms,1.715247
latency,3,694,http1_rust_nodelay_production_req4096_resp32768_c16_keepalive_ms,1.737057
latency,3,695,http1_rust_nodelay_production_req4096_resp32768_c16_keepalive_ms,1.663626
latency,3,696,http1_rust_nodelay_production_req4096_resp32768_c16_keepalive_ms,1.717337
latency,3,697,http1_rust_nodelay_production_req4096_resp32768_c16_keepalive_ms,1.269000
latency,3,698,http1_rust_nodelay_production_req4096_resp32768_c16_keepalive_ms,1.709857
latency,3,699,http1_rust_nodelay_production_req4096_resp32768_c16_keepalive_ms,1.473553
latency,3,700,http1_rust_nodelay_production_req4096_resp32768_c16_keepalive_ms,1.640785
latency,3,701,http1_rust_nodelay_production_req4096_resp32768_c16_keepalive_ms,1.660677
latency,3,702,http1_rust_nodelay_production_req4096_resp32768_c16_keepalive_ms,1.247919
latency,3,703,http1_rust_nodelay_production_req4096_resp32768_c16_keepalive_ms,2.185554
latency,3,704,http1_rust_nodelay_production_req4096_resp32768_c16_keepalive_ms,2.153744
latency,3,705,http1_rust_nodelay_production_req4096_resp32768_c16_keepalive_ms,1.878269
latency,3,706,http1_rust_nodelay_production_req4096_resp32768_c16_keepalive_ms,1.398902
latency,3,707,http1_rust_nodelay_production_req4096_resp32768_c16_keepalive_ms,1.164008
latency,3,708,http1_rust_nodelay_production_req4096_resp32768_c16_keepalive_ms,1.370402
latency,3,709,http1_rust_nodelay_production_req4096_resp32768_c16_keepalive_ms,1.040856
latency,3,710,http1_rust_nodelay_production_req4096_resp32768_c16_keepalive_ms,1.289520
latency,3,711,http1_rust_nodelay_production_req4096_resp32768_c16_keepalive_ms,1.614395
latency,3,712,http1_rust_nodelay_production_req4096_resp32768_c16_keepalive_ms,1.103258
latency,3,713,http1_rust_nodelay_production_req4096_resp32768_c16_keepalive_ms,0.934414
latency,3,714,http1_rust_nodelay_production_req4096_resp32768_c16_keepalive_ms,1.212519
latency,3,715,http1_rust_nodelay_production_req4096_resp32768_c16_keepalive_ms,1.133278
latency,3,716,http1_rust_nodelay_production_req4096_resp32768_c16_keepalive_ms,0.986295
latency,3,717,http1_rust_nodelay_production_req4096_resp32768_c16_keepalive_ms,0.757182
latency,3,718,http1_rust_nodelay_production_req4096_resp32768_c16_keepalive_ms,1.422902
latency,3,719,http1_rust_nodelay_production_req4096_resp32768_c16_keepalive_ms,0.747902
latency,3,1040,http1_rust_nodelay_production_req4096_resp32768_c16_keepalive_ms,1.739957
latency,3,1041,http1_rust_nodelay_production_req4096_resp32768_c16_keepalive_ms,9.656451
latency,3,1042,http1_rust_nodelay_production_req4096_resp32768_c16_keepalive_ms,1.642446
latency,3,1043,http1_rust_nodelay_production_req4096_resp32768_c16_keepalive_ms,1.353531
latency,3,1044,http1_rust_nodelay_production_req4096_resp32768_c16_keepalive_ms,1.343421
latency,3,1045,http1_rust_nodelay_production_req4096_resp32768_c16_keepalive_ms,1.687947
latency,3,1046,http1_rust_nodelay_production_req4096_resp32768_c16_keepalive_ms,1.342611
latency,3,1047,http1_rust_nodelay_production_req4096_resp32768_c16_keepalive_ms,1.698606
latency,3,1048,http1_rust_nodelay_production_req4096_resp32768_c16_keepalive_ms,1.282720
latency,3,1049,http1_rust_nodelay_production_req4096_resp32768_c16_keepalive_ms,1.640196
latency,3,1050,http1_rust_nodelay_production_req4096_resp32768_c16_keepalive_ms,0.943465
latency,3,1051,http1_rust_nodelay_production_req4096_resp32768_c16_keepalive_ms,1.610775
latency,3,1052,http1_rust_nodelay_production_req4096_resp32768_c16_keepalive_ms,1.223859
latency,3,1053,http1_rust_nodelay_production_req4096_resp32768_c16_keepalive_ms,1.642066
latency,3,1054,http1_rust_nodelay_production_req4096_resp32768_c16_keepalive_ms,1.374831
latency,3,1055,http1_rust_nodelay_production_req4096_resp32768_c16_keepalive_ms,1.672376
latency,3,1056,http1_rust_nodelay_production_req4096_resp32768_c16_keepalive_ms,1.220099
latency,3,1057,http1_rust_nodelay_production_req4096_resp32768_c16_keepalive_ms,1.651116
latency,3,1058,http1_rust_nodelay_production_req4096_resp32768_c16_keepalive_ms,1.577585
latency,3,1059,http1_rust_nodelay_production_req4096_resp32768_c16_keepalive_ms,1.702896
latency,3,1060,http1_rust_nodelay_production_req4096_resp32768_c16_keepalive_ms,1.263800
latency,3,1061,http1_rust_nodelay_production_req4096_resp32768_c16_keepalive_ms,1.650846
latency,3,1062,http1_rust_nodelay_production_req4096_resp32768_c16_keepalive_ms,1.392422
latency,3,1063,http1_rust_nodelay_production_req4096_resp32768_c16_keepalive_ms,1.614675
latency,3,1064,http1_rust_nodelay_production_req4096_resp32768_c16_keepalive_ms,1.348551
latency,3,1065,http1_rust_nodelay_production_req4096_resp32768_c16_keepalive_ms,1.623375
latency,3,1066,http1_rust_nodelay_production_req4096_resp32768_c16_keepalive_ms,1.417693
latency,3,1067,http1_rust_nodelay_production_req4096_resp32768_c16_keepalive_ms,1.644275
latency,3,1068,http1_rust_nodelay_production_req4096_resp32768_c16_keepalive_ms,1.704737
latency,3,1069,http1_rust_nodelay_production_req4096_resp32768_c16_keepalive_ms,10.794099
latency,3,1070,http1_rust_nodelay_production_req4096_resp32768_c16_keepalive_ms,1.719196
latency,3,1071,http1_rust_nodelay_production_req4096_resp32768_c16_keepalive_ms,1.635166
latency,3,1072,http1_rust_nodelay_production_req4096_resp32768_c16_keepalive_ms,1.622015
latency,3,1073,http1_rust_nodelay_production_req4096_resp32768_c16_keepalive_ms,1.493894
latency,3,1074,http1_rust_nodelay_production_req4096_resp32768_c16_keepalive_ms,1.671686
latency,3,1075,http1_rust_nodelay_production_req4096_resp32768_c16_keepalive_ms,1.790248
latency,3,1076,http1_rust_nodelay_production_req4096_resp32768_c16_keepalive_ms,1.718967
latency,3,1077,http1_rust_nodelay_production_req4096_resp32768_c16_keepalive_ms,1.645245
latency,3,1078,http1_rust_nodelay_production_req4096_resp32768_c16_keepalive_ms,10.351282
latency,3,1079,http1_rust_nodelay_production_req4096_resp32768_c16_keepalive_ms,1.671776
latency,3,1080,http1_rust_nodelay_production_req4096_resp32768_c16_keepalive_ms,1.717697
latency,3,1081,http1_rust_nodelay_production_req4096_resp32768_c16_keepalive_ms,1.651796
latency,3,1082,http1_rust_nodelay_production_req4096_resp32768_c16_keepalive_ms,1.650936
latency,3,1083,http1_rust_nodelay_production_req4096_resp32768_c16_keepalive_ms,1.305440
latency,3,1084,http1_rust_nodelay_production_req4096_resp32768_c16_keepalive_ms,1.667596
latency,3,1085,http1_rust_nodelay_production_req4096_resp32768_c16_keepalive_ms,1.698007
latency,3,1086,http1_rust_nodelay_production_req4096_resp32768_c16_keepalive_ms,1.245649
latency,3,1087,http1_rust_nodelay_production_req4096_resp32768_c16_keepalive_ms,1.293831
latency,3,1088,http1_rust_nodelay_production_req4096_resp32768_c16_keepalive_ms,1.713336
latency,3,1089,http1_rust_nodelay_production_req4096_resp32768_c16_keepalive_ms,1.239450
latency,3,1090,http1_rust_nodelay_production_req4096_resp32768_c16_keepalive_ms,1.744227
latency,3,1091,http1_rust_nodelay_production_req4096_resp32768_c16_keepalive_ms,1.623505
latency,3,1092,http1_rust_nodelay_production_req4096_resp32768_c16_keepalive_ms,1.319811
latency,3,1093,http1_rust_nodelay_production_req4096_resp32768_c16_keepalive_ms,1.629896
latency,3,1094,http1_rust_nodelay_production_req4096_resp32768_c16_keepalive_ms,1.326390
latency,3,1095,http1_rust_nodelay_production_req4096_resp32768_c16_keepalive_ms,1.661936
latency,3,1096,http1_rust_nodelay_production_req4096_resp32768_c16_keepalive_ms,1.295840
latency,3,1097,http1_rust_nodelay_production_req4096_resp32768_c16_keepalive_ms,1.647736
latency,3,1098,http1_rust_nodelay_production_req4096_resp32768_c16_keepalive_ms,1.333501
latency,3,1099,http1_rust_nodelay_production_req4096_resp32768_c16_keepalive_ms,1.723087
latency,3,1100,http1_rust_nodelay_production_req4096_resp32768_c16_keepalive_ms,1.645026
latency,3,1101,http1_rust_nodelay_production_req4096_resp32768_c16_keepalive_ms,1.639995
latency,3,1102,http1_rust_nodelay_production_req4096_resp32768_c16_keepalive_ms,1.662606
latency,3,1103,http1_rust_nodelay_production_req4096_resp32768_c16_keepalive_ms,1.656486
latency,3,1104,http1_rust_nodelay_production_req4096_resp32768_c16_keepalive_ms,1.822139
latency,3,1105,http1_rust_nodelay_production_req4096_resp32768_c16_keepalive_ms,2.087202
latency,3,1106,http1_rust_nodelay_production_req4096_resp32768_c16_keepalive_ms,1.874630
latency,3,1107,http1_rust_nodelay_production_req4096_resp32768_c16_keepalive_ms,5.433504
latency,3,1108,http1_rust_nodelay_production_req4096_resp32768_c16_keepalive_ms,1.189489
latency,3,1109,http1_rust_nodelay_production_req4096_resp32768_c16_keepalive_ms,1.536624
latency,3,1110,http1_rust_nodelay_production_req4096_resp32768_c16_keepalive_ms,0.943225
latency,3,1111,http1_rust_nodelay_production_req4096_resp32768_c16_keepalive_ms,1.179558
latency,3,1112,http1_rust_nodelay_production_req4096_resp32768_c16_keepalive_ms,0.948625
latency,3,1113,http1_rust_nodelay_production_req4096_resp32768_c16_keepalive_ms,1.343731
latency,3,1114,http1_rust_nodelay_production_req4096_resp32768_c16_keepalive_ms,0.771262
latency,3,1115,http1_rust_nodelay_production_req4096_resp32768_c16_keepalive_ms,0.754702
latency,3,1116,http1_rust_nodelay_production_req4096_resp32768_c16_keepalive_ms,1.700437
latency,3,1117,http1_rust_nodelay_production_req4096_resp32768_c16_keepalive_ms,1.126717
latency,3,1118,http1_rust_nodelay_production_req4096_resp32768_c16_keepalive_ms,0.839483
latency,3,1119,http1_rust_nodelay_production_req4096_resp32768_c16_keepalive_ms,0.688101
latency,3,880,http1_rust_nodelay_production_req4096_resp32768_c16_keepalive_ms,1.841428
latency,3,881,http1_rust_nodelay_production_req4096_resp32768_c16_keepalive_ms,1.913450
latency,3,882,http1_rust_nodelay_production_req4096_resp32768_c16_keepalive_ms,1.807819
latency,3,883,http1_rust_nodelay_production_req4096_resp32768_c16_keepalive_ms,1.672736
latency,3,884,http1_rust_nodelay_production_req4096_resp32768_c16_keepalive_ms,1.392302
latency,3,885,http1_rust_nodelay_production_req4096_resp32768_c16_keepalive_ms,1.593024
latency,3,886,http1_rust_nodelay_production_req4096_resp32768_c16_keepalive_ms,1.595195
latency,3,887,http1_rust_nodelay_production_req4096_resp32768_c16_keepalive_ms,1.638166
latency,3,888,http1_rust_nodelay_production_req4096_resp32768_c16_keepalive_ms,1.339531
latency,3,889,http1_rust_nodelay_production_req4096_resp32768_c16_keepalive_ms,1.347171
latency,3,890,http1_rust_nodelay_production_req4096_resp32768_c16_keepalive_ms,1.674786
latency,3,891,http1_rust_nodelay_production_req4096_resp32768_c16_keepalive_ms,1.369902
latency,3,892,http1_rust_nodelay_production_req4096_resp32768_c16_keepalive_ms,10.722437
latency,3,893,http1_rust_nodelay_production_req4096_resp32768_c16_keepalive_ms,1.723727
latency,3,894,http1_rust_nodelay_production_req4096_resp32768_c16_keepalive_ms,1.685466
latency,3,895,http1_rust_nodelay_production_req4096_resp32768_c16_keepalive_ms,1.301631
latency,3,896,http1_rust_nodelay_production_req4096_resp32768_c16_keepalive_ms,1.677496
latency,3,897,http1_rust_nodelay_production_req4096_resp32768_c16_keepalive_ms,1.293400
latency,3,898,http1_rust_nodelay_production_req4096_resp32768_c16_keepalive_ms,10.811789
latency,3,899,http1_rust_nodelay_production_req4096_resp32768_c16_keepalive_ms,1.821819
latency,3,900,http1_rust_nodelay_production_req4096_resp32768_c16_keepalive_ms,1.739697
latency,3,901,http1_rust_nodelay_production_req4096_resp32768_c16_keepalive_ms,1.843419
latency,3,902,http1_rust_nodelay_production_req4096_resp32768_c16_keepalive_ms,1.785858
latency,3,903,http1_rust_nodelay_production_req4096_resp32768_c16_keepalive_ms,1.870629
latency,3,904,http1_rust_nodelay_production_req4096_resp32768_c16_keepalive_ms,1.685986
latency,3,905,http1_rust_nodelay_production_req4096_resp32768_c16_keepalive_ms,1.278610
latency,3,906,http1_rust_nodelay_production_req4096_resp32768_c16_keepalive_ms,1.707727
latency,3,907,http1_rust_nodelay_production_req4096_resp32768_c16_keepalive_ms,1.224369
latency,3,908,http1_rust_nodelay_production_req4096_resp32768_c16_keepalive_ms,1.729397
latency,3,909,http1_rust_nodelay_production_req4096_resp32768_c16_keepalive_ms,1.654006
latency,3,910,http1_rust_nodelay_production_req4096_resp32768_c16_keepalive_ms,13.262137
latency,3,911,http1_rust_nodelay_production_req4096_resp32768_c16_keepalive_ms,1.379192
latency,3,912,http1_rust_nodelay_production_req4096_resp32768_c16_keepalive_ms,1.714927
latency,3,913,http1_rust_nodelay_production_req4096_resp32768_c16_keepalive_ms,1.705316
latency,3,914,http1_rust_nodelay_production_req4096_resp32768_c16_keepalive_ms,1.336851
latency,3,915,http1_rust_nodelay_production_req4096_resp32768_c16_keepalive_ms,1.666316
latency,3,916,http1_rust_nodelay_production_req4096_resp32768_c16_keepalive_ms,1.228949
latency,3,917,http1_rust_nodelay_production_req4096_resp32768_c16_keepalive_ms,1.606216
latency,3,918,http1_rust_nodelay_production_req4096_resp32768_c16_keepalive_ms,1.663825
latency,3,919,http1_rust_nodelay_production_req4096_resp32768_c16_keepalive_ms,1.663497
latency,3,920,http1_rust_nodelay_production_req4096_resp32768_c16_keepalive_ms,1.746687
latency,3,921,http1_rust_nodelay_production_req4096_resp32768_c16_keepalive_ms,1.696136
latency,3,922,http1_rust_nodelay_production_req4096_resp32768_c16_keepalive_ms,1.592615
latency,3,923,http1_rust_nodelay_production_req4096_resp32768_c16_keepalive_ms,1.701867
latency,3,924,http1_rust_nodelay_production_req4096_resp32768_c16_keepalive_ms,1.697406
latency,3,925,http1_rust_nodelay_production_req4096_resp32768_c16_keepalive_ms,1.741748
latency,3,926,http1_rust_nodelay_production_req4096_resp32768_c16_keepalive_ms,1.300570
latency,3,927,http1_rust_nodelay_production_req4096_resp32768_c16_keepalive_ms,1.653846
latency,3,928,http1_rust_nodelay_production_req4096_resp32768_c16_keepalive_ms,1.250679
latency,3,929,http1_rust_nodelay_production_req4096_resp32768_c16_keepalive_ms,1.600676
latency,3,930,http1_rust_nodelay_production_req4096_resp32768_c16_keepalive_ms,1.370641
latency,3,931,http1_rust_nodelay_production_req4096_resp32768_c16_keepalive_ms,1.651576
latency,3,932,http1_rust_nodelay_production_req4096_resp32768_c16_keepalive_ms,1.368171
latency,3,933,http1_rust_nodelay_production_req4096_resp32768_c16_keepalive_ms,1.617155
latency,3,934,http1_rust_nodelay_production_req4096_resp32768_c16_keepalive_ms,1.680227
latency,3,935,http1_rust_nodelay_production_req4096_resp32768_c16_keepalive_ms,1.317710
latency,3,936,http1_rust_nodelay_production_req4096_resp32768_c16_keepalive_ms,1.618455
latency,3,937,http1_rust_nodelay_production_req4096_resp32768_c16_keepalive_ms,1.653096
latency,3,938,http1_rust_nodelay_production_req4096_resp32768_c16_keepalive_ms,1.259950
latency,3,939,http1_rust_nodelay_production_req4096_resp32768_c16_keepalive_ms,2.077293
latency,3,940,http1_rust_nodelay_production_req4096_resp32768_c16_keepalive_ms,0.936894
latency,3,941,http1_rust_nodelay_production_req4096_resp32768_c16_keepalive_ms,2.152614
latency,3,942,http1_rust_nodelay_production_req4096_resp32768_c16_keepalive_ms,1.879199
latency,3,943,http1_rust_nodelay_production_req4096_resp32768_c16_keepalive_ms,1.393942
latency,3,944,http1_rust_nodelay_production_req4096_resp32768_c16_keepalive_ms,1.142798
latency,3,945,http1_rust_nodelay_production_req4096_resp32768_c16_keepalive_ms,1.098727
latency,3,946,http1_rust_nodelay_production_req4096_resp32768_c16_keepalive_ms,1.323571
latency,3,947,http1_rust_nodelay_production_req4096_resp32768_c16_keepalive_ms,1.059846
latency,3,948,http1_rust_nodelay_production_req4096_resp32768_c16_keepalive_ms,1.173049
latency,3,949,http1_rust_nodelay_production_req4096_resp32768_c16_keepalive_ms,1.604105
latency,3,950,http1_rust_nodelay_production_req4096_resp32768_c16_keepalive_ms,0.950374
latency,3,951,http1_rust_nodelay_production_req4096_resp32768_c16_keepalive_ms,1.202589
latency,3,952,http1_rust_nodelay_production_req4096_resp32768_c16_keepalive_ms,1.096408
latency,3,953,http1_rust_nodelay_production_req4096_resp32768_c16_keepalive_ms,1.059026
latency,3,954,http1_rust_nodelay_production_req4096_resp32768_c16_keepalive_ms,0.769512
latency,3,955,http1_rust_nodelay_production_req4096_resp32768_c16_keepalive_ms,1.407692
latency,3,956,http1_rust_nodelay_production_req4096_resp32768_c16_keepalive_ms,0.768782
latency,3,957,http1_rust_nodelay_production_req4096_resp32768_c16_keepalive_ms,1.286060
latency,3,958,http1_rust_nodelay_production_req4096_resp32768_c16_keepalive_ms,0.649330
latency,3,959,http1_rust_nodelay_production_req4096_resp32768_c16_keepalive_ms,0.811173
latency,3,80,http1_rust_nodelay_production_req4096_resp32768_c16_keepalive_ms,1.859439
latency,3,81,http1_rust_nodelay_production_req4096_resp32768_c16_keepalive_ms,1.767878
latency,3,82,http1_rust_nodelay_production_req4096_resp32768_c16_keepalive_ms,1.829988
latency,3,83,http1_rust_nodelay_production_req4096_resp32768_c16_keepalive_ms,1.669416
latency,3,84,http1_rust_nodelay_production_req4096_resp32768_c16_keepalive_ms,1.727047
latency,3,85,http1_rust_nodelay_production_req4096_resp32768_c16_keepalive_ms,1.705747
latency,3,86,http1_rust_nodelay_production_req4096_resp32768_c16_keepalive_ms,1.732017
latency,3,87,http1_rust_nodelay_production_req4096_resp32768_c16_keepalive_ms,1.271970
latency,3,88,http1_rust_nodelay_production_req4096_resp32768_c16_keepalive_ms,10.323401
latency,3,89,http1_rust_nodelay_production_req4096_resp32768_c16_keepalive_ms,1.643066
latency,3,90,http1_rust_nodelay_production_req4096_resp32768_c16_keepalive_ms,10.288061
latency,3,91,http1_rust_nodelay_production_req4096_resp32768_c16_keepalive_ms,1.696486
latency,3,92,http1_rust_nodelay_production_req4096_resp32768_c16_keepalive_ms,1.632115
latency,3,93,http1_rust_nodelay_production_req4096_resp32768_c16_keepalive_ms,1.308501
latency,3,94,http1_rust_nodelay_production_req4096_resp32768_c16_keepalive_ms,1.715327
latency,3,95,http1_rust_nodelay_production_req4096_resp32768_c16_keepalive_ms,1.252250
latency,3,96,http1_rust_nodelay_production_req4096_resp32768_c16_keepalive_ms,1.728966
latency,3,97,http1_rust_nodelay_production_req4096_resp32768_c16_keepalive_ms,1.282121
latency,3,98,http1_rust_nodelay_production_req4096_resp32768_c16_keepalive_ms,1.335261
latency,3,99,http1_rust_nodelay_production_req4096_resp32768_c16_keepalive_ms,1.292980
latency,3,100,http1_rust_nodelay_production_req4096_resp32768_c16_keepalive_ms,1.692016
latency,3,101,http1_rust_nodelay_production_req4096_resp32768_c16_keepalive_ms,1.777538
latency,3,102,http1_rust_nodelay_production_req4096_resp32768_c16_keepalive_ms,1.824758
latency,3,103,http1_rust_nodelay_production_req4096_resp32768_c16_keepalive_ms,2.014692
latency,3,104,http1_rust_nodelay_production_req4096_resp32768_c16_keepalive_ms,1.298230
latency,3,105,http1_rust_nodelay_production_req4096_resp32768_c16_keepalive_ms,10.735178
latency,3,106,http1_rust_nodelay_production_req4096_resp32768_c16_keepalive_ms,1.459833
latency,3,107,http1_rust_nodelay_production_req4096_resp32768_c16_keepalive_ms,1.374651
latency,3,108,http1_rust_nodelay_production_req4096_resp32768_c16_keepalive_ms,1.356892
latency,3,109,http1_rust_nodelay_production_req4096_resp32768_c16_keepalive_ms,1.279199
latency,3,110,http1_rust_nodelay_production_req4096_resp32768_c16_keepalive_ms,1.624006
latency,3,111,http1_rust_nodelay_production_req4096_resp32768_c16_keepalive_ms,1.621325
latency,3,112,http1_rust_nodelay_production_req4096_resp32768_c16_keepalive_ms,1.275810
latency,3,113,http1_rust_nodelay_production_req4096_resp32768_c16_keepalive_ms,1.580065
latency,3,114,http1_rust_nodelay_production_req4096_resp32768_c16_keepalive_ms,9.028111
latency,3,115,http1_rust_nodelay_production_req4096_resp32768_c16_keepalive_ms,1.608025
latency,3,116,http1_rust_nodelay_production_req4096_resp32768_c16_keepalive_ms,1.663916
latency,3,117,http1_rust_nodelay_production_req4096_resp32768_c16_keepalive_ms,1.663156
latency,3,118,http1_rust_nodelay_production_req4096_resp32768_c16_keepalive_ms,1.747818
latency,3,119,http1_rust_nodelay_production_req4096_resp32768_c16_keepalive_ms,1.239659
latency,3,120,http1_rust_nodelay_production_req4096_resp32768_c16_keepalive_ms,1.665146
latency,3,121,http1_rust_nodelay_production_req4096_resp32768_c16_keepalive_ms,1.739007
latency,3,122,http1_rust_nodelay_production_req4096_resp32768_c16_keepalive_ms,1.695976
latency,3,123,http1_rust_nodelay_production_req4096_resp32768_c16_keepalive_ms,1.692097
latency,3,124,http1_rust_nodelay_production_req4096_resp32768_c16_keepalive_ms,1.359141
latency,3,125,http1_rust_nodelay_production_req4096_resp32768_c16_keepalive_ms,1.586825
latency,3,126,http1_rust_nodelay_production_req4096_resp32768_c16_keepalive_ms,1.546744
latency,3,127,http1_rust_nodelay_production_req4096_resp32768_c16_keepalive_ms,1.285000
latency,3,128,http1_rust_nodelay_production_req4096_resp32768_c16_keepalive_ms,1.683097
latency,3,129,http1_rust_nodelay_production_req4096_resp32768_c16_keepalive_ms,1.702676
latency,3,130,http1_rust_nodelay_production_req4096_resp32768_c16_keepalive_ms,1.726387
latency,3,131,http1_rust_nodelay_production_req4096_resp32768_c16_keepalive_ms,1.693667
latency,3,132,http1_rust_nodelay_production_req4096_resp32768_c16_keepalive_ms,1.249489
latency,3,133,http1_rust_nodelay_production_req4096_resp32768_c16_keepalive_ms,1.606016
latency,3,134,http1_rust_nodelay_production_req4096_resp32768_c16_keepalive_ms,1.292770
latency,3,135,http1_rust_nodelay_production_req4096_resp32768_c16_keepalive_ms,1.589604
latency,3,136,http1_rust_nodelay_production_req4096_resp32768_c16_keepalive_ms,1.273370
latency,3,137,http1_rust_nodelay_production_req4096_resp32768_c16_keepalive_ms,1.986972
latency,3,138,http1_rust_nodelay_production_req4096_resp32768_c16_keepalive_ms,2.675311
latency,3,139,http1_rust_nodelay_production_req4096_resp32768_c16_keepalive_ms,1.354882
latency,3,140,http1_rust_nodelay_production_req4096_resp32768_c16_keepalive_ms,1.840198
latency,3,141,http1_rust_nodelay_production_req4096_resp32768_c16_keepalive_ms,1.404042
latency,3,142,http1_rust_nodelay_production_req4096_resp32768_c16_keepalive_ms,1.446293
latency,3,143,http1_rust_nodelay_production_req4096_resp32768_c16_keepalive_ms,1.042496
latency,3,144,http1_rust_nodelay_production_req4096_resp32768_c16_keepalive_ms,1.342671
latency,3,145,http1_rust_nodelay_production_req4096_resp32768_c16_keepalive_ms,0.941945
latency,3,146,http1_rust_nodelay_production_req4096_resp32768_c16_keepalive_ms,1.347441
latency,3,147,http1_rust_nodelay_production_req4096_resp32768_c16_keepalive_ms,1.179698
latency,3,148,http1_rust_nodelay_production_req4096_resp32768_c16_keepalive_ms,0.918735
latency,3,149,http1_rust_nodelay_production_req4096_resp32768_c16_keepalive_ms,1.303190
latency,3,150,http1_rust_nodelay_production_req4096_resp32768_c16_keepalive_ms,1.021266
latency,3,151,http1_rust_nodelay_production_req4096_resp32768_c16_keepalive_ms,0.968765
latency,3,152,http1_rust_nodelay_production_req4096_resp32768_c16_keepalive_ms,1.544234
latency,3,153,http1_rust_nodelay_production_req4096_resp32768_c16_keepalive_ms,0.997876
latency,3,154,http1_rust_nodelay_production_req4096_resp32768_c16_keepalive_ms,1.284920
latency,3,155,http1_rust_nodelay_production_req4096_resp32768_c16_keepalive_ms,0.649630
latency,3,156,http1_rust_nodelay_production_req4096_resp32768_c16_keepalive_ms,0.690451
latency,3,157,http1_rust_nodelay_production_req4096_resp32768_c16_keepalive_ms,0.823073
latency,3,158,http1_rust_nodelay_production_req4096_resp32768_c16_keepalive_ms,0.455177
latency,3,159,http1_rust_nodelay_production_req4096_resp32768_c16_keepalive_ms,0.452027
latency,3,960,http1_rust_nodelay_production_req4096_resp32768_c16_keepalive_ms,1.901890
latency,3,961,http1_rust_nodelay_production_req4096_resp32768_c16_keepalive_ms,1.908620
latency,3,962,http1_rust_nodelay_production_req4096_resp32768_c16_keepalive_ms,1.442222
latency,3,963,http1_rust_nodelay_production_req4096_resp32768_c16_keepalive_ms,1.251720
latency,3,964,http1_rust_nodelay_production_req4096_resp32768_c16_keepalive_ms,1.746317
latency,3,965,http1_rust_nodelay_production_req4096_resp32768_c16_keepalive_ms,1.308130
latency,3,966,http1_rust_nodelay_production_req4096_resp32768_c16_keepalive_ms,1.591245
latency,3,967,http1_rust_nodelay_production_req4096_resp32768_c16_keepalive_ms,1.631966
latency,3,968,http1_rust_nodelay_production_req4096_resp32768_c16_keepalive_ms,1.773287
latency,3,969,http1_rust_nodelay_production_req4096_resp32768_c16_keepalive_ms,1.741888
latency,3,970,http1_rust_nodelay_production_req4096_resp32768_c16_keepalive_ms,1.718397
latency,3,971,http1_rust_nodelay_production_req4096_resp32768_c16_keepalive_ms,1.747267
latency,3,972,http1_rust_nodelay_production_req4096_resp32768_c16_keepalive_ms,1.637985
latency,3,973,http1_rust_nodelay_production_req4096_resp32768_c16_keepalive_ms,1.738008
latency,3,974,http1_rust_nodelay_production_req4096_resp32768_c16_keepalive_ms,1.729247
latency,3,975,http1_rust_nodelay_production_req4096_resp32768_c16_keepalive_ms,1.622495
latency,3,976,http1_rust_nodelay_production_req4096_resp32768_c16_keepalive_ms,1.652026
latency,3,977,http1_rust_nodelay_production_req4096_resp32768_c16_keepalive_ms,1.798878
latency,3,978,http1_rust_nodelay_production_req4096_resp32768_c16_keepalive_ms,1.326771
latency,3,979,http1_rust_nodelay_production_req4096_resp32768_c16_keepalive_ms,1.663436
latency,3,980,http1_rust_nodelay_production_req4096_resp32768_c16_keepalive_ms,1.320020
latency,3,981,http1_rust_nodelay_production_req4096_resp32768_c16_keepalive_ms,1.335301
latency,3,982,http1_rust_nodelay_production_req4096_resp32768_c16_keepalive_ms,1.630156
latency,3,983,http1_rust_nodelay_production_req4096_resp32768_c16_keepalive_ms,7.230943
latency,3,984,http1_rust_nodelay_production_req4096_resp32768_c16_keepalive_ms,1.760327
latency,3,985,http1_rust_nodelay_production_req4096_resp32768_c16_keepalive_ms,1.695067
latency,3,986,http1_rust_nodelay_production_req4096_resp32768_c16_keepalive_ms,8.711456
latency,3,987,http1_rust_nodelay_production_req4096_resp32768_c16_keepalive_ms,1.763798
latency,3,988,http1_rust_nodelay_production_req4096_resp32768_c16_keepalive_ms,1.764717
latency,3,989,http1_rust_nodelay_production_req4096_resp32768_c16_keepalive_ms,1.693107
latency,3,990,http1_rust_nodelay_production_req4096_resp32768_c16_keepalive_ms,1.626795
latency,3,991,http1_rust_nodelay_production_req4096_resp32768_c16_keepalive_ms,1.673496
latency,3,992,http1_rust_nodelay_production_req4096_resp32768_c16_keepalive_ms,1.292480
latency,3,993,http1_rust_nodelay_production_req4096_resp32768_c16_keepalive_ms,1.724467
latency,3,994,http1_rust_nodelay_production_req4096_resp32768_c16_keepalive_ms,1.525484
latency,3,995,http1_rust_nodelay_production_req4096_resp32768_c16_keepalive_ms,1.285870
latency,3,996,http1_rust_nodelay_production_req4096_resp32768_c16_keepalive_ms,6.035525
latency,3,997,http1_rust_nodelay_production_req4096_resp32768_c16_keepalive_ms,1.627915
latency,3,998,http1_rust_nodelay_production_req4096_resp32768_c16_keepalive_ms,1.234999
latency,3,999,http1_rust_nodelay_production_req4096_resp32768_c16_keepalive_ms,1.833299
latency,3,1000,http1_rust_nodelay_production_req4096_resp32768_c16_keepalive_ms,1.749517
latency,3,1001,http1_rust_nodelay_production_req4096_resp32768_c16_keepalive_ms,1.651096
latency,3,1002,http1_rust_nodelay_production_req4096_resp32768_c16_keepalive_ms,1.706687
latency,3,1003,http1_rust_nodelay_production_req4096_resp32768_c16_keepalive_ms,1.738557
latency,3,1004,http1_rust_nodelay_production_req4096_resp32768_c16_keepalive_ms,1.638246
latency,3,1005,http1_rust_nodelay_production_req4096_resp32768_c16_keepalive_ms,1.299110
latency,3,1006,http1_rust_nodelay_production_req4096_resp32768_c16_keepalive_ms,1.638995
latency,3,1007,http1_rust_nodelay_production_req4096_resp32768_c16_keepalive_ms,1.710027
latency,3,1008,http1_rust_nodelay_production_req4096_resp32768_c16_keepalive_ms,1.674086
latency,3,1009,http1_rust_nodelay_production_req4096_resp32768_c16_keepalive_ms,1.257770
latency,3,1010,http1_rust_nodelay_production_req4096_resp32768_c16_keepalive_ms,1.697807
latency,3,1011,http1_rust_nodelay_production_req4096_resp32768_c16_keepalive_ms,1.563994
latency,3,1012,http1_rust_nodelay_production_req4096_resp32768_c16_keepalive_ms,1.633116
latency,3,1013,http1_rust_nodelay_production_req4096_resp32768_c16_keepalive_ms,1.259729
latency,3,1014,http1_rust_nodelay_production_req4096_resp32768_c16_keepalive_ms,1.667037
latency,3,1015,http1_rust_nodelay_production_req4096_resp32768_c16_keepalive_ms,1.718516
latency,3,1016,http1_rust_nodelay_production_req4096_resp32768_c16_keepalive_ms,1.605015
latency,3,1017,http1_rust_nodelay_production_req4096_resp32768_c16_keepalive_ms,1.727377
latency,3,1018,http1_rust_nodelay_production_req4096_resp32768_c16_keepalive_ms,1.711887
latency,3,1019,http1_rust_nodelay_production_req4096_resp32768_c16_keepalive_ms,1.684777
latency,3,1020,http1_rust_nodelay_production_req4096_resp32768_c16_keepalive_ms,1.284720
latency,3,1021,http1_rust_nodelay_production_req4096_resp32768_c16_keepalive_ms,1.698476
latency,3,1022,http1_rust_nodelay_production_req4096_resp32768_c16_keepalive_ms,1.661426
latency,3,1023,http1_rust_nodelay_production_req4096_resp32768_c16_keepalive_ms,1.643546
latency,3,1024,http1_rust_nodelay_production_req4096_resp32768_c16_keepalive_ms,1.262629
latency,3,1025,http1_rust_nodelay_production_req4096_resp32768_c16_keepalive_ms,1.648566
latency,3,1026,http1_rust_nodelay_production_req4096_resp32768_c16_keepalive_ms,2.153604
latency,3,1027,http1_rust_nodelay_production_req4096_resp32768_c16_keepalive_ms,2.273375
latency,3,1028,http1_rust_nodelay_production_req4096_resp32768_c16_keepalive_ms,1.327191
latency,3,1029,http1_rust_nodelay_production_req4096_resp32768_c16_keepalive_ms,1.874369
latency,3,1030,http1_rust_nodelay_production_req4096_resp32768_c16_keepalive_ms,1.403312
latency,3,1031,http1_rust_nodelay_production_req4096_resp32768_c16_keepalive_ms,1.420403
latency,3,1032,http1_rust_nodelay_production_req4096_resp32768_c16_keepalive_ms,1.057736
latency,3,1033,http1_rust_nodelay_production_req4096_resp32768_c16_keepalive_ms,1.412392
latency,3,1034,http1_rust_nodelay_production_req4096_resp32768_c16_keepalive_ms,0.940515
latency,3,1035,http1_rust_nodelay_production_req4096_resp32768_c16_keepalive_ms,12.195631
latency,3,1036,http1_rust_nodelay_production_req4096_resp32768_c16_keepalive_ms,0.700260
latency,3,1037,http1_rust_nodelay_production_req4096_resp32768_c16_keepalive_ms,0.457848
latency,3,1038,http1_rust_nodelay_production_req4096_resp32768_c16_keepalive_ms,0.446027
latency,3,1039,http1_rust_nodelay_production_req4096_resp32768_c16_keepalive_ms,0.429626
latency,3,400,http1_rust_nodelay_production_req4096_resp32768_c16_keepalive_ms,1.075526
latency,3,401,http1_rust_nodelay_production_req4096_resp32768_c16_keepalive_ms,1.586045
latency,3,402,http1_rust_nodelay_production_req4096_resp32768_c16_keepalive_ms,1.872229
latency,3,403,http1_rust_nodelay_production_req4096_resp32768_c16_keepalive_ms,1.811068
latency,3,404,http1_rust_nodelay_production_req4096_resp32768_c16_keepalive_ms,7.745832
latency,3,405,http1_rust_nodelay_production_req4096_resp32768_c16_keepalive_ms,1.756657
latency,3,406,http1_rust_nodelay_production_req4096_resp32768_c16_keepalive_ms,1.688107
latency,3,407,http1_rust_nodelay_production_req4096_resp32768_c16_keepalive_ms,1.341441
latency,3,408,http1_rust_nodelay_production_req4096_resp32768_c16_keepalive_ms,1.687316
latency,3,409,http1_rust_nodelay_production_req4096_resp32768_c16_keepalive_ms,1.279990
latency,3,410,http1_rust_nodelay_production_req4096_resp32768_c16_keepalive_ms,1.286560
latency,3,411,http1_rust_nodelay_production_req4096_resp32768_c16_keepalive_ms,1.691066
latency,3,412,http1_rust_nodelay_production_req4096_resp32768_c16_keepalive_ms,1.305101
latency,3,413,http1_rust_nodelay_production_req4096_resp32768_c16_keepalive_ms,1.568194
latency,3,414,http1_rust_nodelay_production_req4096_resp32768_c16_keepalive_ms,1.293401
latency,3,415,http1_rust_nodelay_production_req4096_resp32768_c16_keepalive_ms,1.732687
latency,3,416,http1_rust_nodelay_production_req4096_resp32768_c16_keepalive_ms,1.336911
latency,3,417,http1_rust_nodelay_production_req4096_resp32768_c16_keepalive_ms,1.646995
latency,3,418,http1_rust_nodelay_production_req4096_resp32768_c16_keepalive_ms,1.708977
latency,3,419,http1_rust_nodelay_production_req4096_resp32768_c16_keepalive_ms,1.691596
latency,3,420,http1_rust_nodelay_production_req4096_resp32768_c16_keepalive_ms,1.628146
latency,3,421,http1_rust_nodelay_production_req4096_resp32768_c16_keepalive_ms,1.756367
latency,3,422,http1_rust_nodelay_production_req4096_resp32768_c16_keepalive_ms,1.709617
latency,3,423,http1_rust_nodelay_production_req4096_resp32768_c16_keepalive_ms,1.696076
latency,3,424,http1_rust_nodelay_production_req4096_resp32768_c16_keepalive_ms,1.684897
latency,3,425,http1_rust_nodelay_production_req4096_resp32768_c16_keepalive_ms,1.656766
latency,3,426,http1_rust_nodelay_production_req4096_resp32768_c16_keepalive_ms,1.766177
latency,3,427,http1_rust_nodelay_production_req4096_resp32768_c16_keepalive_ms,1.324331
latency,3,428,http1_rust_nodelay_production_req4096_resp32768_c16_keepalive_ms,1.744298
latency,3,429,http1_rust_nodelay_production_req4096_resp32768_c16_keepalive_ms,1.838518
latency,3,430,http1_rust_nodelay_production_req4096_resp32768_c16_keepalive_ms,1.785958
latency,3,431,http1_rust_nodelay_production_req4096_resp32768_c16_keepalive_ms,1.870529
latency,3,432,http1_rust_nodelay_production_req4096_resp32768_c16_keepalive_ms,2.000921
latency,3,433,http1_rust_nodelay_production_req4096_resp32768_c16_keepalive_ms,1.646496
latency,3,434,http1_rust_nodelay_production_req4096_resp32768_c16_keepalive_ms,7.303024
latency,3,435,http1_rust_nodelay_production_req4096_resp32768_c16_keepalive_ms,1.098568
latency,3,436,http1_rust_nodelay_production_req4096_resp32768_c16_keepalive_ms,1.737697
latency,3,437,http1_rust_nodelay_production_req4096_resp32768_c16_keepalive_ms,1.353911
latency,3,438,http1_rust_nodelay_production_req4096_resp32768_c16_keepalive_ms,1.279630
latency,3,439,http1_rust_nodelay_production_req4096_resp32768_c16_keepalive_ms,1.622115
latency,3,440,http1_rust_nodelay_production_req4096_resp32768_c16_keepalive_ms,1.751608
latency,3,441,http1_rust_nodelay_production_req4096_resp32768_c16_keepalive_ms,1.623335
latency,3,442,http1_rust_nodelay_production_req4096_resp32768_c16_keepalive_ms,1.672906
latency,3,443,http1_rust_nodelay_production_req4096_resp32768_c16_keepalive_ms,1.387062
latency,3,444,http1_rust_nodelay_production_req4096_resp32768_c16_keepalive_ms,1.715927
latency,3,445,http1_rust_nodelay_production_req4096_resp32768_c16_keepalive_ms,1.720937
latency,3,446,http1_rust_nodelay_production_req4096_resp32768_c16_keepalive_ms,1.709786
latency,3,447,http1_rust_nodelay_production_req4096_resp32768_c16_keepalive_ms,1.670946
latency,3,448,http1_rust_nodelay_production_req4096_resp32768_c16_keepalive_ms,1.275461
latency,3,449,http1_rust_nodelay_production_req4096_resp32768_c16_keepalive_ms,1.612005
latency,3,450,http1_rust_nodelay_production_req4096_resp32768_c16_keepalive_ms,1.767247
latency,3,451,http1_rust_nodelay_production_req4096_resp32768_c16_keepalive_ms,1.297321
latency,3,452,http1_rust_nodelay_production_req4096_resp32768_c16_keepalive_ms,1.624365
latency,3,453,http1_rust_nodelay_production_req4096_resp32768_c16_keepalive_ms,1.243849
latency,3,454,http1_rust_nodelay_production_req4096_resp32768_c16_keepalive_ms,1.748168
latency,3,455,http1_rust_nodelay_production_req4096_resp32768_c16_keepalive_ms,1.236149
latency,3,456,http1_rust_nodelay_production_req4096_resp32768_c16_keepalive_ms,1.696016
latency,3,457,http1_rust_nodelay_production_req4096_resp32768_c16_keepalive_ms,1.290791
latency,3,458,http1_rust_nodelay_production_req4096_resp32768_c16_keepalive_ms,9.512548
latency,3,459,http1_rust_nodelay_production_req4096_resp32768_c16_keepalive_ms,1.647966
latency,3,460,http1_rust_nodelay_production_req4096_resp32768_c16_keepalive_ms,10.544985
latency,3,461,http1_rust_nodelay_production_req4096_resp32768_c16_keepalive_ms,2.718273
latency,3,462,http1_rust_nodelay_production_req4096_resp32768_c16_keepalive_ms,0.973185
latency,3,463,http1_rust_nodelay_production_req4096_resp32768_c16_keepalive_ms,1.879649
latency,3,464,http1_rust_nodelay_production_req4096_resp32768_c16_keepalive_ms,1.396302
latency,3,465,http1_rust_nodelay_production_req4096_resp32768_c16_keepalive_ms,1.427042
latency,3,466,http1_rust_nodelay_production_req4096_resp32768_c16_keepalive_ms,1.056457
latency,3,467,http1_rust_nodelay_production_req4096_resp32768_c16_keepalive_ms,1.414182
latency,3,468,http1_rust_nodelay_production_req4096_resp32768_c16_keepalive_ms,0.940225
latency,3,469,http1_rust_nodelay_production_req4096_resp32768_c16_keepalive_ms,1.528354
latency,3,470,http1_rust_nodelay_production_req4096_resp32768_c16_keepalive_ms,1.177588
latency,3,471,http1_rust_nodelay_production_req4096_resp32768_c16_keepalive_ms,1.178848
latency,3,472,http1_rust_nodelay_production_req4096_resp32768_c16_keepalive_ms,0.950885
latency,3,473,http1_rust_nodelay_production_req4096_resp32768_c16_keepalive_ms,1.304931
latency,3,474,http1_rust_nodelay_production_req4096_resp32768_c16_keepalive_ms,0.778752
latency,3,475,http1_rust_nodelay_production_req4096_resp32768_c16_keepalive_ms,0.749651
latency,3,476,http1_rust_nodelay_production_req4096_resp32768_c16_keepalive_ms,8.608415
latency,3,477,http1_rust_nodelay_production_req4096_resp32768_c16_keepalive_ms,0.251994
latency,3,478,http1_rust_nodelay_production_req4096_resp32768_c16_keepalive_ms,0.248894
latency,3,479,http1_rust_nodelay_production_req4096_resp32768_c16_keepalive_ms,0.258654
latency,3,560,http1_rust_nodelay_production_req4096_resp32768_c16_keepalive_ms,1.789317
latency,3,561,http1_rust_nodelay_production_req4096_resp32768_c16_keepalive_ms,1.914170
latency,3,562,http1_rust_nodelay_production_req4096_resp32768_c16_keepalive_ms,13.424430
latency,3,563,http1_rust_nodelay_production_req4096_resp32768_c16_keepalive_ms,1.715347
latency,3,564,http1_rust_nodelay_production_req4096_resp32768_c16_keepalive_ms,1.355081
latency,3,565,http1_rust_nodelay_production_req4096_resp32768_c16_keepalive_ms,1.611305
latency,3,566,http1_rust_nodelay_production_req4096_resp32768_c16_keepalive_ms,1.286240
latency,3,567,http1_rust_nodelay_production_req4096_resp32768_c16_keepalive_ms,1.692237
latency,3,568,http1_rust_nodelay_production_req4096_resp32768_c16_keepalive_ms,1.305040
latency,3,569,http1_rust_nodelay_production_req4096_resp32768_c16_keepalive_ms,1.567365
latency,3,570,http1_rust_nodelay_production_req4096_resp32768_c16_keepalive_ms,1.726697
latency,3,571,http1_rust_nodelay_production_req4096_resp32768_c16_keepalive_ms,1.725707
latency,3,572,http1_rust_nodelay_production_req4096_resp32768_c16_keepalive_ms,10.377562
latency,3,573,http1_rust_nodelay_production_req4096_resp32768_c16_keepalive_ms,1.631636
latency,3,574,http1_rust_nodelay_production_req4096_resp32768_c16_keepalive_ms,1.816108
latency,3,575,http1_rust_nodelay_production_req4096_resp32768_c16_keepalive_ms,1.284000
latency,3,576,http1_rust_nodelay_production_req4096_resp32768_c16_keepalive_ms,1.694897
latency,3,577,http1_rust_nodelay_production_req4096_resp32768_c16_keepalive_ms,1.702586
latency,3,578,http1_rust_nodelay_production_req4096_resp32768_c16_keepalive_ms,1.304340
latency,3,579,http1_rust_nodelay_production_req4096_resp32768_c16_keepalive_ms,1.348952
latency,3,580,http1_rust_nodelay_production_req4096_resp32768_c16_keepalive_ms,1.447652
latency,3,581,http1_rust_nodelay_production_req4096_resp32768_c16_keepalive_ms,1.780348
latency,3,582,http1_rust_nodelay_production_req4096_resp32768_c16_keepalive_ms,10.747638
latency,3,583,http1_rust_nodelay_production_req4096_resp32768_c16_keepalive_ms,1.657336
latency,3,584,http1_rust_nodelay_production_req4096_resp32768_c16_keepalive_ms,1.519324
latency,3,585,http1_rust_nodelay_production_req4096_resp32768_c16_keepalive_ms,1.319360
latency,3,586,http1_rust_nodelay_production_req4096_resp32768_c16_keepalive_ms,1.610305
latency,3,587,http1_rust_nodelay_production_req4096_resp32768_c16_keepalive_ms,10.680627
latency,3,588,http1_rust_nodelay_production_req4096_resp32768_c16_keepalive_ms,1.707887
latency,3,589,http1_rust_nodelay_production_req4096_resp32768_c16_keepalive_ms,1.704797
latency,3,590,http1_rust_nodelay_production_req4096_resp32768_c16_keepalive_ms,1.295250
latency,3,591,http1_rust_nodelay_production_req4096_resp32768_c16_keepalive_ms,10.676997
latency,3,592,http1_rust_nodelay_production_req4096_resp32768_c16_keepalive_ms,1.231319
latency,3,593,http1_rust_nodelay_production_req4096_resp32768_c16_keepalive_ms,1.675246
latency,3,594,http1_rust_nodelay_production_req4096_resp32768_c16_keepalive_ms,1.285120
latency,3,595,http1_rust_nodelay_production_req4096_resp32768_c16_keepalive_ms,1.606156
latency,3,596,http1_rust_nodelay_production_req4096_resp32768_c16_keepalive_ms,1.275850
latency,3,597,http1_rust_nodelay_production_req4096_resp32768_c16_keepalive_ms,1.655485
latency,3,598,http1_rust_nodelay_production_req4096_resp32768_c16_keepalive_ms,1.249970
latency,3,599,http1_rust_nodelay_production_req4096_resp32768_c16_keepalive_ms,1.601335
latency,3,600,http1_rust_nodelay_production_req4096_resp32768_c16_keepalive_ms,9.029501
latency,3,601,http1_rust_nodelay_production_req4096_resp32768_c16_keepalive_ms,1.593455
latency,3,602,http1_rust_nodelay_production_req4096_resp32768_c16_keepalive_ms,1.654896
latency,3,603,http1_rust_nodelay_production_req4096_resp32768_c16_keepalive_ms,1.259290
latency,3,604,http1_rust_nodelay_production_req4096_resp32768_c16_keepalive_ms,1.666026
latency,3,605,http1_rust_nodelay_production_req4096_resp32768_c16_keepalive_ms,2.111272
latency,3,606,http1_rust_nodelay_production_req4096_resp32768_c16_keepalive_ms,1.785579
latency,3,607,http1_rust_nodelay_production_req4096_resp32768_c16_keepalive_ms,1.868629
latency,3,608,http1_rust_nodelay_production_req4096_resp32768_c16_keepalive_ms,1.405602
latency,3,609,http1_rust_nodelay_production_req4096_resp32768_c16_keepalive_ms,1.110827
latency,3,610,http1_rust_nodelay_production_req4096_resp32768_c16_keepalive_ms,1.354361
latency,3,611,http1_rust_nodelay_production_req4096_resp32768_c16_keepalive_ms,1.374682
latency,3,612,http1_rust_nodelay_production_req4096_resp32768_c16_keepalive_ms,0.941964
latency,3,613,http1_rust_nodelay_production_req4096_resp32768_c16_keepalive_ms,1.619326
latency,3,614,http1_rust_nodelay_production_req4096_resp32768_c16_keepalive_ms,1.207738
latency,3,615,http1_rust_nodelay_production_req4096_resp32768_c16_keepalive_ms,1.199259
latency,3,616,http1_rust_nodelay_production_req4096_resp32768_c16_keepalive_ms,1.258320
latency,3,617,http1_rust_nodelay_production_req4096_resp32768_c16_keepalive_ms,0.905674
latency,3,618,http1_rust_nodelay_production_req4096_resp32768_c16_keepalive_ms,0.959915
latency,3,619,http1_rust_nodelay_production_req4096_resp32768_c16_keepalive_ms,1.664666
latency,3,620,http1_rust_nodelay_production_req4096_resp32768_c16_keepalive_ms,0.759422
latency,3,621,http1_rust_nodelay_production_req4096_resp32768_c16_keepalive_ms,1.136198
latency,3,622,http1_rust_nodelay_production_req4096_resp32768_c16_keepalive_ms,0.649970
latency,3,623,http1_rust_nodelay_production_req4096_resp32768_c16_keepalive_ms,0.903414
latency,3,624,http1_rust_nodelay_production_req4096_resp32768_c16_keepalive_ms,0.634020
latency,3,625,http1_rust_nodelay_production_req4096_resp32768_c16_keepalive_ms,0.455657
latency,3,626,http1_rust_nodelay_production_req4096_resp32768_c16_keepalive_ms,0.447137
latency,3,627,http1_rust_nodelay_production_req4096_resp32768_c16_keepalive_ms,0.495288
latency,3,628,http1_rust_nodelay_production_req4096_resp32768_c16_keepalive_ms,0.350065
latency,3,629,http1_rust_nodelay_production_req4096_resp32768_c16_keepalive_ms,1.519544
latency,3,630,http1_rust_nodelay_production_req4096_resp32768_c16_keepalive_ms,0.246164
latency,3,631,http1_rust_nodelay_production_req4096_resp32768_c16_keepalive_ms,0.249524
latency,3,632,http1_rust_nodelay_production_req4096_resp32768_c16_keepalive_ms,0.257074
latency,3,633,http1_rust_nodelay_production_req4096_resp32768_c16_keepalive_ms,0.577009
latency,3,634,http1_rust_nodelay_production_req4096_resp32768_c16_keepalive_ms,0.136632
latency,3,635,http1_rust_nodelay_production_req4096_resp32768_c16_keepalive_ms,0.130202
latency,3,636,http1_rust_nodelay_production_req4096_resp32768_c16_keepalive_ms,0.135502
latency,3,637,http1_rust_nodelay_production_req4096_resp32768_c16_keepalive_ms,0.128912
latency,3,638,http1_rust_nodelay_production_req4096_resp32768_c16_keepalive_ms,0.127672
latency,3,639,http1_rust_nodelay_production_req4096_resp32768_c16_keepalive_ms,0.126262
latency,3,720,http1_rust_nodelay_production_req4096_resp32768_c16_keepalive_ms,1.920080
latency,3,721,http1_rust_nodelay_production_req4096_resp32768_c16_keepalive_ms,1.835539
latency,3,722,http1_rust_nodelay_production_req4096_resp32768_c16_keepalive_ms,1.808398
latency,3,723,http1_rust_nodelay_production_req4096_resp32768_c16_keepalive_ms,1.672806
latency,3,724,http1_rust_nodelay_production_req4096_resp32768_c16_keepalive_ms,1.260110
latency,3,725,http1_rust_nodelay_production_req4096_resp32768_c16_keepalive_ms,1.275730
latency,3,726,http1_rust_nodelay_production_req4096_resp32768_c16_keepalive_ms,1.702926
latency,3,727,http1_rust_nodelay_production_req4096_resp32768_c16_keepalive_ms,1.687597
latency,3,728,http1_rust_nodelay_production_req4096_resp32768_c16_keepalive_ms,1.773577
latency,3,729,http1_rust_nodelay_production_req4096_resp32768_c16_keepalive_ms,1.756078
latency,3,730,http1_rust_nodelay_production_req4096_resp32768_c16_keepalive_ms,1.730897
latency,3,731,http1_rust_nodelay_production_req4096_resp32768_c16_keepalive_ms,1.793408
latency,3,732,http1_rust_nodelay_production_req4096_resp32768_c16_keepalive_ms,1.610625
latency,3,733,http1_rust_nodelay_production_req4096_resp32768_c16_keepalive_ms,1.739468
latency,3,734,http1_rust_nodelay_production_req4096_resp32768_c16_keepalive_ms,1.706166
latency,3,735,http1_rust_nodelay_production_req4096_resp32768_c16_keepalive_ms,1.610025
latency,3,736,http1_rust_nodelay_production_req4096_resp32768_c16_keepalive_ms,1.690147
latency,3,737,http1_rust_nodelay_production_req4096_resp32768_c16_keepalive_ms,10.704677
latency,3,738,http1_rust_nodelay_production_req4096_resp32768_c16_keepalive_ms,1.652306
latency,3,739,http1_rust_nodelay_production_req4096_resp32768_c16_keepalive_ms,1.353401
latency,3,740,http1_rust_nodelay_production_req4096_resp32768_c16_keepalive_ms,1.614035
latency,3,741,http1_rust_nodelay_production_req4096_resp32768_c16_keepalive_ms,1.348521
latency,3,742,http1_rust_nodelay_production_req4096_resp32768_c16_keepalive_ms,1.302451
latency,3,743,http1_rust_nodelay_production_req4096_resp32768_c16_keepalive_ms,1.738017
latency,3,744,http1_rust_nodelay_production_req4096_resp32768_c16_keepalive_ms,1.643595
latency,3,745,http1_rust_nodelay_production_req4096_resp32768_c16_keepalive_ms,1.705077
latency,3,746,http1_rust_nodelay_production_req4096_resp32768_c16_keepalive_ms,1.873229
latency,3,747,http1_rust_nodelay_production_req4096_resp32768_c16_keepalive_ms,1.348121
latency,3,748,http1_rust_nodelay_production_req4096_resp32768_c16_keepalive_ms,1.798529
latency,3,749,http1_rust_nodelay_production_req4096_resp32768_c16_keepalive_ms,1.781598
latency,3,750,http1_rust_nodelay_production_req4096_resp32768_c16_keepalive_ms,1.763397
latency,3,751,http1_rust_nodelay_production_req4096_resp32768_c16_keepalive_ms,1.691207
latency,3,752,http1_rust_nodelay_production_req4096_resp32768_c16_keepalive_ms,1.627615
latency,3,753,http1_rust_nodelay_production_req4096_resp32768_c16_keepalive_ms,1.335701
latency,3,754,http1_rust_nodelay_production_req4096_resp32768_c16_keepalive_ms,1.664216
latency,3,755,http1_rust_nodelay_production_req4096_resp32768_c16_keepalive_ms,2.208504
latency,3,756,http1_rust_nodelay_production_req4096_resp32768_c16_keepalive_ms,1.274640
latency,3,757,http1_rust_nodelay_production_req4096_resp32768_c16_keepalive_ms,1.387702
latency,3,758,http1_rust_nodelay_production_req4096_resp32768_c16_keepalive_ms,1.736287
latency,3,759,http1_rust_nodelay_production_req4096_resp32768_c16_keepalive_ms,1.587945
latency,3,760,http1_rust_nodelay_production_req4096_resp32768_c16_keepalive_ms,1.623465
latency,3,761,http1_rust_nodelay_production_req4096_resp32768_c16_keepalive_ms,1.679156
latency,3,762,http1_rust_nodelay_production_req4096_resp32768_c16_keepalive_ms,1.634926
latency,3,763,http1_rust_nodelay_production_req4096_resp32768_c16_keepalive_ms,1.329341
latency,3,764,http1_rust_nodelay_production_req4096_resp32768_c16_keepalive_ms,1.359151
latency,3,765,http1_rust_nodelay_production_req4096_resp32768_c16_keepalive_ms,1.565325
latency,3,766,http1_rust_nodelay_production_req4096_resp32768_c16_keepalive_ms,1.667926
latency,3,767,http1_rust_nodelay_production_req4096_resp32768_c16_keepalive_ms,9.483188
latency,3,768,http1_rust_nodelay_production_req4096_resp32768_c16_keepalive_ms,1.635495
latency,3,769,http1_rust_nodelay_production_req4096_resp32768_c16_keepalive_ms,10.726978
latency,3,770,http1_rust_nodelay_production_req4096_resp32768_c16_keepalive_ms,1.264600
latency,3,771,http1_rust_nodelay_production_req4096_resp32768_c16_keepalive_ms,1.647086
latency,3,772,http1_rust_nodelay_production_req4096_resp32768_c16_keepalive_ms,1.740847
latency,3,773,http1_rust_nodelay_production_req4096_resp32768_c16_keepalive_ms,1.657396
latency,3,774,http1_rust_nodelay_production_req4096_resp32768_c16_keepalive_ms,1.716267
latency,3,775,http1_rust_nodelay_production_req4096_resp32768_c16_keepalive_ms,1.661376
latency,3,776,http1_rust_nodelay_production_req4096_resp32768_c16_keepalive_ms,1.277330
latency,3,777,http1_rust_nodelay_production_req4096_resp32768_c16_keepalive_ms,1.306770
latency,3,778,http1_rust_nodelay_production_req4096_resp32768_c16_keepalive_ms,1.617025
latency,3,779,http1_rust_nodelay_production_req4096_resp32768_c16_keepalive_ms,1.180369
latency,3,780,http1_rust_nodelay_production_req4096_resp32768_c16_keepalive_ms,1.678806
latency,3,781,http1_rust_nodelay_production_req4096_resp32768_c16_keepalive_ms,2.194974
latency,3,782,http1_rust_nodelay_production_req4096_resp32768_c16_keepalive_ms,1.720287
latency,3,783,http1_rust_nodelay_production_req4096_resp32768_c16_keepalive_ms,1.653046
latency,3,784,http1_rust_nodelay_production_req4096_resp32768_c16_keepalive_ms,1.801428
latency,3,785,http1_rust_nodelay_production_req4096_resp32768_c16_keepalive_ms,1.412652
latency,3,786,http1_rust_nodelay_production_req4096_resp32768_c16_keepalive_ms,1.173479
latency,3,787,http1_rust_nodelay_production_req4096_resp32768_c16_keepalive_ms,1.241349
latency,3,788,http1_rust_nodelay_production_req4096_resp32768_c16_keepalive_ms,1.276640
latency,3,789,http1_rust_nodelay_production_req4096_resp32768_c16_keepalive_ms,0.953195
latency,3,790,http1_rust_nodelay_production_req4096_resp32768_c16_keepalive_ms,1.330791
latency,3,791,http1_rust_nodelay_production_req4096_resp32768_c16_keepalive_ms,1.185288
latency,3,792,http1_rust_nodelay_production_req4096_resp32768_c16_keepalive_ms,0.956625
latency,3,793,http1_rust_nodelay_production_req4096_resp32768_c16_keepalive_ms,14.671139
latency,3,794,http1_rust_nodelay_production_req4096_resp32768_c16_keepalive_ms,0.221334
latency,3,795,http1_rust_nodelay_production_req4096_resp32768_c16_keepalive_ms,0.140812
latency,3,796,http1_rust_nodelay_production_req4096_resp32768_c16_keepalive_ms,0.128112
latency,3,797,http1_rust_nodelay_production_req4096_resp32768_c16_keepalive_ms,0.126252
latency,3,798,http1_rust_nodelay_production_req4096_resp32768_c16_keepalive_ms,0.125582
latency,3,799,http1_rust_nodelay_production_req4096_resp32768_c16_keepalive_ms,0.125542
latency,3,800,http1_rust_nodelay_production_req4096_resp32768_c16_keepalive_ms,1.007326
latency,3,801,http1_rust_nodelay_production_req4096_resp32768_c16_keepalive_ms,1.936920
latency,3,802,http1_rust_nodelay_production_req4096_resp32768_c16_keepalive_ms,1.518594
latency,3,803,http1_rust_nodelay_production_req4096_resp32768_c16_keepalive_ms,1.374801
latency,3,804,http1_rust_nodelay_production_req4096_resp32768_c16_keepalive_ms,1.722287
latency,3,805,http1_rust_nodelay_production_req4096_resp32768_c16_keepalive_ms,1.720097
latency,3,806,http1_rust_nodelay_production_req4096_resp32768_c16_keepalive_ms,1.644116
latency,3,807,http1_rust_nodelay_production_req4096_resp32768_c16_keepalive_ms,1.639786
latency,3,808,http1_rust_nodelay_production_req4096_resp32768_c16_keepalive_ms,1.290730
latency,3,809,http1_rust_nodelay_production_req4096_resp32768_c16_keepalive_ms,1.796998
latency,3,810,http1_rust_nodelay_production_req4096_resp32768_c16_keepalive_ms,1.765537
latency,3,811,http1_rust_nodelay_production_req4096_resp32768_c16_keepalive_ms,1.704297
latency,3,812,http1_rust_nodelay_production_req4096_resp32768_c16_keepalive_ms,1.335651
latency,3,813,http1_rust_nodelay_production_req4096_resp32768_c16_keepalive_ms,1.626535
latency,3,814,http1_rust_nodelay_production_req4096_resp32768_c16_keepalive_ms,1.658446
latency,3,815,http1_rust_nodelay_production_req4096_resp32768_c16_keepalive_ms,1.705947
latency,3,816,http1_rust_nodelay_production_req4096_resp32768_c16_keepalive_ms,1.468143
latency,3,817,http1_rust_nodelay_production_req4096_resp32768_c16_keepalive_ms,1.596575
latency,3,818,http1_rust_nodelay_production_req4096_resp32768_c16_keepalive_ms,1.380441
latency,3,819,http1_rust_nodelay_production_req4096_resp32768_c16_keepalive_ms,1.691957
latency,3,820,http1_rust_nodelay_production_req4096_resp32768_c16_keepalive_ms,1.282880
latency,3,821,http1_rust_nodelay_production_req4096_resp32768_c16_keepalive_ms,1.739187
latency,3,822,http1_rust_nodelay_production_req4096_resp32768_c16_keepalive_ms,1.670326
latency,3,823,http1_rust_nodelay_production_req4096_resp32768_c16_keepalive_ms,1.673677
latency,3,824,http1_rust_nodelay_production_req4096_resp32768_c16_keepalive_ms,1.221128
latency,3,825,http1_rust_nodelay_production_req4096_resp32768_c16_keepalive_ms,1.721557
latency,3,826,http1_rust_nodelay_production_req4096_resp32768_c16_keepalive_ms,1.694047
latency,3,827,http1_rust_nodelay_production_req4096_resp32768_c16_keepalive_ms,1.725007
latency,3,828,http1_rust_nodelay_production_req4096_resp32768_c16_keepalive_ms,1.681426
latency,3,829,http1_rust_nodelay_production_req4096_resp32768_c16_keepalive_ms,1.716187
latency,3,830,http1_rust_nodelay_production_req4096_resp32768_c16_keepalive_ms,1.337411
latency,3,831,http1_rust_nodelay_production_req4096_resp32768_c16_keepalive_ms,1.322370
latency,3,832,http1_rust_nodelay_production_req4096_resp32768_c16_keepalive_ms,1.744998
latency,3,833,http1_rust_nodelay_production_req4096_resp32768_c16_keepalive_ms,1.838768
latency,3,834,http1_rust_nodelay_production_req4096_resp32768_c16_keepalive_ms,1.786018
latency,3,835,http1_rust_nodelay_production_req4096_resp32768_c16_keepalive_ms,1.465033
latency,3,836,http1_rust_nodelay_production_req4096_resp32768_c16_keepalive_ms,1.793738
latency,3,837,http1_rust_nodelay_production_req4096_resp32768_c16_keepalive_ms,1.710097
latency,3,838,http1_rust_nodelay_production_req4096_resp32768_c16_keepalive_ms,1.738377
latency,3,839,http1_rust_nodelay_production_req4096_resp32768_c16_keepalive_ms,1.630096
latency,3,840,http1_rust_nodelay_production_req4096_resp32768_c16_keepalive_ms,1.297230
latency,3,841,http1_rust_nodelay_production_req4096_resp32768_c16_keepalive_ms,1.614625
latency,3,842,http1_rust_nodelay_production_req4096_resp32768_c16_keepalive_ms,1.688247
latency,3,843,http1_rust_nodelay_production_req4096_resp32768_c16_keepalive_ms,1.583494
latency,3,844,http1_rust_nodelay_production_req4096_resp32768_c16_keepalive_ms,1.789779
latency,3,845,http1_rust_nodelay_production_req4096_resp32768_c16_keepalive_ms,1.693946
latency,3,846,http1_rust_nodelay_production_req4096_resp32768_c16_keepalive_ms,1.282100
latency,3,847,http1_rust_nodelay_production_req4096_resp32768_c16_keepalive_ms,1.634626
latency,3,848,http1_rust_nodelay_production_req4096_resp32768_c16_keepalive_ms,1.704536
latency,3,849,http1_rust_nodelay_production_req4096_resp32768_c16_keepalive_ms,1.267510
latency,3,850,http1_rust_nodelay_production_req4096_resp32768_c16_keepalive_ms,1.741627
latency,3,851,http1_rust_nodelay_production_req4096_resp32768_c16_keepalive_ms,10.734878
latency,3,852,http1_rust_nodelay_production_req4096_resp32768_c16_keepalive_ms,1.324151
latency,3,853,http1_rust_nodelay_production_req4096_resp32768_c16_keepalive_ms,1.617485
latency,3,854,http1_rust_nodelay_production_req4096_resp32768_c16_keepalive_ms,1.716757
latency,3,855,http1_rust_nodelay_production_req4096_resp32768_c16_keepalive_ms,1.827538
latency,3,856,http1_rust_nodelay_production_req4096_resp32768_c16_keepalive_ms,1.739378
latency,3,857,http1_rust_nodelay_production_req4096_resp32768_c16_keepalive_ms,1.683726
latency,3,858,http1_rust_nodelay_production_req4096_resp32768_c16_keepalive_ms,1.697856
latency,3,859,http1_rust_nodelay_production_req4096_resp32768_c16_keepalive_ms,1.701087
latency,3,860,http1_rust_nodelay_production_req4096_resp32768_c16_keepalive_ms,10.686217
latency,3,861,http1_rust_nodelay_production_req4096_resp32768_c16_keepalive_ms,1.660476
latency,3,862,http1_rust_nodelay_production_req4096_resp32768_c16_keepalive_ms,1.318121
latency,3,863,http1_rust_nodelay_production_req4096_resp32768_c16_keepalive_ms,9.838334
latency,3,864,http1_rust_nodelay_production_req4096_resp32768_c16_keepalive_ms,9.499788
latency,3,865,http1_rust_nodelay_production_req4096_resp32768_c16_keepalive_ms,1.179228
latency,3,866,http1_rust_nodelay_production_req4096_resp32768_c16_keepalive_ms,1.178249
latency,3,867,http1_rust_nodelay_production_req4096_resp32768_c16_keepalive_ms,0.968055
latency,3,868,http1_rust_nodelay_production_req4096_resp32768_c16_keepalive_ms,1.353451
latency,3,869,http1_rust_nodelay_production_req4096_resp32768_c16_keepalive_ms,0.765202
latency,3,870,http1_rust_nodelay_production_req4096_resp32768_c16_keepalive_ms,1.015296
latency,3,871,http1_rust_nodelay_production_req4096_resp32768_c16_keepalive_ms,1.635695
latency,3,872,http1_rust_nodelay_production_req4096_resp32768_c16_keepalive_ms,1.305351
latency,3,873,http1_rust_nodelay_production_req4096_resp32768_c16_keepalive_ms,0.644130
latency,3,874,http1_rust_nodelay_production_req4096_resp32768_c16_keepalive_ms,0.612280
latency,3,875,http1_rust_nodelay_production_req4096_resp32768_c16_keepalive_ms,8.090346
latency,3,876,http1_rust_nodelay_production_req4096_resp32768_c16_keepalive_ms,0.194443
latency,3,877,http1_rust_nodelay_production_req4096_resp32768_c16_keepalive_ms,0.215353
latency,3,878,http1_rust_nodelay_production_req4096_resp32768_c16_keepalive_ms,0.144893
latency,3,879,http1_rust_nodelay_production_req4096_resp32768_c16_keepalive_ms,0.127622
latency,3,0,http1_rust_nodelay_production_req4096_resp32768_c16_keepalive_ms,1.809538
latency,3,1,http1_rust_nodelay_production_req4096_resp32768_c16_keepalive_ms,1.912200
latency,3,2,http1_rust_nodelay_production_req4096_resp32768_c16_keepalive_ms,1.807438
latency,3,3,http1_rust_nodelay_production_req4096_resp32768_c16_keepalive_ms,1.673056
latency,3,4,http1_rust_nodelay_production_req4096_resp32768_c16_keepalive_ms,1.723197
latency,3,5,http1_rust_nodelay_production_req4096_resp32768_c16_keepalive_ms,1.257949
latency,3,6,http1_rust_nodelay_production_req4096_resp32768_c16_keepalive_ms,1.743608
latency,3,7,http1_rust_nodelay_production_req4096_resp32768_c16_keepalive_ms,1.722837
latency,3,8,http1_rust_nodelay_production_req4096_resp32768_c16_keepalive_ms,1.778327
latency,3,9,http1_rust_nodelay_production_req4096_resp32768_c16_keepalive_ms,1.768318
latency,3,10,http1_rust_nodelay_production_req4096_resp32768_c16_keepalive_ms,1.699397
latency,3,11,http1_rust_nodelay_production_req4096_resp32768_c16_keepalive_ms,1.699286
latency,3,12,http1_rust_nodelay_production_req4096_resp32768_c16_keepalive_ms,1.649856
latency,3,13,http1_rust_nodelay_production_req4096_resp32768_c16_keepalive_ms,1.725157
latency,3,14,http1_rust_nodelay_production_req4096_resp32768_c16_keepalive_ms,1.317191
latency,3,15,http1_rust_nodelay_production_req4096_resp32768_c16_keepalive_ms,1.609705
latency,3,16,http1_rust_nodelay_production_req4096_resp32768_c16_keepalive_ms,1.689476
latency,3,17,http1_rust_nodelay_production_req4096_resp32768_c16_keepalive_ms,1.728667
latency,3,18,http1_rust_nodelay_production_req4096_resp32768_c16_keepalive_ms,1.779568
latency,3,19,http1_rust_nodelay_production_req4096_resp32768_c16_keepalive_ms,1.631986
latency,3,20,http1_rust_nodelay_production_req4096_resp32768_c16_keepalive_ms,4.690343
latency,3,21,http1_rust_nodelay_production_req4096_resp32768_c16_keepalive_ms,1.240759
latency,3,22,http1_rust_nodelay_production_req4096_resp32768_c16_keepalive_ms,13.835727
latency,3,23,http1_rust_nodelay_production_req4096_resp32768_c16_keepalive_ms,1.776667
latency,3,24,http1_rust_nodelay_production_req4096_resp32768_c16_keepalive_ms,1.498074
latency,3,25,http1_rust_nodelay_production_req4096_resp32768_c16_keepalive_ms,1.373321
latency,3,26,http1_rust_nodelay_production_req4096_resp32768_c16_keepalive_ms,1.388582
latency,3,27,http1_rust_nodelay_production_req4096_resp32768_c16_keepalive_ms,1.312851
latency,3,28,http1_rust_nodelay_production_req4096_resp32768_c16_keepalive_ms,1.652395
latency,3,29,http1_rust_nodelay_production_req4096_resp32768_c16_keepalive_ms,1.311671
latency,3,30,http1_rust_nodelay_production_req4096_resp32768_c16_keepalive_ms,4.700553
latency,3,31,http1_rust_nodelay_production_req4096_resp32768_c16_keepalive_ms,1.582245
latency,3,32,http1_rust_nodelay_production_req4096_resp32768_c16_keepalive_ms,1.366362
latency,3,33,http1_rust_nodelay_production_req4096_resp32768_c16_keepalive_ms,1.733306
latency,3,34,http1_rust_nodelay_production_req4096_resp32768_c16_keepalive_ms,1.588685
latency,3,35,http1_rust_nodelay_production_req4096_resp32768_c16_keepalive_ms,1.622426
latency,3,36,http1_rust_nodelay_production_req4096_resp32768_c16_keepalive_ms,1.682556
latency,3,37,http1_rust_nodelay_production_req4096_resp32768_c16_keepalive_ms,1.787588
latency,3,38,http1_rust_nodelay_production_req4096_resp32768_c16_keepalive_ms,1.834389
latency,3,39,http1_rust_nodelay_production_req4096_resp32768_c16_keepalive_ms,1.718086
latency,3,40,http1_rust_nodelay_production_req4096_resp32768_c16_keepalive_ms,1.217220
latency,3,41,http1_rust_nodelay_production_req4096_resp32768_c16_keepalive_ms,1.704186
latency,3,42,http1_rust_nodelay_production_req4096_resp32768_c16_keepalive_ms,1.742517
latency,3,43,http1_rust_nodelay_production_req4096_resp32768_c16_keepalive_ms,1.723087
latency,3,44,http1_rust_nodelay_production_req4096_resp32768_c16_keepalive_ms,1.592805
latency,3,45,http1_rust_nodelay_production_req4096_resp32768_c16_keepalive_ms,1.270870
latency,3,46,http1_rust_nodelay_production_req4096_resp32768_c16_keepalive_ms,1.690477
latency,3,47,http1_rust_nodelay_production_req4096_resp32768_c16_keepalive_ms,1.299930
latency,3,48,http1_rust_nodelay_production_req4096_resp32768_c16_keepalive_ms,1.598995
latency,3,49,http1_rust_nodelay_production_req4096_resp32768_c16_keepalive_ms,1.175688
latency,3,50,http1_rust_nodelay_production_req4096_resp32768_c16_keepalive_ms,1.682687
latency,3,51,http1_rust_nodelay_production_req4096_resp32768_c16_keepalive_ms,10.350261
latency,3,52,http1_rust_nodelay_production_req4096_resp32768_c16_keepalive_ms,1.302681
latency,3,53,http1_rust_nodelay_production_req4096_resp32768_c16_keepalive_ms,10.637326
latency,3,54,http1_rust_nodelay_production_req4096_resp32768_c16_keepalive_ms,1.710457
latency,3,55,http1_rust_nodelay_production_req4096_resp32768_c16_keepalive_ms,2.190604
latency,3,56,http1_rust_nodelay_production_req4096_resp32768_c16_keepalive_ms,2.043532
latency,3,57,http1_rust_nodelay_production_req4096_resp32768_c16_keepalive_ms,1.595235
latency,3,58,http1_rust_nodelay_production_req4096_resp32768_c16_keepalive_ms,1.213959
latency,3,59,http1_rust_nodelay_production_req4096_resp32768_c16_keepalive_ms,1.406142
latency,3,60,http1_rust_nodelay_production_req4096_resp32768_c16_keepalive_ms,13.052204
latency,3,61,http1_rust_nodelay_production_req4096_resp32768_c16_keepalive_ms,1.003545
latency,3,62,http1_rust_nodelay_production_req4096_resp32768_c16_keepalive_ms,1.284331
latency,3,63,http1_rust_nodelay_production_req4096_resp32768_c16_keepalive_ms,0.649300
latency,3,64,http1_rust_nodelay_production_req4096_resp32768_c16_keepalive_ms,0.688151
latency,3,65,http1_rust_nodelay_production_req4096_resp32768_c16_keepalive_ms,0.824672
latency,3,66,http1_rust_nodelay_production_req4096_resp32768_c16_keepalive_ms,0.456727
latency,3,67,http1_rust_nodelay_production_req4096_resp32768_c16_keepalive_ms,0.445667
latency,3,68,http1_rust_nodelay_production_req4096_resp32768_c16_keepalive_ms,0.497538
latency,3,69,http1_rust_nodelay_production_req4096_resp32768_c16_keepalive_ms,0.297575
latency,3,70,http1_rust_nodelay_production_req4096_resp32768_c16_keepalive_ms,6.447471
latency,3,71,http1_rust_nodelay_production_req4096_resp32768_c16_keepalive_ms,0.157482
latency,3,72,http1_rust_nodelay_production_req4096_resp32768_c16_keepalive_ms,0.191593
latency,3,73,http1_rust_nodelay_production_req4096_resp32768_c16_keepalive_ms,0.150993
latency,3,74,http1_rust_nodelay_production_req4096_resp32768_c16_keepalive_ms,0.145732
latency,3,75,http1_rust_nodelay_production_req4096_resp32768_c16_keepalive_ms,0.190533
latency,3,76,http1_rust_nodelay_production_req4096_resp32768_c16_keepalive_ms,0.207113
latency,3,77,http1_rust_nodelay_production_req4096_resp32768_c16_keepalive_ms,0.203523
latency,3,78,http1_rust_nodelay_production_req4096_resp32768_c16_keepalive_ms,0.201503
latency,3,79,http1_rust_nodelay_production_req4096_resp32768_c16_keepalive_ms,0.204793
trial,3,1280,http1_rust_nodelay_production_req4096_resp32768_c16_median_ms,1.632755
trial,3,1280,http1_rust_nodelay_production_req4096_resp32768_c16_p95_ms,2.145503
trial,3,1280,http1_rust_nodelay_production_req4096_resp32768_c16_requests_per_second,7984.542
trial,3,1280,http1_rust_nodelay_production_req4096_resp32768_c16_wall_ms,160.310
trial,3,1280,http1_rust_nodelay_production_req4096_resp32768_c16_mib_per_second,280.707
trial,3,1280,http1_rust_nodelay_production_req4096_resp32768_c16_process_cpu_us,160353
latency,4,0,http1_rust_nodelay_production_req4096_resp32768_c16_keepalive_ms,1.791178
latency,4,1,http1_rust_nodelay_production_req4096_resp32768_c16_keepalive_ms,1.876819
latency,4,2,http1_rust_nodelay_production_req4096_resp32768_c16_keepalive_ms,1.424562
latency,4,3,http1_rust_nodelay_production_req4096_resp32768_c16_keepalive_ms,2.090513
latency,4,4,http1_rust_nodelay_production_req4096_resp32768_c16_keepalive_ms,1.738087
latency,4,5,http1_rust_nodelay_production_req4096_resp32768_c16_keepalive_ms,1.670286
latency,4,6,http1_rust_nodelay_production_req4096_resp32768_c16_keepalive_ms,1.665076
latency,4,7,http1_rust_nodelay_production_req4096_resp32768_c16_keepalive_ms,1.721667
latency,4,8,http1_rust_nodelay_production_req4096_resp32768_c16_keepalive_ms,2.229155
latency,4,9,http1_rust_nodelay_production_req4096_resp32768_c16_keepalive_ms,1.249100
latency,4,10,http1_rust_nodelay_production_req4096_resp32768_c16_keepalive_ms,1.694066
latency,4,11,http1_rust_nodelay_production_req4096_resp32768_c16_keepalive_ms,1.705657
latency,4,12,http1_rust_nodelay_production_req4096_resp32768_c16_keepalive_ms,1.221829
latency,4,13,http1_rust_nodelay_production_req4096_resp32768_c16_keepalive_ms,1.682996
latency,4,14,http1_rust_nodelay_production_req4096_resp32768_c16_keepalive_ms,1.710347
latency,4,15,http1_rust_nodelay_production_req4096_resp32768_c16_keepalive_ms,1.306120
latency,4,16,http1_rust_nodelay_production_req4096_resp32768_c16_keepalive_ms,1.683957
latency,4,17,http1_rust_nodelay_production_req4096_resp32768_c16_keepalive_ms,0.859813
latency,4,18,http1_rust_nodelay_production_req4096_resp32768_c16_keepalive_ms,1.703597
latency,4,19,http1_rust_nodelay_production_req4096_resp32768_c16_keepalive_ms,1.307210
latency,4,20,http1_rust_nodelay_production_req4096_resp32768_c16_keepalive_ms,1.657636
latency,4,21,http1_rust_nodelay_production_req4096_resp32768_c16_keepalive_ms,1.744667
latency,4,22,http1_rust_nodelay_production_req4096_resp32768_c16_keepalive_ms,1.744798
latency,4,23,http1_rust_nodelay_production_req4096_resp32768_c16_keepalive_ms,1.743367
latency,4,24,http1_rust_nodelay_production_req4096_resp32768_c16_keepalive_ms,1.674956
latency,4,25,http1_rust_nodelay_production_req4096_resp32768_c16_keepalive_ms,1.264360
latency,4,26,http1_rust_nodelay_production_req4096_resp32768_c16_keepalive_ms,1.688066
latency,4,27,http1_rust_nodelay_production_req4096_resp32768_c16_keepalive_ms,1.288500
latency,4,28,http1_rust_nodelay_production_req4096_resp32768_c16_keepalive_ms,1.416653
latency,4,29,http1_rust_nodelay_production_req4096_resp32768_c16_keepalive_ms,1.627395
latency,4,30,http1_rust_nodelay_production_req4096_resp32768_c16_keepalive_ms,1.365291
latency,4,31,http1_rust_nodelay_production_req4096_resp32768_c16_keepalive_ms,1.637456
latency,4,32,http1_rust_nodelay_production_req4096_resp32768_c16_keepalive_ms,1.298900
latency,4,33,http1_rust_nodelay_production_req4096_resp32768_c16_keepalive_ms,1.285600
latency,4,34,http1_rust_nodelay_production_req4096_resp32768_c16_keepalive_ms,1.764358
latency,4,35,http1_rust_nodelay_production_req4096_resp32768_c16_keepalive_ms,1.762658
latency,4,36,http1_rust_nodelay_production_req4096_resp32768_c16_keepalive_ms,1.650765
latency,4,37,http1_rust_nodelay_production_req4096_resp32768_c16_keepalive_ms,1.671206
latency,4,38,http1_rust_nodelay_production_req4096_resp32768_c16_keepalive_ms,1.260220
latency,4,39,http1_rust_nodelay_production_req4096_resp32768_c16_keepalive_ms,1.795738
latency,4,40,http1_rust_nodelay_production_req4096_resp32768_c16_keepalive_ms,1.226589
latency,4,41,http1_rust_nodelay_production_req4096_resp32768_c16_keepalive_ms,1.578265
latency,4,42,http1_rust_nodelay_production_req4096_resp32768_c16_keepalive_ms,1.706157
latency,4,43,http1_rust_nodelay_production_req4096_resp32768_c16_keepalive_ms,1.734947
latency,4,44,http1_rust_nodelay_production_req4096_resp32768_c16_keepalive_ms,1.677246
latency,4,45,http1_rust_nodelay_production_req4096_resp32768_c16_keepalive_ms,1.761287
latency,4,46,http1_rust_nodelay_production_req4096_resp32768_c16_keepalive_ms,1.629766
latency,4,47,http1_rust_nodelay_production_req4096_resp32768_c16_keepalive_ms,1.813579
latency,4,48,http1_rust_nodelay_production_req4096_resp32768_c16_keepalive_ms,1.598074
latency,4,49,http1_rust_nodelay_production_req4096_resp32768_c16_keepalive_ms,1.332291
latency,4,50,http1_rust_nodelay_production_req4096_resp32768_c16_keepalive_ms,1.785908
latency,4,51,http1_rust_nodelay_production_req4096_resp32768_c16_keepalive_ms,1.314701
latency,4,52,http1_rust_nodelay_production_req4096_resp32768_c16_keepalive_ms,1.678906
latency,4,53,http1_rust_nodelay_production_req4096_resp32768_c16_keepalive_ms,1.336781
latency,4,54,http1_rust_nodelay_production_req4096_resp32768_c16_keepalive_ms,1.706096
latency,4,55,http1_rust_nodelay_production_req4096_resp32768_c16_keepalive_ms,1.296331
latency,4,56,http1_rust_nodelay_production_req4096_resp32768_c16_keepalive_ms,1.647006
latency,4,57,http1_rust_nodelay_production_req4096_resp32768_c16_keepalive_ms,1.684666
latency,4,58,http1_rust_nodelay_production_req4096_resp32768_c16_keepalive_ms,1.782368
latency,4,59,http1_rust_nodelay_production_req4096_resp32768_c16_keepalive_ms,1.324431
latency,4,60,http1_rust_nodelay_production_req4096_resp32768_c16_keepalive_ms,1.294780
latency,4,61,http1_rust_nodelay_production_req4096_resp32768_c16_keepalive_ms,7.554898
latency,4,62,http1_rust_nodelay_production_req4096_resp32768_c16_keepalive_ms,1.621625
latency,4,63,http1_rust_nodelay_production_req4096_resp32768_c16_keepalive_ms,1.285700
latency,4,64,http1_rust_nodelay_production_req4096_resp32768_c16_keepalive_ms,1.300510
latency,4,65,http1_rust_nodelay_production_req4096_resp32768_c16_keepalive_ms,1.708787
latency,4,66,http1_rust_nodelay_production_req4096_resp32768_c16_keepalive_ms,1.721977
latency,4,67,http1_rust_nodelay_production_req4096_resp32768_c16_keepalive_ms,1.551304
latency,4,68,http1_rust_nodelay_production_req4096_resp32768_c16_keepalive_ms,1.296071
latency,4,69,http1_rust_nodelay_production_req4096_resp32768_c16_keepalive_ms,1.585564
latency,4,70,http1_rust_nodelay_production_req4096_resp32768_c16_keepalive_ms,1.294871
latency,4,71,http1_rust_nodelay_production_req4096_resp32768_c16_keepalive_ms,1.639295
latency,4,72,http1_rust_nodelay_production_req4096_resp32768_c16_keepalive_ms,1.678697
latency,4,73,http1_rust_nodelay_production_req4096_resp32768_c16_keepalive_ms,1.292960
latency,4,74,http1_rust_nodelay_production_req4096_resp32768_c16_keepalive_ms,1.703936
latency,4,75,http1_rust_nodelay_production_req4096_resp32768_c16_keepalive_ms,1.659607
latency,4,76,http1_rust_nodelay_production_req4096_resp32768_c16_keepalive_ms,1.684966
latency,4,77,http1_rust_nodelay_production_req4096_resp32768_c16_keepalive_ms,1.648676
latency,4,78,http1_rust_nodelay_production_req4096_resp32768_c16_keepalive_ms,1.281399
latency,4,79,http1_rust_nodelay_production_req4096_resp32768_c16_keepalive_ms,1.719997
latency,4,480,http1_rust_nodelay_production_req4096_resp32768_c16_keepalive_ms,1.646386
latency,4,481,http1_rust_nodelay_production_req4096_resp32768_c16_keepalive_ms,1.919990
latency,4,482,http1_rust_nodelay_production_req4096_resp32768_c16_keepalive_ms,1.831598
latency,4,483,http1_rust_nodelay_production_req4096_resp32768_c16_keepalive_ms,1.750408
latency,4,484,http1_rust_nodelay_production_req4096_resp32768_c16_keepalive_ms,1.719257
latency,4,485,http1_rust_nodelay_production_req4096_resp32768_c16_keepalive_ms,1.701986
latency,4,486,http1_rust_nodelay_production_req4096_resp32768_c16_keepalive_ms,1.669707
latency,4,487,http1_rust_nodelay_production_req4096_resp32768_c16_keepalive_ms,1.724627
latency,4,488,http1_rust_nodelay_production_req4096_resp32768_c16_keepalive_ms,1.568774
latency,4,489,http1_rust_nodelay_production_req4096_resp32768_c16_keepalive_ms,1.226039
latency,4,490,http1_rust_nodelay_production_req4096_resp32768_c16_keepalive_ms,1.301151
latency,4,491,http1_rust_nodelay_production_req4096_resp32768_c16_keepalive_ms,1.652536
latency,4,492,http1_rust_nodelay_production_req4096_resp32768_c16_keepalive_ms,1.699836
latency,4,493,http1_rust_nodelay_production_req4096_resp32768_c16_keepalive_ms,1.545154
latency,4,494,http1_rust_nodelay_production_req4096_resp32768_c16_keepalive_ms,1.733257
latency,4,495,http1_rust_nodelay_production_req4096_resp32768_c16_keepalive_ms,8.677556
latency,4,496,http1_rust_nodelay_production_req4096_resp32768_c16_keepalive_ms,1.646555
latency,4,497,http1_rust_nodelay_production_req4096_resp32768_c16_keepalive_ms,1.805419
latency,4,498,http1_rust_nodelay_production_req4096_resp32768_c16_keepalive_ms,0.914714
latency,4,499,http1_rust_nodelay_production_req4096_resp32768_c16_keepalive_ms,1.642316
latency,4,500,http1_rust_nodelay_production_req4096_resp32768_c16_keepalive_ms,1.290380
latency,4,501,http1_rust_nodelay_production_req4096_resp32768_c16_keepalive_ms,1.711827
latency,4,502,http1_rust_nodelay_production_req4096_resp32768_c16_keepalive_ms,1.725217
latency,4,503,http1_rust_nodelay_production_req4096_resp32768_c16_keepalive_ms,1.758597
latency,4,504,http1_rust_nodelay_production_req4096_resp32768_c16_keepalive_ms,1.653986
latency,4,505,http1_rust_nodelay_production_req4096_resp32768_c16_keepalive_ms,1.319691
latency,4,506,http1_rust_nodelay_production_req4096_resp32768_c16_keepalive_ms,1.700186
latency,4,507,http1_rust_nodelay_production_req4096_resp32768_c16_keepalive_ms,1.753848
latency,4,508,http1_rust_nodelay_production_req4096_resp32768_c16_keepalive_ms,1.642285
latency,4,509,http1_rust_nodelay_production_req4096_resp32768_c16_keepalive_ms,1.347031
latency,4,510,http1_rust_nodelay_production_req4096_resp32768_c16_keepalive_ms,1.295731
latency,4,511,http1_rust_nodelay_production_req4096_resp32768_c16_keepalive_ms,1.614625
latency,4,512,http1_rust_nodelay_production_req4096_resp32768_c16_keepalive_ms,1.639735
latency,4,513,http1_rust_nodelay_production_req4096_resp32768_c16_keepalive_ms,1.665447
latency,4,514,http1_rust_nodelay_production_req4096_resp32768_c16_keepalive_ms,1.733557
latency,4,515,http1_rust_nodelay_production_req4096_resp32768_c16_keepalive_ms,1.826088
latency,4,516,http1_rust_nodelay_production_req4096_resp32768_c16_keepalive_ms,1.632646
latency,4,517,http1_rust_nodelay_production_req4096_resp32768_c16_keepalive_ms,1.646465
latency,4,518,http1_rust_nodelay_production_req4096_resp32768_c16_keepalive_ms,1.285501
latency,4,519,http1_rust_nodelay_production_req4096_resp32768_c16_keepalive_ms,1.620785
latency,4,520,http1_rust_nodelay_production_req4096_resp32768_c16_keepalive_ms,1.706157
latency,4,521,http1_rust_nodelay_production_req4096_resp32768_c16_keepalive_ms,1.578384
latency,4,522,http1_rust_nodelay_production_req4096_resp32768_c16_keepalive_ms,1.241900
latency,4,523,http1_rust_nodelay_production_req4096_resp32768_c16_keepalive_ms,1.621295
latency,4,524,http1_rust_nodelay_production_req4096_resp32768_c16_keepalive_ms,1.656036
latency,4,525,http1_rust_nodelay_production_req4096_resp32768_c16_keepalive_ms,1.719637
latency,4,526,http1_rust_nodelay_production_req4096_resp32768_c16_keepalive_ms,1.816478
latency,4,527,http1_rust_nodelay_production_req4096_resp32768_c16_keepalive_ms,1.639116
latency,4,528,http1_rust_nodelay_production_req4096_resp32768_c16_keepalive_ms,1.827418
latency,4,529,http1_rust_nodelay_production_req4096_resp32768_c16_keepalive_ms,1.681726
latency,4,530,http1_rust_nodelay_production_req4096_resp32768_c16_keepalive_ms,1.778827
latency,4,531,http1_rust_nodelay_production_req4096_resp32768_c16_keepalive_ms,1.705777
latency,4,532,http1_rust_nodelay_production_req4096_resp32768_c16_keepalive_ms,1.276900
latency,4,533,http1_rust_nodelay_production_req4096_resp32768_c16_keepalive_ms,1.363641
latency,4,534,http1_rust_nodelay_production_req4096_resp32768_c16_keepalive_ms,1.740288
latency,4,535,http1_rust_nodelay_production_req4096_resp32768_c16_keepalive_ms,1.631255
latency,4,536,http1_rust_nodelay_production_req4096_resp32768_c16_keepalive_ms,1.364791
latency,4,537,http1_rust_nodelay_production_req4096_resp32768_c16_keepalive_ms,1.673457
latency,4,538,http1_rust_nodelay_production_req4096_resp32768_c16_keepalive_ms,1.336681
latency,4,539,http1_rust_nodelay_production_req4096_resp32768_c16_keepalive_ms,1.297040
latency,4,540,http1_rust_nodelay_production_req4096_resp32768_c16_keepalive_ms,1.252229
latency,4,541,http1_rust_nodelay_production_req4096_resp32768_c16_keepalive_ms,1.621986
latency,4,542,http1_rust_nodelay_production_req4096_resp32768_c16_keepalive_ms,1.155208
latency,4,543,http1_rust_nodelay_production_req4096_resp32768_c16_keepalive_ms,1.652646
latency,4,544,http1_rust_nodelay_production_req4096_resp32768_c16_keepalive_ms,10.268180
latency,4,545,http1_rust_nodelay_production_req4096_resp32768_c16_keepalive_ms,1.306861
latency,4,546,http1_rust_nodelay_production_req4096_resp32768_c16_keepalive_ms,1.642355
latency,4,547,http1_rust_nodelay_production_req4096_resp32768_c16_keepalive_ms,1.636056
latency,4,548,http1_rust_nodelay_production_req4096_resp32768_c16_keepalive_ms,1.708667
latency,4,549,http1_rust_nodelay_production_req4096_resp32768_c16_keepalive_ms,1.270689
latency,4,550,http1_rust_nodelay_production_req4096_resp32768_c16_keepalive_ms,1.668996
latency,4,551,http1_rust_nodelay_production_req4096_resp32768_c16_keepalive_ms,1.305771
latency,4,552,http1_rust_nodelay_production_req4096_resp32768_c16_keepalive_ms,1.644175
latency,4,553,http1_rust_nodelay_production_req4096_resp32768_c16_keepalive_ms,1.725238
latency,4,554,http1_rust_nodelay_production_req4096_resp32768_c16_keepalive_ms,1.653176
latency,4,555,http1_rust_nodelay_production_req4096_resp32768_c16_keepalive_ms,1.629905
latency,4,556,http1_rust_nodelay_production_req4096_resp32768_c16_keepalive_ms,1.585055
latency,4,557,http1_rust_nodelay_production_req4096_resp32768_c16_keepalive_ms,1.216289
latency,4,558,http1_rust_nodelay_production_req4096_resp32768_c16_keepalive_ms,1.535444
latency,4,559,http1_rust_nodelay_production_req4096_resp32768_c16_keepalive_ms,1.264199
latency,4,80,http1_rust_nodelay_production_req4096_resp32768_c16_keepalive_ms,1.397612
latency,4,81,http1_rust_nodelay_production_req4096_resp32768_c16_keepalive_ms,1.858109
latency,4,82,http1_rust_nodelay_production_req4096_resp32768_c16_keepalive_ms,1.897460
latency,4,83,http1_rust_nodelay_production_req4096_resp32768_c16_keepalive_ms,1.827398
latency,4,84,http1_rust_nodelay_production_req4096_resp32768_c16_keepalive_ms,1.700937
latency,4,85,http1_rust_nodelay_production_req4096_resp32768_c16_keepalive_ms,1.715796
latency,4,86,http1_rust_nodelay_production_req4096_resp32768_c16_keepalive_ms,1.624066
latency,4,87,http1_rust_nodelay_production_req4096_resp32768_c16_keepalive_ms,1.324831
latency,4,88,http1_rust_nodelay_production_req4096_resp32768_c16_keepalive_ms,1.647515
latency,4,89,http1_rust_nodelay_production_req4096_resp32768_c16_keepalive_ms,1.549365
latency,4,90,http1_rust_nodelay_production_req4096_resp32768_c16_keepalive_ms,1.737487
latency,4,91,http1_rust_nodelay_production_req4096_resp32768_c16_keepalive_ms,1.743647
latency,4,92,http1_rust_nodelay_production_req4096_resp32768_c16_keepalive_ms,1.614435
latency,4,93,http1_rust_nodelay_production_req4096_resp32768_c16_keepalive_ms,1.203749
latency,4,94,http1_rust_nodelay_production_req4096_resp32768_c16_keepalive_ms,1.287170
latency,4,95,http1_rust_nodelay_production_req4096_resp32768_c16_keepalive_ms,1.702237
latency,4,96,http1_rust_nodelay_production_req4096_resp32768_c16_keepalive_ms,1.250709
latency,4,97,http1_rust_nodelay_production_req4096_resp32768_c16_keepalive_ms,1.756648
latency,4,98,http1_rust_nodelay_production_req4096_resp32768_c16_keepalive_ms,1.355361
latency,4,99,http1_rust_nodelay_production_req4096_resp32768_c16_keepalive_ms,1.649146
latency,4,100,http1_rust_nodelay_production_req4096_resp32768_c16_keepalive_ms,1.710417
latency,4,101,http1_rust_nodelay_production_req4096_resp32768_c16_keepalive_ms,1.257999
latency,4,102,http1_rust_nodelay_production_req4096_resp32768_c16_keepalive_ms,1.784418
latency,4,103,http1_rust_nodelay_production_req4096_resp32768_c16_keepalive_ms,1.676617
latency,4,104,http1_rust_nodelay_production_req4096_resp32768_c16_keepalive_ms,1.724146
latency,4,105,http1_rust_nodelay_production_req4096_resp32768_c16_keepalive_ms,1.676227
latency,4,106,http1_rust_nodelay_production_req4096_resp32768_c16_keepalive_ms,1.343451
latency,4,107,http1_rust_nodelay_production_req4096_resp32768_c16_keepalive_ms,1.647535
latency,4,108,http1_rust_nodelay_production_req4096_resp32768_c16_keepalive_ms,1.353971
latency,4,109,http1_rust_nodelay_production_req4096_resp32768_c16_keepalive_ms,1.303891
latency,4,110,http1_rust_nodelay_production_req4096_resp32768_c16_keepalive_ms,1.688796
latency,4,111,http1_rust_nodelay_production_req4096_resp32768_c16_keepalive_ms,1.298400
latency,4,112,http1_rust_nodelay_production_req4096_resp32768_c16_keepalive_ms,1.342002
latency,4,113,http1_rust_nodelay_production_req4096_resp32768_c16_keepalive_ms,1.333230
latency,4,114,http1_rust_nodelay_production_req4096_resp32768_c16_keepalive_ms,1.712967
latency,4,115,http1_rust_nodelay_production_req4096_resp32768_c16_keepalive_ms,1.690577
latency,4,116,http1_rust_nodelay_production_req4096_resp32768_c16_keepalive_ms,1.688816
latency,4,117,http1_rust_nodelay_production_req4096_resp32768_c16_keepalive_ms,1.640936
latency,4,118,http1_rust_nodelay_production_req4096_resp32768_c16_keepalive_ms,1.638305
latency,4,119,http1_rust_nodelay_production_req4096_resp32768_c16_keepalive_ms,1.739317
latency,4,120,http1_rust_nodelay_production_req4096_resp32768_c16_keepalive_ms,1.839989
latency,4,121,http1_rust_nodelay_production_req4096_resp32768_c16_keepalive_ms,1.205519
latency,4,122,http1_rust_nodelay_production_req4096_resp32768_c16_keepalive_ms,1.630196
latency,4,123,http1_rust_nodelay_production_req4096_resp32768_c16_keepalive_ms,1.705166
latency,4,124,http1_rust_nodelay_production_req4096_resp32768_c16_keepalive_ms,1.625066
latency,4,125,http1_rust_nodelay_production_req4096_resp32768_c16_keepalive_ms,1.681596
latency,4,126,http1_rust_nodelay_production_req4096_resp32768_c16_keepalive_ms,1.197838
latency,4,127,http1_rust_nodelay_production_req4096_resp32768_c16_keepalive_ms,1.602566
latency,4,128,http1_rust_nodelay_production_req4096_resp32768_c16_keepalive_ms,1.228109
latency,4,129,http1_rust_nodelay_production_req4096_resp32768_c16_keepalive_ms,1.597005
latency,4,130,http1_rust_nodelay_production_req4096_resp32768_c16_keepalive_ms,1.333781
latency,4,131,http1_rust_nodelay_production_req4096_resp32768_c16_keepalive_ms,1.783598
latency,4,132,http1_rust_nodelay_production_req4096_resp32768_c16_keepalive_ms,1.314580
latency,4,133,http1_rust_nodelay_production_req4096_resp32768_c16_keepalive_ms,1.679876
latency,4,134,http1_rust_nodelay_production_req4096_resp32768_c16_keepalive_ms,1.339391
latency,4,135,http1_rust_nodelay_production_req4096_resp32768_c16_keepalive_ms,1.703757
latency,4,136,http1_rust_nodelay_production_req4096_resp32768_c16_keepalive_ms,10.312841
latency,4,137,http1_rust_nodelay_production_req4096_resp32768_c16_keepalive_ms,1.662296
latency,4,138,http1_rust_nodelay_production_req4096_resp32768_c16_keepalive_ms,1.709837
latency,4,139,http1_rust_nodelay_production_req4096_resp32768_c16_keepalive_ms,1.736217
latency,4,140,http1_rust_nodelay_production_req4096_resp32768_c16_keepalive_ms,10.302181
latency,4,141,http1_rust_nodelay_production_req4096_resp32768_c16_keepalive_ms,1.638086
latency,4,142,http1_rust_nodelay_production_req4096_resp32768_c16_keepalive_ms,1.623005
latency,4,143,http1_rust_nodelay_production_req4096_resp32768_c16_keepalive_ms,1.290770
latency,4,144,http1_rust_nodelay_production_req4096_resp32768_c16_keepalive_ms,1.635316
latency,4,145,http1_rust_nodelay_production_req4096_resp32768_c16_keepalive_ms,1.648325
latency,4,146,http1_rust_nodelay_production_req4096_resp32768_c16_keepalive_ms,1.539555
latency,4,147,http1_rust_nodelay_production_req4096_resp32768_c16_keepalive_ms,1.673726
latency,4,148,http1_rust_nodelay_production_req4096_resp32768_c16_keepalive_ms,1.748137
latency,4,149,http1_rust_nodelay_production_req4096_resp32768_c16_keepalive_ms,1.241829
latency,4,150,http1_rust_nodelay_production_req4096_resp32768_c16_keepalive_ms,1.654446
latency,4,151,http1_rust_nodelay_production_req4096_resp32768_c16_keepalive_ms,1.641756
latency,4,152,http1_rust_nodelay_production_req4096_resp32768_c16_keepalive_ms,1.640626
latency,4,153,http1_rust_nodelay_production_req4096_resp32768_c16_keepalive_ms,1.747777
latency,4,154,http1_rust_nodelay_production_req4096_resp32768_c16_keepalive_ms,1.602565
latency,4,155,http1_rust_nodelay_production_req4096_resp32768_c16_keepalive_ms,1.562954
latency,4,156,http1_rust_nodelay_production_req4096_resp32768_c16_keepalive_ms,1.227600
latency,4,157,http1_rust_nodelay_production_req4096_resp32768_c16_keepalive_ms,1.564954
latency,4,158,http1_rust_nodelay_production_req4096_resp32768_c16_keepalive_ms,1.224679
latency,4,159,http1_rust_nodelay_production_req4096_resp32768_c16_keepalive_ms,1.905390
latency,4,960,http1_rust_nodelay_production_req4096_resp32768_c16_keepalive_ms,1.376691
latency,4,961,http1_rust_nodelay_production_req4096_resp32768_c16_keepalive_ms,1.858320
latency,4,962,http1_rust_nodelay_production_req4096_resp32768_c16_keepalive_ms,1.333691
latency,4,963,http1_rust_nodelay_production_req4096_resp32768_c16_keepalive_ms,1.926519
latency,4,964,http1_rust_nodelay_production_req4096_resp32768_c16_keepalive_ms,1.672207
latency,4,965,http1_rust_nodelay_production_req4096_resp32768_c16_keepalive_ms,1.722917
latency,4,966,http1_rust_nodelay_production_req4096_resp32768_c16_keepalive_ms,1.644585
latency,4,967,http1_rust_nodelay_production_req4096_resp32768_c16_keepalive_ms,1.321461
latency,4,968,http1_rust_nodelay_production_req4096_resp32768_c16_keepalive_ms,1.291100
latency,4,969,http1_rust_nodelay_production_req4096_resp32768_c16_keepalive_ms,1.739017
latency,4,970,http1_rust_nodelay_production_req4096_resp32768_c16_keepalive_ms,1.584915
latency,4,971,http1_rust_nodelay_production_req4096_resp32768_c16_keepalive_ms,1.693597
latency,4,972,http1_rust_nodelay_production_req4096_resp32768_c16_keepalive_ms,1.704076
latency,4,973,http1_rust_nodelay_production_req4096_resp32768_c16_keepalive_ms,1.223359
latency,4,974,http1_rust_nodelay_production_req4096_resp32768_c16_keepalive_ms,1.682867
latency,4,975,http1_rust_nodelay_production_req4096_resp32768_c16_keepalive_ms,1.710446
latency,4,976,http1_rust_nodelay_production_req4096_resp32768_c16_keepalive_ms,1.306461
latency,4,977,http1_rust_nodelay_production_req4096_resp32768_c16_keepalive_ms,1.559204
latency,4,978,http1_rust_nodelay_production_req4096_resp32768_c16_keepalive_ms,1.606595
latency,4,979,http1_rust_nodelay_production_req4096_resp32768_c16_keepalive_ms,1.699237
latency,4,980,http1_rust_nodelay_production_req4096_resp32768_c16_keepalive_ms,1.292330
latency,4,981,http1_rust_nodelay_production_req4096_resp32768_c16_keepalive_ms,1.270030
latency,4,982,http1_rust_nodelay_production_req4096_resp32768_c16_keepalive_ms,11.692543
latency,4,983,http1_rust_nodelay_production_req4096_resp32768_c16_keepalive_ms,1.777988
latency,4,984,http1_rust_nodelay_production_req4096_resp32768_c16_keepalive_ms,1.720996
latency,4,985,http1_rust_nodelay_production_req4096_resp32768_c16_keepalive_ms,1.291311
latency,4,986,http1_rust_nodelay_production_req4096_resp32768_c16_keepalive_ms,1.680666
latency,4,987,http1_rust_nodelay_production_req4096_resp32768_c16_keepalive_ms,1.744997
latency,4,988,http1_rust_nodelay_production_req4096_resp32768_c16_keepalive_ms,1.770988
latency,4,989,http1_rust_nodelay_production_req4096_resp32768_c16_keepalive_ms,1.995511
latency,4,990,http1_rust_nodelay_production_req4096_resp32768_c16_keepalive_ms,1.579975
latency,4,991,http1_rust_nodelay_production_req4096_resp32768_c16_keepalive_ms,1.312670
latency,4,992,http1_rust_nodelay_production_req4096_resp32768_c16_keepalive_ms,1.313281
latency,4,993,http1_rust_nodelay_production_req4096_resp32768_c16_keepalive_ms,1.272619
latency,4,994,http1_rust_nodelay_production_req4096_resp32768_c16_keepalive_ms,1.723158
latency,4,995,http1_rust_nodelay_production_req4096_resp32768_c16_keepalive_ms,1.636305
latency,4,996,http1_rust_nodelay_production_req4096_resp32768_c16_keepalive_ms,1.287220
latency,4,997,http1_rust_nodelay_production_req4096_resp32768_c16_keepalive_ms,1.624016
latency,4,998,http1_rust_nodelay_production_req4096_resp32768_c16_keepalive_ms,1.620745
latency,4,999,http1_rust_nodelay_production_req4096_resp32768_c16_keepalive_ms,1.225479
latency,4,1000,http1_rust_nodelay_production_req4096_resp32768_c16_keepalive_ms,1.642826
latency,4,1001,http1_rust_nodelay_production_req4096_resp32768_c16_keepalive_ms,1.651706
latency,4,1002,http1_rust_nodelay_production_req4096_resp32768_c16_keepalive_ms,1.532144
latency,4,1003,http1_rust_nodelay_production_req4096_resp32768_c16_keepalive_ms,1.229289
latency,4,1004,http1_rust_nodelay_production_req4096_resp32768_c16_keepalive_ms,1.713377
latency,4,1005,http1_rust_nodelay_production_req4096_resp32768_c16_keepalive_ms,1.742517
latency,4,1006,http1_rust_nodelay_production_req4096_resp32768_c16_keepalive_ms,9.820123
latency,4,1007,http1_rust_nodelay_production_req4096_resp32768_c16_keepalive_ms,1.293010
latency,4,1008,http1_rust_nodelay_production_req4096_resp32768_c16_keepalive_ms,1.830549
latency,4,1009,http1_rust_nodelay_production_req4096_resp32768_c16_keepalive_ms,1.718227
latency,4,1010,http1_rust_nodelay_production_req4096_resp32768_c16_keepalive_ms,1.698417
latency,4,1011,http1_rust_nodelay_production_req4096_resp32768_c16_keepalive_ms,1.343121
latency,4,1012,http1_rust_nodelay_production_req4096_resp32768_c16_keepalive_ms,1.686726
latency,4,1013,http1_rust_nodelay_production_req4096_resp32768_c16_keepalive_ms,1.301120
latency,4,1014,http1_rust_nodelay_production_req4096_resp32768_c16_keepalive_ms,1.587185
latency,4,1015,http1_rust_nodelay_production_req4096_resp32768_c16_keepalive_ms,1.693997
latency,4,1016,http1_rust_nodelay_production_req4096_resp32768_c16_keepalive_ms,1.727027
latency,4,1017,http1_rust_nodelay_production_req4096_resp32768_c16_keepalive_ms,1.625105
latency,4,1018,http1_rust_nodelay_production_req4096_resp32768_c16_keepalive_ms,1.290990
latency,4,1019,http1_rust_nodelay_production_req4096_resp32768_c16_keepalive_ms,1.290240
latency,4,1020,http1_rust_nodelay_production_req4096_resp32768_c16_keepalive_ms,1.330481
latency,4,1021,http1_rust_nodelay_production_req4096_resp32768_c16_keepalive_ms,1.640996
latency,4,1022,http1_rust_nodelay_production_req4096_resp32768_c16_keepalive_ms,1.622775
latency,4,1023,http1_rust_nodelay_production_req4096_resp32768_c16_keepalive_ms,1.687037
latency,4,1024,http1_rust_nodelay_production_req4096_resp32768_c16_keepalive_ms,1.689866
latency,4,1025,http1_rust_nodelay_production_req4096_resp32768_c16_keepalive_ms,1.197969
latency,4,1026,http1_rust_nodelay_production_req4096_resp32768_c16_keepalive_ms,1.367741
latency,4,1027,http1_rust_nodelay_production_req4096_resp32768_c16_keepalive_ms,1.606995
latency,4,1028,http1_rust_nodelay_production_req4096_resp32768_c16_keepalive_ms,1.323071
latency,4,1029,http1_rust_nodelay_production_req4096_resp32768_c16_keepalive_ms,1.693556
latency,4,1030,http1_rust_nodelay_production_req4096_resp32768_c16_keepalive_ms,1.631266
latency,4,1031,http1_rust_nodelay_production_req4096_resp32768_c16_keepalive_ms,1.619585
latency,4,1032,http1_rust_nodelay_production_req4096_resp32768_c16_keepalive_ms,2.024432
latency,4,1033,http1_rust_nodelay_production_req4096_resp32768_c16_keepalive_ms,1.368961
latency,4,1034,http1_rust_nodelay_production_req4096_resp32768_c16_keepalive_ms,1.639186
latency,4,1035,http1_rust_nodelay_production_req4096_resp32768_c16_keepalive_ms,1.619235
latency,4,1036,http1_rust_nodelay_production_req4096_resp32768_c16_keepalive_ms,1.562385
latency,4,1037,http1_rust_nodelay_production_req4096_resp32768_c16_keepalive_ms,1.618195
latency,4,1038,http1_rust_nodelay_production_req4096_resp32768_c16_keepalive_ms,1.927090
latency,4,1039,http1_rust_nodelay_production_req4096_resp32768_c16_keepalive_ms,2.076423
latency,4,640,http1_rust_nodelay_production_req4096_resp32768_c16_keepalive_ms,1.479453
latency,4,641,http1_rust_nodelay_production_req4096_resp32768_c16_keepalive_ms,1.844719
latency,4,642,http1_rust_nodelay_production_req4096_resp32768_c16_keepalive_ms,1.901070
latency,4,643,http1_rust_nodelay_production_req4096_resp32768_c16_keepalive_ms,1.828399
latency,4,644,http1_rust_nodelay_production_req4096_resp32768_c16_keepalive_ms,1.703756
latency,4,645,http1_rust_nodelay_production_req4096_resp32768_c16_keepalive_ms,1.523494
latency,4,646,http1_rust_nodelay_production_req4096_resp32768_c16_keepalive_ms,1.626765
latency,4,647,http1_rust_nodelay_production_req4096_resp32768_c16_keepalive_ms,1.693787
latency,4,648,http1_rust_nodelay_production_req4096_resp32768_c16_keepalive_ms,1.214279
latency,4,649,http1_rust_nodelay_production_req4096_resp32768_c16_keepalive_ms,1.231159
latency,4,650,http1_rust_nodelay_production_req4096_resp32768_c16_keepalive_ms,1.645846
latency,4,651,http1_rust_nodelay_production_req4096_resp32768_c16_keepalive_ms,1.742907
latency,4,652,http1_rust_nodelay_production_req4096_resp32768_c16_keepalive_ms,1.279040
latency,4,653,http1_rust_nodelay_production_req4096_resp32768_c16_keepalive_ms,1.556185
latency,4,654,http1_rust_nodelay_production_req4096_resp32768_c16_keepalive_ms,1.314990
latency,4,655,http1_rust_nodelay_production_req4096_resp32768_c16_keepalive_ms,1.655806
latency,4,656,http1_rust_nodelay_production_req4096_resp32768_c16_keepalive_ms,1.298690
latency,4,657,http1_rust_nodelay_production_req4096_resp32768_c16_keepalive_ms,1.699077
latency,4,658,http1_rust_nodelay_production_req4096_resp32768_c16_keepalive_ms,1.748307
latency,4,659,http1_rust_nodelay_production_req4096_resp32768_c16_keepalive_ms,1.698067
latency,4,660,http1_rust_nodelay_production_req4096_resp32768_c16_keepalive_ms,1.685896
latency,4,661,http1_rust_nodelay_production_req4096_resp32768_c16_keepalive_ms,1.279330
latency,4,662,http1_rust_nodelay_production_req4096_resp32768_c16_keepalive_ms,1.357911
latency,4,663,http1_rust_nodelay_production_req4096_resp32768_c16_keepalive_ms,1.757548
latency,4,664,http1_rust_nodelay_production_req4096_resp32768_c16_keepalive_ms,1.324610
latency,4,665,http1_rust_nodelay_production_req4096_resp32768_c16_keepalive_ms,1.847999
latency,4,666,http1_rust_nodelay_production_req4096_resp32768_c16_keepalive_ms,1.792888
latency,4,667,http1_rust_nodelay_production_req4096_resp32768_c16_keepalive_ms,1.699477
latency,4,668,http1_rust_nodelay_production_req4096_resp32768_c16_keepalive_ms,1.316650
latency,4,669,http1_rust_nodelay_production_req4096_resp32768_c16_keepalive_ms,1.647996
latency,4,670,http1_rust_nodelay_production_req4096_resp32768_c16_keepalive_ms,1.682047
latency,4,671,http1_rust_nodelay_production_req4096_resp32768_c16_keepalive_ms,1.689126
latency,4,672,http1_rust_nodelay_production_req4096_resp32768_c16_keepalive_ms,1.343061
latency,4,673,http1_rust_nodelay_production_req4096_resp32768_c16_keepalive_ms,1.270370
latency,4,674,http1_rust_nodelay_production_req4096_resp32768_c16_keepalive_ms,1.643085
latency,4,675,http1_rust_nodelay_production_req4096_resp32768_c16_keepalive_ms,1.718457
latency,4,676,http1_rust_nodelay_production_req4096_resp32768_c16_keepalive_ms,1.645936
latency,4,677,http1_rust_nodelay_production_req4096_resp32768_c16_keepalive_ms,1.692977
latency,4,678,http1_rust_nodelay_production_req4096_resp32768_c16_keepalive_ms,1.622935
latency,4,679,http1_rust_nodelay_production_req4096_resp32768_c16_keepalive_ms,1.261800
latency,4,680,http1_rust_nodelay_production_req4096_resp32768_c16_keepalive_ms,11.386488
latency,4,681,http1_rust_nodelay_production_req4096_resp32768_c16_keepalive_ms,1.589155
latency,4,682,http1_rust_nodelay_production_req4096_resp32768_c16_keepalive_ms,1.606655
latency,4,683,http1_rust_nodelay_production_req4096_resp32768_c16_keepalive_ms,1.610325
latency,4,684,http1_rust_nodelay_production_req4096_resp32768_c16_keepalive_ms,1.350101
latency,4,685,http1_rust_nodelay_production_req4096_resp32768_c16_keepalive_ms,1.319850
latency,4,686,http1_rust_nodelay_production_req4096_resp32768_c16_keepalive_ms,1.382982
latency,4,687,http1_rust_nodelay_production_req4096_resp32768_c16_keepalive_ms,1.635366
latency,4,688,http1_rust_nodelay_production_req4096_resp32768_c16_keepalive_ms,1.405272
latency,4,689,http1_rust_nodelay_production_req4096_resp32768_c16_keepalive_ms,1.682706
latency,4,690,http1_rust_nodelay_production_req4096_resp32768_c16_keepalive_ms,1.646326
latency,4,691,http1_rust_nodelay_production_req4096_resp32768_c16_keepalive_ms,1.256099
latency,4,692,http1_rust_nodelay_production_req4096_resp32768_c16_keepalive_ms,1.703087
latency,4,693,http1_rust_nodelay_production_req4096_resp32768_c16_keepalive_ms,1.756637
latency,4,694,http1_rust_nodelay_production_req4096_resp32768_c16_keepalive_ms,1.345702
latency,4,695,http1_rust_nodelay_production_req4096_resp32768_c16_keepalive_ms,11.604551
latency,4,696,http1_rust_nodelay_production_req4096_resp32768_c16_keepalive_ms,1.649036
latency,4,697,http1_rust_nodelay_production_req4096_resp32768_c16_keepalive_ms,1.324680
latency,4,698,http1_rust_nodelay_production_req4096_resp32768_c16_keepalive_ms,1.279700
latency,4,699,http1_rust_nodelay_production_req4096_resp32768_c16_keepalive_ms,1.607935
latency,4,700,http1_rust_nodelay_production_req4096_resp32768_c16_keepalive_ms,1.723118
latency,4,701,http1_rust_nodelay_production_req4096_resp32768_c16_keepalive_ms,1.621715
latency,4,702,http1_rust_nodelay_production_req4096_resp32768_c16_keepalive_ms,1.658416
latency,4,703,http1_rust_nodelay_production_req4096_resp32768_c16_keepalive_ms,1.249399
latency,4,704,http1_rust_nodelay_production_req4096_resp32768_c16_keepalive_ms,1.277230
latency,4,705,http1_rust_nodelay_production_req4096_resp32768_c16_keepalive_ms,1.670376
latency,4,706,http1_rust_nodelay_production_req4096_resp32768_c16_keepalive_ms,1.254910
latency,4,707,http1_rust_nodelay_production_req4096_resp32768_c16_keepalive_ms,1.719967
latency,4,708,http1_rust_nodelay_production_req4096_resp32768_c16_keepalive_ms,1.737567
latency,4,709,http1_rust_nodelay_production_req4096_resp32768_c16_keepalive_ms,1.631506
latency,4,710,http1_rust_nodelay_production_req4096_resp32768_c16_keepalive_ms,1.690606
latency,4,711,http1_rust_nodelay_production_req4096_resp32768_c16_keepalive_ms,2.126283
latency,4,712,http1_rust_nodelay_production_req4096_resp32768_c16_keepalive_ms,1.678196
latency,4,713,http1_rust_nodelay_production_req4096_resp32768_c16_keepalive_ms,1.224589
latency,4,714,http1_rust_nodelay_production_req4096_resp32768_c16_keepalive_ms,1.220279
latency,4,715,http1_rust_nodelay_production_req4096_resp32768_c16_keepalive_ms,1.575655
latency,4,716,http1_rust_nodelay_production_req4096_resp32768_c16_keepalive_ms,1.183939
latency,4,717,http1_rust_nodelay_production_req4096_resp32768_c16_keepalive_ms,1.469013
latency,4,718,http1_rust_nodelay_production_req4096_resp32768_c16_keepalive_ms,1.971501
latency,4,719,http1_rust_nodelay_production_req4096_resp32768_c16_keepalive_ms,2.000661
latency,4,240,http1_rust_nodelay_production_req4096_resp32768_c16_keepalive_ms,1.682717
latency,4,241,http1_rust_nodelay_production_req4096_resp32768_c16_keepalive_ms,1.402282
latency,4,242,http1_rust_nodelay_production_req4096_resp32768_c16_keepalive_ms,1.826288
latency,4,243,http1_rust_nodelay_production_req4096_resp32768_c16_keepalive_ms,1.448023
latency,4,244,http1_rust_nodelay_production_req4096_resp32768_c16_keepalive_ms,1.704667
latency,4,245,http1_rust_nodelay_production_req4096_resp32768_c16_keepalive_ms,7.429505
latency,4,246,http1_rust_nodelay_production_req4096_resp32768_c16_keepalive_ms,1.188729
latency,4,247,http1_rust_nodelay_production_req4096_resp32768_c16_keepalive_ms,1.668846
latency,4,248,http1_rust_nodelay_production_req4096_resp32768_c16_keepalive_ms,1.737287
latency,4,249,http1_rust_nodelay_production_req4096_resp32768_c16_keepalive_ms,1.566295
latency,4,250,http1_rust_nodelay_production_req4096_resp32768_c16_keepalive_ms,1.619475
latency,4,251,http1_rust_nodelay_production_req4096_resp32768_c16_keepalive_ms,1.313281
latency,4,252,http1_rust_nodelay_production_req4096_resp32768_c16_keepalive_ms,1.672306
latency,4,253,http1_rust_nodelay_production_req4096_resp32768_c16_keepalive_ms,1.729137
latency,4,254,http1_rust_nodelay_production_req4096_resp32768_c16_keepalive_ms,1.742637
latency,4,255,http1_rust_nodelay_production_req4096_resp32768_c16_keepalive_ms,1.271040
latency,4,256,http1_rust_nodelay_production_req4096_resp32768_c16_keepalive_ms,1.738427
latency,4,257,http1_rust_nodelay_production_req4096_resp32768_c16_keepalive_ms,1.643806
latency,4,258,http1_rust_nodelay_production_req4096_resp32768_c16_keepalive_ms,1.324231
latency,4,259,http1_rust_nodelay_production_req4096_resp32768_c16_keepalive_ms,1.740177
latency,4,260,http1_rust_nodelay_production_req4096_resp32768_c16_keepalive_ms,1.751807
latency,4,261,http1_rust_nodelay_production_req4096_resp32768_c16_keepalive_ms,1.673736
latency,4,262,http1_rust_nodelay_production_req4096_resp32768_c16_keepalive_ms,1.682657
latency,4,263,http1_rust_nodelay_production_req4096_resp32768_c16_keepalive_ms,1.270450
latency,4,264,http1_rust_nodelay_production_req4096_resp32768_c16_keepalive_ms,1.732007
latency,4,265,http1_rust_nodelay_production_req4096_resp32768_c16_keepalive_ms,1.733657
latency,4,266,http1_rust_nodelay_production_req4096_resp32768_c16_keepalive_ms,1.694696
latency,4,267,http1_rust_nodelay_production_req4096_resp32768_c16_keepalive_ms,1.298890
latency,4,268,http1_rust_nodelay_production_req4096_resp32768_c16_keepalive_ms,1.723968
latency,4,269,http1_rust_nodelay_production_req4096_resp32768_c16_keepalive_ms,1.732646
latency,4,270,http1_rust_nodelay_production_req4096_resp32768_c16_keepalive_ms,1.609856
latency,4,271,http1_rust_nodelay_production_req4096_resp32768_c16_keepalive_ms,1.669736
latency,4,272,http1_rust_nodelay_production_req4096_resp32768_c16_keepalive_ms,7.035690
latency,4,273,http1_rust_nodelay_production_req4096_resp32768_c16_keepalive_ms,1.253779
latency,4,274,http1_rust_nodelay_production_req4096_resp32768_c16_keepalive_ms,1.592635
latency,4,275,http1_rust_nodelay_production_req4096_resp32768_c16_keepalive_ms,1.641526
latency,4,276,http1_rust_nodelay_production_req4096_resp32768_c16_keepalive_ms,1.592725
latency,4,277,http1_rust_nodelay_production_req4096_resp32768_c16_keepalive_ms,1.315641
latency,4,278,http1_rust_nodelay_production_req4096_resp32768_c16_keepalive_ms,1.276420
latency,4,279,http1_rust_nodelay_production_req4096_resp32768_c16_keepalive_ms,1.542753
latency,4,280,http1_rust_nodelay_production_req4096_resp32768_c16_keepalive_ms,1.650286
latency,4,281,http1_rust_nodelay_production_req4096_resp32768_c16_keepalive_ms,1.579035
latency,4,282,http1_rust_nodelay_production_req4096_resp32768_c16_keepalive_ms,1.254860
latency,4,283,http1_rust_nodelay_production_req4096_resp32768_c16_keepalive_ms,1.768827
latency,4,284,http1_rust_nodelay_production_req4096_resp32768_c16_keepalive_ms,1.334291
latency,4,285,http1_rust_nodelay_production_req4096_resp32768_c16_keepalive_ms,1.732177
latency,4,286,http1_rust_nodelay_production_req4096_resp32768_c16_keepalive_ms,1.652506
latency,4,287,http1_rust_nodelay_production_req4096_resp32768_c16_keepalive_ms,1.431532
latency,4,288,http1_rust_nodelay_production_req4096_resp32768_c16_keepalive_ms,1.671005
latency,4,289,http1_rust_nodelay_production_req4096_resp32768_c16_keepalive_ms,1.400072
latency,4,290,http1_rust_nodelay_production_req4096_resp32768_c16_keepalive_ms,1.634616
latency,4,291,http1_rust_nodelay_production_req4096_resp32768_c16_keepalive_ms,1.598235
latency,4,292,http1_rust_nodelay_production_req4096_resp32768_c16_keepalive_ms,1.462533
latency,4,293,http1_rust_nodelay_production_req4096_resp32768_c16_keepalive_ms,1.679566
latency,4,294,http1_rust_nodelay_production_req4096_resp32768_c16_keepalive_ms,1.321911
latency,4,295,http1_rust_nodelay_production_req4096_resp32768_c16_keepalive_ms,1.685446
latency,4,296,http1_rust_nodelay_production_req4096_resp32768_c16_keepalive_ms,1.699267
latency,4,297,http1_rust_nodelay_production_req4096_resp32768_c16_keepalive_ms,1.723396
latency,4,298,http1_rust_nodelay_production_req4096_resp32768_c16_keepalive_ms,1.557905
latency,4,299,http1_rust_nodelay_production_req4096_resp32768_c16_keepalive_ms,1.623265
latency,4,300,http1_rust_nodelay_production_req4096_resp32768_c16_keepalive_ms,1.712767
latency,4,301,http1_rust_nodelay_production_req4096_resp32768_c16_keepalive_ms,1.726447
latency,4,302,http1_rust_nodelay_production_req4096_resp32768_c16_keepalive_ms,1.730847
latency,4,303,http1_rust_nodelay_production_req4096_resp32768_c16_keepalive_ms,1.706447
latency,4,304,http1_rust_nodelay_production_req4096_resp32768_c16_keepalive_ms,1.695576
latency,4,305,http1_rust_nodelay_production_req4096_resp32768_c16_keepalive_ms,1.265110
latency,4,306,http1_rust_nodelay_production_req4096_resp32768_c16_keepalive_ms,1.658186
latency,4,307,http1_rust_nodelay_production_req4096_resp32768_c16_keepalive_ms,10.689727
latency,4,308,http1_rust_nodelay_production_req4096_resp32768_c16_keepalive_ms,1.617806
latency,4,309,http1_rust_nodelay_production_req4096_resp32768_c16_keepalive_ms,1.683686
latency,4,310,http1_rust_nodelay_production_req4096_resp32768_c16_keepalive_ms,1.734627
latency,4,311,http1_rust_nodelay_production_req4096_resp32768_c16_keepalive_ms,1.564354
latency,4,312,http1_rust_nodelay_production_req4096_resp32768_c16_keepalive_ms,1.605035
latency,4,313,http1_rust_nodelay_production_req4096_resp32768_c16_keepalive_ms,1.223419
latency,4,314,http1_rust_nodelay_production_req4096_resp32768_c16_keepalive_ms,1.576755
latency,4,315,http1_rust_nodelay_production_req4096_resp32768_c16_keepalive_ms,1.234679
latency,4,316,http1_rust_nodelay_production_req4096_resp32768_c16_keepalive_ms,1.926561
latency,4,317,http1_rust_nodelay_production_req4096_resp32768_c16_keepalive_ms,1.999051
latency,4,318,http1_rust_nodelay_production_req4096_resp32768_c16_keepalive_ms,1.466903
latency,4,319,http1_rust_nodelay_production_req4096_resp32768_c16_keepalive_ms,1.670146
latency,4,1040,http1_rust_nodelay_production_req4096_resp32768_c16_keepalive_ms,1.771717
latency,4,1041,http1_rust_nodelay_production_req4096_resp32768_c16_keepalive_ms,1.876180
latency,4,1042,http1_rust_nodelay_production_req4096_resp32768_c16_keepalive_ms,1.424152
latency,4,1043,http1_rust_nodelay_production_req4096_resp32768_c16_keepalive_ms,2.388207
latency,4,1044,http1_rust_nodelay_production_req4096_resp32768_c16_keepalive_ms,1.440493
latency,4,1045,http1_rust_nodelay_production_req4096_resp32768_c16_keepalive_ms,1.445422
latency,4,1046,http1_rust_nodelay_production_req4096_resp32768_c16_keepalive_ms,1.626666
latency,4,1047,http1_rust_nodelay_production_req4096_resp32768_c16_keepalive_ms,1.305930
latency,4,1048,http1_rust_nodelay_production_req4096_resp32768_c16_keepalive_ms,1.255230
latency,4,1049,http1_rust_nodelay_production_req4096_resp32768_c16_keepalive_ms,1.578254
latency,4,1050,http1_rust_nodelay_production_req4096_resp32768_c16_keepalive_ms,1.645416
latency,4,1051,http1_rust_nodelay_production_req4096_resp32768_c16_keepalive_ms,1.746428
latency,4,1052,http1_rust_nodelay_production_req4096_resp32768_c16_keepalive_ms,1.274809
latency,4,1053,http1_rust_nodelay_production_req4096_resp32768_c16_keepalive_ms,1.556175
latency,4,1054,http1_rust_nodelay_production_req4096_resp32768_c16_keepalive_ms,1.314831
latency,4,1055,http1_rust_nodelay_production_req4096_resp32768_c16_keepalive_ms,1.312920
latency,4,1056,http1_rust_nodelay_production_req4096_resp32768_c16_keepalive_ms,1.642926
latency,4,1057,http1_rust_nodelay_production_req4096_resp32768_c16_keepalive_ms,1.698716
latency,4,1058,http1_rust_nodelay_production_req4096_resp32768_c16_keepalive_ms,1.748347
latency,4,1059,http1_rust_nodelay_production_req4096_resp32768_c16_keepalive_ms,1.697807
latency,4,1060,http1_rust_nodelay_production_req4096_resp32768_c16_keepalive_ms,1.934180
latency,4,1061,http1_rust_nodelay_production_req4096_resp32768_c16_keepalive_ms,1.703227
latency,4,1062,http1_rust_nodelay_production_req4096_resp32768_c16_keepalive_ms,1.692006
latency,4,1063,http1_rust_nodelay_production_req4096_resp32768_c16_keepalive_ms,1.729747
latency,4,1064,http1_rust_nodelay_production_req4096_resp32768_c16_keepalive_ms,1.472423
latency,4,1065,http1_rust_nodelay_production_req4096_resp32768_c16_keepalive_ms,1.327351
latency,4,1066,http1_rust_nodelay_production_req4096_resp32768_c16_keepalive_ms,10.765919
latency,4,1067,http1_rust_nodelay_production_req4096_resp32768_c16_keepalive_ms,1.744287
latency,4,1068,http1_rust_nodelay_production_req4096_resp32768_c16_keepalive_ms,1.770907
latency,4,1069,http1_rust_nodelay_production_req4096_resp32768_c16_keepalive_ms,1.302821
latency,4,1070,http1_rust_nodelay_production_req4096_resp32768_c16_keepalive_ms,1.659066
latency,4,1071,http1_rust_nodelay_production_req4096_resp32768_c16_keepalive_ms,1.218169
latency,4,1072,http1_rust_nodelay_production_req4096_resp32768_c16_keepalive_ms,1.734747
latency,4,1073,http1_rust_nodelay_production_req4096_resp32768_c16_keepalive_ms,5.653028
latency,4,1074,http1_rust_nodelay_production_req4096_resp32768_c16_keepalive_ms,1.313701
latency,4,1075,http1_rust_nodelay_production_req4096_resp32768_c16_keepalive_ms,1.590575
latency,4,1076,http1_rust_nodelay_production_req4096_resp32768_c16_keepalive_ms,1.668186
latency,4,1077,http1_rust_nodelay_production_req4096_resp32768_c16_keepalive_ms,1.639795
latency,4,1078,http1_rust_nodelay_production_req4096_resp32768_c16_keepalive_ms,1.821079
latency,4,1079,http1_rust_nodelay_production_req4096_resp32768_c16_keepalive_ms,1.595275
latency,4,1080,http1_rust_nodelay_production_req4096_resp32768_c16_keepalive_ms,1.236869
latency,4,1081,http1_rust_nodelay_production_req4096_resp32768_c16_keepalive_ms,1.596615
latency,4,1082,http1_rust_nodelay_production_req4096_resp32768_c16_keepalive_ms,1.799288
latency,4,1083,http1_rust_nodelay_production_req4096_resp32768_c16_keepalive_ms,1.764728
latency,4,1084,http1_rust_nodelay_production_req4096_resp32768_c16_keepalive_ms,1.299410
latency,4,1085,http1_rust_nodelay_production_req4096_resp32768_c16_keepalive_ms,1.756008
latency,4,1086,http1_rust_nodelay_production_req4096_resp32768_c16_keepalive_ms,1.323510
latency,4,1087,http1_rust_nodelay_production_req4096_resp32768_c16_keepalive_ms,1.711377
latency,4,1088,http1_rust_nodelay_production_req4096_resp32768_c16_keepalive_ms,1.720027
latency,4,1089,http1_rust_nodelay_production_req4096_resp32768_c16_keepalive_ms,1.597225
latency,4,1090,http1_rust_nodelay_production_req4096_resp32768_c16_keepalive_ms,1.392472
latency,4,1091,http1_rust_nodelay_production_req4096_resp32768_c16_keepalive_ms,1.740947
latency,4,1092,http1_rust_nodelay_production_req4096_resp32768_c16_keepalive_ms,1.641295
latency,4,1093,http1_rust_nodelay_production_req4096_resp32768_c16_keepalive_ms,1.286121
latency,4,1094,http1_rust_nodelay_production_req4096_resp32768_c16_keepalive_ms,1.688676
latency,4,1095,http1_rust_nodelay_production_req4096_resp32768_c16_keepalive_ms,1.298740
latency,4,1096,http1_rust_nodelay_production_req4096_resp32768_c16_keepalive_ms,1.305421
latency,4,1097,http1_rust_nodelay_production_req4096_resp32768_c16_keepalive_ms,1.565254
latency,4,1098,http1_rust_nodelay_production_req4096_resp32768_c16_keepalive_ms,1.720937
latency,4,1099,http1_rust_nodelay_production_req4096_resp32768_c16_keepalive_ms,1.647426
latency,4,1100,http1_rust_nodelay_production_req4096_resp32768_c16_keepalive_ms,1.364901
latency,4,1101,http1_rust_nodelay_production_req4096_resp32768_c16_keepalive_ms,1.657716
latency,4,1102,http1_rust_nodelay_production_req4096_resp32768_c16_keepalive_ms,1.301970
latency,4,1103,http1_rust_nodelay_production_req4096_resp32768_c16_keepalive_ms,1.640526
latency,4,1104,http1_rust_nodelay_production_req4096_resp32768_c16_keepalive_ms,1.252860
latency,4,1105,http1_rust_nodelay_production_req4096_resp32768_c16_keepalive_ms,1.350451
latency,4,1106,http1_rust_nodelay_production_req4096_resp32768_c16_keepalive_ms,1.626115
latency,4,1107,http1_rust_nodelay_production_req4096_resp32768_c16_keepalive_ms,1.663706
latency,4,1108,http1_rust_nodelay_production_req4096_resp32768_c16_keepalive_ms,1.566385
latency,4,1109,http1_rust_nodelay_production_req4096_resp32768_c16_keepalive_ms,1.657766
latency,4,1110,http1_rust_nodelay_production_req4096_resp32768_c16_keepalive_ms,1.304000
latency,4,1111,http1_rust_nodelay_production_req4096_resp32768_c16_keepalive_ms,11.121394
latency,4,1112,http1_rust_nodelay_production_req4096_resp32768_c16_keepalive_ms,1.237439
latency,4,1113,http1_rust_nodelay_production_req4096_resp32768_c16_keepalive_ms,1.561815
latency,4,1114,http1_rust_nodelay_production_req4096_resp32768_c16_keepalive_ms,1.202528
latency,4,1115,http1_rust_nodelay_production_req4096_resp32768_c16_keepalive_ms,1.601185
latency,4,1116,http1_rust_nodelay_production_req4096_resp32768_c16_keepalive_ms,2.519380
latency,4,1117,http1_rust_nodelay_production_req4096_resp32768_c16_keepalive_ms,1.425082
latency,4,1118,http1_rust_nodelay_production_req4096_resp32768_c16_keepalive_ms,0.977745
latency,4,1119,http1_rust_nodelay_production_req4096_resp32768_c16_keepalive_ms,1.898220
latency,4,1120,http1_rust_nodelay_production_req4096_resp32768_c16_keepalive_ms,1.701047
latency,4,1121,http1_rust_nodelay_production_req4096_resp32768_c16_keepalive_ms,1.403212
latency,4,1122,http1_rust_nodelay_production_req4096_resp32768_c16_keepalive_ms,1.825829
latency,4,1123,http1_rust_nodelay_production_req4096_resp32768_c16_keepalive_ms,1.447822
latency,4,1124,http1_rust_nodelay_production_req4096_resp32768_c16_keepalive_ms,1.706997
latency,4,1125,http1_rust_nodelay_production_req4096_resp32768_c16_keepalive_ms,1.491653
latency,4,1126,http1_rust_nodelay_production_req4096_resp32768_c16_keepalive_ms,1.567945
latency,4,1127,http1_rust_nodelay_production_req4096_resp32768_c16_keepalive_ms,1.652656
latency,4,1128,http1_rust_nodelay_production_req4096_resp32768_c16_keepalive_ms,6.576163
latency,4,1129,http1_rust_nodelay_production_req4096_resp32768_c16_keepalive_ms,1.620645
latency,4,1130,http1_rust_nodelay_production_req4096_resp32768_c16_keepalive_ms,1.609765
latency,4,1131,http1_rust_nodelay_production_req4096_resp32768_c16_keepalive_ms,1.701327
latency,4,1132,http1_rust_nodelay_production_req4096_resp32768_c16_keepalive_ms,1.737287
latency,4,1133,http1_rust_nodelay_production_req4096_resp32768_c16_keepalive_ms,1.588665
latency,4,1134,http1_rust_nodelay_production_req4096_resp32768_c16_keepalive_ms,1.312250
latency,4,1135,http1_rust_nodelay_production_req4096_resp32768_c16_keepalive_ms,1.330361
latency,4,1136,http1_rust_nodelay_production_req4096_resp32768_c16_keepalive_ms,1.317510
latency,4,1137,http1_rust_nodelay_production_req4096_resp32768_c16_keepalive_ms,1.655356
latency,4,1138,http1_rust_nodelay_production_req4096_resp32768_c16_keepalive_ms,1.643816
latency,4,1139,http1_rust_nodelay_production_req4096_resp32768_c16_keepalive_ms,1.626475
latency,4,1140,http1_rust_nodelay_production_req4096_resp32768_c16_keepalive_ms,1.681637
latency,4,1141,http1_rust_nodelay_production_req4096_resp32768_c16_keepalive_ms,10.289191
latency,4,1142,http1_rust_nodelay_production_req4096_resp32768_c16_keepalive_ms,1.661665
latency,4,1143,http1_rust_nodelay_production_req4096_resp32768_c16_keepalive_ms,10.735548
latency,4,1144,http1_rust_nodelay_production_req4096_resp32768_c16_keepalive_ms,1.628946
latency,4,1145,http1_rust_nodelay_production_req4096_resp32768_c16_keepalive_ms,1.489593
latency,4,1146,http1_rust_nodelay_production_req4096_resp32768_c16_keepalive_ms,1.611915
latency,4,1147,http1_rust_nodelay_production_req4096_resp32768_c16_keepalive_ms,1.549385
latency,4,1148,http1_rust_nodelay_production_req4096_resp32768_c16_keepalive_ms,1.327290
latency,4,1149,http1_rust_nodelay_production_req4096_resp32768_c16_keepalive_ms,1.595095
latency,4,1150,http1_rust_nodelay_production_req4096_resp32768_c16_keepalive_ms,1.312651
latency,4,1151,http1_rust_nodelay_production_req4096_resp32768_c16_keepalive_ms,1.628825
latency,4,1152,http1_rust_nodelay_production_req4096_resp32768_c16_keepalive_ms,1.579575
latency,4,1153,http1_rust_nodelay_production_req4096_resp32768_c16_keepalive_ms,1.599845
latency,4,1154,http1_rust_nodelay_production_req4096_resp32768_c16_keepalive_ms,1.235299
latency,4,1155,http1_rust_nodelay_production_req4096_resp32768_c16_keepalive_ms,1.673406
latency,4,1156,http1_rust_nodelay_production_req4096_resp32768_c16_keepalive_ms,1.774588
latency,4,1157,http1_rust_nodelay_production_req4096_resp32768_c16_keepalive_ms,1.782108
latency,4,1158,http1_rust_nodelay_production_req4096_resp32768_c16_keepalive_ms,1.272270
latency,4,1159,http1_rust_nodelay_production_req4096_resp32768_c16_keepalive_ms,1.590495
latency,4,1160,http1_rust_nodelay_production_req4096_resp32768_c16_keepalive_ms,1.700226
latency,4,1161,http1_rust_nodelay_production_req4096_resp32768_c16_keepalive_ms,1.755718
latency,4,1162,http1_rust_nodelay_production_req4096_resp32768_c16_keepalive_ms,1.727657
latency,4,1163,http1_rust_nodelay_production_req4096_resp32768_c16_keepalive_ms,1.720486
latency,4,1164,http1_rust_nodelay_production_req4096_resp32768_c16_keepalive_ms,1.785588
latency,4,1165,http1_rust_nodelay_production_req4096_resp32768_c16_keepalive_ms,1.762518
latency,4,1166,http1_rust_nodelay_production_req4096_resp32768_c16_keepalive_ms,1.717177
latency,4,1167,http1_rust_nodelay_production_req4096_resp32768_c16_keepalive_ms,1.285810
latency,4,1168,http1_rust_nodelay_production_req4096_resp32768_c16_keepalive_ms,1.638426
latency,4,1169,http1_rust_nodelay_production_req4096_resp32768_c16_keepalive_ms,1.298270
latency,4,1170,http1_rust_nodelay_production_req4096_resp32768_c16_keepalive_ms,1.569784
latency,4,1171,http1_rust_nodelay_production_req4096_resp32768_c16_keepalive_ms,1.503434
latency,4,1172,http1_rust_nodelay_production_req4096_resp32768_c16_keepalive_ms,1.282520
latency,4,1173,http1_rust_nodelay_production_req4096_resp32768_c16_keepalive_ms,1.329981
latency,4,1174,http1_rust_nodelay_production_req4096_resp32768_c16_keepalive_ms,1.629305
latency,4,1175,http1_rust_nodelay_production_req4096_resp32768_c16_keepalive_ms,1.731397
latency,4,1176,http1_rust_nodelay_production_req4096_resp32768_c16_keepalive_ms,1.718257
latency,4,1177,http1_rust_nodelay_production_req4096_resp32768_c16_keepalive_ms,1.680387
latency,4,1178,http1_rust_nodelay_production_req4096_resp32768_c16_keepalive_ms,1.649665
latency,4,1179,http1_rust_nodelay_production_req4096_resp32768_c16_keepalive_ms,1.628296
latency,4,1180,http1_rust_nodelay_production_req4096_resp32768_c16_keepalive_ms,1.619705
latency,4,1181,http1_rust_nodelay_production_req4096_resp32768_c16_keepalive_ms,1.283590
latency,4,1182,http1_rust_nodelay_production_req4096_resp32768_c16_keepalive_ms,1.651966
latency,4,1183,http1_rust_nodelay_production_req4096_resp32768_c16_keepalive_ms,1.705807
latency,4,1184,http1_rust_nodelay_production_req4096_resp32768_c16_keepalive_ms,1.660896
latency,4,1185,http1_rust_nodelay_production_req4096_resp32768_c16_keepalive_ms,1.262299
latency,4,1186,http1_rust_nodelay_production_req4096_resp32768_c16_keepalive_ms,1.610145
latency,4,1187,http1_rust_nodelay_production_req4096_resp32768_c16_keepalive_ms,1.269150
latency,4,1188,http1_rust_nodelay_production_req4096_resp32768_c16_keepalive_ms,1.689357
latency,4,1189,http1_rust_nodelay_production_req4096_resp32768_c16_keepalive_ms,2.176794
latency,4,1190,http1_rust_nodelay_production_req4096_resp32768_c16_keepalive_ms,1.631435
latency,4,1191,http1_rust_nodelay_production_req4096_resp32768_c16_keepalive_ms,1.542354
latency,4,1192,http1_rust_nodelay_production_req4096_resp32768_c16_keepalive_ms,1.620276
latency,4,1193,http1_rust_nodelay_production_req4096_resp32768_c16_keepalive_ms,1.564624
latency,4,1194,http1_rust_nodelay_production_req4096_resp32768_c16_keepalive_ms,1.198439
latency,4,1195,http1_rust_nodelay_production_req4096_resp32768_c16_keepalive_ms,1.611545
latency,4,1196,http1_rust_nodelay_production_req4096_resp32768_c16_keepalive_ms,1.643376
latency,4,1197,http1_rust_nodelay_production_req4096_resp32768_c16_keepalive_ms,1.399131
latency,4,1198,http1_rust_nodelay_production_req4096_resp32768_c16_keepalive_ms,1.986262
latency,4,1199,http1_rust_nodelay_production_req4096_resp32768_c16_keepalive_ms,1.137228
latency,4,400,http1_rust_nodelay_production_req4096_resp32768_c16_keepalive_ms,1.891900
latency,4,401,http1_rust_nodelay_production_req4096_resp32768_c16_keepalive_ms,1.892309
latency,4,402,http1_rust_nodelay_production_req4096_resp32768_c16_keepalive_ms,1.833439
latency,4,403,http1_rust_nodelay_production_req4096_resp32768_c16_keepalive_ms,1.729237
latency,4,404,http1_rust_nodelay_production_req4096_resp32768_c16_keepalive_ms,1.786418
latency,4,405,http1_rust_nodelay_production_req4096_resp32768_c16_keepalive_ms,1.685906
latency,4,406,http1_rust_nodelay_production_req4096_resp32768_c16_keepalive_ms,1.306431
latency,4,407,http1_rust_nodelay_production_req4096_resp32768_c16_keepalive_ms,1.725447
latency,4,408,http1_rust_nodelay_production_req4096_resp32768_c16_keepalive_ms,1.674056
latency,4,409,http1_rust_nodelay_production_req4096_resp32768_c16_keepalive_ms,1.584285
latency,4,410,http1_rust_nodelay_production_req4096_resp32768_c16_keepalive_ms,1.293470
latency,4,411,http1_rust_nodelay_production_req4096_resp32768_c16_keepalive_ms,1.370961
latency,4,412,http1_rust_nodelay_production_req4096_resp32768_c16_keepalive_ms,1.599765
latency,4,413,http1_rust_nodelay_production_req4096_resp32768_c16_keepalive_ms,1.544925
latency,4,414,http1_rust_nodelay_production_req4096_resp32768_c16_keepalive_ms,1.733417
latency,4,415,http1_rust_nodelay_production_req4096_resp32768_c16_keepalive_ms,1.319040
latency,4,416,http1_rust_nodelay_production_req4096_resp32768_c16_keepalive_ms,1.639876
latency,4,417,http1_rust_nodelay_production_req4096_resp32768_c16_keepalive_ms,1.584185
latency,4,418,http1_rust_nodelay_production_req4096_resp32768_c16_keepalive_ms,1.337940
latency,4,419,http1_rust_nodelay_production_req4096_resp32768_c16_keepalive_ms,1.662217
latency,4,420,http1_rust_nodelay_production_req4096_resp32768_c16_keepalive_ms,1.678076
latency,4,421,http1_rust_nodelay_production_req4096_resp32768_c16_keepalive_ms,1.294840
latency,4,422,http1_rust_nodelay_production_req4096_resp32768_c16_keepalive_ms,1.755227
latency,4,423,http1_rust_nodelay_production_req4096_resp32768_c16_keepalive_ms,1.731168
latency,4,424,http1_rust_nodelay_production_req4096_resp32768_c16_keepalive_ms,1.678726
latency,4,425,http1_rust_nodelay_production_req4096_resp32768_c16_keepalive_ms,1.655716
latency,4,426,http1_rust_nodelay_production_req4096_resp32768_c16_keepalive_ms,1.340191
latency,4,427,http1_rust_nodelay_production_req4096_resp32768_c16_keepalive_ms,1.685836
latency,4,428,http1_rust_nodelay_production_req4096_resp32768_c16_keepalive_ms,1.757627
latency,4,429,http1_rust_nodelay_production_req4096_resp32768_c16_keepalive_ms,10.667547
latency,4,430,http1_rust_nodelay_production_req4096_resp32768_c16_keepalive_ms,1.271300
latency,4,431,http1_rust_nodelay_production_req4096_resp32768_c16_keepalive_ms,1.606945
latency,4,432,http1_rust_nodelay_production_req4096_resp32768_c16_keepalive_ms,1.275560
latency,4,433,http1_rust_nodelay_production_req4096_resp32768_c16_keepalive_ms,1.620445
latency,4,434,http1_rust_nodelay_production_req4096_resp32768_c16_keepalive_ms,1.734118
latency,4,435,http1_rust_nodelay_production_req4096_resp32768_c16_keepalive_ms,1.207378
latency,4,436,http1_rust_nodelay_production_req4096_resp32768_c16_keepalive_ms,1.628716
latency,4,437,http1_rust_nodelay_production_req4096_resp32768_c16_keepalive_ms,1.323560
latency,4,438,http1_rust_nodelay_production_req4096_resp32768_c16_keepalive_ms,1.553225
latency,4,439,http1_rust_nodelay_production_req4096_resp32768_c16_keepalive_ms,1.680706
latency,4,440,http1_rust_nodelay_production_req4096_resp32768_c16_keepalive_ms,1.652046
latency,4,441,http1_rust_nodelay_production_req4096_resp32768_c16_keepalive_ms,1.603525
latency,4,442,http1_rust_nodelay_production_req4096_resp32768_c16_keepalive_ms,10.332752
latency,4,443,http1_rust_nodelay_production_req4096_resp32768_c16_keepalive_ms,1.683026
latency,4,444,http1_rust_nodelay_production_req4096_resp32768_c16_keepalive_ms,1.771358
latency,4,445,http1_rust_nodelay_production_req4096_resp32768_c16_keepalive_ms,1.262869
latency,4,446,http1_rust_nodelay_production_req4096_resp32768_c16_keepalive_ms,1.618165
latency,4,447,http1_rust_nodelay_production_req4096_resp32768_c16_keepalive_ms,1.329661
latency,4,448,http1_rust_nodelay_production_req4096_resp32768_c16_keepalive_ms,1.838239
latency,4,449,http1_rust_nodelay_production_req4096_resp32768_c16_keepalive_ms,1.632656
latency,4,450,http1_rust_nodelay_production_req4096_resp32768_c16_keepalive_ms,1.735067
latency,4,451,http1_rust_nodelay_production_req4096_resp32768_c16_keepalive_ms,1.302320
latency,4,452,http1_rust_nodelay_production_req4096_resp32768_c16_keepalive_ms,1.636256
latency,4,453,http1_rust_nodelay_production_req4096_resp32768_c16_keepalive_ms,1.755017
latency,4,454,http1_rust_nodelay_production_req4096_resp32768_c16_keepalive_ms,1.545244
latency,4,455,http1_rust_nodelay_production_req4096_resp32768_c16_keepalive_ms,1.690287
latency,4,456,http1_rust_nodelay_production_req4096_resp32768_c16_keepalive_ms,1.285990
latency,4,457,http1_rust_nodelay_production_req4096_resp32768_c16_keepalive_ms,1.693636
latency,4,458,http1_rust_nodelay_production_req4096_resp32768_c16_keepalive_ms,1.242680
latency,4,459,http1_rust_nodelay_production_req4096_resp32768_c16_keepalive_ms,1.294450
latency,4,460,http1_rust_nodelay_production_req4096_resp32768_c16_keepalive_ms,1.725497
latency,4,461,http1_rust_nodelay_production_req4096_resp32768_c16_keepalive_ms,1.637126
latency,4,462,http1_rust_nodelay_production_req4096_resp32768_c16_keepalive_ms,1.655915
latency,4,463,http1_rust_nodelay_production_req4096_resp32768_c16_keepalive_ms,1.658576
latency,4,464,http1_rust_nodelay_production_req4096_resp32768_c16_keepalive_ms,1.609986
latency,4,465,http1_rust_nodelay_production_req4096_resp32768_c16_keepalive_ms,10.323731
latency,4,466,http1_rust_nodelay_production_req4096_resp32768_c16_keepalive_ms,2.165584
latency,4,467,http1_rust_nodelay_production_req4096_resp32768_c16_keepalive_ms,1.238099
latency,4,468,http1_rust_nodelay_production_req4096_resp32768_c16_keepalive_ms,1.234929
latency,4,469,http1_rust_nodelay_production_req4096_resp32768_c16_keepalive_ms,1.563945
latency,4,470,http1_rust_nodelay_production_req4096_resp32768_c16_keepalive_ms,1.645626
latency,4,471,http1_rust_nodelay_production_req4096_resp32768_c16_keepalive_ms,1.536203
latency,4,472,http1_rust_nodelay_production_req4096_resp32768_c16_keepalive_ms,1.289391
latency,4,473,http1_rust_nodelay_production_req4096_resp32768_c16_keepalive_ms,2.339856
latency,4,474,http1_rust_nodelay_production_req4096_resp32768_c16_keepalive_ms,1.478753
latency,4,475,http1_rust_nodelay_production_req4096_resp32768_c16_keepalive_ms,1.881690
latency,4,476,http1_rust_nodelay_production_req4096_resp32768_c16_keepalive_ms,0.984195
latency,4,477,http1_rust_nodelay_production_req4096_resp32768_c16_keepalive_ms,1.131548
latency,4,478,http1_rust_nodelay_production_req4096_resp32768_c16_keepalive_ms,0.684411
latency,4,479,http1_rust_nodelay_production_req4096_resp32768_c16_keepalive_ms,0.631159
latency,4,880,http1_rust_nodelay_production_req4096_resp32768_c16_keepalive_ms,1.609285
latency,4,881,http1_rust_nodelay_production_req4096_resp32768_c16_keepalive_ms,1.844459
latency,4,882,http1_rust_nodelay_production_req4096_resp32768_c16_keepalive_ms,1.901960
latency,4,883,http1_rust_nodelay_production_req4096_resp32768_c16_keepalive_ms,1.828398
latency,4,884,http1_rust_nodelay_production_req4096_resp32768_c16_keepalive_ms,1.253190
latency,4,885,http1_rust_nodelay_production_req4096_resp32768_c16_keepalive_ms,1.631965
latency,4,886,http1_rust_nodelay_production_req4096_resp32768_c16_keepalive_ms,1.744008
latency,4,887,http1_rust_nodelay_production_req4096_resp32768_c16_keepalive_ms,1.691306
latency,4,888,http1_rust_nodelay_production_req4096_resp32768_c16_keepalive_ms,1.639676
latency,4,889,http1_rust_nodelay_production_req4096_resp32768_c16_keepalive_ms,1.688506
latency,4,890,http1_rust_nodelay_production_req4096_resp32768_c16_keepalive_ms,1.302841
latency,4,891,http1_rust_nodelay_production_req4096_resp32768_c16_keepalive_ms,10.695527
latency,4,892,http1_rust_nodelay_production_req4096_resp32768_c16_keepalive_ms,1.683356
latency,4,893,http1_rust_nodelay_production_req4096_resp32768_c16_keepalive_ms,1.730067
latency,4,894,http1_rust_nodelay_production_req4096_resp32768_c16_keepalive_ms,1.679746
latency,4,895,http1_rust_nodelay_production_req4096_resp32768_c16_keepalive_ms,1.638246
latency,4,896,http1_rust_nodelay_production_req4096_resp32768_c16_keepalive_ms,1.335951
latency,4,897,http1_rust_nodelay_production_req4096_resp32768_c16_keepalive_ms,1.690726
latency,4,898,http1_rust_nodelay_production_req4096_resp32768_c16_keepalive_ms,1.577445
latency,4,899,http1_rust_nodelay_production_req4096_resp32768_c16_keepalive_ms,1.317271
latency,4,900,http1_rust_nodelay_production_req4096_resp32768_c16_keepalive_ms,1.743467
latency,4,901,http1_rust_nodelay_production_req4096_resp32768_c16_keepalive_ms,1.737627
latency,4,902,http1_rust_nodelay_production_req4096_resp32768_c16_keepalive_ms,1.745247
latency,4,903,http1_rust_nodelay_production_req4096_resp32768_c16_keepalive_ms,1.625586
latency,4,904,http1_rust_nodelay_production_req4096_resp32768_c16_keepalive_ms,1.331170
latency,4,905,http1_rust_nodelay_production_req4096_resp32768_c16_keepalive_ms,1.299431
latency,4,906,http1_rust_nodelay_production_req4096_resp32768_c16_keepalive_ms,1.731937
latency,4,907,http1_rust_nodelay_production_req4096_resp32768_c16_keepalive_ms,1.675886
latency,4,908,http1_rust_nodelay_production_req4096_resp32768_c16_keepalive_ms,1.711037
latency,4,909,http1_rust_nodelay_production_req4096_resp32768_c16_keepalive_ms,1.303980
latency,4,910,http1_rust_nodelay_production_req4096_resp32768_c16_keepalive_ms,1.650906
latency,4,911,http1_rust_nodelay_production_req4096_resp32768_c16_keepalive_ms,1.778268
latency,4,912,http1_rust_nodelay_production_req4096_resp32768_c16_keepalive_ms,1.314140
latency,4,913,http1_rust_nodelay_production_req4096_resp32768_c16_keepalive_ms,1.271820
latency,4,914,http1_rust_nodelay_production_req4096_resp32768_c16_keepalive_ms,1.724677
latency,4,915,http1_rust_nodelay_production_req4096_resp32768_c16_keepalive_ms,1.635646
latency,4,916,http1_rust_nodelay_production_req4096_resp32768_c16_keepalive_ms,1.285480
latency,4,917,http1_rust_nodelay_production_req4096_resp32768_c16_keepalive_ms,1.627355
latency,4,918,http1_rust_nodelay_production_req4096_resp32768_c16_keepalive_ms,1.620406
latency,4,919,http1_rust_nodelay_production_req4096_resp32768_c16_keepalive_ms,1.707326
latency,4,920,http1_rust_nodelay_production_req4096_resp32768_c16_keepalive_ms,1.580135
latency,4,921,http1_rust_nodelay_production_req4096_resp32768_c16_keepalive_ms,1.600445
latency,4,922,http1_rust_nodelay_production_req4096_resp32768_c16_keepalive_ms,1.594945
latency,4,923,http1_rust_nodelay_production_req4096_resp32768_c16_keepalive_ms,1.699847
latency,4,924,http1_rust_nodelay_production_req4096_resp32768_c16_keepalive_ms,9.033861
latency,4,925,http1_rust_nodelay_production_req4096_resp32768_c16_keepalive_ms,1.303710
latency,4,926,http1_rust_nodelay_production_req4096_resp32768_c16_keepalive_ms,1.283730
latency,4,927,http1_rust_nodelay_production_req4096_resp32768_c16_keepalive_ms,1.630606
latency,4,928,http1_rust_nodelay_production_req4096_resp32768_c16_keepalive_ms,1.856249
latency,4,929,http1_rust_nodelay_production_req4096_resp32768_c16_keepalive_ms,1.683916
latency,4,930,http1_rust_nodelay_production_req4096_resp32768_c16_keepalive_ms,1.738927
latency,4,931,http1_rust_nodelay_production_req4096_resp32768_c16_keepalive_ms,1.662936
latency,4,932,http1_rust_nodelay_production_req4096_resp32768_c16_keepalive_ms,1.749448
latency,4,933,http1_rust_nodelay_production_req4096_resp32768_c16_keepalive_ms,1.755597
latency,4,934,http1_rust_nodelay_production_req4096_resp32768_c16_keepalive_ms,1.594675
latency,4,935,http1_rust_nodelay_production_req4096_resp32768_c16_keepalive_ms,1.639675
latency,4,936,http1_rust_nodelay_production_req4096_resp32768_c16_keepalive_ms,1.318941
latency,4,937,http1_rust_nodelay_production_req4096_resp32768_c16_keepalive_ms,1.625476
latency,4,938,http1_rust_nodelay_production_req4096_resp32768_c16_keepalive_ms,1.290620
latency,4,939,http1_rust_nodelay_production_req4096_resp32768_c16_keepalive_ms,1.290870
latency,4,940,http1_rust_nodelay_production_req4096_resp32768_c16_keepalive_ms,1.614435
latency,4,941,http1_rust_nodelay_production_req4096_resp32768_c16_keepalive_ms,1.838569
latency,4,942,http1_rust_nodelay_production_req4096_resp32768_c16_keepalive_ms,1.684816
latency,4,943,http1_rust_nodelay_production_req4096_resp32768_c16_keepalive_ms,1.291950
latency,4,944,http1_rust_nodelay_production_req4096_resp32768_c16_keepalive_ms,1.662717
latency,4,945,http1_rust_nodelay_production_req4096_resp32768_c16_keepalive_ms,1.639875
latency,4,946,http1_rust_nodelay_production_req4096_resp32768_c16_keepalive_ms,1.656316
latency,4,947,http1_rust_nodelay_production_req4096_resp32768_c16_keepalive_ms,1.302840
latency,4,948,http1_rust_nodelay_production_req4096_resp32768_c16_keepalive_ms,1.651356
latency,4,949,http1_rust_nodelay_production_req4096_resp32768_c16_keepalive_ms,1.727767
latency,4,950,http1_rust_nodelay_production_req4096_resp32768_c16_keepalive_ms,1.303611
latency,4,951,http1_rust_nodelay_production_req4096_resp32768_c16_keepalive_ms,11.561840
latency,4,952,http1_rust_nodelay_production_req4096_resp32768_c16_keepalive_ms,1.970561
latency,4,953,http1_rust_nodelay_production_req4096_resp32768_c16_keepalive_ms,2.003281
latency,4,954,http1_rust_nodelay_production_req4096_resp32768_c16_keepalive_ms,1.083207
latency,4,955,http1_rust_nodelay_production_req4096_resp32768_c16_keepalive_ms,1.989951
latency,4,956,http1_rust_nodelay_production_req4096_resp32768_c16_keepalive_ms,0.930715
latency,4,957,http1_rust_nodelay_production_req4096_resp32768_c16_keepalive_ms,0.953835
latency,4,958,http1_rust_nodelay_production_req4096_resp32768_c16_keepalive_ms,0.651220
latency,4,959,http1_rust_nodelay_production_req4096_resp32768_c16_keepalive_ms,0.646540
latency,4,800,http1_rust_nodelay_production_req4096_resp32768_c16_keepalive_ms,1.809518
latency,4,801,http1_rust_nodelay_production_req4096_resp32768_c16_keepalive_ms,1.876880
latency,4,802,http1_rust_nodelay_production_req4096_resp32768_c16_keepalive_ms,1.425002
latency,4,803,http1_rust_nodelay_production_req4096_resp32768_c16_keepalive_ms,7.352025
latency,4,804,http1_rust_nodelay_production_req4096_resp32768_c16_keepalive_ms,1.315050
latency,4,805,http1_rust_nodelay_production_req4096_resp32768_c16_keepalive_ms,1.201979
latency,4,806,http1_rust_nodelay_production_req4096_resp32768_c16_keepalive_ms,1.547474
latency,4,807,http1_rust_nodelay_production_req4096_resp32768_c16_keepalive_ms,1.730407
latency,4,808,http1_rust_nodelay_production_req4096_resp32768_c16_keepalive_ms,1.751528
latency,4,809,http1_rust_nodelay_production_req4096_resp32768_c16_keepalive_ms,1.551104
latency,4,810,http1_rust_nodelay_production_req4096_resp32768_c16_keepalive_ms,1.524734
latency,4,811,http1_rust_nodelay_production_req4096_resp32768_c16_keepalive_ms,1.286320
latency,4,812,http1_rust_nodelay_production_req4096_resp32768_c16_keepalive_ms,1.735187
latency,4,813,http1_rust_nodelay_production_req4096_resp32768_c16_keepalive_ms,1.684396
latency,4,814,http1_rust_nodelay_production_req4096_resp32768_c16_keepalive_ms,1.736847
latency,4,815,http1_rust_nodelay_production_req4096_resp32768_c16_keepalive_ms,1.723927
latency,4,816,http1_rust_nodelay_production_req4096_resp32768_c16_keepalive_ms,1.346722
latency,4,817,http1_rust_nodelay_production_req4096_resp32768_c16_keepalive_ms,1.227479
latency,4,818,http1_rust_nodelay_production_req4096_resp32768_c16_keepalive_ms,1.709736
latency,4,819,http1_rust_nodelay_production_req4096_resp32768_c16_keepalive_ms,4.335388
latency,4,820,http1_rust_nodelay_production_req4096_resp32768_c16_keepalive_ms,1.286520
latency,4,821,http1_rust_nodelay_production_req4096_resp32768_c16_keepalive_ms,1.716227
latency,4,822,http1_rust_nodelay_production_req4096_resp32768_c16_keepalive_ms,1.700707
latency,4,823,http1_rust_nodelay_production_req4096_resp32768_c16_keepalive_ms,1.725027
latency,4,824,http1_rust_nodelay_production_req4096_resp32768_c16_keepalive_ms,1.300500
latency,4,825,http1_rust_nodelay_production_req4096_resp32768_c16_keepalive_ms,1.673396
latency,4,826,http1_rust_nodelay_production_req4096_resp32768_c16_keepalive_ms,1.718177
latency,4,827,http1_rust_nodelay_production_req4096_resp32768_c16_keepalive_ms,1.732097
latency,4,828,http1_rust_nodelay_production_req4096_resp32768_c16_keepalive_ms,1.321271
latency,4,829,http1_rust_nodelay_production_req4096_resp32768_c16_keepalive_ms,1.768307
latency,4,830,http1_rust_nodelay_production_req4096_resp32768_c16_keepalive_ms,1.691527
latency,4,831,http1_rust_nodelay_production_req4096_resp32768_c16_keepalive_ms,1.273440
latency,4,832,http1_rust_nodelay_production_req4096_resp32768_c16_keepalive_ms,1.217689
latency,4,833,http1_rust_nodelay_production_req4096_resp32768_c16_keepalive_ms,4.057593
latency,4,834,http1_rust_nodelay_production_req4096_resp32768_c16_keepalive_ms,1.256200
latency,4,835,http1_rust_nodelay_production_req4096_resp32768_c16_keepalive_ms,1.591515
latency,4,836,http1_rust_nodelay_production_req4096_resp32768_c16_keepalive_ms,1.641375
latency,4,837,http1_rust_nodelay_production_req4096_resp32768_c16_keepalive_ms,1.295111
latency,4,838,http1_rust_nodelay_production_req4096_resp32768_c16_keepalive_ms,1.619355
latency,4,839,http1_rust_nodelay_production_req4096_resp32768_c16_keepalive_ms,1.269300
latency,4,840,http1_rust_nodelay_production_req4096_resp32768_c16_keepalive_ms,1.542664
latency,4,841,http1_rust_nodelay_production_req4096_resp32768_c16_keepalive_ms,1.239059
latency,4,842,http1_rust_nodelay_production_req4096_resp32768_c16_keepalive_ms,1.884700
latency,4,843,http1_rust_nodelay_production_req4096_resp32768_c16_keepalive_ms,1.674676
latency,4,844,http1_rust_nodelay_production_req4096_resp32768_c16_keepalive_ms,1.774658
latency,4,845,http1_rust_nodelay_production_req4096_resp32768_c16_keepalive_ms,1.781897
latency,4,846,http1_rust_nodelay_production_req4096_resp32768_c16_keepalive_ms,1.270020
latency,4,847,http1_rust_nodelay_production_req4096_resp32768_c16_keepalive_ms,1.751268
latency,4,848,http1_rust_nodelay_production_req4096_resp32768_c16_keepalive_ms,1.329770
latency,4,849,http1_rust_nodelay_production_req4096_resp32768_c16_keepalive_ms,1.787218
latency,4,850,http1_rust_nodelay_production_req4096_resp32768_c16_keepalive_ms,1.641166
latency,4,851,http1_rust_nodelay_production_req4096_resp32768_c16_keepalive_ms,1.693267
latency,4,852,http1_rust_nodelay_production_req4096_resp32768_c16_keepalive_ms,1.780427
latency,4,853,http1_rust_nodelay_production_req4096_resp32768_c16_keepalive_ms,1.323101
latency,4,854,http1_rust_nodelay_production_req4096_resp32768_c16_keepalive_ms,1.643346
latency,4,855,http1_rust_nodelay_production_req4096_resp32768_c16_keepalive_ms,1.346831
latency,4,856,http1_rust_nodelay_production_req4096_resp32768_c16_keepalive_ms,1.713937
latency,4,857,http1_rust_nodelay_production_req4096_resp32768_c16_keepalive_ms,1.716947
latency,4,858,http1_rust_nodelay_production_req4096_resp32768_c16_keepalive_ms,1.297610
latency,4,859,http1_rust_nodelay_production_req4096_resp32768_c16_keepalive_ms,1.589695
latency,4,860,http1_rust_nodelay_production_req4096_resp32768_c16_keepalive_ms,1.591164
latency,4,861,http1_rust_nodelay_production_req4096_resp32768_c16_keepalive_ms,1.740598
latency,4,862,http1_rust_nodelay_production_req4096_resp32768_c16_keepalive_ms,1.743447
latency,4,863,http1_rust_nodelay_production_req4096_resp32768_c16_keepalive_ms,1.656136
latency,4,864,http1_rust_nodelay_production_req4096_resp32768_c16_keepalive_ms,1.742467
latency,4,865,http1_rust_nodelay_production_req4096_resp32768_c16_keepalive_ms,1.269370
latency,4,866,http1_rust_nodelay_production_req4096_resp32768_c16_keepalive_ms,10.255750
latency,4,867,http1_rust_nodelay_production_req4096_resp32768_c16_keepalive_ms,1.676146
latency,4,868,http1_rust_nodelay_production_req4096_resp32768_c16_keepalive_ms,11.652413
latency,4,869,http1_rust_nodelay_production_req4096_resp32768_c16_keepalive_ms,1.214219
latency,4,870,http1_rust_nodelay_production_req4096_resp32768_c16_keepalive_ms,1.601744
latency,4,871,http1_rust_nodelay_production_req4096_resp32768_c16_keepalive_ms,1.557555
latency,4,872,http1_rust_nodelay_production_req4096_resp32768_c16_keepalive_ms,1.760128
latency,4,873,http1_rust_nodelay_production_req4096_resp32768_c16_keepalive_ms,1.488033
latency,4,874,http1_rust_nodelay_production_req4096_resp32768_c16_keepalive_ms,2.011481
latency,4,875,http1_rust_nodelay_production_req4096_resp32768_c16_keepalive_ms,1.026106
latency,4,876,http1_rust_nodelay_production_req4096_resp32768_c16_keepalive_ms,0.827743
latency,4,877,http1_rust_nodelay_production_req4096_resp32768_c16_keepalive_ms,0.824603
latency,4,878,http1_rust_nodelay_production_req4096_resp32768_c16_keepalive_ms,0.619560
latency,4,879,http1_rust_nodelay_production_req4096_resp32768_c16_keepalive_ms,0.606139
latency,4,560,http1_rust_nodelay_production_req4096_resp32768_c16_keepalive_ms,1.416202
latency,4,561,http1_rust_nodelay_production_req4096_resp32768_c16_keepalive_ms,1.858149
latency,4,562,http1_rust_nodelay_production_req4096_resp32768_c16_keepalive_ms,1.899610
latency,4,563,http1_rust_nodelay_production_req4096_resp32768_c16_keepalive_ms,1.827549
latency,4,564,http1_rust_nodelay_production_req4096_resp32768_c16_keepalive_ms,1.702656
latency,4,565,http1_rust_nodelay_production_req4096_resp32768_c16_keepalive_ms,1.712827
latency,4,566,http1_rust_nodelay_production_req4096_resp32768_c16_keepalive_ms,1.264330
latency,4,567,http1_rust_nodelay_production_req4096_resp32768_c16_keepalive_ms,1.686196
latency,4,568,http1_rust_nodelay_production_req4096_resp32768_c16_keepalive_ms,1.644396
latency,4,569,http1_rust_nodelay_production_req4096_resp32768_c16_keepalive_ms,9.503759
latency,4,570,http1_rust_nodelay_production_req4096_resp32768_c16_keepalive_ms,1.672395
latency,4,571,http1_rust_nodelay_production_req4096_resp32768_c16_keepalive_ms,10.670437
latency,4,572,http1_rust_nodelay_production_req4096_resp32768_c16_keepalive_ms,1.688057
latency,4,573,http1_rust_nodelay_production_req4096_resp32768_c16_keepalive_ms,1.292990
latency,4,574,http1_rust_nodelay_production_req4096_resp32768_c16_keepalive_ms,1.629175
latency,4,575,http1_rust_nodelay_production_req4096_resp32768_c16_keepalive_ms,1.363662
latency,4,576,http1_rust_nodelay_production_req4096_resp32768_c16_keepalive_ms,1.699666
latency,4,577,http1_rust_nodelay_production_req4096_resp32768_c16_keepalive_ms,1.725227
latency,4,578,http1_rust_nodelay_production_req4096_resp32768_c16_keepalive_ms,1.646746
latency,4,579,http1_rust_nodelay_production_req4096_resp32768_c16_keepalive_ms,1.326991
latency,4,580,http1_rust_nodelay_production_req4096_resp32768_c16_keepalive_ms,1.719357
latency,4,581,http1_rust_nodelay_production_req4096_resp32768_c16_keepalive_ms,1.732027
latency,4,582,http1_rust_nodelay_production_req4096_resp32768_c16_keepalive_ms,1.676036
latency,4,583,http1_rust_nodelay_production_req4096_resp32768_c16_keepalive_ms,9.630930
latency,4,584,http1_rust_nodelay_production_req4096_resp32768_c16_keepalive_ms,1.611636
latency,4,585,http1_rust_nodelay_production_req4096_resp32768_c16_keepalive_ms,1.662446
latency,4,586,http1_rust_nodelay_production_req4096_resp32768_c16_keepalive_ms,1.670236
latency,4,587,http1_rust_nodelay_production_req4096_resp32768_c16_keepalive_ms,1.614065
latency,4,588,http1_rust_nodelay_production_req4096_resp32768_c16_keepalive_ms,1.309861
latency,4,589,http1_rust_nodelay_production_req4096_resp32768_c16_keepalive_ms,7.570218
latency,4,590,http1_rust_nodelay_production_req4096_resp32768_c16_keepalive_ms,1.748067
latency,4,591,http1_rust_nodelay_production_req4096_resp32768_c16_keepalive_ms,1.831179
latency,4,592,http1_rust_nodelay_production_req4096_resp32768_c16_keepalive_ms,1.689746
latency,4,593,http1_rust_nodelay_production_req4096_resp32768_c16_keepalive_ms,1.751428
latency,4,594,http1_rust_nodelay_production_req4096_resp32768_c16_keepalive_ms,1.696206
latency,4,595,http1_rust_nodelay_production_req4096_resp32768_c16_keepalive_ms,1.774298
latency,4,596,http1_rust_nodelay_production_req4096_resp32768_c16_keepalive_ms,1.827208
latency,4,597,http1_rust_nodelay_production_req4096_resp32768_c16_keepalive_ms,1.664876
latency,4,598,http1_rust_nodelay_production_req4096_resp32768_c16_keepalive_ms,3.036628
latency,4,599,http1_rust_nodelay_production_req4096_resp32768_c16_keepalive_ms,1.370821
latency,4,600,http1_rust_nodelay_production_req4096_resp32768_c16_keepalive_ms,1.660776
latency,4,601,http1_rust_nodelay_production_req4096_resp32768_c16_keepalive_ms,1.711637
latency,4,602,http1_rust_nodelay_production_req4096_resp32768_c16_keepalive_ms,1.738097
latency,4,603,http1_rust_nodelay_production_req4096_resp32768_c16_keepalive_ms,1.880310
latency,4,604,http1_rust_nodelay_production_req4096_resp32768_c16_keepalive_ms,1.250059
latency,4,605,http1_rust_nodelay_production_req4096_resp32768_c16_keepalive_ms,1.739897
latency,4,606,http1_rust_nodelay_production_req4096_resp32768_c16_keepalive_ms,1.743598
latency,4,607,http1_rust_nodelay_production_req4096_resp32768_c16_keepalive_ms,1.656945
latency,4,608,http1_rust_nodelay_production_req4096_resp32768_c16_keepalive_ms,1.302341
latency,4,609,http1_rust_nodelay_production_req4096_resp32768_c16_keepalive_ms,1.293010
latency,4,610,http1_rust_nodelay_production_req4096_resp32768_c16_keepalive_ms,1.599705
latency,4,611,http1_rust_nodelay_production_req4096_resp32768_c16_keepalive_ms,1.352241
latency,4,612,http1_rust_nodelay_production_req4096_resp32768_c16_keepalive_ms,1.624156
latency,4,613,http1_rust_nodelay_production_req4096_resp32768_c16_keepalive_ms,1.663586
latency,4,614,http1_rust_nodelay_production_req4096_resp32768_c16_keepalive_ms,1.749967
latency,4,615,http1_rust_nodelay_production_req4096_resp32768_c16_keepalive_ms,1.659896
latency,4,616,http1_rust_nodelay_production_req4096_resp32768_c16_keepalive_ms,1.701387
latency,4,617,http1_rust_nodelay_production_req4096_resp32768_c16_keepalive_ms,1.278989
latency,4,618,http1_rust_nodelay_production_req4096_resp32768_c16_keepalive_ms,1.313131
latency,4,619,http1_rust_nodelay_production_req4096_resp32768_c16_keepalive_ms,1.618255
latency,4,620,http1_rust_nodelay_production_req4096_resp32768_c16_keepalive_ms,1.533414
latency,4,621,http1_rust_nodelay_production_req4096_resp32768_c16_keepalive_ms,2.165194
latency,4,622,http1_rust_nodelay_production_req4096_resp32768_c16_keepalive_ms,1.665066
latency,4,623,http1_rust_nodelay_production_req4096_resp32768_c16_keepalive_ms,1.562844
latency,4,624,http1_rust_nodelay_production_req4096_resp32768_c16_keepalive_ms,1.641876
latency,4,625,http1_rust_nodelay_production_req4096_resp32768_c16_keepalive_ms,1.517074
latency,4,626,http1_rust_nodelay_production_req4096_resp32768_c16_keepalive_ms,1.509573
latency,4,627,http1_rust_nodelay_production_req4096_resp32768_c16_keepalive_ms,2.011022
latency,4,628,http1_rust_nodelay_production_req4096_resp32768_c16_keepalive_ms,1.713497
latency,4,629,http1_rust_nodelay_production_req4096_resp32768_c16_keepalive_ms,1.327340
latency,4,630,http1_rust_nodelay_production_req4096_resp32768_c16_keepalive_ms,1.701757
latency,4,631,http1_rust_nodelay_production_req4096_resp32768_c16_keepalive_ms,1.146498
latency,4,632,http1_rust_nodelay_production_req4096_resp32768_c16_keepalive_ms,0.822173
latency,4,633,http1_rust_nodelay_production_req4096_resp32768_c16_keepalive_ms,0.772872
latency,4,634,http1_rust_nodelay_production_req4096_resp32768_c16_keepalive_ms,0.619180
latency,4,635,http1_rust_nodelay_production_req4096_resp32768_c16_keepalive_ms,2.445948
latency,4,636,http1_rust_nodelay_production_req4096_resp32768_c16_keepalive_ms,0.304085
latency,4,637,http1_rust_nodelay_production_req4096_resp32768_c16_keepalive_ms,0.248194
latency,4,638,http1_rust_nodelay_production_req4096_resp32768_c16_keepalive_ms,0.262474
latency,4,639,http1_rust_nodelay_production_req4096_resp32768_c16_keepalive_ms,0.256164
latency,4,1200,http1_rust_nodelay_production_req4096_resp32768_c16_keepalive_ms,1.594415
latency,4,1201,http1_rust_nodelay_production_req4096_resp32768_c16_keepalive_ms,1.844579
latency,4,1202,http1_rust_nodelay_production_req4096_resp32768_c16_keepalive_ms,1.901229
latency,4,1203,http1_rust_nodelay_production_req4096_resp32768_c16_keepalive_ms,1.660346
latency,4,1204,http1_rust_nodelay_production_req4096_resp32768_c16_keepalive_ms,1.896490
latency,4,1205,http1_rust_nodelay_production_req4096_resp32768_c16_keepalive_ms,1.723787
latency,4,1206,http1_rust_nodelay_production_req4096_resp32768_c16_keepalive_ms,1.664666
latency,4,1207,http1_rust_nodelay_production_req4096_resp32768_c16_keepalive_ms,1.724427
latency,4,1208,http1_rust_nodelay_production_req4096_resp32768_c16_keepalive_ms,1.709527
latency,4,1209,http1_rust_nodelay_production_req4096_resp32768_c16_keepalive_ms,1.635175
latency,4,1210,http1_rust_nodelay_production_req4096_resp32768_c16_keepalive_ms,1.335891
latency,4,1211,http1_rust_nodelay_production_req4096_resp32768_c16_keepalive_ms,1.615515
latency,4,1212,http1_rust_nodelay_production_req4096_resp32768_c16_keepalive_ms,1.581525
latency,4,1213,http1_rust_nodelay_production_req4096_resp32768_c16_keepalive_ms,1.635096
latency,4,1214,http1_rust_nodelay_production_req4096_resp32768_c16_keepalive_ms,1.726017
latency,4,1215,http1_rust_nodelay_production_req4096_resp32768_c16_keepalive_ms,1.697536
latency,4,1216,http1_rust_nodelay_production_req4096_resp32768_c16_keepalive_ms,1.312851
latency,4,1217,http1_rust_nodelay_production_req4096_resp32768_c16_keepalive_ms,1.703996
latency,4,1218,http1_rust_nodelay_production_req4096_resp32768_c16_keepalive_ms,1.261730
latency,4,1219,http1_rust_nodelay_production_req4096_resp32768_c16_keepalive_ms,1.682096
latency,4,1220,http1_rust_nodelay_production_req4096_resp32768_c16_keepalive_ms,1.692617
latency,4,1221,http1_rust_nodelay_production_req4096_resp32768_c16_keepalive_ms,1.694716
latency,4,1222,http1_rust_nodelay_production_req4096_resp32768_c16_keepalive_ms,1.740398
latency,4,1223,http1_rust_nodelay_production_req4096_resp32768_c16_keepalive_ms,1.320130
latency,4,1224,http1_rust_nodelay_production_req4096_resp32768_c16_keepalive_ms,1.666196
latency,4,1225,http1_rust_nodelay_production_req4096_resp32768_c16_keepalive_ms,1.776448
latency,4,1226,http1_rust_nodelay_production_req4096_resp32768_c16_keepalive_ms,1.690876
latency,4,1227,http1_rust_nodelay_production_req4096_resp32768_c16_keepalive_ms,1.296411
latency,4,1228,http1_rust_nodelay_production_req4096_resp32768_c16_keepalive_ms,1.265550
latency,4,1229,http1_rust_nodelay_production_req4096_resp32768_c16_keepalive_ms,1.706736
latency,4,1230,http1_rust_nodelay_production_req4096_resp32768_c16_keepalive_ms,1.707507
latency,4,1231,http1_rust_nodelay_production_req4096_resp32768_c16_keepalive_ms,1.322411
latency,4,1232,http1_rust_nodelay_production_req4096_resp32768_c16_keepalive_ms,1.333270
latency,4,1233,http1_rust_nodelay_production_req4096_resp32768_c16_keepalive_ms,1.713207
latency,4,1234,http1_rust_nodelay_production_req4096_resp32768_c16_keepalive_ms,1.287040
latency,4,1235,http1_rust_nodelay_production_req4096_resp32768_c16_keepalive_ms,1.301921
latency,4,1236,http1_rust_nodelay_production_req4096_resp32768_c16_keepalive_ms,1.650775
latency,4,1237,http1_rust_nodelay_production_req4096_resp32768_c16_keepalive_ms,1.679617
latency,4,1238,http1_rust_nodelay_production_req4096_resp32768_c16_keepalive_ms,1.640905
latency,4,1239,http1_rust_nodelay_production_req4096_resp32768_c16_keepalive_ms,1.854669
latency,4,1240,http1_rust_nodelay_production_req4096_resp32768_c16_keepalive_ms,1.749838
latency,4,1241,http1_rust_nodelay_production_req4096_resp32768_c16_keepalive_ms,1.688486
latency,4,1242,http1_rust_nodelay_production_req4096_resp32768_c16_keepalive_ms,1.682666
latency,4,1243,http1_rust_nodelay_production_req4096_resp32768_c16_keepalive_ms,7.530828
latency,4,1244,http1_rust_nodelay_production_req4096_resp32768_c16_keepalive_ms,1.612515
latency,4,1245,http1_rust_nodelay_production_req4096_resp32768_c16_keepalive_ms,1.327051
latency,4,1246,http1_rust_nodelay_production_req4096_resp32768_c16_keepalive_ms,1.819219
latency,4,1247,http1_rust_nodelay_production_req4096_resp32768_c16_keepalive_ms,1.736046
latency,4,1248,http1_rust_nodelay_production_req4096_resp32768_c16_keepalive_ms,1.763038
latency,4,1249,http1_rust_nodelay_production_req4096_resp32768_c16_keepalive_ms,1.767898
latency,4,1250,http1_rust_nodelay_production_req4096_resp32768_c16_keepalive_ms,1.345351
latency,4,1251,http1_rust_nodelay_production_req4096_resp32768_c16_keepalive_ms,1.580515
latency,4,1252,http1_rust_nodelay_production_req4096_resp32768_c16_keepalive_ms,1.285210
latency,4,1253,http1_rust_nodelay_production_req4096_resp32768_c16_keepalive_ms,9.790613
latency,4,1254,http1_rust_nodelay_production_req4096_resp32768_c16_keepalive_ms,1.723466
latency,4,1255,http1_rust_nodelay_production_req4096_resp32768_c16_keepalive_ms,1.588335
latency,4,1256,http1_rust_nodelay_production_req4096_resp32768_c16_keepalive_ms,1.284231
latency,4,1257,http1_rust_nodelay_production_req4096_resp32768_c16_keepalive_ms,1.553964
latency,4,1258,http1_rust_nodelay_production_req4096_resp32768_c16_keepalive_ms,1.706496
latency,4,1259,http1_rust_nodelay_production_req4096_resp32768_c16_keepalive_ms,1.603106
latency,4,1260,http1_rust_nodelay_production_req4096_resp32768_c16_keepalive_ms,1.658905
latency,4,1261,http1_rust_nodelay_production_req4096_resp32768_c16_keepalive_ms,10.247791
latency,4,1262,http1_rust_nodelay_production_req4096_resp32768_c16_keepalive_ms,1.706546
latency,4,1263,http1_rust_nodelay_production_req4096_resp32768_c16_keepalive_ms,1.711397
latency,4,1264,http1_rust_nodelay_production_req4096_resp32768_c16_keepalive_ms,1.619035
latency,4,1265,http1_rust_nodelay_production_req4096_resp32768_c16_keepalive_ms,1.318821
latency,4,1266,http1_rust_nodelay_production_req4096_resp32768_c16_keepalive_ms,1.590895
latency,4,1267,http1_rust_nodelay_production_req4096_resp32768_c16_keepalive_ms,1.369121
latency,4,1268,http1_rust_nodelay_production_req4096_resp32768_c16_keepalive_ms,2.096343
latency,4,1269,http1_rust_nodelay_production_req4096_resp32768_c16_keepalive_ms,1.630575
latency,4,1270,http1_rust_nodelay_production_req4096_resp32768_c16_keepalive_ms,1.541365
latency,4,1271,http1_rust_nodelay_production_req4096_resp32768_c16_keepalive_ms,1.243489
latency,4,1272,http1_rust_nodelay_production_req4096_resp32768_c16_keepalive_ms,1.520564
latency,4,1273,http1_rust_nodelay_production_req4096_resp32768_c16_keepalive_ms,13.707654
latency,4,1274,http1_rust_nodelay_production_req4096_resp32768_c16_keepalive_ms,0.466448
latency,4,1275,http1_rust_nodelay_production_req4096_resp32768_c16_keepalive_ms,0.250914
latency,4,1276,http1_rust_nodelay_production_req4096_resp32768_c16_keepalive_ms,0.262414
latency,4,1277,http1_rust_nodelay_production_req4096_resp32768_c16_keepalive_ms,0.255594
latency,4,1278,http1_rust_nodelay_production_req4096_resp32768_c16_keepalive_ms,0.620389
latency,4,1279,http1_rust_nodelay_production_req4096_resp32768_c16_keepalive_ms,0.137472
latency,4,160,http1_rust_nodelay_production_req4096_resp32768_c16_keepalive_ms,1.664576
latency,4,161,http1_rust_nodelay_production_req4096_resp32768_c16_keepalive_ms,1.400312
latency,4,162,http1_rust_nodelay_production_req4096_resp32768_c16_keepalive_ms,1.825539
latency,4,163,http1_rust_nodelay_production_req4096_resp32768_c16_keepalive_ms,1.448762
latency,4,164,http1_rust_nodelay_production_req4096_resp32768_c16_keepalive_ms,1.705677
latency,4,165,http1_rust_nodelay_production_req4096_resp32768_c16_keepalive_ms,1.414032
latency,4,166,http1_rust_nodelay_production_req4096_resp32768_c16_keepalive_ms,1.590965
latency,4,167,http1_rust_nodelay_production_req4096_resp32768_c16_keepalive_ms,1.654846
latency,4,168,http1_rust_nodelay_production_req4096_resp32768_c16_keepalive_ms,1.675466
latency,4,169,http1_rust_nodelay_production_req4096_resp32768_c16_keepalive_ms,1.641786
latency,4,170,http1_rust_nodelay_production_req4096_resp32768_c16_keepalive_ms,1.262230
latency,4,171,http1_rust_nodelay_production_req4096_resp32768_c16_keepalive_ms,1.324430
latency,4,172,http1_rust_nodelay_production_req4096_resp32768_c16_keepalive_ms,1.300741
latency,4,173,http1_rust_nodelay_production_req4096_resp32768_c16_keepalive_ms,1.216319
latency,4,174,http1_rust_nodelay_production_req4096_resp32768_c16_keepalive_ms,1.553264
latency,4,175,http1_rust_nodelay_production_req4096_resp32768_c16_keepalive_ms,1.292520
latency,4,176,http1_rust_nodelay_production_req4096_resp32768_c16_keepalive_ms,1.722737
latency,4,177,http1_rust_nodelay_production_req4096_resp32768_c16_keepalive_ms,1.671846
latency,4,178,http1_rust_nodelay_production_req4096_resp32768_c16_keepalive_ms,1.695387
latency,4,179,http1_rust_nodelay_production_req4096_resp32768_c16_keepalive_ms,6.879607
latency,4,180,http1_rust_nodelay_production_req4096_resp32768_c16_keepalive_ms,1.300441
latency,4,181,http1_rust_nodelay_production_req4096_resp32768_c16_keepalive_ms,1.282440
latency,4,182,http1_rust_nodelay_production_req4096_resp32768_c16_keepalive_ms,1.563124
latency,4,183,http1_rust_nodelay_production_req4096_resp32768_c16_keepalive_ms,1.734557
latency,4,184,http1_rust_nodelay_production_req4096_resp32768_c16_keepalive_ms,1.695017
latency,4,185,http1_rust_nodelay_production_req4096_resp32768_c16_keepalive_ms,1.314900
latency,4,186,http1_rust_nodelay_production_req4096_resp32768_c16_keepalive_ms,1.552934
latency,4,187,http1_rust_nodelay_production_req4096_resp32768_c16_keepalive_ms,1.696747
latency,4,188,http1_rust_nodelay_production_req4096_resp32768_c16_keepalive_ms,1.657466
latency,4,189,http1_rust_nodelay_production_req4096_resp32768_c16_keepalive_ms,1.697546
latency,4,190,http1_rust_nodelay_production_req4096_resp32768_c16_keepalive_ms,1.774508
latency,4,191,http1_rust_nodelay_production_req4096_resp32768_c16_keepalive_ms,1.359561
latency,4,192,http1_rust_nodelay_production_req4096_resp32768_c16_keepalive_ms,1.703557
latency,4,193,http1_rust_nodelay_production_req4096_resp32768_c16_keepalive_ms,1.321901
latency,4,194,http1_rust_nodelay_production_req4096_resp32768_c16_keepalive_ms,1.609495
latency,4,195,http1_rust_nodelay_production_req4096_resp32768_c16_keepalive_ms,1.347081
latency,4,196,http1_rust_nodelay_production_req4096_resp32768_c16_keepalive_ms,1.698267
latency,4,197,http1_rust_nodelay_production_req4096_resp32768_c16_keepalive_ms,1.688746
latency,4,198,http1_rust_nodelay_production_req4096_resp32768_c16_keepalive_ms,1.614615
latency,4,199,http1_rust_nodelay_production_req4096_resp32768_c16_keepalive_ms,1.549434
latency,4,200,http1_rust_nodelay_production_req4096_resp32768_c16_keepalive_ms,15.865498
latency,4,201,http1_rust_nodelay_production_req4096_resp32768_c16_keepalive_ms,1.683047
latency,4,202,http1_rust_nodelay_production_req4096_resp32768_c16_keepalive_ms,1.736737
latency,4,203,http1_rust_nodelay_production_req4096_resp32768_c16_keepalive_ms,1.711166
latency,4,204,http1_rust_nodelay_production_req4096_resp32768_c16_keepalive_ms,1.749708
latency,4,205,http1_rust_nodelay_production_req4096_resp32768_c16_keepalive_ms,1.284990
latency,4,206,http1_rust_nodelay_production_req4096_resp32768_c16_keepalive_ms,1.307230
latency,4,207,http1_rust_nodelay_production_req4096_resp32768_c16_keepalive_ms,1.657966
latency,4,208,http1_rust_nodelay_production_req4096_resp32768_c16_keepalive_ms,1.958231
latency,4,209,http1_rust_nodelay_production_req4096_resp32768_c16_keepalive_ms,1.708777
latency,4,210,http1_rust_nodelay_production_req4096_resp32768_c16_keepalive_ms,1.287350
latency,4,211,http1_rust_nodelay_production_req4096_resp32768_c16_keepalive_ms,1.300610
latency,4,212,http1_rust_nodelay_production_req4096_resp32768_c16_keepalive_ms,1.660926
latency,4,213,http1_rust_nodelay_production_req4096_resp32768_c16_keepalive_ms,1.305600
latency,4,214,http1_rust_nodelay_production_req4096_resp32768_c16_keepalive_ms,1.487994
latency,4,215,http1_rust_nodelay_production_req4096_resp32768_c16_keepalive_ms,10.675987
latency,4,216,http1_rust_nodelay_production_req4096_resp32768_c16_keepalive_ms,1.337610
latency,4,217,http1_rust_nodelay_production_req4096_resp32768_c16_keepalive_ms,1.623756
latency,4,218,http1_rust_nodelay_production_req4096_resp32768_c16_keepalive_ms,1.663626
latency,4,219,http1_rust_nodelay_production_req4096_resp32768_c16_keepalive_ms,1.654596
latency,4,220,http1_rust_nodelay_production_req4096_resp32768_c16_keepalive_ms,1.636895
latency,4,221,http1_rust_nodelay_production_req4096_resp32768_c16_keepalive_ms,1.704337
latency,4,222,http1_rust_nodelay_production_req4096_resp32768_c16_keepalive_ms,1.274980
latency,4,223,http1_rust_nodelay_production_req4096_resp32768_c16_keepalive_ms,1.569684
latency,4,224,http1_rust_nodelay_production_req4096_resp32768_c16_keepalive_ms,1.617826
latency,4,225,http1_rust_nodelay_production_req4096_resp32768_c16_keepalive_ms,1.685356
latency,4,226,http1_rust_nodelay_production_req4096_resp32768_c16_keepalive_ms,2.167974
latency,4,227,http1_rust_nodelay_production_req4096_resp32768_c16_keepalive_ms,1.216589
latency,4,228,http1_rust_nodelay_production_req4096_resp32768_c16_keepalive_ms,1.229299
latency,4,229,http1_rust_nodelay_production_req4096_resp32768_c16_keepalive_ms,1.537184
latency,4,230,http1_rust_nodelay_production_req4096_resp32768_c16_keepalive_ms,1.577945
latency,4,231,http1_rust_nodelay_production_req4096_resp32768_c16_keepalive_ms,1.233279
latency,4,232,http1_rust_nodelay_production_req4096_resp32768_c16_keepalive_ms,1.927370
latency,4,233,http1_rust_nodelay_production_req4096_resp32768_c16_keepalive_ms,2.024932
latency,4,234,http1_rust_nodelay_production_req4096_resp32768_c16_keepalive_ms,1.212689
latency,4,235,http1_rust_nodelay_production_req4096_resp32768_c16_keepalive_ms,1.934480
latency,4,236,http1_rust_nodelay_production_req4096_resp32768_c16_keepalive_ms,10.279161
latency,4,237,http1_rust_nodelay_production_req4096_resp32768_c16_keepalive_ms,0.131442
latency,4,238,http1_rust_nodelay_production_req4096_resp32768_c16_keepalive_ms,0.129842
latency,4,239,http1_rust_nodelay_production_req4096_resp32768_c16_keepalive_ms,0.128792
latency,4,720,http1_rust_nodelay_production_req4096_resp32768_c16_keepalive_ms,1.752647
latency,4,721,http1_rust_nodelay_production_req4096_resp32768_c16_keepalive_ms,20.083424
latency,4,722,http1_rust_nodelay_production_req4096_resp32768_c16_keepalive_ms,1.611925
latency,4,723,http1_rust_nodelay_production_req4096_resp32768_c16_keepalive_ms,1.732987
latency,4,724,http1_rust_nodelay_production_req4096_resp32768_c16_keepalive_ms,1.697817
latency,4,725,http1_rust_nodelay_production_req4096_resp32768_c16_keepalive_ms,1.312040
latency,4,726,http1_rust_nodelay_production_req4096_resp32768_c16_keepalive_ms,1.703397
latency,4,727,http1_rust_nodelay_production_req4096_resp32768_c16_keepalive_ms,1.261660
latency,4,728,http1_rust_nodelay_production_req4096_resp32768_c16_keepalive_ms,1.681406
latency,4,729,http1_rust_nodelay_production_req4096_resp32768_c16_keepalive_ms,1.693316
latency,4,730,http1_rust_nodelay_production_req4096_resp32768_c16_keepalive_ms,1.693957
latency,4,731,http1_rust_nodelay_production_req4096_resp32768_c16_keepalive_ms,1.742097
latency,4,732,http1_rust_nodelay_production_req4096_resp32768_c16_keepalive_ms,1.318691
latency,4,733,http1_rust_nodelay_production_req4096_resp32768_c16_keepalive_ms,1.668486
latency,4,734,http1_rust_nodelay_production_req4096_resp32768_c16_keepalive_ms,1.775208
latency,4,735,http1_rust_nodelay_production_req4096_resp32768_c16_keepalive_ms,1.234859
latency,4,736,http1_rust_nodelay_production_req4096_resp32768_c16_keepalive_ms,1.699016
latency,4,737,http1_rust_nodelay_production_req4096_resp32768_c16_keepalive_ms,0.930795
latency,4,738,http1_rust_nodelay_production_req4096_resp32768_c16_keepalive_ms,1.625956
latency,4,739,http1_rust_nodelay_production_req4096_resp32768_c16_keepalive_ms,1.568694
latency,4,740,http1_rust_nodelay_production_req4096_resp32768_c16_keepalive_ms,1.728637
latency,4,741,http1_rust_nodelay_production_req4096_resp32768_c16_keepalive_ms,1.740567
latency,4,742,http1_rust_nodelay_production_req4096_resp32768_c16_keepalive_ms,1.787578
latency,4,743,http1_rust_nodelay_production_req4096_resp32768_c16_keepalive_ms,1.718757
latency,4,744,http1_rust_nodelay_production_req4096_resp32768_c16_keepalive_ms,1.644735
latency,4,745,http1_rust_nodelay_production_req4096_resp32768_c16_keepalive_ms,1.694407
latency,4,746,http1_rust_nodelay_production_req4096_resp32768_c16_keepalive_ms,1.734957
latency,4,747,http1_rust_nodelay_production_req4096_resp32768_c16_keepalive_ms,1.880650
latency,4,748,http1_rust_nodelay_production_req4096_resp32768_c16_keepalive_ms,1.221909
latency,4,749,http1_rust_nodelay_production_req4096_resp32768_c16_keepalive_ms,1.578365
latency,4,750,http1_rust_nodelay_production_req4096_resp32768_c16_keepalive_ms,1.255299
latency,4,751,http1_rust_nodelay_production_req4096_resp32768_c16_keepalive_ms,1.706057
latency,4,752,http1_rust_nodelay_production_req4096_resp32768_c16_keepalive_ms,1.624655
latency,4,753,http1_rust_nodelay_production_req4096_resp32768_c16_keepalive_ms,1.684087
latency,4,754,http1_rust_nodelay_production_req4096_resp32768_c16_keepalive_ms,1.194228
latency,4,755,http1_rust_nodelay_production_req4096_resp32768_c16_keepalive_ms,1.605015
latency,4,756,http1_rust_nodelay_production_req4096_resp32768_c16_keepalive_ms,1.658206
latency,4,757,http1_rust_nodelay_production_req4096_resp32768_c16_keepalive_ms,1.589725
latency,4,758,http1_rust_nodelay_production_req4096_resp32768_c16_keepalive_ms,1.330251
latency,4,759,http1_rust_nodelay_production_req4096_resp32768_c16_keepalive_ms,1.338311
latency,4,760,http1_rust_nodelay_production_req4096_resp32768_c16_keepalive_ms,1.315210
latency,4,761,http1_rust_nodelay_production_req4096_resp32768_c16_keepalive_ms,1.675826
latency,4,762,http1_rust_nodelay_production_req4096_resp32768_c16_keepalive_ms,1.674147
latency,4,763,http1_rust_nodelay_production_req4096_resp32768_c16_keepalive_ms,1.313090
latency,4,764,http1_rust_nodelay_production_req4096_resp32768_c16_keepalive_ms,1.584655
latency,4,765,http1_rust_nodelay_production_req4096_resp32768_c16_keepalive_ms,1.726877
latency,4,766,http1_rust_nodelay_production_req4096_resp32768_c16_keepalive_ms,1.698796
latency,4,767,http1_rust_nodelay_production_req4096_resp32768_c16_keepalive_ms,1.700227
latency,4,768,http1_rust_nodelay_production_req4096_resp32768_c16_keepalive_ms,1.762158
latency,4,769,http1_rust_nodelay_production_req4096_resp32768_c16_keepalive_ms,1.568304
latency,4,770,http1_rust_nodelay_production_req4096_resp32768_c16_keepalive_ms,1.664776
latency,4,771,http1_rust_nodelay_production_req4096_resp32768_c16_keepalive_ms,10.695487
latency,4,772,http1_rust_nodelay_production_req4096_resp32768_c16_keepalive_ms,1.688987
latency,4,773,http1_rust_nodelay_production_req4096_resp32768_c16_keepalive_ms,1.283760
latency,4,774,http1_rust_nodelay_production_req4096_resp32768_c16_keepalive_ms,1.637636
latency,4,775,http1_rust_nodelay_production_req4096_resp32768_c16_keepalive_ms,1.642565
latency,4,776,http1_rust_nodelay_production_req4096_resp32768_c16_keepalive_ms,1.630006
latency,4,777,http1_rust_nodelay_production_req4096_resp32768_c16_keepalive_ms,1.709486
latency,4,778,http1_rust_nodelay_production_req4096_resp32768_c16_keepalive_ms,1.650826
latency,4,779,http1_rust_nodelay_production_req4096_resp32768_c16_keepalive_ms,1.367051
latency,4,780,http1_rust_nodelay_production_req4096_resp32768_c16_keepalive_ms,1.607286
latency,4,781,http1_rust_nodelay_production_req4096_resp32768_c16_keepalive_ms,1.341621
latency,4,782,http1_rust_nodelay_production_req4096_resp32768_c16_keepalive_ms,1.692116
latency,4,783,http1_rust_nodelay_production_req4096_resp32768_c16_keepalive_ms,1.649046
latency,4,784,http1_rust_nodelay_production_req4096_resp32768_c16_keepalive_ms,1.277880
latency,4,785,http1_rust_nodelay_production_req4096_resp32768_c16_keepalive_ms,1.702006
latency,4,786,http1_rust_nodelay_production_req4096_resp32768_c16_keepalive_ms,2.080643
latency,4,787,http1_rust_nodelay_production_req4096_resp32768_c16_keepalive_ms,1.206309
latency,4,788,http1_rust_nodelay_production_req4096_resp32768_c16_keepalive_ms,1.220729
latency,4,789,http1_rust_nodelay_production_req4096_resp32768_c16_keepalive_ms,7.212533
latency,4,790,http1_rust_nodelay_production_req4096_resp32768_c16_keepalive_ms,1.546104
latency,4,791,http1_rust_nodelay_production_req4096_resp32768_c16_keepalive_ms,1.284460
latency,4,792,http1_rust_nodelay_production_req4096_resp32768_c16_keepalive_ms,1.968601
latency,4,793,http1_rust_nodelay_production_req4096_resp32768_c16_keepalive_ms,1.130057
latency,4,794,http1_rust_nodelay_production_req4096_resp32768_c16_keepalive_ms,0.685201
latency,4,795,http1_rust_nodelay_production_req4096_resp32768_c16_keepalive_ms,8.464262
latency,4,796,http1_rust_nodelay_production_req4096_resp32768_c16_keepalive_ms,0.231614
latency,4,797,http1_rust_nodelay_production_req4096_resp32768_c16_keepalive_ms,0.144482
latency,4,798,http1_rust_nodelay_production_req4096_resp32768_c16_keepalive_ms,0.129032
latency,4,799,http1_rust_nodelay_production_req4096_resp32768_c16_keepalive_ms,0.128762
latency,4,320,http1_rust_nodelay_production_req4096_resp32768_c16_keepalive_ms,1.628136
latency,4,321,http1_rust_nodelay_production_req4096_resp32768_c16_keepalive_ms,1.843699
latency,4,322,http1_rust_nodelay_production_req4096_resp32768_c16_keepalive_ms,1.369141
latency,4,323,http1_rust_nodelay_production_req4096_resp32768_c16_keepalive_ms,1.967311
latency,4,324,http1_rust_nodelay_production_req4096_resp32768_c16_keepalive_ms,1.220609
latency,4,325,http1_rust_nodelay_production_req4096_resp32768_c16_keepalive_ms,2.247735
latency,4,326,http1_rust_nodelay_production_req4096_resp32768_c16_keepalive_ms,1.179938
latency,4,327,http1_rust_nodelay_production_req4096_resp32768_c16_keepalive_ms,1.707167
latency,4,328,http1_rust_nodelay_production_req4096_resp32768_c16_keepalive_ms,1.700687
latency,4,329,http1_rust_nodelay_production_req4096_resp32768_c16_keepalive_ms,1.609205
latency,4,330,http1_rust_nodelay_production_req4096_resp32768_c16_keepalive_ms,1.702946
latency,4,331,http1_rust_nodelay_production_req4096_resp32768_c16_keepalive_ms,1.245170
latency,4,332,http1_rust_nodelay_production_req4096_resp32768_c16_keepalive_ms,1.620105
latency,4,333,http1_rust_nodelay_production_req4096_resp32768_c16_keepalive_ms,9.787163
latency,4,334,http1_rust_nodelay_production_req4096_resp32768_c16_keepalive_ms,11.671173
latency,4,335,http1_rust_nodelay_production_req4096_resp32768_c16_keepalive_ms,1.293350
latency,4,336,http1_rust_nodelay_production_req4096_resp32768_c16_keepalive_ms,10.711737
latency,4,337,http1_rust_nodelay_production_req4096_resp32768_c16_keepalive_ms,1.301351
latency,4,338,http1_rust_nodelay_production_req4096_resp32768_c16_keepalive_ms,1.646915
latency,4,339,http1_rust_nodelay_production_req4096_resp32768_c16_keepalive_ms,1.300920
latency,4,340,http1_rust_nodelay_production_req4096_resp32768_c16_keepalive_ms,1.607236
latency,4,341,http1_rust_nodelay_production_req4096_resp32768_c16_keepalive_ms,1.646526
latency,4,342,http1_rust_nodelay_production_req4096_resp32768_c16_keepalive_ms,1.251519
latency,4,343,http1_rust_nodelay_production_req4096_resp32768_c16_keepalive_ms,8.189028
latency,4,344,http1_rust_nodelay_production_req4096_resp32768_c16_keepalive_ms,1.274610
latency,4,345,http1_rust_nodelay_production_req4096_resp32768_c16_keepalive_ms,1.543304
latency,4,346,http1_rust_nodelay_production_req4096_resp32768_c16_keepalive_ms,1.651176
latency,4,347,http1_rust_nodelay_production_req4096_resp32768_c16_keepalive_ms,1.578945
latency,4,348,http1_rust_nodelay_production_req4096_resp32768_c16_keepalive_ms,1.253829
latency,4,349,http1_rust_nodelay_production_req4096_resp32768_c16_keepalive_ms,1.765048
latency,4,350,http1_rust_nodelay_production_req4096_resp32768_c16_keepalive_ms,1.338501
latency,4,351,http1_rust_nodelay_production_req4096_resp32768_c16_keepalive_ms,1.586204
latency,4,352,http1_rust_nodelay_production_req4096_resp32768_c16_keepalive_ms,1.648726
latency,4,353,http1_rust_nodelay_production_req4096_resp32768_c16_keepalive_ms,8.994321
latency,4,354,http1_rust_nodelay_production_req4096_resp32768_c16_keepalive_ms,1.722247
latency,4,355,http1_rust_nodelay_production_req4096_resp32768_c16_keepalive_ms,1.258609
latency,4,356,http1_rust_nodelay_production_req4096_resp32768_c16_keepalive_ms,1.733748
latency,4,357,http1_rust_nodelay_production_req4096_resp32768_c16_keepalive_ms,1.790188
latency,4,358,http1_rust_nodelay_production_req4096_resp32768_c16_keepalive_ms,1.664716
latency,4,359,http1_rust_nodelay_production_req4096_resp32768_c16_keepalive_ms,1.674716
latency,4,360,http1_rust_nodelay_production_req4096_resp32768_c16_keepalive_ms,1.634635
latency,4,361,http1_rust_nodelay_production_req4096_resp32768_c16_keepalive_ms,1.643436
latency,4,362,http1_rust_nodelay_production_req4096_resp32768_c16_keepalive_ms,1.651166
latency,4,363,http1_rust_nodelay_production_req4096_resp32768_c16_keepalive_ms,1.641366
latency,4,364,http1_rust_nodelay_production_req4096_resp32768_c16_keepalive_ms,1.731026
latency,4,365,http1_rust_nodelay_production_req4096_resp32768_c16_keepalive_ms,1.724988
latency,4,366,http1_rust_nodelay_production_req4096_resp32768_c16_keepalive_ms,1.274310
latency,4,367,http1_rust_nodelay_production_req4096_resp32768_c16_keepalive_ms,1.669235
latency,4,368,http1_rust_nodelay_production_req4096_resp32768_c16_keepalive_ms,1.684927
latency,4,369,http1_rust_nodelay_production_req4096_resp32768_c16_keepalive_ms,1.296120
latency,4,370,http1_rust_nodelay_production_req4096_resp32768_c16_keepalive_ms,1.198439
latency,4,371,http1_rust_nodelay_production_req4096_resp32768_c16_keepalive_ms,1.669586
latency,4,372,http1_rust_nodelay_production_req4096_resp32768_c16_keepalive_ms,1.305630
latency,4,373,http1_rust_nodelay_production_req4096_resp32768_c16_keepalive_ms,1.710267
latency,4,374,http1_rust_nodelay_production_req4096_resp32768_c16_keepalive_ms,1.306500
latency,4,375,http1_rust_nodelay_production_req4096_resp32768_c16_keepalive_ms,1.632326
latency,4,376,http1_rust_nodelay_production_req4096_resp32768_c16_keepalive_ms,1.590215
latency,4,377,http1_rust_nodelay_production_req4096_resp32768_c16_keepalive_ms,1.329271
latency,4,378,http1_rust_nodelay_production_req4096_resp32768_c16_keepalive_ms,1.722187
latency,4,379,http1_rust_nodelay_production_req4096_resp32768_c16_keepalive_ms,14.143261
latency,4,380,http1_rust_nodelay_production_req4096_resp32768_c16_keepalive_ms,1.249719
latency,4,381,http1_rust_nodelay_production_req4096_resp32768_c16_keepalive_ms,0.607460
latency,4,382,http1_rust_nodelay_production_req4096_resp32768_c16_keepalive_ms,0.827373
latency,4,383,http1_rust_nodelay_production_req4096_resp32768_c16_keepalive_ms,0.617889
latency,4,384,http1_rust_nodelay_production_req4096_resp32768_c16_keepalive_ms,0.684391
latency,4,385,http1_rust_nodelay_production_req4096_resp32768_c16_keepalive_ms,3.985622
latency,4,386,http1_rust_nodelay_production_req4096_resp32768_c16_keepalive_ms,0.511748
latency,4,387,http1_rust_nodelay_production_req4096_resp32768_c16_keepalive_ms,0.131152
latency,4,388,http1_rust_nodelay_production_req4096_resp32768_c16_keepalive_ms,0.129452
latency,4,389,http1_rust_nodelay_production_req4096_resp32768_c16_keepalive_ms,0.127782
latency,4,390,http1_rust_nodelay_production_req4096_resp32768_c16_keepalive_ms,0.137353
latency,4,391,http1_rust_nodelay_production_req4096_resp32768_c16_keepalive_ms,0.135722
latency,4,392,http1_rust_nodelay_production_req4096_resp32768_c16_keepalive_ms,0.130372
latency,4,393,http1_rust_nodelay_production_req4096_resp32768_c16_keepalive_ms,0.132452
latency,4,394,http1_rust_nodelay_production_req4096_resp32768_c16_keepalive_ms,0.131582
latency,4,395,http1_rust_nodelay_production_req4096_resp32768_c16_keepalive_ms,0.127242
latency,4,396,http1_rust_nodelay_production_req4096_resp32768_c16_keepalive_ms,0.127462
latency,4,397,http1_rust_nodelay_production_req4096_resp32768_c16_keepalive_ms,0.131062
latency,4,398,http1_rust_nodelay_production_req4096_resp32768_c16_keepalive_ms,2.399377
latency,4,399,http1_rust_nodelay_production_req4096_resp32768_c16_keepalive_ms,0.212724
trial,4,1280,http1_rust_nodelay_production_req4096_resp32768_c16_median_ms,1.641166
trial,4,1280,http1_rust_nodelay_production_req4096_resp32768_c16_p95_ms,2.126283
trial,4,1280,http1_rust_nodelay_production_req4096_resp32768_c16_requests_per_second,7980.288
trial,4,1280,http1_rust_nodelay_production_req4096_resp32768_c16_wall_ms,160.395
trial,4,1280,http1_rust_nodelay_production_req4096_resp32768_c16_mib_per_second,280.557
trial,4,1280,http1_rust_nodelay_production_req4096_resp32768_c16_process_cpu_us,160424
summary,0,6400,http1_rust_nodelay_production_req4096_resp32768_c16_keepalive_ms_median,1.631116
summary,0,6400,http1_rust_nodelay_production_req4096_resp32768_c16_keepalive_ms_p95,2.072363
meta,0,10080,origin_requests_expected,10080
meta,0,10080,origin_requests_seen,10080
meta,0,10080,credentialed_origin_requests_seen,10080
meta,0,0,loopback_rx_packets_delta,93355
meta,0,0,loopback_tx_packets_delta,93355
