kind,trial,index,metric,value
meta,0,0,backend,hudsucker
meta,0,0,profile,release
meta,0,0,rustc,rustc 1.98.1 (48a229cea 2026-09-01)
meta,0,0,origin,rust
meta,0,0,cpu_affinity,0
meta,0,0,tcp_nodelay,off
meta,0,0,concurrency_levels,1;4;16
latency,0,0,http1_rust_nodelay_off_c1_keepalive_ms,0.168583
latency,0,1,http1_rust_nodelay_off_c1_keepalive_ms,0.148422
latency,0,2,http1_rust_nodelay_off_c1_keepalive_ms,0.145603
latency,0,3,http1_rust_nodelay_off_c1_keepalive_ms,0.159753
latency,0,4,http1_rust_nodelay_off_c1_keepalive_ms,0.155772
latency,0,5,http1_rust_nodelay_off_c1_keepalive_ms,0.147483
latency,0,6,http1_rust_nodelay_off_c1_keepalive_ms,0.144772
latency,0,7,http1_rust_nodelay_off_c1_keepalive_ms,0.161063
latency,0,8,http1_rust_nodelay_off_c1_keepalive_ms,0.145913
latency,0,9,http1_rust_nodelay_off_c1_keepalive_ms,0.145152
latency,0,10,http1_rust_nodelay_off_c1_keepalive_ms,0.144982
latency,0,11,http1_rust_nodelay_off_c1_keepalive_ms,0.156893
latency,0,12,http1_rust_nodelay_off_c1_keepalive_ms,0.146643
latency,0,13,http1_rust_nodelay_off_c1_keepalive_ms,0.146992
latency,0,14,http1_rust_nodelay_off_c1_keepalive_ms,0.153553
latency,0,15,http1_rust_nodelay_off_c1_keepalive_ms,0.145482
latency,0,16,http1_rust_nodelay_off_c1_keepalive_ms,0.146173
latency,0,17,http1_rust_nodelay_off_c1_keepalive_ms,0.144962
latency,0,18,http1_rust_nodelay_off_c1_keepalive_ms,0.157483
latency,0,19,http1_rust_nodelay_off_c1_keepalive_ms,0.146002
latency,0,20,http1_rust_nodelay_off_c1_keepalive_ms,0.145113
latency,0,21,http1_rust_nodelay_off_c1_keepalive_ms,0.152312
latency,0,22,http1_rust_nodelay_off_c1_keepalive_ms,0.147353
latency,0,23,http1_rust_nodelay_off_c1_keepalive_ms,0.150123
latency,0,24,http1_rust_nodelay_off_c1_keepalive_ms,0.163742
latency,0,25,http1_rust_nodelay_off_c1_keepalive_ms,0.162513
latency,0,26,http1_rust_nodelay_off_c1_keepalive_ms,0.157413
latency,0,27,http1_rust_nodelay_off_c1_keepalive_ms,0.155982
latency,0,28,http1_rust_nodelay_off_c1_keepalive_ms,0.155963
latency,0,29,http1_rust_nodelay_off_c1_keepalive_ms,0.154273
latency,0,30,http1_rust_nodelay_off_c1_keepalive_ms,0.154542
latency,0,31,http1_rust_nodelay_off_c1_keepalive_ms,0.162263
latency,0,32,http1_rust_nodelay_off_c1_keepalive_ms,0.155123
latency,0,33,http1_rust_nodelay_off_c1_keepalive_ms,0.154902
latency,0,34,http1_rust_nodelay_off_c1_keepalive_ms,0.154433
latency,0,35,http1_rust_nodelay_off_c1_keepalive_ms,0.156043
latency,0,36,http1_rust_nodelay_off_c1_keepalive_ms,0.154572
latency,0,37,http1_rust_nodelay_off_c1_keepalive_ms,0.162193
latency,0,38,http1_rust_nodelay_off_c1_keepalive_ms,0.156143
latency,0,39,http1_rust_nodelay_off_c1_keepalive_ms,0.154482
latency,0,40,http1_rust_nodelay_off_c1_keepalive_ms,0.154083
latency,0,41,http1_rust_nodelay_off_c1_keepalive_ms,0.153843
latency,0,42,http1_rust_nodelay_off_c1_keepalive_ms,0.157462
latency,0,43,http1_rust_nodelay_off_c1_keepalive_ms,0.218954
latency,0,44,http1_rust_nodelay_off_c1_keepalive_ms,0.277785
latency,0,45,http1_rust_nodelay_off_c1_keepalive_ms,0.168222
latency,0,46,http1_rust_nodelay_off_c1_keepalive_ms,0.152383
latency,0,47,http1_rust_nodelay_off_c1_keepalive_ms,0.146102
latency,0,48,http1_rust_nodelay_off_c1_keepalive_ms,0.148123
latency,0,49,http1_rust_nodelay_off_c1_keepalive_ms,0.153893
latency,0,50,http1_rust_nodelay_off_c1_keepalive_ms,0.146212
latency,0,51,http1_rust_nodelay_off_c1_keepalive_ms,0.146933
latency,0,52,http1_rust_nodelay_off_c1_keepalive_ms,0.152142
latency,0,53,http1_rust_nodelay_off_c1_keepalive_ms,0.146763
latency,0,54,http1_rust_nodelay_off_c1_keepalive_ms,0.145442
latency,0,55,http1_rust_nodelay_off_c1_keepalive_ms,0.152663
latency,0,56,http1_rust_nodelay_off_c1_keepalive_ms,0.148652
latency,0,57,http1_rust_nodelay_off_c1_keepalive_ms,0.145583
latency,0,58,http1_rust_nodelay_off_c1_keepalive_ms,0.145722
latency,0,59,http1_rust_nodelay_off_c1_keepalive_ms,0.147893
latency,0,60,http1_rust_nodelay_off_c1_keepalive_ms,0.145912
latency,0,61,http1_rust_nodelay_off_c1_keepalive_ms,0.145193
latency,0,62,http1_rust_nodelay_off_c1_keepalive_ms,0.152232
latency,0,63,http1_rust_nodelay_off_c1_keepalive_ms,0.150333
latency,0,64,http1_rust_nodelay_off_c1_keepalive_ms,0.145772
latency,0,65,http1_rust_nodelay_off_c1_keepalive_ms,0.145423
latency,0,66,http1_rust_nodelay_off_c1_keepalive_ms,0.147282
latency,0,67,http1_rust_nodelay_off_c1_keepalive_ms,0.145673
latency,0,68,http1_rust_nodelay_off_c1_keepalive_ms,0.145842
latency,0,69,http1_rust_nodelay_off_c1_keepalive_ms,0.183513
latency,0,70,http1_rust_nodelay_off_c1_keepalive_ms,0.218144
latency,0,71,http1_rust_nodelay_off_c1_keepalive_ms,0.171263
latency,0,72,http1_rust_nodelay_off_c1_keepalive_ms,0.146983
latency,0,73,http1_rust_nodelay_off_c1_keepalive_ms,0.146032
latency,0,74,http1_rust_nodelay_off_c1_keepalive_ms,0.148123
latency,0,75,http1_rust_nodelay_off_c1_keepalive_ms,0.154452
latency,0,76,http1_rust_nodelay_off_c1_keepalive_ms,0.148383
latency,0,77,http1_rust_nodelay_off_c1_keepalive_ms,0.151222
latency,0,78,http1_rust_nodelay_off_c1_keepalive_ms,0.146793
latency,0,79,http1_rust_nodelay_off_c1_keepalive_ms,0.145492
trial,0,80,http1_rust_nodelay_off_c1_median_ms,0.150333
trial,0,80,http1_rust_nodelay_off_c1_p95_ms,0.171263
trial,0,80,http1_rust_nodelay_off_c1_requests_per_second,6198.240
trial,0,80,http1_rust_nodelay_off_c1_wall_ms,12.907
latency,1,0,http1_rust_nodelay_off_c1_keepalive_ms,0.168302
latency,1,1,http1_rust_nodelay_off_c1_keepalive_ms,0.159063
latency,1,2,http1_rust_nodelay_off_c1_keepalive_ms,0.148583
latency,1,3,http1_rust_nodelay_off_c1_keepalive_ms,0.152452
latency,1,4,http1_rust_nodelay_off_c1_keepalive_ms,0.149463
latency,1,5,http1_rust_nodelay_off_c1_keepalive_ms,0.145862
latency,1,6,http1_rust_nodelay_off_c1_keepalive_ms,0.145583
latency,1,7,http1_rust_nodelay_off_c1_keepalive_ms,0.146922
latency,1,8,http1_rust_nodelay_off_c1_keepalive_ms,0.145503
latency,1,9,http1_rust_nodelay_off_c1_keepalive_ms,0.145892
latency,1,10,http1_rust_nodelay_off_c1_keepalive_ms,0.155873
latency,1,11,http1_rust_nodelay_off_c1_keepalive_ms,0.148723
latency,1,12,http1_rust_nodelay_off_c1_keepalive_ms,0.146012
latency,1,13,http1_rust_nodelay_off_c1_keepalive_ms,0.145693
latency,1,14,http1_rust_nodelay_off_c1_keepalive_ms,0.145622
latency,1,15,http1_rust_nodelay_off_c1_keepalive_ms,0.147423
latency,1,16,http1_rust_nodelay_off_c1_keepalive_ms,0.152642
latency,1,17,http1_rust_nodelay_off_c1_keepalive_ms,0.148953
latency,1,18,http1_rust_nodelay_off_c1_keepalive_ms,0.145242
latency,1,19,http1_rust_nodelay_off_c1_keepalive_ms,0.147543
latency,1,20,http1_rust_nodelay_off_c1_keepalive_ms,0.146052
latency,1,21,http1_rust_nodelay_off_c1_keepalive_ms,0.145983
latency,1,22,http1_rust_nodelay_off_c1_keepalive_ms,0.148242
latency,1,23,http1_rust_nodelay_off_c1_keepalive_ms,0.154953
latency,1,24,http1_rust_nodelay_off_c1_keepalive_ms,0.146972
latency,1,25,http1_rust_nodelay_off_c1_keepalive_ms,0.145453
latency,1,26,http1_rust_nodelay_off_c1_keepalive_ms,0.147972
latency,1,27,http1_rust_nodelay_off_c1_keepalive_ms,0.146143
latency,1,28,http1_rust_nodelay_off_c1_keepalive_ms,0.145382
latency,1,29,http1_rust_nodelay_off_c1_keepalive_ms,0.145263
latency,1,30,http1_rust_nodelay_off_c1_keepalive_ms,0.155112
latency,1,31,http1_rust_nodelay_off_c1_keepalive_ms,0.148113
latency,1,32,http1_rust_nodelay_off_c1_keepalive_ms,0.145362
latency,1,33,http1_rust_nodelay_off_c1_keepalive_ms,0.145183
latency,1,34,http1_rust_nodelay_off_c1_keepalive_ms,0.147392
latency,1,35,http1_rust_nodelay_off_c1_keepalive_ms,0.152343
latency,1,36,http1_rust_nodelay_off_c1_keepalive_ms,0.145692
latency,1,37,http1_rust_nodelay_off_c1_keepalive_ms,0.158683
latency,1,38,http1_rust_nodelay_off_c1_keepalive_ms,0.146483
latency,1,39,http1_rust_nodelay_off_c1_keepalive_ms,0.145472
latency,1,40,http1_rust_nodelay_off_c1_keepalive_ms,0.145312
latency,1,41,http1_rust_nodelay_off_c1_keepalive_ms,0.147443
latency,1,42,http1_rust_nodelay_off_c1_keepalive_ms,0.151392
latency,1,43,http1_rust_nodelay_off_c1_keepalive_ms,0.154803
latency,1,44,http1_rust_nodelay_off_c1_keepalive_ms,0.149072
latency,1,45,http1_rust_nodelay_off_c1_keepalive_ms,0.147503
latency,1,46,http1_rust_nodelay_off_c1_keepalive_ms,0.145612
latency,1,47,http1_rust_nodelay_off_c1_keepalive_ms,0.145633
latency,1,48,http1_rust_nodelay_off_c1_keepalive_ms,0.144832
latency,1,49,http1_rust_nodelay_off_c1_keepalive_ms,0.149723
latency,1,50,http1_rust_nodelay_off_c1_keepalive_ms,0.154773
latency,1,51,http1_rust_nodelay_off_c1_keepalive_ms,0.146802
latency,1,52,http1_rust_nodelay_off_c1_keepalive_ms,0.147523
latency,1,53,http1_rust_nodelay_off_c1_keepalive_ms,0.145592
latency,1,54,http1_rust_nodelay_off_c1_keepalive_ms,0.145793
latency,1,55,http1_rust_nodelay_off_c1_keepalive_ms,0.145172
latency,1,56,http1_rust_nodelay_off_c1_keepalive_ms,0.147503
latency,1,57,http1_rust_nodelay_off_c1_keepalive_ms,0.152922
latency,1,58,http1_rust_nodelay_off_c1_keepalive_ms,0.146293
latency,1,59,http1_rust_nodelay_off_c1_keepalive_ms,0.145582
latency,1,60,http1_rust_nodelay_off_c1_keepalive_ms,0.147023
latency,1,61,http1_rust_nodelay_off_c1_keepalive_ms,0.146432
latency,1,62,http1_rust_nodelay_off_c1_keepalive_ms,0.146103
latency,1,63,http1_rust_nodelay_off_c1_keepalive_ms,0.146482
latency,1,64,http1_rust_nodelay_off_c1_keepalive_ms,0.156593
latency,1,65,http1_rust_nodelay_off_c1_keepalive_ms,0.148222
latency,1,66,http1_rust_nodelay_off_c1_keepalive_ms,0.145393
latency,1,67,http1_rust_nodelay_off_c1_keepalive_ms,0.147552
latency,1,68,http1_rust_nodelay_off_c1_keepalive_ms,0.145613
latency,1,69,http1_rust_nodelay_off_c1_keepalive_ms,0.145192
latency,1,70,http1_rust_nodelay_off_c1_keepalive_ms,0.152973
latency,1,71,http1_rust_nodelay_off_c1_keepalive_ms,0.151573
latency,1,72,http1_rust_nodelay_off_c1_keepalive_ms,0.145212
latency,1,73,http1_rust_nodelay_off_c1_keepalive_ms,0.145392
latency,1,74,http1_rust_nodelay_off_c1_keepalive_ms,0.144613
latency,1,75,http1_rust_nodelay_off_c1_keepalive_ms,0.147402
latency,1,76,http1_rust_nodelay_off_c1_keepalive_ms,0.145163
latency,1,77,http1_rust_nodelay_off_c1_keepalive_ms,0.155323
latency,1,78,http1_rust_nodelay_off_c1_keepalive_ms,0.149572
latency,1,79,http1_rust_nodelay_off_c1_keepalive_ms,0.145753
trial,1,80,http1_rust_nodelay_off_c1_median_ms,0.146802
trial,1,80,http1_rust_nodelay_off_c1_p95_ms,0.155873
trial,1,80,http1_rust_nodelay_off_c1_requests_per_second,6503.848
trial,1,80,http1_rust_nodelay_off_c1_wall_ms,12.300
latency,2,0,http1_rust_nodelay_off_c1_keepalive_ms,0.194183
latency,2,1,http1_rust_nodelay_off_c1_keepalive_ms,0.165663
latency,2,2,http1_rust_nodelay_off_c1_keepalive_ms,0.147383
latency,2,3,http1_rust_nodelay_off_c1_keepalive_ms,0.145822
latency,2,4,http1_rust_nodelay_off_c1_keepalive_ms,0.163723
latency,2,5,http1_rust_nodelay_off_c1_keepalive_ms,0.157273
latency,2,6,http1_rust_nodelay_off_c1_keepalive_ms,0.151012
latency,2,7,http1_rust_nodelay_off_c1_keepalive_ms,0.146693
latency,2,8,http1_rust_nodelay_off_c1_keepalive_ms,0.147582
latency,2,9,http1_rust_nodelay_off_c1_keepalive_ms,0.146223
latency,2,10,http1_rust_nodelay_off_c1_keepalive_ms,0.146752
latency,2,11,http1_rust_nodelay_off_c1_keepalive_ms,0.145913
latency,2,12,http1_rust_nodelay_off_c1_keepalive_ms,0.155532
latency,2,13,http1_rust_nodelay_off_c1_keepalive_ms,0.147763
latency,2,14,http1_rust_nodelay_off_c1_keepalive_ms,0.145973
latency,2,15,http1_rust_nodelay_off_c1_keepalive_ms,0.146042
latency,2,16,http1_rust_nodelay_off_c1_keepalive_ms,0.148373
latency,2,17,http1_rust_nodelay_off_c1_keepalive_ms,0.145542
latency,2,18,http1_rust_nodelay_off_c1_keepalive_ms,0.145662
latency,2,19,http1_rust_nodelay_off_c1_keepalive_ms,0.155343
latency,2,20,http1_rust_nodelay_off_c1_keepalive_ms,0.149803
latency,2,21,http1_rust_nodelay_off_c1_keepalive_ms,0.146142
latency,2,22,http1_rust_nodelay_off_c1_keepalive_ms,0.145333
latency,2,23,http1_rust_nodelay_off_c1_keepalive_ms,0.147612
latency,2,24,http1_rust_nodelay_off_c1_keepalive_ms,0.145103
latency,2,25,http1_rust_nodelay_off_c1_keepalive_ms,0.145822
latency,2,26,http1_rust_nodelay_off_c1_keepalive_ms,0.189513
latency,2,27,http1_rust_nodelay_off_c1_keepalive_ms,0.199114
latency,2,28,http1_rust_nodelay_off_c1_keepalive_ms,0.148192
latency,2,29,http1_rust_nodelay_off_c1_keepalive_ms,0.144923
latency,2,30,http1_rust_nodelay_off_c1_keepalive_ms,0.144422
latency,2,31,http1_rust_nodelay_off_c1_keepalive_ms,0.146233
latency,2,32,http1_rust_nodelay_off_c1_keepalive_ms,0.152842
latency,2,33,http1_rust_nodelay_off_c1_keepalive_ms,0.146383
latency,2,34,http1_rust_nodelay_off_c1_keepalive_ms,0.146822
latency,2,35,http1_rust_nodelay_off_c1_keepalive_ms,0.144493
latency,2,36,http1_rust_nodelay_off_c1_keepalive_ms,0.144382
latency,2,37,http1_rust_nodelay_off_c1_keepalive_ms,0.144063
latency,2,38,http1_rust_nodelay_off_c1_keepalive_ms,0.146492
latency,2,39,http1_rust_nodelay_off_c1_keepalive_ms,0.153453
latency,2,40,http1_rust_nodelay_off_c1_keepalive_ms,0.146012
latency,2,41,http1_rust_nodelay_off_c1_keepalive_ms,0.144253
latency,2,42,http1_rust_nodelay_off_c1_keepalive_ms,0.147152
latency,2,43,http1_rust_nodelay_off_c1_keepalive_ms,0.144202
latency,2,44,http1_rust_nodelay_off_c1_keepalive_ms,0.144683
latency,2,45,http1_rust_nodelay_off_c1_keepalive_ms,0.149632
latency,2,46,http1_rust_nodelay_off_c1_keepalive_ms,0.150053
latency,2,47,http1_rust_nodelay_off_c1_keepalive_ms,0.151362
latency,2,48,http1_rust_nodelay_off_c1_keepalive_ms,0.144163
latency,2,49,http1_rust_nodelay_off_c1_keepalive_ms,0.146352
latency,2,50,http1_rust_nodelay_off_c1_keepalive_ms,0.144183
latency,2,51,http1_rust_nodelay_off_c1_keepalive_ms,0.143942
latency,2,52,http1_rust_nodelay_off_c1_keepalive_ms,0.165383
latency,2,53,http1_rust_nodelay_off_c1_keepalive_ms,0.229104
latency,2,54,http1_rust_nodelay_off_c1_keepalive_ms,0.174163
latency,2,55,http1_rust_nodelay_off_c1_keepalive_ms,0.151553
latency,2,56,http1_rust_nodelay_off_c1_keepalive_ms,0.153882
latency,2,57,http1_rust_nodelay_off_c1_keepalive_ms,0.150313
latency,2,58,http1_rust_nodelay_off_c1_keepalive_ms,0.160303
latency,2,59,http1_rust_nodelay_off_c1_keepalive_ms,0.148272
latency,2,60,http1_rust_nodelay_off_c1_keepalive_ms,0.147353
latency,2,61,http1_rust_nodelay_off_c1_keepalive_ms,0.146722
latency,2,62,http1_rust_nodelay_off_c1_keepalive_ms,0.146093
latency,2,63,http1_rust_nodelay_off_c1_keepalive_ms,0.146572
latency,2,64,http1_rust_nodelay_off_c1_keepalive_ms,0.147953
latency,2,65,http1_rust_nodelay_off_c1_keepalive_ms,0.168392
latency,2,66,http1_rust_nodelay_off_c1_keepalive_ms,0.147343
latency,2,67,http1_rust_nodelay_off_c1_keepalive_ms,0.146632
latency,2,68,http1_rust_nodelay_off_c1_keepalive_ms,0.148153
latency,2,69,http1_rust_nodelay_off_c1_keepalive_ms,0.147062
latency,2,70,http1_rust_nodelay_off_c1_keepalive_ms,0.146823
latency,2,71,http1_rust_nodelay_off_c1_keepalive_ms,0.152043
latency,2,72,http1_rust_nodelay_off_c1_keepalive_ms,0.151642
latency,2,73,http1_rust_nodelay_off_c1_keepalive_ms,0.146153
latency,2,74,http1_rust_nodelay_off_c1_keepalive_ms,0.145472
latency,2,75,http1_rust_nodelay_off_c1_keepalive_ms,0.148413
latency,2,76,http1_rust_nodelay_off_c1_keepalive_ms,0.145572
latency,2,77,http1_rust_nodelay_off_c1_keepalive_ms,0.146033
latency,2,78,http1_rust_nodelay_off_c1_keepalive_ms,0.172963
latency,2,79,http1_rust_nodelay_off_c1_keepalive_ms,0.212463
trial,2,80,http1_rust_nodelay_off_c1_median_ms,0.147062
trial,2,80,http1_rust_nodelay_off_c1_p95_ms,0.189513
trial,2,80,http1_rust_nodelay_off_c1_requests_per_second,6319.053
trial,2,80,http1_rust_nodelay_off_c1_wall_ms,12.660
latency,3,0,http1_rust_nodelay_off_c1_keepalive_ms,0.202143
latency,3,1,http1_rust_nodelay_off_c1_keepalive_ms,0.193654
latency,3,2,http1_rust_nodelay_off_c1_keepalive_ms,0.150652
latency,3,3,http1_rust_nodelay_off_c1_keepalive_ms,0.150153
latency,3,4,http1_rust_nodelay_off_c1_keepalive_ms,0.150732
latency,3,5,http1_rust_nodelay_off_c1_keepalive_ms,0.146333
latency,3,6,http1_rust_nodelay_off_c1_keepalive_ms,0.151933
latency,3,7,http1_rust_nodelay_off_c1_keepalive_ms,0.150782
latency,3,8,http1_rust_nodelay_off_c1_keepalive_ms,0.148723
latency,3,9,http1_rust_nodelay_off_c1_keepalive_ms,0.146162
latency,3,10,http1_rust_nodelay_off_c1_keepalive_ms,0.145103
latency,3,11,http1_rust_nodelay_off_c1_keepalive_ms,0.145402
latency,3,12,http1_rust_nodelay_off_c1_keepalive_ms,0.147653
latency,3,13,http1_rust_nodelay_off_c1_keepalive_ms,0.153112
latency,3,14,http1_rust_nodelay_off_c1_keepalive_ms,0.148143
latency,3,15,http1_rust_nodelay_off_c1_keepalive_ms,0.147952
latency,3,16,http1_rust_nodelay_off_c1_keepalive_ms,0.146043
latency,3,17,http1_rust_nodelay_off_c1_keepalive_ms,0.145582
latency,3,18,http1_rust_nodelay_off_c1_keepalive_ms,0.145483
latency,3,19,http1_rust_nodelay_off_c1_keepalive_ms,0.148342
latency,3,20,http1_rust_nodelay_off_c1_keepalive_ms,0.214864
latency,3,21,http1_rust_nodelay_off_c1_keepalive_ms,0.156643
latency,3,22,http1_rust_nodelay_off_c1_keepalive_ms,0.149472
latency,3,23,http1_rust_nodelay_off_c1_keepalive_ms,0.146293
latency,3,24,http1_rust_nodelay_off_c1_keepalive_ms,0.147802
latency,3,25,http1_rust_nodelay_off_c1_keepalive_ms,0.153683
latency,3,26,http1_rust_nodelay_off_c1_keepalive_ms,0.153342
latency,3,27,http1_rust_nodelay_off_c1_keepalive_ms,0.147223
latency,3,28,http1_rust_nodelay_off_c1_keepalive_ms,0.147302
latency,3,29,http1_rust_nodelay_off_c1_keepalive_ms,0.145473
latency,3,30,http1_rust_nodelay_off_c1_keepalive_ms,0.145492
latency,3,31,http1_rust_nodelay_off_c1_keepalive_ms,0.145173
latency,3,32,http1_rust_nodelay_off_c1_keepalive_ms,0.147392
latency,3,33,http1_rust_nodelay_off_c1_keepalive_ms,0.153193
latency,3,34,http1_rust_nodelay_off_c1_keepalive_ms,0.146912
latency,3,35,http1_rust_nodelay_off_c1_keepalive_ms,0.147313
latency,3,36,http1_rust_nodelay_off_c1_keepalive_ms,0.145942
latency,3,37,http1_rust_nodelay_off_c1_keepalive_ms,0.145663
latency,3,38,http1_rust_nodelay_off_c1_keepalive_ms,0.145102
latency,3,39,http1_rust_nodelay_off_c1_keepalive_ms,0.147572
latency,3,40,http1_rust_nodelay_off_c1_keepalive_ms,0.190874
latency,3,41,http1_rust_nodelay_off_c1_keepalive_ms,0.198613
latency,3,42,http1_rust_nodelay_off_c1_keepalive_ms,0.156973
latency,3,43,http1_rust_nodelay_off_c1_keepalive_ms,0.147762
latency,3,44,http1_rust_nodelay_off_c1_keepalive_ms,0.145153
latency,3,45,http1_rust_nodelay_off_c1_keepalive_ms,0.147012
latency,3,46,http1_rust_nodelay_off_c1_keepalive_ms,0.154083
latency,3,47,http1_rust_nodelay_off_c1_keepalive_ms,0.153223
latency,3,48,http1_rust_nodelay_off_c1_keepalive_ms,0.146782
latency,3,49,http1_rust_nodelay_off_c1_keepalive_ms,0.144503
latency,3,50,http1_rust_nodelay_off_c1_keepalive_ms,0.144552
latency,3,51,http1_rust_nodelay_off_c1_keepalive_ms,0.145382
latency,3,52,http1_rust_nodelay_off_c1_keepalive_ms,0.147293
latency,3,53,http1_rust_nodelay_off_c1_keepalive_ms,0.154123
latency,3,54,http1_rust_nodelay_off_c1_keepalive_ms,0.145062
latency,3,55,http1_rust_nodelay_off_c1_keepalive_ms,0.144713
latency,3,56,http1_rust_nodelay_off_c1_keepalive_ms,0.146702
latency,3,57,http1_rust_nodelay_off_c1_keepalive_ms,0.144893
latency,3,58,http1_rust_nodelay_off_c1_keepalive_ms,0.144412
latency,3,59,http1_rust_nodelay_off_c1_keepalive_ms,0.149103
latency,3,60,http1_rust_nodelay_off_c1_keepalive_ms,0.150642
latency,3,61,http1_rust_nodelay_off_c1_keepalive_ms,0.152153
latency,3,62,http1_rust_nodelay_off_c1_keepalive_ms,0.145082
latency,3,63,http1_rust_nodelay_off_c1_keepalive_ms,0.145873
latency,3,64,http1_rust_nodelay_off_c1_keepalive_ms,0.144692
latency,3,65,http1_rust_nodelay_off_c1_keepalive_ms,0.144213
latency,3,66,http1_rust_nodelay_off_c1_keepalive_ms,0.166592
latency,3,67,http1_rust_nodelay_off_c1_keepalive_ms,0.208704
latency,3,68,http1_rust_nodelay_off_c1_keepalive_ms,0.163653
latency,3,69,http1_rust_nodelay_off_c1_keepalive_ms,0.147872
latency,3,70,http1_rust_nodelay_off_c1_keepalive_ms,0.146373
latency,3,71,http1_rust_nodelay_off_c1_keepalive_ms,0.148912
latency,3,72,http1_rust_nodelay_off_c1_keepalive_ms,0.152693
latency,3,73,http1_rust_nodelay_off_c1_keepalive_ms,0.148582
latency,3,74,http1_rust_nodelay_off_c1_keepalive_ms,0.154993
latency,3,75,http1_rust_nodelay_off_c1_keepalive_ms,0.152553
latency,3,76,http1_rust_nodelay_off_c1_keepalive_ms,0.145552
latency,3,77,http1_rust_nodelay_off_c1_keepalive_ms,0.145903
latency,3,78,http1_rust_nodelay_off_c1_keepalive_ms,0.147312
latency,3,79,http1_rust_nodelay_off_c1_keepalive_ms,0.152753
trial,3,80,http1_rust_nodelay_off_c1_median_ms,0.147572
trial,3,80,http1_rust_nodelay_off_c1_p95_ms,0.193654
trial,3,80,http1_rust_nodelay_off_c1_requests_per_second,6311.281
trial,3,80,http1_rust_nodelay_off_c1_wall_ms,12.676
latency,4,0,http1_rust_nodelay_off_c1_keepalive_ms,0.152493
latency,4,1,http1_rust_nodelay_off_c1_keepalive_ms,0.154072
latency,4,2,http1_rust_nodelay_off_c1_keepalive_ms,0.147873
latency,4,3,http1_rust_nodelay_off_c1_keepalive_ms,0.149082
latency,4,4,http1_rust_nodelay_off_c1_keepalive_ms,0.146013
latency,4,5,http1_rust_nodelay_off_c1_keepalive_ms,0.145472
latency,4,6,http1_rust_nodelay_off_c1_keepalive_ms,0.148073
latency,4,7,http1_rust_nodelay_off_c1_keepalive_ms,0.146072
latency,4,8,http1_rust_nodelay_off_c1_keepalive_ms,0.153493
latency,4,9,http1_rust_nodelay_off_c1_keepalive_ms,0.146832
latency,4,10,http1_rust_nodelay_off_c1_keepalive_ms,0.147733
latency,4,11,http1_rust_nodelay_off_c1_keepalive_ms,0.145772
latency,4,12,http1_rust_nodelay_off_c1_keepalive_ms,0.145173
latency,4,13,http1_rust_nodelay_off_c1_keepalive_ms,0.145022
latency,4,14,http1_rust_nodelay_off_c1_keepalive_ms,0.147683
latency,4,15,http1_rust_nodelay_off_c1_keepalive_ms,0.154153
latency,4,16,http1_rust_nodelay_off_c1_keepalive_ms,0.146052
latency,4,17,http1_rust_nodelay_off_c1_keepalive_ms,0.145433
latency,4,18,http1_rust_nodelay_off_c1_keepalive_ms,0.147092
latency,4,19,http1_rust_nodelay_off_c1_keepalive_ms,0.145183
latency,4,20,http1_rust_nodelay_off_c1_keepalive_ms,0.145572
latency,4,21,http1_rust_nodelay_off_c1_keepalive_ms,0.156703
latency,4,22,http1_rust_nodelay_off_c1_keepalive_ms,0.151822
latency,4,23,http1_rust_nodelay_off_c1_keepalive_ms,0.145453
latency,4,24,http1_rust_nodelay_off_c1_keepalive_ms,0.145382
latency,4,25,http1_rust_nodelay_off_c1_keepalive_ms,0.146733
latency,4,26,http1_rust_nodelay_off_c1_keepalive_ms,0.145252
latency,4,27,http1_rust_nodelay_off_c1_keepalive_ms,0.144573
latency,4,28,http1_rust_nodelay_off_c1_keepalive_ms,0.152172
latency,4,29,http1_rust_nodelay_off_c1_keepalive_ms,0.149013
latency,4,30,http1_rust_nodelay_off_c1_keepalive_ms,0.145392
latency,4,31,http1_rust_nodelay_off_c1_keepalive_ms,0.144713
latency,4,32,http1_rust_nodelay_off_c1_keepalive_ms,0.144432
latency,4,33,http1_rust_nodelay_off_c1_keepalive_ms,0.146552
latency,4,34,http1_rust_nodelay_off_c1_keepalive_ms,0.158403
latency,4,35,http1_rust_nodelay_off_c1_keepalive_ms,0.152503
latency,4,36,http1_rust_nodelay_off_c1_keepalive_ms,0.148032
latency,4,37,http1_rust_nodelay_off_c1_keepalive_ms,0.144933
latency,4,38,http1_rust_nodelay_off_c1_keepalive_ms,0.144842
latency,4,39,http1_rust_nodelay_off_c1_keepalive_ms,0.144593
latency,4,40,http1_rust_nodelay_off_c1_keepalive_ms,0.146372
latency,4,41,http1_rust_nodelay_off_c1_keepalive_ms,0.144682
latency,4,42,http1_rust_nodelay_off_c1_keepalive_ms,0.198534
latency,4,43,http1_rust_nodelay_off_c1_keepalive_ms,0.204113
latency,4,44,http1_rust_nodelay_off_c1_keepalive_ms,0.159323
latency,4,45,http1_rust_nodelay_off_c1_keepalive_ms,0.152983
latency,4,46,http1_rust_nodelay_off_c1_keepalive_ms,0.152182
latency,4,47,http1_rust_nodelay_off_c1_keepalive_ms,0.164253
latency,4,48,http1_rust_nodelay_off_c1_keepalive_ms,0.157233
latency,4,49,http1_rust_nodelay_off_c1_keepalive_ms,0.148072
latency,4,50,http1_rust_nodelay_off_c1_keepalive_ms,0.148773
latency,4,51,http1_rust_nodelay_off_c1_keepalive_ms,0.147142
latency,4,52,http1_rust_nodelay_off_c1_keepalive_ms,0.146703
latency,4,53,http1_rust_nodelay_off_c1_keepalive_ms,0.146242
latency,4,54,http1_rust_nodelay_off_c1_keepalive_ms,0.157173
latency,4,55,http1_rust_nodelay_off_c1_keepalive_ms,0.148323
latency,4,56,http1_rust_nodelay_off_c1_keepalive_ms,0.145862
latency,4,57,http1_rust_nodelay_off_c1_keepalive_ms,0.153753
latency,4,58,http1_rust_nodelay_off_c1_keepalive_ms,0.148072
latency,4,59,http1_rust_nodelay_off_c1_keepalive_ms,0.145943
latency,4,60,http1_rust_nodelay_off_c1_keepalive_ms,0.145602
latency,4,61,http1_rust_nodelay_off_c1_keepalive_ms,0.154403
latency,4,62,http1_rust_nodelay_off_c1_keepalive_ms,0.149152
latency,4,63,http1_rust_nodelay_off_c1_keepalive_ms,0.145713
latency,4,64,http1_rust_nodelay_off_c1_keepalive_ms,0.160163
latency,4,65,http1_rust_nodelay_off_c1_keepalive_ms,0.147682
latency,4,66,http1_rust_nodelay_off_c1_keepalive_ms,0.145783
latency,4,67,http1_rust_nodelay_off_c1_keepalive_ms,0.145372
latency,4,68,http1_rust_nodelay_off_c1_keepalive_ms,0.176453
latency,4,69,http1_rust_nodelay_off_c1_keepalive_ms,0.156433
latency,4,70,http1_rust_nodelay_off_c1_keepalive_ms,0.155372
latency,4,71,http1_rust_nodelay_off_c1_keepalive_ms,0.155133
latency,4,72,http1_rust_nodelay_off_c1_keepalive_ms,0.155283
latency,4,73,http1_rust_nodelay_off_c1_keepalive_ms,0.155842
latency,4,74,http1_rust_nodelay_off_c1_keepalive_ms,0.162133
latency,4,75,http1_rust_nodelay_off_c1_keepalive_ms,0.155653
latency,4,76,http1_rust_nodelay_off_c1_keepalive_ms,0.154652
latency,4,77,http1_rust_nodelay_off_c1_keepalive_ms,0.156293
latency,4,78,http1_rust_nodelay_off_c1_keepalive_ms,0.154753
latency,4,79,http1_rust_nodelay_off_c1_keepalive_ms,0.154932
trial,4,80,http1_rust_nodelay_off_c1_median_ms,0.148032
trial,4,80,http1_rust_nodelay_off_c1_p95_ms,0.162133
trial,4,80,http1_rust_nodelay_off_c1_requests_per_second,6356.085
trial,4,80,http1_rust_nodelay_off_c1_wall_ms,12.586
summary,0,400,http1_rust_nodelay_off_c1_keepalive_ms_median,0.147523
summary,0,400,http1_rust_nodelay_off_c1_keepalive_ms_p95,0.171263
latency,0,80,http1_rust_nodelay_off_c4_keepalive_ms,40.526048
latency,0,81,http1_rust_nodelay_off_c4_keepalive_ms,0.329536
latency,0,82,http1_rust_nodelay_off_c4_keepalive_ms,0.290965
latency,0,83,http1_rust_nodelay_off_c4_keepalive_ms,0.288235
latency,0,84,http1_rust_nodelay_off_c4_keepalive_ms,0.307015
latency,0,85,http1_rust_nodelay_off_c4_keepalive_ms,0.275515
latency,0,86,http1_rust_nodelay_off_c4_keepalive_ms,0.278274
latency,0,87,http1_rust_nodelay_off_c4_keepalive_ms,0.308096
latency,0,88,http1_rust_nodelay_off_c4_keepalive_ms,0.638011
latency,0,89,http1_rust_nodelay_off_c4_keepalive_ms,0.518288
latency,0,90,http1_rust_nodelay_off_c4_keepalive_ms,0.311276
latency,0,91,http1_rust_nodelay_off_c4_keepalive_ms,0.295595
latency,0,92,http1_rust_nodelay_off_c4_keepalive_ms,0.299585
latency,0,93,http1_rust_nodelay_off_c4_keepalive_ms,0.290505
latency,0,94,http1_rust_nodelay_off_c4_keepalive_ms,0.278865
latency,0,95,http1_rust_nodelay_off_c4_keepalive_ms,0.288804
latency,0,96,http1_rust_nodelay_off_c4_keepalive_ms,0.284955
latency,0,97,http1_rust_nodelay_off_c4_keepalive_ms,0.282265
latency,0,98,http1_rust_nodelay_off_c4_keepalive_ms,0.278265
latency,0,99,http1_rust_nodelay_off_c4_keepalive_ms,5.455912
latency,0,100,http1_rust_nodelay_off_c4_keepalive_ms,0.295726
latency,0,101,http1_rust_nodelay_off_c4_keepalive_ms,0.306125
latency,0,102,http1_rust_nodelay_off_c4_keepalive_ms,0.302615
latency,0,103,http1_rust_nodelay_off_c4_keepalive_ms,0.286795
latency,0,104,http1_rust_nodelay_off_c4_keepalive_ms,0.286305
latency,0,105,http1_rust_nodelay_off_c4_keepalive_ms,0.295155
latency,0,106,http1_rust_nodelay_off_c4_keepalive_ms,0.287725
latency,0,107,http1_rust_nodelay_off_c4_keepalive_ms,0.284154
latency,0,108,http1_rust_nodelay_off_c4_keepalive_ms,0.286145
latency,0,109,http1_rust_nodelay_off_c4_keepalive_ms,0.296325
latency,0,110,http1_rust_nodelay_off_c4_keepalive_ms,0.290575
latency,0,111,http1_rust_nodelay_off_c4_keepalive_ms,0.290415
latency,0,112,http1_rust_nodelay_off_c4_keepalive_ms,0.246334
latency,0,113,http1_rust_nodelay_off_c4_keepalive_ms,0.149393
latency,0,114,http1_rust_nodelay_off_c4_keepalive_ms,0.146222
latency,0,115,http1_rust_nodelay_off_c4_keepalive_ms,0.145753
latency,0,116,http1_rust_nodelay_off_c4_keepalive_ms,0.147752
latency,0,117,http1_rust_nodelay_off_c4_keepalive_ms,0.145353
latency,0,118,http1_rust_nodelay_off_c4_keepalive_ms,0.150402
latency,0,119,http1_rust_nodelay_off_c4_keepalive_ms,0.149223
latency,0,120,http1_rust_nodelay_off_c4_keepalive_ms,0.147212
latency,0,121,http1_rust_nodelay_off_c4_keepalive_ms,0.145633
latency,0,122,http1_rust_nodelay_off_c4_keepalive_ms,0.145302
latency,0,123,http1_rust_nodelay_off_c4_keepalive_ms,0.144693
latency,0,124,http1_rust_nodelay_off_c4_keepalive_ms,0.160472
latency,0,125,http1_rust_nodelay_off_c4_keepalive_ms,0.153613
latency,0,126,http1_rust_nodelay_off_c4_keepalive_ms,0.157023
latency,0,127,http1_rust_nodelay_off_c4_keepalive_ms,0.147022
latency,0,128,http1_rust_nodelay_off_c4_keepalive_ms,0.145113
latency,0,129,http1_rust_nodelay_off_c4_keepalive_ms,0.145132
latency,0,130,http1_rust_nodelay_off_c4_keepalive_ms,0.144803
latency,0,131,http1_rust_nodelay_off_c4_keepalive_ms,0.146902
latency,0,132,http1_rust_nodelay_off_c4_keepalive_ms,3.169954
latency,0,133,http1_rust_nodelay_off_c4_keepalive_ms,0.153063
latency,0,134,http1_rust_nodelay_off_c4_keepalive_ms,0.146442
latency,0,135,http1_rust_nodelay_off_c4_keepalive_ms,0.145963
latency,0,136,http1_rust_nodelay_off_c4_keepalive_ms,0.148242
latency,0,137,http1_rust_nodelay_off_c4_keepalive_ms,0.145973
latency,0,138,http1_rust_nodelay_off_c4_keepalive_ms,0.146672
latency,0,139,http1_rust_nodelay_off_c4_keepalive_ms,0.156083
latency,0,140,http1_rust_nodelay_off_c4_keepalive_ms,0.148732
latency,0,141,http1_rust_nodelay_off_c4_keepalive_ms,0.146033
latency,0,142,http1_rust_nodelay_off_c4_keepalive_ms,0.146352
latency,0,143,http1_rust_nodelay_off_c4_keepalive_ms,0.146313
latency,0,144,http1_rust_nodelay_off_c4_keepalive_ms,0.148722
latency,0,145,http1_rust_nodelay_off_c4_keepalive_ms,0.155513
latency,0,146,http1_rust_nodelay_off_c4_keepalive_ms,0.149262
latency,0,147,http1_rust_nodelay_off_c4_keepalive_ms,0.148523
latency,0,148,http1_rust_nodelay_off_c4_keepalive_ms,0.146382
latency,0,149,http1_rust_nodelay_off_c4_keepalive_ms,0.146223
latency,0,150,http1_rust_nodelay_off_c4_keepalive_ms,0.146322
latency,0,151,http1_rust_nodelay_off_c4_keepalive_ms,0.156183
latency,0,152,http1_rust_nodelay_off_c4_keepalive_ms,0.208873
latency,0,153,http1_rust_nodelay_off_c4_keepalive_ms,0.294415
latency,0,154,http1_rust_nodelay_off_c4_keepalive_ms,0.147503
latency,0,155,http1_rust_nodelay_off_c4_keepalive_ms,0.149983
latency,0,156,http1_rust_nodelay_off_c4_keepalive_ms,0.147292
latency,0,157,http1_rust_nodelay_off_c4_keepalive_ms,0.153783
latency,0,158,http1_rust_nodelay_off_c4_keepalive_ms,0.148422
latency,0,159,http1_rust_nodelay_off_c4_keepalive_ms,0.145713
latency,0,240,http1_rust_nodelay_off_c4_keepalive_ms,42.669295
latency,0,241,http1_rust_nodelay_off_c4_keepalive_ms,0.616820
latency,0,242,http1_rust_nodelay_off_c4_keepalive_ms,0.516869
latency,0,243,http1_rust_nodelay_off_c4_keepalive_ms,0.310605
latency,0,244,http1_rust_nodelay_off_c4_keepalive_ms,0.295335
latency,0,245,http1_rust_nodelay_off_c4_keepalive_ms,0.301195
latency,0,246,http1_rust_nodelay_off_c4_keepalive_ms,0.288915
latency,0,247,http1_rust_nodelay_off_c4_keepalive_ms,0.280265
latency,0,248,http1_rust_nodelay_off_c4_keepalive_ms,0.290795
latency,0,249,http1_rust_nodelay_off_c4_keepalive_ms,0.281855
latency,0,250,http1_rust_nodelay_off_c4_keepalive_ms,0.281955
latency,0,251,http1_rust_nodelay_off_c4_keepalive_ms,0.278444
latency,0,252,http1_rust_nodelay_off_c4_keepalive_ms,0.221164
latency,0,253,http1_rust_nodelay_off_c4_keepalive_ms,0.153073
latency,0,254,http1_rust_nodelay_off_c4_keepalive_ms,0.156452
latency,0,255,http1_rust_nodelay_off_c4_keepalive_ms,0.151203
latency,0,256,http1_rust_nodelay_off_c4_keepalive_ms,0.146032
latency,0,257,http1_rust_nodelay_off_c4_keepalive_ms,0.147573
latency,0,258,http1_rust_nodelay_off_c4_keepalive_ms,0.153952
latency,0,259,http1_rust_nodelay_off_c4_keepalive_ms,0.148393
latency,0,260,http1_rust_nodelay_off_c4_keepalive_ms,0.146352
latency,0,261,http1_rust_nodelay_off_c4_keepalive_ms,0.147763
latency,0,262,http1_rust_nodelay_off_c4_keepalive_ms,0.145052
latency,0,263,http1_rust_nodelay_off_c4_keepalive_ms,0.144993
latency,0,264,http1_rust_nodelay_off_c4_keepalive_ms,0.145562
latency,0,265,http1_rust_nodelay_off_c4_keepalive_ms,0.156473
latency,0,266,http1_rust_nodelay_off_c4_keepalive_ms,0.147512
latency,0,267,http1_rust_nodelay_off_c4_keepalive_ms,0.145063
latency,0,268,http1_rust_nodelay_off_c4_keepalive_ms,0.147212
latency,0,269,http1_rust_nodelay_off_c4_keepalive_ms,0.145333
latency,0,270,http1_rust_nodelay_off_c4_keepalive_ms,0.145212
latency,0,271,http1_rust_nodelay_off_c4_keepalive_ms,0.144473
latency,0,272,http1_rust_nodelay_off_c4_keepalive_ms,9.177406
latency,0,273,http1_rust_nodelay_off_c4_keepalive_ms,0.169933
latency,0,274,http1_rust_nodelay_off_c4_keepalive_ms,0.162012
latency,0,275,http1_rust_nodelay_off_c4_keepalive_ms,0.147153
latency,0,276,http1_rust_nodelay_off_c4_keepalive_ms,0.147753
latency,0,277,http1_rust_nodelay_off_c4_keepalive_ms,0.145342
latency,0,278,http1_rust_nodelay_off_c4_keepalive_ms,0.153023
latency,0,279,http1_rust_nodelay_off_c4_keepalive_ms,0.154762
latency,0,280,http1_rust_nodelay_off_c4_keepalive_ms,0.148063
latency,0,281,http1_rust_nodelay_off_c4_keepalive_ms,0.146092
latency,0,282,http1_rust_nodelay_off_c4_keepalive_ms,0.145663
latency,0,283,http1_rust_nodelay_off_c4_keepalive_ms,0.148752
latency,0,284,http1_rust_nodelay_off_c4_keepalive_ms,0.146463
latency,0,285,http1_rust_nodelay_off_c4_keepalive_ms,0.155272
latency,0,286,http1_rust_nodelay_off_c4_keepalive_ms,0.146083
latency,0,287,http1_rust_nodelay_off_c4_keepalive_ms,0.147562
latency,0,288,http1_rust_nodelay_off_c4_keepalive_ms,0.145483
latency,0,289,http1_rust_nodelay_off_c4_keepalive_ms,0.145772
latency,0,290,http1_rust_nodelay_off_c4_keepalive_ms,0.146103
latency,0,291,http1_rust_nodelay_off_c4_keepalive_ms,4.911743
latency,0,292,http1_rust_nodelay_off_c4_keepalive_ms,0.198914
latency,0,293,http1_rust_nodelay_off_c4_keepalive_ms,0.160132
latency,0,294,http1_rust_nodelay_off_c4_keepalive_ms,0.152623
latency,0,295,http1_rust_nodelay_off_c4_keepalive_ms,0.148152
latency,0,296,http1_rust_nodelay_off_c4_keepalive_ms,0.146523
latency,0,297,http1_rust_nodelay_off_c4_keepalive_ms,0.147582
latency,0,298,http1_rust_nodelay_off_c4_keepalive_ms,0.147973
latency,0,299,http1_rust_nodelay_off_c4_keepalive_ms,0.153773
latency,0,300,http1_rust_nodelay_off_c4_keepalive_ms,0.149662
latency,0,301,http1_rust_nodelay_off_c4_keepalive_ms,0.145853
latency,0,302,http1_rust_nodelay_off_c4_keepalive_ms,0.147632
latency,0,303,http1_rust_nodelay_off_c4_keepalive_ms,0.146463
latency,0,304,http1_rust_nodelay_off_c4_keepalive_ms,0.145262
latency,0,305,http1_rust_nodelay_off_c4_keepalive_ms,0.145373
latency,0,306,http1_rust_nodelay_off_c4_keepalive_ms,0.155702
latency,0,307,http1_rust_nodelay_off_c4_keepalive_ms,0.148043
latency,0,308,http1_rust_nodelay_off_c4_keepalive_ms,0.145542
latency,0,309,http1_rust_nodelay_off_c4_keepalive_ms,0.145533
latency,0,310,http1_rust_nodelay_off_c4_keepalive_ms,0.149402
latency,0,311,http1_rust_nodelay_off_c4_keepalive_ms,0.145883
latency,0,312,http1_rust_nodelay_off_c4_keepalive_ms,0.145992
latency,0,313,http1_rust_nodelay_off_c4_keepalive_ms,3.160844
latency,0,314,http1_rust_nodelay_off_c4_keepalive_ms,0.148902
latency,0,315,http1_rust_nodelay_off_c4_keepalive_ms,0.152903
latency,0,316,http1_rust_nodelay_off_c4_keepalive_ms,0.146172
latency,0,317,http1_rust_nodelay_off_c4_keepalive_ms,0.147893
latency,0,318,http1_rust_nodelay_off_c4_keepalive_ms,0.146432
latency,0,319,http1_rust_nodelay_off_c4_keepalive_ms,0.146273
latency,0,0,http1_rust_nodelay_off_c4_keepalive_ms,40.534869
latency,0,1,http1_rust_nodelay_off_c4_keepalive_ms,0.342935
latency,0,2,http1_rust_nodelay_off_c4_keepalive_ms,0.290795
latency,0,3,http1_rust_nodelay_off_c4_keepalive_ms,0.296395
latency,0,4,http1_rust_nodelay_off_c4_keepalive_ms,0.298346
latency,0,5,http1_rust_nodelay_off_c4_keepalive_ms,0.275354
latency,0,6,http1_rust_nodelay_off_c4_keepalive_ms,0.278495
latency,0,7,http1_rust_nodelay_off_c4_keepalive_ms,0.362696
latency,0,8,http1_rust_nodelay_off_c4_keepalive_ms,0.616401
latency,0,9,http1_rust_nodelay_off_c4_keepalive_ms,0.387966
latency,0,10,http1_rust_nodelay_off_c4_keepalive_ms,5.903540
latency,0,11,http1_rust_nodelay_off_c4_keepalive_ms,0.161843
latency,0,12,http1_rust_nodelay_off_c4_keepalive_ms,0.156953
latency,0,13,http1_rust_nodelay_off_c4_keepalive_ms,0.156723
latency,0,14,http1_rust_nodelay_off_c4_keepalive_ms,0.157542
latency,0,15,http1_rust_nodelay_off_c4_keepalive_ms,0.161453
latency,0,16,http1_rust_nodelay_off_c4_keepalive_ms,0.160993
latency,0,17,http1_rust_nodelay_off_c4_keepalive_ms,0.156862
latency,0,18,http1_rust_nodelay_off_c4_keepalive_ms,0.156633
latency,0,19,http1_rust_nodelay_off_c4_keepalive_ms,0.155533
latency,0,20,http1_rust_nodelay_off_c4_keepalive_ms,0.154742
latency,0,21,http1_rust_nodelay_off_c4_keepalive_ms,0.156763
latency,0,22,http1_rust_nodelay_off_c4_keepalive_ms,0.162543
latency,0,23,http1_rust_nodelay_off_c4_keepalive_ms,0.159153
latency,0,24,http1_rust_nodelay_off_c4_keepalive_ms,0.257154
latency,0,25,http1_rust_nodelay_off_c4_keepalive_ms,0.307995
latency,0,26,http1_rust_nodelay_off_c4_keepalive_ms,0.302245
latency,0,27,http1_rust_nodelay_off_c4_keepalive_ms,0.291645
latency,0,28,http1_rust_nodelay_off_c4_keepalive_ms,0.285495
latency,0,29,http1_rust_nodelay_off_c4_keepalive_ms,0.286835
latency,0,30,http1_rust_nodelay_off_c4_keepalive_ms,0.295525
latency,0,31,http1_rust_nodelay_off_c4_keepalive_ms,0.287205
latency,0,32,http1_rust_nodelay_off_c4_keepalive_ms,0.283495
latency,0,33,http1_rust_nodelay_off_c4_keepalive_ms,0.295595
latency,0,34,http1_rust_nodelay_off_c4_keepalive_ms,0.324755
latency,0,35,http1_rust_nodelay_off_c4_keepalive_ms,0.290595
latency,0,36,http1_rust_nodelay_off_c4_keepalive_ms,9.316378
latency,0,37,http1_rust_nodelay_off_c4_keepalive_ms,0.297665
latency,0,38,http1_rust_nodelay_off_c4_keepalive_ms,4.821883
latency,0,39,http1_rust_nodelay_off_c4_keepalive_ms,0.154282
latency,0,40,http1_rust_nodelay_off_c4_keepalive_ms,0.147633
latency,0,41,http1_rust_nodelay_off_c4_keepalive_ms,0.146202
latency,0,42,http1_rust_nodelay_off_c4_keepalive_ms,0.148242
latency,0,43,http1_rust_nodelay_off_c4_keepalive_ms,0.146103
latency,0,44,http1_rust_nodelay_off_c4_keepalive_ms,0.151762
latency,0,45,http1_rust_nodelay_off_c4_keepalive_ms,0.148453
latency,0,46,http1_rust_nodelay_off_c4_keepalive_ms,0.148092
latency,0,47,http1_rust_nodelay_off_c4_keepalive_ms,0.146463
latency,0,48,http1_rust_nodelay_off_c4_keepalive_ms,0.145322
latency,0,49,http1_rust_nodelay_off_c4_keepalive_ms,0.145383
latency,0,50,http1_rust_nodelay_off_c4_keepalive_ms,0.147672
latency,0,51,http1_rust_nodelay_off_c4_keepalive_ms,0.154603
latency,0,52,http1_rust_nodelay_off_c4_keepalive_ms,0.147973
latency,0,53,http1_rust_nodelay_off_c4_keepalive_ms,0.147762
latency,0,54,http1_rust_nodelay_off_c4_keepalive_ms,0.145533
latency,0,55,http1_rust_nodelay_off_c4_keepalive_ms,0.145852
latency,0,56,http1_rust_nodelay_off_c4_keepalive_ms,0.145633
latency,0,57,http1_rust_nodelay_off_c4_keepalive_ms,0.153742
latency,0,58,http1_rust_nodelay_off_c4_keepalive_ms,1.624818
latency,0,59,http1_rust_nodelay_off_c4_keepalive_ms,0.177443
latency,0,60,http1_rust_nodelay_off_c4_keepalive_ms,0.163963
latency,0,61,http1_rust_nodelay_off_c4_keepalive_ms,0.170803
latency,0,62,http1_rust_nodelay_off_c4_keepalive_ms,0.152642
latency,0,63,http1_rust_nodelay_off_c4_keepalive_ms,0.147273
latency,0,64,http1_rust_nodelay_off_c4_keepalive_ms,0.146452
latency,0,65,http1_rust_nodelay_off_c4_keepalive_ms,0.147013
latency,0,66,http1_rust_nodelay_off_c4_keepalive_ms,0.148142
latency,0,67,http1_rust_nodelay_off_c4_keepalive_ms,0.146933
latency,0,68,http1_rust_nodelay_off_c4_keepalive_ms,0.155992
latency,0,69,http1_rust_nodelay_off_c4_keepalive_ms,0.147703
latency,0,70,http1_rust_nodelay_off_c4_keepalive_ms,0.149442
latency,0,71,http1_rust_nodelay_off_c4_keepalive_ms,0.146623
latency,0,72,http1_rust_nodelay_off_c4_keepalive_ms,0.153463
latency,0,73,http1_rust_nodelay_off_c4_keepalive_ms,0.147252
latency,0,74,http1_rust_nodelay_off_c4_keepalive_ms,0.156243
latency,0,75,http1_rust_nodelay_off_c4_keepalive_ms,0.149732
latency,0,76,http1_rust_nodelay_off_c4_keepalive_ms,0.146923
latency,0,77,http1_rust_nodelay_off_c4_keepalive_ms,0.148562
latency,0,78,http1_rust_nodelay_off_c4_keepalive_ms,0.160483
latency,0,79,http1_rust_nodelay_off_c4_keepalive_ms,0.146213
latency,0,160,http1_rust_nodelay_off_c4_keepalive_ms,0.673712
latency,0,161,http1_rust_nodelay_off_c4_keepalive_ms,41.927242
latency,0,162,http1_rust_nodelay_off_c4_keepalive_ms,41.869221
latency,0,163,http1_rust_nodelay_off_c4_keepalive_ms,0.164713
latency,0,164,http1_rust_nodelay_off_c4_keepalive_ms,0.148593
latency,0,165,http1_rust_nodelay_off_c4_keepalive_ms,0.146522
latency,0,166,http1_rust_nodelay_off_c4_keepalive_ms,0.147593
latency,0,167,http1_rust_nodelay_off_c4_keepalive_ms,0.151782
latency,0,168,http1_rust_nodelay_off_c4_keepalive_ms,0.145313
latency,0,169,http1_rust_nodelay_off_c4_keepalive_ms,0.154192
latency,0,170,http1_rust_nodelay_off_c4_keepalive_ms,0.151313
latency,0,171,http1_rust_nodelay_off_c4_keepalive_ms,0.145602
latency,0,172,http1_rust_nodelay_off_c4_keepalive_ms,0.145193
latency,0,173,http1_rust_nodelay_off_c4_keepalive_ms,0.144282
latency,0,174,http1_rust_nodelay_off_c4_keepalive_ms,0.146233
latency,0,175,http1_rust_nodelay_off_c4_keepalive_ms,0.146512
latency,0,176,http1_rust_nodelay_off_c4_keepalive_ms,0.151823
latency,0,177,http1_rust_nodelay_off_c4_keepalive_ms,0.147252
latency,0,178,http1_rust_nodelay_off_c4_keepalive_ms,0.153083
latency,0,179,http1_rust_nodelay_off_c4_keepalive_ms,0.144872
latency,0,180,http1_rust_nodelay_off_c4_keepalive_ms,0.144973
latency,0,181,http1_rust_nodelay_off_c4_keepalive_ms,0.146782
latency,0,182,http1_rust_nodelay_off_c4_keepalive_ms,0.144833
latency,0,183,http1_rust_nodelay_off_c4_keepalive_ms,0.157142
latency,0,184,http1_rust_nodelay_off_c4_keepalive_ms,0.145003
latency,0,185,http1_rust_nodelay_off_c4_keepalive_ms,0.147282
latency,0,186,http1_rust_nodelay_off_c4_keepalive_ms,0.144933
latency,0,187,http1_rust_nodelay_off_c4_keepalive_ms,0.144772
latency,0,188,http1_rust_nodelay_off_c4_keepalive_ms,0.144803
latency,0,189,http1_rust_nodelay_off_c4_keepalive_ms,0.154172
latency,0,190,http1_rust_nodelay_off_c4_keepalive_ms,0.147333
latency,0,191,http1_rust_nodelay_off_c4_keepalive_ms,0.144572
latency,0,192,http1_rust_nodelay_off_c4_keepalive_ms,0.146943
latency,0,193,http1_rust_nodelay_off_c4_keepalive_ms,0.145552
latency,0,194,http1_rust_nodelay_off_c4_keepalive_ms,0.144703
latency,0,195,http1_rust_nodelay_off_c4_keepalive_ms,0.145192
latency,0,196,http1_rust_nodelay_off_c4_keepalive_ms,0.155443
latency,0,197,http1_rust_nodelay_off_c4_keepalive_ms,0.154363
latency,0,198,http1_rust_nodelay_off_c4_keepalive_ms,0.145182
latency,0,199,http1_rust_nodelay_off_c4_keepalive_ms,0.146283
latency,0,200,http1_rust_nodelay_off_c4_keepalive_ms,0.147362
latency,0,201,http1_rust_nodelay_off_c4_keepalive_ms,0.145383
latency,0,202,http1_rust_nodelay_off_c4_keepalive_ms,0.145602
latency,0,203,http1_rust_nodelay_off_c4_keepalive_ms,0.158553
latency,0,204,http1_rust_nodelay_off_c4_keepalive_ms,0.149142
latency,0,205,http1_rust_nodelay_off_c4_keepalive_ms,0.145563
latency,0,206,http1_rust_nodelay_off_c4_keepalive_ms,0.144762
latency,0,207,http1_rust_nodelay_off_c4_keepalive_ms,0.147623
latency,0,208,http1_rust_nodelay_off_c4_keepalive_ms,0.145202
latency,0,209,http1_rust_nodelay_off_c4_keepalive_ms,0.145303
latency,0,210,http1_rust_nodelay_off_c4_keepalive_ms,0.156492
latency,0,211,http1_rust_nodelay_off_c4_keepalive_ms,0.147983
latency,0,212,http1_rust_nodelay_off_c4_keepalive_ms,0.145882
latency,0,213,http1_rust_nodelay_off_c4_keepalive_ms,0.145213
latency,0,214,http1_rust_nodelay_off_c4_keepalive_ms,0.145392
latency,0,215,http1_rust_nodelay_off_c4_keepalive_ms,0.147293
latency,0,216,http1_rust_nodelay_off_c4_keepalive_ms,0.152292
latency,0,217,http1_rust_nodelay_off_c4_keepalive_ms,0.155533
latency,0,218,http1_rust_nodelay_off_c4_keepalive_ms,0.152433
latency,0,219,http1_rust_nodelay_off_c4_keepalive_ms,0.147242
latency,0,220,http1_rust_nodelay_off_c4_keepalive_ms,0.145712
latency,0,221,http1_rust_nodelay_off_c4_keepalive_ms,0.145283
latency,0,222,http1_rust_nodelay_off_c4_keepalive_ms,0.146802
latency,0,223,http1_rust_nodelay_off_c4_keepalive_ms,0.154023
latency,0,224,http1_rust_nodelay_off_c4_keepalive_ms,0.147332
latency,0,225,http1_rust_nodelay_off_c4_keepalive_ms,0.145513
latency,0,226,http1_rust_nodelay_off_c4_keepalive_ms,0.147132
latency,0,227,http1_rust_nodelay_off_c4_keepalive_ms,0.145273
latency,0,228,http1_rust_nodelay_off_c4_keepalive_ms,0.146022
latency,0,229,http1_rust_nodelay_off_c4_keepalive_ms,0.144973
latency,0,230,http1_rust_nodelay_off_c4_keepalive_ms,0.154002
latency,0,231,http1_rust_nodelay_off_c4_keepalive_ms,0.146143
latency,0,232,http1_rust_nodelay_off_c4_keepalive_ms,0.145792
latency,0,233,http1_rust_nodelay_off_c4_keepalive_ms,0.147863
latency,0,234,http1_rust_nodelay_off_c4_keepalive_ms,0.145912
latency,0,235,http1_rust_nodelay_off_c4_keepalive_ms,0.152123
latency,0,236,http1_rust_nodelay_off_c4_keepalive_ms,0.145142
latency,0,237,http1_rust_nodelay_off_c4_keepalive_ms,0.157913
latency,0,238,http1_rust_nodelay_off_c4_keepalive_ms,0.146143
latency,0,239,http1_rust_nodelay_off_c4_keepalive_ms,0.145452
trial,0,320,http1_rust_nodelay_off_c4_median_ms,0.148902
trial,0,320,http1_rust_nodelay_off_c4_p95_ms,0.616820
trial,0,320,http1_rust_nodelay_off_c4_requests_per_second,3321.317
trial,0,320,http1_rust_nodelay_off_c4_wall_ms,96.347
latency,1,240,http1_rust_nodelay_off_c4_keepalive_ms,0.548899
latency,1,241,http1_rust_nodelay_off_c4_keepalive_ms,0.629081
latency,1,242,http1_rust_nodelay_off_c4_keepalive_ms,0.594920
latency,1,243,http1_rust_nodelay_off_c4_keepalive_ms,0.604661
latency,1,244,http1_rust_nodelay_off_c4_keepalive_ms,0.610000
latency,1,245,http1_rust_nodelay_off_c4_keepalive_ms,0.545159
latency,1,246,http1_rust_nodelay_off_c4_keepalive_ms,0.504119
latency,1,247,http1_rust_nodelay_off_c4_keepalive_ms,6.100073
latency,1,248,http1_rust_nodelay_off_c4_keepalive_ms,0.174783
latency,1,249,http1_rust_nodelay_off_c4_keepalive_ms,0.169743
latency,1,250,http1_rust_nodelay_off_c4_keepalive_ms,0.150173
latency,1,251,http1_rust_nodelay_off_c4_keepalive_ms,0.146442
latency,1,252,http1_rust_nodelay_off_c4_keepalive_ms,0.147603
latency,1,253,http1_rust_nodelay_off_c4_keepalive_ms,0.145322
latency,1,254,http1_rust_nodelay_off_c4_keepalive_ms,0.159033
latency,1,255,http1_rust_nodelay_off_c4_keepalive_ms,0.145713
latency,1,256,http1_rust_nodelay_off_c4_keepalive_ms,0.147942
latency,1,257,http1_rust_nodelay_off_c4_keepalive_ms,0.145133
latency,1,258,http1_rust_nodelay_off_c4_keepalive_ms,0.145482
latency,1,259,http1_rust_nodelay_off_c4_keepalive_ms,0.145143
latency,1,260,http1_rust_nodelay_off_c4_keepalive_ms,0.155052
latency,1,261,http1_rust_nodelay_off_c4_keepalive_ms,0.147803
latency,1,262,http1_rust_nodelay_off_c4_keepalive_ms,0.154072
latency,1,263,http1_rust_nodelay_off_c4_keepalive_ms,0.147343
latency,1,264,http1_rust_nodelay_off_c4_keepalive_ms,0.146152
latency,1,265,http1_rust_nodelay_off_c4_keepalive_ms,0.145823
latency,1,266,http1_rust_nodelay_off_c4_keepalive_ms,0.145702
latency,1,267,http1_rust_nodelay_off_c4_keepalive_ms,9.217767
latency,1,268,http1_rust_nodelay_off_c4_keepalive_ms,0.154292
latency,1,269,http1_rust_nodelay_off_c4_keepalive_ms,0.150083
latency,1,270,http1_rust_nodelay_off_c4_keepalive_ms,0.148242
latency,1,271,http1_rust_nodelay_off_c4_keepalive_ms,0.146923
latency,1,272,http1_rust_nodelay_off_c4_keepalive_ms,0.146992
latency,1,273,http1_rust_nodelay_off_c4_keepalive_ms,0.155323
latency,1,274,http1_rust_nodelay_off_c4_keepalive_ms,0.149602
latency,1,275,http1_rust_nodelay_off_c4_keepalive_ms,0.146843
latency,1,276,http1_rust_nodelay_off_c4_keepalive_ms,0.147032
latency,1,277,http1_rust_nodelay_off_c4_keepalive_ms,0.148753
latency,1,278,http1_rust_nodelay_off_c4_keepalive_ms,0.146703
latency,1,279,http1_rust_nodelay_off_c4_keepalive_ms,0.146512
latency,1,280,http1_rust_nodelay_off_c4_keepalive_ms,0.152913
latency,1,281,http1_rust_nodelay_off_c4_keepalive_ms,0.150322
latency,1,282,http1_rust_nodelay_off_c4_keepalive_ms,0.146153
latency,1,283,http1_rust_nodelay_off_c4_keepalive_ms,0.146172
latency,1,284,http1_rust_nodelay_off_c4_keepalive_ms,0.148243
latency,1,285,http1_rust_nodelay_off_c4_keepalive_ms,0.146862
latency,1,286,http1_rust_nodelay_off_c4_keepalive_ms,0.146523
latency,1,287,http1_rust_nodelay_off_c4_keepalive_ms,3.398888
latency,1,288,http1_rust_nodelay_off_c4_keepalive_ms,0.459527
latency,1,289,http1_rust_nodelay_off_c4_keepalive_ms,0.395017
latency,1,290,http1_rust_nodelay_off_c4_keepalive_ms,0.454108
latency,1,291,http1_rust_nodelay_off_c4_keepalive_ms,0.462438
latency,1,292,http1_rust_nodelay_off_c4_keepalive_ms,0.364906
latency,1,293,http1_rust_nodelay_off_c4_keepalive_ms,0.446817
latency,1,294,http1_rust_nodelay_off_c4_keepalive_ms,0.316796
latency,1,295,http1_rust_nodelay_off_c4_keepalive_ms,0.287075
latency,1,296,http1_rust_nodelay_off_c4_keepalive_ms,0.287454
latency,1,297,http1_rust_nodelay_off_c4_keepalive_ms,0.326056
latency,1,298,http1_rust_nodelay_off_c4_keepalive_ms,0.286655
latency,1,299,http1_rust_nodelay_off_c4_keepalive_ms,0.290805
latency,1,300,http1_rust_nodelay_off_c4_keepalive_ms,0.302565
latency,1,301,http1_rust_nodelay_off_c4_keepalive_ms,0.289535
latency,1,302,http1_rust_nodelay_off_c4_keepalive_ms,0.334056
latency,1,303,http1_rust_nodelay_off_c4_keepalive_ms,0.294105
latency,1,304,http1_rust_nodelay_off_c4_keepalive_ms,0.183903
latency,1,305,http1_rust_nodelay_off_c4_keepalive_ms,0.146882
latency,1,306,http1_rust_nodelay_off_c4_keepalive_ms,0.146123
latency,1,307,http1_rust_nodelay_off_c4_keepalive_ms,0.145802
latency,1,308,http1_rust_nodelay_off_c4_keepalive_ms,0.148213
latency,1,309,http1_rust_nodelay_off_c4_keepalive_ms,0.145272
latency,1,310,http1_rust_nodelay_off_c4_keepalive_ms,0.159163
latency,1,311,http1_rust_nodelay_off_c4_keepalive_ms,0.155123
latency,1,312,http1_rust_nodelay_off_c4_keepalive_ms,0.146172
latency,1,313,http1_rust_nodelay_off_c4_keepalive_ms,0.145553
latency,1,314,http1_rust_nodelay_off_c4_keepalive_ms,0.145652
latency,1,315,http1_rust_nodelay_off_c4_keepalive_ms,0.147673
latency,1,316,http1_rust_nodelay_off_c4_keepalive_ms,0.146072
latency,1,317,http1_rust_nodelay_off_c4_keepalive_ms,0.176483
latency,1,318,http1_rust_nodelay_off_c4_keepalive_ms,0.155663
latency,1,319,http1_rust_nodelay_off_c4_keepalive_ms,0.147722
latency,1,0,http1_rust_nodelay_off_c4_keepalive_ms,0.587800
latency,1,1,http1_rust_nodelay_off_c4_keepalive_ms,0.612291
latency,1,2,http1_rust_nodelay_off_c4_keepalive_ms,0.595110
latency,1,3,http1_rust_nodelay_off_c4_keepalive_ms,0.604490
latency,1,4,http1_rust_nodelay_off_c4_keepalive_ms,0.608781
latency,1,5,http1_rust_nodelay_off_c4_keepalive_ms,0.546359
latency,1,6,http1_rust_nodelay_off_c4_keepalive_ms,0.408077
latency,1,7,http1_rust_nodelay_off_c4_keepalive_ms,0.458068
latency,1,8,http1_rust_nodelay_off_c4_keepalive_ms,0.317855
latency,1,9,http1_rust_nodelay_off_c4_keepalive_ms,0.294155
latency,1,10,http1_rust_nodelay_off_c4_keepalive_ms,0.298045
latency,1,11,http1_rust_nodelay_off_c4_keepalive_ms,0.285385
latency,1,12,http1_rust_nodelay_off_c4_keepalive_ms,0.284665
latency,1,13,http1_rust_nodelay_off_c4_keepalive_ms,0.294495
latency,1,14,http1_rust_nodelay_off_c4_keepalive_ms,0.286215
latency,1,15,http1_rust_nodelay_off_c4_keepalive_ms,0.313725
latency,1,16,http1_rust_nodelay_off_c4_keepalive_ms,9.294638
latency,1,17,http1_rust_nodelay_off_c4_keepalive_ms,0.151992
latency,1,18,http1_rust_nodelay_off_c4_keepalive_ms,0.147053
latency,1,19,http1_rust_nodelay_off_c4_keepalive_ms,0.145952
latency,1,20,http1_rust_nodelay_off_c4_keepalive_ms,0.147573
latency,1,21,http1_rust_nodelay_off_c4_keepalive_ms,0.145622
latency,1,22,http1_rust_nodelay_off_c4_keepalive_ms,0.167123
latency,1,23,http1_rust_nodelay_off_c4_keepalive_ms,0.153203
latency,1,24,http1_rust_nodelay_off_c4_keepalive_ms,0.149222
latency,1,25,http1_rust_nodelay_off_c4_keepalive_ms,0.145813
latency,1,26,http1_rust_nodelay_off_c4_keepalive_ms,0.145712
latency,1,27,http1_rust_nodelay_off_c4_keepalive_ms,0.145383
latency,1,28,http1_rust_nodelay_off_c4_keepalive_ms,0.147722
latency,1,29,http1_rust_nodelay_off_c4_keepalive_ms,0.145583
latency,1,30,http1_rust_nodelay_off_c4_keepalive_ms,0.152732
latency,1,31,http1_rust_nodelay_off_c4_keepalive_ms,0.148313
latency,1,32,http1_rust_nodelay_off_c4_keepalive_ms,0.152562
latency,1,33,http1_rust_nodelay_off_c4_keepalive_ms,0.145193
latency,1,34,http1_rust_nodelay_off_c4_keepalive_ms,0.144932
latency,1,35,http1_rust_nodelay_off_c4_keepalive_ms,0.147003
latency,1,36,http1_rust_nodelay_off_c4_keepalive_ms,6.152614
latency,1,37,http1_rust_nodelay_off_c4_keepalive_ms,0.151513
latency,1,38,http1_rust_nodelay_off_c4_keepalive_ms,0.146702
latency,1,39,http1_rust_nodelay_off_c4_keepalive_ms,0.148133
latency,1,40,http1_rust_nodelay_off_c4_keepalive_ms,0.145742
latency,1,41,http1_rust_nodelay_off_c4_keepalive_ms,0.145853
latency,1,42,http1_rust_nodelay_off_c4_keepalive_ms,0.145722
latency,1,43,http1_rust_nodelay_off_c4_keepalive_ms,0.154523
latency,1,44,http1_rust_nodelay_off_c4_keepalive_ms,0.148383
latency,1,45,http1_rust_nodelay_off_c4_keepalive_ms,0.145312
latency,1,46,http1_rust_nodelay_off_c4_keepalive_ms,0.147473
latency,1,47,http1_rust_nodelay_off_c4_keepalive_ms,0.145292
latency,1,48,http1_rust_nodelay_off_c4_keepalive_ms,0.144963
latency,1,49,http1_rust_nodelay_off_c4_keepalive_ms,0.144972
latency,1,50,http1_rust_nodelay_off_c4_keepalive_ms,0.154653
latency,1,51,http1_rust_nodelay_off_c4_keepalive_ms,0.155892
latency,1,52,http1_rust_nodelay_off_c4_keepalive_ms,0.144633
latency,1,53,http1_rust_nodelay_off_c4_keepalive_ms,0.144812
latency,1,54,http1_rust_nodelay_off_c4_keepalive_ms,0.146943
latency,1,55,http1_rust_nodelay_off_c4_keepalive_ms,0.145112
latency,1,56,http1_rust_nodelay_off_c4_keepalive_ms,0.144663
latency,1,57,http1_rust_nodelay_off_c4_keepalive_ms,9.049973
latency,1,58,http1_rust_nodelay_off_c4_keepalive_ms,0.299645
latency,1,59,http1_rust_nodelay_off_c4_keepalive_ms,0.304856
latency,1,60,http1_rust_nodelay_off_c4_keepalive_ms,0.302325
latency,1,61,http1_rust_nodelay_off_c4_keepalive_ms,0.300495
latency,1,62,http1_rust_nodelay_off_c4_keepalive_ms,0.288345
latency,1,63,http1_rust_nodelay_off_c4_keepalive_ms,0.285224
latency,1,64,http1_rust_nodelay_off_c4_keepalive_ms,0.292585
latency,1,65,http1_rust_nodelay_off_c4_keepalive_ms,0.290265
latency,1,66,http1_rust_nodelay_off_c4_keepalive_ms,0.285135
latency,1,67,http1_rust_nodelay_off_c4_keepalive_ms,0.286375
latency,1,68,http1_rust_nodelay_off_c4_keepalive_ms,0.181193
latency,1,69,http1_rust_nodelay_off_c4_keepalive_ms,0.149773
latency,1,70,http1_rust_nodelay_off_c4_keepalive_ms,0.147242
latency,1,71,http1_rust_nodelay_off_c4_keepalive_ms,0.147343
latency,1,72,http1_rust_nodelay_off_c4_keepalive_ms,0.147792
latency,1,73,http1_rust_nodelay_off_c4_keepalive_ms,0.145653
latency,1,74,http1_rust_nodelay_off_c4_keepalive_ms,0.151922
latency,1,75,http1_rust_nodelay_off_c4_keepalive_ms,0.149963
latency,1,76,http1_rust_nodelay_off_c4_keepalive_ms,0.147872
latency,1,77,http1_rust_nodelay_off_c4_keepalive_ms,0.145573
latency,1,78,http1_rust_nodelay_off_c4_keepalive_ms,0.144982
latency,1,79,http1_rust_nodelay_off_c4_keepalive_ms,0.145373
latency,1,160,http1_rust_nodelay_off_c4_keepalive_ms,0.615461
latency,1,161,http1_rust_nodelay_off_c4_keepalive_ms,0.606730
latency,1,162,http1_rust_nodelay_off_c4_keepalive_ms,0.594950
latency,1,163,http1_rust_nodelay_off_c4_keepalive_ms,0.607041
latency,1,164,http1_rust_nodelay_off_c4_keepalive_ms,0.408587
latency,1,165,http1_rust_nodelay_off_c4_keepalive_ms,0.608110
latency,1,166,http1_rust_nodelay_off_c4_keepalive_ms,0.379707
latency,1,167,http1_rust_nodelay_off_c4_keepalive_ms,0.501848
latency,1,168,http1_rust_nodelay_off_c4_keepalive_ms,0.342876
latency,1,169,http1_rust_nodelay_off_c4_keepalive_ms,0.294345
latency,1,170,http1_rust_nodelay_off_c4_keepalive_ms,0.294725
latency,1,171,http1_rust_nodelay_off_c4_keepalive_ms,0.289975
latency,1,172,http1_rust_nodelay_off_c4_keepalive_ms,0.283505
latency,1,173,http1_rust_nodelay_off_c4_keepalive_ms,0.293915
latency,1,174,http1_rust_nodelay_off_c4_keepalive_ms,0.286375
latency,1,175,http1_rust_nodelay_off_c4_keepalive_ms,0.285825
latency,1,176,http1_rust_nodelay_off_c4_keepalive_ms,0.206203
latency,1,177,http1_rust_nodelay_off_c4_keepalive_ms,0.247844
latency,1,178,http1_rust_nodelay_off_c4_keepalive_ms,0.150333
latency,1,179,http1_rust_nodelay_off_c4_keepalive_ms,0.147102
latency,1,180,http1_rust_nodelay_off_c4_keepalive_ms,0.146253
latency,1,181,http1_rust_nodelay_off_c4_keepalive_ms,0.147572
latency,1,182,http1_rust_nodelay_off_c4_keepalive_ms,0.145672
latency,1,183,http1_rust_nodelay_off_c4_keepalive_ms,0.152383
latency,1,184,http1_rust_nodelay_off_c4_keepalive_ms,0.154843
latency,1,185,http1_rust_nodelay_off_c4_keepalive_ms,0.148242
latency,1,186,http1_rust_nodelay_off_c4_keepalive_ms,0.146303
latency,1,187,http1_rust_nodelay_off_c4_keepalive_ms,0.147072
latency,1,188,http1_rust_nodelay_off_c4_keepalive_ms,0.146223
latency,1,189,http1_rust_nodelay_off_c4_keepalive_ms,0.148202
latency,1,190,http1_rust_nodelay_off_c4_keepalive_ms,0.151993
latency,1,191,http1_rust_nodelay_off_c4_keepalive_ms,0.150562
latency,1,192,http1_rust_nodelay_off_c4_keepalive_ms,0.148963
latency,1,193,http1_rust_nodelay_off_c4_keepalive_ms,0.145642
latency,1,194,http1_rust_nodelay_off_c4_keepalive_ms,0.145833
latency,1,195,http1_rust_nodelay_off_c4_keepalive_ms,0.145372
latency,1,196,http1_rust_nodelay_off_c4_keepalive_ms,0.147653
latency,1,197,http1_rust_nodelay_off_c4_keepalive_ms,9.157856
latency,1,198,http1_rust_nodelay_off_c4_keepalive_ms,0.150052
latency,1,199,http1_rust_nodelay_off_c4_keepalive_ms,0.146853
latency,1,200,http1_rust_nodelay_off_c4_keepalive_ms,0.149992
latency,1,201,http1_rust_nodelay_off_c4_keepalive_ms,0.146403
latency,1,202,http1_rust_nodelay_off_c4_keepalive_ms,0.145712
latency,1,203,http1_rust_nodelay_off_c4_keepalive_ms,0.145913
latency,1,204,http1_rust_nodelay_off_c4_keepalive_ms,0.161162
latency,1,205,http1_rust_nodelay_off_c4_keepalive_ms,0.146833
latency,1,206,http1_rust_nodelay_off_c4_keepalive_ms,0.145802
latency,1,207,http1_rust_nodelay_off_c4_keepalive_ms,0.148133
latency,1,208,http1_rust_nodelay_off_c4_keepalive_ms,0.145922
latency,1,209,http1_rust_nodelay_off_c4_keepalive_ms,0.145663
latency,1,210,http1_rust_nodelay_off_c4_keepalive_ms,0.152662
latency,1,211,http1_rust_nodelay_off_c4_keepalive_ms,0.157383
latency,1,212,http1_rust_nodelay_off_c4_keepalive_ms,0.146043
latency,1,213,http1_rust_nodelay_off_c4_keepalive_ms,0.146282
latency,1,214,http1_rust_nodelay_off_c4_keepalive_ms,0.146023
latency,1,215,http1_rust_nodelay_off_c4_keepalive_ms,0.148512
latency,1,216,http1_rust_nodelay_off_c4_keepalive_ms,0.146643
latency,1,217,http1_rust_nodelay_off_c4_keepalive_ms,6.249556
latency,1,218,http1_rust_nodelay_off_c4_keepalive_ms,0.462148
latency,1,219,http1_rust_nodelay_off_c4_keepalive_ms,0.389036
latency,1,220,http1_rust_nodelay_off_c4_keepalive_ms,0.465478
latency,1,221,http1_rust_nodelay_off_c4_keepalive_ms,0.451648
latency,1,222,http1_rust_nodelay_off_c4_keepalive_ms,0.375676
latency,1,223,http1_rust_nodelay_off_c4_keepalive_ms,0.448218
latency,1,224,http1_rust_nodelay_off_c4_keepalive_ms,0.418947
latency,1,225,http1_rust_nodelay_off_c4_keepalive_ms,0.288335
latency,1,226,http1_rust_nodelay_off_c4_keepalive_ms,0.287274
latency,1,227,http1_rust_nodelay_off_c4_keepalive_ms,0.228534
latency,1,228,http1_rust_nodelay_off_c4_keepalive_ms,0.296615
latency,1,229,http1_rust_nodelay_off_c4_keepalive_ms,0.285915
latency,1,230,http1_rust_nodelay_off_c4_keepalive_ms,0.298075
latency,1,231,http1_rust_nodelay_off_c4_keepalive_ms,0.296595
latency,1,232,http1_rust_nodelay_off_c4_keepalive_ms,0.288925
latency,1,233,http1_rust_nodelay_off_c4_keepalive_ms,0.281765
latency,1,234,http1_rust_nodelay_off_c4_keepalive_ms,0.294225
latency,1,235,http1_rust_nodelay_off_c4_keepalive_ms,8.384573
latency,1,236,http1_rust_nodelay_off_c4_keepalive_ms,0.148412
latency,1,237,http1_rust_nodelay_off_c4_keepalive_ms,0.147023
latency,1,238,http1_rust_nodelay_off_c4_keepalive_ms,0.145712
latency,1,239,http1_rust_nodelay_off_c4_keepalive_ms,0.147933
latency,1,80,http1_rust_nodelay_off_c4_keepalive_ms,0.643831
latency,1,81,http1_rust_nodelay_off_c4_keepalive_ms,0.602480
latency,1,82,http1_rust_nodelay_off_c4_keepalive_ms,0.601800
latency,1,83,http1_rust_nodelay_off_c4_keepalive_ms,0.602350
latency,1,84,http1_rust_nodelay_off_c4_keepalive_ms,10.617181
latency,1,85,http1_rust_nodelay_off_c4_keepalive_ms,0.154743
latency,1,86,http1_rust_nodelay_off_c4_keepalive_ms,0.148542
latency,1,87,http1_rust_nodelay_off_c4_keepalive_ms,0.147493
latency,1,88,http1_rust_nodelay_off_c4_keepalive_ms,0.148512
latency,1,89,http1_rust_nodelay_off_c4_keepalive_ms,0.147873
latency,1,90,http1_rust_nodelay_off_c4_keepalive_ms,0.155062
latency,1,91,http1_rust_nodelay_off_c4_keepalive_ms,0.153093
latency,1,92,http1_rust_nodelay_off_c4_keepalive_ms,0.150172
latency,1,93,http1_rust_nodelay_off_c4_keepalive_ms,0.146473
latency,1,94,http1_rust_nodelay_off_c4_keepalive_ms,0.146552
latency,1,95,http1_rust_nodelay_off_c4_keepalive_ms,0.145823
latency,1,96,http1_rust_nodelay_off_c4_keepalive_ms,0.148452
latency,1,97,http1_rust_nodelay_off_c4_keepalive_ms,0.153103
latency,1,98,http1_rust_nodelay_off_c4_keepalive_ms,0.154963
latency,1,99,http1_rust_nodelay_off_c4_keepalive_ms,0.149012
latency,1,100,http1_rust_nodelay_off_c4_keepalive_ms,0.146363
latency,1,101,http1_rust_nodelay_off_c4_keepalive_ms,0.146062
latency,1,102,http1_rust_nodelay_off_c4_keepalive_ms,0.146782
latency,1,103,http1_rust_nodelay_off_c4_keepalive_ms,0.148093
latency,1,104,http1_rust_nodelay_off_c4_keepalive_ms,6.169145
latency,1,105,http1_rust_nodelay_off_c4_keepalive_ms,6.372218
latency,1,106,http1_rust_nodelay_off_c4_keepalive_ms,0.367356
latency,1,107,http1_rust_nodelay_off_c4_keepalive_ms,0.487739
latency,1,108,http1_rust_nodelay_off_c4_keepalive_ms,0.453107
latency,1,109,http1_rust_nodelay_off_c4_keepalive_ms,0.371697
latency,1,110,http1_rust_nodelay_off_c4_keepalive_ms,0.456137
latency,1,111,http1_rust_nodelay_off_c4_keepalive_ms,0.447468
latency,1,112,http1_rust_nodelay_off_c4_keepalive_ms,6.207595
latency,1,113,http1_rust_nodelay_off_c4_keepalive_ms,0.289925
latency,1,114,http1_rust_nodelay_off_c4_keepalive_ms,0.306785
latency,1,115,http1_rust_nodelay_off_c4_keepalive_ms,0.310526
latency,1,116,http1_rust_nodelay_off_c4_keepalive_ms,0.291725
latency,1,117,http1_rust_nodelay_off_c4_keepalive_ms,0.284824
latency,1,118,http1_rust_nodelay_off_c4_keepalive_ms,0.285505
latency,1,119,http1_rust_nodelay_off_c4_keepalive_ms,0.349866
latency,1,120,http1_rust_nodelay_off_c4_keepalive_ms,0.285495
latency,1,121,http1_rust_nodelay_off_c4_keepalive_ms,0.286365
latency,1,122,http1_rust_nodelay_off_c4_keepalive_ms,3.651972
latency,1,123,http1_rust_nodelay_off_c4_keepalive_ms,0.164513
latency,1,124,http1_rust_nodelay_off_c4_keepalive_ms,0.157203
latency,1,125,http1_rust_nodelay_off_c4_keepalive_ms,0.163203
latency,1,126,http1_rust_nodelay_off_c4_keepalive_ms,0.159852
latency,1,127,http1_rust_nodelay_off_c4_keepalive_ms,0.170553
latency,1,128,http1_rust_nodelay_off_c4_keepalive_ms,0.210854
latency,1,129,http1_rust_nodelay_off_c4_keepalive_ms,0.165213
latency,1,130,http1_rust_nodelay_off_c4_keepalive_ms,0.147152
latency,1,131,http1_rust_nodelay_off_c4_keepalive_ms,0.151753
latency,1,132,http1_rust_nodelay_off_c4_keepalive_ms,0.152562
latency,1,133,http1_rust_nodelay_off_c4_keepalive_ms,0.147363
latency,1,134,http1_rust_nodelay_off_c4_keepalive_ms,0.148292
latency,1,135,http1_rust_nodelay_off_c4_keepalive_ms,0.145673
latency,1,136,http1_rust_nodelay_off_c4_keepalive_ms,0.147212
latency,1,137,http1_rust_nodelay_off_c4_keepalive_ms,0.145742
latency,1,138,http1_rust_nodelay_off_c4_keepalive_ms,0.153263
latency,1,139,http1_rust_nodelay_off_c4_keepalive_ms,0.147112
latency,1,140,http1_rust_nodelay_off_c4_keepalive_ms,0.148153
latency,1,141,http1_rust_nodelay_off_c4_keepalive_ms,0.146203
latency,1,142,http1_rust_nodelay_off_c4_keepalive_ms,0.145272
latency,1,143,http1_rust_nodelay_off_c4_keepalive_ms,0.147672
latency,1,144,http1_rust_nodelay_off_c4_keepalive_ms,0.145723
latency,1,145,http1_rust_nodelay_off_c4_keepalive_ms,0.157053
latency,1,146,http1_rust_nodelay_off_c4_keepalive_ms,0.147512
latency,1,147,http1_rust_nodelay_off_c4_keepalive_ms,0.147903
latency,1,148,http1_rust_nodelay_off_c4_keepalive_ms,0.158662
latency,1,149,http1_rust_nodelay_off_c4_keepalive_ms,0.146023
latency,1,150,http1_rust_nodelay_off_c4_keepalive_ms,0.145912
latency,1,151,http1_rust_nodelay_off_c4_keepalive_ms,0.147453
latency,1,152,http1_rust_nodelay_off_c4_keepalive_ms,0.168923
latency,1,153,http1_rust_nodelay_off_c4_keepalive_ms,0.157602
latency,1,154,http1_rust_nodelay_off_c4_keepalive_ms,0.156903
latency,1,155,http1_rust_nodelay_off_c4_keepalive_ms,0.155433
latency,1,156,http1_rust_nodelay_off_c4_keepalive_ms,0.156092
latency,1,157,http1_rust_nodelay_off_c4_keepalive_ms,0.155053
latency,1,158,http1_rust_nodelay_off_c4_keepalive_ms,0.162953
latency,1,159,http1_rust_nodelay_off_c4_keepalive_ms,0.156803
trial,1,320,http1_rust_nodelay_off_c4_median_ms,0.153093
trial,1,320,http1_rust_nodelay_off_c4_p95_ms,0.615461
trial,1,320,http1_rust_nodelay_off_c4_requests_per_second,6425.081
trial,1,320,http1_rust_nodelay_off_c4_wall_ms,49.805
latency,2,160,http1_rust_nodelay_off_c4_keepalive_ms,0.291745
latency,2,161,http1_rust_nodelay_off_c4_keepalive_ms,0.289125
latency,2,162,http1_rust_nodelay_off_c4_keepalive_ms,0.294275
latency,2,163,http1_rust_nodelay_off_c4_keepalive_ms,0.295955
latency,2,164,http1_rust_nodelay_off_c4_keepalive_ms,0.289855
latency,2,165,http1_rust_nodelay_off_c4_keepalive_ms,0.285515
latency,2,166,http1_rust_nodelay_off_c4_keepalive_ms,0.290505
latency,2,167,http1_rust_nodelay_off_c4_keepalive_ms,0.294845
latency,2,168,http1_rust_nodelay_off_c4_keepalive_ms,0.283745
latency,2,169,http1_rust_nodelay_off_c4_keepalive_ms,0.284955
latency,2,170,http1_rust_nodelay_off_c4_keepalive_ms,5.242389
latency,2,171,http1_rust_nodelay_off_c4_keepalive_ms,0.258914
latency,2,172,http1_rust_nodelay_off_c4_keepalive_ms,0.291485
latency,2,173,http1_rust_nodelay_off_c4_keepalive_ms,0.299865
latency,2,174,http1_rust_nodelay_off_c4_keepalive_ms,0.293005
latency,2,175,http1_rust_nodelay_off_c4_keepalive_ms,0.283605
latency,2,176,http1_rust_nodelay_off_c4_keepalive_ms,0.278835
latency,2,177,http1_rust_nodelay_off_c4_keepalive_ms,0.287985
latency,2,178,http1_rust_nodelay_off_c4_keepalive_ms,0.281744
latency,2,179,http1_rust_nodelay_off_c4_keepalive_ms,0.288145
latency,2,180,http1_rust_nodelay_off_c4_keepalive_ms,0.282475
latency,2,181,http1_rust_nodelay_off_c4_keepalive_ms,0.248394
latency,2,182,http1_rust_nodelay_off_c4_keepalive_ms,0.148323
latency,2,183,http1_rust_nodelay_off_c4_keepalive_ms,0.146342
latency,2,184,http1_rust_nodelay_off_c4_keepalive_ms,0.145533
latency,2,185,http1_rust_nodelay_off_c4_keepalive_ms,0.147492
latency,2,186,http1_rust_nodelay_off_c4_keepalive_ms,0.145443
latency,2,187,http1_rust_nodelay_off_c4_keepalive_ms,0.151622
latency,2,188,http1_rust_nodelay_off_c4_keepalive_ms,0.149113
latency,2,189,http1_rust_nodelay_off_c4_keepalive_ms,0.148692
latency,2,190,http1_rust_nodelay_off_c4_keepalive_ms,0.145393
latency,2,191,http1_rust_nodelay_off_c4_keepalive_ms,0.146442
latency,2,192,http1_rust_nodelay_off_c4_keepalive_ms,0.146163
latency,2,193,http1_rust_nodelay_off_c4_keepalive_ms,0.148642
latency,2,194,http1_rust_nodelay_off_c4_keepalive_ms,0.154273
latency,2,195,http1_rust_nodelay_off_c4_keepalive_ms,0.148113
latency,2,196,http1_rust_nodelay_off_c4_keepalive_ms,0.157092
latency,2,197,http1_rust_nodelay_off_c4_keepalive_ms,0.146943
latency,2,198,http1_rust_nodelay_off_c4_keepalive_ms,0.146232
latency,2,199,http1_rust_nodelay_off_c4_keepalive_ms,0.146113
latency,2,200,http1_rust_nodelay_off_c4_keepalive_ms,0.148782
latency,2,201,http1_rust_nodelay_off_c4_keepalive_ms,9.122105
latency,2,202,http1_rust_nodelay_off_c4_keepalive_ms,0.151113
latency,2,203,http1_rust_nodelay_off_c4_keepalive_ms,0.146962
latency,2,204,http1_rust_nodelay_off_c4_keepalive_ms,0.150423
latency,2,205,http1_rust_nodelay_off_c4_keepalive_ms,0.146292
latency,2,206,http1_rust_nodelay_off_c4_keepalive_ms,0.146813
latency,2,207,http1_rust_nodelay_off_c4_keepalive_ms,0.146122
latency,2,208,http1_rust_nodelay_off_c4_keepalive_ms,0.157553
latency,2,209,http1_rust_nodelay_off_c4_keepalive_ms,0.147312
latency,2,210,http1_rust_nodelay_off_c4_keepalive_ms,0.146433
latency,2,211,http1_rust_nodelay_off_c4_keepalive_ms,0.147972
latency,2,212,http1_rust_nodelay_off_c4_keepalive_ms,0.146633
latency,2,213,http1_rust_nodelay_off_c4_keepalive_ms,0.146562
latency,2,214,http1_rust_nodelay_off_c4_keepalive_ms,0.153043
latency,2,215,http1_rust_nodelay_off_c4_keepalive_ms,0.152643
latency,2,216,http1_rust_nodelay_off_c4_keepalive_ms,0.146152
latency,2,217,http1_rust_nodelay_off_c4_keepalive_ms,0.145823
latency,2,218,http1_rust_nodelay_off_c4_keepalive_ms,0.146492
latency,2,219,http1_rust_nodelay_off_c4_keepalive_ms,0.148293
latency,2,220,http1_rust_nodelay_off_c4_keepalive_ms,0.146192
latency,2,221,http1_rust_nodelay_off_c4_keepalive_ms,6.186115
latency,2,222,http1_rust_nodelay_off_c4_keepalive_ms,0.150213
latency,2,223,http1_rust_nodelay_off_c4_keepalive_ms,0.150322
latency,2,224,http1_rust_nodelay_off_c4_keepalive_ms,0.145993
latency,2,225,http1_rust_nodelay_off_c4_keepalive_ms,0.145422
latency,2,226,http1_rust_nodelay_off_c4_keepalive_ms,0.154803
latency,2,227,http1_rust_nodelay_off_c4_keepalive_ms,0.145922
latency,2,228,http1_rust_nodelay_off_c4_keepalive_ms,0.154943
latency,2,229,http1_rust_nodelay_off_c4_keepalive_ms,0.146142
latency,2,230,http1_rust_nodelay_off_c4_keepalive_ms,0.147283
latency,2,231,http1_rust_nodelay_off_c4_keepalive_ms,0.146172
latency,2,232,http1_rust_nodelay_off_c4_keepalive_ms,0.145533
latency,2,233,http1_rust_nodelay_off_c4_keepalive_ms,0.151892
latency,2,234,http1_rust_nodelay_off_c4_keepalive_ms,0.154523
latency,2,235,http1_rust_nodelay_off_c4_keepalive_ms,0.149763
latency,2,236,http1_rust_nodelay_off_c4_keepalive_ms,0.145662
latency,2,237,http1_rust_nodelay_off_c4_keepalive_ms,0.145603
latency,2,238,http1_rust_nodelay_off_c4_keepalive_ms,0.147582
latency,2,239,http1_rust_nodelay_off_c4_keepalive_ms,0.145843
latency,2,240,http1_rust_nodelay_off_c4_keepalive_ms,0.295405
latency,2,241,http1_rust_nodelay_off_c4_keepalive_ms,0.287405
latency,2,242,http1_rust_nodelay_off_c4_keepalive_ms,0.284935
latency,2,243,http1_rust_nodelay_off_c4_keepalive_ms,0.291875
latency,2,244,http1_rust_nodelay_off_c4_keepalive_ms,0.281855
latency,2,245,http1_rust_nodelay_off_c4_keepalive_ms,0.280254
latency,2,246,http1_rust_nodelay_off_c4_keepalive_ms,0.286185
latency,2,247,http1_rust_nodelay_off_c4_keepalive_ms,0.315896
latency,2,248,http1_rust_nodelay_off_c4_keepalive_ms,0.283895
latency,2,249,http1_rust_nodelay_off_c4_keepalive_ms,0.285854
latency,2,250,http1_rust_nodelay_off_c4_keepalive_ms,8.139929
latency,2,251,http1_rust_nodelay_off_c4_keepalive_ms,0.182053
latency,2,252,http1_rust_nodelay_off_c4_keepalive_ms,0.148712
latency,2,253,http1_rust_nodelay_off_c4_keepalive_ms,0.145913
latency,2,254,http1_rust_nodelay_off_c4_keepalive_ms,0.146952
latency,2,255,http1_rust_nodelay_off_c4_keepalive_ms,0.145522
latency,2,256,http1_rust_nodelay_off_c4_keepalive_ms,0.152453
latency,2,257,http1_rust_nodelay_off_c4_keepalive_ms,0.148903
latency,2,258,http1_rust_nodelay_off_c4_keepalive_ms,0.145132
latency,2,259,http1_rust_nodelay_off_c4_keepalive_ms,0.152503
latency,2,260,http1_rust_nodelay_off_c4_keepalive_ms,0.146072
latency,2,261,http1_rust_nodelay_off_c4_keepalive_ms,0.145153
latency,2,262,http1_rust_nodelay_off_c4_keepalive_ms,0.145642
latency,2,263,http1_rust_nodelay_off_c4_keepalive_ms,0.155553
latency,2,264,http1_rust_nodelay_off_c4_keepalive_ms,0.147462
latency,2,265,http1_rust_nodelay_off_c4_keepalive_ms,0.145113
latency,2,266,http1_rust_nodelay_off_c4_keepalive_ms,0.144422
latency,2,267,http1_rust_nodelay_off_c4_keepalive_ms,0.146943
latency,2,268,http1_rust_nodelay_off_c4_keepalive_ms,0.144982
latency,2,269,http1_rust_nodelay_off_c4_keepalive_ms,0.144813
latency,2,270,http1_rust_nodelay_off_c4_keepalive_ms,0.240604
latency,2,271,http1_rust_nodelay_off_c4_keepalive_ms,0.178133
latency,2,272,http1_rust_nodelay_off_c4_keepalive_ms,0.146062
latency,2,273,http1_rust_nodelay_off_c4_keepalive_ms,0.145383
latency,2,274,http1_rust_nodelay_off_c4_keepalive_ms,0.144622
latency,2,275,http1_rust_nodelay_off_c4_keepalive_ms,0.147263
latency,2,276,http1_rust_nodelay_off_c4_keepalive_ms,0.152572
latency,2,277,http1_rust_nodelay_off_c4_keepalive_ms,0.146673
latency,2,278,http1_rust_nodelay_off_c4_keepalive_ms,0.145132
latency,2,279,http1_rust_nodelay_off_c4_keepalive_ms,0.147393
latency,2,280,http1_rust_nodelay_off_c4_keepalive_ms,0.145532
latency,2,281,http1_rust_nodelay_off_c4_keepalive_ms,0.145793
latency,2,282,http1_rust_nodelay_off_c4_keepalive_ms,0.144652
latency,2,283,http1_rust_nodelay_off_c4_keepalive_ms,0.156723
latency,2,284,http1_rust_nodelay_off_c4_keepalive_ms,0.146442
latency,2,285,http1_rust_nodelay_off_c4_keepalive_ms,0.145443
latency,2,286,http1_rust_nodelay_off_c4_keepalive_ms,0.146982
latency,2,287,http1_rust_nodelay_off_c4_keepalive_ms,0.145383
latency,2,288,http1_rust_nodelay_off_c4_keepalive_ms,0.145122
latency,2,289,http1_rust_nodelay_off_c4_keepalive_ms,9.152636
latency,2,290,http1_rust_nodelay_off_c4_keepalive_ms,0.259934
latency,2,291,http1_rust_nodelay_off_c4_keepalive_ms,0.288655
latency,2,292,http1_rust_nodelay_off_c4_keepalive_ms,0.290285
latency,2,293,http1_rust_nodelay_off_c4_keepalive_ms,0.296405
latency,2,294,http1_rust_nodelay_off_c4_keepalive_ms,0.291915
latency,2,295,http1_rust_nodelay_off_c4_keepalive_ms,0.285775
latency,2,296,http1_rust_nodelay_off_c4_keepalive_ms,0.224593
latency,2,297,http1_rust_nodelay_off_c4_keepalive_ms,0.299196
latency,2,298,http1_rust_nodelay_off_c4_keepalive_ms,0.285194
latency,2,299,http1_rust_nodelay_off_c4_keepalive_ms,0.282015
latency,2,300,http1_rust_nodelay_off_c4_keepalive_ms,3.559481
latency,2,301,http1_rust_nodelay_off_c4_keepalive_ms,0.159193
latency,2,302,http1_rust_nodelay_off_c4_keepalive_ms,0.148402
latency,2,303,http1_rust_nodelay_off_c4_keepalive_ms,0.147013
latency,2,304,http1_rust_nodelay_off_c4_keepalive_ms,0.148202
latency,2,305,http1_rust_nodelay_off_c4_keepalive_ms,0.155903
latency,2,306,http1_rust_nodelay_off_c4_keepalive_ms,0.147252
latency,2,307,http1_rust_nodelay_off_c4_keepalive_ms,0.146253
latency,2,308,http1_rust_nodelay_off_c4_keepalive_ms,0.148952
latency,2,309,http1_rust_nodelay_off_c4_keepalive_ms,0.146793
latency,2,310,http1_rust_nodelay_off_c4_keepalive_ms,0.146652
latency,2,311,http1_rust_nodelay_off_c4_keepalive_ms,0.152383
latency,2,312,http1_rust_nodelay_off_c4_keepalive_ms,0.152552
latency,2,313,http1_rust_nodelay_off_c4_keepalive_ms,0.146323
latency,2,314,http1_rust_nodelay_off_c4_keepalive_ms,0.145432
latency,2,315,http1_rust_nodelay_off_c4_keepalive_ms,0.147823
latency,2,316,http1_rust_nodelay_off_c4_keepalive_ms,0.150372
latency,2,317,http1_rust_nodelay_off_c4_keepalive_ms,0.154653
latency,2,318,http1_rust_nodelay_off_c4_keepalive_ms,0.154773
latency,2,319,http1_rust_nodelay_off_c4_keepalive_ms,0.149752
latency,2,80,http1_rust_nodelay_off_c4_keepalive_ms,0.385727
latency,2,81,http1_rust_nodelay_off_c4_keepalive_ms,0.288724
latency,2,82,http1_rust_nodelay_off_c4_keepalive_ms,0.294186
latency,2,83,http1_rust_nodelay_off_c4_keepalive_ms,0.296635
latency,2,84,http1_rust_nodelay_off_c4_keepalive_ms,0.287984
latency,2,85,http1_rust_nodelay_off_c4_keepalive_ms,0.292065
latency,2,86,http1_rust_nodelay_off_c4_keepalive_ms,0.291105
latency,2,87,http1_rust_nodelay_off_c4_keepalive_ms,0.287915
latency,2,88,http1_rust_nodelay_off_c4_keepalive_ms,0.284845
latency,2,89,http1_rust_nodelay_off_c4_keepalive_ms,0.284165
latency,2,90,http1_rust_nodelay_off_c4_keepalive_ms,5.450142
latency,2,91,http1_rust_nodelay_off_c4_keepalive_ms,0.291405
latency,2,92,http1_rust_nodelay_off_c4_keepalive_ms,0.301436
latency,2,93,http1_rust_nodelay_off_c4_keepalive_ms,0.291565
latency,2,94,http1_rust_nodelay_off_c4_keepalive_ms,0.283364
latency,2,95,http1_rust_nodelay_off_c4_keepalive_ms,0.278515
latency,2,96,http1_rust_nodelay_off_c4_keepalive_ms,0.288555
latency,2,97,http1_rust_nodelay_off_c4_keepalive_ms,0.283025
latency,2,98,http1_rust_nodelay_off_c4_keepalive_ms,0.318365
latency,2,99,http1_rust_nodelay_off_c4_keepalive_ms,0.283445
latency,2,100,http1_rust_nodelay_off_c4_keepalive_ms,6.132734
latency,2,101,http1_rust_nodelay_off_c4_keepalive_ms,9.026944
latency,2,102,http1_rust_nodelay_off_c4_keepalive_ms,0.149992
latency,2,103,http1_rust_nodelay_off_c4_keepalive_ms,0.148183
latency,2,104,http1_rust_nodelay_off_c4_keepalive_ms,0.146342
latency,2,105,http1_rust_nodelay_off_c4_keepalive_ms,0.147433
latency,2,106,http1_rust_nodelay_off_c4_keepalive_ms,0.146182
latency,2,107,http1_rust_nodelay_off_c4_keepalive_ms,0.151153
latency,2,108,http1_rust_nodelay_off_c4_keepalive_ms,0.149802
latency,2,109,http1_rust_nodelay_off_c4_keepalive_ms,0.147553
latency,2,110,http1_rust_nodelay_off_c4_keepalive_ms,0.145922
latency,2,111,http1_rust_nodelay_off_c4_keepalive_ms,0.145393
latency,2,112,http1_rust_nodelay_off_c4_keepalive_ms,0.144922
latency,2,113,http1_rust_nodelay_off_c4_keepalive_ms,0.160523
latency,2,114,http1_rust_nodelay_off_c4_keepalive_ms,0.153583
latency,2,115,http1_rust_nodelay_off_c4_keepalive_ms,0.147902
latency,2,116,http1_rust_nodelay_off_c4_keepalive_ms,0.148313
latency,2,117,http1_rust_nodelay_off_c4_keepalive_ms,0.146202
latency,2,118,http1_rust_nodelay_off_c4_keepalive_ms,0.145963
latency,2,119,http1_rust_nodelay_off_c4_keepalive_ms,0.146332
latency,2,120,http1_rust_nodelay_off_c4_keepalive_ms,0.147933
latency,2,121,http1_rust_nodelay_off_c4_keepalive_ms,9.322108
latency,2,122,http1_rust_nodelay_off_c4_keepalive_ms,0.187493
latency,2,123,http1_rust_nodelay_off_c4_keepalive_ms,0.151023
latency,2,124,http1_rust_nodelay_off_c4_keepalive_ms,0.150142
latency,2,125,http1_rust_nodelay_off_c4_keepalive_ms,0.147383
latency,2,126,http1_rust_nodelay_off_c4_keepalive_ms,0.156342
latency,2,127,http1_rust_nodelay_off_c4_keepalive_ms,0.149623
latency,2,128,http1_rust_nodelay_off_c4_keepalive_ms,0.149042
latency,2,129,http1_rust_nodelay_off_c4_keepalive_ms,0.146783
latency,2,130,http1_rust_nodelay_off_c4_keepalive_ms,0.147922
latency,2,131,http1_rust_nodelay_off_c4_keepalive_ms,0.147903
latency,2,132,http1_rust_nodelay_off_c4_keepalive_ms,0.146282
latency,2,133,http1_rust_nodelay_off_c4_keepalive_ms,0.155883
latency,2,134,http1_rust_nodelay_off_c4_keepalive_ms,0.147203
latency,2,135,http1_rust_nodelay_off_c4_keepalive_ms,0.148272
latency,2,136,http1_rust_nodelay_off_c4_keepalive_ms,0.146043
latency,2,137,http1_rust_nodelay_off_c4_keepalive_ms,0.145932
latency,2,138,http1_rust_nodelay_off_c4_keepalive_ms,0.145803
latency,2,139,http1_rust_nodelay_off_c4_keepalive_ms,0.147972
latency,2,140,http1_rust_nodelay_off_c4_keepalive_ms,0.155473
latency,2,141,http1_rust_nodelay_off_c4_keepalive_ms,0.145922
latency,2,142,http1_rust_nodelay_off_c4_keepalive_ms,0.145373
latency,2,143,http1_rust_nodelay_off_c4_keepalive_ms,0.148362
latency,2,144,http1_rust_nodelay_off_c4_keepalive_ms,0.145583
latency,2,145,http1_rust_nodelay_off_c4_keepalive_ms,0.152752
latency,2,146,http1_rust_nodelay_off_c4_keepalive_ms,0.597371
latency,2,147,http1_rust_nodelay_off_c4_keepalive_ms,1.376403
latency,2,148,http1_rust_nodelay_off_c4_keepalive_ms,0.228354
latency,2,149,http1_rust_nodelay_off_c4_keepalive_ms,0.149182
latency,2,150,http1_rust_nodelay_off_c4_keepalive_ms,0.148113
latency,2,151,http1_rust_nodelay_off_c4_keepalive_ms,0.146152
latency,2,152,http1_rust_nodelay_off_c4_keepalive_ms,0.145523
latency,2,153,http1_rust_nodelay_off_c4_keepalive_ms,0.144952
latency,2,154,http1_rust_nodelay_off_c4_keepalive_ms,0.147253
latency,2,155,http1_rust_nodelay_off_c4_keepalive_ms,0.153292
latency,2,156,http1_rust_nodelay_off_c4_keepalive_ms,0.146983
latency,2,157,http1_rust_nodelay_off_c4_keepalive_ms,0.144832
latency,2,158,http1_rust_nodelay_off_c4_keepalive_ms,0.146943
latency,2,159,http1_rust_nodelay_off_c4_keepalive_ms,0.145282
latency,2,0,http1_rust_nodelay_off_c4_keepalive_ms,3.205315
latency,2,1,http1_rust_nodelay_off_c4_keepalive_ms,0.279785
latency,2,2,http1_rust_nodelay_off_c4_keepalive_ms,0.287584
latency,2,3,http1_rust_nodelay_off_c4_keepalive_ms,0.284945
latency,2,4,http1_rust_nodelay_off_c4_keepalive_ms,0.290335
latency,2,5,http1_rust_nodelay_off_c4_keepalive_ms,0.283755
latency,2,6,http1_rust_nodelay_off_c4_keepalive_ms,0.279045
latency,2,7,http1_rust_nodelay_off_c4_keepalive_ms,0.286825
latency,2,8,http1_rust_nodelay_off_c4_keepalive_ms,0.284235
latency,2,9,http1_rust_nodelay_off_c4_keepalive_ms,0.283924
latency,2,10,http1_rust_nodelay_off_c4_keepalive_ms,0.285855
latency,2,11,http1_rust_nodelay_off_c4_keepalive_ms,0.250165
latency,2,12,http1_rust_nodelay_off_c4_keepalive_ms,0.148532
latency,2,13,http1_rust_nodelay_off_c4_keepalive_ms,0.146272
latency,2,14,http1_rust_nodelay_off_c4_keepalive_ms,0.146043
latency,2,15,http1_rust_nodelay_off_c4_keepalive_ms,0.148732
latency,2,16,http1_rust_nodelay_off_c4_keepalive_ms,0.147753
latency,2,17,http1_rust_nodelay_off_c4_keepalive_ms,0.154102
latency,2,18,http1_rust_nodelay_off_c4_keepalive_ms,0.148753
latency,2,19,http1_rust_nodelay_off_c4_keepalive_ms,0.147792
latency,2,20,http1_rust_nodelay_off_c4_keepalive_ms,0.145703
latency,2,21,http1_rust_nodelay_off_c4_keepalive_ms,0.145502
latency,2,22,http1_rust_nodelay_off_c4_keepalive_ms,0.146023
latency,2,23,http1_rust_nodelay_off_c4_keepalive_ms,0.148382
latency,2,24,http1_rust_nodelay_off_c4_keepalive_ms,12.155667
latency,2,25,http1_rust_nodelay_off_c4_keepalive_ms,0.150403
latency,2,26,http1_rust_nodelay_off_c4_keepalive_ms,0.148242
latency,2,27,http1_rust_nodelay_off_c4_keepalive_ms,0.146633
latency,2,28,http1_rust_nodelay_off_c4_keepalive_ms,0.147312
latency,2,29,http1_rust_nodelay_off_c4_keepalive_ms,0.146493
latency,2,30,http1_rust_nodelay_off_c4_keepalive_ms,0.149132
latency,2,31,http1_rust_nodelay_off_c4_keepalive_ms,0.154913
latency,2,32,http1_rust_nodelay_off_c4_keepalive_ms,0.147652
latency,2,33,http1_rust_nodelay_off_c4_keepalive_ms,0.145773
latency,2,34,http1_rust_nodelay_off_c4_keepalive_ms,0.148182
latency,2,35,http1_rust_nodelay_off_c4_keepalive_ms,0.147893
latency,2,36,http1_rust_nodelay_off_c4_keepalive_ms,0.146682
latency,2,37,http1_rust_nodelay_off_c4_keepalive_ms,0.150243
latency,2,38,http1_rust_nodelay_off_c4_keepalive_ms,0.151282
latency,2,39,http1_rust_nodelay_off_c4_keepalive_ms,0.145663
latency,2,40,http1_rust_nodelay_off_c4_keepalive_ms,0.146122
latency,2,41,http1_rust_nodelay_off_c4_keepalive_ms,0.147673
latency,2,42,http1_rust_nodelay_off_c4_keepalive_ms,0.153762
latency,2,43,http1_rust_nodelay_off_c4_keepalive_ms,0.145473
latency,2,44,http1_rust_nodelay_off_c4_keepalive_ms,6.244926
latency,2,45,http1_rust_nodelay_off_c4_keepalive_ms,0.347286
latency,2,46,http1_rust_nodelay_off_c4_keepalive_ms,0.288315
latency,2,47,http1_rust_nodelay_off_c4_keepalive_ms,0.296825
latency,2,48,http1_rust_nodelay_off_c4_keepalive_ms,0.291335
latency,2,49,http1_rust_nodelay_off_c4_keepalive_ms,0.288055
latency,2,50,http1_rust_nodelay_off_c4_keepalive_ms,0.326705
latency,2,51,http1_rust_nodelay_off_c4_keepalive_ms,0.293005
latency,2,52,http1_rust_nodelay_off_c4_keepalive_ms,0.284565
latency,2,53,http1_rust_nodelay_off_c4_keepalive_ms,0.281545
latency,2,54,http1_rust_nodelay_off_c4_keepalive_ms,10.677511
latency,2,55,http1_rust_nodelay_off_c4_keepalive_ms,0.169983
latency,2,56,http1_rust_nodelay_off_c4_keepalive_ms,0.164003
latency,2,57,http1_rust_nodelay_off_c4_keepalive_ms,0.168053
latency,2,58,http1_rust_nodelay_off_c4_keepalive_ms,0.167143
latency,2,59,http1_rust_nodelay_off_c4_keepalive_ms,0.164223
latency,2,60,http1_rust_nodelay_off_c4_keepalive_ms,0.231744
latency,2,61,http1_rust_nodelay_off_c4_keepalive_ms,0.302225
latency,2,62,http1_rust_nodelay_off_c4_keepalive_ms,2.433251
latency,2,63,http1_rust_nodelay_off_c4_keepalive_ms,0.151982
latency,2,64,http1_rust_nodelay_off_c4_keepalive_ms,0.147183
latency,2,65,http1_rust_nodelay_off_c4_keepalive_ms,0.147052
latency,2,66,http1_rust_nodelay_off_c4_keepalive_ms,0.148523
latency,2,67,http1_rust_nodelay_off_c4_keepalive_ms,0.157493
latency,2,68,http1_rust_nodelay_off_c4_keepalive_ms,0.148972
latency,2,69,http1_rust_nodelay_off_c4_keepalive_ms,0.153983
latency,2,70,http1_rust_nodelay_off_c4_keepalive_ms,0.148542
latency,2,71,http1_rust_nodelay_off_c4_keepalive_ms,0.145903
latency,2,72,http1_rust_nodelay_off_c4_keepalive_ms,0.145402
latency,2,73,http1_rust_nodelay_off_c4_keepalive_ms,0.145063
latency,2,74,http1_rust_nodelay_off_c4_keepalive_ms,0.170473
latency,2,75,http1_rust_nodelay_off_c4_keepalive_ms,0.146332
latency,2,76,http1_rust_nodelay_off_c4_keepalive_ms,0.147243
latency,2,77,http1_rust_nodelay_off_c4_keepalive_ms,0.147852
latency,2,78,http1_rust_nodelay_off_c4_keepalive_ms,0.145443
latency,2,79,http1_rust_nodelay_off_c4_keepalive_ms,0.152092
trial,2,320,http1_rust_nodelay_off_c4_median_ms,0.149623
trial,2,320,http1_rust_nodelay_off_c4_p95_ms,0.597371
trial,2,320,http1_rust_nodelay_off_c4_requests_per_second,6468.427
trial,2,320,http1_rust_nodelay_off_c4_wall_ms,49.471
latency,3,0,http1_rust_nodelay_off_c4_keepalive_ms,0.436277
latency,3,1,http1_rust_nodelay_off_c4_keepalive_ms,0.678372
latency,3,2,http1_rust_nodelay_off_c4_keepalive_ms,0.597240
latency,3,3,http1_rust_nodelay_off_c4_keepalive_ms,0.627331
latency,3,4,http1_rust_nodelay_off_c4_keepalive_ms,0.591910
latency,3,5,http1_rust_nodelay_off_c4_keepalive_ms,0.506748
latency,3,6,http1_rust_nodelay_off_c4_keepalive_ms,0.475539
latency,3,7,http1_rust_nodelay_off_c4_keepalive_ms,0.354796
latency,3,8,http1_rust_nodelay_off_c4_keepalive_ms,0.504388
latency,3,9,http1_rust_nodelay_off_c4_keepalive_ms,0.469188
latency,3,10,http1_rust_nodelay_off_c4_keepalive_ms,0.344146
latency,3,11,http1_rust_nodelay_off_c4_keepalive_ms,0.355886
latency,3,12,http1_rust_nodelay_off_c4_keepalive_ms,0.149443
latency,3,13,http1_rust_nodelay_off_c4_keepalive_ms,0.146702
latency,3,14,http1_rust_nodelay_off_c4_keepalive_ms,0.147352
latency,3,15,http1_rust_nodelay_off_c4_keepalive_ms,0.147773
latency,3,16,http1_rust_nodelay_off_c4_keepalive_ms,0.145862
latency,3,17,http1_rust_nodelay_off_c4_keepalive_ms,0.145903
latency,3,18,http1_rust_nodelay_off_c4_keepalive_ms,3.158094
latency,3,19,http1_rust_nodelay_off_c4_keepalive_ms,0.148852
latency,3,20,http1_rust_nodelay_off_c4_keepalive_ms,0.145443
latency,3,21,http1_rust_nodelay_off_c4_keepalive_ms,0.145632
latency,3,22,http1_rust_nodelay_off_c4_keepalive_ms,0.145233
latency,3,23,http1_rust_nodelay_off_c4_keepalive_ms,0.147582
latency,3,24,http1_rust_nodelay_off_c4_keepalive_ms,0.151203
latency,3,25,http1_rust_nodelay_off_c4_keepalive_ms,0.148502
latency,3,26,http1_rust_nodelay_off_c4_keepalive_ms,0.147713
latency,3,27,http1_rust_nodelay_off_c4_keepalive_ms,0.146272
latency,3,28,http1_rust_nodelay_off_c4_keepalive_ms,0.145813
latency,3,29,http1_rust_nodelay_off_c4_keepalive_ms,0.145202
latency,3,30,http1_rust_nodelay_off_c4_keepalive_ms,0.147373
latency,3,31,http1_rust_nodelay_off_c4_keepalive_ms,0.153962
latency,3,32,http1_rust_nodelay_off_c4_keepalive_ms,0.147433
latency,3,33,http1_rust_nodelay_off_c4_keepalive_ms,0.145112
latency,3,34,http1_rust_nodelay_off_c4_keepalive_ms,0.147513
latency,3,35,http1_rust_nodelay_off_c4_keepalive_ms,0.145572
latency,3,36,http1_rust_nodelay_off_c4_keepalive_ms,0.145403
latency,3,37,http1_rust_nodelay_off_c4_keepalive_ms,0.145612
latency,3,38,http1_rust_nodelay_off_c4_keepalive_ms,6.235116
latency,3,39,http1_rust_nodelay_off_c4_keepalive_ms,0.148543
latency,3,40,http1_rust_nodelay_off_c4_keepalive_ms,0.146152
latency,3,41,http1_rust_nodelay_off_c4_keepalive_ms,0.145803
latency,3,42,http1_rust_nodelay_off_c4_keepalive_ms,0.147972
latency,3,43,http1_rust_nodelay_off_c4_keepalive_ms,0.145663
latency,3,44,http1_rust_nodelay_off_c4_keepalive_ms,0.151352
latency,3,45,http1_rust_nodelay_off_c4_keepalive_ms,0.148523
latency,3,46,http1_rust_nodelay_off_c4_keepalive_ms,0.146082
latency,3,47,http1_rust_nodelay_off_c4_keepalive_ms,0.145943
latency,3,48,http1_rust_nodelay_off_c4_keepalive_ms,0.145922
latency,3,49,http1_rust_nodelay_off_c4_keepalive_ms,0.148493
latency,3,50,http1_rust_nodelay_off_c4_keepalive_ms,0.152102
latency,3,51,http1_rust_nodelay_off_c4_keepalive_ms,0.154153
latency,3,52,http1_rust_nodelay_off_c4_keepalive_ms,0.147712
latency,3,53,http1_rust_nodelay_off_c4_keepalive_ms,0.151723
latency,3,54,http1_rust_nodelay_off_c4_keepalive_ms,0.154052
latency,3,55,http1_rust_nodelay_off_c4_keepalive_ms,0.145473
latency,3,56,http1_rust_nodelay_off_c4_keepalive_ms,0.145452
latency,3,57,http1_rust_nodelay_off_c4_keepalive_ms,0.148053
latency,3,58,http1_rust_nodelay_off_c4_keepalive_ms,6.177505
latency,3,59,http1_rust_nodelay_off_c4_keepalive_ms,0.147253
latency,3,60,http1_rust_nodelay_off_c4_keepalive_ms,0.147402
latency,3,61,http1_rust_nodelay_off_c4_keepalive_ms,0.146043
latency,3,62,http1_rust_nodelay_off_c4_keepalive_ms,0.145972
latency,3,63,http1_rust_nodelay_off_c4_keepalive_ms,0.145313
latency,3,64,http1_rust_nodelay_off_c4_keepalive_ms,0.154472
latency,3,65,http1_rust_nodelay_off_c4_keepalive_ms,0.147553
latency,3,66,http1_rust_nodelay_off_c4_keepalive_ms,0.145862
latency,3,67,http1_rust_nodelay_off_c4_keepalive_ms,0.145682
latency,3,68,http1_rust_nodelay_off_c4_keepalive_ms,0.147503
latency,3,69,http1_rust_nodelay_off_c4_keepalive_ms,0.152652
latency,3,70,http1_rust_nodelay_off_c4_keepalive_ms,0.144993
latency,3,71,http1_rust_nodelay_off_c4_keepalive_ms,0.153082
latency,3,72,http1_rust_nodelay_off_c4_keepalive_ms,0.149293
latency,3,73,http1_rust_nodelay_off_c4_keepalive_ms,0.145222
latency,3,74,http1_rust_nodelay_off_c4_keepalive_ms,0.145433
latency,3,75,http1_rust_nodelay_off_c4_keepalive_ms,0.146642
latency,3,76,http1_rust_nodelay_off_c4_keepalive_ms,0.145763
latency,3,77,http1_rust_nodelay_off_c4_keepalive_ms,0.145372
latency,3,78,http1_rust_nodelay_off_c4_keepalive_ms,6.303517
latency,3,79,http1_rust_nodelay_off_c4_keepalive_ms,0.286995
latency,3,240,http1_rust_nodelay_off_c4_keepalive_ms,0.776874
latency,3,241,http1_rust_nodelay_off_c4_keepalive_ms,0.643651
latency,3,242,http1_rust_nodelay_off_c4_keepalive_ms,0.587660
latency,3,243,http1_rust_nodelay_off_c4_keepalive_ms,0.627190
latency,3,244,http1_rust_nodelay_off_c4_keepalive_ms,0.434548
latency,3,245,http1_rust_nodelay_off_c4_keepalive_ms,0.482958
latency,3,246,http1_rust_nodelay_off_c4_keepalive_ms,0.476798
latency,3,247,http1_rust_nodelay_off_c4_keepalive_ms,0.372027
latency,3,248,http1_rust_nodelay_off_c4_keepalive_ms,0.489248
latency,3,249,http1_rust_nodelay_off_c4_keepalive_ms,0.492008
latency,3,250,http1_rust_nodelay_off_c4_keepalive_ms,0.366977
latency,3,251,http1_rust_nodelay_off_c4_keepalive_ms,7.332044
latency,3,252,http1_rust_nodelay_off_c4_keepalive_ms,0.298275
latency,3,253,http1_rust_nodelay_off_c4_keepalive_ms,0.288265
latency,3,254,http1_rust_nodelay_off_c4_keepalive_ms,0.297125
latency,3,255,http1_rust_nodelay_off_c4_keepalive_ms,0.287455
latency,3,256,http1_rust_nodelay_off_c4_keepalive_ms,0.285505
latency,3,257,http1_rust_nodelay_off_c4_keepalive_ms,0.282924
latency,3,258,http1_rust_nodelay_off_c4_keepalive_ms,0.295415
latency,3,259,http1_rust_nodelay_off_c4_keepalive_ms,0.316156
latency,3,260,http1_rust_nodelay_off_c4_keepalive_ms,0.284735
latency,3,261,http1_rust_nodelay_off_c4_keepalive_ms,6.236655
latency,3,262,http1_rust_nodelay_off_c4_keepalive_ms,0.151783
latency,3,263,http1_rust_nodelay_off_c4_keepalive_ms,0.146353
latency,3,264,http1_rust_nodelay_off_c4_keepalive_ms,0.144992
latency,3,265,http1_rust_nodelay_off_c4_keepalive_ms,0.147073
latency,3,266,http1_rust_nodelay_off_c4_keepalive_ms,0.145802
latency,3,267,http1_rust_nodelay_off_c4_keepalive_ms,0.145122
latency,3,268,http1_rust_nodelay_off_c4_keepalive_ms,0.155683
latency,3,269,http1_rust_nodelay_off_c4_keepalive_ms,0.148063
latency,3,270,http1_rust_nodelay_off_c4_keepalive_ms,0.145952
latency,3,271,http1_rust_nodelay_off_c4_keepalive_ms,0.144943
latency,3,272,http1_rust_nodelay_off_c4_keepalive_ms,0.145612
latency,3,273,http1_rust_nodelay_off_c4_keepalive_ms,0.146653
latency,3,274,http1_rust_nodelay_off_c4_keepalive_ms,0.150962
latency,3,275,http1_rust_nodelay_off_c4_keepalive_ms,0.148653
latency,3,276,http1_rust_nodelay_off_c4_keepalive_ms,0.145232
latency,3,277,http1_rust_nodelay_off_c4_keepalive_ms,0.153553
latency,3,278,http1_rust_nodelay_off_c4_keepalive_ms,0.145362
latency,3,279,http1_rust_nodelay_off_c4_keepalive_ms,0.145333
latency,3,280,http1_rust_nodelay_off_c4_keepalive_ms,0.147862
latency,3,281,http1_rust_nodelay_off_c4_keepalive_ms,6.168885
latency,3,282,http1_rust_nodelay_off_c4_keepalive_ms,0.166753
latency,3,283,http1_rust_nodelay_off_c4_keepalive_ms,0.150742
latency,3,284,http1_rust_nodelay_off_c4_keepalive_ms,0.147633
latency,3,285,http1_rust_nodelay_off_c4_keepalive_ms,0.148102
latency,3,286,http1_rust_nodelay_off_c4_keepalive_ms,0.146283
latency,3,287,http1_rust_nodelay_off_c4_keepalive_ms,0.147022
latency,3,288,http1_rust_nodelay_off_c4_keepalive_ms,0.155493
latency,3,289,http1_rust_nodelay_off_c4_keepalive_ms,0.148193
latency,3,290,http1_rust_nodelay_off_c4_keepalive_ms,0.146132
latency,3,291,http1_rust_nodelay_off_c4_keepalive_ms,0.146183
latency,3,292,http1_rust_nodelay_off_c4_keepalive_ms,0.145492
latency,3,293,http1_rust_nodelay_off_c4_keepalive_ms,0.148163
latency,3,294,http1_rust_nodelay_off_c4_keepalive_ms,0.151322
latency,3,295,http1_rust_nodelay_off_c4_keepalive_ms,0.149293
latency,3,296,http1_rust_nodelay_off_c4_keepalive_ms,0.148402
latency,3,297,http1_rust_nodelay_off_c4_keepalive_ms,0.145873
latency,3,298,http1_rust_nodelay_off_c4_keepalive_ms,0.145702
latency,3,299,http1_rust_nodelay_off_c4_keepalive_ms,0.146363
latency,3,300,http1_rust_nodelay_off_c4_keepalive_ms,0.147722
latency,3,301,http1_rust_nodelay_off_c4_keepalive_ms,6.594592
latency,3,302,http1_rust_nodelay_off_c4_keepalive_ms,0.156273
latency,3,303,http1_rust_nodelay_off_c4_keepalive_ms,0.146662
latency,3,304,http1_rust_nodelay_off_c4_keepalive_ms,0.145933
latency,3,305,http1_rust_nodelay_off_c4_keepalive_ms,0.157933
latency,3,306,http1_rust_nodelay_off_c4_keepalive_ms,0.147432
latency,3,307,http1_rust_nodelay_off_c4_keepalive_ms,0.145443
latency,3,308,http1_rust_nodelay_off_c4_keepalive_ms,0.145242
latency,3,309,http1_rust_nodelay_off_c4_keepalive_ms,0.147963
latency,3,310,http1_rust_nodelay_off_c4_keepalive_ms,0.145562
latency,3,311,http1_rust_nodelay_off_c4_keepalive_ms,0.145063
latency,3,312,http1_rust_nodelay_off_c4_keepalive_ms,0.154372
latency,3,313,http1_rust_nodelay_off_c4_keepalive_ms,0.147363
latency,3,314,http1_rust_nodelay_off_c4_keepalive_ms,0.144852
latency,3,315,http1_rust_nodelay_off_c4_keepalive_ms,0.145013
latency,3,316,http1_rust_nodelay_off_c4_keepalive_ms,0.149112
latency,3,317,http1_rust_nodelay_off_c4_keepalive_ms,0.145623
latency,3,318,http1_rust_nodelay_off_c4_keepalive_ms,0.151002
latency,3,319,http1_rust_nodelay_off_c4_keepalive_ms,0.149343
latency,3,160,http1_rust_nodelay_off_c4_keepalive_ms,0.464708
latency,3,161,http1_rust_nodelay_off_c4_keepalive_ms,0.682522
latency,3,162,http1_rust_nodelay_off_c4_keepalive_ms,0.588080
latency,3,163,http1_rust_nodelay_off_c4_keepalive_ms,0.456017
latency,3,164,http1_rust_nodelay_off_c4_keepalive_ms,0.598651
latency,3,165,http1_rust_nodelay_off_c4_keepalive_ms,0.509378
latency,3,166,http1_rust_nodelay_off_c4_keepalive_ms,0.482658
latency,3,167,http1_rust_nodelay_off_c4_keepalive_ms,0.365307
latency,3,168,http1_rust_nodelay_off_c4_keepalive_ms,0.490198
latency,3,169,http1_rust_nodelay_off_c4_keepalive_ms,0.479638
latency,3,170,http1_rust_nodelay_off_c4_keepalive_ms,0.401647
latency,3,171,http1_rust_nodelay_off_c4_keepalive_ms,7.406006
latency,3,172,http1_rust_nodelay_off_c4_keepalive_ms,0.302415
latency,3,173,http1_rust_nodelay_off_c4_keepalive_ms,0.296835
latency,3,174,http1_rust_nodelay_off_c4_keepalive_ms,0.286655
latency,3,175,http1_rust_nodelay_off_c4_keepalive_ms,0.297655
latency,3,176,http1_rust_nodelay_off_c4_keepalive_ms,0.286685
latency,3,177,http1_rust_nodelay_off_c4_keepalive_ms,0.283274
latency,3,178,http1_rust_nodelay_off_c4_keepalive_ms,0.293465
latency,3,179,http1_rust_nodelay_off_c4_keepalive_ms,0.285865
latency,3,180,http1_rust_nodelay_off_c4_keepalive_ms,0.229334
latency,3,181,http1_rust_nodelay_off_c4_keepalive_ms,0.283925
latency,3,182,http1_rust_nodelay_off_c4_keepalive_ms,0.311555
latency,3,183,http1_rust_nodelay_off_c4_keepalive_ms,0.311966
latency,3,184,http1_rust_nodelay_off_c4_keepalive_ms,0.287934
latency,3,185,http1_rust_nodelay_off_c4_keepalive_ms,0.297166
latency,3,186,http1_rust_nodelay_off_c4_keepalive_ms,0.290075
latency,3,187,http1_rust_nodelay_off_c4_keepalive_ms,0.287334
latency,3,188,http1_rust_nodelay_off_c4_keepalive_ms,0.292765
latency,3,189,http1_rust_nodelay_off_c4_keepalive_ms,0.292195
latency,3,190,http1_rust_nodelay_off_c4_keepalive_ms,0.319656
latency,3,191,http1_rust_nodelay_off_c4_keepalive_ms,0.285755
latency,3,192,http1_rust_nodelay_off_c4_keepalive_ms,6.357868
latency,3,193,http1_rust_nodelay_off_c4_keepalive_ms,0.284895
latency,3,194,http1_rust_nodelay_off_c4_keepalive_ms,0.284034
latency,3,195,http1_rust_nodelay_off_c4_keepalive_ms,0.211394
latency,3,196,http1_rust_nodelay_off_c4_keepalive_ms,0.289525
latency,3,197,http1_rust_nodelay_off_c4_keepalive_ms,0.285245
latency,3,198,http1_rust_nodelay_off_c4_keepalive_ms,0.292275
latency,3,199,http1_rust_nodelay_off_c4_keepalive_ms,0.296385
latency,3,200,http1_rust_nodelay_off_c4_keepalive_ms,0.286375
latency,3,201,http1_rust_nodelay_off_c4_keepalive_ms,0.287565
latency,3,202,http1_rust_nodelay_off_c4_keepalive_ms,6.297176
latency,3,203,http1_rust_nodelay_off_c4_keepalive_ms,0.299886
latency,3,204,http1_rust_nodelay_off_c4_keepalive_ms,0.288214
latency,3,205,http1_rust_nodelay_off_c4_keepalive_ms,0.288334
latency,3,206,http1_rust_nodelay_off_c4_keepalive_ms,0.296025
latency,3,207,http1_rust_nodelay_off_c4_keepalive_ms,0.290545
latency,3,208,http1_rust_nodelay_off_c4_keepalive_ms,0.284545
latency,3,209,http1_rust_nodelay_off_c4_keepalive_ms,0.295205
latency,3,210,http1_rust_nodelay_off_c4_keepalive_ms,0.338736
latency,3,211,http1_rust_nodelay_off_c4_keepalive_ms,0.289125
latency,3,212,http1_rust_nodelay_off_c4_keepalive_ms,0.287334
latency,3,213,http1_rust_nodelay_off_c4_keepalive_ms,0.294135
latency,3,214,http1_rust_nodelay_off_c4_keepalive_ms,0.310546
latency,3,215,http1_rust_nodelay_off_c4_keepalive_ms,0.164523
latency,3,216,http1_rust_nodelay_off_c4_keepalive_ms,0.149432
latency,3,217,http1_rust_nodelay_off_c4_keepalive_ms,0.157133
latency,3,218,http1_rust_nodelay_off_c4_keepalive_ms,0.147332
latency,3,219,http1_rust_nodelay_off_c4_keepalive_ms,0.145263
latency,3,220,http1_rust_nodelay_off_c4_keepalive_ms,0.147642
latency,3,221,http1_rust_nodelay_off_c4_keepalive_ms,0.145713
latency,3,222,http1_rust_nodelay_off_c4_keepalive_ms,0.147272
latency,3,223,http1_rust_nodelay_off_c4_keepalive_ms,0.154223
latency,3,224,http1_rust_nodelay_off_c4_keepalive_ms,0.149882
latency,3,225,http1_rust_nodelay_off_c4_keepalive_ms,0.146033
latency,3,226,http1_rust_nodelay_off_c4_keepalive_ms,0.145452
latency,3,227,http1_rust_nodelay_off_c4_keepalive_ms,0.147293
latency,3,228,http1_rust_nodelay_off_c4_keepalive_ms,0.145742
latency,3,229,http1_rust_nodelay_off_c4_keepalive_ms,0.145093
latency,3,230,http1_rust_nodelay_off_c4_keepalive_ms,7.157031
latency,3,231,http1_rust_nodelay_off_c4_keepalive_ms,0.152473
latency,3,232,http1_rust_nodelay_off_c4_keepalive_ms,0.147363
latency,3,233,http1_rust_nodelay_off_c4_keepalive_ms,0.146242
latency,3,234,http1_rust_nodelay_off_c4_keepalive_ms,0.145543
latency,3,235,http1_rust_nodelay_off_c4_keepalive_ms,0.148222
latency,3,236,http1_rust_nodelay_off_c4_keepalive_ms,0.146593
latency,3,237,http1_rust_nodelay_off_c4_keepalive_ms,0.154352
latency,3,238,http1_rust_nodelay_off_c4_keepalive_ms,0.149663
latency,3,239,http1_rust_nodelay_off_c4_keepalive_ms,0.146512
latency,3,80,http1_rust_nodelay_off_c4_keepalive_ms,0.665031
latency,3,81,http1_rust_nodelay_off_c4_keepalive_ms,0.648481
latency,3,82,http1_rust_nodelay_off_c4_keepalive_ms,0.591240
latency,3,83,http1_rust_nodelay_off_c4_keepalive_ms,0.611851
latency,3,84,http1_rust_nodelay_off_c4_keepalive_ms,4.457285
latency,3,85,http1_rust_nodelay_off_c4_keepalive_ms,0.150493
latency,3,86,http1_rust_nodelay_off_c4_keepalive_ms,0.146572
latency,3,87,http1_rust_nodelay_off_c4_keepalive_ms,0.145543
latency,3,88,http1_rust_nodelay_off_c4_keepalive_ms,0.147682
latency,3,89,http1_rust_nodelay_off_c4_keepalive_ms,0.145453
latency,3,90,http1_rust_nodelay_off_c4_keepalive_ms,0.158432
latency,3,91,http1_rust_nodelay_off_c4_keepalive_ms,0.150003
latency,3,92,http1_rust_nodelay_off_c4_keepalive_ms,0.147832
latency,3,93,http1_rust_nodelay_off_c4_keepalive_ms,0.145903
latency,3,94,http1_rust_nodelay_off_c4_keepalive_ms,0.145712
latency,3,95,http1_rust_nodelay_off_c4_keepalive_ms,0.145493
latency,3,96,http1_rust_nodelay_off_c4_keepalive_ms,0.149452
latency,3,97,http1_rust_nodelay_off_c4_keepalive_ms,0.154293
latency,3,98,http1_rust_nodelay_off_c4_keepalive_ms,0.147613
latency,3,99,http1_rust_nodelay_off_c4_keepalive_ms,0.147202
latency,3,100,http1_rust_nodelay_off_c4_keepalive_ms,0.145623
latency,3,101,http1_rust_nodelay_off_c4_keepalive_ms,0.153842
latency,3,102,http1_rust_nodelay_off_c4_keepalive_ms,0.145693
latency,3,103,http1_rust_nodelay_off_c4_keepalive_ms,0.147732
latency,3,104,http1_rust_nodelay_off_c4_keepalive_ms,6.221446
latency,3,105,http1_rust_nodelay_off_c4_keepalive_ms,0.313005
latency,3,106,http1_rust_nodelay_off_c4_keepalive_ms,0.287395
latency,3,107,http1_rust_nodelay_off_c4_keepalive_ms,0.297265
latency,3,108,http1_rust_nodelay_off_c4_keepalive_ms,0.291075
latency,3,109,http1_rust_nodelay_off_c4_keepalive_ms,0.287285
latency,3,110,http1_rust_nodelay_off_c4_keepalive_ms,0.286825
latency,3,111,http1_rust_nodelay_off_c4_keepalive_ms,0.297375
latency,3,112,http1_rust_nodelay_off_c4_keepalive_ms,0.286575
latency,3,113,http1_rust_nodelay_off_c4_keepalive_ms,0.287125
latency,3,114,http1_rust_nodelay_off_c4_keepalive_ms,0.253714
latency,3,115,http1_rust_nodelay_off_c4_keepalive_ms,6.185945
latency,3,116,http1_rust_nodelay_off_c4_keepalive_ms,0.286945
latency,3,117,http1_rust_nodelay_off_c4_keepalive_ms,0.284125
latency,3,118,http1_rust_nodelay_off_c4_keepalive_ms,0.327015
latency,3,119,http1_rust_nodelay_off_c4_keepalive_ms,0.287605
latency,3,120,http1_rust_nodelay_off_c4_keepalive_ms,0.286085
latency,3,121,http1_rust_nodelay_off_c4_keepalive_ms,0.296915
latency,3,122,http1_rust_nodelay_off_c4_keepalive_ms,0.291285
latency,3,123,http1_rust_nodelay_off_c4_keepalive_ms,0.319596
latency,3,124,http1_rust_nodelay_off_c4_keepalive_ms,0.301445
latency,3,125,http1_rust_nodelay_off_c4_keepalive_ms,6.287377
latency,3,126,http1_rust_nodelay_off_c4_keepalive_ms,0.296635
latency,3,127,http1_rust_nodelay_off_c4_keepalive_ms,0.287144
latency,3,128,http1_rust_nodelay_off_c4_keepalive_ms,0.296126
latency,3,129,http1_rust_nodelay_off_c4_keepalive_ms,0.289954
latency,3,130,http1_rust_nodelay_off_c4_keepalive_ms,0.288315
latency,3,131,http1_rust_nodelay_off_c4_keepalive_ms,0.285525
latency,3,132,http1_rust_nodelay_off_c4_keepalive_ms,0.294885
latency,3,133,http1_rust_nodelay_off_c4_keepalive_ms,0.287935
latency,3,134,http1_rust_nodelay_off_c4_keepalive_ms,0.287405
latency,3,135,http1_rust_nodelay_off_c4_keepalive_ms,6.873517
latency,3,136,http1_rust_nodelay_off_c4_keepalive_ms,0.158843
latency,3,137,http1_rust_nodelay_off_c4_keepalive_ms,0.156632
latency,3,138,http1_rust_nodelay_off_c4_keepalive_ms,0.165133
latency,3,139,http1_rust_nodelay_off_c4_keepalive_ms,0.150082
latency,3,140,http1_rust_nodelay_off_c4_keepalive_ms,0.145983
latency,3,141,http1_rust_nodelay_off_c4_keepalive_ms,0.145412
latency,3,142,http1_rust_nodelay_off_c4_keepalive_ms,0.144983
latency,3,143,http1_rust_nodelay_off_c4_keepalive_ms,0.147282
latency,3,144,http1_rust_nodelay_off_c4_keepalive_ms,0.157003
latency,3,145,http1_rust_nodelay_off_c4_keepalive_ms,0.148222
latency,3,146,http1_rust_nodelay_off_c4_keepalive_ms,0.145253
latency,3,147,http1_rust_nodelay_off_c4_keepalive_ms,0.147862
latency,3,148,http1_rust_nodelay_off_c4_keepalive_ms,0.146813
latency,3,149,http1_rust_nodelay_off_c4_keepalive_ms,0.145912
latency,3,150,http1_rust_nodelay_off_c4_keepalive_ms,0.148503
latency,3,151,http1_rust_nodelay_off_c4_keepalive_ms,0.155182
latency,3,152,http1_rust_nodelay_off_c4_keepalive_ms,0.147563
latency,3,153,http1_rust_nodelay_off_c4_keepalive_ms,0.145592
latency,3,154,http1_rust_nodelay_off_c4_keepalive_ms,0.146763
latency,3,155,http1_rust_nodelay_off_c4_keepalive_ms,0.144762
latency,3,156,http1_rust_nodelay_off_c4_keepalive_ms,0.145433
latency,3,157,http1_rust_nodelay_off_c4_keepalive_ms,0.145142
latency,3,158,http1_rust_nodelay_off_c4_keepalive_ms,2.037535
latency,3,159,http1_rust_nodelay_off_c4_keepalive_ms,0.203564
trial,3,320,http1_rust_nodelay_off_c4_median_ms,0.152652
trial,3,320,http1_rust_nodelay_off_c4_p95_ms,3.158094
trial,3,320,http1_rust_nodelay_off_c4_requests_per_second,6462.799
trial,3,320,http1_rust_nodelay_off_c4_wall_ms,49.514
latency,4,0,http1_rust_nodelay_off_c4_keepalive_ms,0.602200
latency,4,1,http1_rust_nodelay_off_c4_keepalive_ms,0.617241
latency,4,2,http1_rust_nodelay_off_c4_keepalive_ms,0.579290
latency,4,3,http1_rust_nodelay_off_c4_keepalive_ms,0.605690
latency,4,4,http1_rust_nodelay_off_c4_keepalive_ms,0.573980
latency,4,5,http1_rust_nodelay_off_c4_keepalive_ms,0.548649
latency,4,6,http1_rust_nodelay_off_c4_keepalive_ms,0.368616
latency,4,7,http1_rust_nodelay_off_c4_keepalive_ms,0.466188
latency,4,8,http1_rust_nodelay_off_c4_keepalive_ms,0.355876
latency,4,9,http1_rust_nodelay_off_c4_keepalive_ms,0.457078
latency,4,10,http1_rust_nodelay_off_c4_keepalive_ms,3.418418
latency,4,11,http1_rust_nodelay_off_c4_keepalive_ms,0.162343
latency,4,12,http1_rust_nodelay_off_c4_keepalive_ms,0.146632
latency,4,13,http1_rust_nodelay_off_c4_keepalive_ms,0.144913
latency,4,14,http1_rust_nodelay_off_c4_keepalive_ms,0.147462
latency,4,15,http1_rust_nodelay_off_c4_keepalive_ms,0.145773
latency,4,16,http1_rust_nodelay_off_c4_keepalive_ms,0.146042
latency,4,17,http1_rust_nodelay_off_c4_keepalive_ms,0.154253
latency,4,18,http1_rust_nodelay_off_c4_keepalive_ms,0.147692
latency,4,19,http1_rust_nodelay_off_c4_keepalive_ms,0.144983
latency,4,20,http1_rust_nodelay_off_c4_keepalive_ms,0.145322
latency,4,21,http1_rust_nodelay_off_c4_keepalive_ms,0.145073
latency,4,22,http1_rust_nodelay_off_c4_keepalive_ms,0.155322
latency,4,23,http1_rust_nodelay_off_c4_keepalive_ms,0.152533
latency,4,24,http1_rust_nodelay_off_c4_keepalive_ms,0.148483
latency,4,25,http1_rust_nodelay_off_c4_keepalive_ms,0.147402
latency,4,26,http1_rust_nodelay_off_c4_keepalive_ms,0.145343
latency,4,27,http1_rust_nodelay_off_c4_keepalive_ms,0.145132
latency,4,28,http1_rust_nodelay_off_c4_keepalive_ms,0.144953
latency,4,29,http1_rust_nodelay_off_c4_keepalive_ms,0.147382
latency,4,30,http1_rust_nodelay_off_c4_keepalive_ms,9.155546
latency,4,31,http1_rust_nodelay_off_c4_keepalive_ms,0.150172
latency,4,32,http1_rust_nodelay_off_c4_keepalive_ms,0.147133
latency,4,33,http1_rust_nodelay_off_c4_keepalive_ms,0.148742
latency,4,34,http1_rust_nodelay_off_c4_keepalive_ms,0.146543
latency,4,35,http1_rust_nodelay_off_c4_keepalive_ms,0.145762
latency,4,36,http1_rust_nodelay_off_c4_keepalive_ms,0.145422
latency,4,37,http1_rust_nodelay_off_c4_keepalive_ms,0.155063
latency,4,38,http1_rust_nodelay_off_c4_keepalive_ms,0.149163
latency,4,39,http1_rust_nodelay_off_c4_keepalive_ms,0.147262
latency,4,40,http1_rust_nodelay_off_c4_keepalive_ms,0.147253
latency,4,41,http1_rust_nodelay_off_c4_keepalive_ms,0.145842
latency,4,42,http1_rust_nodelay_off_c4_keepalive_ms,0.144672
latency,4,43,http1_rust_nodelay_off_c4_keepalive_ms,0.144833
latency,4,44,http1_rust_nodelay_off_c4_keepalive_ms,0.155943
latency,4,45,http1_rust_nodelay_off_c4_keepalive_ms,0.145352
latency,4,46,http1_rust_nodelay_off_c4_keepalive_ms,0.145143
latency,4,47,http1_rust_nodelay_off_c4_keepalive_ms,0.144562
latency,4,48,http1_rust_nodelay_off_c4_keepalive_ms,0.147363
latency,4,49,http1_rust_nodelay_off_c4_keepalive_ms,0.144562
latency,4,50,http1_rust_nodelay_off_c4_keepalive_ms,9.152526
latency,4,51,http1_rust_nodelay_off_c4_keepalive_ms,0.151102
latency,4,52,http1_rust_nodelay_off_c4_keepalive_ms,0.147233
latency,4,53,http1_rust_nodelay_off_c4_keepalive_ms,0.145212
latency,4,54,http1_rust_nodelay_off_c4_keepalive_ms,0.152693
latency,4,55,http1_rust_nodelay_off_c4_keepalive_ms,0.147572
latency,4,56,http1_rust_nodelay_off_c4_keepalive_ms,0.144603
latency,4,57,http1_rust_nodelay_off_c4_keepalive_ms,0.151982
latency,4,58,http1_rust_nodelay_off_c4_keepalive_ms,0.146153
latency,4,59,http1_rust_nodelay_off_c4_keepalive_ms,0.146982
latency,4,60,http1_rust_nodelay_off_c4_keepalive_ms,0.146103
latency,4,61,http1_rust_nodelay_off_c4_keepalive_ms,0.150922
latency,4,62,http1_rust_nodelay_off_c4_keepalive_ms,0.144683
latency,4,63,http1_rust_nodelay_off_c4_keepalive_ms,0.146822
latency,4,64,http1_rust_nodelay_off_c4_keepalive_ms,0.154113
latency,4,65,http1_rust_nodelay_off_c4_keepalive_ms,0.146002
latency,4,66,http1_rust_nodelay_off_c4_keepalive_ms,0.144613
latency,4,67,http1_rust_nodelay_off_c4_keepalive_ms,0.146772
latency,4,68,http1_rust_nodelay_off_c4_keepalive_ms,0.144923
latency,4,69,http1_rust_nodelay_off_c4_keepalive_ms,0.144412
latency,4,70,http1_rust_nodelay_off_c4_keepalive_ms,0.147293
latency,4,71,http1_rust_nodelay_off_c4_keepalive_ms,6.218305
latency,4,72,http1_rust_nodelay_off_c4_keepalive_ms,0.188014
latency,4,73,http1_rust_nodelay_off_c4_keepalive_ms,0.147772
latency,4,74,http1_rust_nodelay_off_c4_keepalive_ms,0.145633
latency,4,75,http1_rust_nodelay_off_c4_keepalive_ms,0.147732
latency,4,76,http1_rust_nodelay_off_c4_keepalive_ms,0.145753
latency,4,77,http1_rust_nodelay_off_c4_keepalive_ms,0.189603
latency,4,78,http1_rust_nodelay_off_c4_keepalive_ms,0.150232
latency,4,79,http1_rust_nodelay_off_c4_keepalive_ms,0.146373
latency,4,240,http1_rust_nodelay_off_c4_keepalive_ms,0.512809
latency,4,241,http1_rust_nodelay_off_c4_keepalive_ms,0.635531
latency,4,242,http1_rust_nodelay_off_c4_keepalive_ms,0.570570
latency,4,243,http1_rust_nodelay_off_c4_keepalive_ms,0.618700
latency,4,244,http1_rust_nodelay_off_c4_keepalive_ms,0.573530
latency,4,245,http1_rust_nodelay_off_c4_keepalive_ms,0.568730
latency,4,246,http1_rust_nodelay_off_c4_keepalive_ms,0.476398
latency,4,247,http1_rust_nodelay_off_c4_keepalive_ms,0.498408
latency,4,248,http1_rust_nodelay_off_c4_keepalive_ms,0.465068
latency,4,249,http1_rust_nodelay_off_c4_keepalive_ms,0.366127
latency,4,250,http1_rust_nodelay_off_c4_keepalive_ms,0.417257
latency,4,251,http1_rust_nodelay_off_c4_keepalive_ms,5.949831
latency,4,252,http1_rust_nodelay_off_c4_keepalive_ms,0.149392
latency,4,253,http1_rust_nodelay_off_c4_keepalive_ms,0.146253
latency,4,254,http1_rust_nodelay_off_c4_keepalive_ms,0.145862
latency,4,255,http1_rust_nodelay_off_c4_keepalive_ms,0.154803
latency,4,256,http1_rust_nodelay_off_c4_keepalive_ms,0.146012
latency,4,257,http1_rust_nodelay_off_c4_keepalive_ms,0.150823
latency,4,258,http1_rust_nodelay_off_c4_keepalive_ms,0.151313
latency,4,259,http1_rust_nodelay_off_c4_keepalive_ms,0.146362
latency,4,260,http1_rust_nodelay_off_c4_keepalive_ms,0.145842
latency,4,261,http1_rust_nodelay_off_c4_keepalive_ms,0.145613
latency,4,262,http1_rust_nodelay_off_c4_keepalive_ms,0.147442
latency,4,263,http1_rust_nodelay_off_c4_keepalive_ms,0.145633
latency,4,264,http1_rust_nodelay_off_c4_keepalive_ms,0.154133
latency,4,265,http1_rust_nodelay_off_c4_keepalive_ms,0.148022
latency,4,266,http1_rust_nodelay_off_c4_keepalive_ms,0.148042
latency,4,267,http1_rust_nodelay_off_c4_keepalive_ms,0.146233
latency,4,268,http1_rust_nodelay_off_c4_keepalive_ms,0.146672
latency,4,269,http1_rust_nodelay_off_c4_keepalive_ms,0.145803
latency,4,270,http1_rust_nodelay_off_c4_keepalive_ms,0.148452
latency,4,271,http1_rust_nodelay_off_c4_keepalive_ms,9.162916
latency,4,272,http1_rust_nodelay_off_c4_keepalive_ms,0.149473
latency,4,273,http1_rust_nodelay_off_c4_keepalive_ms,0.148392
latency,4,274,http1_rust_nodelay_off_c4_keepalive_ms,0.147043
latency,4,275,http1_rust_nodelay_off_c4_keepalive_ms,0.146852
latency,4,276,http1_rust_nodelay_off_c4_keepalive_ms,0.145953
latency,4,277,http1_rust_nodelay_off_c4_keepalive_ms,0.148442
latency,4,278,http1_rust_nodelay_off_c4_keepalive_ms,0.155303
latency,4,279,http1_rust_nodelay_off_c4_keepalive_ms,0.146602
latency,4,280,http1_rust_nodelay_off_c4_keepalive_ms,0.146063
latency,4,281,http1_rust_nodelay_off_c4_keepalive_ms,0.148042
latency,4,282,http1_rust_nodelay_off_c4_keepalive_ms,0.145383
latency,4,283,http1_rust_nodelay_off_c4_keepalive_ms,0.145582
latency,4,284,http1_rust_nodelay_off_c4_keepalive_ms,0.151173
latency,4,285,http1_rust_nodelay_off_c4_keepalive_ms,0.165563
latency,4,286,http1_rust_nodelay_off_c4_keepalive_ms,0.145362
latency,4,287,http1_rust_nodelay_off_c4_keepalive_ms,0.145363
latency,4,288,http1_rust_nodelay_off_c4_keepalive_ms,0.147182
latency,4,289,http1_rust_nodelay_off_c4_keepalive_ms,0.145473
latency,4,290,http1_rust_nodelay_off_c4_keepalive_ms,0.145442
latency,4,291,http1_rust_nodelay_off_c4_keepalive_ms,9.155756
latency,4,292,http1_rust_nodelay_off_c4_keepalive_ms,0.150942
latency,4,293,http1_rust_nodelay_off_c4_keepalive_ms,0.145833
latency,4,294,http1_rust_nodelay_off_c4_keepalive_ms,0.145272
latency,4,295,http1_rust_nodelay_off_c4_keepalive_ms,0.144922
latency,4,296,http1_rust_nodelay_off_c4_keepalive_ms,0.147343
latency,4,297,http1_rust_nodelay_off_c4_keepalive_ms,0.145382
latency,4,298,http1_rust_nodelay_off_c4_keepalive_ms,0.160453
latency,4,299,http1_rust_nodelay_off_c4_keepalive_ms,0.146872
latency,4,300,http1_rust_nodelay_off_c4_keepalive_ms,0.147253
latency,4,301,http1_rust_nodelay_off_c4_keepalive_ms,0.145132
latency,4,302,http1_rust_nodelay_off_c4_keepalive_ms,0.144943
latency,4,303,http1_rust_nodelay_off_c4_keepalive_ms,0.148022
latency,4,304,http1_rust_nodelay_off_c4_keepalive_ms,0.151483
latency,4,305,http1_rust_nodelay_off_c4_keepalive_ms,0.149633
latency,4,306,http1_rust_nodelay_off_c4_keepalive_ms,0.145412
latency,4,307,http1_rust_nodelay_off_c4_keepalive_ms,0.147983
latency,4,308,http1_rust_nodelay_off_c4_keepalive_ms,0.146222
latency,4,309,http1_rust_nodelay_off_c4_keepalive_ms,0.146103
latency,4,310,http1_rust_nodelay_off_c4_keepalive_ms,0.146092
latency,4,311,http1_rust_nodelay_off_c4_keepalive_ms,5.089947
latency,4,312,http1_rust_nodelay_off_c4_keepalive_ms,0.180393
latency,4,313,http1_rust_nodelay_off_c4_keepalive_ms,0.149182
latency,4,314,http1_rust_nodelay_off_c4_keepalive_ms,0.146503
latency,4,315,http1_rust_nodelay_off_c4_keepalive_ms,0.148702
latency,4,316,http1_rust_nodelay_off_c4_keepalive_ms,0.146723
latency,4,317,http1_rust_nodelay_off_c4_keepalive_ms,0.145982
latency,4,318,http1_rust_nodelay_off_c4_keepalive_ms,0.153153
latency,4,319,http1_rust_nodelay_off_c4_keepalive_ms,0.150782
latency,4,80,http1_rust_nodelay_off_c4_keepalive_ms,0.554689
latency,4,81,http1_rust_nodelay_off_c4_keepalive_ms,0.619781
latency,4,82,http1_rust_nodelay_off_c4_keepalive_ms,0.567579
latency,4,83,http1_rust_nodelay_off_c4_keepalive_ms,0.616761
latency,4,84,http1_rust_nodelay_off_c4_keepalive_ms,0.573810
latency,4,85,http1_rust_nodelay_off_c4_keepalive_ms,0.570059
latency,4,86,http1_rust_nodelay_off_c4_keepalive_ms,0.475038
latency,4,87,http1_rust_nodelay_off_c4_keepalive_ms,0.364837
latency,4,88,http1_rust_nodelay_off_c4_keepalive_ms,0.474958
latency,4,89,http1_rust_nodelay_off_c4_keepalive_ms,0.342816
latency,4,90,http1_rust_nodelay_off_c4_keepalive_ms,0.466848
latency,4,91,http1_rust_nodelay_off_c4_keepalive_ms,0.200433
latency,4,92,http1_rust_nodelay_off_c4_keepalive_ms,0.146872
latency,4,93,http1_rust_nodelay_off_c4_keepalive_ms,0.145483
latency,4,94,http1_rust_nodelay_off_c4_keepalive_ms,0.147382
latency,4,95,http1_rust_nodelay_off_c4_keepalive_ms,0.145353
latency,4,96,http1_rust_nodelay_off_c4_keepalive_ms,0.152132
latency,4,97,http1_rust_nodelay_off_c4_keepalive_ms,0.150003
latency,4,98,http1_rust_nodelay_off_c4_keepalive_ms,0.145892
latency,4,99,http1_rust_nodelay_off_c4_keepalive_ms,0.145363
latency,4,100,http1_rust_nodelay_off_c4_keepalive_ms,0.145282
latency,4,101,http1_rust_nodelay_off_c4_keepalive_ms,0.147083
latency,4,102,http1_rust_nodelay_off_c4_keepalive_ms,0.145752
latency,4,103,http1_rust_nodelay_off_c4_keepalive_ms,0.153313
latency,4,104,http1_rust_nodelay_off_c4_keepalive_ms,0.147242
latency,4,105,http1_rust_nodelay_off_c4_keepalive_ms,0.147413
latency,4,106,http1_rust_nodelay_off_c4_keepalive_ms,0.145382
latency,4,107,http1_rust_nodelay_off_c4_keepalive_ms,0.145163
latency,4,108,http1_rust_nodelay_off_c4_keepalive_ms,0.145322
latency,4,109,http1_rust_nodelay_off_c4_keepalive_ms,0.148013
latency,4,110,http1_rust_nodelay_off_c4_keepalive_ms,9.123845
latency,4,111,http1_rust_nodelay_off_c4_keepalive_ms,0.149322
latency,4,112,http1_rust_nodelay_off_c4_keepalive_ms,0.148173
latency,4,113,http1_rust_nodelay_off_c4_keepalive_ms,0.146082
latency,4,114,http1_rust_nodelay_off_c4_keepalive_ms,0.145763
latency,4,115,http1_rust_nodelay_off_c4_keepalive_ms,0.146472
latency,4,116,http1_rust_nodelay_off_c4_keepalive_ms,0.147073
latency,4,117,http1_rust_nodelay_off_c4_keepalive_ms,0.153732
latency,4,118,http1_rust_nodelay_off_c4_keepalive_ms,0.146093
latency,4,119,http1_rust_nodelay_off_c4_keepalive_ms,0.145622
latency,4,120,http1_rust_nodelay_off_c4_keepalive_ms,0.153783
latency,4,121,http1_rust_nodelay_off_c4_keepalive_ms,0.145703
latency,4,122,http1_rust_nodelay_off_c4_keepalive_ms,0.145392
latency,4,123,http1_rust_nodelay_off_c4_keepalive_ms,0.151263
latency,4,124,http1_rust_nodelay_off_c4_keepalive_ms,0.151572
latency,4,125,http1_rust_nodelay_off_c4_keepalive_ms,0.145583
latency,4,126,http1_rust_nodelay_off_c4_keepalive_ms,0.145062
latency,4,127,http1_rust_nodelay_off_c4_keepalive_ms,0.148013
latency,4,128,http1_rust_nodelay_off_c4_keepalive_ms,0.146392
latency,4,129,http1_rust_nodelay_off_c4_keepalive_ms,0.146633
latency,4,130,http1_rust_nodelay_off_c4_keepalive_ms,9.154435
latency,4,131,http1_rust_nodelay_off_c4_keepalive_ms,0.150412
latency,4,132,http1_rust_nodelay_off_c4_keepalive_ms,0.145723
latency,4,133,http1_rust_nodelay_off_c4_keepalive_ms,0.145762
latency,4,134,http1_rust_nodelay_off_c4_keepalive_ms,0.145243
latency,4,135,http1_rust_nodelay_off_c4_keepalive_ms,0.147692
latency,4,136,http1_rust_nodelay_off_c4_keepalive_ms,0.145433
latency,4,137,http1_rust_nodelay_off_c4_keepalive_ms,0.153472
latency,4,138,http1_rust_nodelay_off_c4_keepalive_ms,0.147233
latency,4,139,http1_rust_nodelay_off_c4_keepalive_ms,0.147203
latency,4,140,http1_rust_nodelay_off_c4_keepalive_ms,0.146032
latency,4,141,http1_rust_nodelay_off_c4_keepalive_ms,0.152153
latency,4,142,http1_rust_nodelay_off_c4_keepalive_ms,0.148112
latency,4,143,http1_rust_nodelay_off_c4_keepalive_ms,0.145993
latency,4,144,http1_rust_nodelay_off_c4_keepalive_ms,0.153892
latency,4,145,http1_rust_nodelay_off_c4_keepalive_ms,0.146973
latency,4,146,http1_rust_nodelay_off_c4_keepalive_ms,0.148332
latency,4,147,http1_rust_nodelay_off_c4_keepalive_ms,0.145253
latency,4,148,http1_rust_nodelay_off_c4_keepalive_ms,0.145402
latency,4,149,http1_rust_nodelay_off_c4_keepalive_ms,0.145733
latency,4,150,http1_rust_nodelay_off_c4_keepalive_ms,9.156215
latency,4,151,http1_rust_nodelay_off_c4_keepalive_ms,3.818795
latency,4,152,http1_rust_nodelay_off_c4_keepalive_ms,0.165553
latency,4,153,http1_rust_nodelay_off_c4_keepalive_ms,0.156633
latency,4,154,http1_rust_nodelay_off_c4_keepalive_ms,0.147252
latency,4,155,http1_rust_nodelay_off_c4_keepalive_ms,0.147953
latency,4,156,http1_rust_nodelay_off_c4_keepalive_ms,0.145942
latency,4,157,http1_rust_nodelay_off_c4_keepalive_ms,0.148633
latency,4,158,http1_rust_nodelay_off_c4_keepalive_ms,0.152452
latency,4,159,http1_rust_nodelay_off_c4_keepalive_ms,0.153833
latency,4,160,http1_rust_nodelay_off_c4_keepalive_ms,0.578620
latency,4,161,http1_rust_nodelay_off_c4_keepalive_ms,0.617840
latency,4,162,http1_rust_nodelay_off_c4_keepalive_ms,0.578530
latency,4,163,http1_rust_nodelay_off_c4_keepalive_ms,0.411017
latency,4,164,http1_rust_nodelay_off_c4_keepalive_ms,0.573290
latency,4,165,http1_rust_nodelay_off_c4_keepalive_ms,0.569650
latency,4,166,http1_rust_nodelay_off_c4_keepalive_ms,11.335392
latency,4,167,http1_rust_nodelay_off_c4_keepalive_ms,0.151733
latency,4,168,http1_rust_nodelay_off_c4_keepalive_ms,0.146942
latency,4,169,http1_rust_nodelay_off_c4_keepalive_ms,0.146413
latency,4,170,http1_rust_nodelay_off_c4_keepalive_ms,0.148422
latency,4,171,http1_rust_nodelay_off_c4_keepalive_ms,0.146983
latency,4,172,http1_rust_nodelay_off_c4_keepalive_ms,0.153572
latency,4,173,http1_rust_nodelay_off_c4_keepalive_ms,0.150953
latency,4,174,http1_rust_nodelay_off_c4_keepalive_ms,0.146862
latency,4,175,http1_rust_nodelay_off_c4_keepalive_ms,0.146343
latency,4,176,http1_rust_nodelay_off_c4_keepalive_ms,0.145322
latency,4,177,http1_rust_nodelay_off_c4_keepalive_ms,0.148223
latency,4,178,http1_rust_nodelay_off_c4_keepalive_ms,0.145282
latency,4,179,http1_rust_nodelay_off_c4_keepalive_ms,0.153133
latency,4,180,http1_rust_nodelay_off_c4_keepalive_ms,0.147022
latency,4,181,http1_rust_nodelay_off_c4_keepalive_ms,0.147683
latency,4,182,http1_rust_nodelay_off_c4_keepalive_ms,0.145722
latency,4,183,http1_rust_nodelay_off_c4_keepalive_ms,0.145543
latency,4,184,http1_rust_nodelay_off_c4_keepalive_ms,0.145852
latency,4,185,http1_rust_nodelay_off_c4_keepalive_ms,0.147953
latency,4,186,http1_rust_nodelay_off_c4_keepalive_ms,9.156875
latency,4,187,http1_rust_nodelay_off_c4_keepalive_ms,0.149003
latency,4,188,http1_rust_nodelay_off_c4_keepalive_ms,0.154573
latency,4,189,http1_rust_nodelay_off_c4_keepalive_ms,0.148042
latency,4,190,http1_rust_nodelay_off_c4_keepalive_ms,0.148303
latency,4,191,http1_rust_nodelay_off_c4_keepalive_ms,0.147412
latency,4,192,http1_rust_nodelay_off_c4_keepalive_ms,0.154383
latency,4,193,http1_rust_nodelay_off_c4_keepalive_ms,0.149922
latency,4,194,http1_rust_nodelay_off_c4_keepalive_ms,0.148993
latency,4,195,http1_rust_nodelay_off_c4_keepalive_ms,0.146492
latency,4,196,http1_rust_nodelay_off_c4_keepalive_ms,0.148373
latency,4,197,http1_rust_nodelay_off_c4_keepalive_ms,0.146062
latency,4,198,http1_rust_nodelay_off_c4_keepalive_ms,0.146743
latency,4,199,http1_rust_nodelay_off_c4_keepalive_ms,0.153763
latency,4,200,http1_rust_nodelay_off_c4_keepalive_ms,0.149642
latency,4,201,http1_rust_nodelay_off_c4_keepalive_ms,0.146122
latency,4,202,http1_rust_nodelay_off_c4_keepalive_ms,0.145963
latency,4,203,http1_rust_nodelay_off_c4_keepalive_ms,0.148262
latency,4,204,http1_rust_nodelay_off_c4_keepalive_ms,0.146393
latency,4,205,http1_rust_nodelay_off_c4_keepalive_ms,0.146152
latency,4,206,http1_rust_nodelay_off_c4_keepalive_ms,9.158846
latency,4,207,http1_rust_nodelay_off_c4_keepalive_ms,0.152983
latency,4,208,http1_rust_nodelay_off_c4_keepalive_ms,0.147162
latency,4,209,http1_rust_nodelay_off_c4_keepalive_ms,0.146743
latency,4,210,http1_rust_nodelay_off_c4_keepalive_ms,0.145522
latency,4,211,http1_rust_nodelay_off_c4_keepalive_ms,0.148143
latency,4,212,http1_rust_nodelay_off_c4_keepalive_ms,0.152072
latency,4,213,http1_rust_nodelay_off_c4_keepalive_ms,0.156253
latency,4,214,http1_rust_nodelay_off_c4_keepalive_ms,0.146832
latency,4,215,http1_rust_nodelay_off_c4_keepalive_ms,0.148303
latency,4,216,http1_rust_nodelay_off_c4_keepalive_ms,0.146112
latency,4,217,http1_rust_nodelay_off_c4_keepalive_ms,0.145833
latency,4,218,http1_rust_nodelay_off_c4_keepalive_ms,0.148322
latency,4,219,http1_rust_nodelay_off_c4_keepalive_ms,0.154733
latency,4,220,http1_rust_nodelay_off_c4_keepalive_ms,0.154873
latency,4,221,http1_rust_nodelay_off_c4_keepalive_ms,0.146502
latency,4,222,http1_rust_nodelay_off_c4_keepalive_ms,0.147893
latency,4,223,http1_rust_nodelay_off_c4_keepalive_ms,0.145632
latency,4,224,http1_rust_nodelay_off_c4_keepalive_ms,0.145663
latency,4,225,http1_rust_nodelay_off_c4_keepalive_ms,0.145372
latency,4,226,http1_rust_nodelay_off_c4_keepalive_ms,5.674046
latency,4,227,http1_rust_nodelay_off_c4_keepalive_ms,0.155233
latency,4,228,http1_rust_nodelay_off_c4_keepalive_ms,0.148043
latency,4,229,http1_rust_nodelay_off_c4_keepalive_ms,0.155722
latency,4,230,http1_rust_nodelay_off_c4_keepalive_ms,0.150853
latency,4,231,http1_rust_nodelay_off_c4_keepalive_ms,0.152272
latency,4,232,http1_rust_nodelay_off_c4_keepalive_ms,0.146123
latency,4,233,http1_rust_nodelay_off_c4_keepalive_ms,0.145482
latency,4,234,http1_rust_nodelay_off_c4_keepalive_ms,0.147713
latency,4,235,http1_rust_nodelay_off_c4_keepalive_ms,0.145912
latency,4,236,http1_rust_nodelay_off_c4_keepalive_ms,0.156933
latency,4,237,http1_rust_nodelay_off_c4_keepalive_ms,0.147223
latency,4,238,http1_rust_nodelay_off_c4_keepalive_ms,0.162032
latency,4,239,http1_rust_nodelay_off_c4_keepalive_ms,0.145753
trial,4,320,http1_rust_nodelay_off_c4_median_ms,0.147692
trial,4,320,http1_rust_nodelay_off_c4_p95_ms,0.635531
trial,4,320,http1_rust_nodelay_off_c4_requests_per_second,6455.737
trial,4,320,http1_rust_nodelay_off_c4_wall_ms,49.568
summary,0,1600,http1_rust_nodelay_off_c4_keepalive_ms_median,0.149392
summary,0,1600,http1_rust_nodelay_off_c4_keepalive_ms_p95,0.678372
latency,0,160,http1_rust_nodelay_off_c16_keepalive_ms,1.831631
latency,0,161,http1_rust_nodelay_off_c16_keepalive_ms,2.435352
latency,0,162,http1_rust_nodelay_off_c16_keepalive_ms,1.630317
latency,0,163,http1_rust_nodelay_off_c16_keepalive_ms,2.512313
latency,0,164,http1_rust_nodelay_off_c16_keepalive_ms,1.640878
latency,0,165,http1_rust_nodelay_off_c16_keepalive_ms,2.173687
latency,0,166,http1_rust_nodelay_off_c16_keepalive_ms,2.248268
latency,0,167,http1_rust_nodelay_off_c16_keepalive_ms,1.564907
latency,0,168,http1_rust_nodelay_off_c16_keepalive_ms,1.903692
latency,0,169,http1_rust_nodelay_off_c16_keepalive_ms,1.442194
latency,0,170,http1_rust_nodelay_off_c16_keepalive_ms,2.090916
latency,0,171,http1_rust_nodelay_off_c16_keepalive_ms,1.367843
latency,0,172,http1_rust_nodelay_off_c16_keepalive_ms,1.905493
latency,0,173,http1_rust_nodelay_off_c16_keepalive_ms,1.922052
latency,0,174,http1_rust_nodelay_off_c16_keepalive_ms,1.807211
latency,0,175,http1_rust_nodelay_off_c16_keepalive_ms,2.039675
latency,0,176,http1_rust_nodelay_off_c16_keepalive_ms,1.474875
latency,0,177,http1_rust_nodelay_off_c16_keepalive_ms,1.882841
latency,0,178,http1_rust_nodelay_off_c16_keepalive_ms,1.648739
latency,0,179,http1_rust_nodelay_off_c16_keepalive_ms,2.027394
latency,0,180,http1_rust_nodelay_off_c16_keepalive_ms,1.468815
latency,0,181,http1_rust_nodelay_off_c16_keepalive_ms,2.050165
latency,0,182,http1_rust_nodelay_off_c16_keepalive_ms,1.503025
latency,0,183,http1_rust_nodelay_off_c16_keepalive_ms,2.060655
latency,0,184,http1_rust_nodelay_off_c16_keepalive_ms,2.183868
latency,0,185,http1_rust_nodelay_off_c16_keepalive_ms,1.543436
latency,0,186,http1_rust_nodelay_off_c16_keepalive_ms,1.641738
latency,0,187,http1_rust_nodelay_off_c16_keepalive_ms,2.141796
latency,0,188,http1_rust_nodelay_off_c16_keepalive_ms,1.562817
latency,0,189,http1_rust_nodelay_off_c16_keepalive_ms,1.687078
latency,0,190,http1_rust_nodelay_off_c16_keepalive_ms,2.086716
latency,0,191,http1_rust_nodelay_off_c16_keepalive_ms,2.099615
latency,0,192,http1_rust_nodelay_off_c16_keepalive_ms,2.196118
latency,0,193,http1_rust_nodelay_off_c16_keepalive_ms,2.094885
latency,0,194,http1_rust_nodelay_off_c16_keepalive_ms,1.963584
latency,0,195,http1_rust_nodelay_off_c16_keepalive_ms,1.619917
latency,0,196,http1_rust_nodelay_off_c16_keepalive_ms,1.715509
latency,0,197,http1_rust_nodelay_off_c16_keepalive_ms,1.550307
latency,0,198,http1_rust_nodelay_off_c16_keepalive_ms,1.439374
latency,0,199,http1_rust_nodelay_off_c16_keepalive_ms,1.511826
latency,0,200,http1_rust_nodelay_off_c16_keepalive_ms,1.416154
latency,0,201,http1_rust_nodelay_off_c16_keepalive_ms,1.147549
latency,0,202,http1_rust_nodelay_off_c16_keepalive_ms,1.192871
latency,0,203,http1_rust_nodelay_off_c16_keepalive_ms,1.498535
latency,0,204,http1_rust_nodelay_off_c16_keepalive_ms,1.658548
latency,0,205,http1_rust_nodelay_off_c16_keepalive_ms,1.516236
latency,0,206,http1_rust_nodelay_off_c16_keepalive_ms,1.530606
latency,0,207,http1_rust_nodelay_off_c16_keepalive_ms,1.102689
latency,0,208,http1_rust_nodelay_off_c16_keepalive_ms,1.331722
latency,0,209,http1_rust_nodelay_off_c16_keepalive_ms,1.438755
latency,0,210,http1_rust_nodelay_off_c16_keepalive_ms,1.300122
latency,0,211,http1_rust_nodelay_off_c16_keepalive_ms,1.161620
latency,0,212,http1_rust_nodelay_off_c16_keepalive_ms,1.168420
latency,0,213,http1_rust_nodelay_off_c16_keepalive_ms,1.203410
latency,0,214,http1_rust_nodelay_off_c16_keepalive_ms,1.547036
latency,0,215,http1_rust_nodelay_off_c16_keepalive_ms,1.605217
latency,0,216,http1_rust_nodelay_off_c16_keepalive_ms,1.468625
latency,0,217,http1_rust_nodelay_off_c16_keepalive_ms,1.398634
latency,0,218,http1_rust_nodelay_off_c16_keepalive_ms,1.380394
latency,0,219,http1_rust_nodelay_off_c16_keepalive_ms,1.080758
latency,0,220,http1_rust_nodelay_off_c16_keepalive_ms,1.451925
latency,0,221,http1_rust_nodelay_off_c16_keepalive_ms,1.161539
latency,0,222,http1_rust_nodelay_off_c16_keepalive_ms,1.138690
latency,0,223,http1_rust_nodelay_off_c16_keepalive_ms,1.546486
latency,0,224,http1_rust_nodelay_off_c16_keepalive_ms,1.555177
latency,0,225,http1_rust_nodelay_off_c16_keepalive_ms,1.182100
latency,0,226,http1_rust_nodelay_off_c16_keepalive_ms,1.181309
latency,0,227,http1_rust_nodelay_off_c16_keepalive_ms,1.463185
latency,0,228,http1_rust_nodelay_off_c16_keepalive_ms,1.468385
latency,0,229,http1_rust_nodelay_off_c16_keepalive_ms,1.067259
latency,0,230,http1_rust_nodelay_off_c16_keepalive_ms,1.294652
latency,0,231,http1_rust_nodelay_off_c16_keepalive_ms,1.178280
latency,0,232,http1_rust_nodelay_off_c16_keepalive_ms,0.974656
latency,0,233,http1_rust_nodelay_off_c16_keepalive_ms,1.192680
latency,0,234,http1_rust_nodelay_off_c16_keepalive_ms,0.958767
latency,0,235,http1_rust_nodelay_off_c16_keepalive_ms,1.310622
latency,0,236,http1_rust_nodelay_off_c16_keepalive_ms,0.722332
latency,0,237,http1_rust_nodelay_off_c16_keepalive_ms,1.432895
latency,0,238,http1_rust_nodelay_off_c16_keepalive_ms,1.344652
latency,0,239,http1_rust_nodelay_off_c16_keepalive_ms,1.135179
latency,0,0,http1_rust_nodelay_off_c16_keepalive_ms,2.456511
latency,0,1,http1_rust_nodelay_off_c16_keepalive_ms,1.765060
latency,0,2,http1_rust_nodelay_off_c16_keepalive_ms,2.651666
latency,0,3,http1_rust_nodelay_off_c16_keepalive_ms,2.225938
latency,0,4,http1_rust_nodelay_off_c16_keepalive_ms,1.650037
latency,0,5,http1_rust_nodelay_off_c16_keepalive_ms,2.157347
latency,0,6,http1_rust_nodelay_off_c16_keepalive_ms,1.525506
latency,0,7,http1_rust_nodelay_off_c16_keepalive_ms,2.060625
latency,0,8,http1_rust_nodelay_off_c16_keepalive_ms,1.938173
latency,0,9,http1_rust_nodelay_off_c16_keepalive_ms,1.550366
latency,0,10,http1_rust_nodelay_off_c16_keepalive_ms,1.919733
latency,0,11,http1_rust_nodelay_off_c16_keepalive_ms,1.478125
latency,0,12,http1_rust_nodelay_off_c16_keepalive_ms,1.839801
latency,0,13,http1_rust_nodelay_off_c16_keepalive_ms,1.925443
latency,0,14,http1_rust_nodelay_off_c16_keepalive_ms,1.785340
latency,0,15,http1_rust_nodelay_off_c16_keepalive_ms,1.974344
latency,0,16,http1_rust_nodelay_off_c16_keepalive_ms,1.533386
latency,0,17,http1_rust_nodelay_off_c16_keepalive_ms,1.890502
latency,0,18,http1_rust_nodelay_off_c16_keepalive_ms,1.708979
latency,0,19,http1_rust_nodelay_off_c16_keepalive_ms,1.955743
latency,0,20,http1_rust_nodelay_off_c16_keepalive_ms,1.446895
latency,0,21,http1_rust_nodelay_off_c16_keepalive_ms,2.029314
latency,0,22,http1_rust_nodelay_off_c16_keepalive_ms,1.495346
latency,0,23,http1_rust_nodelay_off_c16_keepalive_ms,2.213787
latency,0,24,http1_rust_nodelay_off_c16_keepalive_ms,1.627068
latency,0,25,http1_rust_nodelay_off_c16_keepalive_ms,1.542096
latency,0,26,http1_rust_nodelay_off_c16_keepalive_ms,2.112486
latency,0,27,http1_rust_nodelay_off_c16_keepalive_ms,1.671998
latency,0,28,http1_rust_nodelay_off_c16_keepalive_ms,1.561867
latency,0,29,http1_rust_nodelay_off_c16_keepalive_ms,2.113016
latency,0,30,http1_rust_nodelay_off_c16_keepalive_ms,1.662098
latency,0,31,http1_rust_nodelay_off_c16_keepalive_ms,2.092786
latency,0,32,http1_rust_nodelay_off_c16_keepalive_ms,1.662688
latency,0,33,http1_rust_nodelay_off_c16_keepalive_ms,1.686449
latency,0,34,http1_rust_nodelay_off_c16_keepalive_ms,2.000223
latency,0,35,http1_rust_nodelay_off_c16_keepalive_ms,1.513076
latency,0,36,http1_rust_nodelay_off_c16_keepalive_ms,2.107186
latency,0,37,http1_rust_nodelay_off_c16_keepalive_ms,1.044618
latency,0,38,http1_rust_nodelay_off_c16_keepalive_ms,1.476285
latency,0,39,http1_rust_nodelay_off_c16_keepalive_ms,1.105899
latency,0,40,http1_rust_nodelay_off_c16_keepalive_ms,1.093378
latency,0,41,http1_rust_nodelay_off_c16_keepalive_ms,1.480145
latency,0,42,http1_rust_nodelay_off_c16_keepalive_ms,1.460975
latency,0,43,http1_rust_nodelay_off_c16_keepalive_ms,1.595478
latency,0,44,http1_rust_nodelay_off_c16_keepalive_ms,1.578086
latency,0,45,http1_rust_nodelay_off_c16_keepalive_ms,1.566887
latency,0,46,http1_rust_nodelay_off_c16_keepalive_ms,1.552126
latency,0,47,http1_rust_nodelay_off_c16_keepalive_ms,1.519056
latency,0,48,http1_rust_nodelay_off_c16_keepalive_ms,1.425714
latency,0,49,http1_rust_nodelay_off_c16_keepalive_ms,1.111019
latency,0,50,http1_rust_nodelay_off_c16_keepalive_ms,1.061148
latency,0,51,http1_rust_nodelay_off_c16_keepalive_ms,1.578817
latency,0,52,http1_rust_nodelay_off_c16_keepalive_ms,1.185770
latency,0,53,http1_rust_nodelay_off_c16_keepalive_ms,1.568987
latency,0,54,http1_rust_nodelay_off_c16_keepalive_ms,1.138009
latency,0,55,http1_rust_nodelay_off_c16_keepalive_ms,1.607717
latency,0,56,http1_rust_nodelay_off_c16_keepalive_ms,1.501576
latency,0,57,http1_rust_nodelay_off_c16_keepalive_ms,1.463635
latency,0,58,http1_rust_nodelay_off_c16_keepalive_ms,1.440494
latency,0,59,http1_rust_nodelay_off_c16_keepalive_ms,1.312613
latency,0,60,http1_rust_nodelay_off_c16_keepalive_ms,1.100208
latency,0,61,http1_rust_nodelay_off_c16_keepalive_ms,1.461365
latency,0,62,http1_rust_nodelay_off_c16_keepalive_ms,1.178950
latency,0,63,http1_rust_nodelay_off_c16_keepalive_ms,1.560067
latency,0,64,http1_rust_nodelay_off_c16_keepalive_ms,1.512275
latency,0,65,http1_rust_nodelay_off_c16_keepalive_ms,1.566057
latency,0,66,http1_rust_nodelay_off_c16_keepalive_ms,1.555876
latency,0,67,http1_rust_nodelay_off_c16_keepalive_ms,1.469045
latency,0,68,http1_rust_nodelay_off_c16_keepalive_ms,1.090379
latency,0,69,http1_rust_nodelay_off_c16_keepalive_ms,1.375433
latency,0,70,http1_rust_nodelay_off_c16_keepalive_ms,0.986127
latency,0,71,http1_rust_nodelay_off_c16_keepalive_ms,1.295302
latency,0,72,http1_rust_nodelay_off_c16_keepalive_ms,0.976846
latency,0,73,http1_rust_nodelay_off_c16_keepalive_ms,1.193591
latency,0,74,http1_rust_nodelay_off_c16_keepalive_ms,0.956236
latency,0,75,http1_rust_nodelay_off_c16_keepalive_ms,1.011407
latency,0,76,http1_rust_nodelay_off_c16_keepalive_ms,1.409854
latency,0,77,http1_rust_nodelay_off_c16_keepalive_ms,1.428915
latency,0,78,http1_rust_nodelay_off_c16_keepalive_ms,1.001436
latency,0,79,http1_rust_nodelay_off_c16_keepalive_ms,1.918143
latency,0,400,http1_rust_nodelay_off_c16_keepalive_ms,2.367330
latency,0,401,http1_rust_nodelay_off_c16_keepalive_ms,2.328140
latency,0,402,http1_rust_nodelay_off_c16_keepalive_ms,2.527343
latency,0,403,http1_rust_nodelay_off_c16_keepalive_ms,1.730189
latency,0,404,http1_rust_nodelay_off_c16_keepalive_ms,2.043625
latency,0,405,http1_rust_nodelay_off_c16_keepalive_ms,1.538246
latency,0,406,http1_rust_nodelay_off_c16_keepalive_ms,10.621431
latency,0,407,http1_rust_nodelay_off_c16_keepalive_ms,1.866331
latency,0,408,http1_rust_nodelay_off_c16_keepalive_ms,1.410124
latency,0,409,http1_rust_nodelay_off_c16_keepalive_ms,1.787591
latency,0,410,http1_rust_nodelay_off_c16_keepalive_ms,1.554676
latency,0,411,http1_rust_nodelay_off_c16_keepalive_ms,2.025845
latency,0,412,http1_rust_nodelay_off_c16_keepalive_ms,1.397193
latency,0,413,http1_rust_nodelay_off_c16_keepalive_ms,2.131586
latency,0,414,http1_rust_nodelay_off_c16_keepalive_ms,2.101346
latency,0,415,http1_rust_nodelay_off_c16_keepalive_ms,1.882892
latency,0,416,http1_rust_nodelay_off_c16_keepalive_ms,1.510836
latency,0,417,http1_rust_nodelay_off_c16_keepalive_ms,1.895752
latency,0,418,http1_rust_nodelay_off_c16_keepalive_ms,2.061485
latency,0,419,http1_rust_nodelay_off_c16_keepalive_ms,2.217788
latency,0,420,http1_rust_nodelay_off_c16_keepalive_ms,2.092035
latency,0,421,http1_rust_nodelay_off_c16_keepalive_ms,2.116856
latency,0,422,http1_rust_nodelay_off_c16_keepalive_ms,1.625308
latency,0,423,http1_rust_nodelay_off_c16_keepalive_ms,1.620997
latency,0,424,http1_rust_nodelay_off_c16_keepalive_ms,2.062865
latency,0,425,http1_rust_nodelay_off_c16_keepalive_ms,2.249969
latency,0,426,http1_rust_nodelay_off_c16_keepalive_ms,2.111216
latency,0,427,http1_rust_nodelay_off_c16_keepalive_ms,2.240468
latency,0,428,http1_rust_nodelay_off_c16_keepalive_ms,2.032564
latency,0,429,http1_rust_nodelay_off_c16_keepalive_ms,2.087636
latency,0,430,http1_rust_nodelay_off_c16_keepalive_ms,2.144716
latency,0,431,http1_rust_nodelay_off_c16_keepalive_ms,1.510186
latency,0,432,http1_rust_nodelay_off_c16_keepalive_ms,1.436324
latency,0,433,http1_rust_nodelay_off_c16_keepalive_ms,1.516896
latency,0,434,http1_rust_nodelay_off_c16_keepalive_ms,1.089868
latency,0,435,http1_rust_nodelay_off_c16_keepalive_ms,1.517716
latency,0,436,http1_rust_nodelay_off_c16_keepalive_ms,1.498816
latency,0,437,http1_rust_nodelay_off_c16_keepalive_ms,1.576626
latency,0,438,http1_rust_nodelay_off_c16_keepalive_ms,1.568077
latency,0,439,http1_rust_nodelay_off_c16_keepalive_ms,1.624898
latency,0,440,http1_rust_nodelay_off_c16_keepalive_ms,1.495075
latency,0,441,http1_rust_nodelay_off_c16_keepalive_ms,1.100009
latency,0,442,http1_rust_nodelay_off_c16_keepalive_ms,1.434484
latency,0,443,http1_rust_nodelay_off_c16_keepalive_ms,1.405244
latency,0,444,http1_rust_nodelay_off_c16_keepalive_ms,1.617007
latency,0,445,http1_rust_nodelay_off_c16_keepalive_ms,1.511446
latency,0,446,http1_rust_nodelay_off_c16_keepalive_ms,1.587737
latency,0,447,http1_rust_nodelay_off_c16_keepalive_ms,1.184270
latency,0,448,http1_rust_nodelay_off_c16_keepalive_ms,1.190480
latency,0,449,http1_rust_nodelay_off_c16_keepalive_ms,1.526636
latency,0,450,http1_rust_nodelay_off_c16_keepalive_ms,1.363424
latency,0,451,http1_rust_nodelay_off_c16_keepalive_ms,1.065128
latency,0,452,http1_rust_nodelay_off_c16_keepalive_ms,1.354523
latency,0,453,http1_rust_nodelay_off_c16_keepalive_ms,1.516825
latency,0,454,http1_rust_nodelay_off_c16_keepalive_ms,1.510456
latency,0,455,http1_rust_nodelay_off_c16_keepalive_ms,1.488825
latency,0,456,http1_rust_nodelay_off_c16_keepalive_ms,1.516236
latency,0,457,http1_rust_nodelay_off_c16_keepalive_ms,1.262232
latency,0,458,http1_rust_nodelay_off_c16_keepalive_ms,1.181160
latency,0,459,http1_rust_nodelay_off_c16_keepalive_ms,1.521955
latency,0,460,http1_rust_nodelay_off_c16_keepalive_ms,1.440835
latency,0,461,http1_rust_nodelay_off_c16_keepalive_ms,1.174480
latency,0,462,http1_rust_nodelay_off_c16_keepalive_ms,1.344293
latency,0,463,http1_rust_nodelay_off_c16_keepalive_ms,1.288122
latency,0,464,http1_rust_nodelay_off_c16_keepalive_ms,0.914215
latency,0,465,http1_rust_nodelay_off_c16_keepalive_ms,1.222241
latency,0,466,http1_rust_nodelay_off_c16_keepalive_ms,0.916325
latency,0,467,http1_rust_nodelay_off_c16_keepalive_ms,1.001427
latency,0,468,http1_rust_nodelay_off_c16_keepalive_ms,1.292042
latency,0,469,http1_rust_nodelay_off_c16_keepalive_ms,1.426165
latency,0,470,http1_rust_nodelay_off_c16_keepalive_ms,1.078028
latency,0,471,http1_rust_nodelay_off_c16_keepalive_ms,1.450614
latency,0,472,http1_rust_nodelay_off_c16_keepalive_ms,1.775601
latency,0,473,http1_rust_nodelay_off_c16_keepalive_ms,1.365663
latency,0,474,http1_rust_nodelay_off_c16_keepalive_ms,0.986597
latency,0,475,http1_rust_nodelay_off_c16_keepalive_ms,1.621067
latency,0,476,http1_rust_nodelay_off_c16_keepalive_ms,1.284912
latency,0,477,http1_rust_nodelay_off_c16_keepalive_ms,1.127649
latency,0,478,http1_rust_nodelay_off_c16_keepalive_ms,1.239941
latency,0,479,http1_rust_nodelay_off_c16_keepalive_ms,1.241221
latency,0,1120,http1_rust_nodelay_off_c16_keepalive_ms,2.434371
latency,0,1121,http1_rust_nodelay_off_c16_keepalive_ms,1.764940
latency,0,1122,http1_rust_nodelay_off_c16_keepalive_ms,2.316599
latency,0,1123,http1_rust_nodelay_off_c16_keepalive_ms,7.859674
latency,0,1124,http1_rust_nodelay_off_c16_keepalive_ms,2.061565
latency,0,1125,http1_rust_nodelay_off_c16_keepalive_ms,1.936743
latency,0,1126,http1_rust_nodelay_off_c16_keepalive_ms,2.097865
latency,0,1127,http1_rust_nodelay_off_c16_keepalive_ms,1.407184
latency,0,1128,http1_rust_nodelay_off_c16_keepalive_ms,1.786481
latency,0,1129,http1_rust_nodelay_off_c16_keepalive_ms,1.449474
latency,0,1130,http1_rust_nodelay_off_c16_keepalive_ms,1.862162
latency,0,1131,http1_rust_nodelay_off_c16_keepalive_ms,1.337213
latency,0,1132,http1_rust_nodelay_off_c16_keepalive_ms,2.024714
latency,0,1133,http1_rust_nodelay_off_c16_keepalive_ms,1.564157
latency,0,1134,http1_rust_nodelay_off_c16_keepalive_ms,1.875551
latency,0,1135,http1_rust_nodelay_off_c16_keepalive_ms,1.687089
latency,0,1136,http1_rust_nodelay_off_c16_keepalive_ms,2.030505
latency,0,1137,http1_rust_nodelay_off_c16_keepalive_ms,1.884712
latency,0,1138,http1_rust_nodelay_off_c16_keepalive_ms,1.278041
latency,0,1139,http1_rust_nodelay_off_c16_keepalive_ms,1.709209
latency,0,1140,http1_rust_nodelay_off_c16_keepalive_ms,2.075066
latency,0,1141,http1_rust_nodelay_off_c16_keepalive_ms,2.232268
latency,0,1142,http1_rust_nodelay_off_c16_keepalive_ms,1.472425
latency,0,1143,http1_rust_nodelay_off_c16_keepalive_ms,2.064585
latency,0,1144,http1_rust_nodelay_off_c16_keepalive_ms,2.192977
latency,0,1145,http1_rust_nodelay_off_c16_keepalive_ms,2.089286
latency,0,1146,http1_rust_nodelay_off_c16_keepalive_ms,2.068164
latency,0,1147,http1_rust_nodelay_off_c16_keepalive_ms,2.240529
latency,0,1148,http1_rust_nodelay_off_c16_keepalive_ms,2.112156
latency,0,1149,http1_rust_nodelay_off_c16_keepalive_ms,2.238208
latency,0,1150,http1_rust_nodelay_off_c16_keepalive_ms,2.063245
latency,0,1151,http1_rust_nodelay_off_c16_keepalive_ms,2.086215
latency,0,1152,http1_rust_nodelay_off_c16_keepalive_ms,2.127206
latency,0,1153,http1_rust_nodelay_off_c16_keepalive_ms,1.506186
latency,0,1154,http1_rust_nodelay_off_c16_keepalive_ms,1.105968
latency,0,1155,http1_rust_nodelay_off_c16_keepalive_ms,1.093759
latency,0,1156,http1_rust_nodelay_off_c16_keepalive_ms,1.117579
latency,0,1157,http1_rust_nodelay_off_c16_keepalive_ms,1.457725
latency,0,1158,http1_rust_nodelay_off_c16_keepalive_ms,1.530576
latency,0,1159,http1_rust_nodelay_off_c16_keepalive_ms,1.501346
latency,0,1160,http1_rust_nodelay_off_c16_keepalive_ms,1.242420
latency,0,1161,http1_rust_nodelay_off_c16_keepalive_ms,1.512336
latency,0,1162,http1_rust_nodelay_off_c16_keepalive_ms,1.221741
latency,0,1163,http1_rust_nodelay_off_c16_keepalive_ms,1.493565
latency,0,1164,http1_rust_nodelay_off_c16_keepalive_ms,1.100519
latency,0,1165,http1_rust_nodelay_off_c16_keepalive_ms,1.434614
latency,0,1166,http1_rust_nodelay_off_c16_keepalive_ms,1.405634
latency,0,1167,http1_rust_nodelay_off_c16_keepalive_ms,1.616538
latency,0,1168,http1_rust_nodelay_off_c16_keepalive_ms,1.511256
latency,0,1169,http1_rust_nodelay_off_c16_keepalive_ms,1.587137
latency,0,1170,http1_rust_nodelay_off_c16_keepalive_ms,1.186020
latency,0,1171,http1_rust_nodelay_off_c16_keepalive_ms,1.189270
latency,0,1172,http1_rust_nodelay_off_c16_keepalive_ms,1.527136
latency,0,1173,http1_rust_nodelay_off_c16_keepalive_ms,1.316692
latency,0,1174,http1_rust_nodelay_off_c16_keepalive_ms,1.067028
latency,0,1175,http1_rust_nodelay_off_c16_keepalive_ms,1.353483
latency,0,1176,http1_rust_nodelay_off_c16_keepalive_ms,1.517266
latency,0,1177,http1_rust_nodelay_off_c16_keepalive_ms,1.509596
latency,0,1178,http1_rust_nodelay_off_c16_keepalive_ms,1.489325
latency,0,1179,http1_rust_nodelay_off_c16_keepalive_ms,1.515366
latency,0,1180,http1_rust_nodelay_off_c16_keepalive_ms,1.262731
latency,0,1181,http1_rust_nodelay_off_c16_keepalive_ms,1.514946
latency,0,1182,http1_rust_nodelay_off_c16_keepalive_ms,1.186680
latency,0,1183,http1_rust_nodelay_off_c16_keepalive_ms,1.441994
latency,0,1184,http1_rust_nodelay_off_c16_keepalive_ms,1.174590
latency,0,1185,http1_rust_nodelay_off_c16_keepalive_ms,1.344353
latency,0,1186,http1_rust_nodelay_off_c16_keepalive_ms,1.373984
latency,0,1187,http1_rust_nodelay_off_c16_keepalive_ms,1.213570
latency,0,1188,http1_rust_nodelay_off_c16_keepalive_ms,1.211651
latency,0,1189,http1_rust_nodelay_off_c16_keepalive_ms,1.261281
latency,0,1190,http1_rust_nodelay_off_c16_keepalive_ms,1.321983
latency,0,1191,http1_rust_nodelay_off_c16_keepalive_ms,1.320562
latency,0,1192,http1_rust_nodelay_off_c16_keepalive_ms,1.433225
latency,0,1193,http1_rust_nodelay_off_c16_keepalive_ms,12.294018
latency,0,1194,http1_rust_nodelay_off_c16_keepalive_ms,1.251472
latency,0,1195,http1_rust_nodelay_off_c16_keepalive_ms,1.188450
latency,0,1196,http1_rust_nodelay_off_c16_keepalive_ms,1.600847
latency,0,1197,http1_rust_nodelay_off_c16_keepalive_ms,1.156040
latency,0,1198,http1_rust_nodelay_off_c16_keepalive_ms,1.201670
latency,0,1199,http1_rust_nodelay_off_c16_keepalive_ms,1.229881
latency,0,80,http1_rust_nodelay_off_c16_keepalive_ms,2.107476
latency,0,81,http1_rust_nodelay_off_c16_keepalive_ms,2.376640
latency,0,82,http1_rust_nodelay_off_c16_keepalive_ms,2.575084
latency,0,83,http1_rust_nodelay_off_c16_keepalive_ms,1.761340
latency,0,84,http1_rust_nodelay_off_c16_keepalive_ms,2.159296
latency,0,85,http1_rust_nodelay_off_c16_keepalive_ms,2.133277
latency,0,86,http1_rust_nodelay_off_c16_keepalive_ms,2.050735
latency,0,87,http1_rust_nodelay_off_c16_keepalive_ms,1.949433
latency,0,88,http1_rust_nodelay_off_c16_keepalive_ms,1.473024
latency,0,89,http1_rust_nodelay_off_c16_keepalive_ms,2.135557
latency,0,90,http1_rust_nodelay_off_c16_keepalive_ms,1.360963
latency,0,91,http1_rust_nodelay_off_c16_keepalive_ms,9.947059
latency,0,92,http1_rust_nodelay_off_c16_keepalive_ms,1.919042
latency,0,93,http1_rust_nodelay_off_c16_keepalive_ms,2.118337
latency,0,94,http1_rust_nodelay_off_c16_keepalive_ms,11.033887
latency,0,95,http1_rust_nodelay_off_c16_keepalive_ms,2.091225
latency,0,96,http1_rust_nodelay_off_c16_keepalive_ms,2.210788
latency,0,97,http1_rust_nodelay_off_c16_keepalive_ms,2.090426
latency,0,98,http1_rust_nodelay_off_c16_keepalive_ms,2.073665
latency,0,99,http1_rust_nodelay_off_c16_keepalive_ms,2.079735
latency,0,100,http1_rust_nodelay_off_c16_keepalive_ms,1.648658
latency,0,101,http1_rust_nodelay_off_c16_keepalive_ms,1.610558
latency,0,102,http1_rust_nodelay_off_c16_keepalive_ms,2.246398
latency,0,103,http1_rust_nodelay_off_c16_keepalive_ms,1.414744
latency,0,104,http1_rust_nodelay_off_c16_keepalive_ms,2.077245
latency,0,105,http1_rust_nodelay_off_c16_keepalive_ms,2.215168
latency,0,106,http1_rust_nodelay_off_c16_keepalive_ms,1.615087
latency,0,107,http1_rust_nodelay_off_c16_keepalive_ms,1.475145
latency,0,108,http1_rust_nodelay_off_c16_keepalive_ms,1.455385
latency,0,109,http1_rust_nodelay_off_c16_keepalive_ms,1.099679
latency,0,110,http1_rust_nodelay_off_c16_keepalive_ms,1.465135
latency,0,111,http1_rust_nodelay_off_c16_keepalive_ms,1.560646
latency,0,112,http1_rust_nodelay_off_c16_keepalive_ms,1.521736
latency,0,113,http1_rust_nodelay_off_c16_keepalive_ms,1.633628
latency,0,114,http1_rust_nodelay_off_c16_keepalive_ms,1.514935
latency,0,115,http1_rust_nodelay_off_c16_keepalive_ms,1.167210
latency,0,116,http1_rust_nodelay_off_c16_keepalive_ms,1.429675
latency,0,117,http1_rust_nodelay_off_c16_keepalive_ms,4.213651
latency,0,118,http1_rust_nodelay_off_c16_keepalive_ms,1.534586
latency,0,119,http1_rust_nodelay_off_c16_keepalive_ms,1.642928
latency,0,120,http1_rust_nodelay_off_c16_keepalive_ms,1.162130
latency,0,121,http1_rust_nodelay_off_c16_keepalive_ms,1.560086
latency,0,122,http1_rust_nodelay_off_c16_keepalive_ms,6.772716
latency,0,123,http1_rust_nodelay_off_c16_keepalive_ms,1.537895
latency,0,124,http1_rust_nodelay_off_c16_keepalive_ms,1.169100
latency,0,125,http1_rust_nodelay_off_c16_keepalive_ms,1.200471
latency,0,126,http1_rust_nodelay_off_c16_keepalive_ms,1.514306
latency,0,127,http1_rust_nodelay_off_c16_keepalive_ms,1.565376
latency,0,128,http1_rust_nodelay_off_c16_keepalive_ms,1.554706
latency,0,129,http1_rust_nodelay_off_c16_keepalive_ms,1.469495
latency,0,130,http1_rust_nodelay_off_c16_keepalive_ms,1.420775
latency,0,131,http1_rust_nodelay_off_c16_keepalive_ms,1.016957
latency,0,132,http1_rust_nodelay_off_c16_keepalive_ms,1.293382
latency,0,133,http1_rust_nodelay_off_c16_keepalive_ms,0.996837
latency,0,134,http1_rust_nodelay_off_c16_keepalive_ms,1.280021
latency,0,135,http1_rust_nodelay_off_c16_keepalive_ms,1.200531
latency,0,136,http1_rust_nodelay_off_c16_keepalive_ms,1.029077
latency,0,137,http1_rust_nodelay_off_c16_keepalive_ms,1.295342
latency,0,138,http1_rust_nodelay_off_c16_keepalive_ms,1.133120
latency,0,139,http1_rust_nodelay_off_c16_keepalive_ms,1.410304
latency,0,140,http1_rust_nodelay_off_c16_keepalive_ms,1.369593
latency,0,141,http1_rust_nodelay_off_c16_keepalive_ms,1.592127
latency,0,142,http1_rust_nodelay_off_c16_keepalive_ms,1.366083
latency,0,143,http1_rust_nodelay_off_c16_keepalive_ms,0.986537
latency,0,144,http1_rust_nodelay_off_c16_keepalive_ms,1.621518
latency,0,145,http1_rust_nodelay_off_c16_keepalive_ms,1.286061
latency,0,146,http1_rust_nodelay_off_c16_keepalive_ms,1.240531
latency,0,147,http1_rust_nodelay_off_c16_keepalive_ms,1.236801
latency,0,148,http1_rust_nodelay_off_c16_keepalive_ms,0.925386
latency,0,149,http1_rust_nodelay_off_c16_keepalive_ms,1.223401
latency,0,150,http1_rust_nodelay_off_c16_keepalive_ms,0.888115
latency,0,151,http1_rust_nodelay_off_c16_keepalive_ms,0.904246
latency,0,152,http1_rust_nodelay_off_c16_keepalive_ms,1.252361
latency,0,153,http1_rust_nodelay_off_c16_keepalive_ms,1.150279
latency,0,154,http1_rust_nodelay_off_c16_keepalive_ms,1.198240
latency,0,155,http1_rust_nodelay_off_c16_keepalive_ms,1.186831
latency,0,156,http1_rust_nodelay_off_c16_keepalive_ms,1.315182
latency,0,157,http1_rust_nodelay_off_c16_keepalive_ms,1.078579
latency,0,158,http1_rust_nodelay_off_c16_keepalive_ms,0.823084
latency,0,159,http1_rust_nodelay_off_c16_keepalive_ms,1.152449
latency,0,720,http1_rust_nodelay_off_c16_keepalive_ms,1.806421
latency,0,721,http1_rust_nodelay_off_c16_keepalive_ms,2.436601
latency,0,722,http1_rust_nodelay_off_c16_keepalive_ms,2.651175
latency,0,723,http1_rust_nodelay_off_c16_keepalive_ms,2.226908
latency,0,724,http1_rust_nodelay_off_c16_keepalive_ms,2.230208
latency,0,725,http1_rust_nodelay_off_c16_keepalive_ms,1.633238
latency,0,726,http1_rust_nodelay_off_c16_keepalive_ms,1.660768
latency,0,727,http1_rust_nodelay_off_c16_keepalive_ms,2.027474
latency,0,728,http1_rust_nodelay_off_c16_keepalive_ms,1.450995
latency,0,729,http1_rust_nodelay_off_c16_keepalive_ms,2.006654
latency,0,730,http1_rust_nodelay_off_c16_keepalive_ms,9.534882
latency,0,731,http1_rust_nodelay_off_c16_keepalive_ms,2.025425
latency,0,732,http1_rust_nodelay_off_c16_keepalive_ms,1.844271
latency,0,733,http1_rust_nodelay_off_c16_keepalive_ms,2.169887
latency,0,734,http1_rust_nodelay_off_c16_keepalive_ms,1.534396
latency,0,735,http1_rust_nodelay_off_c16_keepalive_ms,1.882042
latency,0,736,http1_rust_nodelay_off_c16_keepalive_ms,2.018014
latency,0,737,http1_rust_nodelay_off_c16_keepalive_ms,1.502885
latency,0,738,http1_rust_nodelay_off_c16_keepalive_ms,2.061375
latency,0,739,http1_rust_nodelay_off_c16_keepalive_ms,2.182088
latency,0,740,http1_rust_nodelay_off_c16_keepalive_ms,1.543386
latency,0,741,http1_rust_nodelay_off_c16_keepalive_ms,1.641928
latency,0,742,http1_rust_nodelay_off_c16_keepalive_ms,1.666478
latency,0,743,http1_rust_nodelay_off_c16_keepalive_ms,2.037565
latency,0,744,http1_rust_nodelay_off_c16_keepalive_ms,1.688938
latency,0,745,http1_rust_nodelay_off_c16_keepalive_ms,2.084646
latency,0,746,http1_rust_nodelay_off_c16_keepalive_ms,2.133886
latency,0,747,http1_rust_nodelay_off_c16_keepalive_ms,2.192577
latency,0,748,http1_rust_nodelay_off_c16_keepalive_ms,2.093996
latency,0,749,http1_rust_nodelay_off_c16_keepalive_ms,2.048974
latency,0,750,http1_rust_nodelay_off_c16_keepalive_ms,2.184828
latency,0,751,http1_rust_nodelay_off_c16_keepalive_ms,1.858491
latency,0,752,http1_rust_nodelay_off_c16_keepalive_ms,1.467245
latency,0,753,http1_rust_nodelay_off_c16_keepalive_ms,1.480645
latency,0,754,http1_rust_nodelay_off_c16_keepalive_ms,1.468215
latency,0,755,http1_rust_nodelay_off_c16_keepalive_ms,1.134680
latency,0,756,http1_rust_nodelay_off_c16_keepalive_ms,1.179120
latency,0,757,http1_rust_nodelay_off_c16_keepalive_ms,1.494465
latency,0,758,http1_rust_nodelay_off_c16_keepalive_ms,1.611727
latency,0,759,http1_rust_nodelay_off_c16_keepalive_ms,1.512976
latency,0,760,http1_rust_nodelay_off_c16_keepalive_ms,7.564539
latency,0,761,http1_rust_nodelay_off_c16_keepalive_ms,1.551416
latency,0,762,http1_rust_nodelay_off_c16_keepalive_ms,1.618938
latency,0,763,http1_rust_nodelay_off_c16_keepalive_ms,1.582416
latency,0,764,http1_rust_nodelay_off_c16_keepalive_ms,1.542486
latency,0,765,http1_rust_nodelay_off_c16_keepalive_ms,1.152270
latency,0,766,http1_rust_nodelay_off_c16_keepalive_ms,1.384214
latency,0,767,http1_rust_nodelay_off_c16_keepalive_ms,1.097088
latency,0,768,http1_rust_nodelay_off_c16_keepalive_ms,1.329643
latency,0,769,http1_rust_nodelay_off_c16_keepalive_ms,1.044758
latency,0,770,http1_rust_nodelay_off_c16_keepalive_ms,1.509455
latency,0,771,http1_rust_nodelay_off_c16_keepalive_ms,10.587230
latency,0,772,http1_rust_nodelay_off_c16_keepalive_ms,1.335863
latency,0,773,http1_rust_nodelay_off_c16_keepalive_ms,1.359393
latency,0,774,http1_rust_nodelay_off_c16_keepalive_ms,0.939536
latency,0,775,http1_rust_nodelay_off_c16_keepalive_ms,0.937486
latency,0,776,http1_rust_nodelay_off_c16_keepalive_ms,1.170490
latency,0,777,http1_rust_nodelay_off_c16_keepalive_ms,1.038457
latency,0,778,http1_rust_nodelay_off_c16_keepalive_ms,1.303273
latency,0,779,http1_rust_nodelay_off_c16_keepalive_ms,1.141969
latency,0,780,http1_rust_nodelay_off_c16_keepalive_ms,1.361353
latency,0,781,http1_rust_nodelay_off_c16_keepalive_ms,1.119239
latency,0,782,http1_rust_nodelay_off_c16_keepalive_ms,1.602157
latency,0,783,http1_rust_nodelay_off_c16_keepalive_ms,1.371284
latency,0,784,http1_rust_nodelay_off_c16_keepalive_ms,1.259201
latency,0,785,http1_rust_nodelay_off_c16_keepalive_ms,1.579097
latency,0,786,http1_rust_nodelay_off_c16_keepalive_ms,1.017147
latency,0,787,http1_rust_nodelay_off_c16_keepalive_ms,1.211580
latency,0,788,http1_rust_nodelay_off_c16_keepalive_ms,0.654472
latency,0,789,http1_rust_nodelay_off_c16_keepalive_ms,1.183340
latency,0,790,http1_rust_nodelay_off_c16_keepalive_ms,4.305953
latency,0,791,http1_rust_nodelay_off_c16_keepalive_ms,0.865625
latency,0,792,http1_rust_nodelay_off_c16_keepalive_ms,1.185690
latency,0,793,http1_rust_nodelay_off_c16_keepalive_ms,0.911235
latency,0,794,http1_rust_nodelay_off_c16_keepalive_ms,1.231181
latency,0,795,http1_rust_nodelay_off_c16_keepalive_ms,1.328393
latency,0,796,http1_rust_nodelay_off_c16_keepalive_ms,1.072288
latency,0,797,http1_rust_nodelay_off_c16_keepalive_ms,0.850385
latency,0,798,http1_rust_nodelay_off_c16_keepalive_ms,0.820313
latency,0,799,http1_rust_nodelay_off_c16_keepalive_ms,1.075869
latency,0,560,http1_rust_nodelay_off_c16_keepalive_ms,2.320399
latency,0,561,http1_rust_nodelay_off_c16_keepalive_ms,2.425761
latency,0,562,http1_rust_nodelay_off_c16_keepalive_ms,2.526983
latency,0,563,http1_rust_nodelay_off_c16_keepalive_ms,1.728990
latency,0,564,http1_rust_nodelay_off_c16_keepalive_ms,2.158996
latency,0,565,http1_rust_nodelay_off_c16_keepalive_ms,2.133717
latency,0,566,http1_rust_nodelay_off_c16_keepalive_ms,2.052335
latency,0,567,http1_rust_nodelay_off_c16_keepalive_ms,1.569006
latency,0,568,http1_rust_nodelay_off_c16_keepalive_ms,1.853212
latency,0,569,http1_rust_nodelay_off_c16_keepalive_ms,2.168727
latency,0,570,http1_rust_nodelay_off_c16_keepalive_ms,1.821541
latency,0,571,http1_rust_nodelay_off_c16_keepalive_ms,1.492045
latency,0,572,http1_rust_nodelay_off_c16_keepalive_ms,1.862941
latency,0,573,http1_rust_nodelay_off_c16_keepalive_ms,1.871582
latency,0,574,http1_rust_nodelay_off_c16_keepalive_ms,1.947093
latency,0,575,http1_rust_nodelay_off_c16_keepalive_ms,2.433902
latency,0,576,http1_rust_nodelay_off_c16_keepalive_ms,1.423374
latency,0,577,http1_rust_nodelay_off_c16_keepalive_ms,2.098486
latency,0,578,http1_rust_nodelay_off_c16_keepalive_ms,1.528146
latency,0,579,http1_rust_nodelay_off_c16_keepalive_ms,1.883482
latency,0,580,http1_rust_nodelay_off_c16_keepalive_ms,1.723139
latency,0,581,http1_rust_nodelay_off_c16_keepalive_ms,1.930743
latency,0,582,http1_rust_nodelay_off_c16_keepalive_ms,2.214487
latency,0,583,http1_rust_nodelay_off_c16_keepalive_ms,1.627288
latency,0,584,http1_rust_nodelay_off_c16_keepalive_ms,2.047034
latency,0,585,http1_rust_nodelay_off_c16_keepalive_ms,2.203778
latency,0,586,http1_rust_nodelay_off_c16_keepalive_ms,10.618451
latency,0,587,http1_rust_nodelay_off_c16_keepalive_ms,1.635477
latency,0,588,http1_rust_nodelay_off_c16_keepalive_ms,1.516966
latency,0,589,http1_rust_nodelay_off_c16_keepalive_ms,2.078695
latency,0,590,http1_rust_nodelay_off_c16_keepalive_ms,2.193538
latency,0,591,http1_rust_nodelay_off_c16_keepalive_ms,1.199130
latency,0,592,http1_rust_nodelay_off_c16_keepalive_ms,1.120079
latency,0,593,http1_rust_nodelay_off_c16_keepalive_ms,1.086508
latency,0,594,http1_rust_nodelay_off_c16_keepalive_ms,1.134370
latency,0,595,http1_rust_nodelay_off_c16_keepalive_ms,1.427064
latency,0,596,http1_rust_nodelay_off_c16_keepalive_ms,1.521416
latency,0,597,http1_rust_nodelay_off_c16_keepalive_ms,1.501956
latency,0,598,http1_rust_nodelay_off_c16_keepalive_ms,1.200380
latency,0,599,http1_rust_nodelay_off_c16_keepalive_ms,1.186450
latency,0,600,http1_rust_nodelay_off_c16_keepalive_ms,1.167240
latency,0,601,http1_rust_nodelay_off_c16_keepalive_ms,1.216890
latency,0,602,http1_rust_nodelay_off_c16_keepalive_ms,1.467085
latency,0,603,http1_rust_nodelay_off_c16_keepalive_ms,1.460825
latency,0,604,http1_rust_nodelay_off_c16_keepalive_ms,1.437654
latency,0,605,http1_rust_nodelay_off_c16_keepalive_ms,1.071529
latency,0,606,http1_rust_nodelay_off_c16_keepalive_ms,10.405657
latency,0,607,http1_rust_nodelay_off_c16_keepalive_ms,1.057428
latency,0,608,http1_rust_nodelay_off_c16_keepalive_ms,1.338833
latency,0,609,http1_rust_nodelay_off_c16_keepalive_ms,1.477384
latency,0,610,http1_rust_nodelay_off_c16_keepalive_ms,1.603838
latency,0,611,http1_rust_nodelay_off_c16_keepalive_ms,1.559826
latency,0,612,http1_rust_nodelay_off_c16_keepalive_ms,1.513286
latency,0,613,http1_rust_nodelay_off_c16_keepalive_ms,1.565697
latency,0,614,http1_rust_nodelay_off_c16_keepalive_ms,1.554806
latency,0,615,http1_rust_nodelay_off_c16_keepalive_ms,1.470265
latency,0,616,http1_rust_nodelay_off_c16_keepalive_ms,1.449225
latency,0,617,http1_rust_nodelay_off_c16_keepalive_ms,1.013327
latency,0,618,http1_rust_nodelay_off_c16_keepalive_ms,0.988047
latency,0,619,http1_rust_nodelay_off_c16_keepalive_ms,10.867114
latency,0,620,http1_rust_nodelay_off_c16_keepalive_ms,1.456965
latency,0,621,http1_rust_nodelay_off_c16_keepalive_ms,1.043348
latency,0,622,http1_rust_nodelay_off_c16_keepalive_ms,1.598377
latency,0,623,http1_rust_nodelay_off_c16_keepalive_ms,1.351993
latency,0,624,http1_rust_nodelay_off_c16_keepalive_ms,0.918975
latency,0,625,http1_rust_nodelay_off_c16_keepalive_ms,1.229841
latency,0,626,http1_rust_nodelay_off_c16_keepalive_ms,0.910376
latency,0,627,http1_rust_nodelay_off_c16_keepalive_ms,1.205640
latency,0,628,http1_rust_nodelay_off_c16_keepalive_ms,0.960087
latency,0,629,http1_rust_nodelay_off_c16_keepalive_ms,1.204300
latency,0,630,http1_rust_nodelay_off_c16_keepalive_ms,1.529626
latency,0,631,http1_rust_nodelay_off_c16_keepalive_ms,0.917195
latency,0,632,http1_rust_nodelay_off_c16_keepalive_ms,1.168290
latency,0,633,http1_rust_nodelay_off_c16_keepalive_ms,0.893675
latency,0,634,http1_rust_nodelay_off_c16_keepalive_ms,1.630548
latency,0,635,http1_rust_nodelay_off_c16_keepalive_ms,0.915346
latency,0,636,http1_rust_nodelay_off_c16_keepalive_ms,1.057218
latency,0,637,http1_rust_nodelay_off_c16_keepalive_ms,0.894445
latency,0,638,http1_rust_nodelay_off_c16_keepalive_ms,1.110799
latency,0,639,http1_rust_nodelay_off_c16_keepalive_ms,0.825134
latency,0,1200,http1_rust_nodelay_off_c16_keepalive_ms,2.300339
latency,0,1201,http1_rust_nodelay_off_c16_keepalive_ms,2.082925
latency,0,1202,http1_rust_nodelay_off_c16_keepalive_ms,2.618115
latency,0,1203,http1_rust_nodelay_off_c16_keepalive_ms,2.228578
latency,0,1204,http1_rust_nodelay_off_c16_keepalive_ms,2.228557
latency,0,1205,http1_rust_nodelay_off_c16_keepalive_ms,1.633388
latency,0,1206,http1_rust_nodelay_off_c16_keepalive_ms,2.077415
latency,0,1207,http1_rust_nodelay_off_c16_keepalive_ms,1.478946
latency,0,1208,http1_rust_nodelay_off_c16_keepalive_ms,10.471527
latency,0,1209,http1_rust_nodelay_off_c16_keepalive_ms,1.787791
latency,0,1210,http1_rust_nodelay_off_c16_keepalive_ms,1.975913
latency,0,1211,http1_rust_nodelay_off_c16_keepalive_ms,1.863972
latency,0,1212,http1_rust_nodelay_off_c16_keepalive_ms,1.527086
latency,0,1213,http1_rust_nodelay_off_c16_keepalive_ms,2.197007
latency,0,1214,http1_rust_nodelay_off_c16_keepalive_ms,1.907993
latency,0,1215,http1_rust_nodelay_off_c16_keepalive_ms,1.868941
latency,0,1216,http1_rust_nodelay_off_c16_keepalive_ms,2.025335
latency,0,1217,http1_rust_nodelay_off_c16_keepalive_ms,2.066235
latency,0,1218,http1_rust_nodelay_off_c16_keepalive_ms,9.348449
latency,0,1219,http1_rust_nodelay_off_c16_keepalive_ms,1.625288
latency,0,1220,http1_rust_nodelay_off_c16_keepalive_ms,1.582706
latency,0,1221,http1_rust_nodelay_off_c16_keepalive_ms,2.106796
latency,0,1222,http1_rust_nodelay_off_c16_keepalive_ms,1.566027
latency,0,1223,http1_rust_nodelay_off_c16_keepalive_ms,1.640728
latency,0,1224,http1_rust_nodelay_off_c16_keepalive_ms,1.656528
latency,0,1225,http1_rust_nodelay_off_c16_keepalive_ms,1.499835
latency,0,1226,http1_rust_nodelay_off_c16_keepalive_ms,2.086506
latency,0,1227,http1_rust_nodelay_off_c16_keepalive_ms,1.741779
latency,0,1228,http1_rust_nodelay_off_c16_keepalive_ms,1.156170
latency,0,1229,http1_rust_nodelay_off_c16_keepalive_ms,1.128629
latency,0,1230,http1_rust_nodelay_off_c16_keepalive_ms,1.435654
latency,0,1231,http1_rust_nodelay_off_c16_keepalive_ms,10.169883
latency,0,1232,http1_rust_nodelay_off_c16_keepalive_ms,1.120509
latency,0,1233,http1_rust_nodelay_off_c16_keepalive_ms,1.396144
latency,0,1234,http1_rust_nodelay_off_c16_keepalive_ms,1.096908
latency,0,1235,http1_rust_nodelay_off_c16_keepalive_ms,1.404394
latency,0,1236,http1_rust_nodelay_off_c16_keepalive_ms,1.500976
latency,0,1237,http1_rust_nodelay_off_c16_keepalive_ms,1.532866
latency,0,1238,http1_rust_nodelay_off_c16_keepalive_ms,1.519066
latency,0,1239,http1_rust_nodelay_off_c16_keepalive_ms,1.526476
latency,0,1240,http1_rust_nodelay_off_c16_keepalive_ms,1.556576
latency,0,1241,http1_rust_nodelay_off_c16_keepalive_ms,1.158480
latency,0,1242,http1_rust_nodelay_off_c16_keepalive_ms,1.038728
latency,0,1243,http1_rust_nodelay_off_c16_keepalive_ms,1.369733
latency,0,1244,http1_rust_nodelay_off_c16_keepalive_ms,1.055648
latency,0,1245,http1_rust_nodelay_off_c16_keepalive_ms,10.124182
latency,0,1246,http1_rust_nodelay_off_c16_keepalive_ms,1.444154
latency,0,1247,http1_rust_nodelay_off_c16_keepalive_ms,1.469075
latency,0,1248,http1_rust_nodelay_off_c16_keepalive_ms,1.034788
latency,0,1249,http1_rust_nodelay_off_c16_keepalive_ms,1.377163
latency,0,1250,http1_rust_nodelay_off_c16_keepalive_ms,0.914516
latency,0,1251,http1_rust_nodelay_off_c16_keepalive_ms,1.222460
latency,0,1252,http1_rust_nodelay_off_c16_keepalive_ms,0.916266
latency,0,1253,http1_rust_nodelay_off_c16_keepalive_ms,1.293222
latency,0,1254,http1_rust_nodelay_off_c16_keepalive_ms,1.000257
latency,0,1255,http1_rust_nodelay_off_c16_keepalive_ms,1.308892
latency,0,1256,http1_rust_nodelay_off_c16_keepalive_ms,1.410024
latency,0,1257,http1_rust_nodelay_off_c16_keepalive_ms,1.348193
latency,0,1258,http1_rust_nodelay_off_c16_keepalive_ms,1.589117
latency,0,1259,http1_rust_nodelay_off_c16_keepalive_ms,1.368543
latency,0,1260,http1_rust_nodelay_off_c16_keepalive_ms,1.256642
latency,0,1261,http1_rust_nodelay_off_c16_keepalive_ms,1.323772
latency,0,1262,http1_rust_nodelay_off_c16_keepalive_ms,0.996657
latency,0,1263,http1_rust_nodelay_off_c16_keepalive_ms,0.954496
latency,0,1264,http1_rust_nodelay_off_c16_keepalive_ms,1.246121
latency,0,1265,http1_rust_nodelay_off_c16_keepalive_ms,1.205861
latency,0,1266,http1_rust_nodelay_off_c16_keepalive_ms,1.188940
latency,0,1267,http1_rust_nodelay_off_c16_keepalive_ms,1.216391
latency,0,1268,http1_rust_nodelay_off_c16_keepalive_ms,0.904255
latency,0,1269,http1_rust_nodelay_off_c16_keepalive_ms,1.561327
latency,0,1270,http1_rust_nodelay_off_c16_keepalive_ms,1.155499
latency,0,1271,http1_rust_nodelay_off_c16_keepalive_ms,1.201471
latency,0,1272,http1_rust_nodelay_off_c16_keepalive_ms,0.985617
latency,0,1273,http1_rust_nodelay_off_c16_keepalive_ms,1.578266
latency,0,1274,http1_rust_nodelay_off_c16_keepalive_ms,0.829905
latency,0,1275,http1_rust_nodelay_off_c16_keepalive_ms,1.120459
latency,0,1276,http1_rust_nodelay_off_c16_keepalive_ms,1.106318
latency,0,1277,http1_rust_nodelay_off_c16_keepalive_ms,0.535909
latency,0,1278,http1_rust_nodelay_off_c16_keepalive_ms,0.944306
latency,0,1279,http1_rust_nodelay_off_c16_keepalive_ms,1.578637
latency,0,480,http1_rust_nodelay_off_c16_keepalive_ms,2.389851
latency,0,481,http1_rust_nodelay_off_c16_keepalive_ms,1.796650
latency,0,482,http1_rust_nodelay_off_c16_keepalive_ms,1.726020
latency,0,483,http1_rust_nodelay_off_c16_keepalive_ms,2.511223
latency,0,484,http1_rust_nodelay_off_c16_keepalive_ms,2.147286
latency,0,485,http1_rust_nodelay_off_c16_keepalive_ms,9.628983
latency,0,486,http1_rust_nodelay_off_c16_keepalive_ms,1.524616
latency,0,487,http1_rust_nodelay_off_c16_keepalive_ms,1.808501
latency,0,488,http1_rust_nodelay_off_c16_keepalive_ms,1.853121
latency,0,489,http1_rust_nodelay_off_c16_keepalive_ms,1.848531
latency,0,490,http1_rust_nodelay_off_c16_keepalive_ms,1.785970
latency,0,491,http1_rust_nodelay_off_c16_keepalive_ms,1.615398
latency,0,492,http1_rust_nodelay_off_c16_keepalive_ms,1.889862
latency,0,493,http1_rust_nodelay_off_c16_keepalive_ms,1.481745
latency,0,494,http1_rust_nodelay_off_c16_keepalive_ms,2.118006
latency,0,495,http1_rust_nodelay_off_c16_keepalive_ms,9.288938
latency,0,496,http1_rust_nodelay_off_c16_keepalive_ms,2.097496
latency,0,497,http1_rust_nodelay_off_c16_keepalive_ms,2.089635
latency,0,498,http1_rust_nodelay_off_c16_keepalive_ms,9.041064
latency,0,499,http1_rust_nodelay_off_c16_keepalive_ms,2.094245
latency,0,500,http1_rust_nodelay_off_c16_keepalive_ms,2.261919
latency,0,501,http1_rust_nodelay_off_c16_keepalive_ms,1.999043
latency,0,502,http1_rust_nodelay_off_c16_keepalive_ms,1.514276
latency,0,503,http1_rust_nodelay_off_c16_keepalive_ms,1.636238
latency,0,504,http1_rust_nodelay_off_c16_keepalive_ms,1.885722
latency,0,505,http1_rust_nodelay_off_c16_keepalive_ms,1.466735
latency,0,506,http1_rust_nodelay_off_c16_keepalive_ms,1.481465
latency,0,507,http1_rust_nodelay_off_c16_keepalive_ms,1.452585
latency,0,508,http1_rust_nodelay_off_c16_keepalive_ms,1.467925
latency,0,509,http1_rust_nodelay_off_c16_keepalive_ms,1.141689
latency,0,510,http1_rust_nodelay_off_c16_keepalive_ms,1.503316
latency,0,511,http1_rust_nodelay_off_c16_keepalive_ms,1.625747
latency,0,512,http1_rust_nodelay_off_c16_keepalive_ms,1.559347
latency,0,513,http1_rust_nodelay_off_c16_keepalive_ms,1.552796
latency,0,514,http1_rust_nodelay_off_c16_keepalive_ms,1.453445
latency,0,515,http1_rust_nodelay_off_c16_keepalive_ms,1.397234
latency,0,516,http1_rust_nodelay_off_c16_keepalive_ms,1.114308
latency,0,517,http1_rust_nodelay_off_c16_keepalive_ms,1.070349
latency,0,518,http1_rust_nodelay_off_c16_keepalive_ms,3.755554
latency,0,519,http1_rust_nodelay_off_c16_keepalive_ms,1.504805
latency,0,520,http1_rust_nodelay_off_c16_keepalive_ms,1.190180
latency,0,521,http1_rust_nodelay_off_c16_keepalive_ms,1.503826
latency,0,522,http1_rust_nodelay_off_c16_keepalive_ms,1.375163
latency,0,523,http1_rust_nodelay_off_c16_keepalive_ms,1.441735
latency,0,524,http1_rust_nodelay_off_c16_keepalive_ms,1.311892
latency,0,525,http1_rust_nodelay_off_c16_keepalive_ms,1.146810
latency,0,526,http1_rust_nodelay_off_c16_keepalive_ms,1.155069
latency,0,527,http1_rust_nodelay_off_c16_keepalive_ms,1.503486
latency,0,528,http1_rust_nodelay_off_c16_keepalive_ms,1.560936
latency,0,529,http1_rust_nodelay_off_c16_keepalive_ms,1.512156
latency,0,530,http1_rust_nodelay_off_c16_keepalive_ms,1.565747
latency,0,531,http1_rust_nodelay_off_c16_keepalive_ms,10.084501
latency,0,532,http1_rust_nodelay_off_c16_keepalive_ms,1.306102
latency,0,533,http1_rust_nodelay_off_c16_keepalive_ms,1.302182
latency,0,534,http1_rust_nodelay_off_c16_keepalive_ms,1.121649
latency,0,535,http1_rust_nodelay_off_c16_keepalive_ms,1.361353
latency,0,536,http1_rust_nodelay_off_c16_keepalive_ms,1.118799
latency,0,537,http1_rust_nodelay_off_c16_keepalive_ms,1.871432
latency,0,538,http1_rust_nodelay_off_c16_keepalive_ms,1.056128
latency,0,539,http1_rust_nodelay_off_c16_keepalive_ms,1.259752
latency,0,540,http1_rust_nodelay_off_c16_keepalive_ms,1.345243
latency,0,541,http1_rust_nodelay_off_c16_keepalive_ms,0.992706
latency,0,542,http1_rust_nodelay_off_c16_keepalive_ms,1.200330
latency,0,543,http1_rust_nodelay_off_c16_keepalive_ms,0.664212
latency,0,544,http1_rust_nodelay_off_c16_keepalive_ms,1.195680
latency,0,545,http1_rust_nodelay_off_c16_keepalive_ms,0.960617
latency,0,546,http1_rust_nodelay_off_c16_keepalive_ms,1.243001
latency,0,547,http1_rust_nodelay_off_c16_keepalive_ms,1.205820
latency,0,548,http1_rust_nodelay_off_c16_keepalive_ms,1.189391
latency,0,549,http1_rust_nodelay_off_c16_keepalive_ms,0.866304
latency,0,550,http1_rust_nodelay_off_c16_keepalive_ms,1.184980
latency,0,551,http1_rust_nodelay_off_c16_keepalive_ms,0.911866
latency,0,552,http1_rust_nodelay_off_c16_keepalive_ms,1.230591
latency,0,553,http1_rust_nodelay_off_c16_keepalive_ms,1.328252
latency,0,554,http1_rust_nodelay_off_c16_keepalive_ms,1.071889
latency,0,555,http1_rust_nodelay_off_c16_keepalive_ms,0.880604
latency,0,556,http1_rust_nodelay_off_c16_keepalive_ms,1.104209
latency,0,557,http1_rust_nodelay_off_c16_keepalive_ms,0.810684
latency,0,558,http1_rust_nodelay_off_c16_keepalive_ms,0.873075
latency,0,559,http1_rust_nodelay_off_c16_keepalive_ms,1.593807
latency,0,640,http1_rust_nodelay_off_c16_keepalive_ms,2.412030
latency,0,641,http1_rust_nodelay_off_c16_keepalive_ms,1.732600
latency,0,642,http1_rust_nodelay_off_c16_keepalive_ms,2.619774
latency,0,643,http1_rust_nodelay_off_c16_keepalive_ms,1.617798
latency,0,644,http1_rust_nodelay_off_c16_keepalive_ms,2.147926
latency,0,645,http1_rust_nodelay_off_c16_keepalive_ms,1.607968
latency,0,646,http1_rust_nodelay_off_c16_keepalive_ms,2.214327
latency,0,647,http1_rust_nodelay_off_c16_keepalive_ms,1.481686
latency,0,648,http1_rust_nodelay_off_c16_keepalive_ms,1.927872
latency,0,649,http1_rust_nodelay_off_c16_keepalive_ms,1.937373
latency,0,650,http1_rust_nodelay_off_c16_keepalive_ms,1.563397
latency,0,651,http1_rust_nodelay_off_c16_keepalive_ms,1.815541
latency,0,652,http1_rust_nodelay_off_c16_keepalive_ms,1.894412
latency,0,653,http1_rust_nodelay_off_c16_keepalive_ms,1.410134
latency,0,654,http1_rust_nodelay_off_c16_keepalive_ms,1.787740
latency,0,655,http1_rust_nodelay_off_c16_keepalive_ms,1.554237
latency,0,656,http1_rust_nodelay_off_c16_keepalive_ms,2.025654
latency,0,657,http1_rust_nodelay_off_c16_keepalive_ms,1.844041
latency,0,658,http1_rust_nodelay_off_c16_keepalive_ms,1.571047
latency,0,659,http1_rust_nodelay_off_c16_keepalive_ms,9.775786
latency,0,660,http1_rust_nodelay_off_c16_keepalive_ms,2.126456
latency,0,661,http1_rust_nodelay_off_c16_keepalive_ms,2.090885
latency,0,662,http1_rust_nodelay_off_c16_keepalive_ms,2.210108
latency,0,663,http1_rust_nodelay_off_c16_keepalive_ms,2.088136
latency,0,664,http1_rust_nodelay_off_c16_keepalive_ms,11.156539
latency,0,665,http1_rust_nodelay_off_c16_keepalive_ms,2.079946
latency,0,666,http1_rust_nodelay_off_c16_keepalive_ms,2.213677
latency,0,667,http1_rust_nodelay_off_c16_keepalive_ms,1.626788
latency,0,668,http1_rust_nodelay_off_c16_keepalive_ms,1.474985
latency,0,669,http1_rust_nodelay_off_c16_keepalive_ms,1.455655
latency,0,670,http1_rust_nodelay_off_c16_keepalive_ms,1.385953
latency,0,671,http1_rust_nodelay_off_c16_keepalive_ms,1.116649
latency,0,672,http1_rust_nodelay_off_c16_keepalive_ms,1.178760
latency,0,673,http1_rust_nodelay_off_c16_keepalive_ms,1.500906
latency,0,674,http1_rust_nodelay_off_c16_keepalive_ms,1.617477
latency,0,675,http1_rust_nodelay_off_c16_keepalive_ms,1.559307
latency,0,676,http1_rust_nodelay_off_c16_keepalive_ms,1.551926
latency,0,677,http1_rust_nodelay_off_c16_keepalive_ms,1.105409
latency,0,678,http1_rust_nodelay_off_c16_keepalive_ms,1.402384
latency,0,679,http1_rust_nodelay_off_c16_keepalive_ms,1.121408
latency,0,680,http1_rust_nodelay_off_c16_keepalive_ms,1.385444
latency,0,681,http1_rust_nodelay_off_c16_keepalive_ms,6.624723
latency,0,682,http1_rust_nodelay_off_c16_keepalive_ms,1.126049
latency,0,683,http1_rust_nodelay_off_c16_keepalive_ms,1.107059
latency,0,684,http1_rust_nodelay_off_c16_keepalive_ms,1.372323
latency,0,685,http1_rust_nodelay_off_c16_keepalive_ms,1.073058
latency,0,686,http1_rust_nodelay_off_c16_keepalive_ms,1.405704
latency,0,687,http1_rust_nodelay_off_c16_keepalive_ms,1.148890
latency,0,688,http1_rust_nodelay_off_c16_keepalive_ms,1.161279
latency,0,689,http1_rust_nodelay_off_c16_keepalive_ms,1.535926
latency,0,690,http1_rust_nodelay_off_c16_keepalive_ms,1.513446
latency,0,691,http1_rust_nodelay_off_c16_keepalive_ms,1.579197
latency,0,692,http1_rust_nodelay_off_c16_keepalive_ms,1.529936
latency,0,693,http1_rust_nodelay_off_c16_keepalive_ms,1.218811
latency,0,694,http1_rust_nodelay_off_c16_keepalive_ms,1.396293
latency,0,695,http1_rust_nodelay_off_c16_keepalive_ms,1.144690
latency,0,696,http1_rust_nodelay_off_c16_keepalive_ms,1.312832
latency,0,697,http1_rust_nodelay_off_c16_keepalive_ms,1.099529
latency,0,698,http1_rust_nodelay_off_c16_keepalive_ms,1.201840
latency,0,699,http1_rust_nodelay_off_c16_keepalive_ms,0.935106
latency,0,700,http1_rust_nodelay_off_c16_keepalive_ms,0.915896
latency,0,701,http1_rust_nodelay_off_c16_keepalive_ms,1.291842
latency,0,702,http1_rust_nodelay_off_c16_keepalive_ms,1.001787
latency,0,703,http1_rust_nodelay_off_c16_keepalive_ms,1.424164
latency,0,704,http1_rust_nodelay_off_c16_keepalive_ms,1.410264
latency,0,705,http1_rust_nodelay_off_c16_keepalive_ms,1.412994
latency,0,706,http1_rust_nodelay_off_c16_keepalive_ms,1.885052
latency,0,707,http1_rust_nodelay_off_c16_keepalive_ms,1.062268
latency,0,708,http1_rust_nodelay_off_c16_keepalive_ms,1.251161
latency,0,709,http1_rust_nodelay_off_c16_keepalive_ms,1.624508
latency,0,710,http1_rust_nodelay_off_c16_keepalive_ms,1.306442
latency,0,711,http1_rust_nodelay_off_c16_keepalive_ms,0.977266
latency,0,712,http1_rust_nodelay_off_c16_keepalive_ms,0.942976
latency,0,713,http1_rust_nodelay_off_c16_keepalive_ms,1.179881
latency,0,714,http1_rust_nodelay_off_c16_keepalive_ms,0.969766
latency,0,715,http1_rust_nodelay_off_c16_keepalive_ms,1.189410
latency,0,716,http1_rust_nodelay_off_c16_keepalive_ms,13.064142
latency,0,717,http1_rust_nodelay_off_c16_keepalive_ms,0.620841
latency,0,718,http1_rust_nodelay_off_c16_keepalive_ms,0.454098
latency,0,719,http1_rust_nodelay_off_c16_keepalive_ms,0.461857
latency,0,880,http1_rust_nodelay_off_c16_keepalive_ms,2.612954
latency,0,881,http1_rust_nodelay_off_c16_keepalive_ms,2.279458
latency,0,882,http1_rust_nodelay_off_c16_keepalive_ms,2.051375
latency,0,883,http1_rust_nodelay_off_c16_keepalive_ms,2.214918
latency,0,884,http1_rust_nodelay_off_c16_keepalive_ms,2.229658
latency,0,885,http1_rust_nodelay_off_c16_keepalive_ms,1.632468
latency,0,886,http1_rust_nodelay_off_c16_keepalive_ms,1.630677
latency,0,887,http1_rust_nodelay_off_c16_keepalive_ms,1.961864
latency,0,888,http1_rust_nodelay_off_c16_keepalive_ms,1.451604
latency,0,889,http1_rust_nodelay_off_c16_keepalive_ms,2.006424
latency,0,890,http1_rust_nodelay_off_c16_keepalive_ms,1.913703
latency,0,891,http1_rust_nodelay_off_c16_keepalive_ms,1.451355
latency,0,892,http1_rust_nodelay_off_c16_keepalive_ms,1.839241
latency,0,893,http1_rust_nodelay_off_c16_keepalive_ms,1.511055
latency,0,894,http1_rust_nodelay_off_c16_keepalive_ms,1.753860
latency,0,895,http1_rust_nodelay_off_c16_keepalive_ms,9.039024
latency,0,896,http1_rust_nodelay_off_c16_keepalive_ms,1.454735
latency,0,897,http1_rust_nodelay_off_c16_keepalive_ms,1.932442
latency,0,898,http1_rust_nodelay_off_c16_keepalive_ms,1.928083
latency,0,899,http1_rust_nodelay_off_c16_keepalive_ms,2.214168
latency,0,900,http1_rust_nodelay_off_c16_keepalive_ms,1.627688
latency,0,901,http1_rust_nodelay_off_c16_keepalive_ms,2.047254
latency,0,902,http1_rust_nodelay_off_c16_keepalive_ms,1.555207
latency,0,903,http1_rust_nodelay_off_c16_keepalive_ms,2.189747
latency,0,904,http1_rust_nodelay_off_c16_keepalive_ms,2.112526
latency,0,905,http1_rust_nodelay_off_c16_keepalive_ms,1.656008
latency,0,906,http1_rust_nodelay_off_c16_keepalive_ms,2.142606
latency,0,907,http1_rust_nodelay_off_c16_keepalive_ms,1.504206
latency,0,908,http1_rust_nodelay_off_c16_keepalive_ms,1.752220
latency,0,909,http1_rust_nodelay_off_c16_keepalive_ms,1.632747
latency,0,910,http1_rust_nodelay_off_c16_keepalive_ms,1.513016
latency,0,911,http1_rust_nodelay_off_c16_keepalive_ms,2.047855
latency,0,912,http1_rust_nodelay_off_c16_keepalive_ms,1.492065
latency,0,913,http1_rust_nodelay_off_c16_keepalive_ms,1.793101
latency,0,914,http1_rust_nodelay_off_c16_keepalive_ms,10.579449
latency,0,915,http1_rust_nodelay_off_c16_keepalive_ms,1.143460
latency,0,916,http1_rust_nodelay_off_c16_keepalive_ms,1.214720
latency,0,917,http1_rust_nodelay_off_c16_keepalive_ms,1.473376
latency,0,918,http1_rust_nodelay_off_c16_keepalive_ms,1.414904
latency,0,919,http1_rust_nodelay_off_c16_keepalive_ms,1.438384
latency,0,920,http1_rust_nodelay_off_c16_keepalive_ms,1.485735
latency,0,921,http1_rust_nodelay_off_c16_keepalive_ms,1.551797
latency,0,922,http1_rust_nodelay_off_c16_keepalive_ms,1.619007
latency,0,923,http1_rust_nodelay_off_c16_keepalive_ms,1.582287
latency,0,924,http1_rust_nodelay_off_c16_keepalive_ms,1.542446
latency,0,925,http1_rust_nodelay_off_c16_keepalive_ms,1.527146
latency,0,926,http1_rust_nodelay_off_c16_keepalive_ms,1.340513
latency,0,927,http1_rust_nodelay_off_c16_keepalive_ms,1.065878
latency,0,928,http1_rust_nodelay_off_c16_keepalive_ms,1.353483
latency,0,929,http1_rust_nodelay_off_c16_keepalive_ms,1.516986
latency,0,930,http1_rust_nodelay_off_c16_keepalive_ms,1.510435
latency,0,931,http1_rust_nodelay_off_c16_keepalive_ms,1.488716
latency,0,932,http1_rust_nodelay_off_c16_keepalive_ms,1.194560
latency,0,933,http1_rust_nodelay_off_c16_keepalive_ms,9.693205
latency,0,934,http1_rust_nodelay_off_c16_keepalive_ms,1.158239
latency,0,935,http1_rust_nodelay_off_c16_keepalive_ms,1.212081
latency,0,936,http1_rust_nodelay_off_c16_keepalive_ms,1.272782
latency,0,937,http1_rust_nodelay_off_c16_keepalive_ms,1.312152
latency,0,938,http1_rust_nodelay_off_c16_keepalive_ms,12.011184
latency,0,939,http1_rust_nodelay_off_c16_keepalive_ms,1.220031
latency,0,940,http1_rust_nodelay_off_c16_keepalive_ms,1.218040
latency,0,941,http1_rust_nodelay_off_c16_keepalive_ms,1.306423
latency,0,942,http1_rust_nodelay_off_c16_keepalive_ms,0.889045
latency,0,943,http1_rust_nodelay_off_c16_keepalive_ms,0.904015
latency,0,944,http1_rust_nodelay_off_c16_keepalive_ms,1.297812
latency,0,945,http1_rust_nodelay_off_c16_keepalive_ms,1.149719
latency,0,946,http1_rust_nodelay_off_c16_keepalive_ms,0.891196
latency,0,947,http1_rust_nodelay_off_c16_keepalive_ms,0.963226
latency,0,948,http1_rust_nodelay_off_c16_keepalive_ms,1.593087
latency,0,949,http1_rust_nodelay_off_c16_keepalive_ms,1.093409
latency,0,950,http1_rust_nodelay_off_c16_keepalive_ms,0.842714
latency,0,951,http1_rust_nodelay_off_c16_keepalive_ms,1.126239
latency,0,952,http1_rust_nodelay_off_c16_keepalive_ms,0.876915
latency,0,953,http1_rust_nodelay_off_c16_keepalive_ms,0.978777
latency,0,954,http1_rust_nodelay_off_c16_keepalive_ms,1.592537
latency,0,955,http1_rust_nodelay_off_c16_keepalive_ms,0.598280
latency,0,956,http1_rust_nodelay_off_c16_keepalive_ms,0.449438
latency,0,957,http1_rust_nodelay_off_c16_keepalive_ms,0.427947
latency,0,958,http1_rust_nodelay_off_c16_keepalive_ms,0.395837
latency,0,959,http1_rust_nodelay_off_c16_keepalive_ms,0.273504
latency,0,320,http1_rust_nodelay_off_c16_keepalive_ms,2.131936
latency,0,321,http1_rust_nodelay_off_c16_keepalive_ms,2.374950
latency,0,322,http1_rust_nodelay_off_c16_keepalive_ms,12.038285
latency,0,323,http1_rust_nodelay_off_c16_keepalive_ms,1.903972
latency,0,324,http1_rust_nodelay_off_c16_keepalive_ms,1.553647
latency,0,325,http1_rust_nodelay_off_c16_keepalive_ms,1.916932
latency,0,326,http1_rust_nodelay_off_c16_keepalive_ms,1.450745
latency,0,327,http1_rust_nodelay_off_c16_keepalive_ms,1.840111
latency,0,328,http1_rust_nodelay_off_c16_keepalive_ms,10.995167
latency,0,329,http1_rust_nodelay_off_c16_keepalive_ms,1.520186
latency,0,330,http1_rust_nodelay_off_c16_keepalive_ms,1.846111
latency,0,331,http1_rust_nodelay_off_c16_keepalive_ms,10.528879
latency,0,332,http1_rust_nodelay_off_c16_keepalive_ms,2.192527
latency,0,333,http1_rust_nodelay_off_c16_keepalive_ms,2.089916
latency,0,334,http1_rust_nodelay_off_c16_keepalive_ms,2.067285
latency,0,335,http1_rust_nodelay_off_c16_keepalive_ms,2.241858
latency,0,336,http1_rust_nodelay_off_c16_keepalive_ms,2.110636
latency,0,337,http1_rust_nodelay_off_c16_keepalive_ms,2.239698
latency,0,338,http1_rust_nodelay_off_c16_keepalive_ms,10.849384
latency,0,339,http1_rust_nodelay_off_c16_keepalive_ms,1.438055
latency,0,340,http1_rust_nodelay_off_c16_keepalive_ms,1.553576
latency,0,341,http1_rust_nodelay_off_c16_keepalive_ms,1.133780
latency,0,342,http1_rust_nodelay_off_c16_keepalive_ms,1.584986
latency,0,343,http1_rust_nodelay_off_c16_keepalive_ms,0.805644
latency,0,344,http1_rust_nodelay_off_c16_keepalive_ms,1.504356
latency,0,345,http1_rust_nodelay_off_c16_keepalive_ms,1.214060
latency,0,346,http1_rust_nodelay_off_c16_keepalive_ms,6.625813
latency,0,347,http1_rust_nodelay_off_c16_keepalive_ms,1.511246
latency,0,348,http1_rust_nodelay_off_c16_keepalive_ms,1.479405
latency,0,349,http1_rust_nodelay_off_c16_keepalive_ms,1.185960
latency,0,350,http1_rust_nodelay_off_c16_keepalive_ms,1.532956
latency,0,351,http1_rust_nodelay_off_c16_keepalive_ms,1.469885
latency,0,352,http1_rust_nodelay_off_c16_keepalive_ms,1.398934
latency,0,353,http1_rust_nodelay_off_c16_keepalive_ms,1.379153
latency,0,354,http1_rust_nodelay_off_c16_keepalive_ms,1.082739
latency,0,355,http1_rust_nodelay_off_c16_keepalive_ms,1.130799
latency,0,356,http1_rust_nodelay_off_c16_keepalive_ms,1.481785
latency,0,357,http1_rust_nodelay_off_c16_keepalive_ms,1.139619
latency,0,358,http1_rust_nodelay_off_c16_keepalive_ms,1.545896
latency,0,359,http1_rust_nodelay_off_c16_keepalive_ms,1.555277
latency,0,360,http1_rust_nodelay_off_c16_keepalive_ms,1.181670
latency,0,361,http1_rust_nodelay_off_c16_keepalive_ms,1.185860
latency,0,362,http1_rust_nodelay_off_c16_keepalive_ms,1.458695
latency,0,363,http1_rust_nodelay_off_c16_keepalive_ms,1.468105
latency,0,364,http1_rust_nodelay_off_c16_keepalive_ms,9.693345
latency,0,365,http1_rust_nodelay_off_c16_keepalive_ms,1.083768
latency,0,366,http1_rust_nodelay_off_c16_keepalive_ms,1.393403
latency,0,367,http1_rust_nodelay_off_c16_keepalive_ms,1.590827
latency,0,368,http1_rust_nodelay_off_c16_keepalive_ms,1.367344
latency,0,369,http1_rust_nodelay_off_c16_keepalive_ms,0.986337
latency,0,370,http1_rust_nodelay_off_c16_keepalive_ms,1.304052
latency,0,371,http1_rust_nodelay_off_c16_keepalive_ms,1.286412
latency,0,372,http1_rust_nodelay_off_c16_keepalive_ms,0.955406
latency,0,373,http1_rust_nodelay_off_c16_keepalive_ms,1.244741
latency,0,374,http1_rust_nodelay_off_c16_keepalive_ms,1.206160
latency,0,375,http1_rust_nodelay_off_c16_keepalive_ms,1.281072
latency,0,376,http1_rust_nodelay_off_c16_keepalive_ms,0.909176
latency,0,377,http1_rust_nodelay_off_c16_keepalive_ms,0.921535
latency,0,378,http1_rust_nodelay_off_c16_keepalive_ms,1.227101
latency,0,379,http1_rust_nodelay_off_c16_keepalive_ms,1.178540
latency,0,380,http1_rust_nodelay_off_c16_keepalive_ms,0.904185
latency,0,381,http1_rust_nodelay_off_c16_keepalive_ms,0.893236
latency,0,382,http1_rust_nodelay_off_c16_keepalive_ms,1.634087
latency,0,383,http1_rust_nodelay_off_c16_keepalive_ms,1.153230
latency,0,384,http1_rust_nodelay_off_c16_keepalive_ms,0.820714
latency,0,385,http1_rust_nodelay_off_c16_keepalive_ms,1.128319
latency,0,386,http1_rust_nodelay_off_c16_keepalive_ms,0.873175
latency,0,387,http1_rust_nodelay_off_c16_keepalive_ms,1.030787
latency,0,388,http1_rust_nodelay_off_c16_keepalive_ms,1.617418
latency,0,389,http1_rust_nodelay_off_c16_keepalive_ms,0.617160
latency,0,390,http1_rust_nodelay_off_c16_keepalive_ms,0.473119
latency,0,391,http1_rust_nodelay_off_c16_keepalive_ms,0.444607
latency,0,392,http1_rust_nodelay_off_c16_keepalive_ms,0.425037
latency,0,393,http1_rust_nodelay_off_c16_keepalive_ms,0.265385
latency,0,394,http1_rust_nodelay_off_c16_keepalive_ms,0.362476
latency,0,395,http1_rust_nodelay_off_c16_keepalive_ms,0.216064
latency,0,396,http1_rust_nodelay_off_c16_keepalive_ms,1.535056
latency,0,397,http1_rust_nodelay_off_c16_keepalive_ms,0.221843
latency,0,398,http1_rust_nodelay_off_c16_keepalive_ms,0.221444
latency,0,399,http1_rust_nodelay_off_c16_keepalive_ms,0.223364
latency,0,960,http1_rust_nodelay_off_c16_keepalive_ms,2.659055
latency,0,961,http1_rust_nodelay_off_c16_keepalive_ms,2.308249
latency,0,962,http1_rust_nodelay_off_c16_keepalive_ms,2.516453
latency,0,963,http1_rust_nodelay_off_c16_keepalive_ms,1.787410
latency,0,964,http1_rust_nodelay_off_c16_keepalive_ms,2.194777
latency,0,965,http1_rust_nodelay_off_c16_keepalive_ms,2.147977
latency,0,966,http1_rust_nodelay_off_c16_keepalive_ms,10.357406
latency,0,967,http1_rust_nodelay_off_c16_keepalive_ms,1.483075
latency,0,968,http1_rust_nodelay_off_c16_keepalive_ms,1.823171
latency,0,969,http1_rust_nodelay_off_c16_keepalive_ms,1.448405
latency,0,970,http1_rust_nodelay_off_c16_keepalive_ms,1.974973
latency,0,971,http1_rust_nodelay_off_c16_keepalive_ms,1.805651
latency,0,972,http1_rust_nodelay_off_c16_keepalive_ms,1.916762
latency,0,973,http1_rust_nodelay_off_c16_keepalive_ms,2.119107
latency,0,974,http1_rust_nodelay_off_c16_keepalive_ms,1.520615
latency,0,975,http1_rust_nodelay_off_c16_keepalive_ms,1.839802
latency,0,976,http1_rust_nodelay_off_c16_keepalive_ms,1.639137
latency,0,977,http1_rust_nodelay_off_c16_keepalive_ms,1.931183
latency,0,978,http1_rust_nodelay_off_c16_keepalive_ms,2.224578
latency,0,979,http1_rust_nodelay_off_c16_keepalive_ms,1.641498
latency,0,980,http1_rust_nodelay_off_c16_keepalive_ms,2.034614
latency,0,981,http1_rust_nodelay_off_c16_keepalive_ms,1.685389
latency,0,982,http1_rust_nodelay_off_c16_keepalive_ms,1.624598
latency,0,983,http1_rust_nodelay_off_c16_keepalive_ms,2.098386
latency,0,984,http1_rust_nodelay_off_c16_keepalive_ms,1.585776
latency,0,985,http1_rust_nodelay_off_c16_keepalive_ms,11.187290
latency,0,986,http1_rust_nodelay_off_c16_keepalive_ms,2.057416
latency,0,987,http1_rust_nodelay_off_c16_keepalive_ms,1.491715
latency,0,988,http1_rust_nodelay_off_c16_keepalive_ms,1.448904
latency,0,989,http1_rust_nodelay_off_c16_keepalive_ms,1.479255
latency,0,990,http1_rust_nodelay_off_c16_keepalive_ms,1.441485
latency,0,991,http1_rust_nodelay_off_c16_keepalive_ms,1.186030
latency,0,992,http1_rust_nodelay_off_c16_keepalive_ms,1.123269
latency,0,993,http1_rust_nodelay_off_c16_keepalive_ms,1.577407
latency,0,994,http1_rust_nodelay_off_c16_keepalive_ms,1.565406
latency,0,995,http1_rust_nodelay_off_c16_keepalive_ms,1.551757
latency,0,996,http1_rust_nodelay_off_c16_keepalive_ms,1.519886
latency,0,997,http1_rust_nodelay_off_c16_keepalive_ms,1.088328
latency,0,998,http1_rust_nodelay_off_c16_keepalive_ms,1.052518
latency,0,999,http1_rust_nodelay_off_c16_keepalive_ms,1.114869
latency,0,1000,http1_rust_nodelay_off_c16_keepalive_ms,1.453115
latency,0,1001,http1_rust_nodelay_off_c16_keepalive_ms,1.543696
latency,0,1002,http1_rust_nodelay_off_c16_keepalive_ms,1.137129
latency,0,1003,http1_rust_nodelay_off_c16_keepalive_ms,1.242682
latency,0,1004,http1_rust_nodelay_off_c16_keepalive_ms,1.494115
latency,0,1005,http1_rust_nodelay_off_c16_keepalive_ms,1.653908
latency,0,1006,http1_rust_nodelay_off_c16_keepalive_ms,5.891360
latency,0,1007,http1_rust_nodelay_off_c16_keepalive_ms,1.538186
latency,0,1008,http1_rust_nodelay_off_c16_keepalive_ms,1.168740
latency,0,1009,http1_rust_nodelay_off_c16_keepalive_ms,1.527356
latency,0,1010,http1_rust_nodelay_off_c16_keepalive_ms,1.187320
latency,0,1011,http1_rust_nodelay_off_c16_keepalive_ms,1.565837
latency,0,1012,http1_rust_nodelay_off_c16_keepalive_ms,1.552906
latency,0,1013,http1_rust_nodelay_off_c16_keepalive_ms,1.067408
latency,0,1014,http1_rust_nodelay_off_c16_keepalive_ms,1.462745
latency,0,1015,http1_rust_nodelay_off_c16_keepalive_ms,1.089639
latency,0,1016,http1_rust_nodelay_off_c16_keepalive_ms,1.285382
latency,0,1017,http1_rust_nodelay_off_c16_keepalive_ms,0.756152
latency,0,1018,http1_rust_nodelay_off_c16_keepalive_ms,20.638381
latency,0,1019,http1_rust_nodelay_off_c16_keepalive_ms,1.184840
latency,0,1020,http1_rust_nodelay_off_c16_keepalive_ms,1.594057
latency,0,1021,http1_rust_nodelay_off_c16_keepalive_ms,1.176640
latency,0,1022,http1_rust_nodelay_off_c16_keepalive_ms,1.188130
latency,0,1023,http1_rust_nodelay_off_c16_keepalive_ms,14.383594
latency,0,1024,http1_rust_nodelay_off_c16_keepalive_ms,0.260195
latency,0,1025,http1_rust_nodelay_off_c16_keepalive_ms,0.220244
latency,0,1026,http1_rust_nodelay_off_c16_keepalive_ms,0.240044
latency,0,1027,http1_rust_nodelay_off_c16_keepalive_ms,0.228514
latency,0,1028,http1_rust_nodelay_off_c16_keepalive_ms,0.221263
latency,0,1029,http1_rust_nodelay_off_c16_keepalive_ms,0.253585
latency,0,1030,http1_rust_nodelay_off_c16_keepalive_ms,0.224534
latency,0,1031,http1_rust_nodelay_off_c16_keepalive_ms,0.211823
latency,0,1032,http1_rust_nodelay_off_c16_keepalive_ms,0.212064
latency,0,1033,http1_rust_nodelay_off_c16_keepalive_ms,0.211663
latency,0,1034,http1_rust_nodelay_off_c16_keepalive_ms,0.244235
latency,0,1035,http1_rust_nodelay_off_c16_keepalive_ms,0.219023
latency,0,1036,http1_rust_nodelay_off_c16_keepalive_ms,0.216994
latency,0,1037,http1_rust_nodelay_off_c16_keepalive_ms,0.214334
latency,0,1038,http1_rust_nodelay_off_c16_keepalive_ms,0.216283
latency,0,1039,http1_rust_nodelay_off_c16_keepalive_ms,0.227304
latency,0,800,http1_rust_nodelay_off_c16_keepalive_ms,2.636234
latency,0,801,http1_rust_nodelay_off_c16_keepalive_ms,1.777460
latency,0,802,http1_rust_nodelay_off_c16_keepalive_ms,2.554394
latency,0,803,http1_rust_nodelay_off_c16_keepalive_ms,2.214348
latency,0,804,http1_rust_nodelay_off_c16_keepalive_ms,2.042924
latency,0,805,http1_rust_nodelay_off_c16_keepalive_ms,2.061145
latency,0,806,http1_rust_nodelay_off_c16_keepalive_ms,2.101636
latency,0,807,http1_rust_nodelay_off_c16_keepalive_ms,1.997434
latency,0,808,http1_rust_nodelay_off_c16_keepalive_ms,1.902932
latency,0,809,http1_rust_nodelay_off_c16_keepalive_ms,1.673949
latency,0,810,http1_rust_nodelay_off_c16_keepalive_ms,1.729659
latency,0,811,http1_rust_nodelay_off_c16_keepalive_ms,1.491966
latency,0,812,http1_rust_nodelay_off_c16_keepalive_ms,1.862561
latency,0,813,http1_rust_nodelay_off_c16_keepalive_ms,1.871222
latency,0,814,http1_rust_nodelay_off_c16_keepalive_ms,1.946823
latency,0,815,http1_rust_nodelay_off_c16_keepalive_ms,1.555527
latency,0,816,http1_rust_nodelay_off_c16_keepalive_ms,1.857661
latency,0,817,http1_rust_nodelay_off_c16_keepalive_ms,2.029864
latency,0,818,http1_rust_nodelay_off_c16_keepalive_ms,2.102416
latency,0,819,http1_rust_nodelay_off_c16_keepalive_ms,1.883862
latency,0,820,http1_rust_nodelay_off_c16_keepalive_ms,1.512936
latency,0,821,http1_rust_nodelay_off_c16_keepalive_ms,1.896932
latency,0,822,http1_rust_nodelay_off_c16_keepalive_ms,1.592537
latency,0,823,http1_rust_nodelay_off_c16_keepalive_ms,2.186097
latency,0,824,http1_rust_nodelay_off_c16_keepalive_ms,2.098776
latency,0,825,http1_rust_nodelay_off_c16_keepalive_ms,2.224188
latency,0,826,http1_rust_nodelay_off_c16_keepalive_ms,2.087625
latency,0,827,http1_rust_nodelay_off_c16_keepalive_ms,2.168437
latency,0,828,http1_rust_nodelay_off_c16_keepalive_ms,2.184207
latency,0,829,http1_rust_nodelay_off_c16_keepalive_ms,1.534046
latency,0,830,http1_rust_nodelay_off_c16_keepalive_ms,2.112016
latency,0,831,http1_rust_nodelay_off_c16_keepalive_ms,2.238468
latency,0,832,http1_rust_nodelay_off_c16_keepalive_ms,2.063765
latency,0,833,http1_rust_nodelay_off_c16_keepalive_ms,2.086576
latency,0,834,http1_rust_nodelay_off_c16_keepalive_ms,1.974613
latency,0,835,http1_rust_nodelay_off_c16_keepalive_ms,1.516656
latency,0,836,http1_rust_nodelay_off_c16_keepalive_ms,1.436424
latency,0,837,http1_rust_nodelay_off_c16_keepalive_ms,1.389014
latency,0,838,http1_rust_nodelay_off_c16_keepalive_ms,1.415974
latency,0,839,http1_rust_nodelay_off_c16_keepalive_ms,10.533149
latency,0,840,http1_rust_nodelay_off_c16_keepalive_ms,1.443844
latency,0,841,http1_rust_nodelay_off_c16_keepalive_ms,1.385994
latency,0,842,http1_rust_nodelay_off_c16_keepalive_ms,1.227801
latency,0,843,http1_rust_nodelay_off_c16_keepalive_ms,1.133859
latency,0,844,http1_rust_nodelay_off_c16_keepalive_ms,1.240411
latency,0,845,http1_rust_nodelay_off_c16_keepalive_ms,1.505876
latency,0,846,http1_rust_nodelay_off_c16_keepalive_ms,1.100538
latency,0,847,http1_rust_nodelay_off_c16_keepalive_ms,1.179050
latency,0,848,http1_rust_nodelay_off_c16_keepalive_ms,1.126470
latency,0,849,http1_rust_nodelay_off_c16_keepalive_ms,7.401455
latency,0,850,http1_rust_nodelay_off_c16_keepalive_ms,1.175310
latency,0,851,http1_rust_nodelay_off_c16_keepalive_ms,1.152050
latency,0,852,http1_rust_nodelay_off_c16_keepalive_ms,1.538246
latency,0,853,http1_rust_nodelay_off_c16_keepalive_ms,1.559996
latency,0,854,http1_rust_nodelay_off_c16_keepalive_ms,1.494966
latency,0,855,http1_rust_nodelay_off_c16_keepalive_ms,1.060438
latency,0,856,http1_rust_nodelay_off_c16_keepalive_ms,1.478765
latency,0,857,http1_rust_nodelay_off_c16_keepalive_ms,1.309872
latency,0,858,http1_rust_nodelay_off_c16_keepalive_ms,1.356904
latency,0,859,http1_rust_nodelay_off_c16_keepalive_ms,1.279761
latency,0,860,http1_rust_nodelay_off_c16_keepalive_ms,8.638377
latency,0,861,http1_rust_nodelay_off_c16_keepalive_ms,1.498465
latency,0,862,http1_rust_nodelay_off_c16_keepalive_ms,0.937846
latency,0,863,http1_rust_nodelay_off_c16_keepalive_ms,1.673539
latency,0,864,http1_rust_nodelay_off_c16_keepalive_ms,1.285722
latency,0,865,http1_rust_nodelay_off_c16_keepalive_ms,1.292451
latency,0,866,http1_rust_nodelay_off_c16_keepalive_ms,1.211401
latency,0,867,http1_rust_nodelay_off_c16_keepalive_ms,0.905665
latency,0,868,http1_rust_nodelay_off_c16_keepalive_ms,0.957227
latency,0,869,http1_rust_nodelay_off_c16_keepalive_ms,0.924886
latency,0,870,http1_rust_nodelay_off_c16_keepalive_ms,1.188480
latency,0,871,http1_rust_nodelay_off_c16_keepalive_ms,1.228431
latency,0,872,http1_rust_nodelay_off_c16_keepalive_ms,1.177479
latency,0,873,http1_rust_nodelay_off_c16_keepalive_ms,0.903686
latency,0,874,http1_rust_nodelay_off_c16_keepalive_ms,0.893475
latency,0,875,http1_rust_nodelay_off_c16_keepalive_ms,1.635408
latency,0,876,http1_rust_nodelay_off_c16_keepalive_ms,0.914575
latency,0,877,http1_rust_nodelay_off_c16_keepalive_ms,1.057849
latency,0,878,http1_rust_nodelay_off_c16_keepalive_ms,14.127919
latency,0,879,http1_rust_nodelay_off_c16_keepalive_ms,0.118072
latency,0,240,http1_rust_nodelay_off_c16_keepalive_ms,2.344650
latency,0,241,http1_rust_nodelay_off_c16_keepalive_ms,2.423721
latency,0,242,http1_rust_nodelay_off_c16_keepalive_ms,2.527073
latency,0,243,http1_rust_nodelay_off_c16_keepalive_ms,1.728929
latency,0,244,http1_rust_nodelay_off_c16_keepalive_ms,2.096615
latency,0,245,http1_rust_nodelay_off_c16_keepalive_ms,2.132926
latency,0,246,http1_rust_nodelay_off_c16_keepalive_ms,2.050625
latency,0,247,http1_rust_nodelay_off_c16_keepalive_ms,1.570547
latency,0,248,http1_rust_nodelay_off_c16_keepalive_ms,1.853471
latency,0,249,http1_rust_nodelay_off_c16_keepalive_ms,2.167757
latency,0,250,http1_rust_nodelay_off_c16_keepalive_ms,1.820721
latency,0,251,http1_rust_nodelay_off_c16_keepalive_ms,1.912043
latency,0,252,http1_rust_nodelay_off_c16_keepalive_ms,10.598459
latency,0,253,http1_rust_nodelay_off_c16_keepalive_ms,1.546067
latency,0,254,http1_rust_nodelay_off_c16_keepalive_ms,1.923993
latency,0,255,http1_rust_nodelay_off_c16_keepalive_ms,1.872251
latency,0,256,http1_rust_nodelay_off_c16_keepalive_ms,1.245681
latency,0,257,http1_rust_nodelay_off_c16_keepalive_ms,1.528756
latency,0,258,http1_rust_nodelay_off_c16_keepalive_ms,2.185018
latency,0,259,http1_rust_nodelay_off_c16_keepalive_ms,2.089495
latency,0,260,http1_rust_nodelay_off_c16_keepalive_ms,2.192227
latency,0,261,http1_rust_nodelay_off_c16_keepalive_ms,2.203508
latency,0,262,http1_rust_nodelay_off_c16_keepalive_ms,2.118466
latency,0,263,http1_rust_nodelay_off_c16_keepalive_ms,2.129946
latency,0,264,http1_rust_nodelay_off_c16_keepalive_ms,1.587397
latency,0,265,http1_rust_nodelay_off_c16_keepalive_ms,1.641528
latency,0,266,http1_rust_nodelay_off_c16_keepalive_ms,2.131106
latency,0,267,http1_rust_nodelay_off_c16_keepalive_ms,9.029584
latency,0,268,http1_rust_nodelay_off_c16_keepalive_ms,1.080178
latency,0,269,http1_rust_nodelay_off_c16_keepalive_ms,1.114999
latency,0,270,http1_rust_nodelay_off_c16_keepalive_ms,1.113499
latency,0,271,http1_rust_nodelay_off_c16_keepalive_ms,1.437414
latency,0,272,http1_rust_nodelay_off_c16_keepalive_ms,1.553596
latency,0,273,http1_rust_nodelay_off_c16_keepalive_ms,1.495256
latency,0,274,http1_rust_nodelay_off_c16_keepalive_ms,1.181160
latency,0,275,http1_rust_nodelay_off_c16_keepalive_ms,10.640991
latency,0,276,http1_rust_nodelay_off_c16_keepalive_ms,1.626457
latency,0,277,http1_rust_nodelay_off_c16_keepalive_ms,1.541407
latency,0,278,http1_rust_nodelay_off_c16_keepalive_ms,1.559656
latency,0,279,http1_rust_nodelay_off_c16_keepalive_ms,1.148739
latency,0,280,http1_rust_nodelay_off_c16_keepalive_ms,1.106109
latency,0,281,http1_rust_nodelay_off_c16_keepalive_ms,1.367784
latency,0,282,http1_rust_nodelay_off_c16_keepalive_ms,1.077168
latency,0,283,http1_rust_nodelay_off_c16_keepalive_ms,1.407484
latency,0,284,http1_rust_nodelay_off_c16_keepalive_ms,1.477305
latency,0,285,http1_rust_nodelay_off_c16_keepalive_ms,1.478725
latency,0,286,http1_rust_nodelay_off_c16_keepalive_ms,1.144359
latency,0,287,http1_rust_nodelay_off_c16_keepalive_ms,1.178640
latency,0,288,http1_rust_nodelay_off_c16_keepalive_ms,1.579867
latency,0,289,http1_rust_nodelay_off_c16_keepalive_ms,1.529076
latency,0,290,http1_rust_nodelay_off_c16_keepalive_ms,1.510246
latency,0,291,http1_rust_nodelay_off_c16_keepalive_ms,1.093658
latency,0,292,http1_rust_nodelay_off_c16_keepalive_ms,1.359004
latency,0,293,http1_rust_nodelay_off_c16_keepalive_ms,9.268727
latency,0,294,http1_rust_nodelay_off_c16_keepalive_ms,1.087049
latency,0,295,http1_rust_nodelay_off_c16_keepalive_ms,1.280341
latency,0,296,http1_rust_nodelay_off_c16_keepalive_ms,1.917773
latency,0,297,http1_rust_nodelay_off_c16_keepalive_ms,1.056608
latency,0,298,http1_rust_nodelay_off_c16_keepalive_ms,1.260021
latency,0,299,http1_rust_nodelay_off_c16_keepalive_ms,17.643570
latency,0,300,http1_rust_nodelay_off_c16_keepalive_ms,0.870805
latency,0,301,http1_rust_nodelay_off_c16_keepalive_ms,1.039427
latency,0,302,http1_rust_nodelay_off_c16_keepalive_ms,0.705622
latency,0,303,http1_rust_nodelay_off_c16_keepalive_ms,1.593077
latency,0,304,http1_rust_nodelay_off_c16_keepalive_ms,0.535640
latency,0,305,http1_rust_nodelay_off_c16_keepalive_ms,0.585740
latency,0,306,http1_rust_nodelay_off_c16_keepalive_ms,0.334015
latency,0,307,http1_rust_nodelay_off_c16_keepalive_ms,0.355566
latency,0,308,http1_rust_nodelay_off_c16_keepalive_ms,0.286775
latency,0,309,http1_rust_nodelay_off_c16_keepalive_ms,0.217914
latency,0,310,http1_rust_nodelay_off_c16_keepalive_ms,7.302734
latency,0,311,http1_rust_nodelay_off_c16_keepalive_ms,0.124062
latency,0,312,http1_rust_nodelay_off_c16_keepalive_ms,0.115752
latency,0,313,http1_rust_nodelay_off_c16_keepalive_ms,0.110862
latency,0,314,http1_rust_nodelay_off_c16_keepalive_ms,0.112522
latency,0,315,http1_rust_nodelay_off_c16_keepalive_ms,0.115322
latency,0,316,http1_rust_nodelay_off_c16_keepalive_ms,0.115882
latency,0,317,http1_rust_nodelay_off_c16_keepalive_ms,0.111322
latency,0,318,http1_rust_nodelay_off_c16_keepalive_ms,0.121482
latency,0,319,http1_rust_nodelay_off_c16_keepalive_ms,0.113892
latency,0,1040,http1_rust_nodelay_off_c16_keepalive_ms,10.596840
latency,0,1041,http1_rust_nodelay_off_c16_keepalive_ms,2.161027
latency,0,1042,http1_rust_nodelay_off_c16_keepalive_ms,1.612217
latency,0,1043,http1_rust_nodelay_off_c16_keepalive_ms,2.061536
latency,0,1044,http1_rust_nodelay_off_c16_keepalive_ms,1.938312
latency,0,1045,http1_rust_nodelay_off_c16_keepalive_ms,2.027895
latency,0,1046,http1_rust_nodelay_off_c16_keepalive_ms,9.215426
latency,0,1047,http1_rust_nodelay_off_c16_keepalive_ms,10.973797
latency,0,1048,http1_rust_nodelay_off_c16_keepalive_ms,1.711749
latency,0,1049,http1_rust_nodelay_off_c16_keepalive_ms,1.527526
latency,0,1050,http1_rust_nodelay_off_c16_keepalive_ms,2.130226
latency,0,1051,http1_rust_nodelay_off_c16_keepalive_ms,11.213770
latency,0,1052,http1_rust_nodelay_off_c16_keepalive_ms,1.969544
latency,0,1053,http1_rust_nodelay_off_c16_keepalive_ms,2.184347
latency,0,1054,http1_rust_nodelay_off_c16_keepalive_ms,2.159167
latency,0,1055,http1_rust_nodelay_off_c16_keepalive_ms,1.544746
latency,0,1056,http1_rust_nodelay_off_c16_keepalive_ms,2.054225
latency,0,1057,http1_rust_nodelay_off_c16_keepalive_ms,10.215014
latency,0,1058,http1_rust_nodelay_off_c16_keepalive_ms,1.172460
latency,0,1059,http1_rust_nodelay_off_c16_keepalive_ms,1.228240
latency,0,1060,http1_rust_nodelay_off_c16_keepalive_ms,1.163720
latency,0,1061,http1_rust_nodelay_off_c16_keepalive_ms,1.146699
latency,0,1062,http1_rust_nodelay_off_c16_keepalive_ms,1.513326
latency,0,1063,http1_rust_nodelay_off_c16_keepalive_ms,1.482916
latency,0,1064,http1_rust_nodelay_off_c16_keepalive_ms,1.259761
latency,0,1065,http1_rust_nodelay_off_c16_keepalive_ms,1.439204
latency,0,1066,http1_rust_nodelay_off_c16_keepalive_ms,1.169480
latency,0,1067,http1_rust_nodelay_off_c16_keepalive_ms,1.158500
latency,0,1068,http1_rust_nodelay_off_c16_keepalive_ms,1.168300
latency,0,1069,http1_rust_nodelay_off_c16_keepalive_ms,16.209425
latency,0,1070,http1_rust_nodelay_off_c16_keepalive_ms,1.585187
latency,0,1071,http1_rust_nodelay_off_c16_keepalive_ms,1.521806
latency,0,1072,http1_rust_nodelay_off_c16_keepalive_ms,9.017403
latency,0,1073,http1_rust_nodelay_off_c16_keepalive_ms,1.320662
latency,0,1074,http1_rust_nodelay_off_c16_keepalive_ms,1.056588
latency,0,1075,http1_rust_nodelay_off_c16_keepalive_ms,1.374854
latency,0,1076,http1_rust_nodelay_off_c16_keepalive_ms,1.052888
latency,0,1077,http1_rust_nodelay_off_c16_keepalive_ms,1.826481
latency,0,1078,http1_rust_nodelay_off_c16_keepalive_ms,1.560506
latency,0,1079,http1_rust_nodelay_off_c16_keepalive_ms,1.276722
latency,0,1080,http1_rust_nodelay_off_c16_keepalive_ms,1.299472
latency,0,1081,http1_rust_nodelay_off_c16_keepalive_ms,0.984347
latency,0,1082,http1_rust_nodelay_off_c16_keepalive_ms,1.236261
latency,0,1083,http1_rust_nodelay_off_c16_keepalive_ms,10.359756
latency,0,1084,http1_rust_nodelay_off_c16_keepalive_ms,1.337522
latency,0,1085,http1_rust_nodelay_off_c16_keepalive_ms,1.113859
latency,0,1086,http1_rust_nodelay_off_c16_keepalive_ms,0.843015
latency,0,1087,http1_rust_nodelay_off_c16_keepalive_ms,1.126919
latency,0,1088,http1_rust_nodelay_off_c16_keepalive_ms,0.874745
latency,0,1089,http1_rust_nodelay_off_c16_keepalive_ms,0.775313
latency,0,1090,http1_rust_nodelay_off_c16_keepalive_ms,5.976971
latency,0,1091,http1_rust_nodelay_off_c16_keepalive_ms,0.166803
latency,0,1092,http1_rust_nodelay_off_c16_keepalive_ms,0.221814
latency,0,1093,http1_rust_nodelay_off_c16_keepalive_ms,0.219864
latency,0,1094,http1_rust_nodelay_off_c16_keepalive_ms,0.616890
latency,0,1095,http1_rust_nodelay_off_c16_keepalive_ms,0.228144
latency,0,1096,http1_rust_nodelay_off_c16_keepalive_ms,0.236244
latency,0,1097,http1_rust_nodelay_off_c16_keepalive_ms,0.227924
latency,0,1098,http1_rust_nodelay_off_c16_keepalive_ms,0.224224
latency,0,1099,http1_rust_nodelay_off_c16_keepalive_ms,0.221473
latency,0,1100,http1_rust_nodelay_off_c16_keepalive_ms,0.215684
latency,0,1101,http1_rust_nodelay_off_c16_keepalive_ms,0.224764
latency,0,1102,http1_rust_nodelay_off_c16_keepalive_ms,0.211644
latency,0,1103,http1_rust_nodelay_off_c16_keepalive_ms,0.212113
latency,0,1104,http1_rust_nodelay_off_c16_keepalive_ms,0.211594
latency,0,1105,http1_rust_nodelay_off_c16_keepalive_ms,0.154582
latency,0,1106,http1_rust_nodelay_off_c16_keepalive_ms,0.225804
latency,0,1107,http1_rust_nodelay_off_c16_keepalive_ms,0.217114
latency,0,1108,http1_rust_nodelay_off_c16_keepalive_ms,0.214864
latency,0,1109,http1_rust_nodelay_off_c16_keepalive_ms,0.215673
latency,0,1110,http1_rust_nodelay_off_c16_keepalive_ms,0.225594
latency,0,1111,http1_rust_nodelay_off_c16_keepalive_ms,2.611505
latency,0,1112,http1_rust_nodelay_off_c16_keepalive_ms,0.117482
latency,0,1113,http1_rust_nodelay_off_c16_keepalive_ms,0.111522
latency,0,1114,http1_rust_nodelay_off_c16_keepalive_ms,0.116802
latency,0,1115,http1_rust_nodelay_off_c16_keepalive_ms,0.114811
latency,0,1116,http1_rust_nodelay_off_c16_keepalive_ms,0.110651
latency,0,1117,http1_rust_nodelay_off_c16_keepalive_ms,0.110952
latency,0,1118,http1_rust_nodelay_off_c16_keepalive_ms,0.110842
latency,0,1119,http1_rust_nodelay_off_c16_keepalive_ms,0.111772
trial,0,1280,http1_rust_nodelay_off_c16_median_ms,1.498465
trial,0,1280,http1_rust_nodelay_off_c16_p95_ms,2.636234
trial,0,1280,http1_rust_nodelay_off_c16_requests_per_second,7824.471
trial,0,1280,http1_rust_nodelay_off_c16_wall_ms,163.589
latency,1,480,http1_rust_nodelay_off_c16_keepalive_ms,1.618398
latency,1,481,http1_rust_nodelay_off_c16_keepalive_ms,1.823130
latency,1,482,http1_rust_nodelay_off_c16_keepalive_ms,1.758770
latency,1,483,http1_rust_nodelay_off_c16_keepalive_ms,1.280182
latency,1,484,http1_rust_nodelay_off_c16_keepalive_ms,1.265952
latency,1,485,http1_rust_nodelay_off_c16_keepalive_ms,1.623837
latency,1,486,http1_rust_nodelay_off_c16_keepalive_ms,1.547407
latency,1,487,http1_rust_nodelay_off_c16_keepalive_ms,9.948118
latency,1,488,http1_rust_nodelay_off_c16_keepalive_ms,1.486906
latency,1,489,http1_rust_nodelay_off_c16_keepalive_ms,1.463155
latency,1,490,http1_rust_nodelay_off_c16_keepalive_ms,1.466865
latency,1,491,http1_rust_nodelay_off_c16_keepalive_ms,1.440624
latency,1,492,http1_rust_nodelay_off_c16_keepalive_ms,1.480265
latency,1,493,http1_rust_nodelay_off_c16_keepalive_ms,1.501816
latency,1,494,http1_rust_nodelay_off_c16_keepalive_ms,1.431294
latency,1,495,http1_rust_nodelay_off_c16_keepalive_ms,1.159590
latency,1,496,http1_rust_nodelay_off_c16_keepalive_ms,1.118319
latency,1,497,http1_rust_nodelay_off_c16_keepalive_ms,1.060027
latency,1,498,http1_rust_nodelay_off_c16_keepalive_ms,1.319043
latency,1,499,http1_rust_nodelay_off_c16_keepalive_ms,1.047818
latency,1,500,http1_rust_nodelay_off_c16_keepalive_ms,1.302542
latency,1,501,http1_rust_nodelay_off_c16_keepalive_ms,1.021167
latency,1,502,http1_rust_nodelay_off_c16_keepalive_ms,1.291682
latency,1,503,http1_rust_nodelay_off_c16_keepalive_ms,1.045888
latency,1,504,http1_rust_nodelay_off_c16_keepalive_ms,1.401214
latency,1,505,http1_rust_nodelay_off_c16_keepalive_ms,1.453215
latency,1,506,http1_rust_nodelay_off_c16_keepalive_ms,1.547986
latency,1,507,http1_rust_nodelay_off_c16_keepalive_ms,1.460625
latency,1,508,http1_rust_nodelay_off_c16_keepalive_ms,1.478645
latency,1,509,http1_rust_nodelay_off_c16_keepalive_ms,1.463125
latency,1,510,http1_rust_nodelay_off_c16_keepalive_ms,1.418734
latency,1,511,http1_rust_nodelay_off_c16_keepalive_ms,1.138329
latency,1,512,http1_rust_nodelay_off_c16_keepalive_ms,1.108019
latency,1,513,http1_rust_nodelay_off_c16_keepalive_ms,1.372913
latency,1,514,http1_rust_nodelay_off_c16_keepalive_ms,1.041188
latency,1,515,http1_rust_nodelay_off_c16_keepalive_ms,1.189690
latency,1,516,http1_rust_nodelay_off_c16_keepalive_ms,1.358653
latency,1,517,http1_rust_nodelay_off_c16_keepalive_ms,1.315843
latency,1,518,http1_rust_nodelay_off_c16_keepalive_ms,1.338942
latency,1,519,http1_rust_nodelay_off_c16_keepalive_ms,1.326703
latency,1,520,http1_rust_nodelay_off_c16_keepalive_ms,1.075788
latency,1,521,http1_rust_nodelay_off_c16_keepalive_ms,1.080968
latency,1,522,http1_rust_nodelay_off_c16_keepalive_ms,1.162660
latency,1,523,http1_rust_nodelay_off_c16_keepalive_ms,1.434485
latency,1,524,http1_rust_nodelay_off_c16_keepalive_ms,1.156419
latency,1,525,http1_rust_nodelay_off_c16_keepalive_ms,1.142280
latency,1,526,http1_rust_nodelay_off_c16_keepalive_ms,1.390324
latency,1,527,http1_rust_nodelay_off_c16_keepalive_ms,1.040137
latency,1,528,http1_rust_nodelay_off_c16_keepalive_ms,1.102649
latency,1,529,http1_rust_nodelay_off_c16_keepalive_ms,1.071448
latency,1,530,http1_rust_nodelay_off_c16_keepalive_ms,1.482535
latency,1,531,http1_rust_nodelay_off_c16_keepalive_ms,1.420824
latency,1,532,http1_rust_nodelay_off_c16_keepalive_ms,1.451515
latency,1,533,http1_rust_nodelay_off_c16_keepalive_ms,1.193500
latency,1,534,http1_rust_nodelay_off_c16_keepalive_ms,1.502836
latency,1,535,http1_rust_nodelay_off_c16_keepalive_ms,1.512955
latency,1,536,http1_rust_nodelay_off_c16_keepalive_ms,1.478436
latency,1,537,http1_rust_nodelay_off_c16_keepalive_ms,1.051678
latency,1,538,http1_rust_nodelay_off_c16_keepalive_ms,1.305582
latency,1,539,http1_rust_nodelay_off_c16_keepalive_ms,1.066668
latency,1,540,http1_rust_nodelay_off_c16_keepalive_ms,1.344332
latency,1,541,http1_rust_nodelay_off_c16_keepalive_ms,1.414845
latency,1,542,http1_rust_nodelay_off_c16_keepalive_ms,1.376653
latency,1,543,http1_rust_nodelay_off_c16_keepalive_ms,1.338573
latency,1,544,http1_rust_nodelay_off_c16_keepalive_ms,1.423814
latency,1,545,http1_rust_nodelay_off_c16_keepalive_ms,1.111999
latency,1,546,http1_rust_nodelay_off_c16_keepalive_ms,1.415314
latency,1,547,http1_rust_nodelay_off_c16_keepalive_ms,1.439474
latency,1,548,http1_rust_nodelay_off_c16_keepalive_ms,1.118139
latency,1,549,http1_rust_nodelay_off_c16_keepalive_ms,1.325573
latency,1,550,http1_rust_nodelay_off_c16_keepalive_ms,1.090618
latency,1,551,http1_rust_nodelay_off_c16_keepalive_ms,1.355673
latency,1,552,http1_rust_nodelay_off_c16_keepalive_ms,1.380684
latency,1,553,http1_rust_nodelay_off_c16_keepalive_ms,1.209290
latency,1,554,http1_rust_nodelay_off_c16_keepalive_ms,0.969857
latency,1,555,http1_rust_nodelay_off_c16_keepalive_ms,1.310352
latency,1,556,http1_rust_nodelay_off_c16_keepalive_ms,1.318753
latency,1,557,http1_rust_nodelay_off_c16_keepalive_ms,1.423374
latency,1,558,http1_rust_nodelay_off_c16_keepalive_ms,1.325162
latency,1,559,http1_rust_nodelay_off_c16_keepalive_ms,0.984117
latency,1,160,http1_rust_nodelay_off_c16_keepalive_ms,1.680079
latency,1,161,http1_rust_nodelay_off_c16_keepalive_ms,1.825011
latency,1,162,http1_rust_nodelay_off_c16_keepalive_ms,1.785450
latency,1,163,http1_rust_nodelay_off_c16_keepalive_ms,1.677839
latency,1,164,http1_rust_nodelay_off_c16_keepalive_ms,1.629568
latency,1,165,http1_rust_nodelay_off_c16_keepalive_ms,1.398653
latency,1,166,http1_rust_nodelay_off_c16_keepalive_ms,1.507166
latency,1,167,http1_rust_nodelay_off_c16_keepalive_ms,1.235911
latency,1,168,http1_rust_nodelay_off_c16_keepalive_ms,1.405294
latency,1,169,http1_rust_nodelay_off_c16_keepalive_ms,1.456415
latency,1,170,http1_rust_nodelay_off_c16_keepalive_ms,1.114179
latency,1,171,http1_rust_nodelay_off_c16_keepalive_ms,1.091818
latency,1,172,http1_rust_nodelay_off_c16_keepalive_ms,1.502785
latency,1,173,http1_rust_nodelay_off_c16_keepalive_ms,1.490286
latency,1,174,http1_rust_nodelay_off_c16_keepalive_ms,1.482375
latency,1,175,http1_rust_nodelay_off_c16_keepalive_ms,1.463415
latency,1,176,http1_rust_nodelay_off_c16_keepalive_ms,1.465645
latency,1,177,http1_rust_nodelay_off_c16_keepalive_ms,1.441634
latency,1,178,http1_rust_nodelay_off_c16_keepalive_ms,1.479235
latency,1,179,http1_rust_nodelay_off_c16_keepalive_ms,1.501956
latency,1,180,http1_rust_nodelay_off_c16_keepalive_ms,1.494605
latency,1,181,http1_rust_nodelay_off_c16_keepalive_ms,0.793404
latency,1,182,http1_rust_nodelay_off_c16_keepalive_ms,1.158320
latency,1,183,http1_rust_nodelay_off_c16_keepalive_ms,1.387563
latency,1,184,http1_rust_nodelay_off_c16_keepalive_ms,1.317682
latency,1,185,http1_rust_nodelay_off_c16_keepalive_ms,1.054138
latency,1,186,http1_rust_nodelay_off_c16_keepalive_ms,1.296772
latency,1,187,http1_rust_nodelay_off_c16_keepalive_ms,10.090492
latency,1,188,http1_rust_nodelay_off_c16_keepalive_ms,0.766243
latency,1,189,http1_rust_nodelay_off_c16_keepalive_ms,1.094138
latency,1,190,http1_rust_nodelay_off_c16_keepalive_ms,1.416354
latency,1,191,http1_rust_nodelay_off_c16_keepalive_ms,1.471995
latency,1,192,http1_rust_nodelay_off_c16_keepalive_ms,1.468816
latency,1,193,http1_rust_nodelay_off_c16_keepalive_ms,1.377523
latency,1,194,http1_rust_nodelay_off_c16_keepalive_ms,1.311912
latency,1,195,http1_rust_nodelay_off_c16_keepalive_ms,1.331153
latency,1,196,http1_rust_nodelay_off_c16_keepalive_ms,1.010467
latency,1,197,http1_rust_nodelay_off_c16_keepalive_ms,1.306422
latency,1,198,http1_rust_nodelay_off_c16_keepalive_ms,1.021818
latency,1,199,http1_rust_nodelay_off_c16_keepalive_ms,1.335432
latency,1,200,http1_rust_nodelay_off_c16_keepalive_ms,1.430904
latency,1,201,http1_rust_nodelay_off_c16_keepalive_ms,1.505546
latency,1,202,http1_rust_nodelay_off_c16_keepalive_ms,1.048938
latency,1,203,http1_rust_nodelay_off_c16_keepalive_ms,1.553286
latency,1,204,http1_rust_nodelay_off_c16_keepalive_ms,1.455215
latency,1,205,http1_rust_nodelay_off_c16_keepalive_ms,1.426024
latency,1,206,http1_rust_nodelay_off_c16_keepalive_ms,1.413654
latency,1,207,http1_rust_nodelay_off_c16_keepalive_ms,1.430144
latency,1,208,http1_rust_nodelay_off_c16_keepalive_ms,1.475256
latency,1,209,http1_rust_nodelay_off_c16_keepalive_ms,1.084668
latency,1,210,http1_rust_nodelay_off_c16_keepalive_ms,1.118959
latency,1,211,http1_rust_nodelay_off_c16_keepalive_ms,1.508336
latency,1,212,http1_rust_nodelay_off_c16_keepalive_ms,1.486865
latency,1,213,http1_rust_nodelay_off_c16_keepalive_ms,1.101929
latency,1,214,http1_rust_nodelay_off_c16_keepalive_ms,1.155089
latency,1,215,http1_rust_nodelay_off_c16_keepalive_ms,1.468675
latency,1,216,http1_rust_nodelay_off_c16_keepalive_ms,1.355433
latency,1,217,http1_rust_nodelay_off_c16_keepalive_ms,1.351983
latency,1,218,http1_rust_nodelay_off_c16_keepalive_ms,1.345713
latency,1,219,http1_rust_nodelay_off_c16_keepalive_ms,1.079428
latency,1,220,http1_rust_nodelay_off_c16_keepalive_ms,1.369894
latency,1,221,http1_rust_nodelay_off_c16_keepalive_ms,1.035007
latency,1,222,http1_rust_nodelay_off_c16_keepalive_ms,1.254262
latency,1,223,http1_rust_nodelay_off_c16_keepalive_ms,1.478545
latency,1,224,http1_rust_nodelay_off_c16_keepalive_ms,1.403593
latency,1,225,http1_rust_nodelay_off_c16_keepalive_ms,1.091449
latency,1,226,http1_rust_nodelay_off_c16_keepalive_ms,1.103079
latency,1,227,http1_rust_nodelay_off_c16_keepalive_ms,1.408954
latency,1,228,http1_rust_nodelay_off_c16_keepalive_ms,1.322412
latency,1,229,http1_rust_nodelay_off_c16_keepalive_ms,1.074458
latency,1,230,http1_rust_nodelay_off_c16_keepalive_ms,1.361013
latency,1,231,http1_rust_nodelay_off_c16_keepalive_ms,1.378514
latency,1,232,http1_rust_nodelay_off_c16_keepalive_ms,0.953046
latency,1,233,http1_rust_nodelay_off_c16_keepalive_ms,1.219611
latency,1,234,http1_rust_nodelay_off_c16_keepalive_ms,1.311202
latency,1,235,http1_rust_nodelay_off_c16_keepalive_ms,1.023398
latency,1,236,http1_rust_nodelay_off_c16_keepalive_ms,0.978536
latency,1,237,http1_rust_nodelay_off_c16_keepalive_ms,1.364263
latency,1,238,http1_rust_nodelay_off_c16_keepalive_ms,1.001567
latency,1,239,http1_rust_nodelay_off_c16_keepalive_ms,1.881892
latency,1,1040,http1_rust_nodelay_off_c16_keepalive_ms,1.801111
latency,1,1041,http1_rust_nodelay_off_c16_keepalive_ms,1.691728
latency,1,1042,http1_rust_nodelay_off_c16_keepalive_ms,1.380774
latency,1,1043,http1_rust_nodelay_off_c16_keepalive_ms,1.721929
latency,1,1044,http1_rust_nodelay_off_c16_keepalive_ms,1.642218
latency,1,1045,http1_rust_nodelay_off_c16_keepalive_ms,1.566097
latency,1,1046,http1_rust_nodelay_off_c16_keepalive_ms,1.547946
latency,1,1047,http1_rust_nodelay_off_c16_keepalive_ms,1.474745
latency,1,1048,http1_rust_nodelay_off_c16_keepalive_ms,1.084298
latency,1,1049,http1_rust_nodelay_off_c16_keepalive_ms,1.355553
latency,1,1050,http1_rust_nodelay_off_c16_keepalive_ms,1.113339
latency,1,1051,http1_rust_nodelay_off_c16_keepalive_ms,1.094769
latency,1,1052,http1_rust_nodelay_off_c16_keepalive_ms,1.511515
latency,1,1053,http1_rust_nodelay_off_c16_keepalive_ms,1.507196
latency,1,1054,http1_rust_nodelay_off_c16_keepalive_ms,1.501126
latency,1,1055,http1_rust_nodelay_off_c16_keepalive_ms,1.467285
latency,1,1056,http1_rust_nodelay_off_c16_keepalive_ms,1.501885
latency,1,1057,http1_rust_nodelay_off_c16_keepalive_ms,1.454115
latency,1,1058,http1_rust_nodelay_off_c16_keepalive_ms,1.462905
latency,1,1059,http1_rust_nodelay_off_c16_keepalive_ms,1.111499
latency,1,1060,http1_rust_nodelay_off_c16_keepalive_ms,1.213550
latency,1,1061,http1_rust_nodelay_off_c16_keepalive_ms,1.461305
latency,1,1062,http1_rust_nodelay_off_c16_keepalive_ms,1.482215
latency,1,1063,http1_rust_nodelay_off_c16_keepalive_ms,9.460481
latency,1,1064,http1_rust_nodelay_off_c16_keepalive_ms,1.439904
latency,1,1065,http1_rust_nodelay_off_c16_keepalive_ms,1.529006
latency,1,1066,http1_rust_nodelay_off_c16_keepalive_ms,1.469145
latency,1,1067,http1_rust_nodelay_off_c16_keepalive_ms,1.442835
latency,1,1068,http1_rust_nodelay_off_c16_keepalive_ms,1.129789
latency,1,1069,http1_rust_nodelay_off_c16_keepalive_ms,1.119059
latency,1,1070,http1_rust_nodelay_off_c16_keepalive_ms,1.424464
latency,1,1071,http1_rust_nodelay_off_c16_keepalive_ms,1.464875
latency,1,1072,http1_rust_nodelay_off_c16_keepalive_ms,1.404664
latency,1,1073,http1_rust_nodelay_off_c16_keepalive_ms,1.036948
latency,1,1074,http1_rust_nodelay_off_c16_keepalive_ms,1.354562
latency,1,1075,http1_rust_nodelay_off_c16_keepalive_ms,1.314233
latency,1,1076,http1_rust_nodelay_off_c16_keepalive_ms,0.989777
latency,1,1077,http1_rust_nodelay_off_c16_keepalive_ms,1.337933
latency,1,1078,http1_rust_nodelay_off_c16_keepalive_ms,0.987346
latency,1,1079,http1_rust_nodelay_off_c16_keepalive_ms,1.378664
latency,1,1080,http1_rust_nodelay_off_c16_keepalive_ms,1.443284
latency,1,1081,http1_rust_nodelay_off_c16_keepalive_ms,1.366723
latency,1,1082,http1_rust_nodelay_off_c16_keepalive_ms,1.093269
latency,1,1083,http1_rust_nodelay_off_c16_keepalive_ms,1.513486
latency,1,1084,http1_rust_nodelay_off_c16_keepalive_ms,1.120199
latency,1,1085,http1_rust_nodelay_off_c16_keepalive_ms,1.423284
latency,1,1086,http1_rust_nodelay_off_c16_keepalive_ms,1.429584
latency,1,1087,http1_rust_nodelay_off_c16_keepalive_ms,1.435045
latency,1,1088,http1_rust_nodelay_off_c16_keepalive_ms,1.473165
latency,1,1089,http1_rust_nodelay_off_c16_keepalive_ms,1.450464
latency,1,1090,http1_rust_nodelay_off_c16_keepalive_ms,1.447975
latency,1,1091,http1_rust_nodelay_off_c16_keepalive_ms,1.183020
latency,1,1092,http1_rust_nodelay_off_c16_keepalive_ms,1.526716
latency,1,1093,http1_rust_nodelay_off_c16_keepalive_ms,1.492945
latency,1,1094,http1_rust_nodelay_off_c16_keepalive_ms,1.487236
latency,1,1095,http1_rust_nodelay_off_c16_keepalive_ms,1.365193
latency,1,1096,http1_rust_nodelay_off_c16_keepalive_ms,1.019197
latency,1,1097,http1_rust_nodelay_off_c16_keepalive_ms,1.029627
latency,1,1098,http1_rust_nodelay_off_c16_keepalive_ms,1.342573
latency,1,1099,http1_rust_nodelay_off_c16_keepalive_ms,1.074609
latency,1,1100,http1_rust_nodelay_off_c16_keepalive_ms,1.345083
latency,1,1101,http1_rust_nodelay_off_c16_keepalive_ms,1.420274
latency,1,1102,http1_rust_nodelay_off_c16_keepalive_ms,1.380773
latency,1,1103,http1_rust_nodelay_off_c16_keepalive_ms,1.470375
latency,1,1104,http1_rust_nodelay_off_c16_keepalive_ms,1.127369
latency,1,1105,http1_rust_nodelay_off_c16_keepalive_ms,1.086219
latency,1,1106,http1_rust_nodelay_off_c16_keepalive_ms,1.430094
latency,1,1107,http1_rust_nodelay_off_c16_keepalive_ms,1.324433
latency,1,1108,http1_rust_nodelay_off_c16_keepalive_ms,1.039447
latency,1,1109,http1_rust_nodelay_off_c16_keepalive_ms,1.361653
latency,1,1110,http1_rust_nodelay_off_c16_keepalive_ms,1.425314
latency,1,1111,http1_rust_nodelay_off_c16_keepalive_ms,0.996307
latency,1,1112,http1_rust_nodelay_off_c16_keepalive_ms,1.261872
latency,1,1113,http1_rust_nodelay_off_c16_keepalive_ms,1.212421
latency,1,1114,http1_rust_nodelay_off_c16_keepalive_ms,1.052757
latency,1,1115,http1_rust_nodelay_off_c16_keepalive_ms,0.993637
latency,1,1116,http1_rust_nodelay_off_c16_keepalive_ms,1.340543
latency,1,1117,http1_rust_nodelay_off_c16_keepalive_ms,1.349963
latency,1,1118,http1_rust_nodelay_off_c16_keepalive_ms,1.821831
latency,1,1119,http1_rust_nodelay_off_c16_keepalive_ms,1.449995
latency,1,560,http1_rust_nodelay_off_c16_keepalive_ms,1.633768
latency,1,561,http1_rust_nodelay_off_c16_keepalive_ms,1.823891
latency,1,562,http1_rust_nodelay_off_c16_keepalive_ms,1.758430
latency,1,563,http1_rust_nodelay_off_c16_keepalive_ms,1.280751
latency,1,564,http1_rust_nodelay_off_c16_keepalive_ms,1.265712
latency,1,565,http1_rust_nodelay_off_c16_keepalive_ms,1.623548
latency,1,566,http1_rust_nodelay_off_c16_keepalive_ms,1.550996
latency,1,567,http1_rust_nodelay_off_c16_keepalive_ms,3.924087
latency,1,568,http1_rust_nodelay_off_c16_keepalive_ms,1.437264
latency,1,569,http1_rust_nodelay_off_c16_keepalive_ms,1.109449
latency,1,570,http1_rust_nodelay_off_c16_keepalive_ms,1.139499
latency,1,571,http1_rust_nodelay_off_c16_keepalive_ms,1.515466
latency,1,572,http1_rust_nodelay_off_c16_keepalive_ms,1.442604
latency,1,573,http1_rust_nodelay_off_c16_keepalive_ms,1.103569
latency,1,574,http1_rust_nodelay_off_c16_keepalive_ms,1.103299
latency,1,575,http1_rust_nodelay_off_c16_keepalive_ms,1.104219
latency,1,576,http1_rust_nodelay_off_c16_keepalive_ms,1.432284
latency,1,577,http1_rust_nodelay_off_c16_keepalive_ms,1.149189
latency,1,578,http1_rust_nodelay_off_c16_keepalive_ms,1.450155
latency,1,579,http1_rust_nodelay_off_c16_keepalive_ms,1.547267
latency,1,580,http1_rust_nodelay_off_c16_keepalive_ms,1.466785
latency,1,581,http1_rust_nodelay_off_c16_keepalive_ms,1.135759
latency,1,582,http1_rust_nodelay_off_c16_keepalive_ms,1.069608
latency,1,583,http1_rust_nodelay_off_c16_keepalive_ms,1.357433
latency,1,584,http1_rust_nodelay_off_c16_keepalive_ms,1.294392
latency,1,585,http1_rust_nodelay_off_c16_keepalive_ms,1.002717
latency,1,586,http1_rust_nodelay_off_c16_keepalive_ms,1.297932
latency,1,587,http1_rust_nodelay_off_c16_keepalive_ms,1.316623
latency,1,588,http1_rust_nodelay_off_c16_keepalive_ms,1.030127
latency,1,589,http1_rust_nodelay_off_c16_keepalive_ms,1.390643
latency,1,590,http1_rust_nodelay_off_c16_keepalive_ms,1.439255
latency,1,591,http1_rust_nodelay_off_c16_keepalive_ms,1.164570
latency,1,592,http1_rust_nodelay_off_c16_keepalive_ms,1.138929
latency,1,593,http1_rust_nodelay_off_c16_keepalive_ms,1.099309
latency,1,594,http1_rust_nodelay_off_c16_keepalive_ms,1.495545
latency,1,595,http1_rust_nodelay_off_c16_keepalive_ms,1.433714
latency,1,596,http1_rust_nodelay_off_c16_keepalive_ms,1.483586
latency,1,597,http1_rust_nodelay_off_c16_keepalive_ms,1.479365
latency,1,598,http1_rust_nodelay_off_c16_keepalive_ms,1.111959
latency,1,599,http1_rust_nodelay_off_c16_keepalive_ms,1.359823
latency,1,600,http1_rust_nodelay_off_c16_keepalive_ms,1.350833
latency,1,601,http1_rust_nodelay_off_c16_keepalive_ms,1.298232
latency,1,602,http1_rust_nodelay_off_c16_keepalive_ms,1.019437
latency,1,603,http1_rust_nodelay_off_c16_keepalive_ms,1.367843
latency,1,604,http1_rust_nodelay_off_c16_keepalive_ms,1.286012
latency,1,605,http1_rust_nodelay_off_c16_keepalive_ms,1.072749
latency,1,606,http1_rust_nodelay_off_c16_keepalive_ms,1.065478
latency,1,607,http1_rust_nodelay_off_c16_keepalive_ms,1.065238
latency,1,608,http1_rust_nodelay_off_c16_keepalive_ms,10.123822
latency,1,609,http1_rust_nodelay_off_c16_keepalive_ms,1.100808
latency,1,610,http1_rust_nodelay_off_c16_keepalive_ms,1.447575
latency,1,611,http1_rust_nodelay_off_c16_keepalive_ms,1.523376
latency,1,612,http1_rust_nodelay_off_c16_keepalive_ms,1.498545
latency,1,613,http1_rust_nodelay_off_c16_keepalive_ms,1.484436
latency,1,614,http1_rust_nodelay_off_c16_keepalive_ms,1.465134
latency,1,615,http1_rust_nodelay_off_c16_keepalive_ms,1.423355
latency,1,616,http1_rust_nodelay_off_c16_keepalive_ms,1.366553
latency,1,617,http1_rust_nodelay_off_c16_keepalive_ms,1.371223
latency,1,618,http1_rust_nodelay_off_c16_keepalive_ms,1.381274
latency,1,619,http1_rust_nodelay_off_c16_keepalive_ms,1.417314
latency,1,620,http1_rust_nodelay_off_c16_keepalive_ms,1.030927
latency,1,621,http1_rust_nodelay_off_c16_keepalive_ms,1.281512
latency,1,622,http1_rust_nodelay_off_c16_keepalive_ms,1.080479
latency,1,623,http1_rust_nodelay_off_c16_keepalive_ms,1.446944
latency,1,624,http1_rust_nodelay_off_c16_keepalive_ms,1.109839
latency,1,625,http1_rust_nodelay_off_c16_keepalive_ms,1.447844
latency,1,626,http1_rust_nodelay_off_c16_keepalive_ms,1.438485
latency,1,627,http1_rust_nodelay_off_c16_keepalive_ms,1.371633
latency,1,628,http1_rust_nodelay_off_c16_keepalive_ms,1.355453
latency,1,629,http1_rust_nodelay_off_c16_keepalive_ms,1.090009
latency,1,630,http1_rust_nodelay_off_c16_keepalive_ms,1.381683
latency,1,631,http1_rust_nodelay_off_c16_keepalive_ms,1.210671
latency,1,632,http1_rust_nodelay_off_c16_keepalive_ms,1.219100
latency,1,633,http1_rust_nodelay_off_c16_keepalive_ms,1.061519
latency,1,634,http1_rust_nodelay_off_c16_keepalive_ms,1.318932
latency,1,635,http1_rust_nodelay_off_c16_keepalive_ms,1.351473
latency,1,636,http1_rust_nodelay_off_c16_keepalive_ms,1.007927
latency,1,637,http1_rust_nodelay_off_c16_keepalive_ms,1.301402
latency,1,638,http1_rust_nodelay_off_c16_keepalive_ms,1.596497
latency,1,639,http1_rust_nodelay_off_c16_keepalive_ms,1.358833
latency,1,1120,http1_rust_nodelay_off_c16_keepalive_ms,1.410904
latency,1,1121,http1_rust_nodelay_off_c16_keepalive_ms,1.811041
latency,1,1122,http1_rust_nodelay_off_c16_keepalive_ms,1.788330
latency,1,1123,http1_rust_nodelay_off_c16_keepalive_ms,7.544328
latency,1,1124,http1_rust_nodelay_off_c16_keepalive_ms,1.442515
latency,1,1125,http1_rust_nodelay_off_c16_keepalive_ms,1.431924
latency,1,1126,http1_rust_nodelay_off_c16_keepalive_ms,1.448895
latency,1,1127,http1_rust_nodelay_off_c16_keepalive_ms,1.336403
latency,1,1128,http1_rust_nodelay_off_c16_keepalive_ms,1.515575
latency,1,1129,http1_rust_nodelay_off_c16_keepalive_ms,10.491949
latency,1,1130,http1_rust_nodelay_off_c16_keepalive_ms,1.461405
latency,1,1131,http1_rust_nodelay_off_c16_keepalive_ms,1.513465
latency,1,1132,http1_rust_nodelay_off_c16_keepalive_ms,1.352503
latency,1,1133,http1_rust_nodelay_off_c16_keepalive_ms,1.302112
latency,1,1134,http1_rust_nodelay_off_c16_keepalive_ms,1.290892
latency,1,1135,http1_rust_nodelay_off_c16_keepalive_ms,1.324963
latency,1,1136,http1_rust_nodelay_off_c16_keepalive_ms,1.395354
latency,1,1137,http1_rust_nodelay_off_c16_keepalive_ms,1.334072
latency,1,1138,http1_rust_nodelay_off_c16_keepalive_ms,1.026167
latency,1,1139,http1_rust_nodelay_off_c16_keepalive_ms,1.471935
latency,1,1140,http1_rust_nodelay_off_c16_keepalive_ms,1.467415
latency,1,1141,http1_rust_nodelay_off_c16_keepalive_ms,1.513036
latency,1,1142,http1_rust_nodelay_off_c16_keepalive_ms,1.488276
latency,1,1143,http1_rust_nodelay_off_c16_keepalive_ms,0.766003
latency,1,1144,http1_rust_nodelay_off_c16_keepalive_ms,1.402673
latency,1,1145,http1_rust_nodelay_off_c16_keepalive_ms,1.109389
latency,1,1146,http1_rust_nodelay_off_c16_keepalive_ms,1.471565
latency,1,1147,http1_rust_nodelay_off_c16_keepalive_ms,1.469675
latency,1,1148,http1_rust_nodelay_off_c16_keepalive_ms,0.979097
latency,1,1149,http1_rust_nodelay_off_c16_keepalive_ms,1.329852
latency,1,1150,http1_rust_nodelay_off_c16_keepalive_ms,0.994147
latency,1,1151,http1_rust_nodelay_off_c16_keepalive_ms,1.318483
latency,1,1152,http1_rust_nodelay_off_c16_keepalive_ms,1.017447
latency,1,1153,http1_rust_nodelay_off_c16_keepalive_ms,1.298862
latency,1,1154,http1_rust_nodelay_off_c16_keepalive_ms,1.320993
latency,1,1155,http1_rust_nodelay_off_c16_keepalive_ms,1.433994
latency,1,1156,http1_rust_nodelay_off_c16_keepalive_ms,1.425244
latency,1,1157,http1_rust_nodelay_off_c16_keepalive_ms,1.523266
latency,1,1158,http1_rust_nodelay_off_c16_keepalive_ms,1.552696
latency,1,1159,http1_rust_nodelay_off_c16_keepalive_ms,1.455765
latency,1,1160,http1_rust_nodelay_off_c16_keepalive_ms,1.425934
latency,1,1161,http1_rust_nodelay_off_c16_keepalive_ms,1.429954
latency,1,1162,http1_rust_nodelay_off_c16_keepalive_ms,1.431265
latency,1,1163,http1_rust_nodelay_off_c16_keepalive_ms,1.474375
latency,1,1164,http1_rust_nodelay_off_c16_keepalive_ms,1.083518
latency,1,1165,http1_rust_nodelay_off_c16_keepalive_ms,1.121089
latency,1,1166,http1_rust_nodelay_off_c16_keepalive_ms,1.507266
latency,1,1167,http1_rust_nodelay_off_c16_keepalive_ms,1.486975
latency,1,1168,http1_rust_nodelay_off_c16_keepalive_ms,1.102189
latency,1,1169,http1_rust_nodelay_off_c16_keepalive_ms,1.457585
latency,1,1170,http1_rust_nodelay_off_c16_keepalive_ms,1.163900
latency,1,1171,http1_rust_nodelay_off_c16_keepalive_ms,1.378713
latency,1,1172,http1_rust_nodelay_off_c16_keepalive_ms,1.352113
latency,1,1173,http1_rust_nodelay_off_c16_keepalive_ms,1.345463
latency,1,1174,http1_rust_nodelay_off_c16_keepalive_ms,1.079118
latency,1,1175,http1_rust_nodelay_off_c16_keepalive_ms,1.369293
latency,1,1176,http1_rust_nodelay_off_c16_keepalive_ms,1.036228
latency,1,1177,http1_rust_nodelay_off_c16_keepalive_ms,1.388014
latency,1,1178,http1_rust_nodelay_off_c16_keepalive_ms,1.481495
latency,1,1179,http1_rust_nodelay_off_c16_keepalive_ms,1.427374
latency,1,1180,http1_rust_nodelay_off_c16_keepalive_ms,1.455505
latency,1,1181,http1_rust_nodelay_off_c16_keepalive_ms,1.433264
latency,1,1182,http1_rust_nodelay_off_c16_keepalive_ms,1.366613
latency,1,1183,http1_rust_nodelay_off_c16_keepalive_ms,1.386684
latency,1,1184,http1_rust_nodelay_off_c16_keepalive_ms,1.393503
latency,1,1185,http1_rust_nodelay_off_c16_keepalive_ms,1.014868
latency,1,1186,http1_rust_nodelay_off_c16_keepalive_ms,0.972966
latency,1,1187,http1_rust_nodelay_off_c16_keepalive_ms,1.263712
latency,1,1188,http1_rust_nodelay_off_c16_keepalive_ms,1.234741
latency,1,1189,http1_rust_nodelay_off_c16_keepalive_ms,1.340163
latency,1,1190,http1_rust_nodelay_off_c16_keepalive_ms,1.017437
latency,1,1191,http1_rust_nodelay_off_c16_keepalive_ms,1.347632
latency,1,1192,http1_rust_nodelay_off_c16_keepalive_ms,1.315533
latency,1,1193,http1_rust_nodelay_off_c16_keepalive_ms,1.770350
latency,1,1194,http1_rust_nodelay_off_c16_keepalive_ms,1.100069
latency,1,1195,http1_rust_nodelay_off_c16_keepalive_ms,1.299942
latency,1,1196,http1_rust_nodelay_off_c16_keepalive_ms,1.810820
latency,1,1197,http1_rust_nodelay_off_c16_keepalive_ms,1.129080
latency,1,1198,http1_rust_nodelay_off_c16_keepalive_ms,1.093098
latency,1,1199,http1_rust_nodelay_off_c16_keepalive_ms,1.158770
latency,1,240,http1_rust_nodelay_off_c16_keepalive_ms,1.602127
latency,1,241,http1_rust_nodelay_off_c16_keepalive_ms,1.822291
latency,1,242,http1_rust_nodelay_off_c16_keepalive_ms,1.757510
latency,1,243,http1_rust_nodelay_off_c16_keepalive_ms,1.282722
latency,1,244,http1_rust_nodelay_off_c16_keepalive_ms,1.265451
latency,1,245,http1_rust_nodelay_off_c16_keepalive_ms,1.624448
latency,1,246,http1_rust_nodelay_off_c16_keepalive_ms,1.547526
latency,1,247,http1_rust_nodelay_off_c16_keepalive_ms,1.451945
latency,1,248,http1_rust_nodelay_off_c16_keepalive_ms,1.424964
latency,1,249,http1_rust_nodelay_off_c16_keepalive_ms,1.412784
latency,1,250,http1_rust_nodelay_off_c16_keepalive_ms,1.445755
latency,1,251,http1_rust_nodelay_off_c16_keepalive_ms,1.491815
latency,1,252,http1_rust_nodelay_off_c16_keepalive_ms,1.127789
latency,1,253,http1_rust_nodelay_off_c16_keepalive_ms,1.160910
latency,1,254,http1_rust_nodelay_off_c16_keepalive_ms,1.079328
latency,1,255,http1_rust_nodelay_off_c16_keepalive_ms,1.102839
latency,1,256,http1_rust_nodelay_off_c16_keepalive_ms,1.103949
latency,1,257,http1_rust_nodelay_off_c16_keepalive_ms,1.435654
latency,1,258,http1_rust_nodelay_off_c16_keepalive_ms,1.101089
latency,1,259,http1_rust_nodelay_off_c16_keepalive_ms,1.148809
latency,1,260,http1_rust_nodelay_off_c16_keepalive_ms,1.449785
latency,1,261,http1_rust_nodelay_off_c16_keepalive_ms,1.547616
latency,1,262,http1_rust_nodelay_off_c16_keepalive_ms,1.461065
latency,1,263,http1_rust_nodelay_off_c16_keepalive_ms,1.185640
latency,1,264,http1_rust_nodelay_off_c16_keepalive_ms,1.070408
latency,1,265,http1_rust_nodelay_off_c16_keepalive_ms,1.356563
latency,1,266,http1_rust_nodelay_off_c16_keepalive_ms,1.037478
latency,1,267,http1_rust_nodelay_off_c16_keepalive_ms,1.301422
latency,1,268,http1_rust_nodelay_off_c16_keepalive_ms,1.009757
latency,1,269,http1_rust_nodelay_off_c16_keepalive_ms,1.319503
latency,1,270,http1_rust_nodelay_off_c16_keepalive_ms,1.003997
latency,1,271,http1_rust_nodelay_off_c16_keepalive_ms,1.363713
latency,1,272,http1_rust_nodelay_off_c16_keepalive_ms,1.111689
latency,1,273,http1_rust_nodelay_off_c16_keepalive_ms,1.069518
latency,1,274,http1_rust_nodelay_off_c16_keepalive_ms,1.545816
latency,1,275,http1_rust_nodelay_off_c16_keepalive_ms,1.473715
latency,1,276,http1_rust_nodelay_off_c16_keepalive_ms,1.501316
latency,1,277,http1_rust_nodelay_off_c16_keepalive_ms,1.426464
latency,1,278,http1_rust_nodelay_off_c16_keepalive_ms,1.336593
latency,1,279,http1_rust_nodelay_off_c16_keepalive_ms,1.482855
latency,1,280,http1_rust_nodelay_off_c16_keepalive_ms,1.400424
latency,1,281,http1_rust_nodelay_off_c16_keepalive_ms,1.379623
latency,1,282,http1_rust_nodelay_off_c16_keepalive_ms,10.066641
latency,1,283,http1_rust_nodelay_off_c16_keepalive_ms,1.430994
latency,1,284,http1_rust_nodelay_off_c16_keepalive_ms,1.176310
latency,1,285,http1_rust_nodelay_off_c16_keepalive_ms,1.120870
latency,1,286,http1_rust_nodelay_off_c16_keepalive_ms,1.028397
latency,1,287,http1_rust_nodelay_off_c16_keepalive_ms,1.430884
latency,1,288,http1_rust_nodelay_off_c16_keepalive_ms,1.434754
latency,1,289,http1_rust_nodelay_off_c16_keepalive_ms,1.433265
latency,1,290,http1_rust_nodelay_off_c16_keepalive_ms,1.480835
latency,1,291,http1_rust_nodelay_off_c16_keepalive_ms,1.487346
latency,1,292,http1_rust_nodelay_off_c16_keepalive_ms,0.768233
latency,1,293,http1_rust_nodelay_off_c16_keepalive_ms,1.476094
latency,1,294,http1_rust_nodelay_off_c16_keepalive_ms,1.139770
latency,1,295,http1_rust_nodelay_off_c16_keepalive_ms,1.510786
latency,1,296,http1_rust_nodelay_off_c16_keepalive_ms,1.453704
latency,1,297,http1_rust_nodelay_off_c16_keepalive_ms,1.052058
latency,1,298,http1_rust_nodelay_off_c16_keepalive_ms,1.018748
latency,1,299,http1_rust_nodelay_off_c16_keepalive_ms,1.353742
latency,1,300,http1_rust_nodelay_off_c16_keepalive_ms,1.017428
latency,1,301,http1_rust_nodelay_off_c16_keepalive_ms,1.341172
latency,1,302,http1_rust_nodelay_off_c16_keepalive_ms,1.350953
latency,1,303,http1_rust_nodelay_off_c16_keepalive_ms,1.662979
latency,1,304,http1_rust_nodelay_off_c16_keepalive_ms,1.079838
latency,1,305,http1_rust_nodelay_off_c16_keepalive_ms,1.119119
latency,1,306,http1_rust_nodelay_off_c16_keepalive_ms,1.439294
latency,1,307,http1_rust_nodelay_off_c16_keepalive_ms,1.448245
latency,1,308,http1_rust_nodelay_off_c16_keepalive_ms,10.063811
latency,1,309,http1_rust_nodelay_off_c16_keepalive_ms,1.319343
latency,1,310,http1_rust_nodelay_off_c16_keepalive_ms,1.351722
latency,1,311,http1_rust_nodelay_off_c16_keepalive_ms,1.007577
latency,1,312,http1_rust_nodelay_off_c16_keepalive_ms,1.300773
latency,1,313,http1_rust_nodelay_off_c16_keepalive_ms,1.594707
latency,1,314,http1_rust_nodelay_off_c16_keepalive_ms,1.359053
latency,1,315,http1_rust_nodelay_off_c16_keepalive_ms,0.974047
latency,1,316,http1_rust_nodelay_off_c16_keepalive_ms,2.026324
latency,1,317,http1_rust_nodelay_off_c16_keepalive_ms,1.106909
latency,1,318,http1_rust_nodelay_off_c16_keepalive_ms,0.873334
latency,1,319,http1_rust_nodelay_off_c16_keepalive_ms,1.444865
latency,1,720,http1_rust_nodelay_off_c16_keepalive_ms,1.711629
latency,1,721,http1_rust_nodelay_off_c16_keepalive_ms,1.438424
latency,1,722,http1_rust_nodelay_off_c16_keepalive_ms,1.187580
latency,1,723,http1_rust_nodelay_off_c16_keepalive_ms,1.858182
latency,1,724,http1_rust_nodelay_off_c16_keepalive_ms,1.657228
latency,1,725,http1_rust_nodelay_off_c16_keepalive_ms,1.625018
latency,1,726,http1_rust_nodelay_off_c16_keepalive_ms,1.216541
latency,1,727,http1_rust_nodelay_off_c16_keepalive_ms,1.485304
latency,1,728,http1_rust_nodelay_off_c16_keepalive_ms,1.402464
latency,1,729,http1_rust_nodelay_off_c16_keepalive_ms,1.043808
latency,1,730,http1_rust_nodelay_off_c16_keepalive_ms,1.091049
latency,1,731,http1_rust_nodelay_off_c16_keepalive_ms,1.486385
latency,1,732,http1_rust_nodelay_off_c16_keepalive_ms,1.493155
latency,1,733,http1_rust_nodelay_off_c16_keepalive_ms,1.519416
latency,1,734,http1_rust_nodelay_off_c16_keepalive_ms,1.478295
latency,1,735,http1_rust_nodelay_off_c16_keepalive_ms,1.459495
latency,1,736,http1_rust_nodelay_off_c16_keepalive_ms,1.406654
latency,1,737,http1_rust_nodelay_off_c16_keepalive_ms,1.470595
latency,1,738,http1_rust_nodelay_off_c16_keepalive_ms,1.481125
latency,1,739,http1_rust_nodelay_off_c16_keepalive_ms,1.135449
latency,1,740,http1_rust_nodelay_off_c16_keepalive_ms,1.118179
latency,1,741,http1_rust_nodelay_off_c16_keepalive_ms,1.511406
latency,1,742,http1_rust_nodelay_off_c16_keepalive_ms,1.499576
latency,1,743,http1_rust_nodelay_off_c16_keepalive_ms,1.445264
latency,1,744,http1_rust_nodelay_off_c16_keepalive_ms,1.362993
latency,1,745,http1_rust_nodelay_off_c16_keepalive_ms,1.357383
latency,1,746,http1_rust_nodelay_off_c16_keepalive_ms,1.027768
latency,1,747,http1_rust_nodelay_off_c16_keepalive_ms,1.193720
latency,1,748,http1_rust_nodelay_off_c16_keepalive_ms,1.022558
latency,1,749,http1_rust_nodelay_off_c16_keepalive_ms,1.314362
latency,1,750,http1_rust_nodelay_off_c16_keepalive_ms,1.402133
latency,1,751,http1_rust_nodelay_off_c16_keepalive_ms,1.121650
latency,1,752,http1_rust_nodelay_off_c16_keepalive_ms,1.530156
latency,1,753,http1_rust_nodelay_off_c16_keepalive_ms,1.470335
latency,1,754,http1_rust_nodelay_off_c16_keepalive_ms,1.442394
latency,1,755,http1_rust_nodelay_off_c16_keepalive_ms,1.441024
latency,1,756,http1_rust_nodelay_off_c16_keepalive_ms,1.099539
latency,1,757,http1_rust_nodelay_off_c16_keepalive_ms,1.133620
latency,1,758,http1_rust_nodelay_off_c16_keepalive_ms,1.094238
latency,1,759,http1_rust_nodelay_off_c16_keepalive_ms,1.433315
latency,1,760,http1_rust_nodelay_off_c16_keepalive_ms,1.058528
latency,1,761,http1_rust_nodelay_off_c16_keepalive_ms,1.333932
latency,1,762,http1_rust_nodelay_off_c16_keepalive_ms,1.332573
latency,1,763,http1_rust_nodelay_off_c16_keepalive_ms,1.306852
latency,1,764,http1_rust_nodelay_off_c16_keepalive_ms,1.011917
latency,1,765,http1_rust_nodelay_off_c16_keepalive_ms,1.339943
latency,1,766,http1_rust_nodelay_off_c16_keepalive_ms,1.379254
latency,1,767,http1_rust_nodelay_off_c16_keepalive_ms,1.443294
latency,1,768,http1_rust_nodelay_off_c16_keepalive_ms,1.474945
latency,1,769,http1_rust_nodelay_off_c16_keepalive_ms,1.451265
latency,1,770,http1_rust_nodelay_off_c16_keepalive_ms,1.552846
latency,1,771,http1_rust_nodelay_off_c16_keepalive_ms,1.419114
latency,1,772,http1_rust_nodelay_off_c16_keepalive_ms,10.502148
latency,1,773,http1_rust_nodelay_off_c16_keepalive_ms,1.479556
latency,1,774,http1_rust_nodelay_off_c16_keepalive_ms,1.455434
latency,1,775,http1_rust_nodelay_off_c16_keepalive_ms,9.696835
latency,1,776,http1_rust_nodelay_off_c16_keepalive_ms,1.451535
latency,1,777,http1_rust_nodelay_off_c16_keepalive_ms,1.442974
latency,1,778,http1_rust_nodelay_off_c16_keepalive_ms,1.093829
latency,1,779,http1_rust_nodelay_off_c16_keepalive_ms,1.088568
latency,1,780,http1_rust_nodelay_off_c16_keepalive_ms,1.059548
latency,1,781,http1_rust_nodelay_off_c16_keepalive_ms,1.323603
latency,1,782,http1_rust_nodelay_off_c16_keepalive_ms,1.074348
latency,1,783,http1_rust_nodelay_off_c16_keepalive_ms,1.354373
latency,1,784,http1_rust_nodelay_off_c16_keepalive_ms,1.085358
latency,1,785,http1_rust_nodelay_off_c16_keepalive_ms,1.216021
latency,1,786,http1_rust_nodelay_off_c16_keepalive_ms,0.661021
latency,1,787,http1_rust_nodelay_off_c16_keepalive_ms,1.219031
latency,1,788,http1_rust_nodelay_off_c16_keepalive_ms,1.052588
latency,1,789,http1_rust_nodelay_off_c16_keepalive_ms,1.303642
latency,1,790,http1_rust_nodelay_off_c16_keepalive_ms,1.308602
latency,1,791,http1_rust_nodelay_off_c16_keepalive_ms,1.321353
latency,1,792,http1_rust_nodelay_off_c16_keepalive_ms,1.422584
latency,1,793,http1_rust_nodelay_off_c16_keepalive_ms,1.502166
latency,1,794,http1_rust_nodelay_off_c16_keepalive_ms,1.322852
latency,1,795,http1_rust_nodelay_off_c16_keepalive_ms,2.042485
latency,1,796,http1_rust_nodelay_off_c16_keepalive_ms,0.863664
latency,1,797,http1_rust_nodelay_off_c16_keepalive_ms,1.101449
latency,1,798,http1_rust_nodelay_off_c16_keepalive_ms,0.844695
latency,1,799,http1_rust_nodelay_off_c16_keepalive_ms,1.536526
latency,1,0,http1_rust_nodelay_off_c16_keepalive_ms,1.650338
latency,1,1,http1_rust_nodelay_off_c16_keepalive_ms,1.823901
latency,1,2,http1_rust_nodelay_off_c16_keepalive_ms,1.758070
latency,1,3,http1_rust_nodelay_off_c16_keepalive_ms,1.279952
latency,1,4,http1_rust_nodelay_off_c16_keepalive_ms,1.265741
latency,1,5,http1_rust_nodelay_off_c16_keepalive_ms,1.623718
latency,1,6,http1_rust_nodelay_off_c16_keepalive_ms,1.551056
latency,1,7,http1_rust_nodelay_off_c16_keepalive_ms,1.132299
latency,1,8,http1_rust_nodelay_off_c16_keepalive_ms,1.064539
latency,1,9,http1_rust_nodelay_off_c16_keepalive_ms,1.423604
latency,1,10,http1_rust_nodelay_off_c16_keepalive_ms,1.420254
latency,1,11,http1_rust_nodelay_off_c16_keepalive_ms,1.130139
latency,1,12,http1_rust_nodelay_off_c16_keepalive_ms,10.151752
latency,1,13,http1_rust_nodelay_off_c16_keepalive_ms,1.080859
latency,1,14,http1_rust_nodelay_off_c16_keepalive_ms,1.138709
latency,1,15,http1_rust_nodelay_off_c16_keepalive_ms,10.316416
latency,1,16,http1_rust_nodelay_off_c16_keepalive_ms,0.984956
latency,1,17,http1_rust_nodelay_off_c16_keepalive_ms,1.367633
latency,1,18,http1_rust_nodelay_off_c16_keepalive_ms,1.466215
latency,1,19,http1_rust_nodelay_off_c16_keepalive_ms,1.462635
latency,1,20,http1_rust_nodelay_off_c16_keepalive_ms,1.513806
latency,1,21,http1_rust_nodelay_off_c16_keepalive_ms,1.470885
latency,1,22,http1_rust_nodelay_off_c16_keepalive_ms,1.474905
latency,1,23,http1_rust_nodelay_off_c16_keepalive_ms,1.445325
latency,1,24,http1_rust_nodelay_off_c16_keepalive_ms,1.131789
latency,1,25,http1_rust_nodelay_off_c16_keepalive_ms,1.418264
latency,1,26,http1_rust_nodelay_off_c16_keepalive_ms,1.110999
latency,1,27,http1_rust_nodelay_off_c16_keepalive_ms,1.360253
latency,1,28,http1_rust_nodelay_off_c16_keepalive_ms,1.026447
latency,1,29,http1_rust_nodelay_off_c16_keepalive_ms,0.981727
latency,1,30,http1_rust_nodelay_off_c16_keepalive_ms,1.328973
latency,1,31,http1_rust_nodelay_off_c16_keepalive_ms,1.325082
latency,1,32,http1_rust_nodelay_off_c16_keepalive_ms,1.312193
latency,1,33,http1_rust_nodelay_off_c16_keepalive_ms,1.015217
latency,1,34,http1_rust_nodelay_off_c16_keepalive_ms,1.430474
latency,1,35,http1_rust_nodelay_off_c16_keepalive_ms,1.513756
latency,1,36,http1_rust_nodelay_off_c16_keepalive_ms,1.086978
latency,1,37,http1_rust_nodelay_off_c16_keepalive_ms,1.524206
latency,1,38,http1_rust_nodelay_off_c16_keepalive_ms,1.081069
latency,1,39,http1_rust_nodelay_off_c16_keepalive_ms,1.439194
latency,1,40,http1_rust_nodelay_off_c16_keepalive_ms,1.432434
latency,1,41,http1_rust_nodelay_off_c16_keepalive_ms,1.436275
latency,1,42,http1_rust_nodelay_off_c16_keepalive_ms,1.295962
latency,1,43,http1_rust_nodelay_off_c16_keepalive_ms,1.483155
latency,1,44,http1_rust_nodelay_off_c16_keepalive_ms,1.444304
latency,1,45,http1_rust_nodelay_off_c16_keepalive_ms,1.523996
latency,1,46,http1_rust_nodelay_off_c16_keepalive_ms,1.497746
latency,1,47,http1_rust_nodelay_off_c16_keepalive_ms,1.485145
latency,1,48,http1_rust_nodelay_off_c16_keepalive_ms,1.465455
latency,1,49,http1_rust_nodelay_off_c16_keepalive_ms,1.422864
latency,1,50,http1_rust_nodelay_off_c16_keepalive_ms,1.321693
latency,1,51,http1_rust_nodelay_off_c16_keepalive_ms,1.372763
latency,1,52,http1_rust_nodelay_off_c16_keepalive_ms,1.011237
latency,1,53,http1_rust_nodelay_off_c16_keepalive_ms,1.426134
latency,1,54,http1_rust_nodelay_off_c16_keepalive_ms,1.013027
latency,1,55,http1_rust_nodelay_off_c16_keepalive_ms,1.403224
latency,1,56,http1_rust_nodelay_off_c16_keepalive_ms,1.104479
latency,1,57,http1_rust_nodelay_off_c16_keepalive_ms,1.121679
latency,1,58,http1_rust_nodelay_off_c16_keepalive_ms,1.441994
latency,1,59,http1_rust_nodelay_off_c16_keepalive_ms,1.455495
latency,1,60,http1_rust_nodelay_off_c16_keepalive_ms,1.398634
latency,1,61,http1_rust_nodelay_off_c16_keepalive_ms,1.030168
latency,1,62,http1_rust_nodelay_off_c16_keepalive_ms,1.337832
latency,1,63,http1_rust_nodelay_off_c16_keepalive_ms,1.029618
latency,1,64,http1_rust_nodelay_off_c16_keepalive_ms,1.398843
latency,1,65,http1_rust_nodelay_off_c16_keepalive_ms,1.292402
latency,1,66,http1_rust_nodelay_off_c16_keepalive_ms,1.264052
latency,1,67,http1_rust_nodelay_off_c16_keepalive_ms,0.936116
latency,1,68,http1_rust_nodelay_off_c16_keepalive_ms,1.334453
latency,1,69,http1_rust_nodelay_off_c16_keepalive_ms,1.329112
latency,1,70,http1_rust_nodelay_off_c16_keepalive_ms,1.306282
latency,1,71,http1_rust_nodelay_off_c16_keepalive_ms,1.033238
latency,1,72,http1_rust_nodelay_off_c16_keepalive_ms,1.749870
latency,1,73,http1_rust_nodelay_off_c16_keepalive_ms,1.458875
latency,1,74,http1_rust_nodelay_off_c16_keepalive_ms,1.268961
latency,1,75,http1_rust_nodelay_off_c16_keepalive_ms,1.784370
latency,1,76,http1_rust_nodelay_off_c16_keepalive_ms,1.132349
latency,1,77,http1_rust_nodelay_off_c16_keepalive_ms,1.096079
latency,1,78,http1_rust_nodelay_off_c16_keepalive_ms,1.483455
latency,1,79,http1_rust_nodelay_off_c16_keepalive_ms,1.457965
latency,1,400,http1_rust_nodelay_off_c16_keepalive_ms,1.665809
latency,1,401,http1_rust_nodelay_off_c16_keepalive_ms,1.823681
latency,1,402,http1_rust_nodelay_off_c16_keepalive_ms,1.786210
latency,1,403,http1_rust_nodelay_off_c16_keepalive_ms,1.677588
latency,1,404,http1_rust_nodelay_off_c16_keepalive_ms,1.630238
latency,1,405,http1_rust_nodelay_off_c16_keepalive_ms,1.523346
latency,1,406,http1_rust_nodelay_off_c16_keepalive_ms,1.248181
latency,1,407,http1_rust_nodelay_off_c16_keepalive_ms,1.099729
latency,1,408,http1_rust_nodelay_off_c16_keepalive_ms,1.421414
latency,1,409,http1_rust_nodelay_off_c16_keepalive_ms,1.354553
latency,1,410,http1_rust_nodelay_off_c16_keepalive_ms,1.444665
latency,1,411,http1_rust_nodelay_off_c16_keepalive_ms,1.078888
latency,1,412,http1_rust_nodelay_off_c16_keepalive_ms,1.174690
latency,1,413,http1_rust_nodelay_off_c16_keepalive_ms,1.505675
latency,1,414,http1_rust_nodelay_off_c16_keepalive_ms,1.116659
latency,1,415,http1_rust_nodelay_off_c16_keepalive_ms,1.431485
latency,1,416,http1_rust_nodelay_off_c16_keepalive_ms,1.109189
latency,1,417,http1_rust_nodelay_off_c16_keepalive_ms,1.456085
latency,1,418,http1_rust_nodelay_off_c16_keepalive_ms,1.495165
latency,1,419,http1_rust_nodelay_off_c16_keepalive_ms,1.450464
latency,1,420,http1_rust_nodelay_off_c16_keepalive_ms,1.428455
latency,1,421,http1_rust_nodelay_off_c16_keepalive_ms,1.469465
latency,1,422,http1_rust_nodelay_off_c16_keepalive_ms,1.543946
latency,1,423,http1_rust_nodelay_off_c16_keepalive_ms,1.402124
latency,1,424,http1_rust_nodelay_off_c16_keepalive_ms,1.025927
latency,1,425,http1_rust_nodelay_off_c16_keepalive_ms,1.362923
latency,1,426,http1_rust_nodelay_off_c16_keepalive_ms,1.002727
latency,1,427,http1_rust_nodelay_off_c16_keepalive_ms,1.320783
latency,1,428,http1_rust_nodelay_off_c16_keepalive_ms,1.007977
latency,1,429,http1_rust_nodelay_off_c16_keepalive_ms,1.353183
latency,1,430,http1_rust_nodelay_off_c16_keepalive_ms,1.390273
latency,1,431,http1_rust_nodelay_off_c16_keepalive_ms,1.117919
latency,1,432,http1_rust_nodelay_off_c16_keepalive_ms,1.450025
latency,1,433,http1_rust_nodelay_off_c16_keepalive_ms,0.768123
latency,1,434,http1_rust_nodelay_off_c16_keepalive_ms,1.127879
latency,1,435,http1_rust_nodelay_off_c16_keepalive_ms,1.480226
latency,1,436,http1_rust_nodelay_off_c16_keepalive_ms,1.464484
latency,1,437,http1_rust_nodelay_off_c16_keepalive_ms,1.436645
latency,1,438,http1_rust_nodelay_off_c16_keepalive_ms,1.129529
latency,1,439,http1_rust_nodelay_off_c16_keepalive_ms,1.424794
latency,1,440,http1_rust_nodelay_off_c16_keepalive_ms,9.400860
latency,1,441,http1_rust_nodelay_off_c16_keepalive_ms,1.101808
latency,1,442,http1_rust_nodelay_off_c16_keepalive_ms,1.049838
latency,1,443,http1_rust_nodelay_off_c16_keepalive_ms,1.457645
latency,1,444,http1_rust_nodelay_off_c16_keepalive_ms,1.570827
latency,1,445,http1_rust_nodelay_off_c16_keepalive_ms,1.441304
latency,1,446,http1_rust_nodelay_off_c16_keepalive_ms,1.093419
latency,1,447,http1_rust_nodelay_off_c16_keepalive_ms,1.040358
latency,1,448,http1_rust_nodelay_off_c16_keepalive_ms,1.101088
latency,1,449,http1_rust_nodelay_off_c16_keepalive_ms,1.070628
latency,1,450,http1_rust_nodelay_off_c16_keepalive_ms,1.473616
latency,1,451,http1_rust_nodelay_off_c16_keepalive_ms,1.431714
latency,1,452,http1_rust_nodelay_off_c16_keepalive_ms,1.451175
latency,1,453,http1_rust_nodelay_off_c16_keepalive_ms,1.507055
latency,1,454,http1_rust_nodelay_off_c16_keepalive_ms,1.188930
latency,1,455,http1_rust_nodelay_off_c16_keepalive_ms,1.512966
latency,1,456,http1_rust_nodelay_off_c16_keepalive_ms,1.478725
latency,1,457,http1_rust_nodelay_off_c16_keepalive_ms,1.051898
latency,1,458,http1_rust_nodelay_off_c16_keepalive_ms,1.305562
latency,1,459,http1_rust_nodelay_off_c16_keepalive_ms,1.371923
latency,1,460,http1_rust_nodelay_off_c16_keepalive_ms,1.380294
latency,1,461,http1_rust_nodelay_off_c16_keepalive_ms,1.254281
latency,1,462,http1_rust_nodelay_off_c16_keepalive_ms,1.327103
latency,1,463,http1_rust_nodelay_off_c16_keepalive_ms,1.428464
latency,1,464,http1_rust_nodelay_off_c16_keepalive_ms,1.480285
latency,1,465,http1_rust_nodelay_off_c16_keepalive_ms,1.472585
latency,1,466,http1_rust_nodelay_off_c16_keepalive_ms,1.455095
latency,1,467,http1_rust_nodelay_off_c16_keepalive_ms,1.433544
latency,1,468,http1_rust_nodelay_off_c16_keepalive_ms,1.366814
latency,1,469,http1_rust_nodelay_off_c16_keepalive_ms,1.386903
latency,1,470,http1_rust_nodelay_off_c16_keepalive_ms,1.042808
latency,1,471,http1_rust_nodelay_off_c16_keepalive_ms,1.365603
latency,1,472,http1_rust_nodelay_off_c16_keepalive_ms,1.285752
latency,1,473,http1_rust_nodelay_off_c16_keepalive_ms,1.249501
latency,1,474,http1_rust_nodelay_off_c16_keepalive_ms,1.304952
latency,1,475,http1_rust_nodelay_off_c16_keepalive_ms,1.343543
latency,1,476,http1_rust_nodelay_off_c16_keepalive_ms,1.312382
latency,1,477,http1_rust_nodelay_off_c16_keepalive_ms,11.241081
latency,1,478,http1_rust_nodelay_off_c16_keepalive_ms,1.995084
latency,1,479,http1_rust_nodelay_off_c16_keepalive_ms,0.613681
latency,1,800,http1_rust_nodelay_off_c16_keepalive_ms,1.571746
latency,1,801,http1_rust_nodelay_off_c16_keepalive_ms,10.325646
latency,1,802,http1_rust_nodelay_off_c16_keepalive_ms,1.121219
latency,1,803,http1_rust_nodelay_off_c16_keepalive_ms,1.407174
latency,1,804,http1_rust_nodelay_off_c16_keepalive_ms,1.073488
latency,1,805,http1_rust_nodelay_off_c16_keepalive_ms,1.448685
latency,1,806,http1_rust_nodelay_off_c16_keepalive_ms,1.494155
latency,1,807,http1_rust_nodelay_off_c16_keepalive_ms,1.519516
latency,1,808,http1_rust_nodelay_off_c16_keepalive_ms,1.104958
latency,1,809,http1_rust_nodelay_off_c16_keepalive_ms,1.100139
latency,1,810,http1_rust_nodelay_off_c16_keepalive_ms,1.113749
latency,1,811,http1_rust_nodelay_off_c16_keepalive_ms,1.121189
latency,1,812,http1_rust_nodelay_off_c16_keepalive_ms,1.416914
latency,1,813,http1_rust_nodelay_off_c16_keepalive_ms,1.112829
latency,1,814,http1_rust_nodelay_off_c16_keepalive_ms,1.122629
latency,1,815,http1_rust_nodelay_off_c16_keepalive_ms,1.500916
latency,1,816,http1_rust_nodelay_off_c16_keepalive_ms,1.501395
latency,1,817,http1_rust_nodelay_off_c16_keepalive_ms,1.505446
latency,1,818,http1_rust_nodelay_off_c16_keepalive_ms,1.475505
latency,1,819,http1_rust_nodelay_off_c16_keepalive_ms,1.065158
latency,1,820,http1_rust_nodelay_off_c16_keepalive_ms,1.350403
latency,1,821,http1_rust_nodelay_off_c16_keepalive_ms,1.340343
latency,1,822,http1_rust_nodelay_off_c16_keepalive_ms,1.323162
latency,1,823,http1_rust_nodelay_off_c16_keepalive_ms,1.005777
latency,1,824,http1_rust_nodelay_off_c16_keepalive_ms,1.354393
latency,1,825,http1_rust_nodelay_off_c16_keepalive_ms,1.390134
latency,1,826,http1_rust_nodelay_off_c16_keepalive_ms,1.117479
latency,1,827,http1_rust_nodelay_off_c16_keepalive_ms,1.074268
latency,1,828,http1_rust_nodelay_off_c16_keepalive_ms,1.518226
latency,1,829,http1_rust_nodelay_off_c16_keepalive_ms,1.469755
latency,1,830,http1_rust_nodelay_off_c16_keepalive_ms,1.476305
latency,1,831,http1_rust_nodelay_off_c16_keepalive_ms,1.488235
latency,1,832,http1_rust_nodelay_off_c16_keepalive_ms,1.404294
latency,1,833,http1_rust_nodelay_off_c16_keepalive_ms,1.145500
latency,1,834,http1_rust_nodelay_off_c16_keepalive_ms,1.112089
latency,1,835,http1_rust_nodelay_off_c16_keepalive_ms,1.360073
latency,1,836,http1_rust_nodelay_off_c16_keepalive_ms,1.350142
latency,1,837,http1_rust_nodelay_off_c16_keepalive_ms,1.008798
latency,1,838,http1_rust_nodelay_off_c16_keepalive_ms,1.308892
latency,1,839,http1_rust_nodelay_off_c16_keepalive_ms,1.037018
latency,1,840,http1_rust_nodelay_off_c16_keepalive_ms,1.338692
latency,1,841,http1_rust_nodelay_off_c16_keepalive_ms,1.379934
latency,1,842,http1_rust_nodelay_off_c16_keepalive_ms,1.442604
latency,1,843,http1_rust_nodelay_off_c16_keepalive_ms,1.474955
latency,1,844,http1_rust_nodelay_off_c16_keepalive_ms,1.453295
latency,1,845,http1_rust_nodelay_off_c16_keepalive_ms,1.551646
latency,1,846,http1_rust_nodelay_off_c16_keepalive_ms,1.419805
latency,1,847,http1_rust_nodelay_off_c16_keepalive_ms,1.413314
latency,1,848,http1_rust_nodelay_off_c16_keepalive_ms,1.443944
latency,1,849,http1_rust_nodelay_off_c16_keepalive_ms,1.438644
latency,1,850,http1_rust_nodelay_off_c16_keepalive_ms,1.448355
latency,1,851,http1_rust_nodelay_off_c16_keepalive_ms,1.486815
latency,1,852,http1_rust_nodelay_off_c16_keepalive_ms,1.109339
latency,1,853,http1_rust_nodelay_off_c16_keepalive_ms,1.503336
latency,1,854,http1_rust_nodelay_off_c16_keepalive_ms,1.481235
latency,1,855,http1_rust_nodelay_off_c16_keepalive_ms,1.145159
latency,1,856,http1_rust_nodelay_off_c16_keepalive_ms,1.157390
latency,1,857,http1_rust_nodelay_off_c16_keepalive_ms,1.393124
latency,1,858,http1_rust_nodelay_off_c16_keepalive_ms,1.351273
latency,1,859,http1_rust_nodelay_off_c16_keepalive_ms,1.043727
latency,1,860,http1_rust_nodelay_off_c16_keepalive_ms,1.331263
latency,1,861,http1_rust_nodelay_off_c16_keepalive_ms,1.072208
latency,1,862,http1_rust_nodelay_off_c16_keepalive_ms,1.350383
latency,1,863,http1_rust_nodelay_off_c16_keepalive_ms,1.357813
latency,1,864,http1_rust_nodelay_off_c16_keepalive_ms,1.451165
latency,1,865,http1_rust_nodelay_off_c16_keepalive_ms,10.145512
latency,1,866,http1_rust_nodelay_off_c16_keepalive_ms,1.217431
latency,1,867,http1_rust_nodelay_off_c16_keepalive_ms,0.967256
latency,1,868,http1_rust_nodelay_off_c16_keepalive_ms,1.283602
latency,1,869,http1_rust_nodelay_off_c16_keepalive_ms,0.987807
latency,1,870,http1_rust_nodelay_off_c16_keepalive_ms,1.289652
latency,1,871,http1_rust_nodelay_off_c16_keepalive_ms,1.059958
latency,1,872,http1_rust_nodelay_off_c16_keepalive_ms,1.321962
latency,1,873,http1_rust_nodelay_off_c16_keepalive_ms,1.421864
latency,1,874,http1_rust_nodelay_off_c16_keepalive_ms,1.502326
latency,1,875,http1_rust_nodelay_off_c16_keepalive_ms,1.031598
latency,1,876,http1_rust_nodelay_off_c16_keepalive_ms,2.028744
latency,1,877,http1_rust_nodelay_off_c16_keepalive_ms,0.837584
latency,1,878,http1_rust_nodelay_off_c16_keepalive_ms,1.151460
latency,1,879,http1_rust_nodelay_off_c16_keepalive_ms,8.861860
latency,1,880,http1_rust_nodelay_off_c16_keepalive_ms,1.337303
latency,1,881,http1_rust_nodelay_off_c16_keepalive_ms,1.831931
latency,1,882,http1_rust_nodelay_off_c16_keepalive_ms,1.186200
latency,1,883,http1_rust_nodelay_off_c16_keepalive_ms,1.858021
latency,1,884,http1_rust_nodelay_off_c16_keepalive_ms,1.656679
latency,1,885,http1_rust_nodelay_off_c16_keepalive_ms,1.538146
latency,1,886,http1_rust_nodelay_off_c16_keepalive_ms,1.237031
latency,1,887,http1_rust_nodelay_off_c16_keepalive_ms,1.058888
latency,1,888,http1_rust_nodelay_off_c16_keepalive_ms,1.450044
latency,1,889,http1_rust_nodelay_off_c16_keepalive_ms,1.087569
latency,1,890,http1_rust_nodelay_off_c16_keepalive_ms,1.097758
latency,1,891,http1_rust_nodelay_off_c16_keepalive_ms,1.438885
latency,1,892,http1_rust_nodelay_off_c16_keepalive_ms,1.498825
latency,1,893,http1_rust_nodelay_off_c16_keepalive_ms,1.514986
latency,1,894,http1_rust_nodelay_off_c16_keepalive_ms,1.501116
latency,1,895,http1_rust_nodelay_off_c16_keepalive_ms,1.454794
latency,1,896,http1_rust_nodelay_off_c16_keepalive_ms,1.518966
latency,1,897,http1_rust_nodelay_off_c16_keepalive_ms,1.099809
latency,1,898,http1_rust_nodelay_off_c16_keepalive_ms,1.086368
latency,1,899,http1_rust_nodelay_off_c16_keepalive_ms,9.714345
latency,1,900,http1_rust_nodelay_off_c16_keepalive_ms,1.341503
latency,1,901,http1_rust_nodelay_off_c16_keepalive_ms,1.377424
latency,1,902,http1_rust_nodelay_off_c16_keepalive_ms,0.974286
latency,1,903,http1_rust_nodelay_off_c16_keepalive_ms,1.334113
latency,1,904,http1_rust_nodelay_off_c16_keepalive_ms,10.310035
latency,1,905,http1_rust_nodelay_off_c16_keepalive_ms,1.472065
latency,1,906,http1_rust_nodelay_off_c16_keepalive_ms,1.468255
latency,1,907,http1_rust_nodelay_off_c16_keepalive_ms,1.384883
latency,1,908,http1_rust_nodelay_off_c16_keepalive_ms,1.305212
latency,1,909,http1_rust_nodelay_off_c16_keepalive_ms,0.993047
latency,1,910,http1_rust_nodelay_off_c16_keepalive_ms,1.017468
latency,1,911,http1_rust_nodelay_off_c16_keepalive_ms,1.321362
latency,1,912,http1_rust_nodelay_off_c16_keepalive_ms,0.993667
latency,1,913,http1_rust_nodelay_off_c16_keepalive_ms,1.293342
latency,1,914,http1_rust_nodelay_off_c16_keepalive_ms,1.433764
latency,1,915,http1_rust_nodelay_off_c16_keepalive_ms,1.425094
latency,1,916,http1_rust_nodelay_off_c16_keepalive_ms,1.470125
latency,1,917,http1_rust_nodelay_off_c16_keepalive_ms,1.553477
latency,1,918,http1_rust_nodelay_off_c16_keepalive_ms,1.455445
latency,1,919,http1_rust_nodelay_off_c16_keepalive_ms,1.425754
latency,1,920,http1_rust_nodelay_off_c16_keepalive_ms,1.457204
latency,1,921,http1_rust_nodelay_off_c16_keepalive_ms,1.428935
latency,1,922,http1_rust_nodelay_off_c16_keepalive_ms,1.432444
latency,1,923,http1_rust_nodelay_off_c16_keepalive_ms,1.084619
latency,1,924,http1_rust_nodelay_off_c16_keepalive_ms,1.119929
latency,1,925,http1_rust_nodelay_off_c16_keepalive_ms,1.507615
latency,1,926,http1_rust_nodelay_off_c16_keepalive_ms,1.486875
latency,1,927,http1_rust_nodelay_off_c16_keepalive_ms,1.102119
latency,1,928,http1_rust_nodelay_off_c16_keepalive_ms,1.154810
latency,1,929,http1_rust_nodelay_off_c16_keepalive_ms,1.467835
latency,1,930,http1_rust_nodelay_off_c16_keepalive_ms,9.118175
latency,1,931,http1_rust_nodelay_off_c16_keepalive_ms,1.452994
latency,1,932,http1_rust_nodelay_off_c16_keepalive_ms,1.442865
latency,1,933,http1_rust_nodelay_off_c16_keepalive_ms,1.091978
latency,1,934,http1_rust_nodelay_off_c16_keepalive_ms,1.089229
latency,1,935,http1_rust_nodelay_off_c16_keepalive_ms,1.060368
latency,1,936,http1_rust_nodelay_off_c16_keepalive_ms,1.323413
latency,1,937,http1_rust_nodelay_off_c16_keepalive_ms,1.073858
latency,1,938,http1_rust_nodelay_off_c16_keepalive_ms,1.354433
latency,1,939,http1_rust_nodelay_off_c16_keepalive_ms,10.694191
latency,1,940,http1_rust_nodelay_off_c16_keepalive_ms,1.463235
latency,1,941,http1_rust_nodelay_off_c16_keepalive_ms,1.032798
latency,1,942,http1_rust_nodelay_off_c16_keepalive_ms,2.027814
latency,1,943,http1_rust_nodelay_off_c16_keepalive_ms,0.845075
latency,1,944,http1_rust_nodelay_off_c16_keepalive_ms,0.882695
latency,1,945,http1_rust_nodelay_off_c16_keepalive_ms,1.144449
latency,1,946,http1_rust_nodelay_off_c16_keepalive_ms,1.478265
latency,1,947,http1_rust_nodelay_off_c16_keepalive_ms,1.331893
latency,1,948,http1_rust_nodelay_off_c16_keepalive_ms,0.584860
latency,1,949,http1_rust_nodelay_off_c16_keepalive_ms,0.507368
latency,1,950,http1_rust_nodelay_off_c16_keepalive_ms,0.620791
latency,1,951,http1_rust_nodelay_off_c16_keepalive_ms,1.125239
latency,1,952,http1_rust_nodelay_off_c16_keepalive_ms,0.440877
latency,1,953,http1_rust_nodelay_off_c16_keepalive_ms,0.407687
latency,1,954,http1_rust_nodelay_off_c16_keepalive_ms,0.405407
latency,1,955,http1_rust_nodelay_off_c16_keepalive_ms,0.436168
latency,1,956,http1_rust_nodelay_off_c16_keepalive_ms,0.398937
latency,1,957,http1_rust_nodelay_off_c16_keepalive_ms,0.391376
latency,1,958,http1_rust_nodelay_off_c16_keepalive_ms,0.332446
latency,1,959,http1_rust_nodelay_off_c16_keepalive_ms,0.262714
latency,1,320,http1_rust_nodelay_off_c16_keepalive_ms,1.696269
latency,1,321,http1_rust_nodelay_off_c16_keepalive_ms,1.149619
latency,1,322,http1_rust_nodelay_off_c16_keepalive_ms,1.682668
latency,1,323,http1_rust_nodelay_off_c16_keepalive_ms,1.827662
latency,1,324,http1_rust_nodelay_off_c16_keepalive_ms,1.656178
latency,1,325,http1_rust_nodelay_off_c16_keepalive_ms,0.808904
latency,1,326,http1_rust_nodelay_off_c16_keepalive_ms,4.528836
latency,1,327,http1_rust_nodelay_off_c16_keepalive_ms,1.389084
latency,1,328,http1_rust_nodelay_off_c16_keepalive_ms,1.419714
latency,1,329,http1_rust_nodelay_off_c16_keepalive_ms,1.467155
latency,1,330,http1_rust_nodelay_off_c16_keepalive_ms,1.537706
latency,1,331,http1_rust_nodelay_off_c16_keepalive_ms,0.810774
latency,1,332,http1_rust_nodelay_off_c16_keepalive_ms,1.097188
latency,1,333,http1_rust_nodelay_off_c16_keepalive_ms,1.436985
latency,1,334,http1_rust_nodelay_off_c16_keepalive_ms,1.090749
latency,1,335,http1_rust_nodelay_off_c16_keepalive_ms,10.305514
latency,1,336,http1_rust_nodelay_off_c16_keepalive_ms,1.403494
latency,1,337,http1_rust_nodelay_off_c16_keepalive_ms,1.359673
latency,1,338,http1_rust_nodelay_off_c16_keepalive_ms,1.003608
latency,1,339,http1_rust_nodelay_off_c16_keepalive_ms,1.341812
latency,1,340,http1_rust_nodelay_off_c16_keepalive_ms,1.316553
latency,1,341,http1_rust_nodelay_off_c16_keepalive_ms,1.337222
latency,1,342,http1_rust_nodelay_off_c16_keepalive_ms,1.419794
latency,1,343,http1_rust_nodelay_off_c16_keepalive_ms,1.145380
latency,1,344,http1_rust_nodelay_off_c16_keepalive_ms,1.467325
latency,1,345,http1_rust_nodelay_off_c16_keepalive_ms,1.116409
latency,1,346,http1_rust_nodelay_off_c16_keepalive_ms,1.106869
latency,1,347,http1_rust_nodelay_off_c16_keepalive_ms,1.477375
latency,1,348,http1_rust_nodelay_off_c16_keepalive_ms,1.487725
latency,1,349,http1_rust_nodelay_off_c16_keepalive_ms,1.405864
latency,1,350,http1_rust_nodelay_off_c16_keepalive_ms,1.462035
latency,1,351,http1_rust_nodelay_off_c16_keepalive_ms,1.118189
latency,1,352,http1_rust_nodelay_off_c16_keepalive_ms,1.331612
latency,1,353,http1_rust_nodelay_off_c16_keepalive_ms,1.051288
latency,1,354,http1_rust_nodelay_off_c16_keepalive_ms,1.305432
latency,1,355,http1_rust_nodelay_off_c16_keepalive_ms,1.367924
latency,1,356,http1_rust_nodelay_off_c16_keepalive_ms,1.342043
latency,1,357,http1_rust_nodelay_off_c16_keepalive_ms,1.282171
latency,1,358,http1_rust_nodelay_off_c16_keepalive_ms,1.088629
latency,1,359,http1_rust_nodelay_off_c16_keepalive_ms,1.101468
latency,1,360,http1_rust_nodelay_off_c16_keepalive_ms,1.054018
latency,1,361,http1_rust_nodelay_off_c16_keepalive_ms,1.455945
latency,1,362,http1_rust_nodelay_off_c16_keepalive_ms,1.181800
latency,1,363,http1_rust_nodelay_off_c16_keepalive_ms,9.780127
latency,1,364,http1_rust_nodelay_off_c16_keepalive_ms,1.520215
latency,1,365,http1_rust_nodelay_off_c16_keepalive_ms,10.116022
latency,1,366,http1_rust_nodelay_off_c16_keepalive_ms,9.725915
latency,1,367,http1_rust_nodelay_off_c16_keepalive_ms,1.031258
latency,1,368,http1_rust_nodelay_off_c16_keepalive_ms,1.266452
latency,1,369,http1_rust_nodelay_off_c16_keepalive_ms,1.345792
latency,1,370,http1_rust_nodelay_off_c16_keepalive_ms,1.083649
latency,1,371,http1_rust_nodelay_off_c16_keepalive_ms,1.008457
latency,1,372,http1_rust_nodelay_off_c16_keepalive_ms,1.237621
latency,1,373,http1_rust_nodelay_off_c16_keepalive_ms,1.210310
latency,1,374,http1_rust_nodelay_off_c16_keepalive_ms,1.372244
latency,1,375,http1_rust_nodelay_off_c16_keepalive_ms,0.994247
latency,1,376,http1_rust_nodelay_off_c16_keepalive_ms,1.340002
latency,1,377,http1_rust_nodelay_off_c16_keepalive_ms,1.359513
latency,1,378,http1_rust_nodelay_off_c16_keepalive_ms,1.812641
latency,1,379,http1_rust_nodelay_off_c16_keepalive_ms,1.457435
latency,1,380,http1_rust_nodelay_off_c16_keepalive_ms,1.269862
latency,1,381,http1_rust_nodelay_off_c16_keepalive_ms,1.785570
latency,1,382,http1_rust_nodelay_off_c16_keepalive_ms,1.131859
latency,1,383,http1_rust_nodelay_off_c16_keepalive_ms,1.095119
latency,1,384,http1_rust_nodelay_off_c16_keepalive_ms,1.479335
latency,1,385,http1_rust_nodelay_off_c16_keepalive_ms,1.613937
latency,1,386,http1_rust_nodelay_off_c16_keepalive_ms,0.621881
latency,1,387,http1_rust_nodelay_off_c16_keepalive_ms,0.519659
latency,1,388,http1_rust_nodelay_off_c16_keepalive_ms,0.493058
latency,1,389,http1_rust_nodelay_off_c16_keepalive_ms,0.482488
latency,1,390,http1_rust_nodelay_off_c16_keepalive_ms,1.120779
latency,1,391,http1_rust_nodelay_off_c16_keepalive_ms,0.434368
latency,1,392,http1_rust_nodelay_off_c16_keepalive_ms,0.402866
latency,1,393,http1_rust_nodelay_off_c16_keepalive_ms,0.415648
latency,1,394,http1_rust_nodelay_off_c16_keepalive_ms,0.429027
latency,1,395,http1_rust_nodelay_off_c16_keepalive_ms,0.394317
latency,1,396,http1_rust_nodelay_off_c16_keepalive_ms,0.399826
latency,1,397,http1_rust_nodelay_off_c16_keepalive_ms,0.262385
latency,1,398,http1_rust_nodelay_off_c16_keepalive_ms,0.335616
latency,1,399,http1_rust_nodelay_off_c16_keepalive_ms,0.213523
latency,1,640,http1_rust_nodelay_off_c16_keepalive_ms,1.427965
latency,1,641,http1_rust_nodelay_off_c16_keepalive_ms,1.765750
latency,1,642,http1_rust_nodelay_off_c16_keepalive_ms,1.785730
latency,1,643,http1_rust_nodelay_off_c16_keepalive_ms,1.699569
latency,1,644,http1_rust_nodelay_off_c16_keepalive_ms,1.640688
latency,1,645,http1_rust_nodelay_off_c16_keepalive_ms,1.201390
latency,1,646,http1_rust_nodelay_off_c16_keepalive_ms,1.567727
latency,1,647,http1_rust_nodelay_off_c16_keepalive_ms,7.468926
latency,1,648,http1_rust_nodelay_off_c16_keepalive_ms,1.515976
latency,1,649,http1_rust_nodelay_off_c16_keepalive_ms,1.463945
latency,1,650,http1_rust_nodelay_off_c16_keepalive_ms,1.458185
latency,1,651,http1_rust_nodelay_off_c16_keepalive_ms,1.445185
latency,1,652,http1_rust_nodelay_off_c16_keepalive_ms,1.471755
latency,1,653,http1_rust_nodelay_off_c16_keepalive_ms,1.479445
latency,1,654,http1_rust_nodelay_off_c16_keepalive_ms,1.458904
latency,1,655,http1_rust_nodelay_off_c16_keepalive_ms,1.532867
latency,1,656,http1_rust_nodelay_off_c16_keepalive_ms,0.790693
latency,1,657,http1_rust_nodelay_off_c16_keepalive_ms,1.479465
latency,1,658,http1_rust_nodelay_off_c16_keepalive_ms,1.101889
latency,1,659,http1_rust_nodelay_off_c16_keepalive_ms,1.379433
latency,1,660,http1_rust_nodelay_off_c16_keepalive_ms,10.076211
latency,1,661,http1_rust_nodelay_off_c16_keepalive_ms,1.162440
latency,1,662,http1_rust_nodelay_off_c16_keepalive_ms,1.453745
latency,1,663,http1_rust_nodelay_off_c16_keepalive_ms,1.139599
latency,1,664,http1_rust_nodelay_off_c16_keepalive_ms,1.430014
latency,1,665,http1_rust_nodelay_off_c16_keepalive_ms,10.389687
latency,1,666,http1_rust_nodelay_off_c16_keepalive_ms,1.023587
latency,1,667,http1_rust_nodelay_off_c16_keepalive_ms,1.328563
latency,1,668,http1_rust_nodelay_off_c16_keepalive_ms,1.429434
latency,1,669,http1_rust_nodelay_off_c16_keepalive_ms,1.483755
latency,1,670,http1_rust_nodelay_off_c16_keepalive_ms,1.046218
latency,1,671,http1_rust_nodelay_off_c16_keepalive_ms,1.553647
latency,1,672,http1_rust_nodelay_off_c16_keepalive_ms,1.454844
latency,1,673,http1_rust_nodelay_off_c16_keepalive_ms,1.426225
latency,1,674,http1_rust_nodelay_off_c16_keepalive_ms,1.113608
latency,1,675,http1_rust_nodelay_off_c16_keepalive_ms,1.043378
latency,1,676,http1_rust_nodelay_off_c16_keepalive_ms,1.381904
latency,1,677,http1_rust_nodelay_off_c16_keepalive_ms,0.810023
latency,1,678,http1_rust_nodelay_off_c16_keepalive_ms,1.094519
latency,1,679,http1_rust_nodelay_off_c16_keepalive_ms,1.426714
latency,1,680,http1_rust_nodelay_off_c16_keepalive_ms,1.503516
latency,1,681,http1_rust_nodelay_off_c16_keepalive_ms,1.184260
latency,1,682,http1_rust_nodelay_off_c16_keepalive_ms,1.460055
latency,1,683,http1_rust_nodelay_off_c16_keepalive_ms,1.085688
latency,1,684,http1_rust_nodelay_off_c16_keepalive_ms,1.464165
latency,1,685,http1_rust_nodelay_off_c16_keepalive_ms,1.345193
latency,1,686,http1_rust_nodelay_off_c16_keepalive_ms,10.457117
latency,1,687,http1_rust_nodelay_off_c16_keepalive_ms,1.450855
latency,1,688,http1_rust_nodelay_off_c16_keepalive_ms,1.434975
latency,1,689,http1_rust_nodelay_off_c16_keepalive_ms,1.010677
latency,1,690,http1_rust_nodelay_off_c16_keepalive_ms,10.358596
latency,1,691,http1_rust_nodelay_off_c16_keepalive_ms,1.330132
latency,1,692,http1_rust_nodelay_off_c16_keepalive_ms,1.763910
latency,1,693,http1_rust_nodelay_off_c16_keepalive_ms,1.141090
latency,1,694,http1_rust_nodelay_off_c16_keepalive_ms,1.358603
latency,1,695,http1_rust_nodelay_off_c16_keepalive_ms,0.892185
latency,1,696,http1_rust_nodelay_off_c16_keepalive_ms,2.027074
latency,1,697,http1_rust_nodelay_off_c16_keepalive_ms,1.169760
latency,1,698,http1_rust_nodelay_off_c16_keepalive_ms,1.149750
latency,1,699,http1_rust_nodelay_off_c16_keepalive_ms,1.550926
latency,1,700,http1_rust_nodelay_off_c16_keepalive_ms,1.189061
latency,1,701,http1_rust_nodelay_off_c16_keepalive_ms,0.609360
latency,1,702,http1_rust_nodelay_off_c16_keepalive_ms,0.637440
latency,1,703,http1_rust_nodelay_off_c16_keepalive_ms,0.482409
latency,1,704,http1_rust_nodelay_off_c16_keepalive_ms,1.140659
latency,1,705,http1_rust_nodelay_off_c16_keepalive_ms,0.461008
latency,1,706,http1_rust_nodelay_off_c16_keepalive_ms,0.406237
latency,1,707,http1_rust_nodelay_off_c16_keepalive_ms,0.415717
latency,1,708,http1_rust_nodelay_off_c16_keepalive_ms,0.428857
latency,1,709,http1_rust_nodelay_off_c16_keepalive_ms,0.393407
latency,1,710,http1_rust_nodelay_off_c16_keepalive_ms,0.419367
latency,1,711,http1_rust_nodelay_off_c16_keepalive_ms,0.323976
latency,1,712,http1_rust_nodelay_off_c16_keepalive_ms,0.272804
latency,1,713,http1_rust_nodelay_off_c16_keepalive_ms,0.214044
latency,1,714,http1_rust_nodelay_off_c16_keepalive_ms,0.168983
latency,1,715,http1_rust_nodelay_off_c16_keepalive_ms,0.110202
latency,1,716,http1_rust_nodelay_off_c16_keepalive_ms,0.105101
latency,1,717,http1_rust_nodelay_off_c16_keepalive_ms,0.108722
latency,1,718,http1_rust_nodelay_off_c16_keepalive_ms,0.104502
latency,1,719,http1_rust_nodelay_off_c16_keepalive_ms,0.105692
latency,1,1200,http1_rust_nodelay_off_c16_keepalive_ms,1.559027
latency,1,1201,http1_rust_nodelay_off_c16_keepalive_ms,1.786590
latency,1,1202,http1_rust_nodelay_off_c16_keepalive_ms,1.220341
latency,1,1203,http1_rust_nodelay_off_c16_keepalive_ms,1.833561
latency,1,1204,http1_rust_nodelay_off_c16_keepalive_ms,1.656238
latency,1,1205,http1_rust_nodelay_off_c16_keepalive_ms,1.280022
latency,1,1206,http1_rust_nodelay_off_c16_keepalive_ms,1.540656
latency,1,1207,http1_rust_nodelay_off_c16_keepalive_ms,1.545226
latency,1,1208,http1_rust_nodelay_off_c16_keepalive_ms,1.424065
latency,1,1209,http1_rust_nodelay_off_c16_keepalive_ms,10.424977
latency,1,1210,http1_rust_nodelay_off_c16_keepalive_ms,1.456755
latency,1,1211,http1_rust_nodelay_off_c16_keepalive_ms,1.496705
latency,1,1212,http1_rust_nodelay_off_c16_keepalive_ms,1.448584
latency,1,1213,http1_rust_nodelay_off_c16_keepalive_ms,1.106829
latency,1,1214,http1_rust_nodelay_off_c16_keepalive_ms,1.152670
latency,1,1215,http1_rust_nodelay_off_c16_keepalive_ms,1.511126
latency,1,1216,http1_rust_nodelay_off_c16_keepalive_ms,1.470124
latency,1,1217,http1_rust_nodelay_off_c16_keepalive_ms,1.062689
latency,1,1218,http1_rust_nodelay_off_c16_keepalive_ms,1.339962
latency,1,1219,http1_rust_nodelay_off_c16_keepalive_ms,1.343133
latency,1,1220,http1_rust_nodelay_off_c16_keepalive_ms,0.965647
latency,1,1221,http1_rust_nodelay_off_c16_keepalive_ms,1.396324
latency,1,1222,http1_rust_nodelay_off_c16_keepalive_ms,1.333242
latency,1,1223,http1_rust_nodelay_off_c16_keepalive_ms,1.025607
latency,1,1224,http1_rust_nodelay_off_c16_keepalive_ms,1.471135
latency,1,1225,http1_rust_nodelay_off_c16_keepalive_ms,10.424168
latency,1,1226,http1_rust_nodelay_off_c16_keepalive_ms,1.043957
latency,1,1227,http1_rust_nodelay_off_c16_keepalive_ms,1.321213
latency,1,1228,http1_rust_nodelay_off_c16_keepalive_ms,1.352273
latency,1,1229,http1_rust_nodelay_off_c16_keepalive_ms,1.037447
latency,1,1230,http1_rust_nodelay_off_c16_keepalive_ms,1.230491
latency,1,1231,http1_rust_nodelay_off_c16_keepalive_ms,1.022958
latency,1,1232,http1_rust_nodelay_off_c16_keepalive_ms,1.281211
latency,1,1233,http1_rust_nodelay_off_c16_keepalive_ms,10.447188
latency,1,1234,http1_rust_nodelay_off_c16_keepalive_ms,1.430684
latency,1,1235,http1_rust_nodelay_off_c16_keepalive_ms,1.405194
latency,1,1236,http1_rust_nodelay_off_c16_keepalive_ms,1.451205
latency,1,1237,http1_rust_nodelay_off_c16_keepalive_ms,1.379993
latency,1,1238,http1_rust_nodelay_off_c16_keepalive_ms,1.180030
latency,1,1239,http1_rust_nodelay_off_c16_keepalive_ms,1.131239
latency,1,1240,http1_rust_nodelay_off_c16_keepalive_ms,1.446735
latency,1,1241,http1_rust_nodelay_off_c16_keepalive_ms,1.534046
latency,1,1242,http1_rust_nodelay_off_c16_keepalive_ms,1.125129
latency,1,1243,http1_rust_nodelay_off_c16_keepalive_ms,1.033528
latency,1,1244,http1_rust_nodelay_off_c16_keepalive_ms,1.317612
latency,1,1245,http1_rust_nodelay_off_c16_keepalive_ms,1.034648
latency,1,1246,http1_rust_nodelay_off_c16_keepalive_ms,1.338562
latency,1,1247,http1_rust_nodelay_off_c16_keepalive_ms,1.101909
latency,1,1248,http1_rust_nodelay_off_c16_keepalive_ms,1.330093
latency,1,1249,http1_rust_nodelay_off_c16_keepalive_ms,1.036957
latency,1,1250,http1_rust_nodelay_off_c16_keepalive_ms,1.451335
latency,1,1251,http1_rust_nodelay_off_c16_keepalive_ms,1.454965
latency,1,1252,http1_rust_nodelay_off_c16_keepalive_ms,1.111719
latency,1,1253,http1_rust_nodelay_off_c16_keepalive_ms,1.108598
latency,1,1254,http1_rust_nodelay_off_c16_keepalive_ms,1.426345
latency,1,1255,http1_rust_nodelay_off_c16_keepalive_ms,1.359503
latency,1,1256,http1_rust_nodelay_off_c16_keepalive_ms,1.019207
latency,1,1257,http1_rust_nodelay_off_c16_keepalive_ms,1.395294
latency,1,1258,http1_rust_nodelay_off_c16_keepalive_ms,1.398143
latency,1,1259,http1_rust_nodelay_off_c16_keepalive_ms,0.929136
latency,1,1260,http1_rust_nodelay_off_c16_keepalive_ms,1.253762
latency,1,1261,http1_rust_nodelay_off_c16_keepalive_ms,1.282812
latency,1,1262,http1_rust_nodelay_off_c16_keepalive_ms,0.991006
latency,1,1263,http1_rust_nodelay_off_c16_keepalive_ms,1.016678
latency,1,1264,http1_rust_nodelay_off_c16_keepalive_ms,1.332142
latency,1,1265,http1_rust_nodelay_off_c16_keepalive_ms,1.022667
latency,1,1266,http1_rust_nodelay_off_c16_keepalive_ms,1.819472
latency,1,1267,http1_rust_nodelay_off_c16_keepalive_ms,1.109448
latency,1,1268,http1_rust_nodelay_off_c16_keepalive_ms,1.342133
latency,1,1269,http1_rust_nodelay_off_c16_keepalive_ms,2.064445
latency,1,1270,http1_rust_nodelay_off_c16_keepalive_ms,1.103839
latency,1,1271,http1_rust_nodelay_off_c16_keepalive_ms,0.845204
latency,1,1272,http1_rust_nodelay_off_c16_keepalive_ms,0.894786
latency,1,1273,http1_rust_nodelay_off_c16_keepalive_ms,2.094215
latency,1,1274,http1_rust_nodelay_off_c16_keepalive_ms,0.701232
latency,1,1275,http1_rust_nodelay_off_c16_keepalive_ms,0.608600
latency,1,1276,http1_rust_nodelay_off_c16_keepalive_ms,0.455158
latency,1,1277,http1_rust_nodelay_off_c16_keepalive_ms,0.490028
latency,1,1278,http1_rust_nodelay_off_c16_keepalive_ms,0.483928
latency,1,1279,http1_rust_nodelay_off_c16_keepalive_ms,7.057500
latency,1,80,http1_rust_nodelay_off_c16_keepalive_ms,1.586867
latency,1,81,http1_rust_nodelay_off_c16_keepalive_ms,1.336593
latency,1,82,http1_rust_nodelay_off_c16_keepalive_ms,1.678538
latency,1,83,http1_rust_nodelay_off_c16_keepalive_ms,1.757300
latency,1,84,http1_rust_nodelay_off_c16_keepalive_ms,1.656868
latency,1,85,http1_rust_nodelay_off_c16_keepalive_ms,1.278772
latency,1,86,http1_rust_nodelay_off_c16_keepalive_ms,1.541586
latency,1,87,http1_rust_nodelay_off_c16_keepalive_ms,1.546556
latency,1,88,http1_rust_nodelay_off_c16_keepalive_ms,1.424514
latency,1,89,http1_rust_nodelay_off_c16_keepalive_ms,1.413244
latency,1,90,http1_rust_nodelay_off_c16_keepalive_ms,1.445475
latency,1,91,http1_rust_nodelay_off_c16_keepalive_ms,1.423604
latency,1,92,http1_rust_nodelay_off_c16_keepalive_ms,1.496505
latency,1,93,http1_rust_nodelay_off_c16_keepalive_ms,1.129470
latency,1,94,http1_rust_nodelay_off_c16_keepalive_ms,1.421414
latency,1,95,http1_rust_nodelay_off_c16_keepalive_ms,1.466625
latency,1,96,http1_rust_nodelay_off_c16_keepalive_ms,1.140479
latency,1,97,http1_rust_nodelay_off_c16_keepalive_ms,1.116799
latency,1,98,http1_rust_nodelay_off_c16_keepalive_ms,1.123819
latency,1,99,http1_rust_nodelay_off_c16_keepalive_ms,1.445105
latency,1,100,http1_rust_nodelay_off_c16_keepalive_ms,1.577827
latency,1,101,http1_rust_nodelay_off_c16_keepalive_ms,1.465125
latency,1,102,http1_rust_nodelay_off_c16_keepalive_ms,1.438024
latency,1,103,http1_rust_nodelay_off_c16_keepalive_ms,9.753745
latency,1,104,http1_rust_nodelay_off_c16_keepalive_ms,1.440665
latency,1,105,http1_rust_nodelay_off_c16_keepalive_ms,1.529076
latency,1,106,http1_rust_nodelay_off_c16_keepalive_ms,1.469465
latency,1,107,http1_rust_nodelay_off_c16_keepalive_ms,1.442965
latency,1,108,http1_rust_nodelay_off_c16_keepalive_ms,1.128069
latency,1,109,http1_rust_nodelay_off_c16_keepalive_ms,1.411734
latency,1,110,http1_rust_nodelay_off_c16_keepalive_ms,1.133169
latency,1,111,http1_rust_nodelay_off_c16_keepalive_ms,1.464275
latency,1,112,http1_rust_nodelay_off_c16_keepalive_ms,10.276605
latency,1,113,http1_rust_nodelay_off_c16_keepalive_ms,1.081778
latency,1,114,http1_rust_nodelay_off_c16_keepalive_ms,1.161049
latency,1,115,http1_rust_nodelay_off_c16_keepalive_ms,1.435185
latency,1,116,http1_rust_nodelay_off_c16_keepalive_ms,1.521316
latency,1,117,http1_rust_nodelay_off_c16_keepalive_ms,1.414104
latency,1,118,http1_rust_nodelay_off_c16_keepalive_ms,1.070898
latency,1,119,http1_rust_nodelay_off_c16_keepalive_ms,1.114939
latency,1,120,http1_rust_nodelay_off_c16_keepalive_ms,1.042947
latency,1,121,http1_rust_nodelay_off_c16_keepalive_ms,10.102442
latency,1,122,http1_rust_nodelay_off_c16_keepalive_ms,1.132110
latency,1,123,http1_rust_nodelay_off_c16_keepalive_ms,1.298002
latency,1,124,http1_rust_nodelay_off_c16_keepalive_ms,1.054507
latency,1,125,http1_rust_nodelay_off_c16_keepalive_ms,1.033768
latency,1,126,http1_rust_nodelay_off_c16_keepalive_ms,1.338533
latency,1,127,http1_rust_nodelay_off_c16_keepalive_ms,1.120199
latency,1,128,http1_rust_nodelay_off_c16_keepalive_ms,1.331192
latency,1,129,http1_rust_nodelay_off_c16_keepalive_ms,10.040371
latency,1,130,http1_rust_nodelay_off_c16_keepalive_ms,1.393883
latency,1,131,http1_rust_nodelay_off_c16_keepalive_ms,1.013718
latency,1,132,http1_rust_nodelay_off_c16_keepalive_ms,10.630701
latency,1,133,http1_rust_nodelay_off_c16_keepalive_ms,1.078828
latency,1,134,http1_rust_nodelay_off_c16_keepalive_ms,1.237951
latency,1,135,http1_rust_nodelay_off_c16_keepalive_ms,15.441932
latency,1,136,http1_rust_nodelay_off_c16_keepalive_ms,0.123092
latency,1,137,http1_rust_nodelay_off_c16_keepalive_ms,0.116372
latency,1,138,http1_rust_nodelay_off_c16_keepalive_ms,0.116112
latency,1,139,http1_rust_nodelay_off_c16_keepalive_ms,0.114462
latency,1,140,http1_rust_nodelay_off_c16_keepalive_ms,0.114332
latency,1,141,http1_rust_nodelay_off_c16_keepalive_ms,0.116802
latency,1,142,http1_rust_nodelay_off_c16_keepalive_ms,0.512699
latency,1,143,http1_rust_nodelay_off_c16_keepalive_ms,0.127202
latency,1,144,http1_rust_nodelay_off_c16_keepalive_ms,0.114732
latency,1,145,http1_rust_nodelay_off_c16_keepalive_ms,0.113872
latency,1,146,http1_rust_nodelay_off_c16_keepalive_ms,0.112762
latency,1,147,http1_rust_nodelay_off_c16_keepalive_ms,0.113042
latency,1,148,http1_rust_nodelay_off_c16_keepalive_ms,0.121212
latency,1,149,http1_rust_nodelay_off_c16_keepalive_ms,0.113862
latency,1,150,http1_rust_nodelay_off_c16_keepalive_ms,0.112871
latency,1,151,http1_rust_nodelay_off_c16_keepalive_ms,0.112662
latency,1,152,http1_rust_nodelay_off_c16_keepalive_ms,0.112222
latency,1,153,http1_rust_nodelay_off_c16_keepalive_ms,0.182923
latency,1,154,http1_rust_nodelay_off_c16_keepalive_ms,0.238535
latency,1,155,http1_rust_nodelay_off_c16_keepalive_ms,0.284234
latency,1,156,http1_rust_nodelay_off_c16_keepalive_ms,0.200584
latency,1,157,http1_rust_nodelay_off_c16_keepalive_ms,0.197703
latency,1,158,http1_rust_nodelay_off_c16_keepalive_ms,0.199124
latency,1,159,http1_rust_nodelay_off_c16_keepalive_ms,0.207203
latency,1,960,http1_rust_nodelay_off_c16_keepalive_ms,1.353483
latency,1,961,http1_rust_nodelay_off_c16_keepalive_ms,1.835281
latency,1,962,http1_rust_nodelay_off_c16_keepalive_ms,1.185140
latency,1,963,http1_rust_nodelay_off_c16_keepalive_ms,1.855622
latency,1,964,http1_rust_nodelay_off_c16_keepalive_ms,1.655968
latency,1,965,http1_rust_nodelay_off_c16_keepalive_ms,1.601397
latency,1,966,http1_rust_nodelay_off_c16_keepalive_ms,1.217391
latency,1,967,http1_rust_nodelay_off_c16_keepalive_ms,1.483025
latency,1,968,http1_rust_nodelay_off_c16_keepalive_ms,1.075398
latency,1,969,http1_rust_nodelay_off_c16_keepalive_ms,1.370654
latency,1,970,http1_rust_nodelay_off_c16_keepalive_ms,1.091518
latency,1,971,http1_rust_nodelay_off_c16_keepalive_ms,1.486535
latency,1,972,http1_rust_nodelay_off_c16_keepalive_ms,1.493296
latency,1,973,http1_rust_nodelay_off_c16_keepalive_ms,1.519935
latency,1,974,http1_rust_nodelay_off_c16_keepalive_ms,1.018198
latency,1,975,http1_rust_nodelay_off_c16_keepalive_ms,1.456195
latency,1,976,http1_rust_nodelay_off_c16_keepalive_ms,1.460214
latency,1,977,http1_rust_nodelay_off_c16_keepalive_ms,1.457845
latency,1,978,http1_rust_nodelay_off_c16_keepalive_ms,1.496285
latency,1,979,http1_rust_nodelay_off_c16_keepalive_ms,1.449155
latency,1,980,http1_rust_nodelay_off_c16_keepalive_ms,1.107339
latency,1,981,http1_rust_nodelay_off_c16_keepalive_ms,1.151830
latency,1,982,http1_rust_nodelay_off_c16_keepalive_ms,1.511755
latency,1,983,http1_rust_nodelay_off_c16_keepalive_ms,1.464775
latency,1,984,http1_rust_nodelay_off_c16_keepalive_ms,1.379023
latency,1,985,http1_rust_nodelay_off_c16_keepalive_ms,1.029058
latency,1,986,http1_rust_nodelay_off_c16_keepalive_ms,1.341843
latency,1,987,http1_rust_nodelay_off_c16_keepalive_ms,1.377123
latency,1,988,http1_rust_nodelay_off_c16_keepalive_ms,1.316073
latency,1,989,http1_rust_nodelay_off_c16_keepalive_ms,1.312822
latency,1,990,http1_rust_nodelay_off_c16_keepalive_ms,1.108729
latency,1,991,http1_rust_nodelay_off_c16_keepalive_ms,1.438874
latency,1,992,http1_rust_nodelay_off_c16_keepalive_ms,1.529976
latency,1,993,http1_rust_nodelay_off_c16_keepalive_ms,1.116109
latency,1,994,http1_rust_nodelay_off_c16_keepalive_ms,10.429657
latency,1,995,http1_rust_nodelay_off_c16_keepalive_ms,1.306072
latency,1,996,http1_rust_nodelay_off_c16_keepalive_ms,10.326486
latency,1,997,http1_rust_nodelay_off_c16_keepalive_ms,1.125359
latency,1,998,http1_rust_nodelay_off_c16_keepalive_ms,1.027638
latency,1,999,http1_rust_nodelay_off_c16_keepalive_ms,1.402953
latency,1,1000,http1_rust_nodelay_off_c16_keepalive_ms,1.101009
latency,1,1001,http1_rust_nodelay_off_c16_keepalive_ms,1.071168
latency,1,1002,http1_rust_nodelay_off_c16_keepalive_ms,1.484456
latency,1,1003,http1_rust_nodelay_off_c16_keepalive_ms,1.418944
latency,1,1004,http1_rust_nodelay_off_c16_keepalive_ms,10.413376
latency,1,1005,http1_rust_nodelay_off_c16_keepalive_ms,1.035088
latency,1,1006,http1_rust_nodelay_off_c16_keepalive_ms,1.415554
latency,1,1007,http1_rust_nodelay_off_c16_keepalive_ms,1.320713
latency,1,1008,http1_rust_nodelay_off_c16_keepalive_ms,1.016187
latency,1,1009,http1_rust_nodelay_off_c16_keepalive_ms,1.436174
latency,1,1010,http1_rust_nodelay_off_c16_keepalive_ms,1.123849
latency,1,1011,http1_rust_nodelay_off_c16_keepalive_ms,1.081079
latency,1,1012,http1_rust_nodelay_off_c16_keepalive_ms,1.467145
latency,1,1013,http1_rust_nodelay_off_c16_keepalive_ms,10.416917
latency,1,1014,http1_rust_nodelay_off_c16_keepalive_ms,11.143399
latency,1,1015,http1_rust_nodelay_off_c16_keepalive_ms,0.862274
latency,1,1016,http1_rust_nodelay_off_c16_keepalive_ms,0.843625
latency,1,1017,http1_rust_nodelay_off_c16_keepalive_ms,0.896465
latency,1,1018,http1_rust_nodelay_off_c16_keepalive_ms,2.018025
latency,1,1019,http1_rust_nodelay_off_c16_keepalive_ms,0.842044
latency,1,1020,http1_rust_nodelay_off_c16_keepalive_ms,0.609000
latency,1,1021,http1_rust_nodelay_off_c16_keepalive_ms,0.510969
latency,1,1022,http1_rust_nodelay_off_c16_keepalive_ms,0.610200
latency,1,1023,http1_rust_nodelay_off_c16_keepalive_ms,1.096339
latency,1,1024,http1_rust_nodelay_off_c16_keepalive_ms,0.424987
latency,1,1025,http1_rust_nodelay_off_c16_keepalive_ms,0.406557
latency,1,1026,http1_rust_nodelay_off_c16_keepalive_ms,0.414737
latency,1,1027,http1_rust_nodelay_off_c16_keepalive_ms,0.304415
latency,1,1028,http1_rust_nodelay_off_c16_keepalive_ms,0.399347
latency,1,1029,http1_rust_nodelay_off_c16_keepalive_ms,5.957651
latency,1,1030,http1_rust_nodelay_off_c16_keepalive_ms,0.316995
latency,1,1031,http1_rust_nodelay_off_c16_keepalive_ms,0.208514
latency,1,1032,http1_rust_nodelay_off_c16_keepalive_ms,0.200723
latency,1,1033,http1_rust_nodelay_off_c16_keepalive_ms,0.197714
latency,1,1034,http1_rust_nodelay_off_c16_keepalive_ms,0.199233
latency,1,1035,http1_rust_nodelay_off_c16_keepalive_ms,0.206724
latency,1,1036,http1_rust_nodelay_off_c16_keepalive_ms,0.488138
latency,1,1037,http1_rust_nodelay_off_c16_keepalive_ms,0.105862
latency,1,1038,http1_rust_nodelay_off_c16_keepalive_ms,0.105752
latency,1,1039,http1_rust_nodelay_off_c16_keepalive_ms,0.104651
trial,1,1280,http1_rust_nodelay_off_c16_median_ms,1.352273
trial,1,1280,http1_rust_nodelay_off_c16_p95_ms,1.827662
trial,1,1280,http1_rust_nodelay_off_c16_requests_per_second,9268.536
trial,1,1280,http1_rust_nodelay_off_c16_wall_ms,138.102
latency,2,960,http1_rust_nodelay_off_c16_keepalive_ms,1.389113
latency,2,961,http1_rust_nodelay_off_c16_keepalive_ms,1.767370
latency,2,962,http1_rust_nodelay_off_c16_keepalive_ms,1.695269
latency,2,963,http1_rust_nodelay_off_c16_keepalive_ms,1.592257
latency,2,964,http1_rust_nodelay_off_c16_keepalive_ms,1.468925
latency,2,965,http1_rust_nodelay_off_c16_keepalive_ms,1.508146
latency,2,966,http1_rust_nodelay_off_c16_keepalive_ms,1.296042
latency,2,967,http1_rust_nodelay_off_c16_keepalive_ms,1.384693
latency,2,968,http1_rust_nodelay_off_c16_keepalive_ms,1.322573
latency,2,969,http1_rust_nodelay_off_c16_keepalive_ms,1.057148
latency,2,970,http1_rust_nodelay_off_c16_keepalive_ms,1.409533
latency,2,971,http1_rust_nodelay_off_c16_keepalive_ms,0.980807
latency,2,972,http1_rust_nodelay_off_c16_keepalive_ms,1.365393
latency,2,973,http1_rust_nodelay_off_c16_keepalive_ms,1.332663
latency,2,974,http1_rust_nodelay_off_c16_keepalive_ms,1.365293
latency,2,975,http1_rust_nodelay_off_c16_keepalive_ms,1.340723
latency,2,976,http1_rust_nodelay_off_c16_keepalive_ms,1.322433
latency,2,977,http1_rust_nodelay_off_c16_keepalive_ms,1.327832
latency,2,978,http1_rust_nodelay_off_c16_keepalive_ms,1.333463
latency,2,979,http1_rust_nodelay_off_c16_keepalive_ms,1.355513
latency,2,980,http1_rust_nodelay_off_c16_keepalive_ms,1.010957
latency,2,981,http1_rust_nodelay_off_c16_keepalive_ms,1.311182
latency,2,982,http1_rust_nodelay_off_c16_keepalive_ms,1.097379
latency,2,983,http1_rust_nodelay_off_c16_keepalive_ms,1.121949
latency,2,984,http1_rust_nodelay_off_c16_keepalive_ms,1.127869
latency,2,985,http1_rust_nodelay_off_c16_keepalive_ms,1.042098
latency,2,986,http1_rust_nodelay_off_c16_keepalive_ms,1.382573
latency,2,987,http1_rust_nodelay_off_c16_keepalive_ms,1.132460
latency,2,988,http1_rust_nodelay_off_c16_keepalive_ms,1.430634
latency,2,989,http1_rust_nodelay_off_c16_keepalive_ms,1.483595
latency,2,990,http1_rust_nodelay_off_c16_keepalive_ms,1.457625
latency,2,991,http1_rust_nodelay_off_c16_keepalive_ms,1.411654
latency,2,992,http1_rust_nodelay_off_c16_keepalive_ms,0.698572
latency,2,993,http1_rust_nodelay_off_c16_keepalive_ms,1.121129
latency,2,994,http1_rust_nodelay_off_c16_keepalive_ms,1.107529
latency,2,995,http1_rust_nodelay_off_c16_keepalive_ms,1.367913
latency,2,996,http1_rust_nodelay_off_c16_keepalive_ms,1.145809
latency,2,997,http1_rust_nodelay_off_c16_keepalive_ms,6.843916
latency,2,998,http1_rust_nodelay_off_c16_keepalive_ms,1.501396
latency,2,999,http1_rust_nodelay_off_c16_keepalive_ms,1.554466
latency,2,1000,http1_rust_nodelay_off_c16_keepalive_ms,1.110649
latency,2,1001,http1_rust_nodelay_off_c16_keepalive_ms,1.137380
latency,2,1002,http1_rust_nodelay_off_c16_keepalive_ms,1.159339
latency,2,1003,http1_rust_nodelay_off_c16_keepalive_ms,1.508656
latency,2,1004,http1_rust_nodelay_off_c16_keepalive_ms,1.095848
latency,2,1005,http1_rust_nodelay_off_c16_keepalive_ms,1.109919
latency,2,1006,http1_rust_nodelay_off_c16_keepalive_ms,1.099379
latency,2,1007,http1_rust_nodelay_off_c16_keepalive_ms,1.415164
latency,2,1008,http1_rust_nodelay_off_c16_keepalive_ms,1.145800
latency,2,1009,http1_rust_nodelay_off_c16_keepalive_ms,1.118298
latency,2,1010,http1_rust_nodelay_off_c16_keepalive_ms,1.460255
latency,2,1011,http1_rust_nodelay_off_c16_keepalive_ms,1.117139
latency,2,1012,http1_rust_nodelay_off_c16_keepalive_ms,1.090419
latency,2,1013,http1_rust_nodelay_off_c16_keepalive_ms,1.455125
latency,2,1014,http1_rust_nodelay_off_c16_keepalive_ms,1.434474
latency,2,1015,http1_rust_nodelay_off_c16_keepalive_ms,1.455025
latency,2,1016,http1_rust_nodelay_off_c16_keepalive_ms,1.101848
latency,2,1017,http1_rust_nodelay_off_c16_keepalive_ms,1.108789
latency,2,1018,http1_rust_nodelay_off_c16_keepalive_ms,1.400534
latency,2,1019,http1_rust_nodelay_off_c16_keepalive_ms,1.305612
latency,2,1020,http1_rust_nodelay_off_c16_keepalive_ms,1.016688
latency,2,1021,http1_rust_nodelay_off_c16_keepalive_ms,1.358102
latency,2,1022,http1_rust_nodelay_off_c16_keepalive_ms,1.397874
latency,2,1023,http1_rust_nodelay_off_c16_keepalive_ms,1.347753
latency,2,1024,http1_rust_nodelay_off_c16_keepalive_ms,1.303522
latency,2,1025,http1_rust_nodelay_off_c16_keepalive_ms,1.032968
latency,2,1026,http1_rust_nodelay_off_c16_keepalive_ms,1.331453
latency,2,1027,http1_rust_nodelay_off_c16_keepalive_ms,1.307292
latency,2,1028,http1_rust_nodelay_off_c16_keepalive_ms,1.046447
latency,2,1029,http1_rust_nodelay_off_c16_keepalive_ms,1.313293
latency,2,1030,http1_rust_nodelay_off_c16_keepalive_ms,0.983217
latency,2,1031,http1_rust_nodelay_off_c16_keepalive_ms,1.393493
latency,2,1032,http1_rust_nodelay_off_c16_keepalive_ms,1.025108
latency,2,1033,http1_rust_nodelay_off_c16_keepalive_ms,1.531265
latency,2,1034,http1_rust_nodelay_off_c16_keepalive_ms,1.438125
latency,2,1035,http1_rust_nodelay_off_c16_keepalive_ms,1.387104
latency,2,1036,http1_rust_nodelay_off_c16_keepalive_ms,1.142779
latency,2,1037,http1_rust_nodelay_off_c16_keepalive_ms,1.047678
latency,2,1038,http1_rust_nodelay_off_c16_keepalive_ms,1.416834
latency,2,1039,http1_rust_nodelay_off_c16_keepalive_ms,1.065368
latency,2,800,http1_rust_nodelay_off_c16_keepalive_ms,1.540776
latency,2,801,http1_rust_nodelay_off_c16_keepalive_ms,1.271982
latency,2,802,http1_rust_nodelay_off_c16_keepalive_ms,1.794820
latency,2,803,http1_rust_nodelay_off_c16_keepalive_ms,1.666679
latency,2,804,http1_rust_nodelay_off_c16_keepalive_ms,1.055808
latency,2,805,http1_rust_nodelay_off_c16_keepalive_ms,1.573456
latency,2,806,http1_rust_nodelay_off_c16_keepalive_ms,1.092229
latency,2,807,http1_rust_nodelay_off_c16_keepalive_ms,1.276442
latency,2,808,http1_rust_nodelay_off_c16_keepalive_ms,1.263391
latency,2,809,http1_rust_nodelay_off_c16_keepalive_ms,1.043738
latency,2,810,http1_rust_nodelay_off_c16_keepalive_ms,1.364533
latency,2,811,http1_rust_nodelay_off_c16_keepalive_ms,1.058688
latency,2,812,http1_rust_nodelay_off_c16_keepalive_ms,1.316872
latency,2,813,http1_rust_nodelay_off_c16_keepalive_ms,1.338293
latency,2,814,http1_rust_nodelay_off_c16_keepalive_ms,1.330183
latency,2,815,http1_rust_nodelay_off_c16_keepalive_ms,1.403894
latency,2,816,http1_rust_nodelay_off_c16_keepalive_ms,1.313872
latency,2,817,http1_rust_nodelay_off_c16_keepalive_ms,1.329452
latency,2,818,http1_rust_nodelay_off_c16_keepalive_ms,1.325453
latency,2,819,http1_rust_nodelay_off_c16_keepalive_ms,1.356153
latency,2,820,http1_rust_nodelay_off_c16_keepalive_ms,0.692362
latency,2,821,http1_rust_nodelay_off_c16_keepalive_ms,1.323552
latency,2,822,http1_rust_nodelay_off_c16_keepalive_ms,1.311013
latency,2,823,http1_rust_nodelay_off_c16_keepalive_ms,0.759613
latency,2,824,http1_rust_nodelay_off_c16_keepalive_ms,1.470414
latency,2,825,http1_rust_nodelay_off_c16_keepalive_ms,1.117399
latency,2,826,http1_rust_nodelay_off_c16_keepalive_ms,1.042618
latency,2,827,http1_rust_nodelay_off_c16_keepalive_ms,1.080189
latency,2,828,http1_rust_nodelay_off_c16_keepalive_ms,1.435304
latency,2,829,http1_rust_nodelay_off_c16_keepalive_ms,1.429574
latency,2,830,http1_rust_nodelay_off_c16_keepalive_ms,1.483715
latency,2,831,http1_rust_nodelay_off_c16_keepalive_ms,1.457515
latency,2,832,http1_rust_nodelay_off_c16_keepalive_ms,1.107139
latency,2,833,http1_rust_nodelay_off_c16_keepalive_ms,1.427794
latency,2,834,http1_rust_nodelay_off_c16_keepalive_ms,1.447005
latency,2,835,http1_rust_nodelay_off_c16_keepalive_ms,1.029667
latency,2,836,http1_rust_nodelay_off_c16_keepalive_ms,1.094569
latency,2,837,http1_rust_nodelay_off_c16_keepalive_ms,1.468495
latency,2,838,http1_rust_nodelay_off_c16_keepalive_ms,1.435744
latency,2,839,http1_rust_nodelay_off_c16_keepalive_ms,1.098719
latency,2,840,http1_rust_nodelay_off_c16_keepalive_ms,1.127509
latency,2,841,http1_rust_nodelay_off_c16_keepalive_ms,1.074609
latency,2,842,http1_rust_nodelay_off_c16_keepalive_ms,1.247930
latency,2,843,http1_rust_nodelay_off_c16_keepalive_ms,1.514506
latency,2,844,http1_rust_nodelay_off_c16_keepalive_ms,1.132769
latency,2,845,http1_rust_nodelay_off_c16_keepalive_ms,1.042768
latency,2,846,http1_rust_nodelay_off_c16_keepalive_ms,1.394584
latency,2,847,http1_rust_nodelay_off_c16_keepalive_ms,1.175570
latency,2,848,http1_rust_nodelay_off_c16_keepalive_ms,1.176710
latency,2,849,http1_rust_nodelay_off_c16_keepalive_ms,1.122359
latency,2,850,http1_rust_nodelay_off_c16_keepalive_ms,1.446704
latency,2,851,http1_rust_nodelay_off_c16_keepalive_ms,1.433925
latency,2,852,http1_rust_nodelay_off_c16_keepalive_ms,1.107899
latency,2,853,http1_rust_nodelay_off_c16_keepalive_ms,1.452685
latency,2,854,http1_rust_nodelay_off_c16_keepalive_ms,1.119708
latency,2,855,http1_rust_nodelay_off_c16_keepalive_ms,1.154480
latency,2,856,http1_rust_nodelay_off_c16_keepalive_ms,1.397474
latency,2,857,http1_rust_nodelay_off_c16_keepalive_ms,1.090638
latency,2,858,http1_rust_nodelay_off_c16_keepalive_ms,10.466198
latency,2,859,http1_rust_nodelay_off_c16_keepalive_ms,1.048708
latency,2,860,http1_rust_nodelay_off_c16_keepalive_ms,1.351143
latency,2,861,http1_rust_nodelay_off_c16_keepalive_ms,1.016147
latency,2,862,http1_rust_nodelay_off_c16_keepalive_ms,1.302432
latency,2,863,http1_rust_nodelay_off_c16_keepalive_ms,1.000157
latency,2,864,http1_rust_nodelay_off_c16_keepalive_ms,1.099109
latency,2,865,http1_rust_nodelay_off_c16_keepalive_ms,1.344403
latency,2,866,http1_rust_nodelay_off_c16_keepalive_ms,1.314352
latency,2,867,http1_rust_nodelay_off_c16_keepalive_ms,1.018187
latency,2,868,http1_rust_nodelay_off_c16_keepalive_ms,1.281422
latency,2,869,http1_rust_nodelay_off_c16_keepalive_ms,0.998357
latency,2,870,http1_rust_nodelay_off_c16_keepalive_ms,1.069958
latency,2,871,http1_rust_nodelay_off_c16_keepalive_ms,1.355293
latency,2,872,http1_rust_nodelay_off_c16_keepalive_ms,1.439075
latency,2,873,http1_rust_nodelay_off_c16_keepalive_ms,1.083228
latency,2,874,http1_rust_nodelay_off_c16_keepalive_ms,1.089359
latency,2,875,http1_rust_nodelay_off_c16_keepalive_ms,1.466435
latency,2,876,http1_rust_nodelay_off_c16_keepalive_ms,1.387393
latency,2,877,http1_rust_nodelay_off_c16_keepalive_ms,1.436685
latency,2,878,http1_rust_nodelay_off_c16_keepalive_ms,1.890602
latency,2,879,http1_rust_nodelay_off_c16_keepalive_ms,1.430004
latency,2,320,http1_rust_nodelay_off_c16_keepalive_ms,1.780690
latency,2,321,http1_rust_nodelay_off_c16_keepalive_ms,1.739819
latency,2,322,http1_rust_nodelay_off_c16_keepalive_ms,1.316703
latency,2,323,http1_rust_nodelay_off_c16_keepalive_ms,1.656208
latency,2,324,http1_rust_nodelay_off_c16_keepalive_ms,1.470955
latency,2,325,http1_rust_nodelay_off_c16_keepalive_ms,1.507765
latency,2,326,http1_rust_nodelay_off_c16_keepalive_ms,1.039208
latency,2,327,http1_rust_nodelay_off_c16_keepalive_ms,1.257931
latency,2,328,http1_rust_nodelay_off_c16_keepalive_ms,1.234851
latency,2,329,http1_rust_nodelay_off_c16_keepalive_ms,1.440315
latency,2,330,http1_rust_nodelay_off_c16_keepalive_ms,1.406524
latency,2,331,http1_rust_nodelay_off_c16_keepalive_ms,1.298842
latency,2,332,http1_rust_nodelay_off_c16_keepalive_ms,1.043608
latency,2,333,http1_rust_nodelay_off_c16_keepalive_ms,1.335152
latency,2,334,http1_rust_nodelay_off_c16_keepalive_ms,1.036128
latency,2,335,http1_rust_nodelay_off_c16_keepalive_ms,1.355803
latency,2,336,http1_rust_nodelay_off_c16_keepalive_ms,0.990947
latency,2,337,http1_rust_nodelay_off_c16_keepalive_ms,1.331312
latency,2,338,http1_rust_nodelay_off_c16_keepalive_ms,1.313963
latency,2,339,http1_rust_nodelay_off_c16_keepalive_ms,1.016657
latency,2,340,http1_rust_nodelay_off_c16_keepalive_ms,1.353023
latency,2,341,http1_rust_nodelay_off_c16_keepalive_ms,1.018057
latency,2,342,http1_rust_nodelay_off_c16_keepalive_ms,1.336023
latency,2,343,http1_rust_nodelay_off_c16_keepalive_ms,1.067918
latency,2,344,http1_rust_nodelay_off_c16_keepalive_ms,1.159600
latency,2,345,http1_rust_nodelay_off_c16_keepalive_ms,1.080198
latency,2,346,http1_rust_nodelay_off_c16_keepalive_ms,1.096159
latency,2,347,http1_rust_nodelay_off_c16_keepalive_ms,1.419854
latency,2,348,http1_rust_nodelay_off_c16_keepalive_ms,1.056378
latency,2,349,http1_rust_nodelay_off_c16_keepalive_ms,1.437174
latency,2,350,http1_rust_nodelay_off_c16_keepalive_ms,1.505676
latency,2,351,http1_rust_nodelay_off_c16_keepalive_ms,1.473215
latency,2,352,http1_rust_nodelay_off_c16_keepalive_ms,1.338533
latency,2,353,http1_rust_nodelay_off_c16_keepalive_ms,1.083998
latency,2,354,http1_rust_nodelay_off_c16_keepalive_ms,1.126299
latency,2,355,http1_rust_nodelay_off_c16_keepalive_ms,1.395974
latency,2,356,http1_rust_nodelay_off_c16_keepalive_ms,1.009317
latency,2,357,http1_rust_nodelay_off_c16_keepalive_ms,1.158340
latency,2,358,http1_rust_nodelay_off_c16_keepalive_ms,1.444024
latency,2,359,http1_rust_nodelay_off_c16_keepalive_ms,1.468575
latency,2,360,http1_rust_nodelay_off_c16_keepalive_ms,1.450595
latency,2,361,http1_rust_nodelay_off_c16_keepalive_ms,1.530686
latency,2,362,http1_rust_nodelay_off_c16_keepalive_ms,1.493985
latency,2,363,http1_rust_nodelay_off_c16_keepalive_ms,1.637388
latency,2,364,http1_rust_nodelay_off_c16_keepalive_ms,1.067658
latency,2,365,http1_rust_nodelay_off_c16_keepalive_ms,1.043918
latency,2,366,http1_rust_nodelay_off_c16_keepalive_ms,1.171570
latency,2,367,http1_rust_nodelay_off_c16_keepalive_ms,1.492385
latency,2,368,http1_rust_nodelay_off_c16_keepalive_ms,1.080308
latency,2,369,http1_rust_nodelay_off_c16_keepalive_ms,1.453565
latency,2,370,http1_rust_nodelay_off_c16_keepalive_ms,1.106889
latency,2,371,http1_rust_nodelay_off_c16_keepalive_ms,1.084649
latency,2,372,http1_rust_nodelay_off_c16_keepalive_ms,1.517045
latency,2,373,http1_rust_nodelay_off_c16_keepalive_ms,1.437634
latency,2,374,http1_rust_nodelay_off_c16_keepalive_ms,1.449465
latency,2,375,http1_rust_nodelay_off_c16_keepalive_ms,1.439875
latency,2,376,http1_rust_nodelay_off_c16_keepalive_ms,1.112849
latency,2,377,http1_rust_nodelay_off_c16_keepalive_ms,1.075488
latency,2,378,http1_rust_nodelay_off_c16_keepalive_ms,1.443324
latency,2,379,http1_rust_nodelay_off_c16_keepalive_ms,1.474375
latency,2,380,http1_rust_nodelay_off_c16_keepalive_ms,1.437205
latency,2,381,http1_rust_nodelay_off_c16_keepalive_ms,1.100839
latency,2,382,http1_rust_nodelay_off_c16_keepalive_ms,10.332855
latency,2,383,http1_rust_nodelay_off_c16_keepalive_ms,1.363843
latency,2,384,http1_rust_nodelay_off_c16_keepalive_ms,1.398764
latency,2,385,http1_rust_nodelay_off_c16_keepalive_ms,0.982147
latency,2,386,http1_rust_nodelay_off_c16_keepalive_ms,1.264681
latency,2,387,http1_rust_nodelay_off_c16_keepalive_ms,1.403394
latency,2,388,http1_rust_nodelay_off_c16_keepalive_ms,1.353763
latency,2,389,http1_rust_nodelay_off_c16_keepalive_ms,1.366393
latency,2,390,http1_rust_nodelay_off_c16_keepalive_ms,1.437165
latency,2,391,http1_rust_nodelay_off_c16_keepalive_ms,1.382223
latency,2,392,http1_rust_nodelay_off_c16_keepalive_ms,1.467565
latency,2,393,http1_rust_nodelay_off_c16_keepalive_ms,1.361143
latency,2,394,http1_rust_nodelay_off_c16_keepalive_ms,1.115779
latency,2,395,http1_rust_nodelay_off_c16_keepalive_ms,1.876302
latency,2,396,http1_rust_nodelay_off_c16_keepalive_ms,1.091369
latency,2,397,http1_rust_nodelay_off_c16_keepalive_ms,1.700709
latency,2,398,http1_rust_nodelay_off_c16_keepalive_ms,1.021787
latency,2,399,http1_rust_nodelay_off_c16_keepalive_ms,1.274632
latency,2,80,http1_rust_nodelay_off_c16_keepalive_ms,1.678658
latency,2,81,http1_rust_nodelay_off_c16_keepalive_ms,1.314983
latency,2,82,http1_rust_nodelay_off_c16_keepalive_ms,1.737039
latency,2,83,http1_rust_nodelay_off_c16_keepalive_ms,1.660559
latency,2,84,http1_rust_nodelay_off_c16_keepalive_ms,1.092218
latency,2,85,http1_rust_nodelay_off_c16_keepalive_ms,1.202310
latency,2,86,http1_rust_nodelay_off_c16_keepalive_ms,1.382294
latency,2,87,http1_rust_nodelay_off_c16_keepalive_ms,1.009257
latency,2,88,http1_rust_nodelay_off_c16_keepalive_ms,1.268592
latency,2,89,http1_rust_nodelay_off_c16_keepalive_ms,1.363493
latency,2,90,http1_rust_nodelay_off_c16_keepalive_ms,1.415784
latency,2,91,http1_rust_nodelay_off_c16_keepalive_ms,1.040357
latency,2,92,http1_rust_nodelay_off_c16_keepalive_ms,1.286442
latency,2,93,http1_rust_nodelay_off_c16_keepalive_ms,1.050168
latency,2,94,http1_rust_nodelay_off_c16_keepalive_ms,1.329903
latency,2,95,http1_rust_nodelay_off_c16_keepalive_ms,1.052638
latency,2,96,http1_rust_nodelay_off_c16_keepalive_ms,1.339673
latency,2,97,http1_rust_nodelay_off_c16_keepalive_ms,1.300822
latency,2,98,http1_rust_nodelay_off_c16_keepalive_ms,1.015647
latency,2,99,http1_rust_nodelay_off_c16_keepalive_ms,1.310402
latency,2,100,http1_rust_nodelay_off_c16_keepalive_ms,1.012637
latency,2,101,http1_rust_nodelay_off_c16_keepalive_ms,1.232801
latency,2,102,http1_rust_nodelay_off_c16_keepalive_ms,1.048988
latency,2,103,http1_rust_nodelay_off_c16_keepalive_ms,1.338853
latency,2,104,http1_rust_nodelay_off_c16_keepalive_ms,1.502015
latency,2,105,http1_rust_nodelay_off_c16_keepalive_ms,1.521796
latency,2,106,http1_rust_nodelay_off_c16_keepalive_ms,1.419884
latency,2,107,http1_rust_nodelay_off_c16_keepalive_ms,1.400544
latency,2,108,http1_rust_nodelay_off_c16_keepalive_ms,1.380604
latency,2,109,http1_rust_nodelay_off_c16_keepalive_ms,1.142229
latency,2,110,http1_rust_nodelay_off_c16_keepalive_ms,0.787973
latency,2,111,http1_rust_nodelay_off_c16_keepalive_ms,1.462455
latency,2,112,http1_rust_nodelay_off_c16_keepalive_ms,1.428885
latency,2,113,http1_rust_nodelay_off_c16_keepalive_ms,1.427864
latency,2,114,http1_rust_nodelay_off_c16_keepalive_ms,10.558929
latency,2,115,http1_rust_nodelay_off_c16_keepalive_ms,1.494635
latency,2,116,http1_rust_nodelay_off_c16_keepalive_ms,1.659439
latency,2,117,http1_rust_nodelay_off_c16_keepalive_ms,1.421884
latency,2,118,http1_rust_nodelay_off_c16_keepalive_ms,1.368863
latency,2,119,http1_rust_nodelay_off_c16_keepalive_ms,1.509086
latency,2,120,http1_rust_nodelay_off_c16_keepalive_ms,1.543896
latency,2,121,http1_rust_nodelay_off_c16_keepalive_ms,1.444155
latency,2,122,http1_rust_nodelay_off_c16_keepalive_ms,1.436874
latency,2,123,http1_rust_nodelay_off_c16_keepalive_ms,1.447375
latency,2,124,http1_rust_nodelay_off_c16_keepalive_ms,1.520726
latency,2,125,http1_rust_nodelay_off_c16_keepalive_ms,1.501545
latency,2,126,http1_rust_nodelay_off_c16_keepalive_ms,1.456225
latency,2,127,http1_rust_nodelay_off_c16_keepalive_ms,1.393113
latency,2,128,http1_rust_nodelay_off_c16_keepalive_ms,1.116919
latency,2,129,http1_rust_nodelay_off_c16_keepalive_ms,1.102549
latency,2,130,http1_rust_nodelay_off_c16_keepalive_ms,1.074788
latency,2,131,http1_rust_nodelay_off_c16_keepalive_ms,1.128699
latency,2,132,http1_rust_nodelay_off_c16_keepalive_ms,1.439115
latency,2,133,http1_rust_nodelay_off_c16_keepalive_ms,1.429854
latency,2,134,http1_rust_nodelay_off_c16_keepalive_ms,1.074399
latency,2,135,http1_rust_nodelay_off_c16_keepalive_ms,1.306892
latency,2,136,http1_rust_nodelay_off_c16_keepalive_ms,1.030557
latency,2,137,http1_rust_nodelay_off_c16_keepalive_ms,1.337743
latency,2,138,http1_rust_nodelay_off_c16_keepalive_ms,1.349213
latency,2,139,http1_rust_nodelay_off_c16_keepalive_ms,1.032587
latency,2,140,http1_rust_nodelay_off_c16_keepalive_ms,1.011158
latency,2,141,http1_rust_nodelay_off_c16_keepalive_ms,1.361513
latency,2,142,http1_rust_nodelay_off_c16_keepalive_ms,1.046098
latency,2,143,http1_rust_nodelay_off_c16_keepalive_ms,1.306342
latency,2,144,http1_rust_nodelay_off_c16_keepalive_ms,1.069838
latency,2,145,http1_rust_nodelay_off_c16_keepalive_ms,1.308632
latency,2,146,http1_rust_nodelay_off_c16_keepalive_ms,0.986197
latency,2,147,http1_rust_nodelay_off_c16_keepalive_ms,1.059808
latency,2,148,http1_rust_nodelay_off_c16_keepalive_ms,1.307352
latency,2,149,http1_rust_nodelay_off_c16_keepalive_ms,1.133439
latency,2,150,http1_rust_nodelay_off_c16_keepalive_ms,1.440095
latency,2,151,http1_rust_nodelay_off_c16_keepalive_ms,1.410274
latency,2,152,http1_rust_nodelay_off_c16_keepalive_ms,1.486545
latency,2,153,http1_rust_nodelay_off_c16_keepalive_ms,1.434084
latency,2,154,http1_rust_nodelay_off_c16_keepalive_ms,1.441055
latency,2,155,http1_rust_nodelay_off_c16_keepalive_ms,1.876992
latency,2,156,http1_rust_nodelay_off_c16_keepalive_ms,1.420514
latency,2,157,http1_rust_nodelay_off_c16_keepalive_ms,1.455365
latency,2,158,http1_rust_nodelay_off_c16_keepalive_ms,1.022767
latency,2,159,http1_rust_nodelay_off_c16_keepalive_ms,1.642398
latency,2,720,http1_rust_nodelay_off_c16_keepalive_ms,1.525516
latency,2,721,http1_rust_nodelay_off_c16_keepalive_ms,1.595347
latency,2,722,http1_rust_nodelay_off_c16_keepalive_ms,1.705829
latency,2,723,http1_rust_nodelay_off_c16_keepalive_ms,1.231511
latency,2,724,http1_rust_nodelay_off_c16_keepalive_ms,1.544116
latency,2,725,http1_rust_nodelay_off_c16_keepalive_ms,1.541626
latency,2,726,http1_rust_nodelay_off_c16_keepalive_ms,1.323583
latency,2,727,http1_rust_nodelay_off_c16_keepalive_ms,1.307652
latency,2,728,http1_rust_nodelay_off_c16_keepalive_ms,1.343033
latency,2,729,http1_rust_nodelay_off_c16_keepalive_ms,1.433884
latency,2,730,http1_rust_nodelay_off_c16_keepalive_ms,1.268292
latency,2,731,http1_rust_nodelay_off_c16_keepalive_ms,0.992877
latency,2,732,http1_rust_nodelay_off_c16_keepalive_ms,1.345132
latency,2,733,http1_rust_nodelay_off_c16_keepalive_ms,1.031888
latency,2,734,http1_rust_nodelay_off_c16_keepalive_ms,1.363863
latency,2,735,http1_rust_nodelay_off_c16_keepalive_ms,1.022388
latency,2,736,http1_rust_nodelay_off_c16_keepalive_ms,1.325632
latency,2,737,http1_rust_nodelay_off_c16_keepalive_ms,1.002807
latency,2,738,http1_rust_nodelay_off_c16_keepalive_ms,1.327983
latency,2,739,http1_rust_nodelay_off_c16_keepalive_ms,1.309582
latency,2,740,http1_rust_nodelay_off_c16_keepalive_ms,1.060708
latency,2,741,http1_rust_nodelay_off_c16_keepalive_ms,1.348983
latency,2,742,http1_rust_nodelay_off_c16_keepalive_ms,1.371213
latency,2,743,http1_rust_nodelay_off_c16_keepalive_ms,1.444615
latency,2,744,http1_rust_nodelay_off_c16_keepalive_ms,1.085148
latency,2,745,http1_rust_nodelay_off_c16_keepalive_ms,1.434865
latency,2,746,http1_rust_nodelay_off_c16_keepalive_ms,1.406034
latency,2,747,http1_rust_nodelay_off_c16_keepalive_ms,1.439764
latency,2,748,http1_rust_nodelay_off_c16_keepalive_ms,1.124789
latency,2,749,http1_rust_nodelay_off_c16_keepalive_ms,1.477635
latency,2,750,http1_rust_nodelay_off_c16_keepalive_ms,1.462235
latency,2,751,http1_rust_nodelay_off_c16_keepalive_ms,1.322782
latency,2,752,http1_rust_nodelay_off_c16_keepalive_ms,1.428355
latency,2,753,http1_rust_nodelay_off_c16_keepalive_ms,1.476935
latency,2,754,http1_rust_nodelay_off_c16_keepalive_ms,1.418244
latency,2,755,http1_rust_nodelay_off_c16_keepalive_ms,1.412794
latency,2,756,http1_rust_nodelay_off_c16_keepalive_ms,1.457225
latency,2,757,http1_rust_nodelay_off_c16_keepalive_ms,1.494835
latency,2,758,http1_rust_nodelay_off_c16_keepalive_ms,1.473595
latency,2,759,http1_rust_nodelay_off_c16_keepalive_ms,1.641688
latency,2,760,http1_rust_nodelay_off_c16_keepalive_ms,1.464005
latency,2,761,http1_rust_nodelay_off_c16_keepalive_ms,1.101179
latency,2,762,http1_rust_nodelay_off_c16_keepalive_ms,1.235971
latency,2,763,http1_rust_nodelay_off_c16_keepalive_ms,1.373133
latency,2,764,http1_rust_nodelay_off_c16_keepalive_ms,1.143109
latency,2,765,http1_rust_nodelay_off_c16_keepalive_ms,1.524096
latency,2,766,http1_rust_nodelay_off_c16_keepalive_ms,1.511176
latency,2,767,http1_rust_nodelay_off_c16_keepalive_ms,1.113149
latency,2,768,http1_rust_nodelay_off_c16_keepalive_ms,1.062958
latency,2,769,http1_rust_nodelay_off_c16_keepalive_ms,1.426094
latency,2,770,http1_rust_nodelay_off_c16_keepalive_ms,1.516206
latency,2,771,http1_rust_nodelay_off_c16_keepalive_ms,1.140759
latency,2,772,http1_rust_nodelay_off_c16_keepalive_ms,1.460045
latency,2,773,http1_rust_nodelay_off_c16_keepalive_ms,1.453655
latency,2,774,http1_rust_nodelay_off_c16_keepalive_ms,1.469715
latency,2,775,http1_rust_nodelay_off_c16_keepalive_ms,1.430354
latency,2,776,http1_rust_nodelay_off_c16_keepalive_ms,1.429364
latency,2,777,http1_rust_nodelay_off_c16_keepalive_ms,1.464545
latency,2,778,http1_rust_nodelay_off_c16_keepalive_ms,1.135299
latency,2,779,http1_rust_nodelay_off_c16_keepalive_ms,1.099049
latency,2,780,http1_rust_nodelay_off_c16_keepalive_ms,1.342413
latency,2,781,http1_rust_nodelay_off_c16_keepalive_ms,1.309642
latency,2,782,http1_rust_nodelay_off_c16_keepalive_ms,1.370593
latency,2,783,http1_rust_nodelay_off_c16_keepalive_ms,1.319953
latency,2,784,http1_rust_nodelay_off_c16_keepalive_ms,1.368703
latency,2,785,http1_rust_nodelay_off_c16_keepalive_ms,1.360763
latency,2,786,http1_rust_nodelay_off_c16_keepalive_ms,1.300852
latency,2,787,http1_rust_nodelay_off_c16_keepalive_ms,9.958859
latency,2,788,http1_rust_nodelay_off_c16_keepalive_ms,1.438385
latency,2,789,http1_rust_nodelay_off_c16_keepalive_ms,1.382593
latency,2,790,http1_rust_nodelay_off_c16_keepalive_ms,1.467065
latency,2,791,http1_rust_nodelay_off_c16_keepalive_ms,1.341463
latency,2,792,http1_rust_nodelay_off_c16_keepalive_ms,1.433415
latency,2,793,http1_rust_nodelay_off_c16_keepalive_ms,1.893002
latency,2,794,http1_rust_nodelay_off_c16_keepalive_ms,1.777540
latency,2,795,http1_rust_nodelay_off_c16_keepalive_ms,1.116329
latency,2,796,http1_rust_nodelay_off_c16_keepalive_ms,1.300612
latency,2,797,http1_rust_nodelay_off_c16_keepalive_ms,1.725059
latency,2,798,http1_rust_nodelay_off_c16_keepalive_ms,1.213721
latency,2,799,http1_rust_nodelay_off_c16_keepalive_ms,0.938666
latency,2,240,http1_rust_nodelay_off_c16_keepalive_ms,1.632597
latency,2,241,http1_rust_nodelay_off_c16_keepalive_ms,1.696029
latency,2,242,http1_rust_nodelay_off_c16_keepalive_ms,1.692469
latency,2,243,http1_rust_nodelay_off_c16_keepalive_ms,1.300732
latency,2,244,http1_rust_nodelay_off_c16_keepalive_ms,1.459695
latency,2,245,http1_rust_nodelay_off_c16_keepalive_ms,1.139899
latency,2,246,http1_rust_nodelay_off_c16_keepalive_ms,1.070968
latency,2,247,http1_rust_nodelay_off_c16_keepalive_ms,1.274982
latency,2,248,http1_rust_nodelay_off_c16_keepalive_ms,1.303382
latency,2,249,http1_rust_nodelay_off_c16_keepalive_ms,1.319073
latency,2,250,http1_rust_nodelay_off_c16_keepalive_ms,1.087998
latency,2,251,http1_rust_nodelay_off_c16_keepalive_ms,1.339073
latency,2,252,http1_rust_nodelay_off_c16_keepalive_ms,1.323952
latency,2,253,http1_rust_nodelay_off_c16_keepalive_ms,1.339733
latency,2,254,http1_rust_nodelay_off_c16_keepalive_ms,1.042508
latency,2,255,http1_rust_nodelay_off_c16_keepalive_ms,10.396997
latency,2,256,http1_rust_nodelay_off_c16_keepalive_ms,1.491595
latency,2,257,http1_rust_nodelay_off_c16_keepalive_ms,1.474385
latency,2,258,http1_rust_nodelay_off_c16_keepalive_ms,1.042828
latency,2,259,http1_rust_nodelay_off_c16_keepalive_ms,1.080768
latency,2,260,http1_rust_nodelay_off_c16_keepalive_ms,1.435154
latency,2,261,http1_rust_nodelay_off_c16_keepalive_ms,1.429625
latency,2,262,http1_rust_nodelay_off_c16_keepalive_ms,1.484005
latency,2,263,http1_rust_nodelay_off_c16_keepalive_ms,1.456314
latency,2,264,http1_rust_nodelay_off_c16_keepalive_ms,1.109919
latency,2,265,http1_rust_nodelay_off_c16_keepalive_ms,1.426965
latency,2,266,http1_rust_nodelay_off_c16_keepalive_ms,1.474155
latency,2,267,http1_rust_nodelay_off_c16_keepalive_ms,1.421674
latency,2,268,http1_rust_nodelay_off_c16_keepalive_ms,1.416724
latency,2,269,http1_rust_nodelay_off_c16_keepalive_ms,1.411854
latency,2,270,http1_rust_nodelay_off_c16_keepalive_ms,1.148819
latency,2,271,http1_rust_nodelay_off_c16_keepalive_ms,3.888626
latency,2,272,http1_rust_nodelay_off_c16_keepalive_ms,1.483976
latency,2,273,http1_rust_nodelay_off_c16_keepalive_ms,1.537616
latency,2,274,http1_rust_nodelay_off_c16_keepalive_ms,1.414774
latency,2,275,http1_rust_nodelay_off_c16_keepalive_ms,1.499455
latency,2,276,http1_rust_nodelay_off_c16_keepalive_ms,1.506406
latency,2,277,http1_rust_nodelay_off_c16_keepalive_ms,1.545356
latency,2,278,http1_rust_nodelay_off_c16_keepalive_ms,1.446385
latency,2,279,http1_rust_nodelay_off_c16_keepalive_ms,1.043357
latency,2,280,http1_rust_nodelay_off_c16_keepalive_ms,1.457675
latency,2,281,http1_rust_nodelay_off_c16_keepalive_ms,1.484356
latency,2,282,http1_rust_nodelay_off_c16_keepalive_ms,1.542015
latency,2,283,http1_rust_nodelay_off_c16_keepalive_ms,1.416805
latency,2,284,http1_rust_nodelay_off_c16_keepalive_ms,1.452854
latency,2,285,http1_rust_nodelay_off_c16_keepalive_ms,1.091419
latency,2,286,http1_rust_nodelay_off_c16_keepalive_ms,1.370933
latency,2,287,http1_rust_nodelay_off_c16_keepalive_ms,0.747853
latency,2,288,http1_rust_nodelay_off_c16_keepalive_ms,1.453924
latency,2,289,http1_rust_nodelay_off_c16_keepalive_ms,1.070109
latency,2,290,http1_rust_nodelay_off_c16_keepalive_ms,1.494005
latency,2,291,http1_rust_nodelay_off_c16_keepalive_ms,1.374084
latency,2,292,http1_rust_nodelay_off_c16_keepalive_ms,0.999487
latency,2,293,http1_rust_nodelay_off_c16_keepalive_ms,1.334302
latency,2,294,http1_rust_nodelay_off_c16_keepalive_ms,1.050018
latency,2,295,http1_rust_nodelay_off_c16_keepalive_ms,1.337203
latency,2,296,http1_rust_nodelay_off_c16_keepalive_ms,1.031067
latency,2,297,http1_rust_nodelay_off_c16_keepalive_ms,1.311173
latency,2,298,http1_rust_nodelay_off_c16_keepalive_ms,1.027267
latency,2,299,http1_rust_nodelay_off_c16_keepalive_ms,1.388954
latency,2,300,http1_rust_nodelay_off_c16_keepalive_ms,0.981846
latency,2,301,http1_rust_nodelay_off_c16_keepalive_ms,1.302712
latency,2,302,http1_rust_nodelay_off_c16_keepalive_ms,1.302912
latency,2,303,http1_rust_nodelay_off_c16_keepalive_ms,1.005788
latency,2,304,http1_rust_nodelay_off_c16_keepalive_ms,1.402994
latency,2,305,http1_rust_nodelay_off_c16_keepalive_ms,1.010787
latency,2,306,http1_rust_nodelay_off_c16_keepalive_ms,1.489455
latency,2,307,http1_rust_nodelay_off_c16_keepalive_ms,1.085768
latency,2,308,http1_rust_nodelay_off_c16_keepalive_ms,1.070658
latency,2,309,http1_rust_nodelay_off_c16_keepalive_ms,1.413105
latency,2,310,http1_rust_nodelay_off_c16_keepalive_ms,1.457444
latency,2,311,http1_rust_nodelay_off_c16_keepalive_ms,1.428575
latency,2,312,http1_rust_nodelay_off_c16_keepalive_ms,1.839741
latency,2,313,http1_rust_nodelay_off_c16_keepalive_ms,1.466895
latency,2,314,http1_rust_nodelay_off_c16_keepalive_ms,1.759520
latency,2,315,http1_rust_nodelay_off_c16_keepalive_ms,1.288122
latency,2,316,http1_rust_nodelay_off_c16_keepalive_ms,1.679588
latency,2,317,http1_rust_nodelay_off_c16_keepalive_ms,1.026038
latency,2,318,http1_rust_nodelay_off_c16_keepalive_ms,1.189480
latency,2,319,http1_rust_nodelay_off_c16_keepalive_ms,1.218920
latency,2,400,http1_rust_nodelay_off_c16_keepalive_ms,1.693719
latency,2,401,http1_rust_nodelay_off_c16_keepalive_ms,1.314362
latency,2,402,http1_rust_nodelay_off_c16_keepalive_ms,1.737200
latency,2,403,http1_rust_nodelay_off_c16_keepalive_ms,1.663588
latency,2,404,http1_rust_nodelay_off_c16_keepalive_ms,1.482755
latency,2,405,http1_rust_nodelay_off_c16_keepalive_ms,10.536119
latency,2,406,http1_rust_nodelay_off_c16_keepalive_ms,0.997147
latency,2,407,http1_rust_nodelay_off_c16_keepalive_ms,1.368523
latency,2,408,http1_rust_nodelay_off_c16_keepalive_ms,1.034408
latency,2,409,http1_rust_nodelay_off_c16_keepalive_ms,1.321333
latency,2,410,http1_rust_nodelay_off_c16_keepalive_ms,1.005446
latency,2,411,http1_rust_nodelay_off_c16_keepalive_ms,1.315113
latency,2,412,http1_rust_nodelay_off_c16_keepalive_ms,1.319662
latency,2,413,http1_rust_nodelay_off_c16_keepalive_ms,1.061138
latency,2,414,http1_rust_nodelay_off_c16_keepalive_ms,1.355103
latency,2,415,http1_rust_nodelay_off_c16_keepalive_ms,1.228961
latency,2,416,http1_rust_nodelay_off_c16_keepalive_ms,1.493235
latency,2,417,http1_rust_nodelay_off_c16_keepalive_ms,1.509176
latency,2,418,http1_rust_nodelay_off_c16_keepalive_ms,1.422404
latency,2,419,http1_rust_nodelay_off_c16_keepalive_ms,1.401634
latency,2,420,http1_rust_nodelay_off_c16_keepalive_ms,1.382694
latency,2,421,http1_rust_nodelay_off_c16_keepalive_ms,1.139539
latency,2,422,http1_rust_nodelay_off_c16_keepalive_ms,1.171170
latency,2,423,http1_rust_nodelay_off_c16_keepalive_ms,1.100018
latency,2,424,http1_rust_nodelay_off_c16_keepalive_ms,1.429675
latency,2,425,http1_rust_nodelay_off_c16_keepalive_ms,1.428654
latency,2,426,http1_rust_nodelay_off_c16_keepalive_ms,1.474765
latency,2,427,http1_rust_nodelay_off_c16_keepalive_ms,1.419314
latency,2,428,http1_rust_nodelay_off_c16_keepalive_ms,1.411474
latency,2,429,http1_rust_nodelay_off_c16_keepalive_ms,1.143740
latency,2,430,http1_rust_nodelay_off_c16_keepalive_ms,1.466795
latency,2,431,http1_rust_nodelay_off_c16_keepalive_ms,1.464505
latency,2,432,http1_rust_nodelay_off_c16_keepalive_ms,1.430944
latency,2,433,http1_rust_nodelay_off_c16_keepalive_ms,1.670928
latency,2,434,http1_rust_nodelay_off_c16_keepalive_ms,1.162750
latency,2,435,http1_rust_nodelay_off_c16_keepalive_ms,1.232861
latency,2,436,http1_rust_nodelay_off_c16_keepalive_ms,1.075898
latency,2,437,http1_rust_nodelay_off_c16_keepalive_ms,1.430015
latency,2,438,http1_rust_nodelay_off_c16_keepalive_ms,1.152729
latency,2,439,http1_rust_nodelay_off_c16_keepalive_ms,1.116759
latency,2,440,http1_rust_nodelay_off_c16_keepalive_ms,1.131139
latency,2,441,http1_rust_nodelay_off_c16_keepalive_ms,1.113429
latency,2,442,http1_rust_nodelay_off_c16_keepalive_ms,1.059708
latency,2,443,http1_rust_nodelay_off_c16_keepalive_ms,1.430485
latency,2,444,http1_rust_nodelay_off_c16_keepalive_ms,1.123429
latency,2,445,http1_rust_nodelay_off_c16_keepalive_ms,1.139419
latency,2,446,http1_rust_nodelay_off_c16_keepalive_ms,1.467735
latency,2,447,http1_rust_nodelay_off_c16_keepalive_ms,1.045878
latency,2,448,http1_rust_nodelay_off_c16_keepalive_ms,1.449584
latency,2,449,http1_rust_nodelay_off_c16_keepalive_ms,1.454745
latency,2,450,http1_rust_nodelay_off_c16_keepalive_ms,1.433724
latency,2,451,http1_rust_nodelay_off_c16_keepalive_ms,1.454005
latency,2,452,http1_rust_nodelay_off_c16_keepalive_ms,1.441644
latency,2,453,http1_rust_nodelay_off_c16_keepalive_ms,1.123210
latency,2,454,http1_rust_nodelay_off_c16_keepalive_ms,1.047327
latency,2,455,http1_rust_nodelay_off_c16_keepalive_ms,1.305923
latency,2,456,http1_rust_nodelay_off_c16_keepalive_ms,1.378593
latency,2,457,http1_rust_nodelay_off_c16_keepalive_ms,1.354703
latency,2,458,http1_rust_nodelay_off_c16_keepalive_ms,1.356343
latency,2,459,http1_rust_nodelay_off_c16_keepalive_ms,1.318622
latency,2,460,http1_rust_nodelay_off_c16_keepalive_ms,1.008408
latency,2,461,http1_rust_nodelay_off_c16_keepalive_ms,1.355653
latency,2,462,http1_rust_nodelay_off_c16_keepalive_ms,1.034617
latency,2,463,http1_rust_nodelay_off_c16_keepalive_ms,1.306242
latency,2,464,http1_rust_nodelay_off_c16_keepalive_ms,1.047438
latency,2,465,http1_rust_nodelay_off_c16_keepalive_ms,1.309962
latency,2,466,http1_rust_nodelay_off_c16_keepalive_ms,0.986647
latency,2,467,http1_rust_nodelay_off_c16_keepalive_ms,1.392924
latency,2,468,http1_rust_nodelay_off_c16_keepalive_ms,1.363523
latency,2,469,http1_rust_nodelay_off_c16_keepalive_ms,9.509051
latency,2,470,http1_rust_nodelay_off_c16_keepalive_ms,1.116299
latency,2,471,http1_rust_nodelay_off_c16_keepalive_ms,1.378914
latency,2,472,http1_rust_nodelay_off_c16_keepalive_ms,1.390804
latency,2,473,http1_rust_nodelay_off_c16_keepalive_ms,1.322102
latency,2,474,http1_rust_nodelay_off_c16_keepalive_ms,1.393264
latency,2,475,http1_rust_nodelay_off_c16_keepalive_ms,0.948376
latency,2,476,http1_rust_nodelay_off_c16_keepalive_ms,1.206110
latency,2,477,http1_rust_nodelay_off_c16_keepalive_ms,1.180410
latency,2,478,http1_rust_nodelay_off_c16_keepalive_ms,0.693312
latency,2,479,http1_rust_nodelay_off_c16_keepalive_ms,0.935466
latency,2,480,http1_rust_nodelay_off_c16_keepalive_ms,1.050567
latency,2,481,http1_rust_nodelay_off_c16_keepalive_ms,1.809851
latency,2,482,http1_rust_nodelay_off_c16_keepalive_ms,1.831641
latency,2,483,http1_rust_nodelay_off_c16_keepalive_ms,1.186520
latency,2,484,http1_rust_nodelay_off_c16_keepalive_ms,1.517826
latency,2,485,http1_rust_nodelay_off_c16_keepalive_ms,1.178670
latency,2,486,http1_rust_nodelay_off_c16_keepalive_ms,1.075988
latency,2,487,http1_rust_nodelay_off_c16_keepalive_ms,1.325193
latency,2,488,http1_rust_nodelay_off_c16_keepalive_ms,0.965686
latency,2,489,http1_rust_nodelay_off_c16_keepalive_ms,1.352933
latency,2,490,http1_rust_nodelay_off_c16_keepalive_ms,1.042728
latency,2,491,http1_rust_nodelay_off_c16_keepalive_ms,1.374803
latency,2,492,http1_rust_nodelay_off_c16_keepalive_ms,0.993697
latency,2,493,http1_rust_nodelay_off_c16_keepalive_ms,1.315873
latency,2,494,http1_rust_nodelay_off_c16_keepalive_ms,1.358043
latency,2,495,http1_rust_nodelay_off_c16_keepalive_ms,1.040707
latency,2,496,http1_rust_nodelay_off_c16_keepalive_ms,1.388704
latency,2,497,http1_rust_nodelay_off_c16_keepalive_ms,1.009217
latency,2,498,http1_rust_nodelay_off_c16_keepalive_ms,1.287062
latency,2,499,http1_rust_nodelay_off_c16_keepalive_ms,1.020877
latency,2,500,http1_rust_nodelay_off_c16_keepalive_ms,1.312513
latency,2,501,http1_rust_nodelay_off_c16_keepalive_ms,1.403814
latency,2,502,http1_rust_nodelay_off_c16_keepalive_ms,0.999387
latency,2,503,http1_rust_nodelay_off_c16_keepalive_ms,1.369503
latency,2,504,http1_rust_nodelay_off_c16_keepalive_ms,1.443644
latency,2,505,http1_rust_nodelay_off_c16_keepalive_ms,1.520386
latency,2,506,http1_rust_nodelay_off_c16_keepalive_ms,1.427454
latency,2,507,http1_rust_nodelay_off_c16_keepalive_ms,1.427015
latency,2,508,http1_rust_nodelay_off_c16_keepalive_ms,1.435384
latency,2,509,http1_rust_nodelay_off_c16_keepalive_ms,1.085528
latency,2,510,http1_rust_nodelay_off_c16_keepalive_ms,1.136780
latency,2,511,http1_rust_nodelay_off_c16_keepalive_ms,1.462735
latency,2,512,http1_rust_nodelay_off_c16_keepalive_ms,1.428414
latency,2,513,http1_rust_nodelay_off_c16_keepalive_ms,1.427784
latency,2,514,http1_rust_nodelay_off_c16_keepalive_ms,1.116669
latency,2,515,http1_rust_nodelay_off_c16_keepalive_ms,1.435165
latency,2,516,http1_rust_nodelay_off_c16_keepalive_ms,1.413553
latency,2,517,http1_rust_nodelay_off_c16_keepalive_ms,1.092199
latency,2,518,http1_rust_nodelay_off_c16_keepalive_ms,1.472135
latency,2,519,http1_rust_nodelay_off_c16_keepalive_ms,1.471855
latency,2,520,http1_rust_nodelay_off_c16_keepalive_ms,1.434065
latency,2,521,http1_rust_nodelay_off_c16_keepalive_ms,1.706268
latency,2,522,http1_rust_nodelay_off_c16_keepalive_ms,1.129650
latency,2,523,http1_rust_nodelay_off_c16_keepalive_ms,0.920135
latency,2,524,http1_rust_nodelay_off_c16_keepalive_ms,1.439515
latency,2,525,http1_rust_nodelay_off_c16_keepalive_ms,1.423434
latency,2,526,http1_rust_nodelay_off_c16_keepalive_ms,3.029781
latency,2,527,http1_rust_nodelay_off_c16_keepalive_ms,1.455565
latency,2,528,http1_rust_nodelay_off_c16_keepalive_ms,1.436255
latency,2,529,http1_rust_nodelay_off_c16_keepalive_ms,1.056878
latency,2,530,http1_rust_nodelay_off_c16_keepalive_ms,1.158349
latency,2,531,http1_rust_nodelay_off_c16_keepalive_ms,1.478975
latency,2,532,http1_rust_nodelay_off_c16_keepalive_ms,1.135239
latency,2,533,http1_rust_nodelay_off_c16_keepalive_ms,1.089849
latency,2,534,http1_rust_nodelay_off_c16_keepalive_ms,1.450165
latency,2,535,http1_rust_nodelay_off_c16_keepalive_ms,1.443794
latency,2,536,http1_rust_nodelay_off_c16_keepalive_ms,1.418254
latency,2,537,http1_rust_nodelay_off_c16_keepalive_ms,1.107959
latency,2,538,http1_rust_nodelay_off_c16_keepalive_ms,1.463305
latency,2,539,http1_rust_nodelay_off_c16_keepalive_ms,1.480985
latency,2,540,http1_rust_nodelay_off_c16_keepalive_ms,1.402714
latency,2,541,http1_rust_nodelay_off_c16_keepalive_ms,0.989597
latency,2,542,http1_rust_nodelay_off_c16_keepalive_ms,1.331373
latency,2,543,http1_rust_nodelay_off_c16_keepalive_ms,1.359562
latency,2,544,http1_rust_nodelay_off_c16_keepalive_ms,1.042538
latency,2,545,http1_rust_nodelay_off_c16_keepalive_ms,1.329193
latency,2,546,http1_rust_nodelay_off_c16_keepalive_ms,0.977826
latency,2,547,http1_rust_nodelay_off_c16_keepalive_ms,1.326493
latency,2,548,http1_rust_nodelay_off_c16_keepalive_ms,1.385454
latency,2,549,http1_rust_nodelay_off_c16_keepalive_ms,1.353942
latency,2,550,http1_rust_nodelay_off_c16_keepalive_ms,10.376387
latency,2,551,http1_rust_nodelay_off_c16_keepalive_ms,1.131499
latency,2,552,http1_rust_nodelay_off_c16_keepalive_ms,1.048148
latency,2,553,http1_rust_nodelay_off_c16_keepalive_ms,1.420974
latency,2,554,http1_rust_nodelay_off_c16_keepalive_ms,1.427104
latency,2,555,http1_rust_nodelay_off_c16_keepalive_ms,1.137929
latency,2,556,http1_rust_nodelay_off_c16_keepalive_ms,1.108309
latency,2,557,http1_rust_nodelay_off_c16_keepalive_ms,9.155286
latency,2,558,http1_rust_nodelay_off_c16_keepalive_ms,0.944826
latency,2,559,http1_rust_nodelay_off_c16_keepalive_ms,0.630931
latency,2,0,http1_rust_nodelay_off_c16_keepalive_ms,1.765919
latency,2,1,http1_rust_nodelay_off_c16_keepalive_ms,1.739250
latency,2,2,http1_rust_nodelay_off_c16_keepalive_ms,1.317272
latency,2,3,http1_rust_nodelay_off_c16_keepalive_ms,1.656009
latency,2,4,http1_rust_nodelay_off_c16_keepalive_ms,1.470075
latency,2,5,http1_rust_nodelay_off_c16_keepalive_ms,1.508555
latency,2,6,http1_rust_nodelay_off_c16_keepalive_ms,1.295072
latency,2,7,http1_rust_nodelay_off_c16_keepalive_ms,1.002227
latency,2,8,http1_rust_nodelay_off_c16_keepalive_ms,1.342543
latency,2,9,http1_rust_nodelay_off_c16_keepalive_ms,1.047148
latency,2,10,http1_rust_nodelay_off_c16_keepalive_ms,1.374713
latency,2,11,http1_rust_nodelay_off_c16_keepalive_ms,1.308442
latency,2,12,http1_rust_nodelay_off_c16_keepalive_ms,1.024268
latency,2,13,http1_rust_nodelay_off_c16_keepalive_ms,1.355453
latency,2,14,http1_rust_nodelay_off_c16_keepalive_ms,1.385513
latency,2,15,http1_rust_nodelay_off_c16_keepalive_ms,1.355933
latency,2,16,http1_rust_nodelay_off_c16_keepalive_ms,1.344853
latency,2,17,http1_rust_nodelay_off_c16_keepalive_ms,1.288882
latency,2,18,http1_rust_nodelay_off_c16_keepalive_ms,1.333753
latency,2,19,http1_rust_nodelay_off_c16_keepalive_ms,1.262421
latency,2,20,http1_rust_nodelay_off_c16_keepalive_ms,1.355763
latency,2,21,http1_rust_nodelay_off_c16_keepalive_ms,1.006537
latency,2,22,http1_rust_nodelay_off_c16_keepalive_ms,1.442415
latency,2,23,http1_rust_nodelay_off_c16_keepalive_ms,1.125009
latency,2,24,http1_rust_nodelay_off_c16_keepalive_ms,1.133139
latency,2,25,http1_rust_nodelay_off_c16_keepalive_ms,1.390494
latency,2,26,http1_rust_nodelay_off_c16_keepalive_ms,1.455995
latency,2,27,http1_rust_nodelay_off_c16_keepalive_ms,1.057568
latency,2,28,http1_rust_nodelay_off_c16_keepalive_ms,1.437054
latency,2,29,http1_rust_nodelay_off_c16_keepalive_ms,1.505845
latency,2,30,http1_rust_nodelay_off_c16_keepalive_ms,1.473095
latency,2,31,http1_rust_nodelay_off_c16_keepalive_ms,1.418715
latency,2,32,http1_rust_nodelay_off_c16_keepalive_ms,1.096388
latency,2,33,http1_rust_nodelay_off_c16_keepalive_ms,1.112559
latency,2,34,http1_rust_nodelay_off_c16_keepalive_ms,1.029888
latency,2,35,http1_rust_nodelay_off_c16_keepalive_ms,1.094418
latency,2,36,http1_rust_nodelay_off_c16_keepalive_ms,1.447545
latency,2,37,http1_rust_nodelay_off_c16_keepalive_ms,1.435814
latency,2,38,http1_rust_nodelay_off_c16_keepalive_ms,1.467915
latency,2,39,http1_rust_nodelay_off_c16_keepalive_ms,1.451525
latency,2,40,http1_rust_nodelay_off_c16_keepalive_ms,1.240481
latency,2,41,http1_rust_nodelay_off_c16_keepalive_ms,1.519666
latency,2,42,http1_rust_nodelay_off_c16_keepalive_ms,1.312602
latency,2,43,http1_rust_nodelay_off_c16_keepalive_ms,1.439575
latency,2,44,http1_rust_nodelay_off_c16_keepalive_ms,1.476535
latency,2,45,http1_rust_nodelay_off_c16_keepalive_ms,1.534166
latency,2,46,http1_rust_nodelay_off_c16_keepalive_ms,1.521935
latency,2,47,http1_rust_nodelay_off_c16_keepalive_ms,1.451705
latency,2,48,http1_rust_nodelay_off_c16_keepalive_ms,1.476105
latency,2,49,http1_rust_nodelay_off_c16_keepalive_ms,1.457355
latency,2,50,http1_rust_nodelay_off_c16_keepalive_ms,1.534246
latency,2,51,http1_rust_nodelay_off_c16_keepalive_ms,1.165930
latency,2,52,http1_rust_nodelay_off_c16_keepalive_ms,1.400624
latency,2,53,http1_rust_nodelay_off_c16_keepalive_ms,10.117982
latency,2,54,http1_rust_nodelay_off_c16_keepalive_ms,1.298682
latency,2,55,http1_rust_nodelay_off_c16_keepalive_ms,1.025217
latency,2,56,http1_rust_nodelay_off_c16_keepalive_ms,9.653654
latency,2,57,http1_rust_nodelay_off_c16_keepalive_ms,1.304342
latency,2,58,http1_rust_nodelay_off_c16_keepalive_ms,0.963637
latency,2,59,http1_rust_nodelay_off_c16_keepalive_ms,9.027133
latency,2,60,http1_rust_nodelay_off_c16_keepalive_ms,1.416194
latency,2,61,http1_rust_nodelay_off_c16_keepalive_ms,1.840111
latency,2,62,http1_rust_nodelay_off_c16_keepalive_ms,1.466645
latency,2,63,http1_rust_nodelay_off_c16_keepalive_ms,1.868982
latency,2,64,http1_rust_nodelay_off_c16_keepalive_ms,1.022217
latency,2,65,http1_rust_nodelay_off_c16_keepalive_ms,1.660639
latency,2,66,http1_rust_nodelay_off_c16_keepalive_ms,1.335442
latency,2,67,http1_rust_nodelay_off_c16_keepalive_ms,0.945496
latency,2,68,http1_rust_nodelay_off_c16_keepalive_ms,1.219691
latency,2,69,http1_rust_nodelay_off_c16_keepalive_ms,1.009277
latency,2,70,http1_rust_nodelay_off_c16_keepalive_ms,0.718462
latency,2,71,http1_rust_nodelay_off_c16_keepalive_ms,0.944846
latency,2,72,http1_rust_nodelay_off_c16_keepalive_ms,0.637171
latency,2,73,http1_rust_nodelay_off_c16_keepalive_ms,0.764603
latency,2,74,http1_rust_nodelay_off_c16_keepalive_ms,2.051405
latency,2,75,http1_rust_nodelay_off_c16_keepalive_ms,0.577890
latency,2,76,http1_rust_nodelay_off_c16_keepalive_ms,0.587600
latency,2,77,http1_rust_nodelay_off_c16_keepalive_ms,0.549509
latency,2,78,http1_rust_nodelay_off_c16_keepalive_ms,0.713952
latency,2,79,http1_rust_nodelay_off_c16_keepalive_ms,0.713582
latency,2,640,http1_rust_nodelay_off_c16_keepalive_ms,1.648338
latency,2,641,http1_rust_nodelay_off_c16_keepalive_ms,1.723209
latency,2,642,http1_rust_nodelay_off_c16_keepalive_ms,1.329363
latency,2,643,http1_rust_nodelay_off_c16_keepalive_ms,1.659468
latency,2,644,http1_rust_nodelay_off_c16_keepalive_ms,1.087938
latency,2,645,http1_rust_nodelay_off_c16_keepalive_ms,1.514656
latency,2,646,http1_rust_nodelay_off_c16_keepalive_ms,1.068748
latency,2,647,http1_rust_nodelay_off_c16_keepalive_ms,1.274732
latency,2,648,http1_rust_nodelay_off_c16_keepalive_ms,1.009077
latency,2,649,http1_rust_nodelay_off_c16_keepalive_ms,1.338513
latency,2,650,http1_rust_nodelay_off_c16_keepalive_ms,1.069148
latency,2,651,http1_rust_nodelay_off_c16_keepalive_ms,1.356153
latency,2,652,http1_rust_nodelay_off_c16_keepalive_ms,0.981556
latency,2,653,http1_rust_nodelay_off_c16_keepalive_ms,1.363424
latency,2,654,http1_rust_nodelay_off_c16_keepalive_ms,0.992077
latency,2,655,http1_rust_nodelay_off_c16_keepalive_ms,1.372133
latency,2,656,http1_rust_nodelay_off_c16_keepalive_ms,1.302192
latency,2,657,http1_rust_nodelay_off_c16_keepalive_ms,0.996017
latency,2,658,http1_rust_nodelay_off_c16_keepalive_ms,10.393886
latency,2,659,http1_rust_nodelay_off_c16_keepalive_ms,1.420425
latency,2,660,http1_rust_nodelay_off_c16_keepalive_ms,1.401674
latency,2,661,http1_rust_nodelay_off_c16_keepalive_ms,1.382353
latency,2,662,http1_rust_nodelay_off_c16_keepalive_ms,1.140369
latency,2,663,http1_rust_nodelay_off_c16_keepalive_ms,1.413454
latency,2,664,http1_rust_nodelay_off_c16_keepalive_ms,1.090459
latency,2,665,http1_rust_nodelay_off_c16_keepalive_ms,1.109629
latency,2,666,http1_rust_nodelay_off_c16_keepalive_ms,1.427574
latency,2,667,http1_rust_nodelay_off_c16_keepalive_ms,1.474735
latency,2,668,http1_rust_nodelay_off_c16_keepalive_ms,1.420474
latency,2,669,http1_rust_nodelay_off_c16_keepalive_ms,1.416464
latency,2,670,http1_rust_nodelay_off_c16_keepalive_ms,1.412284
latency,2,671,http1_rust_nodelay_off_c16_keepalive_ms,1.148720
latency,2,672,http1_rust_nodelay_off_c16_keepalive_ms,1.123179
latency,2,673,http1_rust_nodelay_off_c16_keepalive_ms,1.443395
latency,2,674,http1_rust_nodelay_off_c16_keepalive_ms,1.610327
latency,2,675,http1_rust_nodelay_off_c16_keepalive_ms,1.502305
latency,2,676,http1_rust_nodelay_off_c16_keepalive_ms,1.557337
latency,2,677,http1_rust_nodelay_off_c16_keepalive_ms,1.419114
latency,2,678,http1_rust_nodelay_off_c16_keepalive_ms,1.544076
latency,2,679,http1_rust_nodelay_off_c16_keepalive_ms,1.505975
latency,2,680,http1_rust_nodelay_off_c16_keepalive_ms,1.382344
latency,2,681,http1_rust_nodelay_off_c16_keepalive_ms,1.435544
latency,2,682,http1_rust_nodelay_off_c16_keepalive_ms,1.455805
latency,2,683,http1_rust_nodelay_off_c16_keepalive_ms,1.488416
latency,2,684,http1_rust_nodelay_off_c16_keepalive_ms,1.479035
latency,2,685,http1_rust_nodelay_off_c16_keepalive_ms,1.500955
latency,2,686,http1_rust_nodelay_off_c16_keepalive_ms,1.434974
latency,2,687,http1_rust_nodelay_off_c16_keepalive_ms,1.439995
latency,2,688,http1_rust_nodelay_off_c16_keepalive_ms,1.448205
latency,2,689,http1_rust_nodelay_off_c16_keepalive_ms,1.076278
latency,2,690,http1_rust_nodelay_off_c16_keepalive_ms,1.092408
latency,2,691,http1_rust_nodelay_off_c16_keepalive_ms,10.091862
latency,2,692,http1_rust_nodelay_off_c16_keepalive_ms,1.310092
latency,2,693,http1_rust_nodelay_off_c16_keepalive_ms,1.337263
latency,2,694,http1_rust_nodelay_off_c16_keepalive_ms,9.774696
latency,2,695,http1_rust_nodelay_off_c16_keepalive_ms,1.438524
latency,2,696,http1_rust_nodelay_off_c16_keepalive_ms,1.382054
latency,2,697,http1_rust_nodelay_off_c16_keepalive_ms,1.466965
latency,2,698,http1_rust_nodelay_off_c16_keepalive_ms,1.126949
latency,2,699,http1_rust_nodelay_off_c16_keepalive_ms,1.393724
latency,2,700,http1_rust_nodelay_off_c16_keepalive_ms,1.876511
latency,2,701,http1_rust_nodelay_off_c16_keepalive_ms,1.091289
latency,2,702,http1_rust_nodelay_off_c16_keepalive_ms,1.498615
latency,2,703,http1_rust_nodelay_off_c16_keepalive_ms,1.286032
latency,2,704,http1_rust_nodelay_off_c16_keepalive_ms,1.652439
latency,2,705,http1_rust_nodelay_off_c16_keepalive_ms,1.020727
latency,2,706,http1_rust_nodelay_off_c16_keepalive_ms,0.913155
latency,2,707,http1_rust_nodelay_off_c16_keepalive_ms,1.248841
latency,2,708,http1_rust_nodelay_off_c16_keepalive_ms,0.986557
latency,2,709,http1_rust_nodelay_off_c16_keepalive_ms,0.910286
latency,2,710,http1_rust_nodelay_off_c16_keepalive_ms,0.478368
latency,2,711,http1_rust_nodelay_off_c16_keepalive_ms,0.880605
latency,2,712,http1_rust_nodelay_off_c16_keepalive_ms,0.647911
latency,2,713,http1_rust_nodelay_off_c16_keepalive_ms,0.540519
latency,2,714,http1_rust_nodelay_off_c16_keepalive_ms,2.256278
latency,2,715,http1_rust_nodelay_off_c16_keepalive_ms,0.581010
latency,2,716,http1_rust_nodelay_off_c16_keepalive_ms,0.744533
latency,2,717,http1_rust_nodelay_off_c16_keepalive_ms,0.557959
latency,2,718,http1_rust_nodelay_off_c16_keepalive_ms,0.559050
latency,2,719,http1_rust_nodelay_off_c16_keepalive_ms,0.610470
latency,2,1200,http1_rust_nodelay_off_c16_keepalive_ms,1.513625
latency,2,1201,http1_rust_nodelay_off_c16_keepalive_ms,1.765631
latency,2,1202,http1_rust_nodelay_off_c16_keepalive_ms,1.696668
latency,2,1203,http1_rust_nodelay_off_c16_keepalive_ms,1.647679
latency,2,1204,http1_rust_nodelay_off_c16_keepalive_ms,1.130409
latency,2,1205,http1_rust_nodelay_off_c16_keepalive_ms,1.375843
latency,2,1206,http1_rust_nodelay_off_c16_keepalive_ms,1.325392
latency,2,1207,http1_rust_nodelay_off_c16_keepalive_ms,1.307393
latency,2,1208,http1_rust_nodelay_off_c16_keepalive_ms,3.690922
latency,2,1209,http1_rust_nodelay_off_c16_keepalive_ms,1.015937
latency,2,1210,http1_rust_nodelay_off_c16_keepalive_ms,1.312203
latency,2,1211,http1_rust_nodelay_off_c16_keepalive_ms,10.357486
latency,2,1212,http1_rust_nodelay_off_c16_keepalive_ms,1.325643
latency,2,1213,http1_rust_nodelay_off_c16_keepalive_ms,1.062578
latency,2,1214,http1_rust_nodelay_off_c16_keepalive_ms,1.491565
latency,2,1215,http1_rust_nodelay_off_c16_keepalive_ms,10.491428
latency,2,1216,http1_rust_nodelay_off_c16_keepalive_ms,1.427464
latency,2,1217,http1_rust_nodelay_off_c16_keepalive_ms,1.475786
latency,2,1218,http1_rust_nodelay_off_c16_keepalive_ms,1.419213
latency,2,1219,http1_rust_nodelay_off_c16_keepalive_ms,1.314333
latency,2,1220,http1_rust_nodelay_off_c16_keepalive_ms,1.433114
latency,2,1221,http1_rust_nodelay_off_c16_keepalive_ms,1.146740
latency,2,1222,http1_rust_nodelay_off_c16_keepalive_ms,1.441304
latency,2,1223,http1_rust_nodelay_off_c16_keepalive_ms,1.084349
latency,2,1224,http1_rust_nodelay_off_c16_keepalive_ms,6.861096
latency,2,1225,http1_rust_nodelay_off_c16_keepalive_ms,1.537136
latency,2,1226,http1_rust_nodelay_off_c16_keepalive_ms,1.520366
latency,2,1227,http1_rust_nodelay_off_c16_keepalive_ms,1.453155
latency,2,1228,http1_rust_nodelay_off_c16_keepalive_ms,1.436984
latency,2,1229,http1_rust_nodelay_off_c16_keepalive_ms,1.469755
latency,2,1230,http1_rust_nodelay_off_c16_keepalive_ms,1.488816
latency,2,1231,http1_rust_nodelay_off_c16_keepalive_ms,1.539815
latency,2,1232,http1_rust_nodelay_off_c16_keepalive_ms,1.419555
latency,2,1233,http1_rust_nodelay_off_c16_keepalive_ms,1.451334
latency,2,1234,http1_rust_nodelay_off_c16_keepalive_ms,1.444445
latency,2,1235,http1_rust_nodelay_off_c16_keepalive_ms,1.330243
latency,2,1236,http1_rust_nodelay_off_c16_keepalive_ms,1.433574
latency,2,1237,http1_rust_nodelay_off_c16_keepalive_ms,1.493745
latency,2,1238,http1_rust_nodelay_off_c16_keepalive_ms,1.496876
latency,2,1239,http1_rust_nodelay_off_c16_keepalive_ms,1.372283
latency,2,1240,http1_rust_nodelay_off_c16_keepalive_ms,0.988697
latency,2,1241,http1_rust_nodelay_off_c16_keepalive_ms,1.333663
latency,2,1242,http1_rust_nodelay_off_c16_keepalive_ms,1.354722
latency,2,1243,http1_rust_nodelay_off_c16_keepalive_ms,1.034578
latency,2,1244,http1_rust_nodelay_off_c16_keepalive_ms,1.349513
latency,2,1245,http1_rust_nodelay_off_c16_keepalive_ms,1.304192
latency,2,1246,http1_rust_nodelay_off_c16_keepalive_ms,1.031268
latency,2,1247,http1_rust_nodelay_off_c16_keepalive_ms,1.341653
latency,2,1248,http1_rust_nodelay_off_c16_keepalive_ms,1.015407
latency,2,1249,http1_rust_nodelay_off_c16_keepalive_ms,1.330252
latency,2,1250,http1_rust_nodelay_off_c16_keepalive_ms,1.310163
latency,2,1251,http1_rust_nodelay_off_c16_keepalive_ms,1.327282
latency,2,1252,http1_rust_nodelay_off_c16_keepalive_ms,1.396314
latency,2,1253,http1_rust_nodelay_off_c16_keepalive_ms,1.478125
latency,2,1254,http1_rust_nodelay_off_c16_keepalive_ms,1.425104
latency,2,1255,http1_rust_nodelay_off_c16_keepalive_ms,10.543289
latency,2,1256,http1_rust_nodelay_off_c16_keepalive_ms,1.288062
latency,2,1257,http1_rust_nodelay_off_c16_keepalive_ms,0.983747
latency,2,1258,http1_rust_nodelay_off_c16_keepalive_ms,1.684059
latency,2,1259,http1_rust_nodelay_off_c16_keepalive_ms,0.913325
latency,2,1260,http1_rust_nodelay_off_c16_keepalive_ms,1.251911
latency,2,1261,http1_rust_nodelay_off_c16_keepalive_ms,1.035408
latency,2,1262,http1_rust_nodelay_off_c16_keepalive_ms,0.708112
latency,2,1263,http1_rust_nodelay_off_c16_keepalive_ms,0.940936
latency,2,1264,http1_rust_nodelay_off_c16_keepalive_ms,0.667911
latency,2,1265,http1_rust_nodelay_off_c16_keepalive_ms,0.782654
latency,2,1266,http1_rust_nodelay_off_c16_keepalive_ms,2.062014
latency,2,1267,http1_rust_nodelay_off_c16_keepalive_ms,0.559230
latency,2,1268,http1_rust_nodelay_off_c16_keepalive_ms,0.578650
latency,2,1269,http1_rust_nodelay_off_c16_keepalive_ms,0.563299
latency,2,1270,http1_rust_nodelay_off_c16_keepalive_ms,0.712813
latency,2,1271,http1_rust_nodelay_off_c16_keepalive_ms,0.543659
latency,2,1272,http1_rust_nodelay_off_c16_keepalive_ms,0.577500
latency,2,1273,http1_rust_nodelay_off_c16_keepalive_ms,0.368256
latency,2,1274,http1_rust_nodelay_off_c16_keepalive_ms,0.345796
latency,2,1275,http1_rust_nodelay_off_c16_keepalive_ms,0.255734
latency,2,1276,http1_rust_nodelay_off_c16_keepalive_ms,0.320196
latency,2,1277,http1_rust_nodelay_off_c16_keepalive_ms,0.338405
latency,2,1278,http1_rust_nodelay_off_c16_keepalive_ms,0.285995
latency,2,1279,http1_rust_nodelay_off_c16_keepalive_ms,0.335786
latency,2,1040,http1_rust_nodelay_off_c16_keepalive_ms,1.020457
latency,2,1041,http1_rust_nodelay_off_c16_keepalive_ms,1.811031
latency,2,1042,http1_rust_nodelay_off_c16_keepalive_ms,1.791121
latency,2,1043,http1_rust_nodelay_off_c16_keepalive_ms,1.212280
latency,2,1044,http1_rust_nodelay_off_c16_keepalive_ms,1.510916
latency,2,1045,http1_rust_nodelay_off_c16_keepalive_ms,1.573597
latency,2,1046,http1_rust_nodelay_off_c16_keepalive_ms,1.334922
latency,2,1047,http1_rust_nodelay_off_c16_keepalive_ms,0.989027
latency,2,1048,http1_rust_nodelay_off_c16_keepalive_ms,1.052898
latency,2,1049,http1_rust_nodelay_off_c16_keepalive_ms,1.337073
latency,2,1050,http1_rust_nodelay_off_c16_keepalive_ms,1.068968
latency,2,1051,http1_rust_nodelay_off_c16_keepalive_ms,1.352183
latency,2,1052,http1_rust_nodelay_off_c16_keepalive_ms,1.319292
latency,2,1053,http1_rust_nodelay_off_c16_keepalive_ms,1.335683
latency,2,1054,http1_rust_nodelay_off_c16_keepalive_ms,1.057278
latency,2,1055,http1_rust_nodelay_off_c16_keepalive_ms,1.389004
latency,2,1056,http1_rust_nodelay_off_c16_keepalive_ms,1.022977
latency,2,1057,http1_rust_nodelay_off_c16_keepalive_ms,1.304232
latency,2,1058,http1_rust_nodelay_off_c16_keepalive_ms,1.032948
latency,2,1059,http1_rust_nodelay_off_c16_keepalive_ms,1.311742
latency,2,1060,http1_rust_nodelay_off_c16_keepalive_ms,1.339963
latency,2,1061,http1_rust_nodelay_off_c16_keepalive_ms,1.356623
latency,2,1062,http1_rust_nodelay_off_c16_keepalive_ms,1.339443
latency,2,1063,http1_rust_nodelay_off_c16_keepalive_ms,1.457485
latency,2,1064,http1_rust_nodelay_off_c16_keepalive_ms,1.477364
latency,2,1065,http1_rust_nodelay_off_c16_keepalive_ms,1.399944
latency,2,1066,http1_rust_nodelay_off_c16_keepalive_ms,1.406114
latency,2,1067,http1_rust_nodelay_off_c16_keepalive_ms,1.433705
latency,2,1068,http1_rust_nodelay_off_c16_keepalive_ms,1.130559
latency,2,1069,http1_rust_nodelay_off_c16_keepalive_ms,1.462584
latency,2,1070,http1_rust_nodelay_off_c16_keepalive_ms,1.044678
latency,2,1071,http1_rust_nodelay_off_c16_keepalive_ms,1.147080
latency,2,1072,http1_rust_nodelay_off_c16_keepalive_ms,1.425634
latency,2,1073,http1_rust_nodelay_off_c16_keepalive_ms,1.401934
latency,2,1074,http1_rust_nodelay_off_c16_keepalive_ms,1.465045
latency,2,1075,http1_rust_nodelay_off_c16_keepalive_ms,1.412194
latency,2,1076,http1_rust_nodelay_off_c16_keepalive_ms,1.416234
latency,2,1077,http1_rust_nodelay_off_c16_keepalive_ms,1.140719
latency,2,1078,http1_rust_nodelay_off_c16_keepalive_ms,1.089549
latency,2,1079,http1_rust_nodelay_off_c16_keepalive_ms,1.473175
latency,2,1080,http1_rust_nodelay_off_c16_keepalive_ms,16.448489
latency,2,1081,http1_rust_nodelay_off_c16_keepalive_ms,1.521016
latency,2,1082,http1_rust_nodelay_off_c16_keepalive_ms,1.419204
latency,2,1083,http1_rust_nodelay_off_c16_keepalive_ms,1.449325
latency,2,1084,http1_rust_nodelay_off_c16_keepalive_ms,1.091298
latency,2,1085,http1_rust_nodelay_off_c16_keepalive_ms,1.073029
latency,2,1086,http1_rust_nodelay_off_c16_keepalive_ms,1.422503
latency,2,1087,http1_rust_nodelay_off_c16_keepalive_ms,1.474146
latency,2,1088,http1_rust_nodelay_off_c16_keepalive_ms,1.414024
latency,2,1089,http1_rust_nodelay_off_c16_keepalive_ms,10.505678
latency,2,1090,http1_rust_nodelay_off_c16_keepalive_ms,1.318443
latency,2,1091,http1_rust_nodelay_off_c16_keepalive_ms,1.388283
latency,2,1092,http1_rust_nodelay_off_c16_keepalive_ms,1.311382
latency,2,1093,http1_rust_nodelay_off_c16_keepalive_ms,0.995087
latency,2,1094,http1_rust_nodelay_off_c16_keepalive_ms,1.336273
latency,2,1095,http1_rust_nodelay_off_c16_keepalive_ms,1.108579
latency,2,1096,http1_rust_nodelay_off_c16_keepalive_ms,1.419504
latency,2,1097,http1_rust_nodelay_off_c16_keepalive_ms,0.785603
latency,2,1098,http1_rust_nodelay_off_c16_keepalive_ms,1.416174
latency,2,1099,http1_rust_nodelay_off_c16_keepalive_ms,1.029678
latency,2,1100,http1_rust_nodelay_off_c16_keepalive_ms,1.479735
latency,2,1101,http1_rust_nodelay_off_c16_keepalive_ms,10.649221
latency,2,1102,http1_rust_nodelay_off_c16_keepalive_ms,1.258081
latency,2,1103,http1_rust_nodelay_off_c16_keepalive_ms,1.214791
latency,2,1104,http1_rust_nodelay_off_c16_keepalive_ms,0.966176
latency,2,1105,http1_rust_nodelay_off_c16_keepalive_ms,5.446913
latency,2,1106,http1_rust_nodelay_off_c16_keepalive_ms,0.581910
latency,2,1107,http1_rust_nodelay_off_c16_keepalive_ms,0.570269
latency,2,1108,http1_rust_nodelay_off_c16_keepalive_ms,0.574110
latency,2,1109,http1_rust_nodelay_off_c16_keepalive_ms,0.549410
latency,2,1110,http1_rust_nodelay_off_c16_keepalive_ms,0.710662
latency,2,1111,http1_rust_nodelay_off_c16_keepalive_ms,0.527759
latency,2,1112,http1_rust_nodelay_off_c16_keepalive_ms,0.515038
latency,2,1113,http1_rust_nodelay_off_c16_keepalive_ms,0.327136
latency,2,1114,http1_rust_nodelay_off_c16_keepalive_ms,0.274115
latency,2,1115,http1_rust_nodelay_off_c16_keepalive_ms,0.324945
latency,2,1116,http1_rust_nodelay_off_c16_keepalive_ms,0.324656
latency,2,1117,http1_rust_nodelay_off_c16_keepalive_ms,0.275865
latency,2,1118,http1_rust_nodelay_off_c16_keepalive_ms,0.258264
latency,2,1119,http1_rust_nodelay_off_c16_keepalive_ms,0.329506
latency,2,560,http1_rust_nodelay_off_c16_keepalive_ms,1.708719
latency,2,561,http1_rust_nodelay_off_c16_keepalive_ms,1.314512
latency,2,562,http1_rust_nodelay_off_c16_keepalive_ms,9.034684
latency,2,563,http1_rust_nodelay_off_c16_keepalive_ms,1.323983
latency,2,564,http1_rust_nodelay_off_c16_keepalive_ms,1.394773
latency,2,565,http1_rust_nodelay_off_c16_keepalive_ms,1.397494
latency,2,566,http1_rust_nodelay_off_c16_keepalive_ms,1.288172
latency,2,567,http1_rust_nodelay_off_c16_keepalive_ms,1.049338
latency,2,568,http1_rust_nodelay_off_c16_keepalive_ms,1.329672
latency,2,569,http1_rust_nodelay_off_c16_keepalive_ms,1.053138
latency,2,570,http1_rust_nodelay_off_c16_keepalive_ms,1.339653
latency,2,571,http1_rust_nodelay_off_c16_keepalive_ms,1.025557
latency,2,572,http1_rust_nodelay_off_c16_keepalive_ms,1.290842
latency,2,573,http1_rust_nodelay_off_c16_keepalive_ms,1.310502
latency,2,574,http1_rust_nodelay_off_c16_keepalive_ms,1.012158
latency,2,575,http1_rust_nodelay_off_c16_keepalive_ms,1.375103
latency,2,576,http1_rust_nodelay_off_c16_keepalive_ms,1.032968
latency,2,577,http1_rust_nodelay_off_c16_keepalive_ms,1.257531
latency,2,578,http1_rust_nodelay_off_c16_keepalive_ms,1.511616
latency,2,579,http1_rust_nodelay_off_c16_keepalive_ms,1.511445
latency,2,580,http1_rust_nodelay_off_c16_keepalive_ms,1.418724
latency,2,581,http1_rust_nodelay_off_c16_keepalive_ms,10.441648
latency,2,582,http1_rust_nodelay_off_c16_keepalive_ms,1.418684
latency,2,583,http1_rust_nodelay_off_c16_keepalive_ms,1.393824
latency,2,584,http1_rust_nodelay_off_c16_keepalive_ms,1.143939
latency,2,585,http1_rust_nodelay_off_c16_keepalive_ms,1.466425
latency,2,586,http1_rust_nodelay_off_c16_keepalive_ms,1.464545
latency,2,587,http1_rust_nodelay_off_c16_keepalive_ms,1.431134
latency,2,588,http1_rust_nodelay_off_c16_keepalive_ms,1.670568
latency,2,589,http1_rust_nodelay_off_c16_keepalive_ms,1.163380
latency,2,590,http1_rust_nodelay_off_c16_keepalive_ms,0.936836
latency,2,591,http1_rust_nodelay_off_c16_keepalive_ms,1.418254
latency,2,592,http1_rust_nodelay_off_c16_keepalive_ms,1.453415
latency,2,593,http1_rust_nodelay_off_c16_keepalive_ms,1.169990
latency,2,594,http1_rust_nodelay_off_c16_keepalive_ms,1.135759
latency,2,595,http1_rust_nodelay_off_c16_keepalive_ms,10.412317
latency,2,596,http1_rust_nodelay_off_c16_keepalive_ms,1.113059
latency,2,597,http1_rust_nodelay_off_c16_keepalive_ms,1.075238
latency,2,598,http1_rust_nodelay_off_c16_keepalive_ms,1.442695
latency,2,599,http1_rust_nodelay_off_c16_keepalive_ms,1.474655
latency,2,600,http1_rust_nodelay_off_c16_keepalive_ms,1.437094
latency,2,601,http1_rust_nodelay_off_c16_keepalive_ms,1.100569
latency,2,602,http1_rust_nodelay_off_c16_keepalive_ms,1.056138
latency,2,603,http1_rust_nodelay_off_c16_keepalive_ms,1.298692
latency,2,604,http1_rust_nodelay_off_c16_keepalive_ms,1.374013
latency,2,605,http1_rust_nodelay_off_c16_keepalive_ms,1.311832
latency,2,606,http1_rust_nodelay_off_c16_keepalive_ms,1.065009
latency,2,607,http1_rust_nodelay_off_c16_keepalive_ms,1.317822
latency,2,608,http1_rust_nodelay_off_c16_keepalive_ms,1.009977
latency,2,609,http1_rust_nodelay_off_c16_keepalive_ms,1.275952
latency,2,610,http1_rust_nodelay_off_c16_keepalive_ms,1.319643
latency,2,611,http1_rust_nodelay_off_c16_keepalive_ms,1.033277
latency,2,612,http1_rust_nodelay_off_c16_keepalive_ms,1.356963
latency,2,613,http1_rust_nodelay_off_c16_keepalive_ms,0.657911
latency,2,614,http1_rust_nodelay_off_c16_keepalive_ms,1.332593
latency,2,615,http1_rust_nodelay_off_c16_keepalive_ms,1.073278
latency,2,616,http1_rust_nodelay_off_c16_keepalive_ms,1.012427
latency,2,617,http1_rust_nodelay_off_c16_keepalive_ms,1.426024
latency,2,618,http1_rust_nodelay_off_c16_keepalive_ms,1.125379
latency,2,619,http1_rust_nodelay_off_c16_keepalive_ms,1.413554
latency,2,620,http1_rust_nodelay_off_c16_keepalive_ms,1.421645
latency,2,621,http1_rust_nodelay_off_c16_keepalive_ms,1.466665
latency,2,622,http1_rust_nodelay_off_c16_keepalive_ms,1.413644
latency,2,623,http1_rust_nodelay_off_c16_keepalive_ms,1.839881
latency,2,624,http1_rust_nodelay_off_c16_keepalive_ms,1.466285
latency,2,625,http1_rust_nodelay_off_c16_keepalive_ms,1.786320
latency,2,626,http1_rust_nodelay_off_c16_keepalive_ms,1.287882
latency,2,627,http1_rust_nodelay_off_c16_keepalive_ms,1.008087
latency,2,628,http1_rust_nodelay_off_c16_keepalive_ms,1.689959
latency,2,629,http1_rust_nodelay_off_c16_keepalive_ms,1.188130
latency,2,630,http1_rust_nodelay_off_c16_keepalive_ms,0.682252
latency,2,631,http1_rust_nodelay_off_c16_keepalive_ms,1.114889
latency,2,632,http1_rust_nodelay_off_c16_keepalive_ms,0.695181
latency,2,633,http1_rust_nodelay_off_c16_keepalive_ms,0.940426
latency,2,634,http1_rust_nodelay_off_c16_keepalive_ms,0.850065
latency,2,635,http1_rust_nodelay_off_c16_keepalive_ms,0.459878
latency,2,636,http1_rust_nodelay_off_c16_keepalive_ms,9.746065
latency,2,637,http1_rust_nodelay_off_c16_keepalive_ms,0.110992
latency,2,638,http1_rust_nodelay_off_c16_keepalive_ms,0.105002
latency,2,639,http1_rust_nodelay_off_c16_keepalive_ms,0.104572
latency,2,160,http1_rust_nodelay_off_c16_keepalive_ms,1.036267
latency,2,161,http1_rust_nodelay_off_c16_keepalive_ms,1.809541
latency,2,162,http1_rust_nodelay_off_c16_keepalive_ms,1.727239
latency,2,163,http1_rust_nodelay_off_c16_keepalive_ms,1.631128
latency,2,164,http1_rust_nodelay_off_c16_keepalive_ms,15.885320
latency,2,165,http1_rust_nodelay_off_c16_keepalive_ms,0.994357
latency,2,166,http1_rust_nodelay_off_c16_keepalive_ms,1.323752
latency,2,167,http1_rust_nodelay_off_c16_keepalive_ms,1.001957
latency,2,168,http1_rust_nodelay_off_c16_keepalive_ms,1.320272
latency,2,169,http1_rust_nodelay_off_c16_keepalive_ms,1.029698
latency,2,170,http1_rust_nodelay_off_c16_keepalive_ms,1.325343
latency,2,171,http1_rust_nodelay_off_c16_keepalive_ms,10.004859
latency,2,172,http1_rust_nodelay_off_c16_keepalive_ms,9.753286
latency,2,173,http1_rust_nodelay_off_c16_keepalive_ms,1.435545
latency,2,174,http1_rust_nodelay_off_c16_keepalive_ms,1.467775
latency,2,175,http1_rust_nodelay_off_c16_keepalive_ms,1.091778
latency,2,176,http1_rust_nodelay_off_c16_keepalive_ms,1.099149
latency,2,177,http1_rust_nodelay_off_c16_keepalive_ms,3.600051
latency,2,178,http1_rust_nodelay_off_c16_keepalive_ms,1.418284
latency,2,179,http1_rust_nodelay_off_c16_keepalive_ms,1.452575
latency,2,180,http1_rust_nodelay_off_c16_keepalive_ms,1.170420
latency,2,181,http1_rust_nodelay_off_c16_keepalive_ms,1.458244
latency,2,182,http1_rust_nodelay_off_c16_keepalive_ms,1.086559
latency,2,183,http1_rust_nodelay_off_c16_keepalive_ms,1.421554
latency,2,184,http1_rust_nodelay_off_c16_keepalive_ms,1.452375
latency,2,185,http1_rust_nodelay_off_c16_keepalive_ms,1.132129
latency,2,186,http1_rust_nodelay_off_c16_keepalive_ms,1.158090
latency,2,187,http1_rust_nodelay_off_c16_keepalive_ms,1.483705
latency,2,188,http1_rust_nodelay_off_c16_keepalive_ms,1.081768
latency,2,189,http1_rust_nodelay_off_c16_keepalive_ms,1.066158
latency,2,190,http1_rust_nodelay_off_c16_keepalive_ms,1.441025
latency,2,191,http1_rust_nodelay_off_c16_keepalive_ms,1.480725
latency,2,192,http1_rust_nodelay_off_c16_keepalive_ms,1.430224
latency,2,193,http1_rust_nodelay_off_c16_keepalive_ms,1.124319
latency,2,194,http1_rust_nodelay_off_c16_keepalive_ms,1.439385
latency,2,195,http1_rust_nodelay_off_c16_keepalive_ms,1.479205
latency,2,196,http1_rust_nodelay_off_c16_keepalive_ms,1.299752
latency,2,197,http1_rust_nodelay_off_c16_keepalive_ms,1.012887
latency,2,198,http1_rust_nodelay_off_c16_keepalive_ms,1.351973
latency,2,199,http1_rust_nodelay_off_c16_keepalive_ms,1.018457
latency,2,200,http1_rust_nodelay_off_c16_keepalive_ms,1.364754
latency,2,201,http1_rust_nodelay_off_c16_keepalive_ms,1.324442
latency,2,202,http1_rust_nodelay_off_c16_keepalive_ms,1.326443
latency,2,203,http1_rust_nodelay_off_c16_keepalive_ms,1.384973
latency,2,204,http1_rust_nodelay_off_c16_keepalive_ms,0.993187
latency,2,205,http1_rust_nodelay_off_c16_keepalive_ms,1.390074
latency,2,206,http1_rust_nodelay_off_c16_keepalive_ms,1.303712
latency,2,207,http1_rust_nodelay_off_c16_keepalive_ms,1.312352
latency,2,208,http1_rust_nodelay_off_c16_keepalive_ms,1.392834
latency,2,209,http1_rust_nodelay_off_c16_keepalive_ms,1.459595
latency,2,210,http1_rust_nodelay_off_c16_keepalive_ms,1.440074
latency,2,211,http1_rust_nodelay_off_c16_keepalive_ms,1.082978
latency,2,212,http1_rust_nodelay_off_c16_keepalive_ms,1.113489
latency,2,213,http1_rust_nodelay_off_c16_keepalive_ms,1.082929
latency,2,214,http1_rust_nodelay_off_c16_keepalive_ms,1.407204
latency,2,215,http1_rust_nodelay_off_c16_keepalive_ms,1.075238
latency,2,216,http1_rust_nodelay_off_c16_keepalive_ms,1.077618
latency,2,217,http1_rust_nodelay_off_c16_keepalive_ms,1.865892
latency,2,218,http1_rust_nodelay_off_c16_keepalive_ms,1.841831
latency,2,219,http1_rust_nodelay_off_c16_keepalive_ms,1.360023
latency,2,220,http1_rust_nodelay_off_c16_keepalive_ms,0.949137
latency,2,221,http1_rust_nodelay_off_c16_keepalive_ms,1.456504
latency,2,222,http1_rust_nodelay_off_c16_keepalive_ms,1.213661
latency,2,223,http1_rust_nodelay_off_c16_keepalive_ms,1.207650
latency,2,224,http1_rust_nodelay_off_c16_keepalive_ms,14.305883
latency,2,225,http1_rust_nodelay_off_c16_keepalive_ms,0.113442
latency,2,226,http1_rust_nodelay_off_c16_keepalive_ms,0.105242
latency,2,227,http1_rust_nodelay_off_c16_keepalive_ms,0.104432
latency,2,228,http1_rust_nodelay_off_c16_keepalive_ms,0.114332
latency,2,229,http1_rust_nodelay_off_c16_keepalive_ms,0.105241
latency,2,230,http1_rust_nodelay_off_c16_keepalive_ms,0.104552
latency,2,231,http1_rust_nodelay_off_c16_keepalive_ms,0.105292
latency,2,232,http1_rust_nodelay_off_c16_keepalive_ms,0.106842
latency,2,233,http1_rust_nodelay_off_c16_keepalive_ms,0.103972
latency,2,234,http1_rust_nodelay_off_c16_keepalive_ms,0.104131
latency,2,235,http1_rust_nodelay_off_c16_keepalive_ms,0.103842
latency,2,236,http1_rust_nodelay_off_c16_keepalive_ms,0.108642
latency,2,237,http1_rust_nodelay_off_c16_keepalive_ms,0.111832
latency,2,238,http1_rust_nodelay_off_c16_keepalive_ms,0.106002
latency,2,239,http1_rust_nodelay_off_c16_keepalive_ms,0.104622
latency,2,880,http1_rust_nodelay_off_c16_keepalive_ms,1.750520
latency,2,881,http1_rust_nodelay_off_c16_keepalive_ms,1.738140
latency,2,882,http1_rust_nodelay_off_c16_keepalive_ms,1.318392
latency,2,883,http1_rust_nodelay_off_c16_keepalive_ms,1.634168
latency,2,884,http1_rust_nodelay_off_c16_keepalive_ms,24.708030
latency,2,885,http1_rust_nodelay_off_c16_keepalive_ms,1.476984
latency,2,886,http1_rust_nodelay_off_c16_keepalive_ms,1.085949
latency,2,887,http1_rust_nodelay_off_c16_keepalive_ms,1.111939
latency,2,888,http1_rust_nodelay_off_c16_keepalive_ms,1.403384
latency,2,889,http1_rust_nodelay_off_c16_keepalive_ms,1.382743
latency,2,890,http1_rust_nodelay_off_c16_keepalive_ms,1.474905
latency,2,891,http1_rust_nodelay_off_c16_keepalive_ms,1.182710
latency,2,892,http1_rust_nodelay_off_c16_keepalive_ms,1.087089
latency,2,893,http1_rust_nodelay_off_c16_keepalive_ms,10.087851
latency,2,894,http1_rust_nodelay_off_c16_keepalive_ms,1.106439
latency,2,895,http1_rust_nodelay_off_c16_keepalive_ms,1.412844
latency,2,896,http1_rust_nodelay_off_c16_keepalive_ms,1.257511
latency,2,897,http1_rust_nodelay_off_c16_keepalive_ms,1.476215
latency,2,898,http1_rust_nodelay_off_c16_keepalive_ms,19.405970
latency,2,899,http1_rust_nodelay_off_c16_keepalive_ms,1.433724
latency,2,900,http1_rust_nodelay_off_c16_keepalive_ms,1.493196
latency,2,901,http1_rust_nodelay_off_c16_keepalive_ms,1.496825
latency,2,902,http1_rust_nodelay_off_c16_keepalive_ms,1.372404
latency,2,903,http1_rust_nodelay_off_c16_keepalive_ms,1.300432
latency,2,904,http1_rust_nodelay_off_c16_keepalive_ms,1.021287
latency,2,905,http1_rust_nodelay_off_c16_keepalive_ms,1.354713
latency,2,906,http1_rust_nodelay_off_c16_keepalive_ms,1.035988
latency,2,907,http1_rust_nodelay_off_c16_keepalive_ms,1.347643
latency,2,908,http1_rust_nodelay_off_c16_keepalive_ms,1.303712
latency,2,909,http1_rust_nodelay_off_c16_keepalive_ms,1.032767
latency,2,910,http1_rust_nodelay_off_c16_keepalive_ms,1.341633
latency,2,911,http1_rust_nodelay_off_c16_keepalive_ms,1.015317
latency,2,912,http1_rust_nodelay_off_c16_keepalive_ms,1.329403
latency,2,913,http1_rust_nodelay_off_c16_keepalive_ms,1.312422
latency,2,914,http1_rust_nodelay_off_c16_keepalive_ms,1.325483
latency,2,915,http1_rust_nodelay_off_c16_keepalive_ms,1.391724
latency,2,916,http1_rust_nodelay_off_c16_keepalive_ms,1.114538
latency,2,917,http1_rust_nodelay_off_c16_keepalive_ms,1.454535
latency,2,918,http1_rust_nodelay_off_c16_keepalive_ms,1.425884
latency,2,919,http1_rust_nodelay_off_c16_keepalive_ms,1.407234
latency,2,920,http1_rust_nodelay_off_c16_keepalive_ms,1.102449
latency,2,921,http1_rust_nodelay_off_c16_keepalive_ms,1.106639
latency,2,922,http1_rust_nodelay_off_c16_keepalive_ms,1.392254
latency,2,923,http1_rust_nodelay_off_c16_keepalive_ms,1.538635
latency,2,924,http1_rust_nodelay_off_c16_keepalive_ms,1.111579
latency,2,925,http1_rust_nodelay_off_c16_keepalive_ms,1.863162
latency,2,926,http1_rust_nodelay_off_c16_keepalive_ms,1.289182
latency,2,927,http1_rust_nodelay_off_c16_keepalive_ms,1.678899
latency,2,928,http1_rust_nodelay_off_c16_keepalive_ms,1.026567
latency,2,929,http1_rust_nodelay_off_c16_keepalive_ms,1.188540
latency,2,930,http1_rust_nodelay_off_c16_keepalive_ms,1.226381
latency,2,931,http1_rust_nodelay_off_c16_keepalive_ms,0.771873
latency,2,932,http1_rust_nodelay_off_c16_keepalive_ms,0.902755
latency,2,933,http1_rust_nodelay_off_c16_keepalive_ms,0.725733
latency,2,934,http1_rust_nodelay_off_c16_keepalive_ms,0.641911
latency,2,935,http1_rust_nodelay_off_c16_keepalive_ms,0.782263
latency,2,936,http1_rust_nodelay_off_c16_keepalive_ms,2.088045
latency,2,937,http1_rust_nodelay_off_c16_keepalive_ms,0.720163
latency,2,938,http1_rust_nodelay_off_c16_keepalive_ms,0.587620
latency,2,939,http1_rust_nodelay_off_c16_keepalive_ms,0.549119
latency,2,940,http1_rust_nodelay_off_c16_keepalive_ms,0.567650
latency,2,941,http1_rust_nodelay_off_c16_keepalive_ms,0.696751
latency,2,942,http1_rust_nodelay_off_c16_keepalive_ms,0.539610
latency,2,943,http1_rust_nodelay_off_c16_keepalive_ms,0.253444
latency,2,944,http1_rust_nodelay_off_c16_keepalive_ms,0.337066
latency,2,945,http1_rust_nodelay_off_c16_keepalive_ms,0.339295
latency,2,946,http1_rust_nodelay_off_c16_keepalive_ms,0.248955
latency,2,947,http1_rust_nodelay_off_c16_keepalive_ms,0.326905
latency,2,948,http1_rust_nodelay_off_c16_keepalive_ms,0.375037
latency,2,949,http1_rust_nodelay_off_c16_keepalive_ms,0.261724
latency,2,950,http1_rust_nodelay_off_c16_keepalive_ms,0.186863
latency,2,951,http1_rust_nodelay_off_c16_keepalive_ms,0.105862
latency,2,952,http1_rust_nodelay_off_c16_keepalive_ms,4.017328
latency,2,953,http1_rust_nodelay_off_c16_keepalive_ms,0.136413
latency,2,954,http1_rust_nodelay_off_c16_keepalive_ms,0.107911
latency,2,955,http1_rust_nodelay_off_c16_keepalive_ms,0.104602
latency,2,956,http1_rust_nodelay_off_c16_keepalive_ms,0.104912
latency,2,957,http1_rust_nodelay_off_c16_keepalive_ms,0.103562
latency,2,958,http1_rust_nodelay_off_c16_keepalive_ms,0.103241
latency,2,959,http1_rust_nodelay_off_c16_keepalive_ms,0.103532
latency,2,1120,http1_rust_nodelay_off_c16_keepalive_ms,1.662148
latency,2,1121,http1_rust_nodelay_off_c16_keepalive_ms,1.316402
latency,2,1122,http1_rust_nodelay_off_c16_keepalive_ms,1.736250
latency,2,1123,http1_rust_nodelay_off_c16_keepalive_ms,1.660128
latency,2,1124,http1_rust_nodelay_off_c16_keepalive_ms,1.093289
latency,2,1125,http1_rust_nodelay_off_c16_keepalive_ms,1.201280
latency,2,1126,http1_rust_nodelay_off_c16_keepalive_ms,1.376263
latency,2,1127,http1_rust_nodelay_off_c16_keepalive_ms,1.274852
latency,2,1128,http1_rust_nodelay_off_c16_keepalive_ms,1.010357
latency,2,1129,http1_rust_nodelay_off_c16_keepalive_ms,1.337603
latency,2,1130,http1_rust_nodelay_off_c16_keepalive_ms,1.069888
latency,2,1131,http1_rust_nodelay_off_c16_keepalive_ms,10.315415
latency,2,1132,http1_rust_nodelay_off_c16_keepalive_ms,0.989007
latency,2,1133,http1_rust_nodelay_off_c16_keepalive_ms,10.360006
latency,2,1134,http1_rust_nodelay_off_c16_keepalive_ms,1.112719
latency,2,1135,http1_rust_nodelay_off_c16_keepalive_ms,1.428544
latency,2,1136,http1_rust_nodelay_off_c16_keepalive_ms,1.489216
latency,2,1137,http1_rust_nodelay_off_c16_keepalive_ms,1.430624
latency,2,1138,http1_rust_nodelay_off_c16_keepalive_ms,1.436575
latency,2,1139,http1_rust_nodelay_off_c16_keepalive_ms,1.121829
latency,2,1140,http1_rust_nodelay_off_c16_keepalive_ms,1.086598
latency,2,1141,http1_rust_nodelay_off_c16_keepalive_ms,1.101699
latency,2,1142,http1_rust_nodelay_off_c16_keepalive_ms,1.018127
latency,2,1143,http1_rust_nodelay_off_c16_keepalive_ms,1.471335
latency,2,1144,http1_rust_nodelay_off_c16_keepalive_ms,1.461385
latency,2,1145,http1_rust_nodelay_off_c16_keepalive_ms,1.476185
latency,2,1146,http1_rust_nodelay_off_c16_keepalive_ms,1.432164
latency,2,1147,http1_rust_nodelay_off_c16_keepalive_ms,1.317043
latency,2,1148,http1_rust_nodelay_off_c16_keepalive_ms,1.494005
latency,2,1149,http1_rust_nodelay_off_c16_keepalive_ms,0.919476
latency,2,1150,http1_rust_nodelay_off_c16_keepalive_ms,1.438764
latency,2,1151,http1_rust_nodelay_off_c16_keepalive_ms,1.476735
latency,2,1152,http1_rust_nodelay_off_c16_keepalive_ms,1.534606
latency,2,1153,http1_rust_nodelay_off_c16_keepalive_ms,1.521676
latency,2,1154,http1_rust_nodelay_off_c16_keepalive_ms,1.451435
latency,2,1155,http1_rust_nodelay_off_c16_keepalive_ms,1.476425
latency,2,1156,http1_rust_nodelay_off_c16_keepalive_ms,1.457655
latency,2,1157,http1_rust_nodelay_off_c16_keepalive_ms,1.483335
latency,2,1158,http1_rust_nodelay_off_c16_keepalive_ms,9.029623
latency,2,1159,http1_rust_nodelay_off_c16_keepalive_ms,1.072598
latency,2,1160,http1_rust_nodelay_off_c16_keepalive_ms,1.493956
latency,2,1161,http1_rust_nodelay_off_c16_keepalive_ms,1.374283
latency,2,1162,http1_rust_nodelay_off_c16_keepalive_ms,1.337823
latency,2,1163,http1_rust_nodelay_off_c16_keepalive_ms,1.338833
latency,2,1164,http1_rust_nodelay_off_c16_keepalive_ms,1.031657
latency,2,1165,http1_rust_nodelay_off_c16_keepalive_ms,10.341996
latency,2,1166,http1_rust_nodelay_off_c16_keepalive_ms,1.404144
latency,2,1167,http1_rust_nodelay_off_c16_keepalive_ms,1.353953
latency,2,1168,http1_rust_nodelay_off_c16_keepalive_ms,1.520605
latency,2,1169,http1_rust_nodelay_off_c16_keepalive_ms,1.091509
latency,2,1170,http1_rust_nodelay_off_c16_keepalive_ms,1.376383
latency,2,1171,http1_rust_nodelay_off_c16_keepalive_ms,1.075719
latency,2,1172,http1_rust_nodelay_off_c16_keepalive_ms,1.078238
latency,2,1173,http1_rust_nodelay_off_c16_keepalive_ms,1.411464
latency,2,1174,http1_rust_nodelay_off_c16_keepalive_ms,1.070348
latency,2,1175,http1_rust_nodelay_off_c16_keepalive_ms,1.555377
latency,2,1176,http1_rust_nodelay_off_c16_keepalive_ms,1.436364
latency,2,1177,http1_rust_nodelay_off_c16_keepalive_ms,1.732810
latency,2,1178,http1_rust_nodelay_off_c16_keepalive_ms,1.328782
latency,2,1179,http1_rust_nodelay_off_c16_keepalive_ms,1.455655
latency,2,1180,http1_rust_nodelay_off_c16_keepalive_ms,1.214410
latency,2,1181,http1_rust_nodelay_off_c16_keepalive_ms,1.203801
latency,2,1182,http1_rust_nodelay_off_c16_keepalive_ms,0.919625
latency,2,1183,http1_rust_nodelay_off_c16_keepalive_ms,0.903036
latency,2,1184,http1_rust_nodelay_off_c16_keepalive_ms,0.702552
latency,2,1185,http1_rust_nodelay_off_c16_keepalive_ms,0.706102
latency,2,1186,http1_rust_nodelay_off_c16_keepalive_ms,0.861115
latency,2,1187,http1_rust_nodelay_off_c16_keepalive_ms,0.541359
latency,2,1188,http1_rust_nodelay_off_c16_keepalive_ms,2.255768
latency,2,1189,http1_rust_nodelay_off_c16_keepalive_ms,0.581130
latency,2,1190,http1_rust_nodelay_off_c16_keepalive_ms,0.548889
latency,2,1191,http1_rust_nodelay_off_c16_keepalive_ms,0.724782
latency,2,1192,http1_rust_nodelay_off_c16_keepalive_ms,0.551380
latency,2,1193,http1_rust_nodelay_off_c16_keepalive_ms,8.456784
latency,2,1194,http1_rust_nodelay_off_c16_keepalive_ms,0.144082
latency,2,1195,http1_rust_nodelay_off_c16_keepalive_ms,0.106302
latency,2,1196,http1_rust_nodelay_off_c16_keepalive_ms,0.104332
latency,2,1197,http1_rust_nodelay_off_c16_keepalive_ms,0.105391
latency,2,1198,http1_rust_nodelay_off_c16_keepalive_ms,0.104812
latency,2,1199,http1_rust_nodelay_off_c16_keepalive_ms,0.106992
trial,2,1280,http1_rust_nodelay_off_c16_median_ms,1.332663
trial,2,1280,http1_rust_nodelay_off_c16_p95_ms,1.809851
trial,2,1280,http1_rust_nodelay_off_c16_requests_per_second,9398.373
trial,2,1280,http1_rust_nodelay_off_c16_wall_ms,136.194
latency,3,80,http1_rust_nodelay_off_c16_keepalive_ms,1.472665
latency,3,81,http1_rust_nodelay_off_c16_keepalive_ms,1.650618
latency,3,82,http1_rust_nodelay_off_c16_keepalive_ms,1.385834
latency,3,83,http1_rust_nodelay_off_c16_keepalive_ms,1.450404
latency,3,84,http1_rust_nodelay_off_c16_keepalive_ms,1.420225
latency,3,85,http1_rust_nodelay_off_c16_keepalive_ms,1.086408
latency,3,86,http1_rust_nodelay_off_c16_keepalive_ms,1.114539
latency,3,87,http1_rust_nodelay_off_c16_keepalive_ms,1.434994
latency,3,88,http1_rust_nodelay_off_c16_keepalive_ms,1.440925
latency,3,89,http1_rust_nodelay_off_c16_keepalive_ms,1.143439
latency,3,90,http1_rust_nodelay_off_c16_keepalive_ms,1.097689
latency,3,91,http1_rust_nodelay_off_c16_keepalive_ms,1.355833
latency,3,92,http1_rust_nodelay_off_c16_keepalive_ms,1.425634
latency,3,93,http1_rust_nodelay_off_c16_keepalive_ms,1.429794
latency,3,94,http1_rust_nodelay_off_c16_keepalive_ms,1.007667
latency,3,95,http1_rust_nodelay_off_c16_keepalive_ms,1.294672
latency,3,96,http1_rust_nodelay_off_c16_keepalive_ms,1.014218
latency,3,97,http1_rust_nodelay_off_c16_keepalive_ms,1.310772
latency,3,98,http1_rust_nodelay_off_c16_keepalive_ms,4.196941
latency,3,99,http1_rust_nodelay_off_c16_keepalive_ms,1.089019
latency,3,100,http1_rust_nodelay_off_c16_keepalive_ms,1.392304
latency,3,101,http1_rust_nodelay_off_c16_keepalive_ms,1.422883
latency,3,102,http1_rust_nodelay_off_c16_keepalive_ms,1.463515
latency,3,103,http1_rust_nodelay_off_c16_keepalive_ms,1.042548
latency,3,104,http1_rust_nodelay_off_c16_keepalive_ms,1.126819
latency,3,105,http1_rust_nodelay_off_c16_keepalive_ms,1.091469
latency,3,106,http1_rust_nodelay_off_c16_keepalive_ms,1.360503
latency,3,107,http1_rust_nodelay_off_c16_keepalive_ms,1.014347
latency,3,108,http1_rust_nodelay_off_c16_keepalive_ms,1.015097
latency,3,109,http1_rust_nodelay_off_c16_keepalive_ms,1.339173
latency,3,110,http1_rust_nodelay_off_c16_keepalive_ms,1.282612
latency,3,111,http1_rust_nodelay_off_c16_keepalive_ms,1.009037
latency,3,112,http1_rust_nodelay_off_c16_keepalive_ms,1.336023
latency,3,113,http1_rust_nodelay_off_c16_keepalive_ms,1.019607
latency,3,114,http1_rust_nodelay_off_c16_keepalive_ms,1.309172
latency,3,115,http1_rust_nodelay_off_c16_keepalive_ms,1.371594
latency,3,116,http1_rust_nodelay_off_c16_keepalive_ms,1.350833
latency,3,117,http1_rust_nodelay_off_c16_keepalive_ms,1.067798
latency,3,118,http1_rust_nodelay_off_c16_keepalive_ms,1.399294
latency,3,119,http1_rust_nodelay_off_c16_keepalive_ms,1.065668
latency,3,120,http1_rust_nodelay_off_c16_keepalive_ms,1.437584
latency,3,121,http1_rust_nodelay_off_c16_keepalive_ms,1.345563
latency,3,122,http1_rust_nodelay_off_c16_keepalive_ms,1.034947
latency,3,123,http1_rust_nodelay_off_c16_keepalive_ms,1.348733
latency,3,124,http1_rust_nodelay_off_c16_keepalive_ms,1.459025
latency,3,125,http1_rust_nodelay_off_c16_keepalive_ms,1.366543
latency,3,126,http1_rust_nodelay_off_c16_keepalive_ms,1.284802
latency,3,127,http1_rust_nodelay_off_c16_keepalive_ms,1.322553
latency,3,128,http1_rust_nodelay_off_c16_keepalive_ms,1.093498
latency,3,129,http1_rust_nodelay_off_c16_keepalive_ms,1.343783
latency,3,130,http1_rust_nodelay_off_c16_keepalive_ms,0.973617
latency,3,131,http1_rust_nodelay_off_c16_keepalive_ms,1.366103
latency,3,132,http1_rust_nodelay_off_c16_keepalive_ms,1.401673
latency,3,133,http1_rust_nodelay_off_c16_keepalive_ms,1.541377
latency,3,134,http1_rust_nodelay_off_c16_keepalive_ms,1.063918
latency,3,135,http1_rust_nodelay_off_c16_keepalive_ms,1.635408
latency,3,136,http1_rust_nodelay_off_c16_keepalive_ms,1.122549
latency,3,137,http1_rust_nodelay_off_c16_keepalive_ms,1.456385
latency,3,138,http1_rust_nodelay_off_c16_keepalive_ms,1.050657
latency,3,139,http1_rust_nodelay_off_c16_keepalive_ms,1.280412
latency,3,140,http1_rust_nodelay_off_c16_keepalive_ms,1.324723
latency,3,141,http1_rust_nodelay_off_c16_keepalive_ms,1.385833
latency,3,142,http1_rust_nodelay_off_c16_keepalive_ms,1.262172
latency,3,143,http1_rust_nodelay_off_c16_keepalive_ms,1.007337
latency,3,144,http1_rust_nodelay_off_c16_keepalive_ms,1.367793
latency,3,145,http1_rust_nodelay_off_c16_keepalive_ms,1.153729
latency,3,146,http1_rust_nodelay_off_c16_keepalive_ms,1.399304
latency,3,147,http1_rust_nodelay_off_c16_keepalive_ms,1.446175
latency,3,148,http1_rust_nodelay_off_c16_keepalive_ms,1.332713
latency,3,149,http1_rust_nodelay_off_c16_keepalive_ms,1.417943
latency,3,150,http1_rust_nodelay_off_c16_keepalive_ms,1.356714
latency,3,151,http1_rust_nodelay_off_c16_keepalive_ms,0.918405
latency,3,152,http1_rust_nodelay_off_c16_keepalive_ms,1.361973
latency,3,153,http1_rust_nodelay_off_c16_keepalive_ms,1.045868
latency,3,154,http1_rust_nodelay_off_c16_keepalive_ms,1.234621
latency,3,155,http1_rust_nodelay_off_c16_keepalive_ms,1.393404
latency,3,156,http1_rust_nodelay_off_c16_keepalive_ms,1.456504
latency,3,157,http1_rust_nodelay_off_c16_keepalive_ms,1.414695
latency,3,158,http1_rust_nodelay_off_c16_keepalive_ms,1.467595
latency,3,159,http1_rust_nodelay_off_c16_keepalive_ms,1.082068
latency,3,800,http1_rust_nodelay_off_c16_keepalive_ms,1.555106
latency,3,801,http1_rust_nodelay_off_c16_keepalive_ms,1.261691
latency,3,802,http1_rust_nodelay_off_c16_keepalive_ms,4.038649
latency,3,803,http1_rust_nodelay_off_c16_keepalive_ms,1.384793
latency,3,804,http1_rust_nodelay_off_c16_keepalive_ms,1.495786
latency,3,805,http1_rust_nodelay_off_c16_keepalive_ms,1.423884
latency,3,806,http1_rust_nodelay_off_c16_keepalive_ms,1.499006
latency,3,807,http1_rust_nodelay_off_c16_keepalive_ms,1.095138
latency,3,808,http1_rust_nodelay_off_c16_keepalive_ms,1.447795
latency,3,809,http1_rust_nodelay_off_c16_keepalive_ms,1.067378
latency,3,810,http1_rust_nodelay_off_c16_keepalive_ms,1.058008
latency,3,811,http1_rust_nodelay_off_c16_keepalive_ms,1.077878
latency,3,812,http1_rust_nodelay_off_c16_keepalive_ms,1.335773
latency,3,813,http1_rust_nodelay_off_c16_keepalive_ms,1.317352
latency,3,814,http1_rust_nodelay_off_c16_keepalive_ms,1.270752
latency,3,815,http1_rust_nodelay_off_c16_keepalive_ms,1.021327
latency,3,816,http1_rust_nodelay_off_c16_keepalive_ms,1.300702
latency,3,817,http1_rust_nodelay_off_c16_keepalive_ms,1.327153
latency,3,818,http1_rust_nodelay_off_c16_keepalive_ms,1.029357
latency,3,819,http1_rust_nodelay_off_c16_keepalive_ms,1.179820
latency,3,820,http1_rust_nodelay_off_c16_keepalive_ms,1.384454
latency,3,821,http1_rust_nodelay_off_c16_keepalive_ms,1.036288
latency,3,822,http1_rust_nodelay_off_c16_keepalive_ms,1.157059
latency,3,823,http1_rust_nodelay_off_c16_keepalive_ms,1.416294
latency,3,824,http1_rust_nodelay_off_c16_keepalive_ms,1.454155
latency,3,825,http1_rust_nodelay_off_c16_keepalive_ms,1.468655
latency,3,826,http1_rust_nodelay_off_c16_keepalive_ms,1.041638
latency,3,827,http1_rust_nodelay_off_c16_keepalive_ms,1.321662
latency,3,828,http1_rust_nodelay_off_c16_keepalive_ms,1.374953
latency,3,829,http1_rust_nodelay_off_c16_keepalive_ms,1.331803
latency,3,830,http1_rust_nodelay_off_c16_keepalive_ms,0.988167
latency,3,831,http1_rust_nodelay_off_c16_keepalive_ms,1.266291
latency,3,832,http1_rust_nodelay_off_c16_keepalive_ms,1.336383
latency,3,833,http1_rust_nodelay_off_c16_keepalive_ms,1.049618
latency,3,834,http1_rust_nodelay_off_c16_keepalive_ms,1.309112
latency,3,835,http1_rust_nodelay_off_c16_keepalive_ms,1.062048
latency,3,836,http1_rust_nodelay_off_c16_keepalive_ms,1.278502
latency,3,837,http1_rust_nodelay_off_c16_keepalive_ms,1.441874
latency,3,838,http1_rust_nodelay_off_c16_keepalive_ms,1.426945
latency,3,839,http1_rust_nodelay_off_c16_keepalive_ms,1.074328
latency,3,840,http1_rust_nodelay_off_c16_keepalive_ms,1.403564
latency,3,841,http1_rust_nodelay_off_c16_keepalive_ms,1.095318
latency,3,842,http1_rust_nodelay_off_c16_keepalive_ms,1.325643
latency,3,843,http1_rust_nodelay_off_c16_keepalive_ms,1.059638
latency,3,844,http1_rust_nodelay_off_c16_keepalive_ms,1.447205
latency,3,845,http1_rust_nodelay_off_c16_keepalive_ms,1.017647
latency,3,846,http1_rust_nodelay_off_c16_keepalive_ms,1.272561
latency,3,847,http1_rust_nodelay_off_c16_keepalive_ms,1.295842
latency,3,848,http1_rust_nodelay_off_c16_keepalive_ms,1.588297
latency,3,849,http1_rust_nodelay_off_c16_keepalive_ms,1.017298
latency,3,850,http1_rust_nodelay_off_c16_keepalive_ms,1.302402
latency,3,851,http1_rust_nodelay_off_c16_keepalive_ms,1.070818
latency,3,852,http1_rust_nodelay_off_c16_keepalive_ms,1.347203
latency,3,853,http1_rust_nodelay_off_c16_keepalive_ms,1.586707
latency,3,854,http1_rust_nodelay_off_c16_keepalive_ms,1.020267
latency,3,855,http1_rust_nodelay_off_c16_keepalive_ms,1.289142
latency,3,856,http1_rust_nodelay_off_c16_keepalive_ms,1.410384
latency,3,857,http1_rust_nodelay_off_c16_keepalive_ms,0.787934
latency,3,858,http1_rust_nodelay_off_c16_keepalive_ms,1.076488
latency,3,859,http1_rust_nodelay_off_c16_keepalive_ms,1.347772
latency,3,860,http1_rust_nodelay_off_c16_keepalive_ms,0.988197
latency,3,861,http1_rust_nodelay_off_c16_keepalive_ms,1.389044
latency,3,862,http1_rust_nodelay_off_c16_keepalive_ms,1.059618
latency,3,863,http1_rust_nodelay_off_c16_keepalive_ms,1.387774
latency,3,864,http1_rust_nodelay_off_c16_keepalive_ms,1.286331
latency,3,865,http1_rust_nodelay_off_c16_keepalive_ms,1.066538
latency,3,866,http1_rust_nodelay_off_c16_keepalive_ms,1.435525
latency,3,867,http1_rust_nodelay_off_c16_keepalive_ms,1.112049
latency,3,868,http1_rust_nodelay_off_c16_keepalive_ms,1.365363
latency,3,869,http1_rust_nodelay_off_c16_keepalive_ms,9.284718
latency,3,870,http1_rust_nodelay_off_c16_keepalive_ms,1.396764
latency,3,871,http1_rust_nodelay_off_c16_keepalive_ms,1.459614
latency,3,872,http1_rust_nodelay_off_c16_keepalive_ms,1.438545
latency,3,873,http1_rust_nodelay_off_c16_keepalive_ms,1.449094
latency,3,874,http1_rust_nodelay_off_c16_keepalive_ms,1.893113
latency,3,875,http1_rust_nodelay_off_c16_keepalive_ms,1.108678
latency,3,876,http1_rust_nodelay_off_c16_keepalive_ms,1.082729
latency,3,877,http1_rust_nodelay_off_c16_keepalive_ms,1.327922
latency,3,878,http1_rust_nodelay_off_c16_keepalive_ms,1.052728
latency,3,879,http1_rust_nodelay_off_c16_keepalive_ms,1.305902
latency,3,480,http1_rust_nodelay_off_c16_keepalive_ms,1.264171
latency,3,481,http1_rust_nodelay_off_c16_keepalive_ms,1.613248
latency,3,482,http1_rust_nodelay_off_c16_keepalive_ms,1.529426
latency,3,483,http1_rust_nodelay_off_c16_keepalive_ms,1.451985
latency,3,484,http1_rust_nodelay_off_c16_keepalive_ms,1.418224
latency,3,485,http1_rust_nodelay_off_c16_keepalive_ms,1.084458
latency,3,486,http1_rust_nodelay_off_c16_keepalive_ms,1.076198
latency,3,487,http1_rust_nodelay_off_c16_keepalive_ms,1.407514
latency,3,488,http1_rust_nodelay_off_c16_keepalive_ms,1.118499
latency,3,489,http1_rust_nodelay_off_c16_keepalive_ms,1.095119
latency,3,490,http1_rust_nodelay_off_c16_keepalive_ms,1.150810
latency,3,491,http1_rust_nodelay_off_c16_keepalive_ms,1.602516
latency,3,492,http1_rust_nodelay_off_c16_keepalive_ms,1.086709
latency,3,493,http1_rust_nodelay_off_c16_keepalive_ms,1.093249
latency,3,494,http1_rust_nodelay_off_c16_keepalive_ms,1.065038
latency,3,495,http1_rust_nodelay_off_c16_keepalive_ms,1.301252
latency,3,496,http1_rust_nodelay_off_c16_keepalive_ms,1.304912
latency,3,497,http1_rust_nodelay_off_c16_keepalive_ms,1.274062
latency,3,498,http1_rust_nodelay_off_c16_keepalive_ms,1.038617
latency,3,499,http1_rust_nodelay_off_c16_keepalive_ms,1.346413
latency,3,500,http1_rust_nodelay_off_c16_keepalive_ms,1.003667
latency,3,501,http1_rust_nodelay_off_c16_keepalive_ms,1.311773
latency,3,502,http1_rust_nodelay_off_c16_keepalive_ms,1.434924
latency,3,503,http1_rust_nodelay_off_c16_keepalive_ms,1.401934
latency,3,504,http1_rust_nodelay_off_c16_keepalive_ms,1.527196
latency,3,505,http1_rust_nodelay_off_c16_keepalive_ms,1.091218
latency,3,506,http1_rust_nodelay_off_c16_keepalive_ms,1.053458
latency,3,507,http1_rust_nodelay_off_c16_keepalive_ms,1.478515
latency,3,508,http1_rust_nodelay_off_c16_keepalive_ms,1.395464
latency,3,509,http1_rust_nodelay_off_c16_keepalive_ms,1.034997
latency,3,510,http1_rust_nodelay_off_c16_keepalive_ms,1.329403
latency,3,511,http1_rust_nodelay_off_c16_keepalive_ms,1.352003
latency,3,512,http1_rust_nodelay_off_c16_keepalive_ms,1.320652
latency,3,513,http1_rust_nodelay_off_c16_keepalive_ms,1.306443
latency,3,514,http1_rust_nodelay_off_c16_keepalive_ms,1.336823
latency,3,515,http1_rust_nodelay_off_c16_keepalive_ms,1.315262
latency,3,516,http1_rust_nodelay_off_c16_keepalive_ms,1.404663
latency,3,517,http1_rust_nodelay_off_c16_keepalive_ms,1.323583
latency,3,518,http1_rust_nodelay_off_c16_keepalive_ms,1.353043
latency,3,519,http1_rust_nodelay_off_c16_keepalive_ms,1.081809
latency,3,520,http1_rust_nodelay_off_c16_keepalive_ms,1.071308
latency,3,521,http1_rust_nodelay_off_c16_keepalive_ms,1.391293
latency,3,522,http1_rust_nodelay_off_c16_keepalive_ms,1.085979
latency,3,523,http1_rust_nodelay_off_c16_keepalive_ms,10.078101
latency,3,524,http1_rust_nodelay_off_c16_keepalive_ms,1.336253
latency,3,525,http1_rust_nodelay_off_c16_keepalive_ms,1.286212
latency,3,526,http1_rust_nodelay_off_c16_keepalive_ms,9.436830
latency,3,527,http1_rust_nodelay_off_c16_keepalive_ms,1.371373
latency,3,528,http1_rust_nodelay_off_c16_keepalive_ms,1.383624
latency,3,529,http1_rust_nodelay_off_c16_keepalive_ms,1.013177
latency,3,530,http1_rust_nodelay_off_c16_keepalive_ms,1.353543
latency,3,531,http1_rust_nodelay_off_c16_keepalive_ms,1.003957
latency,3,532,http1_rust_nodelay_off_c16_keepalive_ms,1.287192
latency,3,533,http1_rust_nodelay_off_c16_keepalive_ms,1.066138
latency,3,534,http1_rust_nodelay_off_c16_keepalive_ms,1.434454
latency,3,535,http1_rust_nodelay_off_c16_keepalive_ms,1.112559
latency,3,536,http1_rust_nodelay_off_c16_keepalive_ms,1.109459
latency,3,537,http1_rust_nodelay_off_c16_keepalive_ms,1.317073
latency,3,538,http1_rust_nodelay_off_c16_keepalive_ms,1.003287
latency,3,539,http1_rust_nodelay_off_c16_keepalive_ms,1.395563
latency,3,540,http1_rust_nodelay_off_c16_keepalive_ms,1.345003
latency,3,541,http1_rust_nodelay_off_c16_keepalive_ms,1.106599
latency,3,542,http1_rust_nodelay_off_c16_keepalive_ms,1.372303
latency,3,543,http1_rust_nodelay_off_c16_keepalive_ms,1.359873
latency,3,544,http1_rust_nodelay_off_c16_keepalive_ms,1.398514
latency,3,545,http1_rust_nodelay_off_c16_keepalive_ms,1.434574
latency,3,546,http1_rust_nodelay_off_c16_keepalive_ms,1.445835
latency,3,547,http1_rust_nodelay_off_c16_keepalive_ms,1.078678
latency,3,548,http1_rust_nodelay_off_c16_keepalive_ms,1.114169
latency,3,549,http1_rust_nodelay_off_c16_keepalive_ms,1.889492
latency,3,550,http1_rust_nodelay_off_c16_keepalive_ms,1.475605
latency,3,551,http1_rust_nodelay_off_c16_keepalive_ms,1.391374
latency,3,552,http1_rust_nodelay_off_c16_keepalive_ms,1.410834
latency,3,553,http1_rust_nodelay_off_c16_keepalive_ms,1.310252
latency,3,554,http1_rust_nodelay_off_c16_keepalive_ms,1.004067
latency,3,555,http1_rust_nodelay_off_c16_keepalive_ms,1.532617
latency,3,556,http1_rust_nodelay_off_c16_keepalive_ms,1.212790
latency,3,557,http1_rust_nodelay_off_c16_keepalive_ms,0.976036
latency,3,558,http1_rust_nodelay_off_c16_keepalive_ms,0.979647
latency,3,559,http1_rust_nodelay_off_c16_keepalive_ms,1.220061
latency,3,160,http1_rust_nodelay_off_c16_keepalive_ms,1.441824
latency,3,161,http1_rust_nodelay_off_c16_keepalive_ms,1.649058
latency,3,162,http1_rust_nodelay_off_c16_keepalive_ms,1.564317
latency,3,163,http1_rust_nodelay_off_c16_keepalive_ms,1.100799
latency,3,164,http1_rust_nodelay_off_c16_keepalive_ms,1.045887
latency,3,165,http1_rust_nodelay_off_c16_keepalive_ms,1.404474
latency,3,166,http1_rust_nodelay_off_c16_keepalive_ms,1.474655
latency,3,167,http1_rust_nodelay_off_c16_keepalive_ms,1.433395
latency,3,168,http1_rust_nodelay_off_c16_keepalive_ms,1.514235
latency,3,169,http1_rust_nodelay_off_c16_keepalive_ms,1.453735
latency,3,170,http1_rust_nodelay_off_c16_keepalive_ms,10.465088
latency,3,171,http1_rust_nodelay_off_c16_keepalive_ms,1.334892
latency,3,172,http1_rust_nodelay_off_c16_keepalive_ms,1.042228
latency,3,173,http1_rust_nodelay_off_c16_keepalive_ms,1.430365
latency,3,174,http1_rust_nodelay_off_c16_keepalive_ms,1.405784
latency,3,175,http1_rust_nodelay_off_c16_keepalive_ms,1.407143
latency,3,176,http1_rust_nodelay_off_c16_keepalive_ms,1.489825
latency,3,177,http1_rust_nodelay_off_c16_keepalive_ms,1.417505
latency,3,178,http1_rust_nodelay_off_c16_keepalive_ms,1.421894
latency,3,179,http1_rust_nodelay_off_c16_keepalive_ms,1.396094
latency,3,180,http1_rust_nodelay_off_c16_keepalive_ms,1.350862
latency,3,181,http1_rust_nodelay_off_c16_keepalive_ms,1.043788
latency,3,182,http1_rust_nodelay_off_c16_keepalive_ms,1.286742
latency,3,183,http1_rust_nodelay_off_c16_keepalive_ms,1.032328
latency,3,184,http1_rust_nodelay_off_c16_keepalive_ms,1.269631
latency,3,185,http1_rust_nodelay_off_c16_keepalive_ms,1.301592
latency,3,186,http1_rust_nodelay_off_c16_keepalive_ms,1.058278
latency,3,187,http1_rust_nodelay_off_c16_keepalive_ms,1.268632
latency,3,188,http1_rust_nodelay_off_c16_keepalive_ms,1.101978
latency,3,189,http1_rust_nodelay_off_c16_keepalive_ms,1.303303
latency,3,190,http1_rust_nodelay_off_c16_keepalive_ms,1.090498
latency,3,191,http1_rust_nodelay_off_c16_keepalive_ms,1.414014
latency,3,192,http1_rust_nodelay_off_c16_keepalive_ms,1.423545
latency,3,193,http1_rust_nodelay_off_c16_keepalive_ms,1.412953
latency,3,194,http1_rust_nodelay_off_c16_keepalive_ms,1.449035
latency,3,195,http1_rust_nodelay_off_c16_keepalive_ms,1.332973
latency,3,196,http1_rust_nodelay_off_c16_keepalive_ms,1.368893
latency,3,197,http1_rust_nodelay_off_c16_keepalive_ms,1.055118
latency,3,198,http1_rust_nodelay_off_c16_keepalive_ms,1.411414
latency,3,199,http1_rust_nodelay_off_c16_keepalive_ms,9.895188
latency,3,200,http1_rust_nodelay_off_c16_keepalive_ms,1.346173
latency,3,201,http1_rust_nodelay_off_c16_keepalive_ms,1.019927
latency,3,202,http1_rust_nodelay_off_c16_keepalive_ms,1.380014
latency,3,203,http1_rust_nodelay_off_c16_keepalive_ms,1.469835
latency,3,204,http1_rust_nodelay_off_c16_keepalive_ms,1.318662
latency,3,205,http1_rust_nodelay_off_c16_keepalive_ms,1.354303
latency,3,206,http1_rust_nodelay_off_c16_keepalive_ms,1.330713
latency,3,207,http1_rust_nodelay_off_c16_keepalive_ms,1.032437
latency,3,208,http1_rust_nodelay_off_c16_keepalive_ms,1.330303
latency,3,209,http1_rust_nodelay_off_c16_keepalive_ms,1.295662
latency,3,210,http1_rust_nodelay_off_c16_keepalive_ms,1.323622
latency,3,211,http1_rust_nodelay_off_c16_keepalive_ms,1.094799
latency,3,212,http1_rust_nodelay_off_c16_keepalive_ms,1.442024
latency,3,213,http1_rust_nodelay_off_c16_keepalive_ms,1.487786
latency,3,214,http1_rust_nodelay_off_c16_keepalive_ms,1.036827
latency,3,215,http1_rust_nodelay_off_c16_keepalive_ms,1.318973
latency,3,216,http1_rust_nodelay_off_c16_keepalive_ms,1.394293
latency,3,217,http1_rust_nodelay_off_c16_keepalive_ms,1.044378
latency,3,218,http1_rust_nodelay_off_c16_keepalive_ms,1.383214
latency,3,219,http1_rust_nodelay_off_c16_keepalive_ms,1.068998
latency,3,220,http1_rust_nodelay_off_c16_keepalive_ms,1.357463
latency,3,221,http1_rust_nodelay_off_c16_keepalive_ms,1.421954
latency,3,222,http1_rust_nodelay_off_c16_keepalive_ms,1.393874
latency,3,223,http1_rust_nodelay_off_c16_keepalive_ms,1.470085
latency,3,224,http1_rust_nodelay_off_c16_keepalive_ms,1.426934
latency,3,225,http1_rust_nodelay_off_c16_keepalive_ms,1.342373
latency,3,226,http1_rust_nodelay_off_c16_keepalive_ms,1.885412
latency,3,227,http1_rust_nodelay_off_c16_keepalive_ms,1.114918
latency,3,228,http1_rust_nodelay_off_c16_keepalive_ms,1.347853
latency,3,229,http1_rust_nodelay_off_c16_keepalive_ms,1.003148
latency,3,230,http1_rust_nodelay_off_c16_keepalive_ms,1.398093
latency,3,231,http1_rust_nodelay_off_c16_keepalive_ms,1.020598
latency,3,232,http1_rust_nodelay_off_c16_keepalive_ms,1.585537
latency,3,233,http1_rust_nodelay_off_c16_keepalive_ms,0.938596
latency,3,234,http1_rust_nodelay_off_c16_keepalive_ms,1.210920
latency,3,235,http1_rust_nodelay_off_c16_keepalive_ms,0.968897
latency,3,236,http1_rust_nodelay_off_c16_keepalive_ms,1.193170
latency,3,237,http1_rust_nodelay_off_c16_keepalive_ms,1.607947
latency,3,238,http1_rust_nodelay_off_c16_keepalive_ms,0.948056
latency,3,239,http1_rust_nodelay_off_c16_keepalive_ms,1.229081
latency,3,240,http1_rust_nodelay_off_c16_keepalive_ms,1.488335
latency,3,241,http1_rust_nodelay_off_c16_keepalive_ms,1.650748
latency,3,242,http1_rust_nodelay_off_c16_keepalive_ms,1.590557
latency,3,243,http1_rust_nodelay_off_c16_keepalive_ms,1.417625
latency,3,244,http1_rust_nodelay_off_c16_keepalive_ms,6.767635
latency,3,245,http1_rust_nodelay_off_c16_keepalive_ms,1.460834
latency,3,246,http1_rust_nodelay_off_c16_keepalive_ms,1.403844
latency,3,247,http1_rust_nodelay_off_c16_keepalive_ms,1.427224
latency,3,248,http1_rust_nodelay_off_c16_keepalive_ms,1.338903
latency,3,249,http1_rust_nodelay_off_c16_keepalive_ms,1.023378
latency,3,250,http1_rust_nodelay_off_c16_keepalive_ms,1.299932
latency,3,251,http1_rust_nodelay_off_c16_keepalive_ms,7.506167
latency,3,252,http1_rust_nodelay_off_c16_keepalive_ms,1.406314
latency,3,253,http1_rust_nodelay_off_c16_keepalive_ms,1.407584
latency,3,254,http1_rust_nodelay_off_c16_keepalive_ms,1.279772
latency,3,255,http1_rust_nodelay_off_c16_keepalive_ms,1.082308
latency,3,256,http1_rust_nodelay_off_c16_keepalive_ms,1.484825
latency,3,257,http1_rust_nodelay_off_c16_keepalive_ms,1.395964
latency,3,258,http1_rust_nodelay_off_c16_keepalive_ms,1.035928
latency,3,259,http1_rust_nodelay_off_c16_keepalive_ms,1.339602
latency,3,260,http1_rust_nodelay_off_c16_keepalive_ms,1.349363
latency,3,261,http1_rust_nodelay_off_c16_keepalive_ms,1.318023
latency,3,262,http1_rust_nodelay_off_c16_keepalive_ms,1.326052
latency,3,263,http1_rust_nodelay_off_c16_keepalive_ms,1.301702
latency,3,264,http1_rust_nodelay_off_c16_keepalive_ms,1.327893
latency,3,265,http1_rust_nodelay_off_c16_keepalive_ms,1.353383
latency,3,266,http1_rust_nodelay_off_c16_keepalive_ms,1.375633
latency,3,267,http1_rust_nodelay_off_c16_keepalive_ms,0.972257
latency,3,268,http1_rust_nodelay_off_c16_keepalive_ms,1.067558
latency,3,269,http1_rust_nodelay_off_c16_keepalive_ms,1.095689
latency,3,270,http1_rust_nodelay_off_c16_keepalive_ms,1.400734
latency,3,271,http1_rust_nodelay_off_c16_keepalive_ms,1.057437
latency,3,272,http1_rust_nodelay_off_c16_keepalive_ms,1.397534
latency,3,273,http1_rust_nodelay_off_c16_keepalive_ms,1.058598
latency,3,274,http1_rust_nodelay_off_c16_keepalive_ms,1.323233
latency,3,275,http1_rust_nodelay_off_c16_keepalive_ms,1.082708
latency,3,276,http1_rust_nodelay_off_c16_keepalive_ms,1.411744
latency,3,277,http1_rust_nodelay_off_c16_keepalive_ms,1.364283
latency,3,278,http1_rust_nodelay_off_c16_keepalive_ms,1.002877
latency,3,279,http1_rust_nodelay_off_c16_keepalive_ms,1.288602
latency,3,280,http1_rust_nodelay_off_c16_keepalive_ms,1.031668
latency,3,281,http1_rust_nodelay_off_c16_keepalive_ms,1.323662
latency,3,282,http1_rust_nodelay_off_c16_keepalive_ms,1.023448
latency,3,283,http1_rust_nodelay_off_c16_keepalive_ms,1.344632
latency,3,284,http1_rust_nodelay_off_c16_keepalive_ms,1.023868
latency,3,285,http1_rust_nodelay_off_c16_keepalive_ms,1.526906
latency,3,286,http1_rust_nodelay_off_c16_keepalive_ms,1.059108
latency,3,287,http1_rust_nodelay_off_c16_keepalive_ms,1.313282
latency,3,288,http1_rust_nodelay_off_c16_keepalive_ms,1.390484
latency,3,289,http1_rust_nodelay_off_c16_keepalive_ms,1.072018
latency,3,290,http1_rust_nodelay_off_c16_keepalive_ms,1.081828
latency,3,291,http1_rust_nodelay_off_c16_keepalive_ms,1.342543
latency,3,292,http1_rust_nodelay_off_c16_keepalive_ms,0.988137
latency,3,293,http1_rust_nodelay_off_c16_keepalive_ms,1.388943
latency,3,294,http1_rust_nodelay_off_c16_keepalive_ms,1.060818
latency,3,295,http1_rust_nodelay_off_c16_keepalive_ms,1.008178
latency,3,296,http1_rust_nodelay_off_c16_keepalive_ms,1.323812
latency,3,297,http1_rust_nodelay_off_c16_keepalive_ms,1.019447
latency,3,298,http1_rust_nodelay_off_c16_keepalive_ms,1.433335
latency,3,299,http1_rust_nodelay_off_c16_keepalive_ms,1.420574
latency,3,300,http1_rust_nodelay_off_c16_keepalive_ms,1.132739
latency,3,301,http1_rust_nodelay_off_c16_keepalive_ms,1.037248
latency,3,302,http1_rust_nodelay_off_c16_keepalive_ms,0.987237
latency,3,303,http1_rust_nodelay_off_c16_keepalive_ms,1.384013
latency,3,304,http1_rust_nodelay_off_c16_keepalive_ms,1.386103
latency,3,305,http1_rust_nodelay_off_c16_keepalive_ms,1.293552
latency,3,306,http1_rust_nodelay_off_c16_keepalive_ms,1.441815
latency,3,307,http1_rust_nodelay_off_c16_keepalive_ms,1.271292
latency,3,308,http1_rust_nodelay_off_c16_keepalive_ms,1.103248
latency,3,309,http1_rust_nodelay_off_c16_keepalive_ms,1.394264
latency,3,310,http1_rust_nodelay_off_c16_keepalive_ms,1.468825
latency,3,311,http1_rust_nodelay_off_c16_keepalive_ms,1.425864
latency,3,312,http1_rust_nodelay_off_c16_keepalive_ms,11.584857
latency,3,313,http1_rust_nodelay_off_c16_keepalive_ms,0.932276
latency,3,314,http1_rust_nodelay_off_c16_keepalive_ms,1.283422
latency,3,315,http1_rust_nodelay_off_c16_keepalive_ms,0.921825
latency,3,316,http1_rust_nodelay_off_c16_keepalive_ms,1.629248
latency,3,317,http1_rust_nodelay_off_c16_keepalive_ms,0.952106
latency,3,318,http1_rust_nodelay_off_c16_keepalive_ms,1.234231
latency,3,319,http1_rust_nodelay_off_c16_keepalive_ms,1.306732
latency,3,640,http1_rust_nodelay_off_c16_keepalive_ms,1.412133
latency,3,641,http1_rust_nodelay_off_c16_keepalive_ms,1.198671
latency,3,642,http1_rust_nodelay_off_c16_keepalive_ms,1.621007
latency,3,643,http1_rust_nodelay_off_c16_keepalive_ms,1.073429
latency,3,644,http1_rust_nodelay_off_c16_keepalive_ms,1.437044
latency,3,645,http1_rust_nodelay_off_c16_keepalive_ms,1.086199
latency,3,646,http1_rust_nodelay_off_c16_keepalive_ms,1.406493
latency,3,647,http1_rust_nodelay_off_c16_keepalive_ms,1.495326
latency,3,648,http1_rust_nodelay_off_c16_keepalive_ms,1.475955
latency,3,649,http1_rust_nodelay_off_c16_keepalive_ms,1.467035
latency,3,650,http1_rust_nodelay_off_c16_keepalive_ms,1.448744
latency,3,651,http1_rust_nodelay_off_c16_keepalive_ms,1.374594
latency,3,652,http1_rust_nodelay_off_c16_keepalive_ms,1.434394
latency,3,653,http1_rust_nodelay_off_c16_keepalive_ms,1.416654
latency,3,654,http1_rust_nodelay_off_c16_keepalive_ms,1.309603
latency,3,655,http1_rust_nodelay_off_c16_keepalive_ms,1.005317
latency,3,656,http1_rust_nodelay_off_c16_keepalive_ms,1.275791
latency,3,657,http1_rust_nodelay_off_c16_keepalive_ms,1.339683
latency,3,658,http1_rust_nodelay_off_c16_keepalive_ms,1.368293
latency,3,659,http1_rust_nodelay_off_c16_keepalive_ms,1.355503
latency,3,660,http1_rust_nodelay_off_c16_keepalive_ms,1.426285
latency,3,661,http1_rust_nodelay_off_c16_keepalive_ms,1.406284
latency,3,662,http1_rust_nodelay_off_c16_keepalive_ms,1.407273
latency,3,663,http1_rust_nodelay_off_c16_keepalive_ms,6.654203
latency,3,664,http1_rust_nodelay_off_c16_keepalive_ms,1.337503
latency,3,665,http1_rust_nodelay_off_c16_keepalive_ms,1.000857
latency,3,666,http1_rust_nodelay_off_c16_keepalive_ms,7.407596
latency,3,667,http1_rust_nodelay_off_c16_keepalive_ms,1.302532
latency,3,668,http1_rust_nodelay_off_c16_keepalive_ms,1.091339
latency,3,669,http1_rust_nodelay_off_c16_keepalive_ms,1.413694
latency,3,670,http1_rust_nodelay_off_c16_keepalive_ms,1.423744
latency,3,671,http1_rust_nodelay_off_c16_keepalive_ms,1.413024
latency,3,672,http1_rust_nodelay_off_c16_keepalive_ms,1.304042
latency,3,673,http1_rust_nodelay_off_c16_keepalive_ms,1.333193
latency,3,674,http1_rust_nodelay_off_c16_keepalive_ms,0.968646
latency,3,675,http1_rust_nodelay_off_c16_keepalive_ms,1.415024
latency,3,676,http1_rust_nodelay_off_c16_keepalive_ms,1.467445
latency,3,677,http1_rust_nodelay_off_c16_keepalive_ms,1.231201
latency,3,678,http1_rust_nodelay_off_c16_keepalive_ms,0.996977
latency,3,679,http1_rust_nodelay_off_c16_keepalive_ms,1.303262
latency,3,680,http1_rust_nodelay_off_c16_keepalive_ms,1.418664
latency,3,681,http1_rust_nodelay_off_c16_keepalive_ms,0.998027
latency,3,682,http1_rust_nodelay_off_c16_keepalive_ms,1.205561
latency,3,683,http1_rust_nodelay_off_c16_keepalive_ms,1.347832
latency,3,684,http1_rust_nodelay_off_c16_keepalive_ms,1.024628
latency,3,685,http1_rust_nodelay_off_c16_keepalive_ms,1.257881
latency,3,686,http1_rust_nodelay_off_c16_keepalive_ms,1.363003
latency,3,687,http1_rust_nodelay_off_c16_keepalive_ms,1.101699
latency,3,688,http1_rust_nodelay_off_c16_keepalive_ms,1.490516
latency,3,689,http1_rust_nodelay_off_c16_keepalive_ms,1.495915
latency,3,690,http1_rust_nodelay_off_c16_keepalive_ms,1.367673
latency,3,691,http1_rust_nodelay_off_c16_keepalive_ms,1.347873
latency,3,692,http1_rust_nodelay_off_c16_keepalive_ms,0.696052
latency,3,693,http1_rust_nodelay_off_c16_keepalive_ms,1.340583
latency,3,694,http1_rust_nodelay_off_c16_keepalive_ms,1.022087
latency,3,695,http1_rust_nodelay_off_c16_keepalive_ms,1.323282
latency,3,696,http1_rust_nodelay_off_c16_keepalive_ms,1.020968
latency,3,697,http1_rust_nodelay_off_c16_keepalive_ms,1.439854
latency,3,698,http1_rust_nodelay_off_c16_keepalive_ms,1.086179
latency,3,699,http1_rust_nodelay_off_c16_keepalive_ms,1.093588
latency,3,700,http1_rust_nodelay_off_c16_keepalive_ms,1.368604
latency,3,701,http1_rust_nodelay_off_c16_keepalive_ms,0.987397
latency,3,702,http1_rust_nodelay_off_c16_keepalive_ms,1.386923
latency,3,703,http1_rust_nodelay_off_c16_keepalive_ms,1.383843
latency,3,704,http1_rust_nodelay_off_c16_keepalive_ms,1.034228
latency,3,705,http1_rust_nodelay_off_c16_keepalive_ms,1.397384
latency,3,706,http1_rust_nodelay_off_c16_keepalive_ms,1.358933
latency,3,707,http1_rust_nodelay_off_c16_keepalive_ms,1.420414
latency,3,708,http1_rust_nodelay_off_c16_keepalive_ms,1.051198
latency,3,709,http1_rust_nodelay_off_c16_keepalive_ms,1.427524
latency,3,710,http1_rust_nodelay_off_c16_keepalive_ms,1.044858
latency,3,711,http1_rust_nodelay_off_c16_keepalive_ms,1.080938
latency,3,712,http1_rust_nodelay_off_c16_keepalive_ms,1.122449
latency,3,713,http1_rust_nodelay_off_c16_keepalive_ms,1.871172
latency,3,714,http1_rust_nodelay_off_c16_keepalive_ms,1.446404
latency,3,715,http1_rust_nodelay_off_c16_keepalive_ms,1.372734
latency,3,716,http1_rust_nodelay_off_c16_keepalive_ms,1.036458
latency,3,717,http1_rust_nodelay_off_c16_keepalive_ms,12.283278
latency,3,718,http1_rust_nodelay_off_c16_keepalive_ms,0.926756
latency,3,719,http1_rust_nodelay_off_c16_keepalive_ms,0.885745
latency,3,1120,http1_rust_nodelay_off_c16_keepalive_ms,1.540026
latency,3,1121,http1_rust_nodelay_off_c16_keepalive_ms,1.260792
latency,3,1122,http1_rust_nodelay_off_c16_keepalive_ms,1.615977
latency,3,1123,http1_rust_nodelay_off_c16_keepalive_ms,1.452405
latency,3,1124,http1_rust_nodelay_off_c16_keepalive_ms,1.418384
latency,3,1125,http1_rust_nodelay_off_c16_keepalive_ms,1.083969
latency,3,1126,http1_rust_nodelay_off_c16_keepalive_ms,1.414124
latency,3,1127,http1_rust_nodelay_off_c16_keepalive_ms,1.070258
latency,3,1128,http1_rust_nodelay_off_c16_keepalive_ms,1.118709
latency,3,1129,http1_rust_nodelay_off_c16_keepalive_ms,1.094439
latency,3,1130,http1_rust_nodelay_off_c16_keepalive_ms,1.435834
latency,3,1131,http1_rust_nodelay_off_c16_keepalive_ms,1.317712
latency,3,1132,http1_rust_nodelay_off_c16_keepalive_ms,1.085989
latency,3,1133,http1_rust_nodelay_off_c16_keepalive_ms,1.093988
latency,3,1134,http1_rust_nodelay_off_c16_keepalive_ms,1.064478
latency,3,1135,http1_rust_nodelay_off_c16_keepalive_ms,1.301303
latency,3,1136,http1_rust_nodelay_off_c16_keepalive_ms,1.305242
latency,3,1137,http1_rust_nodelay_off_c16_keepalive_ms,1.274141
latency,3,1138,http1_rust_nodelay_off_c16_keepalive_ms,1.038398
latency,3,1139,http1_rust_nodelay_off_c16_keepalive_ms,1.211380
latency,3,1140,http1_rust_nodelay_off_c16_keepalive_ms,1.318183
latency,3,1141,http1_rust_nodelay_off_c16_keepalive_ms,1.068548
latency,3,1142,http1_rust_nodelay_off_c16_keepalive_ms,1.463025
latency,3,1143,http1_rust_nodelay_off_c16_keepalive_ms,1.396374
latency,3,1144,http1_rust_nodelay_off_c16_keepalive_ms,1.465884
latency,3,1145,http1_rust_nodelay_off_c16_keepalive_ms,18.349322
latency,3,1146,http1_rust_nodelay_off_c16_keepalive_ms,1.423965
latency,3,1147,http1_rust_nodelay_off_c16_keepalive_ms,1.095848
latency,3,1148,http1_rust_nodelay_off_c16_keepalive_ms,1.386664
latency,3,1149,http1_rust_nodelay_off_c16_keepalive_ms,1.069178
latency,3,1150,http1_rust_nodelay_off_c16_keepalive_ms,1.376443
latency,3,1151,http1_rust_nodelay_off_c16_keepalive_ms,1.337003
latency,3,1152,http1_rust_nodelay_off_c16_keepalive_ms,1.420134
latency,3,1153,http1_rust_nodelay_off_c16_keepalive_ms,1.111729
latency,3,1154,http1_rust_nodelay_off_c16_keepalive_ms,0.988107
latency,3,1155,http1_rust_nodelay_off_c16_keepalive_ms,1.297162
latency,3,1156,http1_rust_nodelay_off_c16_keepalive_ms,0.978476
latency,3,1157,http1_rust_nodelay_off_c16_keepalive_ms,1.327943
latency,3,1158,http1_rust_nodelay_off_c16_keepalive_ms,1.350463
latency,3,1159,http1_rust_nodelay_off_c16_keepalive_ms,1.289352
latency,3,1160,http1_rust_nodelay_off_c16_keepalive_ms,1.342693
latency,3,1161,http1_rust_nodelay_off_c16_keepalive_ms,1.023037
latency,3,1162,http1_rust_nodelay_off_c16_keepalive_ms,1.473755
latency,3,1163,http1_rust_nodelay_off_c16_keepalive_ms,1.362903
latency,3,1164,http1_rust_nodelay_off_c16_keepalive_ms,1.499616
latency,3,1165,http1_rust_nodelay_off_c16_keepalive_ms,1.470515
latency,3,1166,http1_rust_nodelay_off_c16_keepalive_ms,1.442734
latency,3,1167,http1_rust_nodelay_off_c16_keepalive_ms,1.331213
latency,3,1168,http1_rust_nodelay_off_c16_keepalive_ms,1.086608
latency,3,1169,http1_rust_nodelay_off_c16_keepalive_ms,1.297572
latency,3,1170,http1_rust_nodelay_off_c16_keepalive_ms,1.043658
latency,3,1171,http1_rust_nodelay_off_c16_keepalive_ms,1.307332
latency,3,1172,http1_rust_nodelay_off_c16_keepalive_ms,1.374083
latency,3,1173,http1_rust_nodelay_off_c16_keepalive_ms,1.386134
latency,3,1174,http1_rust_nodelay_off_c16_keepalive_ms,1.106909
latency,3,1175,http1_rust_nodelay_off_c16_keepalive_ms,1.050978
latency,3,1176,http1_rust_nodelay_off_c16_keepalive_ms,1.442364
latency,3,1177,http1_rust_nodelay_off_c16_keepalive_ms,1.004958
latency,3,1178,http1_rust_nodelay_off_c16_keepalive_ms,1.349782
latency,3,1179,http1_rust_nodelay_off_c16_keepalive_ms,1.036538
latency,3,1180,http1_rust_nodelay_off_c16_keepalive_ms,1.306842
latency,3,1181,http1_rust_nodelay_off_c16_keepalive_ms,0.817004
latency,3,1182,http1_rust_nodelay_off_c16_keepalive_ms,1.369223
latency,3,1183,http1_rust_nodelay_off_c16_keepalive_ms,1.016318
latency,3,1184,http1_rust_nodelay_off_c16_keepalive_ms,1.419214
latency,3,1185,http1_rust_nodelay_off_c16_keepalive_ms,1.052897
latency,3,1186,http1_rust_nodelay_off_c16_keepalive_ms,10.711172
latency,3,1187,http1_rust_nodelay_off_c16_keepalive_ms,1.319843
latency,3,1188,http1_rust_nodelay_off_c16_keepalive_ms,0.969997
latency,3,1189,http1_rust_nodelay_off_c16_keepalive_ms,1.559736
latency,3,1190,http1_rust_nodelay_off_c16_keepalive_ms,1.186310
latency,3,1191,http1_rust_nodelay_off_c16_keepalive_ms,0.688522
latency,3,1192,http1_rust_nodelay_off_c16_keepalive_ms,1.239211
latency,3,1193,http1_rust_nodelay_off_c16_keepalive_ms,0.960446
latency,3,1194,http1_rust_nodelay_off_c16_keepalive_ms,1.581317
latency,3,1195,http1_rust_nodelay_off_c16_keepalive_ms,1.232081
latency,3,1196,http1_rust_nodelay_off_c16_keepalive_ms,0.659881
latency,3,1197,http1_rust_nodelay_off_c16_keepalive_ms,1.301502
latency,3,1198,http1_rust_nodelay_off_c16_keepalive_ms,1.193350
latency,3,1199,http1_rust_nodelay_off_c16_keepalive_ms,1.081119
latency,3,960,http1_rust_nodelay_off_c16_keepalive_ms,1.504266
latency,3,961,http1_rust_nodelay_off_c16_keepalive_ms,1.654428
latency,3,962,http1_rust_nodelay_off_c16_keepalive_ms,13.363857
latency,3,963,http1_rust_nodelay_off_c16_keepalive_ms,1.090808
latency,3,964,http1_rust_nodelay_off_c16_keepalive_ms,1.039208
latency,3,965,http1_rust_nodelay_off_c16_keepalive_ms,1.311192
latency,3,966,http1_rust_nodelay_off_c16_keepalive_ms,1.037848
latency,3,967,http1_rust_nodelay_off_c16_keepalive_ms,1.271672
latency,3,968,http1_rust_nodelay_off_c16_keepalive_ms,1.349272
latency,3,969,http1_rust_nodelay_off_c16_keepalive_ms,1.323363
latency,3,970,http1_rust_nodelay_off_c16_keepalive_ms,1.328073
latency,3,971,http1_rust_nodelay_off_c16_keepalive_ms,1.281871
latency,3,972,http1_rust_nodelay_off_c16_keepalive_ms,1.437885
latency,3,973,http1_rust_nodelay_off_c16_keepalive_ms,1.054518
latency,3,974,http1_rust_nodelay_off_c16_keepalive_ms,1.072508
latency,3,975,http1_rust_nodelay_off_c16_keepalive_ms,1.489415
latency,3,976,http1_rust_nodelay_off_c16_keepalive_ms,1.417844
latency,3,977,http1_rust_nodelay_off_c16_keepalive_ms,1.494576
latency,3,978,http1_rust_nodelay_off_c16_keepalive_ms,1.392764
latency,3,979,http1_rust_nodelay_off_c16_keepalive_ms,1.084658
latency,3,980,http1_rust_nodelay_off_c16_keepalive_ms,1.306602
latency,3,981,http1_rust_nodelay_off_c16_keepalive_ms,1.307612
latency,3,982,http1_rust_nodelay_off_c16_keepalive_ms,1.033768
latency,3,983,http1_rust_nodelay_off_c16_keepalive_ms,1.266291
latency,3,984,http1_rust_nodelay_off_c16_keepalive_ms,1.067289
latency,3,985,http1_rust_nodelay_off_c16_keepalive_ms,1.289342
latency,3,986,http1_rust_nodelay_off_c16_keepalive_ms,1.001966
latency,3,987,http1_rust_nodelay_off_c16_keepalive_ms,1.370864
latency,3,988,http1_rust_nodelay_off_c16_keepalive_ms,1.038137
latency,3,989,http1_rust_nodelay_off_c16_keepalive_ms,1.354823
latency,3,990,http1_rust_nodelay_off_c16_keepalive_ms,1.413434
latency,3,991,http1_rust_nodelay_off_c16_keepalive_ms,10.365426
latency,3,992,http1_rust_nodelay_off_c16_keepalive_ms,1.293692
latency,3,993,http1_rust_nodelay_off_c16_keepalive_ms,1.018018
latency,3,994,http1_rust_nodelay_off_c16_keepalive_ms,1.318422
latency,3,995,http1_rust_nodelay_off_c16_keepalive_ms,1.339353
latency,3,996,http1_rust_nodelay_off_c16_keepalive_ms,1.039668
latency,3,997,http1_rust_nodelay_off_c16_keepalive_ms,1.368323
latency,3,998,http1_rust_nodelay_off_c16_keepalive_ms,1.021607
latency,3,999,http1_rust_nodelay_off_c16_keepalive_ms,1.252511
latency,3,1000,http1_rust_nodelay_off_c16_keepalive_ms,1.027788
latency,3,1001,http1_rust_nodelay_off_c16_keepalive_ms,1.267851
latency,3,1002,http1_rust_nodelay_off_c16_keepalive_ms,1.522136
latency,3,1003,http1_rust_nodelay_off_c16_keepalive_ms,1.047338
latency,3,1004,http1_rust_nodelay_off_c16_keepalive_ms,1.152929
latency,3,1005,http1_rust_nodelay_off_c16_keepalive_ms,1.287802
latency,3,1006,http1_rust_nodelay_off_c16_keepalive_ms,1.069919
latency,3,1007,http1_rust_nodelay_off_c16_keepalive_ms,1.318522
latency,3,1008,http1_rust_nodelay_off_c16_keepalive_ms,1.412894
latency,3,1009,http1_rust_nodelay_off_c16_keepalive_ms,0.996957
latency,3,1010,http1_rust_nodelay_off_c16_keepalive_ms,1.326632
latency,3,1011,http1_rust_nodelay_off_c16_keepalive_ms,1.406684
latency,3,1012,http1_rust_nodelay_off_c16_keepalive_ms,1.107409
latency,3,1013,http1_rust_nodelay_off_c16_keepalive_ms,1.457015
latency,3,1014,http1_rust_nodelay_off_c16_keepalive_ms,1.387554
latency,3,1015,http1_rust_nodelay_off_c16_keepalive_ms,0.982876
latency,3,1016,http1_rust_nodelay_off_c16_keepalive_ms,1.392424
latency,3,1017,http1_rust_nodelay_off_c16_keepalive_ms,1.339193
latency,3,1018,http1_rust_nodelay_off_c16_keepalive_ms,1.080788
latency,3,1019,http1_rust_nodelay_off_c16_keepalive_ms,1.437265
latency,3,1020,http1_rust_nodelay_off_c16_keepalive_ms,1.276411
latency,3,1021,http1_rust_nodelay_off_c16_keepalive_ms,1.103479
latency,3,1022,http1_rust_nodelay_off_c16_keepalive_ms,1.394524
latency,3,1023,http1_rust_nodelay_off_c16_keepalive_ms,1.468444
latency,3,1024,http1_rust_nodelay_off_c16_keepalive_ms,1.426105
latency,3,1025,http1_rust_nodelay_off_c16_keepalive_ms,1.409714
latency,3,1026,http1_rust_nodelay_off_c16_keepalive_ms,1.540236
latency,3,1027,http1_rust_nodelay_off_c16_keepalive_ms,1.436864
latency,3,1028,http1_rust_nodelay_off_c16_keepalive_ms,0.982217
latency,3,1029,http1_rust_nodelay_off_c16_keepalive_ms,1.334063
latency,3,1030,http1_rust_nodelay_off_c16_keepalive_ms,1.402484
latency,3,1031,http1_rust_nodelay_off_c16_keepalive_ms,1.337562
latency,3,1032,http1_rust_nodelay_off_c16_keepalive_ms,6.552302
latency,3,1033,http1_rust_nodelay_off_c16_keepalive_ms,1.247651
latency,3,1034,http1_rust_nodelay_off_c16_keepalive_ms,0.950976
latency,3,1035,http1_rust_nodelay_off_c16_keepalive_ms,1.328902
latency,3,1036,http1_rust_nodelay_off_c16_keepalive_ms,1.241981
latency,3,1037,http1_rust_nodelay_off_c16_keepalive_ms,1.126530
latency,3,1038,http1_rust_nodelay_off_c16_keepalive_ms,1.063398
latency,3,1039,http1_rust_nodelay_off_c16_keepalive_ms,1.850221
latency,3,1200,http1_rust_nodelay_off_c16_keepalive_ms,1.384694
latency,3,1201,http1_rust_nodelay_off_c16_keepalive_ms,1.612057
latency,3,1202,http1_rust_nodelay_off_c16_keepalive_ms,1.205791
latency,3,1203,http1_rust_nodelay_off_c16_keepalive_ms,1.463555
latency,3,1204,http1_rust_nodelay_off_c16_keepalive_ms,1.414404
latency,3,1205,http1_rust_nodelay_off_c16_keepalive_ms,1.034037
latency,3,1206,http1_rust_nodelay_off_c16_keepalive_ms,1.038158
latency,3,1207,http1_rust_nodelay_off_c16_keepalive_ms,10.395566
latency,3,1208,http1_rust_nodelay_off_c16_keepalive_ms,1.024858
latency,3,1209,http1_rust_nodelay_off_c16_keepalive_ms,1.273282
latency,3,1210,http1_rust_nodelay_off_c16_keepalive_ms,1.339462
latency,3,1211,http1_rust_nodelay_off_c16_keepalive_ms,1.298182
latency,3,1212,http1_rust_nodelay_off_c16_keepalive_ms,1.050888
latency,3,1213,http1_rust_nodelay_off_c16_keepalive_ms,1.334243
latency,3,1214,http1_rust_nodelay_off_c16_keepalive_ms,1.051088
latency,3,1215,http1_rust_nodelay_off_c16_keepalive_ms,1.387053
latency,3,1216,http1_rust_nodelay_off_c16_keepalive_ms,1.078949
latency,3,1217,http1_rust_nodelay_off_c16_keepalive_ms,1.046057
latency,3,1218,http1_rust_nodelay_off_c16_keepalive_ms,1.514306
latency,3,1219,http1_rust_nodelay_off_c16_keepalive_ms,1.395734
latency,3,1220,http1_rust_nodelay_off_c16_keepalive_ms,1.469325
latency,3,1221,http1_rust_nodelay_off_c16_keepalive_ms,1.429024
latency,3,1222,http1_rust_nodelay_off_c16_keepalive_ms,6.986359
latency,3,1223,http1_rust_nodelay_off_c16_keepalive_ms,1.058568
latency,3,1224,http1_rust_nodelay_off_c16_keepalive_ms,1.268321
latency,3,1225,http1_rust_nodelay_off_c16_keepalive_ms,9.027123
latency,3,1226,http1_rust_nodelay_off_c16_keepalive_ms,1.336053
latency,3,1227,http1_rust_nodelay_off_c16_keepalive_ms,1.341403
latency,3,1228,http1_rust_nodelay_off_c16_keepalive_ms,1.041458
latency,3,1229,http1_rust_nodelay_off_c16_keepalive_ms,1.467475
latency,3,1230,http1_rust_nodelay_off_c16_keepalive_ms,1.274611
latency,3,1231,http1_rust_nodelay_off_c16_keepalive_ms,0.997037
latency,3,1232,http1_rust_nodelay_off_c16_keepalive_ms,1.302822
latency,3,1233,http1_rust_nodelay_off_c16_keepalive_ms,10.311686
latency,3,1234,http1_rust_nodelay_off_c16_keepalive_ms,1.420154
latency,3,1235,http1_rust_nodelay_off_c16_keepalive_ms,1.059368
latency,3,1236,http1_rust_nodelay_off_c16_keepalive_ms,1.334002
latency,3,1237,http1_rust_nodelay_off_c16_keepalive_ms,1.382984
latency,3,1238,http1_rust_nodelay_off_c16_keepalive_ms,1.297272
latency,3,1239,http1_rust_nodelay_off_c16_keepalive_ms,1.043928
latency,3,1240,http1_rust_nodelay_off_c16_keepalive_ms,1.307842
latency,3,1241,http1_rust_nodelay_off_c16_keepalive_ms,1.376053
latency,3,1242,http1_rust_nodelay_off_c16_keepalive_ms,1.384754
latency,3,1243,http1_rust_nodelay_off_c16_keepalive_ms,1.479145
latency,3,1244,http1_rust_nodelay_off_c16_keepalive_ms,1.445935
latency,3,1245,http1_rust_nodelay_off_c16_keepalive_ms,1.367443
latency,3,1246,http1_rust_nodelay_off_c16_keepalive_ms,1.348053
latency,3,1247,http1_rust_nodelay_off_c16_keepalive_ms,1.080168
latency,3,1248,http1_rust_nodelay_off_c16_keepalive_ms,1.293152
latency,3,1249,http1_rust_nodelay_off_c16_keepalive_ms,1.445685
latency,3,1250,http1_rust_nodelay_off_c16_keepalive_ms,1.064688
latency,3,1251,http1_rust_nodelay_off_c16_keepalive_ms,1.337672
latency,3,1252,http1_rust_nodelay_off_c16_keepalive_ms,1.089609
latency,3,1253,http1_rust_nodelay_off_c16_keepalive_ms,1.059458
latency,3,1254,http1_rust_nodelay_off_c16_keepalive_ms,1.471465
latency,3,1255,http1_rust_nodelay_off_c16_keepalive_ms,1.425624
latency,3,1256,http1_rust_nodelay_off_c16_keepalive_ms,1.410044
latency,3,1257,http1_rust_nodelay_off_c16_keepalive_ms,1.828911
latency,3,1258,http1_rust_nodelay_off_c16_keepalive_ms,1.105669
latency,3,1259,http1_rust_nodelay_off_c16_keepalive_ms,1.435264
latency,3,1260,http1_rust_nodelay_off_c16_keepalive_ms,1.369083
latency,3,1261,http1_rust_nodelay_off_c16_keepalive_ms,1.346093
latency,3,1262,http1_rust_nodelay_off_c16_keepalive_ms,1.040718
latency,3,1263,http1_rust_nodelay_off_c16_keepalive_ms,1.539896
latency,3,1264,http1_rust_nodelay_off_c16_keepalive_ms,0.955596
latency,3,1265,http1_rust_nodelay_off_c16_keepalive_ms,1.226871
latency,3,1266,http1_rust_nodelay_off_c16_keepalive_ms,1.305232
latency,3,1267,http1_rust_nodelay_off_c16_keepalive_ms,1.501676
latency,3,1268,http1_rust_nodelay_off_c16_keepalive_ms,1.243501
latency,3,1269,http1_rust_nodelay_off_c16_keepalive_ms,0.951096
latency,3,1270,http1_rust_nodelay_off_c16_keepalive_ms,1.329073
latency,3,1271,http1_rust_nodelay_off_c16_keepalive_ms,0.963866
latency,3,1272,http1_rust_nodelay_off_c16_keepalive_ms,1.152660
latency,3,1273,http1_rust_nodelay_off_c16_keepalive_ms,0.710572
latency,3,1274,http1_rust_nodelay_off_c16_keepalive_ms,0.942726
latency,3,1275,http1_rust_nodelay_off_c16_keepalive_ms,1.853382
latency,3,1276,http1_rust_nodelay_off_c16_keepalive_ms,0.494748
latency,3,1277,http1_rust_nodelay_off_c16_keepalive_ms,0.465248
latency,3,1278,http1_rust_nodelay_off_c16_keepalive_ms,0.645401
latency,3,1279,http1_rust_nodelay_off_c16_keepalive_ms,0.460687
latency,3,720,http1_rust_nodelay_off_c16_keepalive_ms,1.457594
latency,3,721,http1_rust_nodelay_off_c16_keepalive_ms,1.650469
latency,3,722,http1_rust_nodelay_off_c16_keepalive_ms,1.221760
latency,3,723,http1_rust_nodelay_off_c16_keepalive_ms,1.441845
latency,3,724,http1_rust_nodelay_off_c16_keepalive_ms,1.045658
latency,3,725,http1_rust_nodelay_off_c16_keepalive_ms,1.404453
latency,3,726,http1_rust_nodelay_off_c16_keepalive_ms,1.343773
latency,3,727,http1_rust_nodelay_off_c16_keepalive_ms,1.065488
latency,3,728,http1_rust_nodelay_off_c16_keepalive_ms,1.101769
latency,3,729,http1_rust_nodelay_off_c16_keepalive_ms,1.429835
latency,3,730,http1_rust_nodelay_off_c16_keepalive_ms,1.151479
latency,3,731,http1_rust_nodelay_off_c16_keepalive_ms,1.066168
latency,3,732,http1_rust_nodelay_off_c16_keepalive_ms,1.364363
latency,3,733,http1_rust_nodelay_off_c16_keepalive_ms,1.415404
latency,3,734,http1_rust_nodelay_off_c16_keepalive_ms,10.440388
latency,3,735,http1_rust_nodelay_off_c16_keepalive_ms,1.096299
latency,3,736,http1_rust_nodelay_off_c16_keepalive_ms,1.055417
latency,3,737,http1_rust_nodelay_off_c16_keepalive_ms,1.475995
latency,3,738,http1_rust_nodelay_off_c16_keepalive_ms,1.421175
latency,3,739,http1_rust_nodelay_off_c16_keepalive_ms,1.504095
latency,3,740,http1_rust_nodelay_off_c16_keepalive_ms,1.418894
latency,3,741,http1_rust_nodelay_off_c16_keepalive_ms,1.388224
latency,3,742,http1_rust_nodelay_off_c16_keepalive_ms,1.026587
latency,3,743,http1_rust_nodelay_off_c16_keepalive_ms,1.311042
latency,3,744,http1_rust_nodelay_off_c16_keepalive_ms,1.026038
latency,3,745,http1_rust_nodelay_off_c16_keepalive_ms,1.307432
latency,3,746,http1_rust_nodelay_off_c16_keepalive_ms,0.967467
latency,3,747,http1_rust_nodelay_off_c16_keepalive_ms,1.044797
latency,3,748,http1_rust_nodelay_off_c16_keepalive_ms,1.289062
latency,3,749,http1_rust_nodelay_off_c16_keepalive_ms,1.037168
latency,3,750,http1_rust_nodelay_off_c16_keepalive_ms,1.334182
latency,3,751,http1_rust_nodelay_off_c16_keepalive_ms,0.993577
latency,3,752,http1_rust_nodelay_off_c16_keepalive_ms,1.402984
latency,3,753,http1_rust_nodelay_off_c16_keepalive_ms,1.445835
latency,3,754,http1_rust_nodelay_off_c16_keepalive_ms,1.404884
latency,3,755,http1_rust_nodelay_off_c16_keepalive_ms,1.438524
latency,3,756,http1_rust_nodelay_off_c16_keepalive_ms,1.359413
latency,3,757,http1_rust_nodelay_off_c16_keepalive_ms,1.031868
latency,3,758,http1_rust_nodelay_off_c16_keepalive_ms,1.353653
latency,3,759,http1_rust_nodelay_off_c16_keepalive_ms,1.159260
latency,3,760,http1_rust_nodelay_off_c16_keepalive_ms,1.018497
latency,3,761,http1_rust_nodelay_off_c16_keepalive_ms,1.297032
latency,3,762,http1_rust_nodelay_off_c16_keepalive_ms,1.326022
latency,3,763,http1_rust_nodelay_off_c16_keepalive_ms,1.311843
latency,3,764,http1_rust_nodelay_off_c16_keepalive_ms,9.792846
latency,3,765,http1_rust_nodelay_off_c16_keepalive_ms,1.121559
latency,3,766,http1_rust_nodelay_off_c16_keepalive_ms,1.396134
latency,3,767,http1_rust_nodelay_off_c16_keepalive_ms,1.029087
latency,3,768,http1_rust_nodelay_off_c16_keepalive_ms,0.987267
latency,3,769,http1_rust_nodelay_off_c16_keepalive_ms,9.753856
latency,3,770,http1_rust_nodelay_off_c16_keepalive_ms,1.387283
latency,3,771,http1_rust_nodelay_off_c16_keepalive_ms,1.374964
latency,3,772,http1_rust_nodelay_off_c16_keepalive_ms,1.361193
latency,3,773,http1_rust_nodelay_off_c16_keepalive_ms,1.007887
latency,3,774,http1_rust_nodelay_off_c16_keepalive_ms,1.409944
latency,3,775,http1_rust_nodelay_off_c16_keepalive_ms,1.087758
latency,3,776,http1_rust_nodelay_off_c16_keepalive_ms,8.853551
latency,3,777,http1_rust_nodelay_off_c16_keepalive_ms,1.575577
latency,3,778,http1_rust_nodelay_off_c16_keepalive_ms,1.447194
latency,3,779,http1_rust_nodelay_off_c16_keepalive_ms,1.327223
latency,3,780,http1_rust_nodelay_off_c16_keepalive_ms,1.053428
latency,3,781,http1_rust_nodelay_off_c16_keepalive_ms,1.316012
latency,3,782,http1_rust_nodelay_off_c16_keepalive_ms,1.244501
latency,3,783,http1_rust_nodelay_off_c16_keepalive_ms,1.289412
latency,3,784,http1_rust_nodelay_off_c16_keepalive_ms,1.185960
latency,3,785,http1_rust_nodelay_off_c16_keepalive_ms,0.986447
latency,3,786,http1_rust_nodelay_off_c16_keepalive_ms,1.218281
latency,3,787,http1_rust_nodelay_off_c16_keepalive_ms,1.303862
latency,3,788,http1_rust_nodelay_off_c16_keepalive_ms,1.292152
latency,3,789,http1_rust_nodelay_off_c16_keepalive_ms,1.196060
latency,3,790,http1_rust_nodelay_off_c16_keepalive_ms,1.035727
latency,3,791,http1_rust_nodelay_off_c16_keepalive_ms,1.147780
latency,3,792,http1_rust_nodelay_off_c16_keepalive_ms,0.905205
latency,3,793,http1_rust_nodelay_off_c16_keepalive_ms,0.996237
latency,3,794,http1_rust_nodelay_off_c16_keepalive_ms,1.901263
latency,3,795,http1_rust_nodelay_off_c16_keepalive_ms,0.680321
latency,3,796,http1_rust_nodelay_off_c16_keepalive_ms,0.494249
latency,3,797,http1_rust_nodelay_off_c16_keepalive_ms,0.481078
latency,3,798,http1_rust_nodelay_off_c16_keepalive_ms,0.510038
latency,3,799,http1_rust_nodelay_off_c16_keepalive_ms,0.478388
latency,3,320,http1_rust_nodelay_off_c16_keepalive_ms,1.397384
latency,3,321,http1_rust_nodelay_off_c16_keepalive_ms,1.616178
latency,3,322,http1_rust_nodelay_off_c16_keepalive_ms,1.203220
latency,3,323,http1_rust_nodelay_off_c16_keepalive_ms,1.463485
latency,3,324,http1_rust_nodelay_off_c16_keepalive_ms,1.046618
latency,3,325,http1_rust_nodelay_off_c16_keepalive_ms,1.086828
latency,3,326,http1_rust_nodelay_off_c16_keepalive_ms,1.404904
latency,3,327,http1_rust_nodelay_off_c16_keepalive_ms,1.496555
latency,3,328,http1_rust_nodelay_off_c16_keepalive_ms,1.475986
latency,3,329,http1_rust_nodelay_off_c16_keepalive_ms,1.462695
latency,3,330,http1_rust_nodelay_off_c16_keepalive_ms,1.453024
latency,3,331,http1_rust_nodelay_off_c16_keepalive_ms,1.373783
latency,3,332,http1_rust_nodelay_off_c16_keepalive_ms,1.434385
latency,3,333,http1_rust_nodelay_off_c16_keepalive_ms,1.417804
latency,3,334,http1_rust_nodelay_off_c16_keepalive_ms,1.309822
latency,3,335,http1_rust_nodelay_off_c16_keepalive_ms,1.004007
latency,3,336,http1_rust_nodelay_off_c16_keepalive_ms,1.275692
latency,3,337,http1_rust_nodelay_off_c16_keepalive_ms,1.006647
latency,3,338,http1_rust_nodelay_off_c16_keepalive_ms,1.348693
latency,3,339,http1_rust_nodelay_off_c16_keepalive_ms,1.345883
latency,3,340,http1_rust_nodelay_off_c16_keepalive_ms,1.545176
latency,3,341,http1_rust_nodelay_off_c16_keepalive_ms,1.039218
latency,3,342,http1_rust_nodelay_off_c16_keepalive_ms,1.404244
latency,3,343,http1_rust_nodelay_off_c16_keepalive_ms,1.500395
latency,3,344,http1_rust_nodelay_off_c16_keepalive_ms,1.092078
latency,3,345,http1_rust_nodelay_off_c16_keepalive_ms,1.053188
latency,3,346,http1_rust_nodelay_off_c16_keepalive_ms,16.385789
latency,3,347,http1_rust_nodelay_off_c16_keepalive_ms,1.445585
latency,3,348,http1_rust_nodelay_off_c16_keepalive_ms,1.064808
latency,3,349,http1_rust_nodelay_off_c16_keepalive_ms,1.409553
latency,3,350,http1_rust_nodelay_off_c16_keepalive_ms,1.109289
latency,3,351,http1_rust_nodelay_off_c16_keepalive_ms,1.333313
latency,3,352,http1_rust_nodelay_off_c16_keepalive_ms,1.370873
latency,3,353,http1_rust_nodelay_off_c16_keepalive_ms,1.449045
latency,3,354,http1_rust_nodelay_off_c16_keepalive_ms,1.015517
latency,3,355,http1_rust_nodelay_off_c16_keepalive_ms,0.973336
latency,3,356,http1_rust_nodelay_off_c16_keepalive_ms,1.293242
latency,3,357,http1_rust_nodelay_off_c16_keepalive_ms,1.018118
latency,3,358,http1_rust_nodelay_off_c16_keepalive_ms,1.318652
latency,3,359,http1_rust_nodelay_off_c16_keepalive_ms,1.012558
latency,3,360,http1_rust_nodelay_off_c16_keepalive_ms,1.351713
latency,3,361,http1_rust_nodelay_off_c16_keepalive_ms,1.006997
latency,3,362,http1_rust_nodelay_off_c16_keepalive_ms,1.358933
latency,3,363,http1_rust_nodelay_off_c16_keepalive_ms,1.232981
latency,3,364,http1_rust_nodelay_off_c16_keepalive_ms,1.351483
latency,3,365,http1_rust_nodelay_off_c16_keepalive_ms,1.248081
latency,3,366,http1_rust_nodelay_off_c16_keepalive_ms,1.490815
latency,3,367,http1_rust_nodelay_off_c16_keepalive_ms,10.435927
latency,3,368,http1_rust_nodelay_off_c16_keepalive_ms,1.466805
latency,3,369,http1_rust_nodelay_off_c16_keepalive_ms,1.457025
latency,3,370,http1_rust_nodelay_off_c16_keepalive_ms,1.388354
latency,3,371,http1_rust_nodelay_off_c16_keepalive_ms,1.278692
latency,3,372,http1_rust_nodelay_off_c16_keepalive_ms,1.109098
latency,3,373,http1_rust_nodelay_off_c16_keepalive_ms,1.338533
latency,3,374,http1_rust_nodelay_off_c16_keepalive_ms,1.432074
latency,3,375,http1_rust_nodelay_off_c16_keepalive_ms,1.086089
latency,3,376,http1_rust_nodelay_off_c16_keepalive_ms,1.297622
latency,3,377,http1_rust_nodelay_off_c16_keepalive_ms,1.103659
latency,3,378,http1_rust_nodelay_off_c16_keepalive_ms,1.395193
latency,3,379,http1_rust_nodelay_off_c16_keepalive_ms,1.467055
latency,3,380,http1_rust_nodelay_off_c16_keepalive_ms,1.426214
latency,3,381,http1_rust_nodelay_off_c16_keepalive_ms,1.410514
latency,3,382,http1_rust_nodelay_off_c16_keepalive_ms,1.539747
latency,3,383,http1_rust_nodelay_off_c16_keepalive_ms,1.436774
latency,3,384,http1_rust_nodelay_off_c16_keepalive_ms,1.427864
latency,3,385,http1_rust_nodelay_off_c16_keepalive_ms,1.003127
latency,3,386,http1_rust_nodelay_off_c16_keepalive_ms,1.268582
latency,3,387,http1_rust_nodelay_off_c16_keepalive_ms,1.335283
latency,3,388,http1_rust_nodelay_off_c16_keepalive_ms,1.533566
latency,3,389,http1_rust_nodelay_off_c16_keepalive_ms,1.200630
latency,3,390,http1_rust_nodelay_off_c16_keepalive_ms,0.985537
latency,3,391,http1_rust_nodelay_off_c16_keepalive_ms,1.262591
latency,3,392,http1_rust_nodelay_off_c16_keepalive_ms,0.913996
latency,3,393,http1_rust_nodelay_off_c16_keepalive_ms,1.609287
latency,3,394,http1_rust_nodelay_off_c16_keepalive_ms,1.239731
latency,3,395,http1_rust_nodelay_off_c16_keepalive_ms,0.965276
latency,3,396,http1_rust_nodelay_off_c16_keepalive_ms,1.301312
latency,3,397,http1_rust_nodelay_off_c16_keepalive_ms,1.193711
latency,3,398,http1_rust_nodelay_off_c16_keepalive_ms,1.087128
latency,3,399,http1_rust_nodelay_off_c16_keepalive_ms,5.773778
latency,3,400,http1_rust_nodelay_off_c16_keepalive_ms,1.525266
latency,3,401,http1_rust_nodelay_off_c16_keepalive_ms,1.647698
latency,3,402,http1_rust_nodelay_off_c16_keepalive_ms,1.296002
latency,3,403,http1_rust_nodelay_off_c16_keepalive_ms,1.450435
latency,3,404,http1_rust_nodelay_off_c16_keepalive_ms,1.330903
latency,3,405,http1_rust_nodelay_off_c16_keepalive_ms,1.370473
latency,3,406,http1_rust_nodelay_off_c16_keepalive_ms,1.398563
latency,3,407,http1_rust_nodelay_off_c16_keepalive_ms,1.406424
latency,3,408,http1_rust_nodelay_off_c16_keepalive_ms,1.544017
latency,3,409,http1_rust_nodelay_off_c16_keepalive_ms,1.460385
latency,3,410,http1_rust_nodelay_off_c16_keepalive_ms,1.507435
latency,3,411,http1_rust_nodelay_off_c16_keepalive_ms,1.423854
latency,3,412,http1_rust_nodelay_off_c16_keepalive_ms,1.427755
latency,3,413,http1_rust_nodelay_off_c16_keepalive_ms,1.301532
latency,3,414,http1_rust_nodelay_off_c16_keepalive_ms,1.001087
latency,3,415,http1_rust_nodelay_off_c16_keepalive_ms,1.270901
latency,3,416,http1_rust_nodelay_off_c16_keepalive_ms,1.021327
latency,3,417,http1_rust_nodelay_off_c16_keepalive_ms,1.320363
latency,3,418,http1_rust_nodelay_off_c16_keepalive_ms,0.715272
latency,3,419,http1_rust_nodelay_off_c16_keepalive_ms,1.327013
latency,3,420,http1_rust_nodelay_off_c16_keepalive_ms,5.211428
latency,3,421,http1_rust_nodelay_off_c16_keepalive_ms,1.395684
latency,3,422,http1_rust_nodelay_off_c16_keepalive_ms,1.414484
latency,3,423,http1_rust_nodelay_off_c16_keepalive_ms,1.482475
latency,3,424,http1_rust_nodelay_off_c16_keepalive_ms,1.311093
latency,3,425,http1_rust_nodelay_off_c16_keepalive_ms,1.314482
latency,3,426,http1_rust_nodelay_off_c16_keepalive_ms,1.038397
latency,3,427,http1_rust_nodelay_off_c16_keepalive_ms,1.334073
latency,3,428,http1_rust_nodelay_off_c16_keepalive_ms,0.988067
latency,3,429,http1_rust_nodelay_off_c16_keepalive_ms,10.272935
latency,3,430,http1_rust_nodelay_off_c16_keepalive_ms,1.422534
latency,3,431,http1_rust_nodelay_off_c16_keepalive_ms,1.420554
latency,3,432,http1_rust_nodelay_off_c16_keepalive_ms,1.348033
latency,3,433,http1_rust_nodelay_off_c16_keepalive_ms,0.998967
latency,3,434,http1_rust_nodelay_off_c16_keepalive_ms,1.418394
latency,3,435,http1_rust_nodelay_off_c16_keepalive_ms,1.096968
latency,3,436,http1_rust_nodelay_off_c16_keepalive_ms,1.366333
latency,3,437,http1_rust_nodelay_off_c16_keepalive_ms,1.286352
latency,3,438,http1_rust_nodelay_off_c16_keepalive_ms,1.329333
latency,3,439,http1_rust_nodelay_off_c16_keepalive_ms,1.077398
latency,3,440,http1_rust_nodelay_off_c16_keepalive_ms,1.301092
latency,3,441,http1_rust_nodelay_off_c16_keepalive_ms,1.373544
latency,3,442,http1_rust_nodelay_off_c16_keepalive_ms,1.370173
latency,3,443,http1_rust_nodelay_off_c16_keepalive_ms,1.238311
latency,3,444,http1_rust_nodelay_off_c16_keepalive_ms,1.224301
latency,3,445,http1_rust_nodelay_off_c16_keepalive_ms,1.028477
latency,3,446,http1_rust_nodelay_off_c16_keepalive_ms,1.308973
latency,3,447,http1_rust_nodelay_off_c16_keepalive_ms,1.497925
latency,3,448,http1_rust_nodelay_off_c16_keepalive_ms,1.476315
latency,3,449,http1_rust_nodelay_off_c16_keepalive_ms,1.025947
latency,3,450,http1_rust_nodelay_off_c16_keepalive_ms,1.315343
latency,3,451,http1_rust_nodelay_off_c16_keepalive_ms,1.373793
latency,3,452,http1_rust_nodelay_off_c16_keepalive_ms,1.343963
latency,3,453,http1_rust_nodelay_off_c16_keepalive_ms,9.418980
latency,3,454,http1_rust_nodelay_off_c16_keepalive_ms,1.033127
latency,3,455,http1_rust_nodelay_off_c16_keepalive_ms,1.338283
latency,3,456,http1_rust_nodelay_off_c16_keepalive_ms,1.081119
latency,3,457,http1_rust_nodelay_off_c16_keepalive_ms,1.437414
latency,3,458,http1_rust_nodelay_off_c16_keepalive_ms,1.220461
latency,3,459,http1_rust_nodelay_off_c16_keepalive_ms,1.419164
latency,3,460,http1_rust_nodelay_off_c16_keepalive_ms,1.052398
latency,3,461,http1_rust_nodelay_off_c16_keepalive_ms,1.087768
latency,3,462,http1_rust_nodelay_off_c16_keepalive_ms,1.098079
latency,3,463,http1_rust_nodelay_off_c16_keepalive_ms,1.079388
latency,3,464,http1_rust_nodelay_off_c16_keepalive_ms,1.432815
latency,3,465,http1_rust_nodelay_off_c16_keepalive_ms,1.543456
latency,3,466,http1_rust_nodelay_off_c16_keepalive_ms,1.446274
latency,3,467,http1_rust_nodelay_off_c16_keepalive_ms,1.389954
latency,3,468,http1_rust_nodelay_off_c16_keepalive_ms,1.412144
latency,3,469,http1_rust_nodelay_off_c16_keepalive_ms,1.307982
latency,3,470,http1_rust_nodelay_off_c16_keepalive_ms,1.005447
latency,3,471,http1_rust_nodelay_off_c16_keepalive_ms,1.576227
latency,3,472,http1_rust_nodelay_off_c16_keepalive_ms,1.216501
latency,3,473,http1_rust_nodelay_off_c16_keepalive_ms,1.281552
latency,3,474,http1_rust_nodelay_off_c16_keepalive_ms,1.232111
latency,3,475,http1_rust_nodelay_off_c16_keepalive_ms,1.380793
latency,3,476,http1_rust_nodelay_off_c16_keepalive_ms,1.217661
latency,3,477,http1_rust_nodelay_off_c16_keepalive_ms,1.290552
latency,3,478,http1_rust_nodelay_off_c16_keepalive_ms,5.597595
latency,3,479,http1_rust_nodelay_off_c16_keepalive_ms,4.076639
latency,3,880,http1_rust_nodelay_off_c16_keepalive_ms,1.247871
latency,3,881,http1_rust_nodelay_off_c16_keepalive_ms,1.613857
latency,3,882,http1_rust_nodelay_off_c16_keepalive_ms,1.506996
latency,3,883,http1_rust_nodelay_off_c16_keepalive_ms,1.452935
latency,3,884,http1_rust_nodelay_off_c16_keepalive_ms,1.417634
latency,3,885,http1_rust_nodelay_off_c16_keepalive_ms,1.370683
latency,3,886,http1_rust_nodelay_off_c16_keepalive_ms,1.127269
latency,3,887,http1_rust_nodelay_off_c16_keepalive_ms,1.071158
latency,3,888,http1_rust_nodelay_off_c16_keepalive_ms,1.119250
latency,3,889,http1_rust_nodelay_off_c16_keepalive_ms,1.425134
latency,3,890,http1_rust_nodelay_off_c16_keepalive_ms,1.468515
latency,3,891,http1_rust_nodelay_off_c16_keepalive_ms,1.474345
latency,3,892,http1_rust_nodelay_off_c16_keepalive_ms,1.433734
latency,3,893,http1_rust_nodelay_off_c16_keepalive_ms,1.397504
latency,3,894,http1_rust_nodelay_off_c16_keepalive_ms,0.991947
latency,3,895,http1_rust_nodelay_off_c16_keepalive_ms,1.303382
latency,3,896,http1_rust_nodelay_off_c16_keepalive_ms,0.956846
latency,3,897,http1_rust_nodelay_off_c16_keepalive_ms,1.358223
latency,3,898,http1_rust_nodelay_off_c16_keepalive_ms,0.994727
latency,3,899,http1_rust_nodelay_off_c16_keepalive_ms,1.005317
latency,3,900,http1_rust_nodelay_off_c16_keepalive_ms,1.314242
latency,3,901,http1_rust_nodelay_off_c16_keepalive_ms,1.093839
latency,3,902,http1_rust_nodelay_off_c16_keepalive_ms,1.383014
latency,3,903,http1_rust_nodelay_off_c16_keepalive_ms,1.407183
latency,3,904,http1_rust_nodelay_off_c16_keepalive_ms,4.304404
latency,3,905,http1_rust_nodelay_off_c16_keepalive_ms,5.935800
latency,3,906,http1_rust_nodelay_off_c16_keepalive_ms,0.988737
latency,3,907,http1_rust_nodelay_off_c16_keepalive_ms,1.264872
latency,3,908,http1_rust_nodelay_off_c16_keepalive_ms,1.336213
latency,3,909,http1_rust_nodelay_off_c16_keepalive_ms,1.050787
latency,3,910,http1_rust_nodelay_off_c16_keepalive_ms,1.309572
latency,3,911,http1_rust_nodelay_off_c16_keepalive_ms,1.062128
latency,3,912,http1_rust_nodelay_off_c16_keepalive_ms,10.289705
latency,3,913,http1_rust_nodelay_off_c16_keepalive_ms,1.127970
latency,3,914,http1_rust_nodelay_off_c16_keepalive_ms,1.358133
latency,3,915,http1_rust_nodelay_off_c16_keepalive_ms,1.166199
latency,3,916,http1_rust_nodelay_off_c16_keepalive_ms,0.999637
latency,3,917,http1_rust_nodelay_off_c16_keepalive_ms,1.295742
latency,3,918,http1_rust_nodelay_off_c16_keepalive_ms,1.343303
latency,3,919,http1_rust_nodelay_off_c16_keepalive_ms,1.328933
latency,3,920,http1_rust_nodelay_off_c16_keepalive_ms,1.344473
latency,3,921,http1_rust_nodelay_off_c16_keepalive_ms,1.349962
latency,3,922,http1_rust_nodelay_off_c16_keepalive_ms,10.052381
latency,3,923,http1_rust_nodelay_off_c16_keepalive_ms,1.300053
latency,3,924,http1_rust_nodelay_off_c16_keepalive_ms,1.411584
latency,3,925,http1_rust_nodelay_off_c16_keepalive_ms,0.998387
latency,3,926,http1_rust_nodelay_off_c16_keepalive_ms,1.325582
latency,3,927,http1_rust_nodelay_off_c16_keepalive_ms,1.091898
latency,3,928,http1_rust_nodelay_off_c16_keepalive_ms,1.441425
latency,3,929,http1_rust_nodelay_off_c16_keepalive_ms,10.390707
latency,3,930,http1_rust_nodelay_off_c16_keepalive_ms,1.402054
latency,3,931,http1_rust_nodelay_off_c16_keepalive_ms,1.432833
latency,3,932,http1_rust_nodelay_off_c16_keepalive_ms,1.445815
latency,3,933,http1_rust_nodelay_off_c16_keepalive_ms,1.446215
latency,3,934,http1_rust_nodelay_off_c16_keepalive_ms,1.438944
latency,3,935,http1_rust_nodelay_off_c16_keepalive_ms,1.878752
latency,3,936,http1_rust_nodelay_off_c16_keepalive_ms,1.109549
latency,3,937,http1_rust_nodelay_off_c16_keepalive_ms,1.055308
latency,3,938,http1_rust_nodelay_off_c16_keepalive_ms,1.332643
latency,3,939,http1_rust_nodelay_off_c16_keepalive_ms,1.037737
latency,3,940,http1_rust_nodelay_off_c16_keepalive_ms,1.331803
latency,3,941,http1_rust_nodelay_off_c16_keepalive_ms,1.491355
latency,3,942,http1_rust_nodelay_off_c16_keepalive_ms,0.939126
latency,3,943,http1_rust_nodelay_off_c16_keepalive_ms,1.225951
latency,3,944,http1_rust_nodelay_off_c16_keepalive_ms,1.245371
latency,3,945,http1_rust_nodelay_off_c16_keepalive_ms,1.585037
latency,3,946,http1_rust_nodelay_off_c16_keepalive_ms,0.964847
latency,3,947,http1_rust_nodelay_off_c16_keepalive_ms,1.224790
latency,3,948,http1_rust_nodelay_off_c16_keepalive_ms,1.330393
latency,3,949,http1_rust_nodelay_off_c16_keepalive_ms,0.927205
latency,3,950,http1_rust_nodelay_off_c16_keepalive_ms,1.152190
latency,3,951,http1_rust_nodelay_off_c16_keepalive_ms,0.836024
latency,3,952,http1_rust_nodelay_off_c16_keepalive_ms,0.715683
latency,3,953,http1_rust_nodelay_off_c16_keepalive_ms,1.989393
latency,3,954,http1_rust_nodelay_off_c16_keepalive_ms,0.494239
latency,3,955,http1_rust_nodelay_off_c16_keepalive_ms,0.464888
latency,3,956,http1_rust_nodelay_off_c16_keepalive_ms,0.358946
latency,3,957,http1_rust_nodelay_off_c16_keepalive_ms,0.588920
latency,3,958,http1_rust_nodelay_off_c16_keepalive_ms,1.446334
latency,3,959,http1_rust_nodelay_off_c16_keepalive_ms,0.401587
latency,3,560,http1_rust_nodelay_off_c16_keepalive_ms,1.233891
latency,3,561,http1_rust_nodelay_off_c16_keepalive_ms,1.613927
latency,3,562,http1_rust_nodelay_off_c16_keepalive_ms,1.467045
latency,3,563,http1_rust_nodelay_off_c16_keepalive_ms,1.454045
latency,3,564,http1_rust_nodelay_off_c16_keepalive_ms,1.410834
latency,3,565,http1_rust_nodelay_off_c16_keepalive_ms,1.371803
latency,3,566,http1_rust_nodelay_off_c16_keepalive_ms,1.465535
latency,3,567,http1_rust_nodelay_off_c16_keepalive_ms,1.405394
latency,3,568,http1_rust_nodelay_off_c16_keepalive_ms,1.476295
latency,3,569,http1_rust_nodelay_off_c16_keepalive_ms,1.459775
latency,3,570,http1_rust_nodelay_off_c16_keepalive_ms,1.405503
latency,3,571,http1_rust_nodelay_off_c16_keepalive_ms,1.085059
latency,3,572,http1_rust_nodelay_off_c16_keepalive_ms,1.378933
latency,3,573,http1_rust_nodelay_off_c16_keepalive_ms,1.089649
latency,3,574,http1_rust_nodelay_off_c16_keepalive_ms,1.308712
latency,3,575,http1_rust_nodelay_off_c16_keepalive_ms,1.007697
latency,3,576,http1_rust_nodelay_off_c16_keepalive_ms,1.273362
latency,3,577,http1_rust_nodelay_off_c16_keepalive_ms,1.340553
latency,3,578,http1_rust_nodelay_off_c16_keepalive_ms,1.369563
latency,3,579,http1_rust_nodelay_off_c16_keepalive_ms,1.010007
latency,3,580,http1_rust_nodelay_off_c16_keepalive_ms,5.284460
latency,3,581,http1_rust_nodelay_off_c16_keepalive_ms,1.395494
latency,3,582,http1_rust_nodelay_off_c16_keepalive_ms,1.457094
latency,3,583,http1_rust_nodelay_off_c16_keepalive_ms,1.481906
latency,3,584,http1_rust_nodelay_off_c16_keepalive_ms,1.031567
latency,3,585,http1_rust_nodelay_off_c16_keepalive_ms,1.393094
latency,3,586,http1_rust_nodelay_off_c16_keepalive_ms,1.335862
latency,3,587,http1_rust_nodelay_off_c16_keepalive_ms,1.017568
latency,3,588,http1_rust_nodelay_off_c16_keepalive_ms,1.283602
latency,3,589,http1_rust_nodelay_off_c16_keepalive_ms,1.009197
latency,3,590,http1_rust_nodelay_off_c16_keepalive_ms,1.336033
latency,3,591,http1_rust_nodelay_off_c16_keepalive_ms,1.018457
latency,3,592,http1_rust_nodelay_off_c16_keepalive_ms,1.309032
latency,3,593,http1_rust_nodelay_off_c16_keepalive_ms,1.372653
latency,3,594,http1_rust_nodelay_off_c16_keepalive_ms,1.350773
latency,3,595,http1_rust_nodelay_off_c16_keepalive_ms,1.400494
latency,3,596,http1_rust_nodelay_off_c16_keepalive_ms,1.066418
latency,3,597,http1_rust_nodelay_off_c16_keepalive_ms,1.065928
latency,3,598,http1_rust_nodelay_off_c16_keepalive_ms,1.436454
latency,3,599,http1_rust_nodelay_off_c16_keepalive_ms,1.117009
latency,3,600,http1_rust_nodelay_off_c16_keepalive_ms,1.327323
latency,3,601,http1_rust_nodelay_off_c16_keepalive_ms,1.349093
latency,3,602,http1_rust_nodelay_off_c16_keepalive_ms,9.030694
latency,3,603,http1_rust_nodelay_off_c16_keepalive_ms,1.334892
latency,3,604,http1_rust_nodelay_off_c16_keepalive_ms,1.050858
latency,3,605,http1_rust_nodelay_off_c16_keepalive_ms,1.217201
latency,3,606,http1_rust_nodelay_off_c16_keepalive_ms,1.068198
latency,3,607,http1_rust_nodelay_off_c16_keepalive_ms,1.299632
latency,3,608,http1_rust_nodelay_off_c16_keepalive_ms,9.031803
latency,3,609,http1_rust_nodelay_off_c16_keepalive_ms,1.302153
latency,3,610,http1_rust_nodelay_off_c16_keepalive_ms,1.364183
latency,3,611,http1_rust_nodelay_off_c16_keepalive_ms,9.351978
latency,3,612,http1_rust_nodelay_off_c16_keepalive_ms,1.363774
latency,3,613,http1_rust_nodelay_off_c16_keepalive_ms,1.309522
latency,3,614,http1_rust_nodelay_off_c16_keepalive_ms,1.095699
latency,3,615,http1_rust_nodelay_off_c16_keepalive_ms,1.391863
latency,3,616,http1_rust_nodelay_off_c16_keepalive_ms,1.111619
latency,3,617,http1_rust_nodelay_off_c16_keepalive_ms,1.108199
latency,3,618,http1_rust_nodelay_off_c16_keepalive_ms,1.085028
latency,3,619,http1_rust_nodelay_off_c16_keepalive_ms,1.054428
latency,3,620,http1_rust_nodelay_off_c16_keepalive_ms,1.897393
latency,3,621,http1_rust_nodelay_off_c16_keepalive_ms,1.100278
latency,3,622,http1_rust_nodelay_off_c16_keepalive_ms,15.461103
latency,3,623,http1_rust_nodelay_off_c16_keepalive_ms,0.951736
latency,3,624,http1_rust_nodelay_off_c16_keepalive_ms,0.812084
latency,3,625,http1_rust_nodelay_off_c16_keepalive_ms,1.127079
latency,3,626,http1_rust_nodelay_off_c16_keepalive_ms,0.798754
latency,3,627,http1_rust_nodelay_off_c16_keepalive_ms,2.020524
latency,3,628,http1_rust_nodelay_off_c16_keepalive_ms,0.505739
latency,3,629,http1_rust_nodelay_off_c16_keepalive_ms,0.465528
latency,3,630,http1_rust_nodelay_off_c16_keepalive_ms,0.513548
latency,3,631,http1_rust_nodelay_off_c16_keepalive_ms,0.471248
latency,3,632,http1_rust_nodelay_off_c16_keepalive_ms,1.563047
latency,3,633,http1_rust_nodelay_off_c16_keepalive_ms,0.357016
latency,3,634,http1_rust_nodelay_off_c16_keepalive_ms,0.164332
latency,3,635,http1_rust_nodelay_off_c16_keepalive_ms,0.106882
latency,3,636,http1_rust_nodelay_off_c16_keepalive_ms,0.109882
latency,3,637,http1_rust_nodelay_off_c16_keepalive_ms,0.112902
latency,3,638,http1_rust_nodelay_off_c16_keepalive_ms,0.104982
latency,3,639,http1_rust_nodelay_off_c16_keepalive_ms,0.104612
latency,3,0,http1_rust_nodelay_off_c16_keepalive_ms,1.217980
latency,3,1,http1_rust_nodelay_off_c16_keepalive_ms,1.615228
latency,3,2,http1_rust_nodelay_off_c16_keepalive_ms,7.315494
latency,3,3,http1_rust_nodelay_off_c16_keepalive_ms,1.116889
latency,3,4,http1_rust_nodelay_off_c16_keepalive_ms,1.112629
latency,3,5,http1_rust_nodelay_off_c16_keepalive_ms,1.427814
latency,3,6,http1_rust_nodelay_off_c16_keepalive_ms,1.128349
latency,3,7,http1_rust_nodelay_off_c16_keepalive_ms,1.040948
latency,3,8,http1_rust_nodelay_off_c16_keepalive_ms,1.426444
latency,3,9,http1_rust_nodelay_off_c16_keepalive_ms,10.461758
latency,3,10,http1_rust_nodelay_off_c16_keepalive_ms,1.387144
latency,3,11,http1_rust_nodelay_off_c16_keepalive_ms,1.079178
latency,3,12,http1_rust_nodelay_off_c16_keepalive_ms,1.045798
latency,3,13,http1_rust_nodelay_off_c16_keepalive_ms,1.514275
latency,3,14,http1_rust_nodelay_off_c16_keepalive_ms,1.395554
latency,3,15,http1_rust_nodelay_off_c16_keepalive_ms,1.018197
latency,3,16,http1_rust_nodelay_off_c16_keepalive_ms,1.363304
latency,3,17,http1_rust_nodelay_off_c16_keepalive_ms,1.065658
latency,3,18,http1_rust_nodelay_off_c16_keepalive_ms,1.331802
latency,3,19,http1_rust_nodelay_off_c16_keepalive_ms,1.020338
latency,3,20,http1_rust_nodelay_off_c16_keepalive_ms,1.317952
latency,3,21,http1_rust_nodelay_off_c16_keepalive_ms,1.326083
latency,3,22,http1_rust_nodelay_off_c16_keepalive_ms,1.302642
latency,3,23,http1_rust_nodelay_off_c16_keepalive_ms,1.327582
latency,3,24,http1_rust_nodelay_off_c16_keepalive_ms,1.352833
latency,3,25,http1_rust_nodelay_off_c16_keepalive_ms,1.375343
latency,3,26,http1_rust_nodelay_off_c16_keepalive_ms,1.306873
latency,3,27,http1_rust_nodelay_off_c16_keepalive_ms,1.070838
latency,3,28,http1_rust_nodelay_off_c16_keepalive_ms,1.416314
latency,3,29,http1_rust_nodelay_off_c16_keepalive_ms,1.081449
latency,3,30,http1_rust_nodelay_off_c16_keepalive_ms,1.414263
latency,3,31,http1_rust_nodelay_off_c16_keepalive_ms,1.692999
latency,3,32,http1_rust_nodelay_off_c16_keepalive_ms,1.034178
latency,3,33,http1_rust_nodelay_off_c16_keepalive_ms,1.348853
latency,3,34,http1_rust_nodelay_off_c16_keepalive_ms,1.459395
latency,3,35,http1_rust_nodelay_off_c16_keepalive_ms,1.366543
latency,3,36,http1_rust_nodelay_off_c16_keepalive_ms,1.285491
latency,3,37,http1_rust_nodelay_off_c16_keepalive_ms,1.005088
latency,3,38,http1_rust_nodelay_off_c16_keepalive_ms,1.297242
latency,3,39,http1_rust_nodelay_off_c16_keepalive_ms,1.018977
latency,3,40,http1_rust_nodelay_off_c16_keepalive_ms,1.303002
latency,3,41,http1_rust_nodelay_off_c16_keepalive_ms,1.387424
latency,3,42,http1_rust_nodelay_off_c16_keepalive_ms,1.402313
latency,3,43,http1_rust_nodelay_off_c16_keepalive_ms,1.025658
latency,3,44,http1_rust_nodelay_off_c16_keepalive_ms,1.362963
latency,3,45,http1_rust_nodelay_off_c16_keepalive_ms,1.007727
latency,3,46,http1_rust_nodelay_off_c16_keepalive_ms,1.436245
latency,3,47,http1_rust_nodelay_off_c16_keepalive_ms,1.394384
latency,3,48,http1_rust_nodelay_off_c16_keepalive_ms,1.449854
latency,3,49,http1_rust_nodelay_off_c16_keepalive_ms,1.352683
latency,3,50,http1_rust_nodelay_off_c16_keepalive_ms,1.390634
latency,3,51,http1_rust_nodelay_off_c16_keepalive_ms,1.043377
latency,3,52,http1_rust_nodelay_off_c16_keepalive_ms,1.318473
latency,3,53,http1_rust_nodelay_off_c16_keepalive_ms,1.350643
latency,3,54,http1_rust_nodelay_off_c16_keepalive_ms,1.317252
latency,3,55,http1_rust_nodelay_off_c16_keepalive_ms,1.471475
latency,3,56,http1_rust_nodelay_off_c16_keepalive_ms,1.421304
latency,3,57,http1_rust_nodelay_off_c16_keepalive_ms,1.442605
latency,3,58,http1_rust_nodelay_off_c16_keepalive_ms,1.003897
latency,3,59,http1_rust_nodelay_off_c16_keepalive_ms,1.350613
latency,3,60,http1_rust_nodelay_off_c16_keepalive_ms,1.035867
latency,3,61,http1_rust_nodelay_off_c16_keepalive_ms,10.342166
latency,3,62,http1_rust_nodelay_off_c16_keepalive_ms,1.442705
latency,3,63,http1_rust_nodelay_off_c16_keepalive_ms,1.877981
latency,3,64,http1_rust_nodelay_off_c16_keepalive_ms,1.109049
latency,3,65,http1_rust_nodelay_off_c16_keepalive_ms,1.080148
latency,3,66,http1_rust_nodelay_off_c16_keepalive_ms,1.331873
latency,3,67,http1_rust_nodelay_off_c16_keepalive_ms,1.304252
latency,3,68,http1_rust_nodelay_off_c16_keepalive_ms,1.041868
latency,3,69,http1_rust_nodelay_off_c16_keepalive_ms,1.459315
latency,3,70,http1_rust_nodelay_off_c16_keepalive_ms,0.955716
latency,3,71,http1_rust_nodelay_off_c16_keepalive_ms,1.227641
latency,3,72,http1_rust_nodelay_off_c16_keepalive_ms,1.117949
latency,3,73,http1_rust_nodelay_off_c16_keepalive_ms,0.928586
latency,3,74,http1_rust_nodelay_off_c16_keepalive_ms,1.608407
latency,3,75,http1_rust_nodelay_off_c16_keepalive_ms,1.238651
latency,3,76,http1_rust_nodelay_off_c16_keepalive_ms,0.981047
latency,3,77,http1_rust_nodelay_off_c16_keepalive_ms,1.301522
latency,3,78,http1_rust_nodelay_off_c16_keepalive_ms,1.192690
latency,3,79,http1_rust_nodelay_off_c16_keepalive_ms,0.776303
latency,3,1040,http1_rust_nodelay_off_c16_keepalive_ms,1.426734
latency,3,1041,http1_rust_nodelay_off_c16_keepalive_ms,1.199690
latency,3,1042,http1_rust_nodelay_off_c16_keepalive_ms,1.620388
latency,3,1043,http1_rust_nodelay_off_c16_keepalive_ms,1.073788
latency,3,1044,http1_rust_nodelay_off_c16_keepalive_ms,1.104879
latency,3,1045,http1_rust_nodelay_off_c16_keepalive_ms,1.416844
latency,3,1046,http1_rust_nodelay_off_c16_keepalive_ms,1.407094
latency,3,1047,http1_rust_nodelay_off_c16_keepalive_ms,1.495835
latency,3,1048,http1_rust_nodelay_off_c16_keepalive_ms,1.476045
latency,3,1049,http1_rust_nodelay_off_c16_keepalive_ms,10.269785
latency,3,1050,http1_rust_nodelay_off_c16_keepalive_ms,1.358483
latency,3,1051,http1_rust_nodelay_off_c16_keepalive_ms,0.993847
latency,3,1052,http1_rust_nodelay_off_c16_keepalive_ms,1.331832
latency,3,1053,http1_rust_nodelay_off_c16_keepalive_ms,1.032298
latency,3,1054,http1_rust_nodelay_off_c16_keepalive_ms,5.514563
latency,3,1055,http1_rust_nodelay_off_c16_keepalive_ms,1.072199
latency,3,1056,http1_rust_nodelay_off_c16_keepalive_ms,1.094308
latency,3,1057,http1_rust_nodelay_off_c16_keepalive_ms,1.116099
latency,3,1058,http1_rust_nodelay_off_c16_keepalive_ms,1.358734
latency,3,1059,http1_rust_nodelay_off_c16_keepalive_ms,1.350282
latency,3,1060,http1_rust_nodelay_off_c16_keepalive_ms,1.336113
latency,3,1061,http1_rust_nodelay_off_c16_keepalive_ms,1.017457
latency,3,1062,http1_rust_nodelay_off_c16_keepalive_ms,1.283602
latency,3,1063,http1_rust_nodelay_off_c16_keepalive_ms,1.009117
latency,3,1064,http1_rust_nodelay_off_c16_keepalive_ms,1.336393
latency,3,1065,http1_rust_nodelay_off_c16_keepalive_ms,1.288242
latency,3,1066,http1_rust_nodelay_off_c16_keepalive_ms,1.037997
latency,3,1067,http1_rust_nodelay_off_c16_keepalive_ms,1.372734
latency,3,1068,http1_rust_nodelay_off_c16_keepalive_ms,1.350883
latency,3,1069,http1_rust_nodelay_off_c16_keepalive_ms,1.400734
latency,3,1070,http1_rust_nodelay_off_c16_keepalive_ms,1.425394
latency,3,1071,http1_rust_nodelay_off_c16_keepalive_ms,1.421414
latency,3,1072,http1_rust_nodelay_off_c16_keepalive_ms,1.418894
latency,3,1073,http1_rust_nodelay_off_c16_keepalive_ms,10.147893
latency,3,1074,http1_rust_nodelay_off_c16_keepalive_ms,1.013457
latency,3,1075,http1_rust_nodelay_off_c16_keepalive_ms,1.370183
latency,3,1076,http1_rust_nodelay_off_c16_keepalive_ms,1.347343
latency,3,1077,http1_rust_nodelay_off_c16_keepalive_ms,1.024557
latency,3,1078,http1_rust_nodelay_off_c16_keepalive_ms,1.258182
latency,3,1079,http1_rust_nodelay_off_c16_keepalive_ms,1.363303
latency,3,1080,http1_rust_nodelay_off_c16_keepalive_ms,1.498685
latency,3,1081,http1_rust_nodelay_off_c16_keepalive_ms,1.470475
latency,3,1082,http1_rust_nodelay_off_c16_keepalive_ms,1.442995
latency,3,1083,http1_rust_nodelay_off_c16_keepalive_ms,9.336228
latency,3,1084,http1_rust_nodelay_off_c16_keepalive_ms,1.076189
latency,3,1085,http1_rust_nodelay_off_c16_keepalive_ms,1.446564
latency,3,1086,http1_rust_nodelay_off_c16_keepalive_ms,1.376004
latency,3,1087,http1_rust_nodelay_off_c16_keepalive_ms,10.309165
latency,3,1088,http1_rust_nodelay_off_c16_keepalive_ms,1.090548
latency,3,1089,http1_rust_nodelay_off_c16_keepalive_ms,1.085139
latency,3,1090,http1_rust_nodelay_off_c16_keepalive_ms,1.055018
latency,3,1091,http1_rust_nodelay_off_c16_keepalive_ms,1.774690
latency,3,1092,http1_rust_nodelay_off_c16_keepalive_ms,1.489085
latency,3,1093,http1_rust_nodelay_off_c16_keepalive_ms,1.438794
latency,3,1094,http1_rust_nodelay_off_c16_keepalive_ms,1.324753
latency,3,1095,http1_rust_nodelay_off_c16_keepalive_ms,1.056638
latency,3,1096,http1_rust_nodelay_off_c16_keepalive_ms,1.334243
latency,3,1097,http1_rust_nodelay_off_c16_keepalive_ms,0.904185
latency,3,1098,http1_rust_nodelay_off_c16_keepalive_ms,1.548846
latency,3,1099,http1_rust_nodelay_off_c16_keepalive_ms,1.211831
latency,3,1100,http1_rust_nodelay_off_c16_keepalive_ms,0.968816
latency,3,1101,http1_rust_nodelay_off_c16_keepalive_ms,1.193581
latency,3,1102,http1_rust_nodelay_off_c16_keepalive_ms,1.023527
latency,3,1103,http1_rust_nodelay_off_c16_keepalive_ms,1.292762
latency,3,1104,http1_rust_nodelay_off_c16_keepalive_ms,1.199230
latency,3,1105,http1_rust_nodelay_off_c16_keepalive_ms,1.050348
latency,3,1106,http1_rust_nodelay_off_c16_keepalive_ms,0.930936
latency,3,1107,http1_rust_nodelay_off_c16_keepalive_ms,1.126059
latency,3,1108,http1_rust_nodelay_off_c16_keepalive_ms,0.787704
latency,3,1109,http1_rust_nodelay_off_c16_keepalive_ms,2.134966
latency,3,1110,http1_rust_nodelay_off_c16_keepalive_ms,0.567000
latency,3,1111,http1_rust_nodelay_off_c16_keepalive_ms,0.493028
latency,3,1112,http1_rust_nodelay_off_c16_keepalive_ms,0.481098
latency,3,1113,http1_rust_nodelay_off_c16_keepalive_ms,0.612820
latency,3,1114,http1_rust_nodelay_off_c16_keepalive_ms,1.402754
latency,3,1115,http1_rust_nodelay_off_c16_keepalive_ms,0.549770
latency,3,1116,http1_rust_nodelay_off_c16_keepalive_ms,2.448631
latency,3,1117,http1_rust_nodelay_off_c16_keepalive_ms,0.120122
latency,3,1118,http1_rust_nodelay_off_c16_keepalive_ms,0.110522
latency,3,1119,http1_rust_nodelay_off_c16_keepalive_ms,0.104412
trial,3,1280,http1_rust_nodelay_off_c16_median_ms,1.323583
trial,3,1280,http1_rust_nodelay_off_c16_p95_ms,1.853382
trial,3,1280,http1_rust_nodelay_off_c16_requests_per_second,9470.292
trial,3,1280,http1_rust_nodelay_off_c16_wall_ms,135.160
latency,4,240,http1_rust_nodelay_off_c16_keepalive_ms,1.043778
latency,4,241,http1_rust_nodelay_off_c16_keepalive_ms,1.741939
latency,4,242,http1_rust_nodelay_off_c16_keepalive_ms,1.630878
latency,4,243,http1_rust_nodelay_off_c16_keepalive_ms,1.587297
latency,4,244,http1_rust_nodelay_off_c16_keepalive_ms,1.231761
latency,4,245,http1_rust_nodelay_off_c16_keepalive_ms,1.596187
latency,4,246,http1_rust_nodelay_off_c16_keepalive_ms,1.404994
latency,4,247,http1_rust_nodelay_off_c16_keepalive_ms,1.528486
latency,4,248,http1_rust_nodelay_off_c16_keepalive_ms,1.220681
latency,4,249,http1_rust_nodelay_off_c16_keepalive_ms,1.559896
latency,4,250,http1_rust_nodelay_off_c16_keepalive_ms,1.532566
latency,4,251,http1_rust_nodelay_off_c16_keepalive_ms,1.593987
latency,4,252,http1_rust_nodelay_off_c16_keepalive_ms,1.510066
latency,4,253,http1_rust_nodelay_off_c16_keepalive_ms,1.153689
latency,4,254,http1_rust_nodelay_off_c16_keepalive_ms,1.426145
latency,4,255,http1_rust_nodelay_off_c16_keepalive_ms,1.413104
latency,4,256,http1_rust_nodelay_off_c16_keepalive_ms,1.471674
latency,4,257,http1_rust_nodelay_off_c16_keepalive_ms,1.400614
latency,4,258,http1_rust_nodelay_off_c16_keepalive_ms,1.448125
latency,4,259,http1_rust_nodelay_off_c16_keepalive_ms,1.476445
latency,4,260,http1_rust_nodelay_off_c16_keepalive_ms,1.046308
latency,4,261,http1_rust_nodelay_off_c16_keepalive_ms,1.069398
latency,4,262,http1_rust_nodelay_off_c16_keepalive_ms,1.419494
latency,4,263,http1_rust_nodelay_off_c16_keepalive_ms,1.447385
latency,4,264,http1_rust_nodelay_off_c16_keepalive_ms,1.054978
latency,4,265,http1_rust_nodelay_off_c16_keepalive_ms,1.467535
latency,4,266,http1_rust_nodelay_off_c16_keepalive_ms,1.172700
latency,4,267,http1_rust_nodelay_off_c16_keepalive_ms,1.391403
latency,4,268,http1_rust_nodelay_off_c16_keepalive_ms,1.471015
latency,4,269,http1_rust_nodelay_off_c16_keepalive_ms,1.513966
latency,4,270,http1_rust_nodelay_off_c16_keepalive_ms,1.464715
latency,4,271,http1_rust_nodelay_off_c16_keepalive_ms,1.515186
latency,4,272,http1_rust_nodelay_off_c16_keepalive_ms,1.416914
latency,4,273,http1_rust_nodelay_off_c16_keepalive_ms,1.486275
latency,4,274,http1_rust_nodelay_off_c16_keepalive_ms,1.589187
latency,4,275,http1_rust_nodelay_off_c16_keepalive_ms,1.196280
latency,4,276,http1_rust_nodelay_off_c16_keepalive_ms,1.171730
latency,4,277,http1_rust_nodelay_off_c16_keepalive_ms,1.493736
latency,4,278,http1_rust_nodelay_off_c16_keepalive_ms,1.471845
latency,4,279,http1_rust_nodelay_off_c16_keepalive_ms,1.476664
latency,4,280,http1_rust_nodelay_off_c16_keepalive_ms,1.362164
latency,4,281,http1_rust_nodelay_off_c16_keepalive_ms,1.435664
latency,4,282,http1_rust_nodelay_off_c16_keepalive_ms,1.459535
latency,4,283,http1_rust_nodelay_off_c16_keepalive_ms,1.014697
latency,4,284,http1_rust_nodelay_off_c16_keepalive_ms,1.082328
latency,4,285,http1_rust_nodelay_off_c16_keepalive_ms,1.409994
latency,4,286,http1_rust_nodelay_off_c16_keepalive_ms,1.404774
latency,4,287,http1_rust_nodelay_off_c16_keepalive_ms,1.346493
latency,4,288,http1_rust_nodelay_off_c16_keepalive_ms,1.497916
latency,4,289,http1_rust_nodelay_off_c16_keepalive_ms,1.464425
latency,4,290,http1_rust_nodelay_off_c16_keepalive_ms,1.443074
latency,4,291,http1_rust_nodelay_off_c16_keepalive_ms,1.443684
latency,4,292,http1_rust_nodelay_off_c16_keepalive_ms,1.443165
latency,4,293,http1_rust_nodelay_off_c16_keepalive_ms,1.131959
latency,4,294,http1_rust_nodelay_off_c16_keepalive_ms,1.476656
latency,4,295,http1_rust_nodelay_off_c16_keepalive_ms,1.411293
latency,4,296,http1_rust_nodelay_off_c16_keepalive_ms,1.519856
latency,4,297,http1_rust_nodelay_off_c16_keepalive_ms,1.137419
latency,4,298,http1_rust_nodelay_off_c16_keepalive_ms,1.446435
latency,4,299,http1_rust_nodelay_off_c16_keepalive_ms,1.399834
latency,4,300,http1_rust_nodelay_off_c16_keepalive_ms,1.397424
latency,4,301,http1_rust_nodelay_off_c16_keepalive_ms,1.436454
latency,4,302,http1_rust_nodelay_off_c16_keepalive_ms,1.450815
latency,4,303,http1_rust_nodelay_off_c16_keepalive_ms,1.421054
latency,4,304,http1_rust_nodelay_off_c16_keepalive_ms,1.343923
latency,4,305,http1_rust_nodelay_off_c16_keepalive_ms,1.505145
latency,4,306,http1_rust_nodelay_off_c16_keepalive_ms,1.460305
latency,4,307,http1_rust_nodelay_off_c16_keepalive_ms,1.426574
latency,4,308,http1_rust_nodelay_off_c16_keepalive_ms,1.411044
latency,4,309,http1_rust_nodelay_off_c16_keepalive_ms,1.085639
latency,4,310,http1_rust_nodelay_off_c16_keepalive_ms,1.501355
latency,4,311,http1_rust_nodelay_off_c16_keepalive_ms,1.477746
latency,4,312,http1_rust_nodelay_off_c16_keepalive_ms,1.461234
latency,4,313,http1_rust_nodelay_off_c16_keepalive_ms,1.057888
latency,4,314,http1_rust_nodelay_off_c16_keepalive_ms,1.367183
latency,4,315,http1_rust_nodelay_off_c16_keepalive_ms,1.348493
latency,4,316,http1_rust_nodelay_off_c16_keepalive_ms,1.298342
latency,4,317,http1_rust_nodelay_off_c16_keepalive_ms,1.035618
latency,4,318,http1_rust_nodelay_off_c16_keepalive_ms,1.331332
latency,4,319,http1_rust_nodelay_off_c16_keepalive_ms,1.277682
latency,4,640,http1_rust_nodelay_off_c16_keepalive_ms,1.575396
latency,4,641,http1_rust_nodelay_off_c16_keepalive_ms,1.265102
latency,4,642,http1_rust_nodelay_off_c16_keepalive_ms,1.616858
latency,4,643,http1_rust_nodelay_off_c16_keepalive_ms,1.617307
latency,4,644,http1_rust_nodelay_off_c16_keepalive_ms,1.609428
latency,4,645,http1_rust_nodelay_off_c16_keepalive_ms,1.213040
latency,4,646,http1_rust_nodelay_off_c16_keepalive_ms,1.031737
latency,4,647,http1_rust_nodelay_off_c16_keepalive_ms,1.516666
latency,4,648,http1_rust_nodelay_off_c16_keepalive_ms,1.606468
latency,4,649,http1_rust_nodelay_off_c16_keepalive_ms,1.565716
latency,4,650,http1_rust_nodelay_off_c16_keepalive_ms,1.531236
latency,4,651,http1_rust_nodelay_off_c16_keepalive_ms,1.198730
latency,4,652,http1_rust_nodelay_off_c16_keepalive_ms,1.126670
latency,4,653,http1_rust_nodelay_off_c16_keepalive_ms,1.163629
latency,4,654,http1_rust_nodelay_off_c16_keepalive_ms,1.096119
latency,4,655,http1_rust_nodelay_off_c16_keepalive_ms,1.404294
latency,4,656,http1_rust_nodelay_off_c16_keepalive_ms,1.106289
latency,4,657,http1_rust_nodelay_off_c16_keepalive_ms,1.125569
latency,4,658,http1_rust_nodelay_off_c16_keepalive_ms,1.480435
latency,4,659,http1_rust_nodelay_off_c16_keepalive_ms,0.802234
latency,4,660,http1_rust_nodelay_off_c16_keepalive_ms,1.112019
latency,4,661,http1_rust_nodelay_off_c16_keepalive_ms,1.387783
latency,4,662,http1_rust_nodelay_off_c16_keepalive_ms,1.431985
latency,4,663,http1_rust_nodelay_off_c16_keepalive_ms,1.430934
latency,4,664,http1_rust_nodelay_off_c16_keepalive_ms,1.411344
latency,4,665,http1_rust_nodelay_off_c16_keepalive_ms,1.411764
latency,4,666,http1_rust_nodelay_off_c16_keepalive_ms,1.127229
latency,4,667,http1_rust_nodelay_off_c16_keepalive_ms,1.480725
latency,4,668,http1_rust_nodelay_off_c16_keepalive_ms,1.105049
latency,4,669,http1_rust_nodelay_off_c16_keepalive_ms,1.460895
latency,4,670,http1_rust_nodelay_off_c16_keepalive_ms,1.466464
latency,4,671,http1_rust_nodelay_off_c16_keepalive_ms,1.173000
latency,4,672,http1_rust_nodelay_off_c16_keepalive_ms,1.443085
latency,4,673,http1_rust_nodelay_off_c16_keepalive_ms,1.077988
latency,4,674,http1_rust_nodelay_off_c16_keepalive_ms,1.093689
latency,4,675,http1_rust_nodelay_off_c16_keepalive_ms,1.624757
latency,4,676,http1_rust_nodelay_off_c16_keepalive_ms,1.590207
latency,4,677,http1_rust_nodelay_off_c16_keepalive_ms,1.196171
latency,4,678,http1_rust_nodelay_off_c16_keepalive_ms,1.521416
latency,4,679,http1_rust_nodelay_off_c16_keepalive_ms,1.703549
latency,4,680,http1_rust_nodelay_off_c16_keepalive_ms,1.086608
latency,4,681,http1_rust_nodelay_off_c16_keepalive_ms,1.442064
latency,4,682,http1_rust_nodelay_off_c16_keepalive_ms,0.994697
latency,4,683,http1_rust_nodelay_off_c16_keepalive_ms,1.444935
latency,4,684,http1_rust_nodelay_off_c16_keepalive_ms,1.457605
latency,4,685,http1_rust_nodelay_off_c16_keepalive_ms,1.398944
latency,4,686,http1_rust_nodelay_off_c16_keepalive_ms,1.378403
latency,4,687,http1_rust_nodelay_off_c16_keepalive_ms,1.410284
latency,4,688,http1_rust_nodelay_off_c16_keepalive_ms,1.720609
latency,4,689,http1_rust_nodelay_off_c16_keepalive_ms,1.145660
latency,4,690,http1_rust_nodelay_off_c16_keepalive_ms,1.118909
latency,4,691,http1_rust_nodelay_off_c16_keepalive_ms,1.047758
latency,4,692,http1_rust_nodelay_off_c16_keepalive_ms,1.085238
latency,4,693,http1_rust_nodelay_off_c16_keepalive_ms,1.420314
latency,4,694,http1_rust_nodelay_off_c16_keepalive_ms,1.377083
latency,4,695,http1_rust_nodelay_off_c16_keepalive_ms,1.094619
latency,4,696,http1_rust_nodelay_off_c16_keepalive_ms,3.073472
latency,4,697,http1_rust_nodelay_off_c16_keepalive_ms,6.982329
latency,4,698,http1_rust_nodelay_off_c16_keepalive_ms,1.114509
latency,4,699,http1_rust_nodelay_off_c16_keepalive_ms,1.077508
latency,4,700,http1_rust_nodelay_off_c16_keepalive_ms,1.419594
latency,4,701,http1_rust_nodelay_off_c16_keepalive_ms,1.489946
latency,4,702,http1_rust_nodelay_off_c16_keepalive_ms,1.457994
latency,4,703,http1_rust_nodelay_off_c16_keepalive_ms,1.103119
latency,4,704,http1_rust_nodelay_off_c16_keepalive_ms,1.399404
latency,4,705,http1_rust_nodelay_off_c16_keepalive_ms,1.118409
latency,4,706,http1_rust_nodelay_off_c16_keepalive_ms,1.404704
latency,4,707,http1_rust_nodelay_off_c16_keepalive_ms,1.042307
latency,4,708,http1_rust_nodelay_off_c16_keepalive_ms,1.488696
latency,4,709,http1_rust_nodelay_off_c16_keepalive_ms,1.489285
latency,4,710,http1_rust_nodelay_off_c16_keepalive_ms,1.491915
latency,4,711,http1_rust_nodelay_off_c16_keepalive_ms,1.028878
latency,4,712,http1_rust_nodelay_off_c16_keepalive_ms,1.066838
latency,4,713,http1_rust_nodelay_off_c16_keepalive_ms,1.314472
latency,4,714,http1_rust_nodelay_off_c16_keepalive_ms,1.319773
latency,4,715,http1_rust_nodelay_off_c16_keepalive_ms,1.368093
latency,4,716,http1_rust_nodelay_off_c16_keepalive_ms,1.319132
latency,4,717,http1_rust_nodelay_off_c16_keepalive_ms,1.306552
latency,4,718,http1_rust_nodelay_off_c16_keepalive_ms,0.793764
latency,4,719,http1_rust_nodelay_off_c16_keepalive_ms,1.287312
latency,4,80,http1_rust_nodelay_off_c16_keepalive_ms,1.605707
latency,4,81,http1_rust_nodelay_off_c16_keepalive_ms,1.266522
latency,4,82,http1_rust_nodelay_off_c16_keepalive_ms,1.515796
latency,4,83,http1_rust_nodelay_off_c16_keepalive_ms,1.588247
latency,4,84,http1_rust_nodelay_off_c16_keepalive_ms,1.230841
latency,4,85,http1_rust_nodelay_off_c16_keepalive_ms,1.597007
latency,4,86,http1_rust_nodelay_off_c16_keepalive_ms,1.031677
latency,4,87,http1_rust_nodelay_off_c16_keepalive_ms,1.132169
latency,4,88,http1_rust_nodelay_off_c16_keepalive_ms,1.207921
latency,4,89,http1_rust_nodelay_off_c16_keepalive_ms,1.575027
latency,4,90,http1_rust_nodelay_off_c16_keepalive_ms,1.529996
latency,4,91,http1_rust_nodelay_off_c16_keepalive_ms,1.504675
latency,4,92,http1_rust_nodelay_off_c16_keepalive_ms,1.562527
latency,4,93,http1_rust_nodelay_off_c16_keepalive_ms,10.188703
latency,4,94,http1_rust_nodelay_off_c16_keepalive_ms,1.097699
latency,4,95,http1_rust_nodelay_off_c16_keepalive_ms,1.079808
latency,4,96,http1_rust_nodelay_off_c16_keepalive_ms,1.415384
latency,4,97,http1_rust_nodelay_off_c16_keepalive_ms,1.417084
latency,4,98,http1_rust_nodelay_off_c16_keepalive_ms,1.448975
latency,4,99,http1_rust_nodelay_off_c16_keepalive_ms,1.507165
latency,4,100,http1_rust_nodelay_off_c16_keepalive_ms,1.471735
latency,4,101,http1_rust_nodelay_off_c16_keepalive_ms,1.394234
latency,4,102,http1_rust_nodelay_off_c16_keepalive_ms,1.541176
latency,4,103,http1_rust_nodelay_off_c16_keepalive_ms,1.522006
latency,4,104,http1_rust_nodelay_off_c16_keepalive_ms,1.458795
latency,4,105,http1_rust_nodelay_off_c16_keepalive_ms,1.438654
latency,4,106,http1_rust_nodelay_off_c16_keepalive_ms,1.450025
latency,4,107,http1_rust_nodelay_off_c16_keepalive_ms,1.646738
latency,4,108,http1_rust_nodelay_off_c16_keepalive_ms,1.225591
latency,4,109,http1_rust_nodelay_off_c16_keepalive_ms,1.572316
latency,4,110,http1_rust_nodelay_off_c16_keepalive_ms,1.514076
latency,4,111,http1_rust_nodelay_off_c16_keepalive_ms,1.004387
latency,4,112,http1_rust_nodelay_off_c16_keepalive_ms,1.499736
latency,4,113,http1_rust_nodelay_off_c16_keepalive_ms,1.320722
latency,4,114,http1_rust_nodelay_off_c16_keepalive_ms,1.317732
latency,4,115,http1_rust_nodelay_off_c16_keepalive_ms,1.429725
latency,4,116,http1_rust_nodelay_off_c16_keepalive_ms,1.332092
latency,4,117,http1_rust_nodelay_off_c16_keepalive_ms,1.384414
latency,4,118,http1_rust_nodelay_off_c16_keepalive_ms,1.396223
latency,4,119,http1_rust_nodelay_off_c16_keepalive_ms,1.420205
latency,4,120,http1_rust_nodelay_off_c16_keepalive_ms,1.720859
latency,4,121,http1_rust_nodelay_off_c16_keepalive_ms,1.092179
latency,4,122,http1_rust_nodelay_off_c16_keepalive_ms,1.118119
latency,4,123,http1_rust_nodelay_off_c16_keepalive_ms,1.117289
latency,4,124,http1_rust_nodelay_off_c16_keepalive_ms,1.059517
latency,4,125,http1_rust_nodelay_off_c16_keepalive_ms,1.112119
latency,4,126,http1_rust_nodelay_off_c16_keepalive_ms,1.092889
latency,4,127,http1_rust_nodelay_off_c16_keepalive_ms,1.434884
latency,4,128,http1_rust_nodelay_off_c16_keepalive_ms,1.472185
latency,4,129,http1_rust_nodelay_off_c16_keepalive_ms,1.423575
latency,4,130,http1_rust_nodelay_off_c16_keepalive_ms,1.248501
latency,4,131,http1_rust_nodelay_off_c16_keepalive_ms,1.498925
latency,4,132,http1_rust_nodelay_off_c16_keepalive_ms,1.101629
latency,4,133,http1_rust_nodelay_off_c16_keepalive_ms,1.470155
latency,4,134,http1_rust_nodelay_off_c16_keepalive_ms,1.484635
latency,4,135,http1_rust_nodelay_off_c16_keepalive_ms,1.432324
latency,4,136,http1_rust_nodelay_off_c16_keepalive_ms,1.436595
latency,4,137,http1_rust_nodelay_off_c16_keepalive_ms,1.449524
latency,4,138,http1_rust_nodelay_off_c16_keepalive_ms,1.452595
latency,4,139,http1_rust_nodelay_off_c16_keepalive_ms,1.112659
latency,4,140,http1_rust_nodelay_off_c16_keepalive_ms,1.103649
latency,4,141,http1_rust_nodelay_off_c16_keepalive_ms,1.142619
latency,4,142,http1_rust_nodelay_off_c16_keepalive_ms,1.436075
latency,4,143,http1_rust_nodelay_off_c16_keepalive_ms,1.469525
latency,4,144,http1_rust_nodelay_off_c16_keepalive_ms,1.395903
latency,4,145,http1_rust_nodelay_off_c16_keepalive_ms,1.523856
latency,4,146,http1_rust_nodelay_off_c16_keepalive_ms,1.093879
latency,4,147,http1_rust_nodelay_off_c16_keepalive_ms,1.078998
latency,4,148,http1_rust_nodelay_off_c16_keepalive_ms,1.450675
latency,4,149,http1_rust_nodelay_off_c16_keepalive_ms,1.345793
latency,4,150,http1_rust_nodelay_off_c16_keepalive_ms,1.012827
latency,4,151,http1_rust_nodelay_off_c16_keepalive_ms,1.022437
latency,4,152,http1_rust_nodelay_off_c16_keepalive_ms,1.345563
latency,4,153,http1_rust_nodelay_off_c16_keepalive_ms,1.014557
latency,4,154,http1_rust_nodelay_off_c16_keepalive_ms,1.008627
latency,4,155,http1_rust_nodelay_off_c16_keepalive_ms,1.390664
latency,4,156,http1_rust_nodelay_off_c16_keepalive_ms,1.378944
latency,4,157,http1_rust_nodelay_off_c16_keepalive_ms,1.887882
latency,4,158,http1_rust_nodelay_off_c16_keepalive_ms,0.975506
latency,4,159,http1_rust_nodelay_off_c16_keepalive_ms,1.256801
latency,4,320,http1_rust_nodelay_off_c16_keepalive_ms,1.537276
latency,4,321,http1_rust_nodelay_off_c16_keepalive_ms,1.672308
latency,4,322,http1_rust_nodelay_off_c16_keepalive_ms,14.529397
latency,4,323,http1_rust_nodelay_off_c16_keepalive_ms,1.204810
latency,4,324,http1_rust_nodelay_off_c16_keepalive_ms,1.455285
latency,4,325,http1_rust_nodelay_off_c16_keepalive_ms,1.082909
latency,4,326,http1_rust_nodelay_off_c16_keepalive_ms,1.054448
latency,4,327,http1_rust_nodelay_off_c16_keepalive_ms,1.451874
latency,4,328,http1_rust_nodelay_off_c16_keepalive_ms,1.163530
latency,4,329,http1_rust_nodelay_off_c16_keepalive_ms,1.186290
latency,4,330,http1_rust_nodelay_off_c16_keepalive_ms,1.462305
latency,4,331,http1_rust_nodelay_off_c16_keepalive_ms,1.387854
latency,4,332,http1_rust_nodelay_off_c16_keepalive_ms,1.092558
latency,4,333,http1_rust_nodelay_off_c16_keepalive_ms,1.400164
latency,4,334,http1_rust_nodelay_off_c16_keepalive_ms,1.068288
latency,4,335,http1_rust_nodelay_off_c16_keepalive_ms,1.433724
latency,4,336,http1_rust_nodelay_off_c16_keepalive_ms,1.420685
latency,4,337,http1_rust_nodelay_off_c16_keepalive_ms,1.148589
latency,4,338,http1_rust_nodelay_off_c16_keepalive_ms,1.113619
latency,4,339,http1_rust_nodelay_off_c16_keepalive_ms,1.397614
latency,4,340,http1_rust_nodelay_off_c16_keepalive_ms,1.504345
latency,4,341,http1_rust_nodelay_off_c16_keepalive_ms,1.156950
latency,4,342,http1_rust_nodelay_off_c16_keepalive_ms,1.466315
latency,4,343,http1_rust_nodelay_off_c16_keepalive_ms,1.122229
latency,4,344,http1_rust_nodelay_off_c16_keepalive_ms,1.098009
latency,4,345,http1_rust_nodelay_off_c16_keepalive_ms,1.502775
latency,4,346,http1_rust_nodelay_off_c16_keepalive_ms,1.627308
latency,4,347,http1_rust_nodelay_off_c16_keepalive_ms,1.613247
latency,4,348,http1_rust_nodelay_off_c16_keepalive_ms,1.549147
latency,4,349,http1_rust_nodelay_off_c16_keepalive_ms,1.493155
latency,4,350,http1_rust_nodelay_off_c16_keepalive_ms,1.281472
latency,4,351,http1_rust_nodelay_off_c16_keepalive_ms,1.438124
latency,4,352,http1_rust_nodelay_off_c16_keepalive_ms,1.019677
latency,4,353,http1_rust_nodelay_off_c16_keepalive_ms,1.422995
latency,4,354,http1_rust_nodelay_off_c16_keepalive_ms,1.423074
latency,4,355,http1_rust_nodelay_off_c16_keepalive_ms,1.433864
latency,4,356,http1_rust_nodelay_off_c16_keepalive_ms,1.386403
latency,4,357,http1_rust_nodelay_off_c16_keepalive_ms,1.406504
latency,4,358,http1_rust_nodelay_off_c16_keepalive_ms,1.639018
latency,4,359,http1_rust_nodelay_off_c16_keepalive_ms,1.481636
latency,4,360,http1_rust_nodelay_off_c16_keepalive_ms,1.126669
latency,4,361,http1_rust_nodelay_off_c16_keepalive_ms,1.078528
latency,4,362,http1_rust_nodelay_off_c16_keepalive_ms,1.091778
latency,4,363,http1_rust_nodelay_off_c16_keepalive_ms,1.380934
latency,4,364,http1_rust_nodelay_off_c16_keepalive_ms,1.082398
latency,4,365,http1_rust_nodelay_off_c16_keepalive_ms,1.073589
latency,4,366,http1_rust_nodelay_off_c16_keepalive_ms,1.479415
latency,4,367,http1_rust_nodelay_off_c16_keepalive_ms,1.458435
latency,4,368,http1_rust_nodelay_off_c16_keepalive_ms,1.525495
latency,4,369,http1_rust_nodelay_off_c16_keepalive_ms,1.529626
latency,4,370,http1_rust_nodelay_off_c16_keepalive_ms,1.446575
latency,4,371,http1_rust_nodelay_off_c16_keepalive_ms,1.492585
latency,4,372,http1_rust_nodelay_off_c16_keepalive_ms,1.435335
latency,4,373,http1_rust_nodelay_off_c16_keepalive_ms,1.406153
latency,4,374,http1_rust_nodelay_off_c16_keepalive_ms,1.149630
latency,4,375,http1_rust_nodelay_off_c16_keepalive_ms,1.440485
latency,4,376,http1_rust_nodelay_off_c16_keepalive_ms,1.459164
latency,4,377,http1_rust_nodelay_off_c16_keepalive_ms,1.451405
latency,4,378,http1_rust_nodelay_off_c16_keepalive_ms,1.531376
latency,4,379,http1_rust_nodelay_off_c16_keepalive_ms,1.115939
latency,4,380,http1_rust_nodelay_off_c16_keepalive_ms,1.045588
latency,4,381,http1_rust_nodelay_off_c16_keepalive_ms,1.118109
latency,4,382,http1_rust_nodelay_off_c16_keepalive_ms,1.396384
latency,4,383,http1_rust_nodelay_off_c16_keepalive_ms,1.523786
latency,4,384,http1_rust_nodelay_off_c16_keepalive_ms,1.483905
latency,4,385,http1_rust_nodelay_off_c16_keepalive_ms,1.112558
latency,4,386,http1_rust_nodelay_off_c16_keepalive_ms,1.367374
latency,4,387,http1_rust_nodelay_off_c16_keepalive_ms,1.034457
latency,4,388,http1_rust_nodelay_off_c16_keepalive_ms,1.300703
latency,4,389,http1_rust_nodelay_off_c16_keepalive_ms,1.332952
latency,4,390,http1_rust_nodelay_off_c16_keepalive_ms,1.035748
latency,4,391,http1_rust_nodelay_off_c16_keepalive_ms,1.319252
latency,4,392,http1_rust_nodelay_off_c16_keepalive_ms,1.330073
latency,4,393,http1_rust_nodelay_off_c16_keepalive_ms,1.426964
latency,4,394,http1_rust_nodelay_off_c16_keepalive_ms,1.004167
latency,4,395,http1_rust_nodelay_off_c16_keepalive_ms,1.839761
latency,4,396,http1_rust_nodelay_off_c16_keepalive_ms,0.989387
latency,4,397,http1_rust_nodelay_off_c16_keepalive_ms,1.609247
latency,4,398,http1_rust_nodelay_off_c16_keepalive_ms,1.255832
latency,4,399,http1_rust_nodelay_off_c16_keepalive_ms,0.619480
latency,4,880,http1_rust_nodelay_off_c16_keepalive_ms,1.558946
latency,4,881,http1_rust_nodelay_off_c16_keepalive_ms,1.666108
latency,4,882,http1_rust_nodelay_off_c16_keepalive_ms,1.610958
latency,4,883,http1_rust_nodelay_off_c16_keepalive_ms,1.561527
latency,4,884,http1_rust_nodelay_off_c16_keepalive_ms,1.585437
latency,4,885,http1_rust_nodelay_off_c16_keepalive_ms,1.212970
latency,4,886,http1_rust_nodelay_off_c16_keepalive_ms,1.097749
latency,4,887,http1_rust_nodelay_off_c16_keepalive_ms,1.547386
latency,4,888,http1_rust_nodelay_off_c16_keepalive_ms,1.572767
latency,4,889,http1_rust_nodelay_off_c16_keepalive_ms,1.554486
latency,4,890,http1_rust_nodelay_off_c16_keepalive_ms,1.512406
latency,4,891,http1_rust_nodelay_off_c16_keepalive_ms,1.204370
latency,4,892,http1_rust_nodelay_off_c16_keepalive_ms,1.209381
latency,4,893,http1_rust_nodelay_off_c16_keepalive_ms,1.455494
latency,4,894,http1_rust_nodelay_off_c16_keepalive_ms,1.081539
latency,4,895,http1_rust_nodelay_off_c16_keepalive_ms,1.055398
latency,4,896,http1_rust_nodelay_off_c16_keepalive_ms,1.452615
latency,4,897,http1_rust_nodelay_off_c16_keepalive_ms,1.496095
latency,4,898,http1_rust_nodelay_off_c16_keepalive_ms,1.170110
latency,4,899,http1_rust_nodelay_off_c16_keepalive_ms,1.107119
latency,4,900,http1_rust_nodelay_off_c16_keepalive_ms,1.066128
latency,4,901,http1_rust_nodelay_off_c16_keepalive_ms,1.402544
latency,4,902,http1_rust_nodelay_off_c16_keepalive_ms,1.400944
latency,4,903,http1_rust_nodelay_off_c16_keepalive_ms,1.425683
latency,4,904,http1_rust_nodelay_off_c16_keepalive_ms,1.429345
latency,4,905,http1_rust_nodelay_off_c16_keepalive_ms,1.430614
latency,4,906,http1_rust_nodelay_off_c16_keepalive_ms,1.539886
latency,4,907,http1_rust_nodelay_off_c16_keepalive_ms,1.100459
latency,4,908,http1_rust_nodelay_off_c16_keepalive_ms,1.072268
latency,4,909,http1_rust_nodelay_off_c16_keepalive_ms,1.493875
latency,4,910,http1_rust_nodelay_off_c16_keepalive_ms,1.115379
latency,4,911,http1_rust_nodelay_off_c16_keepalive_ms,1.119430
latency,4,912,http1_rust_nodelay_off_c16_keepalive_ms,1.473835
latency,4,913,http1_rust_nodelay_off_c16_keepalive_ms,1.083628
latency,4,914,http1_rust_nodelay_off_c16_keepalive_ms,1.199930
latency,4,915,http1_rust_nodelay_off_c16_keepalive_ms,1.627658
latency,4,916,http1_rust_nodelay_off_c16_keepalive_ms,1.565857
latency,4,917,http1_rust_nodelay_off_c16_keepalive_ms,1.168010
latency,4,918,http1_rust_nodelay_off_c16_keepalive_ms,1.551596
latency,4,919,http1_rust_nodelay_off_c16_keepalive_ms,1.187880
latency,4,920,http1_rust_nodelay_off_c16_keepalive_ms,1.477725
latency,4,921,http1_rust_nodelay_off_c16_keepalive_ms,1.673669
latency,4,922,http1_rust_nodelay_off_c16_keepalive_ms,1.076708
latency,4,923,http1_rust_nodelay_off_c16_keepalive_ms,1.058228
latency,4,924,http1_rust_nodelay_off_c16_keepalive_ms,1.141609
latency,4,925,http1_rust_nodelay_off_c16_keepalive_ms,1.022098
latency,4,926,http1_rust_nodelay_off_c16_keepalive_ms,1.379033
latency,4,927,http1_rust_nodelay_off_c16_keepalive_ms,1.414204
latency,4,928,http1_rust_nodelay_off_c16_keepalive_ms,1.348933
latency,4,929,http1_rust_nodelay_off_c16_keepalive_ms,1.483055
latency,4,930,http1_rust_nodelay_off_c16_keepalive_ms,1.507576
latency,4,931,http1_rust_nodelay_off_c16_keepalive_ms,1.458255
latency,4,932,http1_rust_nodelay_off_c16_keepalive_ms,1.450574
latency,4,933,http1_rust_nodelay_off_c16_keepalive_ms,1.056228
latency,4,934,http1_rust_nodelay_off_c16_keepalive_ms,1.391414
latency,4,935,http1_rust_nodelay_off_c16_keepalive_ms,1.132839
latency,4,936,http1_rust_nodelay_off_c16_keepalive_ms,1.476285
latency,4,937,http1_rust_nodelay_off_c16_keepalive_ms,1.570957
latency,4,938,http1_rust_nodelay_off_c16_keepalive_ms,1.525906
latency,4,939,http1_rust_nodelay_off_c16_keepalive_ms,1.470375
latency,4,940,http1_rust_nodelay_off_c16_keepalive_ms,1.120299
latency,4,941,http1_rust_nodelay_off_c16_keepalive_ms,1.459065
latency,4,942,http1_rust_nodelay_off_c16_keepalive_ms,1.412103
latency,4,943,http1_rust_nodelay_off_c16_keepalive_ms,1.069879
latency,4,944,http1_rust_nodelay_off_c16_keepalive_ms,1.101818
latency,4,945,http1_rust_nodelay_off_c16_keepalive_ms,1.444245
latency,4,946,http1_rust_nodelay_off_c16_keepalive_ms,1.492955
latency,4,947,http1_rust_nodelay_off_c16_keepalive_ms,1.485276
latency,4,948,http1_rust_nodelay_off_c16_keepalive_ms,1.113999
latency,4,949,http1_rust_nodelay_off_c16_keepalive_ms,1.116398
latency,4,950,http1_rust_nodelay_off_c16_keepalive_ms,1.045498
latency,4,951,http1_rust_nodelay_off_c16_keepalive_ms,10.052241
latency,4,952,http1_rust_nodelay_off_c16_keepalive_ms,1.023747
latency,4,953,http1_rust_nodelay_off_c16_keepalive_ms,0.985827
latency,4,954,http1_rust_nodelay_off_c16_keepalive_ms,10.368926
latency,4,955,http1_rust_nodelay_off_c16_keepalive_ms,1.231411
latency,4,956,http1_rust_nodelay_off_c16_keepalive_ms,1.623078
latency,4,957,http1_rust_nodelay_off_c16_keepalive_ms,0.942256
latency,4,958,http1_rust_nodelay_off_c16_keepalive_ms,0.950716
latency,4,959,http1_rust_nodelay_off_c16_keepalive_ms,1.080499
latency,4,1120,http1_rust_nodelay_off_c16_keepalive_ms,1.474394
latency,4,1121,http1_rust_nodelay_off_c16_keepalive_ms,1.650268
latency,4,1122,http1_rust_nodelay_off_c16_keepalive_ms,1.231081
latency,4,1123,http1_rust_nodelay_off_c16_keepalive_ms,1.588767
latency,4,1124,http1_rust_nodelay_off_c16_keepalive_ms,1.607808
latency,4,1125,http1_rust_nodelay_off_c16_keepalive_ms,1.223951
latency,4,1126,http1_rust_nodelay_off_c16_keepalive_ms,1.407103
latency,4,1127,http1_rust_nodelay_off_c16_keepalive_ms,1.525596
latency,4,1128,http1_rust_nodelay_off_c16_keepalive_ms,1.596678
latency,4,1129,http1_rust_nodelay_off_c16_keepalive_ms,1.172520
latency,4,1130,http1_rust_nodelay_off_c16_keepalive_ms,1.143779
latency,4,1131,http1_rust_nodelay_off_c16_keepalive_ms,1.589517
latency,4,1132,http1_rust_nodelay_off_c16_keepalive_ms,1.564746
latency,4,1133,http1_rust_nodelay_off_c16_keepalive_ms,1.448125
latency,4,1134,http1_rust_nodelay_off_c16_keepalive_ms,1.422334
latency,4,1135,http1_rust_nodelay_off_c16_keepalive_ms,1.469705
latency,4,1136,http1_rust_nodelay_off_c16_keepalive_ms,1.466485
latency,4,1137,http1_rust_nodelay_off_c16_keepalive_ms,1.554376
latency,4,1138,http1_rust_nodelay_off_c16_keepalive_ms,1.423285
latency,4,1139,http1_rust_nodelay_off_c16_keepalive_ms,1.526976
latency,4,1140,http1_rust_nodelay_off_c16_keepalive_ms,1.429364
latency,4,1141,http1_rust_nodelay_off_c16_keepalive_ms,1.400624
latency,4,1142,http1_rust_nodelay_off_c16_keepalive_ms,1.070748
latency,4,1143,http1_rust_nodelay_off_c16_keepalive_ms,1.396864
latency,4,1144,http1_rust_nodelay_off_c16_keepalive_ms,1.108438
latency,4,1145,http1_rust_nodelay_off_c16_keepalive_ms,1.479936
latency,4,1146,http1_rust_nodelay_off_c16_keepalive_ms,1.400424
latency,4,1147,http1_rust_nodelay_off_c16_keepalive_ms,1.467864
latency,4,1148,http1_rust_nodelay_off_c16_keepalive_ms,1.470835
latency,4,1149,http1_rust_nodelay_off_c16_keepalive_ms,1.485016
latency,4,1150,http1_rust_nodelay_off_c16_keepalive_ms,1.106798
latency,4,1151,http1_rust_nodelay_off_c16_keepalive_ms,1.439005
latency,4,1152,http1_rust_nodelay_off_c16_keepalive_ms,1.453315
latency,4,1153,http1_rust_nodelay_off_c16_keepalive_ms,1.650167
latency,4,1154,http1_rust_nodelay_off_c16_keepalive_ms,1.225081
latency,4,1155,http1_rust_nodelay_off_c16_keepalive_ms,1.573657
latency,4,1156,http1_rust_nodelay_off_c16_keepalive_ms,1.513416
latency,4,1157,http1_rust_nodelay_off_c16_keepalive_ms,1.615127
latency,4,1158,http1_rust_nodelay_off_c16_keepalive_ms,1.149850
latency,4,1159,http1_rust_nodelay_off_c16_keepalive_ms,1.059798
latency,4,1160,http1_rust_nodelay_off_c16_keepalive_ms,1.335462
latency,4,1161,http1_rust_nodelay_off_c16_keepalive_ms,1.430335
latency,4,1162,http1_rust_nodelay_off_c16_keepalive_ms,1.453925
latency,4,1163,http1_rust_nodelay_off_c16_keepalive_ms,1.382323
latency,4,1164,http1_rust_nodelay_off_c16_keepalive_ms,1.396374
latency,4,1165,http1_rust_nodelay_off_c16_keepalive_ms,1.108238
latency,4,1166,http1_rust_nodelay_off_c16_keepalive_ms,1.651649
latency,4,1167,http1_rust_nodelay_off_c16_keepalive_ms,0.796143
latency,4,1168,http1_rust_nodelay_off_c16_keepalive_ms,1.467915
latency,4,1169,http1_rust_nodelay_off_c16_keepalive_ms,9.900278
latency,4,1170,http1_rust_nodelay_off_c16_keepalive_ms,1.484195
latency,4,1171,http1_rust_nodelay_off_c16_keepalive_ms,1.143880
latency,4,1172,http1_rust_nodelay_off_c16_keepalive_ms,1.435984
latency,4,1173,http1_rust_nodelay_off_c16_keepalive_ms,1.470295
latency,4,1174,http1_rust_nodelay_off_c16_keepalive_ms,1.453265
latency,4,1175,http1_rust_nodelay_off_c16_keepalive_ms,1.444254
latency,4,1176,http1_rust_nodelay_off_c16_keepalive_ms,1.419235
latency,4,1177,http1_rust_nodelay_off_c16_keepalive_ms,1.431974
latency,4,1178,http1_rust_nodelay_off_c16_keepalive_ms,1.088819
latency,4,1179,http1_rust_nodelay_off_c16_keepalive_ms,1.149009
latency,4,1180,http1_rust_nodelay_off_c16_keepalive_ms,1.093949
latency,4,1181,http1_rust_nodelay_off_c16_keepalive_ms,1.105008
latency,4,1182,http1_rust_nodelay_off_c16_keepalive_ms,1.056338
latency,4,1183,http1_rust_nodelay_off_c16_keepalive_ms,1.449375
latency,4,1184,http1_rust_nodelay_off_c16_keepalive_ms,1.419874
latency,4,1185,http1_rust_nodelay_off_c16_keepalive_ms,1.525486
latency,4,1186,http1_rust_nodelay_off_c16_keepalive_ms,1.084608
latency,4,1187,http1_rust_nodelay_off_c16_keepalive_ms,1.112489
latency,4,1188,http1_rust_nodelay_off_c16_keepalive_ms,1.413374
latency,4,1189,http1_rust_nodelay_off_c16_keepalive_ms,10.949196
latency,4,1190,http1_rust_nodelay_off_c16_keepalive_ms,1.267502
latency,4,1191,http1_rust_nodelay_off_c16_keepalive_ms,1.597747
latency,4,1192,http1_rust_nodelay_off_c16_keepalive_ms,1.292962
latency,4,1193,http1_rust_nodelay_off_c16_keepalive_ms,1.309572
latency,4,1194,http1_rust_nodelay_off_c16_keepalive_ms,1.255312
latency,4,1195,http1_rust_nodelay_off_c16_keepalive_ms,0.940286
latency,4,1196,http1_rust_nodelay_off_c16_keepalive_ms,1.190290
latency,4,1197,http1_rust_nodelay_off_c16_keepalive_ms,0.833814
latency,4,1198,http1_rust_nodelay_off_c16_keepalive_ms,1.236631
latency,4,1199,http1_rust_nodelay_off_c16_keepalive_ms,0.658261
latency,4,0,http1_rust_nodelay_off_c16_keepalive_ms,1.058398
latency,4,1,http1_rust_nodelay_off_c16_keepalive_ms,1.743489
latency,4,2,http1_rust_nodelay_off_c16_keepalive_ms,1.629238
latency,4,3,http1_rust_nodelay_off_c16_keepalive_ms,1.587297
latency,4,4,http1_rust_nodelay_off_c16_keepalive_ms,1.231721
latency,4,5,http1_rust_nodelay_off_c16_keepalive_ms,1.596637
latency,4,6,http1_rust_nodelay_off_c16_keepalive_ms,1.031128
latency,4,7,http1_rust_nodelay_off_c16_keepalive_ms,1.488935
latency,4,8,http1_rust_nodelay_off_c16_keepalive_ms,1.233991
latency,4,9,http1_rust_nodelay_off_c16_keepalive_ms,1.562497
latency,4,10,http1_rust_nodelay_off_c16_keepalive_ms,1.550466
latency,4,11,http1_rust_nodelay_off_c16_keepalive_ms,1.489135
latency,4,12,http1_rust_nodelay_off_c16_keepalive_ms,1.563657
latency,4,13,http1_rust_nodelay_off_c16_keepalive_ms,1.540806
latency,4,14,http1_rust_nodelay_off_c16_keepalive_ms,1.425694
latency,4,15,http1_rust_nodelay_off_c16_keepalive_ms,1.457975
latency,4,16,http1_rust_nodelay_off_c16_keepalive_ms,1.470945
latency,4,17,http1_rust_nodelay_off_c16_keepalive_ms,1.560226
latency,4,18,http1_rust_nodelay_off_c16_keepalive_ms,1.083089
latency,4,19,http1_rust_nodelay_off_c16_keepalive_ms,1.432834
latency,4,20,http1_rust_nodelay_off_c16_keepalive_ms,1.082249
latency,4,21,http1_rust_nodelay_off_c16_keepalive_ms,1.406144
latency,4,22,http1_rust_nodelay_off_c16_keepalive_ms,10.554199
latency,4,23,http1_rust_nodelay_off_c16_keepalive_ms,1.438324
latency,4,24,http1_rust_nodelay_off_c16_keepalive_ms,1.487056
latency,4,25,http1_rust_nodelay_off_c16_keepalive_ms,1.438824
latency,4,26,http1_rust_nodelay_off_c16_keepalive_ms,1.538846
latency,4,27,http1_rust_nodelay_off_c16_keepalive_ms,1.565317
latency,4,28,http1_rust_nodelay_off_c16_keepalive_ms,1.201270
latency,4,29,http1_rust_nodelay_off_c16_keepalive_ms,1.549386
latency,4,30,http1_rust_nodelay_off_c16_keepalive_ms,1.492296
latency,4,31,http1_rust_nodelay_off_c16_keepalive_ms,1.266121
latency,4,32,http1_rust_nodelay_off_c16_keepalive_ms,1.121819
latency,4,33,http1_rust_nodelay_off_c16_keepalive_ms,1.334313
latency,4,34,http1_rust_nodelay_off_c16_keepalive_ms,1.423434
latency,4,35,http1_rust_nodelay_off_c16_keepalive_ms,1.423094
latency,4,36,http1_rust_nodelay_off_c16_keepalive_ms,1.432795
latency,4,37,http1_rust_nodelay_off_c16_keepalive_ms,1.386243
latency,4,38,http1_rust_nodelay_off_c16_keepalive_ms,1.406744
latency,4,39,http1_rust_nodelay_off_c16_keepalive_ms,1.060288
latency,4,40,http1_rust_nodelay_off_c16_keepalive_ms,1.369413
latency,4,41,http1_rust_nodelay_off_c16_keepalive_ms,1.504656
latency,4,42,http1_rust_nodelay_off_c16_keepalive_ms,1.452325
latency,4,43,http1_rust_nodelay_off_c16_keepalive_ms,1.452224
latency,4,44,http1_rust_nodelay_off_c16_keepalive_ms,1.416964
latency,4,45,http1_rust_nodelay_off_c16_keepalive_ms,1.450425
latency,4,46,http1_rust_nodelay_off_c16_keepalive_ms,1.498626
latency,4,47,http1_rust_nodelay_off_c16_keepalive_ms,1.103958
latency,4,48,http1_rust_nodelay_off_c16_keepalive_ms,1.192471
latency,4,49,http1_rust_nodelay_off_c16_keepalive_ms,1.499115
latency,4,50,http1_rust_nodelay_off_c16_keepalive_ms,1.192410
latency,4,51,http1_rust_nodelay_off_c16_keepalive_ms,1.416884
latency,4,52,http1_rust_nodelay_off_c16_keepalive_ms,1.140520
latency,4,53,http1_rust_nodelay_off_c16_keepalive_ms,1.382793
latency,4,54,http1_rust_nodelay_off_c16_keepalive_ms,1.088699
latency,4,55,http1_rust_nodelay_off_c16_keepalive_ms,1.442804
latency,4,56,http1_rust_nodelay_off_c16_keepalive_ms,1.419284
latency,4,57,http1_rust_nodelay_off_c16_keepalive_ms,1.064968
latency,4,58,http1_rust_nodelay_off_c16_keepalive_ms,1.120720
latency,4,59,http1_rust_nodelay_off_c16_keepalive_ms,1.518095
latency,4,60,http1_rust_nodelay_off_c16_keepalive_ms,1.451295
latency,4,61,http1_rust_nodelay_off_c16_keepalive_ms,1.434554
latency,4,62,http1_rust_nodelay_off_c16_keepalive_ms,1.470435
latency,4,63,http1_rust_nodelay_off_c16_keepalive_ms,1.396074
latency,4,64,http1_rust_nodelay_off_c16_keepalive_ms,1.140990
latency,4,65,http1_rust_nodelay_off_c16_keepalive_ms,1.125329
latency,4,66,http1_rust_nodelay_off_c16_keepalive_ms,1.439274
latency,4,67,http1_rust_nodelay_off_c16_keepalive_ms,10.144732
latency,4,68,http1_rust_nodelay_off_c16_keepalive_ms,1.367644
latency,4,69,http1_rust_nodelay_off_c16_keepalive_ms,1.862911
latency,4,70,http1_rust_nodelay_off_c16_keepalive_ms,1.308992
latency,4,71,http1_rust_nodelay_off_c16_keepalive_ms,1.606748
latency,4,72,http1_rust_nodelay_off_c16_keepalive_ms,0.629500
latency,4,73,http1_rust_nodelay_off_c16_keepalive_ms,1.632558
latency,4,74,http1_rust_nodelay_off_c16_keepalive_ms,1.254802
latency,4,75,http1_rust_nodelay_off_c16_keepalive_ms,1.209120
latency,4,76,http1_rust_nodelay_off_c16_keepalive_ms,0.878555
latency,4,77,http1_rust_nodelay_off_c16_keepalive_ms,0.975546
latency,4,78,http1_rust_nodelay_off_c16_keepalive_ms,1.031818
latency,4,79,http1_rust_nodelay_off_c16_keepalive_ms,1.208761
latency,4,160,http1_rust_nodelay_off_c16_keepalive_ms,1.489155
latency,4,161,http1_rust_nodelay_off_c16_keepalive_ms,1.250781
latency,4,162,http1_rust_nodelay_off_c16_keepalive_ms,1.631128
latency,4,163,http1_rust_nodelay_off_c16_keepalive_ms,1.588837
latency,4,164,http1_rust_nodelay_off_c16_keepalive_ms,1.544186
latency,4,165,http1_rust_nodelay_off_c16_keepalive_ms,1.586097
latency,4,166,http1_rust_nodelay_off_c16_keepalive_ms,1.410174
latency,4,167,http1_rust_nodelay_off_c16_keepalive_ms,1.547386
latency,4,168,http1_rust_nodelay_off_c16_keepalive_ms,10.580630
latency,4,169,http1_rust_nodelay_off_c16_keepalive_ms,1.120089
latency,4,170,http1_rust_nodelay_off_c16_keepalive_ms,1.489645
latency,4,171,http1_rust_nodelay_off_c16_keepalive_ms,1.185360
latency,4,172,http1_rust_nodelay_off_c16_keepalive_ms,1.461735
latency,4,173,http1_rust_nodelay_off_c16_keepalive_ms,1.387824
latency,4,174,http1_rust_nodelay_off_c16_keepalive_ms,1.093069
latency,4,175,http1_rust_nodelay_off_c16_keepalive_ms,1.050417
latency,4,176,http1_rust_nodelay_off_c16_keepalive_ms,1.418614
latency,4,177,http1_rust_nodelay_off_c16_keepalive_ms,1.433655
latency,4,178,http1_rust_nodelay_off_c16_keepalive_ms,10.139362
latency,4,179,http1_rust_nodelay_off_c16_keepalive_ms,1.455905
latency,4,180,http1_rust_nodelay_off_c16_keepalive_ms,1.485155
latency,4,181,http1_rust_nodelay_off_c16_keepalive_ms,1.644388
latency,4,182,http1_rust_nodelay_off_c16_keepalive_ms,1.567897
latency,4,183,http1_rust_nodelay_off_c16_keepalive_ms,1.550576
latency,4,184,http1_rust_nodelay_off_c16_keepalive_ms,0.794454
latency,4,185,http1_rust_nodelay_off_c16_keepalive_ms,1.354573
latency,4,186,http1_rust_nodelay_off_c16_keepalive_ms,1.477524
latency,4,187,http1_rust_nodelay_off_c16_keepalive_ms,1.630998
latency,4,188,http1_rust_nodelay_off_c16_keepalive_ms,1.077219
latency,4,189,http1_rust_nodelay_off_c16_keepalive_ms,1.057148
latency,4,190,http1_rust_nodelay_off_c16_keepalive_ms,1.352043
latency,4,191,http1_rust_nodelay_off_c16_keepalive_ms,1.382213
latency,4,192,http1_rust_nodelay_off_c16_keepalive_ms,1.091668
latency,4,193,http1_rust_nodelay_off_c16_keepalive_ms,1.051568
latency,4,194,http1_rust_nodelay_off_c16_keepalive_ms,1.059128
latency,4,195,http1_rust_nodelay_off_c16_keepalive_ms,1.382424
latency,4,196,http1_rust_nodelay_off_c16_keepalive_ms,1.498085
latency,4,197,http1_rust_nodelay_off_c16_keepalive_ms,1.464005
latency,4,198,http1_rust_nodelay_off_c16_keepalive_ms,1.443085
latency,4,199,http1_rust_nodelay_off_c16_keepalive_ms,7.295303
latency,4,200,http1_rust_nodelay_off_c16_keepalive_ms,1.484866
latency,4,201,http1_rust_nodelay_off_c16_keepalive_ms,0.783173
latency,4,202,http1_rust_nodelay_off_c16_keepalive_ms,1.445475
latency,4,203,http1_rust_nodelay_off_c16_keepalive_ms,1.502075
latency,4,204,http1_rust_nodelay_off_c16_keepalive_ms,1.395174
latency,4,205,http1_rust_nodelay_off_c16_keepalive_ms,1.434854
latency,4,206,http1_rust_nodelay_off_c16_keepalive_ms,1.450005
latency,4,207,http1_rust_nodelay_off_c16_keepalive_ms,1.421204
latency,4,208,http1_rust_nodelay_off_c16_keepalive_ms,1.120569
latency,4,209,http1_rust_nodelay_off_c16_keepalive_ms,1.123609
latency,4,210,http1_rust_nodelay_off_c16_keepalive_ms,1.130610
latency,4,211,http1_rust_nodelay_off_c16_keepalive_ms,1.447554
latency,4,212,http1_rust_nodelay_off_c16_keepalive_ms,1.476625
latency,4,213,http1_rust_nodelay_off_c16_keepalive_ms,1.396964
latency,4,214,http1_rust_nodelay_off_c16_keepalive_ms,1.416934
latency,4,215,http1_rust_nodelay_off_c16_keepalive_ms,1.186760
latency,4,216,http1_rust_nodelay_off_c16_keepalive_ms,1.439265
latency,4,217,http1_rust_nodelay_off_c16_keepalive_ms,1.437974
latency,4,218,http1_rust_nodelay_off_c16_keepalive_ms,1.394724
latency,4,219,http1_rust_nodelay_off_c16_keepalive_ms,1.028707
latency,4,220,http1_rust_nodelay_off_c16_keepalive_ms,1.007917
latency,4,221,http1_rust_nodelay_off_c16_keepalive_ms,1.290242
latency,4,222,http1_rust_nodelay_off_c16_keepalive_ms,1.314452
latency,4,223,http1_rust_nodelay_off_c16_keepalive_ms,0.995307
latency,4,224,http1_rust_nodelay_off_c16_keepalive_ms,1.028088
latency,4,225,http1_rust_nodelay_off_c16_keepalive_ms,1.436154
latency,4,226,http1_rust_nodelay_off_c16_keepalive_ms,1.318933
latency,4,227,http1_rust_nodelay_off_c16_keepalive_ms,1.775060
latency,4,228,http1_rust_nodelay_off_c16_keepalive_ms,1.285572
latency,4,229,http1_rust_nodelay_off_c16_keepalive_ms,1.606967
latency,4,230,http1_rust_nodelay_off_c16_keepalive_ms,0.952606
latency,4,231,http1_rust_nodelay_off_c16_keepalive_ms,1.624858
latency,4,232,http1_rust_nodelay_off_c16_keepalive_ms,0.938506
latency,4,233,http1_rust_nodelay_off_c16_keepalive_ms,1.218921
latency,4,234,http1_rust_nodelay_off_c16_keepalive_ms,0.835584
latency,4,235,http1_rust_nodelay_off_c16_keepalive_ms,1.293531
latency,4,236,http1_rust_nodelay_off_c16_keepalive_ms,0.476179
latency,4,237,http1_rust_nodelay_off_c16_keepalive_ms,1.260571
latency,4,238,http1_rust_nodelay_off_c16_keepalive_ms,0.580530
latency,4,239,http1_rust_nodelay_off_c16_keepalive_ms,0.572780
latency,4,720,http1_rust_nodelay_off_c16_keepalive_ms,1.665858
latency,4,721,http1_rust_nodelay_off_c16_keepalive_ms,1.634228
latency,4,722,http1_rust_nodelay_off_c16_keepalive_ms,1.570007
latency,4,723,http1_rust_nodelay_off_c16_keepalive_ms,1.224931
latency,4,724,http1_rust_nodelay_off_c16_keepalive_ms,1.436984
latency,4,725,http1_rust_nodelay_off_c16_keepalive_ms,1.522056
latency,4,726,http1_rust_nodelay_off_c16_keepalive_ms,1.409144
latency,4,727,http1_rust_nodelay_off_c16_keepalive_ms,1.546946
latency,4,728,http1_rust_nodelay_off_c16_keepalive_ms,0.869735
latency,4,729,http1_rust_nodelay_off_c16_keepalive_ms,1.558107
latency,4,730,http1_rust_nodelay_off_c16_keepalive_ms,1.534276
latency,4,731,http1_rust_nodelay_off_c16_keepalive_ms,1.593377
latency,4,732,http1_rust_nodelay_off_c16_keepalive_ms,1.510015
latency,4,733,http1_rust_nodelay_off_c16_keepalive_ms,1.444805
latency,4,734,http1_rust_nodelay_off_c16_keepalive_ms,1.439604
latency,4,735,http1_rust_nodelay_off_c16_keepalive_ms,1.315623
latency,4,736,http1_rust_nodelay_off_c16_keepalive_ms,1.130679
latency,4,737,http1_rust_nodelay_off_c16_keepalive_ms,1.195000
latency,4,738,http1_rust_nodelay_off_c16_keepalive_ms,9.644594
latency,4,739,http1_rust_nodelay_off_c16_keepalive_ms,1.123829
latency,4,740,http1_rust_nodelay_off_c16_keepalive_ms,1.136380
latency,4,741,http1_rust_nodelay_off_c16_keepalive_ms,10.297784
latency,4,742,http1_rust_nodelay_off_c16_keepalive_ms,1.589317
latency,4,743,http1_rust_nodelay_off_c16_keepalive_ms,1.552237
latency,4,744,http1_rust_nodelay_off_c16_keepalive_ms,0.815234
latency,4,745,http1_rust_nodelay_off_c16_keepalive_ms,1.495035
latency,4,746,http1_rust_nodelay_off_c16_keepalive_ms,1.471735
latency,4,747,http1_rust_nodelay_off_c16_keepalive_ms,1.476655
latency,4,748,http1_rust_nodelay_off_c16_keepalive_ms,1.361603
latency,4,749,http1_rust_nodelay_off_c16_keepalive_ms,1.436145
latency,4,750,http1_rust_nodelay_off_c16_keepalive_ms,1.459215
latency,4,751,http1_rust_nodelay_off_c16_keepalive_ms,1.015727
latency,4,752,http1_rust_nodelay_off_c16_keepalive_ms,10.369756
latency,4,753,http1_rust_nodelay_off_c16_keepalive_ms,1.423024
latency,4,754,http1_rust_nodelay_off_c16_keepalive_ms,1.391014
latency,4,755,http1_rust_nodelay_off_c16_keepalive_ms,1.189370
latency,4,756,http1_rust_nodelay_off_c16_keepalive_ms,1.071308
latency,4,757,http1_rust_nodelay_off_c16_keepalive_ms,1.582667
latency,4,758,http1_rust_nodelay_off_c16_keepalive_ms,1.158150
latency,4,759,http1_rust_nodelay_off_c16_keepalive_ms,1.469205
latency,4,760,http1_rust_nodelay_off_c16_keepalive_ms,1.443274
latency,4,761,http1_rust_nodelay_off_c16_keepalive_ms,1.120529
latency,4,762,http1_rust_nodelay_off_c16_keepalive_ms,1.062378
latency,4,763,http1_rust_nodelay_off_c16_keepalive_ms,1.431064
latency,4,764,http1_rust_nodelay_off_c16_keepalive_ms,1.128650
latency,4,765,http1_rust_nodelay_off_c16_keepalive_ms,1.401674
latency,4,766,http1_rust_nodelay_off_c16_keepalive_ms,1.127699
latency,4,767,http1_rust_nodelay_off_c16_keepalive_ms,1.472675
latency,4,768,http1_rust_nodelay_off_c16_keepalive_ms,1.476025
latency,4,769,http1_rust_nodelay_off_c16_keepalive_ms,1.445454
latency,4,770,http1_rust_nodelay_off_c16_keepalive_ms,1.478665
latency,4,771,http1_rust_nodelay_off_c16_keepalive_ms,1.396394
latency,4,772,http1_rust_nodelay_off_c16_keepalive_ms,1.095329
latency,4,773,http1_rust_nodelay_off_c16_keepalive_ms,1.186310
latency,4,774,http1_rust_nodelay_off_c16_keepalive_ms,1.444585
latency,4,775,http1_rust_nodelay_off_c16_keepalive_ms,1.462274
latency,4,776,http1_rust_nodelay_off_c16_keepalive_ms,1.065888
latency,4,777,http1_rust_nodelay_off_c16_keepalive_ms,1.013028
latency,4,778,http1_rust_nodelay_off_c16_keepalive_ms,1.347253
latency,4,779,http1_rust_nodelay_off_c16_keepalive_ms,1.326692
latency,4,780,http1_rust_nodelay_off_c16_keepalive_ms,1.346603
latency,4,781,http1_rust_nodelay_off_c16_keepalive_ms,1.315782
latency,4,782,http1_rust_nodelay_off_c16_keepalive_ms,1.042798
latency,4,783,http1_rust_nodelay_off_c16_keepalive_ms,1.036368
latency,4,784,http1_rust_nodelay_off_c16_keepalive_ms,1.332532
latency,4,785,http1_rust_nodelay_off_c16_keepalive_ms,1.527296
latency,4,786,http1_rust_nodelay_off_c16_keepalive_ms,1.299102
latency,4,787,http1_rust_nodelay_off_c16_keepalive_ms,1.302712
latency,4,788,http1_rust_nodelay_off_c16_keepalive_ms,1.253172
latency,4,789,http1_rust_nodelay_off_c16_keepalive_ms,1.609217
latency,4,790,http1_rust_nodelay_off_c16_keepalive_ms,0.941536
latency,4,791,http1_rust_nodelay_off_c16_keepalive_ms,0.912686
latency,4,792,http1_rust_nodelay_off_c16_keepalive_ms,0.896995
latency,4,793,http1_rust_nodelay_off_c16_keepalive_ms,1.064788
latency,4,794,http1_rust_nodelay_off_c16_keepalive_ms,1.034287
latency,4,795,http1_rust_nodelay_off_c16_keepalive_ms,1.179650
latency,4,796,http1_rust_nodelay_off_c16_keepalive_ms,0.516899
latency,4,797,http1_rust_nodelay_off_c16_keepalive_ms,0.713362
latency,4,798,http1_rust_nodelay_off_c16_keepalive_ms,0.622741
latency,4,799,http1_rust_nodelay_off_c16_keepalive_ms,0.477078
latency,4,1200,http1_rust_nodelay_off_c16_keepalive_ms,1.446295
latency,4,1201,http1_rust_nodelay_off_c16_keepalive_ms,1.647898
latency,4,1202,http1_rust_nodelay_off_c16_keepalive_ms,1.234231
latency,4,1203,http1_rust_nodelay_off_c16_keepalive_ms,1.589557
latency,4,1204,http1_rust_nodelay_off_c16_keepalive_ms,1.585977
latency,4,1205,http1_rust_nodelay_off_c16_keepalive_ms,1.540786
latency,4,1206,http1_rust_nodelay_off_c16_keepalive_ms,1.409744
latency,4,1207,http1_rust_nodelay_off_c16_keepalive_ms,1.546686
latency,4,1208,http1_rust_nodelay_off_c16_keepalive_ms,1.572197
latency,4,1209,http1_rust_nodelay_off_c16_keepalive_ms,1.553496
latency,4,1210,http1_rust_nodelay_off_c16_keepalive_ms,0.837685
latency,4,1211,http1_rust_nodelay_off_c16_keepalive_ms,1.562476
latency,4,1212,http1_rust_nodelay_off_c16_keepalive_ms,1.158700
latency,4,1213,http1_rust_nodelay_off_c16_keepalive_ms,1.531916
latency,4,1214,http1_rust_nodelay_off_c16_keepalive_ms,1.422594
latency,4,1215,http1_rust_nodelay_off_c16_keepalive_ms,1.442094
latency,4,1216,http1_rust_nodelay_off_c16_keepalive_ms,1.109069
latency,4,1217,http1_rust_nodelay_off_c16_keepalive_ms,1.154120
latency,4,1218,http1_rust_nodelay_off_c16_keepalive_ms,1.510485
latency,4,1219,http1_rust_nodelay_off_c16_keepalive_ms,1.428775
latency,4,1220,http1_rust_nodelay_off_c16_keepalive_ms,10.408237
latency,4,1221,http1_rust_nodelay_off_c16_keepalive_ms,1.458374
latency,4,1222,http1_rust_nodelay_off_c16_keepalive_ms,1.155760
latency,4,1223,http1_rust_nodelay_off_c16_keepalive_ms,1.484525
latency,4,1224,http1_rust_nodelay_off_c16_keepalive_ms,1.444085
latency,4,1225,http1_rust_nodelay_off_c16_keepalive_ms,1.076688
latency,4,1226,http1_rust_nodelay_off_c16_keepalive_ms,1.093389
latency,4,1227,http1_rust_nodelay_off_c16_keepalive_ms,1.626157
latency,4,1228,http1_rust_nodelay_off_c16_keepalive_ms,1.587517
latency,4,1229,http1_rust_nodelay_off_c16_keepalive_ms,1.620928
latency,4,1230,http1_rust_nodelay_off_c16_keepalive_ms,1.513326
latency,4,1231,http1_rust_nodelay_off_c16_keepalive_ms,1.572106
latency,4,1232,http1_rust_nodelay_off_c16_keepalive_ms,1.477165
latency,4,1233,http1_rust_nodelay_off_c16_keepalive_ms,1.335353
latency,4,1234,http1_rust_nodelay_off_c16_keepalive_ms,1.396884
latency,4,1235,http1_rust_nodelay_off_c16_keepalive_ms,1.059258
latency,4,1236,http1_rust_nodelay_off_c16_keepalive_ms,1.116879
latency,4,1237,http1_rust_nodelay_off_c16_keepalive_ms,1.020737
latency,4,1238,http1_rust_nodelay_off_c16_keepalive_ms,1.379433
latency,4,1239,http1_rust_nodelay_off_c16_keepalive_ms,1.414244
latency,4,1240,http1_rust_nodelay_off_c16_keepalive_ms,1.349193
latency,4,1241,http1_rust_nodelay_off_c16_keepalive_ms,1.482986
latency,4,1242,http1_rust_nodelay_off_c16_keepalive_ms,1.506805
latency,4,1243,http1_rust_nodelay_off_c16_keepalive_ms,1.114919
latency,4,1244,http1_rust_nodelay_off_c16_keepalive_ms,1.379883
latency,4,1245,http1_rust_nodelay_off_c16_keepalive_ms,0.986497
latency,4,1246,http1_rust_nodelay_off_c16_keepalive_ms,1.415644
latency,4,1247,http1_rust_nodelay_off_c16_keepalive_ms,1.478846
latency,4,1248,http1_rust_nodelay_off_c16_keepalive_ms,1.099448
latency,4,1249,http1_rust_nodelay_off_c16_keepalive_ms,1.560467
latency,4,1250,http1_rust_nodelay_off_c16_keepalive_ms,1.541656
latency,4,1251,http1_rust_nodelay_off_c16_keepalive_ms,1.516626
latency,4,1252,http1_rust_nodelay_off_c16_keepalive_ms,1.083468
latency,4,1253,http1_rust_nodelay_off_c16_keepalive_ms,1.458005
latency,4,1254,http1_rust_nodelay_off_c16_keepalive_ms,1.094019
latency,4,1255,http1_rust_nodelay_off_c16_keepalive_ms,1.406283
latency,4,1256,http1_rust_nodelay_off_c16_keepalive_ms,1.060198
latency,4,1257,http1_rust_nodelay_off_c16_keepalive_ms,1.091239
latency,4,1258,http1_rust_nodelay_off_c16_keepalive_ms,1.073648
latency,4,1259,http1_rust_nodelay_off_c16_keepalive_ms,1.446115
latency,4,1260,http1_rust_nodelay_off_c16_keepalive_ms,1.506615
latency,4,1261,http1_rust_nodelay_off_c16_keepalive_ms,1.458985
latency,4,1262,http1_rust_nodelay_off_c16_keepalive_ms,1.427334
latency,4,1263,http1_rust_nodelay_off_c16_keepalive_ms,1.314443
latency,4,1264,http1_rust_nodelay_off_c16_keepalive_ms,1.396223
latency,4,1265,http1_rust_nodelay_off_c16_keepalive_ms,1.523356
latency,4,1266,http1_rust_nodelay_off_c16_keepalive_ms,9.014033
latency,4,1267,http1_rust_nodelay_off_c16_keepalive_ms,1.335213
latency,4,1268,http1_rust_nodelay_off_c16_keepalive_ms,10.374096
latency,4,1269,http1_rust_nodelay_off_c16_keepalive_ms,1.221681
latency,4,1270,http1_rust_nodelay_off_c16_keepalive_ms,0.940296
latency,4,1271,http1_rust_nodelay_off_c16_keepalive_ms,1.147070
latency,4,1272,http1_rust_nodelay_off_c16_keepalive_ms,0.932605
latency,4,1273,http1_rust_nodelay_off_c16_keepalive_ms,1.050288
latency,4,1274,http1_rust_nodelay_off_c16_keepalive_ms,1.210771
latency,4,1275,http1_rust_nodelay_off_c16_keepalive_ms,0.632340
latency,4,1276,http1_rust_nodelay_off_c16_keepalive_ms,0.551230
latency,4,1277,http1_rust_nodelay_off_c16_keepalive_ms,0.542859
latency,4,1278,http1_rust_nodelay_off_c16_keepalive_ms,0.480618
latency,4,1279,http1_rust_nodelay_off_c16_keepalive_ms,0.430518
latency,4,480,http1_rust_nodelay_off_c16_keepalive_ms,1.029367
latency,4,481,http1_rust_nodelay_off_c16_keepalive_ms,1.741030
latency,4,482,http1_rust_nodelay_off_c16_keepalive_ms,1.631668
latency,4,483,http1_rust_nodelay_off_c16_keepalive_ms,1.587647
latency,4,484,http1_rust_nodelay_off_c16_keepalive_ms,1.565736
latency,4,485,http1_rust_nodelay_off_c16_keepalive_ms,1.224081
latency,4,486,http1_rust_nodelay_off_c16_keepalive_ms,1.406954
latency,4,487,http1_rust_nodelay_off_c16_keepalive_ms,1.525806
latency,4,488,http1_rust_nodelay_off_c16_keepalive_ms,1.236341
latency,4,489,http1_rust_nodelay_off_c16_keepalive_ms,1.558176
latency,4,490,http1_rust_nodelay_off_c16_keepalive_ms,1.533276
latency,4,491,http1_rust_nodelay_off_c16_keepalive_ms,1.430694
latency,4,492,http1_rust_nodelay_off_c16_keepalive_ms,1.158270
latency,4,493,http1_rust_nodelay_off_c16_keepalive_ms,1.505766
latency,4,494,http1_rust_nodelay_off_c16_keepalive_ms,1.067308
latency,4,495,http1_rust_nodelay_off_c16_keepalive_ms,1.086599
latency,4,496,http1_rust_nodelay_off_c16_keepalive_ms,10.050310
latency,4,497,http1_rust_nodelay_off_c16_keepalive_ms,1.084168
latency,4,498,http1_rust_nodelay_off_c16_keepalive_ms,1.412825
latency,4,499,http1_rust_nodelay_off_c16_keepalive_ms,1.465075
latency,4,500,http1_rust_nodelay_off_c16_keepalive_ms,1.465505
latency,4,501,http1_rust_nodelay_off_c16_keepalive_ms,1.389303
latency,4,502,http1_rust_nodelay_off_c16_keepalive_ms,1.119119
latency,4,503,http1_rust_nodelay_off_c16_keepalive_ms,1.160060
latency,4,504,http1_rust_nodelay_off_c16_keepalive_ms,1.465725
latency,4,505,http1_rust_nodelay_off_c16_keepalive_ms,1.471785
latency,4,506,http1_rust_nodelay_off_c16_keepalive_ms,1.456665
latency,4,507,http1_rust_nodelay_off_c16_keepalive_ms,1.484785
latency,4,508,http1_rust_nodelay_off_c16_keepalive_ms,1.646057
latency,4,509,http1_rust_nodelay_off_c16_keepalive_ms,1.567757
latency,4,510,http1_rust_nodelay_off_c16_keepalive_ms,1.550337
latency,4,511,http1_rust_nodelay_off_c16_keepalive_ms,1.181660
latency,4,512,http1_rust_nodelay_off_c16_keepalive_ms,7.439346
latency,4,513,http1_rust_nodelay_off_c16_keepalive_ms,1.383733
latency,4,514,http1_rust_nodelay_off_c16_keepalive_ms,1.396764
latency,4,515,http1_rust_nodelay_off_c16_keepalive_ms,1.420134
latency,4,516,http1_rust_nodelay_off_c16_keepalive_ms,1.321083
latency,4,517,http1_rust_nodelay_off_c16_keepalive_ms,1.468235
latency,4,518,http1_rust_nodelay_off_c16_keepalive_ms,1.098789
latency,4,519,http1_rust_nodelay_off_c16_keepalive_ms,1.458464
latency,4,520,http1_rust_nodelay_off_c16_keepalive_ms,1.449775
latency,4,521,http1_rust_nodelay_off_c16_keepalive_ms,1.374953
latency,4,522,http1_rust_nodelay_off_c16_keepalive_ms,1.074518
latency,4,523,http1_rust_nodelay_off_c16_keepalive_ms,1.132250
latency,4,524,http1_rust_nodelay_off_c16_keepalive_ms,1.476555
latency,4,525,http1_rust_nodelay_off_c16_keepalive_ms,1.570566
latency,4,526,http1_rust_nodelay_off_c16_keepalive_ms,1.526146
latency,4,527,http1_rust_nodelay_off_c16_keepalive_ms,13.501430
latency,4,528,http1_rust_nodelay_off_c16_keepalive_ms,1.416494
latency,4,529,http1_rust_nodelay_off_c16_keepalive_ms,1.120049
latency,4,530,http1_rust_nodelay_off_c16_keepalive_ms,1.098269
latency,4,531,http1_rust_nodelay_off_c16_keepalive_ms,1.417544
latency,4,532,http1_rust_nodelay_off_c16_keepalive_ms,1.521446
latency,4,533,http1_rust_nodelay_off_c16_keepalive_ms,1.435544
latency,4,534,http1_rust_nodelay_off_c16_keepalive_ms,1.122089
latency,4,535,http1_rust_nodelay_off_c16_keepalive_ms,1.056508
latency,4,536,http1_rust_nodelay_off_c16_keepalive_ms,1.334473
latency,4,537,http1_rust_nodelay_off_c16_keepalive_ms,1.339902
latency,4,538,http1_rust_nodelay_off_c16_keepalive_ms,1.312163
latency,4,539,http1_rust_nodelay_off_c16_keepalive_ms,1.353442
latency,4,540,http1_rust_nodelay_off_c16_keepalive_ms,1.272962
latency,4,541,http1_rust_nodelay_off_c16_keepalive_ms,0.777973
latency,4,542,http1_rust_nodelay_off_c16_keepalive_ms,1.357863
latency,4,543,http1_rust_nodelay_off_c16_keepalive_ms,0.991587
latency,4,544,http1_rust_nodelay_off_c16_keepalive_ms,1.833902
latency,4,545,http1_rust_nodelay_off_c16_keepalive_ms,0.984766
latency,4,546,http1_rust_nodelay_off_c16_keepalive_ms,1.603117
latency,4,547,http1_rust_nodelay_off_c16_keepalive_ms,1.232461
latency,4,548,http1_rust_nodelay_off_c16_keepalive_ms,1.329543
latency,4,549,http1_rust_nodelay_off_c16_keepalive_ms,1.212641
latency,4,550,http1_rust_nodelay_off_c16_keepalive_ms,0.946096
latency,4,551,http1_rust_nodelay_off_c16_keepalive_ms,1.122779
latency,4,552,http1_rust_nodelay_off_c16_keepalive_ms,0.752032
latency,4,553,http1_rust_nodelay_off_c16_keepalive_ms,1.214351
latency,4,554,http1_rust_nodelay_off_c16_keepalive_ms,0.819054
latency,4,555,http1_rust_nodelay_off_c16_keepalive_ms,0.831994
latency,4,556,http1_rust_nodelay_off_c16_keepalive_ms,0.577870
latency,4,557,http1_rust_nodelay_off_c16_keepalive_ms,0.556850
latency,4,558,http1_rust_nodelay_off_c16_keepalive_ms,0.587700
latency,4,559,http1_rust_nodelay_off_c16_keepalive_ms,0.406956
latency,4,800,http1_rust_nodelay_off_c16_keepalive_ms,1.680528
latency,4,801,http1_rust_nodelay_off_c16_keepalive_ms,1.637178
latency,4,802,http1_rust_nodelay_off_c16_keepalive_ms,1.245651
latency,4,803,http1_rust_nodelay_off_c16_keepalive_ms,1.199780
latency,4,804,http1_rust_nodelay_off_c16_keepalive_ms,1.586117
latency,4,805,http1_rust_nodelay_off_c16_keepalive_ms,1.608668
latency,4,806,http1_rust_nodelay_off_c16_keepalive_ms,1.409053
latency,4,807,http1_rust_nodelay_off_c16_keepalive_ms,1.547357
latency,4,808,http1_rust_nodelay_off_c16_keepalive_ms,1.571427
latency,4,809,http1_rust_nodelay_off_c16_keepalive_ms,1.203200
latency,4,810,http1_rust_nodelay_off_c16_keepalive_ms,1.189210
latency,4,811,http1_rust_nodelay_off_c16_keepalive_ms,1.587627
latency,4,812,http1_rust_nodelay_off_c16_keepalive_ms,1.518466
latency,4,813,http1_rust_nodelay_off_c16_keepalive_ms,1.479675
latency,4,814,http1_rust_nodelay_off_c16_keepalive_ms,1.447805
latency,4,815,http1_rust_nodelay_off_c16_keepalive_ms,1.449735
latency,4,816,http1_rust_nodelay_off_c16_keepalive_ms,1.521905
latency,4,817,http1_rust_nodelay_off_c16_keepalive_ms,1.553406
latency,4,818,http1_rust_nodelay_off_c16_keepalive_ms,1.464035
latency,4,819,http1_rust_nodelay_off_c16_keepalive_ms,1.429195
latency,4,820,http1_rust_nodelay_off_c16_keepalive_ms,1.428954
latency,4,821,http1_rust_nodelay_off_c16_keepalive_ms,1.414374
latency,4,822,http1_rust_nodelay_off_c16_keepalive_ms,1.069968
latency,4,823,http1_rust_nodelay_off_c16_keepalive_ms,1.073638
latency,4,824,http1_rust_nodelay_off_c16_keepalive_ms,1.413044
latency,4,825,http1_rust_nodelay_off_c16_keepalive_ms,1.546477
latency,4,826,http1_rust_nodelay_off_c16_keepalive_ms,1.463175
latency,4,827,http1_rust_nodelay_off_c16_keepalive_ms,1.125369
latency,4,828,http1_rust_nodelay_off_c16_keepalive_ms,1.123919
latency,4,829,http1_rust_nodelay_off_c16_keepalive_ms,1.501825
latency,4,830,http1_rust_nodelay_off_c16_keepalive_ms,1.077659
latency,4,831,http1_rust_nodelay_off_c16_keepalive_ms,1.483325
latency,4,832,http1_rust_nodelay_off_c16_keepalive_ms,1.414414
latency,4,833,http1_rust_nodelay_off_c16_keepalive_ms,0.900765
latency,4,834,http1_rust_nodelay_off_c16_keepalive_ms,1.575197
latency,4,835,http1_rust_nodelay_off_c16_keepalive_ms,13.577670
latency,4,836,http1_rust_nodelay_off_c16_keepalive_ms,0.759323
latency,4,837,http1_rust_nodelay_off_c16_keepalive_ms,1.394354
latency,4,838,http1_rust_nodelay_off_c16_keepalive_ms,0.982267
latency,4,839,http1_rust_nodelay_off_c16_keepalive_ms,9.621763
latency,4,840,http1_rust_nodelay_off_c16_keepalive_ms,1.457285
latency,4,841,http1_rust_nodelay_off_c16_keepalive_ms,1.569577
latency,4,842,http1_rust_nodelay_off_c16_keepalive_ms,1.146669
latency,4,843,http1_rust_nodelay_off_c16_keepalive_ms,1.416954
latency,4,844,http1_rust_nodelay_off_c16_keepalive_ms,1.475835
latency,4,845,http1_rust_nodelay_off_c16_keepalive_ms,1.458875
latency,4,846,http1_rust_nodelay_off_c16_keepalive_ms,1.404294
latency,4,847,http1_rust_nodelay_off_c16_keepalive_ms,1.078268
latency,4,848,http1_rust_nodelay_off_c16_keepalive_ms,1.449855
latency,4,849,http1_rust_nodelay_off_c16_keepalive_ms,1.420144
latency,4,850,http1_rust_nodelay_off_c16_keepalive_ms,1.465625
latency,4,851,http1_rust_nodelay_off_c16_keepalive_ms,1.504746
latency,4,852,http1_rust_nodelay_off_c16_keepalive_ms,9.746675
latency,4,853,http1_rust_nodelay_off_c16_keepalive_ms,1.399654
latency,4,854,http1_rust_nodelay_off_c16_keepalive_ms,1.371403
latency,4,855,http1_rust_nodelay_off_c16_keepalive_ms,1.337783
latency,4,856,http1_rust_nodelay_off_c16_keepalive_ms,1.289462
latency,4,857,http1_rust_nodelay_off_c16_keepalive_ms,1.046878
latency,4,858,http1_rust_nodelay_off_c16_keepalive_ms,0.992676
latency,4,859,http1_rust_nodelay_off_c16_keepalive_ms,1.234311
latency,4,860,http1_rust_nodelay_off_c16_keepalive_ms,1.435335
latency,4,861,http1_rust_nodelay_off_c16_keepalive_ms,1.319622
latency,4,862,http1_rust_nodelay_off_c16_keepalive_ms,1.865352
latency,4,863,http1_rust_nodelay_off_c16_keepalive_ms,0.989167
latency,4,864,http1_rust_nodelay_off_c16_keepalive_ms,1.326192
latency,4,865,http1_rust_nodelay_off_c16_keepalive_ms,0.909126
latency,4,866,http1_rust_nodelay_off_c16_keepalive_ms,1.524516
latency,4,867,http1_rust_nodelay_off_c16_keepalive_ms,1.218970
latency,4,868,http1_rust_nodelay_off_c16_keepalive_ms,0.940607
latency,4,869,http1_rust_nodelay_off_c16_keepalive_ms,1.147209
latency,4,870,http1_rust_nodelay_off_c16_keepalive_ms,0.788543
latency,4,871,http1_rust_nodelay_off_c16_keepalive_ms,1.253091
latency,4,872,http1_rust_nodelay_off_c16_keepalive_ms,0.992847
latency,4,873,http1_rust_nodelay_off_c16_keepalive_ms,0.831385
latency,4,874,http1_rust_nodelay_off_c16_keepalive_ms,0.578709
latency,4,875,http1_rust_nodelay_off_c16_keepalive_ms,0.557570
latency,4,876,http1_rust_nodelay_off_c16_keepalive_ms,0.498138
latency,4,877,http1_rust_nodelay_off_c16_keepalive_ms,0.408487
latency,4,878,http1_rust_nodelay_off_c16_keepalive_ms,0.305356
latency,4,879,http1_rust_nodelay_off_c16_keepalive_ms,1.729569
latency,4,400,http1_rust_nodelay_off_c16_keepalive_ms,1.012927
latency,4,401,http1_rust_nodelay_off_c16_keepalive_ms,1.742959
latency,4,402,http1_rust_nodelay_off_c16_keepalive_ms,1.631248
latency,4,403,http1_rust_nodelay_off_c16_keepalive_ms,1.587837
latency,4,404,http1_rust_nodelay_off_c16_keepalive_ms,1.251742
latency,4,405,http1_rust_nodelay_off_c16_keepalive_ms,4.181960
latency,4,406,http1_rust_nodelay_off_c16_keepalive_ms,1.234751
latency,4,407,http1_rust_nodelay_off_c16_keepalive_ms,1.561287
latency,4,408,http1_rust_nodelay_off_c16_keepalive_ms,1.550096
latency,4,409,http1_rust_nodelay_off_c16_keepalive_ms,1.606298
latency,4,410,http1_rust_nodelay_off_c16_keepalive_ms,1.538066
latency,4,411,http1_rust_nodelay_off_c16_keepalive_ms,1.123309
latency,4,412,http1_rust_nodelay_off_c16_keepalive_ms,1.425474
latency,4,413,http1_rust_nodelay_off_c16_keepalive_ms,1.044098
latency,4,414,http1_rust_nodelay_off_c16_keepalive_ms,1.092999
latency,4,415,http1_rust_nodelay_off_c16_keepalive_ms,1.537865
latency,4,416,http1_rust_nodelay_off_c16_keepalive_ms,1.459465
latency,4,417,http1_rust_nodelay_off_c16_keepalive_ms,1.113659
latency,4,418,http1_rust_nodelay_off_c16_keepalive_ms,1.440325
latency,4,419,http1_rust_nodelay_off_c16_keepalive_ms,1.426504
latency,4,420,http1_rust_nodelay_off_c16_keepalive_ms,1.399344
latency,4,421,http1_rust_nodelay_off_c16_keepalive_ms,1.070348
latency,4,422,http1_rust_nodelay_off_c16_keepalive_ms,1.096558
latency,4,423,http1_rust_nodelay_off_c16_keepalive_ms,1.413925
latency,4,424,http1_rust_nodelay_off_c16_keepalive_ms,1.482005
latency,4,425,http1_rust_nodelay_off_c16_keepalive_ms,1.499445
latency,4,426,http1_rust_nodelay_off_c16_keepalive_ms,1.057148
latency,4,427,http1_rust_nodelay_off_c16_keepalive_ms,1.150550
latency,4,428,http1_rust_nodelay_off_c16_keepalive_ms,1.463494
latency,4,429,http1_rust_nodelay_off_c16_keepalive_ms,1.157540
latency,4,430,http1_rust_nodelay_off_c16_keepalive_ms,1.473815
latency,4,431,http1_rust_nodelay_off_c16_keepalive_ms,1.442345
latency,4,432,http1_rust_nodelay_off_c16_keepalive_ms,10.986196
latency,4,433,http1_rust_nodelay_off_c16_keepalive_ms,1.423165
latency,4,434,http1_rust_nodelay_off_c16_keepalive_ms,1.424104
latency,4,435,http1_rust_nodelay_off_c16_keepalive_ms,1.431984
latency,4,436,http1_rust_nodelay_off_c16_keepalive_ms,1.385813
latency,4,437,http1_rust_nodelay_off_c16_keepalive_ms,1.061309
latency,4,438,http1_rust_nodelay_off_c16_keepalive_ms,1.066898
latency,4,439,http1_rust_nodelay_off_c16_keepalive_ms,1.036167
latency,4,440,http1_rust_nodelay_off_c16_keepalive_ms,1.482766
latency,4,441,http1_rust_nodelay_off_c16_keepalive_ms,1.478765
latency,4,442,http1_rust_nodelay_off_c16_keepalive_ms,1.451314
latency,4,443,http1_rust_nodelay_off_c16_keepalive_ms,1.424014
latency,4,444,http1_rust_nodelay_off_c16_keepalive_ms,1.423275
latency,4,445,http1_rust_nodelay_off_c16_keepalive_ms,1.433384
latency,4,446,http1_rust_nodelay_off_c16_keepalive_ms,1.190410
latency,4,447,http1_rust_nodelay_off_c16_keepalive_ms,1.427375
latency,4,448,http1_rust_nodelay_off_c16_keepalive_ms,1.621197
latency,4,449,http1_rust_nodelay_off_c16_keepalive_ms,1.520956
latency,4,450,http1_rust_nodelay_off_c16_keepalive_ms,1.417664
latency,4,451,http1_rust_nodelay_off_c16_keepalive_ms,1.141590
latency,4,452,http1_rust_nodelay_off_c16_keepalive_ms,1.089768
latency,4,453,http1_rust_nodelay_off_c16_keepalive_ms,1.403034
latency,4,454,http1_rust_nodelay_off_c16_keepalive_ms,1.484195
latency,4,455,http1_rust_nodelay_off_c16_keepalive_ms,1.090358
latency,4,456,http1_rust_nodelay_off_c16_keepalive_ms,1.073919
latency,4,457,http1_rust_nodelay_off_c16_keepalive_ms,9.831647
latency,4,458,http1_rust_nodelay_off_c16_keepalive_ms,1.479275
latency,4,459,http1_rust_nodelay_off_c16_keepalive_ms,10.459828
latency,4,460,http1_rust_nodelay_off_c16_keepalive_ms,1.353313
latency,4,461,http1_rust_nodelay_off_c16_keepalive_ms,0.995347
latency,4,462,http1_rust_nodelay_off_c16_keepalive_ms,1.864521
latency,4,463,http1_rust_nodelay_off_c16_keepalive_ms,1.285242
latency,4,464,http1_rust_nodelay_off_c16_keepalive_ms,1.607357
latency,4,465,http1_rust_nodelay_off_c16_keepalive_ms,0.952136
latency,4,466,http1_rust_nodelay_off_c16_keepalive_ms,1.652889
latency,4,467,http1_rust_nodelay_off_c16_keepalive_ms,1.213990
latency,4,468,http1_rust_nodelay_off_c16_keepalive_ms,1.196521
latency,4,469,http1_rust_nodelay_off_c16_keepalive_ms,0.829084
latency,4,470,http1_rust_nodelay_off_c16_keepalive_ms,7.157141
latency,4,471,http1_rust_nodelay_off_c16_keepalive_ms,0.251454
latency,4,472,http1_rust_nodelay_off_c16_keepalive_ms,0.109902
latency,4,473,http1_rust_nodelay_off_c16_keepalive_ms,0.109462
latency,4,474,http1_rust_nodelay_off_c16_keepalive_ms,0.115132
latency,4,475,http1_rust_nodelay_off_c16_keepalive_ms,0.105172
latency,4,476,http1_rust_nodelay_off_c16_keepalive_ms,0.107162
latency,4,477,http1_rust_nodelay_off_c16_keepalive_ms,0.104771
latency,4,478,http1_rust_nodelay_off_c16_keepalive_ms,0.104832
latency,4,479,http1_rust_nodelay_off_c16_keepalive_ms,0.104322
latency,4,560,http1_rust_nodelay_off_c16_keepalive_ms,1.223251
latency,4,561,http1_rust_nodelay_off_c16_keepalive_ms,1.663948
latency,4,562,http1_rust_nodelay_off_c16_keepalive_ms,1.635748
latency,4,563,http1_rust_nodelay_off_c16_keepalive_ms,0.726292
latency,4,564,http1_rust_nodelay_off_c16_keepalive_ms,1.607298
latency,4,565,http1_rust_nodelay_off_c16_keepalive_ms,1.718779
latency,4,566,http1_rust_nodelay_off_c16_keepalive_ms,1.417244
latency,4,567,http1_rust_nodelay_off_c16_keepalive_ms,1.514936
latency,4,568,http1_rust_nodelay_off_c16_keepalive_ms,1.607017
latency,4,569,http1_rust_nodelay_off_c16_keepalive_ms,1.180500
latency,4,570,http1_rust_nodelay_off_c16_keepalive_ms,1.139430
latency,4,571,http1_rust_nodelay_off_c16_keepalive_ms,1.568806
latency,4,572,http1_rust_nodelay_off_c16_keepalive_ms,1.172800
latency,4,573,http1_rust_nodelay_off_c16_keepalive_ms,1.362693
latency,4,574,http1_rust_nodelay_off_c16_keepalive_ms,1.408144
latency,4,575,http1_rust_nodelay_off_c16_keepalive_ms,1.433585
latency,4,576,http1_rust_nodelay_off_c16_keepalive_ms,1.486105
latency,4,577,http1_rust_nodelay_off_c16_keepalive_ms,1.498785
latency,4,578,http1_rust_nodelay_off_c16_keepalive_ms,1.513916
latency,4,579,http1_rust_nodelay_off_c16_keepalive_ms,1.118899
latency,4,580,http1_rust_nodelay_off_c16_keepalive_ms,1.088598
latency,4,581,http1_rust_nodelay_off_c16_keepalive_ms,1.425065
latency,4,582,http1_rust_nodelay_off_c16_keepalive_ms,1.462574
latency,4,583,http1_rust_nodelay_off_c16_keepalive_ms,1.410894
latency,4,584,http1_rust_nodelay_off_c16_keepalive_ms,1.412004
latency,4,585,http1_rust_nodelay_off_c16_keepalive_ms,1.465455
latency,4,586,http1_rust_nodelay_off_c16_keepalive_ms,1.141850
latency,4,587,http1_rust_nodelay_off_c16_keepalive_ms,1.100419
latency,4,588,http1_rust_nodelay_off_c16_keepalive_ms,1.466304
latency,4,589,http1_rust_nodelay_off_c16_keepalive_ms,1.466265
latency,4,590,http1_rust_nodelay_off_c16_keepalive_ms,0.784173
latency,4,591,http1_rust_nodelay_off_c16_keepalive_ms,1.428285
latency,4,592,http1_rust_nodelay_off_c16_keepalive_ms,4.090759
latency,4,593,http1_rust_nodelay_off_c16_keepalive_ms,1.194390
latency,4,594,http1_rust_nodelay_off_c16_keepalive_ms,1.568247
latency,4,595,http1_rust_nodelay_off_c16_keepalive_ms,1.241511
latency,4,596,http1_rust_nodelay_off_c16_keepalive_ms,1.494546
latency,4,597,http1_rust_nodelay_off_c16_keepalive_ms,1.117009
latency,4,598,http1_rust_nodelay_off_c16_keepalive_ms,1.147879
latency,4,599,http1_rust_nodelay_off_c16_keepalive_ms,10.080351
latency,4,600,http1_rust_nodelay_off_c16_keepalive_ms,1.499856
latency,4,601,http1_rust_nodelay_off_c16_keepalive_ms,1.514896
latency,4,602,http1_rust_nodelay_off_c16_keepalive_ms,1.459294
latency,4,603,http1_rust_nodelay_off_c16_keepalive_ms,1.396694
latency,4,604,http1_rust_nodelay_off_c16_keepalive_ms,1.397924
latency,4,605,http1_rust_nodelay_off_c16_keepalive_ms,1.435984
latency,4,606,http1_rust_nodelay_off_c16_keepalive_ms,1.402354
latency,4,607,http1_rust_nodelay_off_c16_keepalive_ms,1.420154
latency,4,608,http1_rust_nodelay_off_c16_keepalive_ms,1.548646
latency,4,609,http1_rust_nodelay_off_c16_keepalive_ms,1.148380
latency,4,610,http1_rust_nodelay_off_c16_keepalive_ms,1.472285
latency,4,611,http1_rust_nodelay_off_c16_keepalive_ms,1.118389
latency,4,612,http1_rust_nodelay_off_c16_keepalive_ms,7.497148
latency,4,613,http1_rust_nodelay_off_c16_keepalive_ms,1.450234
latency,4,614,http1_rust_nodelay_off_c16_keepalive_ms,1.475785
latency,4,615,http1_rust_nodelay_off_c16_keepalive_ms,1.445385
latency,4,616,http1_rust_nodelay_off_c16_keepalive_ms,1.478695
latency,4,617,http1_rust_nodelay_off_c16_keepalive_ms,1.100459
latency,4,618,http1_rust_nodelay_off_c16_keepalive_ms,1.391083
latency,4,619,http1_rust_nodelay_off_c16_keepalive_ms,1.187381
latency,4,620,http1_rust_nodelay_off_c16_keepalive_ms,1.444414
latency,4,621,http1_rust_nodelay_off_c16_keepalive_ms,1.396854
latency,4,622,http1_rust_nodelay_off_c16_keepalive_ms,1.387393
latency,4,623,http1_rust_nodelay_off_c16_keepalive_ms,1.357513
latency,4,624,http1_rust_nodelay_off_c16_keepalive_ms,1.320173
latency,4,625,http1_rust_nodelay_off_c16_keepalive_ms,1.011157
latency,4,626,http1_rust_nodelay_off_c16_keepalive_ms,1.328862
latency,4,627,http1_rust_nodelay_off_c16_keepalive_ms,1.008807
latency,4,628,http1_rust_nodelay_off_c16_keepalive_ms,1.406174
latency,4,629,http1_rust_nodelay_off_c16_keepalive_ms,1.037658
latency,4,630,http1_rust_nodelay_off_c16_keepalive_ms,1.290412
latency,4,631,http1_rust_nodelay_off_c16_keepalive_ms,1.567987
latency,4,632,http1_rust_nodelay_off_c16_keepalive_ms,1.265531
latency,4,633,http1_rust_nodelay_off_c16_keepalive_ms,1.323803
latency,4,634,http1_rust_nodelay_off_c16_keepalive_ms,1.231501
latency,4,635,http1_rust_nodelay_off_c16_keepalive_ms,1.553096
latency,4,636,http1_rust_nodelay_off_c16_keepalive_ms,1.244091
latency,4,637,http1_rust_nodelay_off_c16_keepalive_ms,1.216691
latency,4,638,http1_rust_nodelay_off_c16_keepalive_ms,10.146392
latency,4,639,http1_rust_nodelay_off_c16_keepalive_ms,0.202544
latency,4,960,http1_rust_nodelay_off_c16_keepalive_ms,1.590367
latency,4,961,http1_rust_nodelay_off_c16_keepalive_ms,1.264671
latency,4,962,http1_rust_nodelay_off_c16_keepalive_ms,1.617108
latency,4,963,http1_rust_nodelay_off_c16_keepalive_ms,1.237141
latency,4,964,http1_rust_nodelay_off_c16_keepalive_ms,1.583387
latency,4,965,http1_rust_nodelay_off_c16_keepalive_ms,1.220871
latency,4,966,http1_rust_nodelay_off_c16_keepalive_ms,1.075188
latency,4,967,http1_rust_nodelay_off_c16_keepalive_ms,1.490135
latency,4,968,http1_rust_nodelay_off_c16_keepalive_ms,1.603777
latency,4,969,http1_rust_nodelay_off_c16_keepalive_ms,1.547167
latency,4,970,http1_rust_nodelay_off_c16_keepalive_ms,1.549376
latency,4,971,http1_rust_nodelay_off_c16_keepalive_ms,10.181343
latency,4,972,http1_rust_nodelay_off_c16_keepalive_ms,1.449715
latency,4,973,http1_rust_nodelay_off_c16_keepalive_ms,1.476375
latency,4,974,http1_rust_nodelay_off_c16_keepalive_ms,1.046548
latency,4,975,http1_rust_nodelay_off_c16_keepalive_ms,1.069008
latency,4,976,http1_rust_nodelay_off_c16_keepalive_ms,1.418934
latency,4,977,http1_rust_nodelay_off_c16_keepalive_ms,1.447044
latency,4,978,http1_rust_nodelay_off_c16_keepalive_ms,1.468095
latency,4,979,http1_rust_nodelay_off_c16_keepalive_ms,1.482236
latency,4,980,http1_rust_nodelay_off_c16_keepalive_ms,1.506735
latency,4,981,http1_rust_nodelay_off_c16_keepalive_ms,1.467535
latency,4,982,http1_rust_nodelay_off_c16_keepalive_ms,1.469735
latency,4,983,http1_rust_nodelay_off_c16_keepalive_ms,1.484995
latency,4,984,http1_rust_nodelay_off_c16_keepalive_ms,1.471685
latency,4,985,http1_rust_nodelay_off_c16_keepalive_ms,1.456895
latency,4,986,http1_rust_nodelay_off_c16_keepalive_ms,1.521226
latency,4,987,http1_rust_nodelay_off_c16_keepalive_ms,1.622507
latency,4,988,http1_rust_nodelay_off_c16_keepalive_ms,1.190321
latency,4,989,http1_rust_nodelay_off_c16_keepalive_ms,1.573366
latency,4,990,http1_rust_nodelay_off_c16_keepalive_ms,1.537577
latency,4,991,http1_rust_nodelay_off_c16_keepalive_ms,0.988046
latency,4,992,http1_rust_nodelay_off_c16_keepalive_ms,1.476665
latency,4,993,http1_rust_nodelay_off_c16_keepalive_ms,1.092079
latency,4,994,http1_rust_nodelay_off_c16_keepalive_ms,1.431454
latency,4,995,http1_rust_nodelay_off_c16_keepalive_ms,1.084799
latency,4,996,http1_rust_nodelay_off_c16_keepalive_ms,10.010660
latency,4,997,http1_rust_nodelay_off_c16_keepalive_ms,1.134089
latency,4,998,http1_rust_nodelay_off_c16_keepalive_ms,1.063038
latency,4,999,http1_rust_nodelay_off_c16_keepalive_ms,1.396884
latency,4,1000,http1_rust_nodelay_off_c16_keepalive_ms,1.436294
latency,4,1001,http1_rust_nodelay_off_c16_keepalive_ms,1.528566
latency,4,1002,http1_rust_nodelay_off_c16_keepalive_ms,1.419234
latency,4,1003,http1_rust_nodelay_off_c16_keepalive_ms,10.069961
latency,4,1004,http1_rust_nodelay_off_c16_keepalive_ms,1.108959
latency,4,1005,http1_rust_nodelay_off_c16_keepalive_ms,1.075858
latency,4,1006,http1_rust_nodelay_off_c16_keepalive_ms,1.487856
latency,4,1007,http1_rust_nodelay_off_c16_keepalive_ms,1.461905
latency,4,1008,http1_rust_nodelay_off_c16_keepalive_ms,1.502575
latency,4,1009,http1_rust_nodelay_off_c16_keepalive_ms,1.409084
latency,4,1010,http1_rust_nodelay_off_c16_keepalive_ms,1.446865
latency,4,1011,http1_rust_nodelay_off_c16_keepalive_ms,1.083818
latency,4,1012,http1_rust_nodelay_off_c16_keepalive_ms,1.520776
latency,4,1013,http1_rust_nodelay_off_c16_keepalive_ms,1.444305
latency,4,1014,http1_rust_nodelay_off_c16_keepalive_ms,1.439704
latency,4,1015,http1_rust_nodelay_off_c16_keepalive_ms,1.387663
latency,4,1016,http1_rust_nodelay_off_c16_keepalive_ms,1.026808
latency,4,1017,http1_rust_nodelay_off_c16_keepalive_ms,1.338043
latency,4,1018,http1_rust_nodelay_off_c16_keepalive_ms,1.289442
latency,4,1019,http1_rust_nodelay_off_c16_keepalive_ms,1.045687
latency,4,1020,http1_rust_nodelay_off_c16_keepalive_ms,0.992757
latency,4,1021,http1_rust_nodelay_off_c16_keepalive_ms,1.334983
latency,4,1022,http1_rust_nodelay_off_c16_keepalive_ms,1.436974
latency,4,1023,http1_rust_nodelay_off_c16_keepalive_ms,1.007457
latency,4,1024,http1_rust_nodelay_off_c16_keepalive_ms,1.813781
latency,4,1025,http1_rust_nodelay_off_c16_keepalive_ms,0.983227
latency,4,1026,http1_rust_nodelay_off_c16_keepalive_ms,1.293682
latency,4,1027,http1_rust_nodelay_off_c16_keepalive_ms,1.252111
latency,4,1028,http1_rust_nodelay_off_c16_keepalive_ms,1.648348
latency,4,1029,http1_rust_nodelay_off_c16_keepalive_ms,1.252772
latency,4,1030,http1_rust_nodelay_off_c16_keepalive_ms,1.218690
latency,4,1031,http1_rust_nodelay_off_c16_keepalive_ms,10.442767
latency,4,1032,http1_rust_nodelay_off_c16_keepalive_ms,0.211504
latency,4,1033,http1_rust_nodelay_off_c16_keepalive_ms,0.139502
latency,4,1034,http1_rust_nodelay_off_c16_keepalive_ms,0.107442
latency,4,1035,http1_rust_nodelay_off_c16_keepalive_ms,0.111152
latency,4,1036,http1_rust_nodelay_off_c16_keepalive_ms,0.107442
latency,4,1037,http1_rust_nodelay_off_c16_keepalive_ms,0.104092
latency,4,1038,http1_rust_nodelay_off_c16_keepalive_ms,0.105622
latency,4,1039,http1_rust_nodelay_off_c16_keepalive_ms,0.104871
latency,4,1040,http1_rust_nodelay_off_c16_keepalive_ms,1.459965
latency,4,1041,http1_rust_nodelay_off_c16_keepalive_ms,1.646728
latency,4,1042,http1_rust_nodelay_off_c16_keepalive_ms,1.234341
latency,4,1043,http1_rust_nodelay_off_c16_keepalive_ms,1.589097
latency,4,1044,http1_rust_nodelay_off_c16_keepalive_ms,1.607698
latency,4,1045,http1_rust_nodelay_off_c16_keepalive_ms,6.508480
latency,4,1046,http1_rust_nodelay_off_c16_keepalive_ms,1.157930
latency,4,1047,http1_rust_nodelay_off_c16_keepalive_ms,1.558316
latency,4,1048,http1_rust_nodelay_off_c16_keepalive_ms,1.562917
latency,4,1049,http1_rust_nodelay_off_c16_keepalive_ms,1.560286
latency,4,1050,http1_rust_nodelay_off_c16_keepalive_ms,1.450115
latency,4,1051,http1_rust_nodelay_off_c16_keepalive_ms,1.436574
latency,4,1052,http1_rust_nodelay_off_c16_keepalive_ms,1.485525
latency,4,1053,http1_rust_nodelay_off_c16_keepalive_ms,1.561677
latency,4,1054,http1_rust_nodelay_off_c16_keepalive_ms,1.445585
latency,4,1055,http1_rust_nodelay_off_c16_keepalive_ms,1.399003
latency,4,1056,http1_rust_nodelay_off_c16_keepalive_ms,1.431665
latency,4,1057,http1_rust_nodelay_off_c16_keepalive_ms,1.418724
latency,4,1058,http1_rust_nodelay_off_c16_keepalive_ms,1.419984
latency,4,1059,http1_rust_nodelay_off_c16_keepalive_ms,1.098648
latency,4,1060,http1_rust_nodelay_off_c16_keepalive_ms,1.087629
latency,4,1061,http1_rust_nodelay_off_c16_keepalive_ms,1.511786
latency,4,1062,http1_rust_nodelay_off_c16_keepalive_ms,1.465975
latency,4,1063,http1_rust_nodelay_off_c16_keepalive_ms,1.394164
latency,4,1064,http1_rust_nodelay_off_c16_keepalive_ms,1.126688
latency,4,1065,http1_rust_nodelay_off_c16_keepalive_ms,6.362889
latency,4,1066,http1_rust_nodelay_off_c16_keepalive_ms,1.250261
latency,4,1067,http1_rust_nodelay_off_c16_keepalive_ms,1.579097
latency,4,1068,http1_rust_nodelay_off_c16_keepalive_ms,1.571826
latency,4,1069,http1_rust_nodelay_off_c16_keepalive_ms,1.199491
latency,4,1070,http1_rust_nodelay_off_c16_keepalive_ms,1.350843
latency,4,1071,http1_rust_nodelay_off_c16_keepalive_ms,1.498555
latency,4,1072,http1_rust_nodelay_off_c16_keepalive_ms,1.636628
latency,4,1073,http1_rust_nodelay_off_c16_keepalive_ms,1.081138
latency,4,1074,http1_rust_nodelay_off_c16_keepalive_ms,1.084469
latency,4,1075,http1_rust_nodelay_off_c16_keepalive_ms,1.393143
latency,4,1076,http1_rust_nodelay_off_c16_keepalive_ms,1.011978
latency,4,1077,http1_rust_nodelay_off_c16_keepalive_ms,1.077558
latency,4,1078,http1_rust_nodelay_off_c16_keepalive_ms,1.409264
latency,4,1079,http1_rust_nodelay_off_c16_keepalive_ms,1.405014
latency,4,1080,http1_rust_nodelay_off_c16_keepalive_ms,1.345913
latency,4,1081,http1_rust_nodelay_off_c16_keepalive_ms,1.499255
latency,4,1082,http1_rust_nodelay_off_c16_keepalive_ms,1.311422
latency,4,1083,http1_rust_nodelay_off_c16_keepalive_ms,1.454095
latency,4,1084,http1_rust_nodelay_off_c16_keepalive_ms,1.417354
latency,4,1085,http1_rust_nodelay_off_c16_keepalive_ms,1.449685
latency,4,1086,http1_rust_nodelay_off_c16_keepalive_ms,1.499315
latency,4,1087,http1_rust_nodelay_off_c16_keepalive_ms,1.097929
latency,4,1088,http1_rust_nodelay_off_c16_keepalive_ms,1.197910
latency,4,1089,http1_rust_nodelay_off_c16_keepalive_ms,1.499646
latency,4,1090,http1_rust_nodelay_off_c16_keepalive_ms,1.191740
latency,4,1091,http1_rust_nodelay_off_c16_keepalive_ms,1.417394
latency,4,1092,http1_rust_nodelay_off_c16_keepalive_ms,1.450075
latency,4,1093,http1_rust_nodelay_off_c16_keepalive_ms,1.115749
latency,4,1094,http1_rust_nodelay_off_c16_keepalive_ms,1.089678
latency,4,1095,http1_rust_nodelay_off_c16_keepalive_ms,10.423267
latency,4,1096,http1_rust_nodelay_off_c16_keepalive_ms,1.394474
latency,4,1097,http1_rust_nodelay_off_c16_keepalive_ms,1.487185
latency,4,1098,http1_rust_nodelay_off_c16_keepalive_ms,1.484986
latency,4,1099,http1_rust_nodelay_off_c16_keepalive_ms,0.757602
latency,4,1100,http1_rust_nodelay_off_c16_keepalive_ms,1.433094
latency,4,1101,http1_rust_nodelay_off_c16_keepalive_ms,1.055768
latency,4,1102,http1_rust_nodelay_off_c16_keepalive_ms,1.334963
latency,4,1103,http1_rust_nodelay_off_c16_keepalive_ms,1.006527
latency,4,1104,http1_rust_nodelay_off_c16_keepalive_ms,0.980207
latency,4,1105,http1_rust_nodelay_off_c16_keepalive_ms,1.354223
latency,4,1106,http1_rust_nodelay_off_c16_keepalive_ms,1.330842
latency,4,1107,http1_rust_nodelay_off_c16_keepalive_ms,1.392594
latency,4,1108,http1_rust_nodelay_off_c16_keepalive_ms,1.354803
latency,4,1109,http1_rust_nodelay_off_c16_keepalive_ms,0.995237
latency,4,1110,http1_rust_nodelay_off_c16_keepalive_ms,13.488479
latency,4,1111,http1_rust_nodelay_off_c16_keepalive_ms,0.591760
latency,4,1112,http1_rust_nodelay_off_c16_keepalive_ms,0.597771
latency,4,1113,http1_rust_nodelay_off_c16_keepalive_ms,0.638960
latency,4,1114,http1_rust_nodelay_off_c16_keepalive_ms,0.434008
latency,4,1115,http1_rust_nodelay_off_c16_keepalive_ms,0.329455
latency,4,1116,http1_rust_nodelay_off_c16_keepalive_ms,1.743220
latency,4,1117,http1_rust_nodelay_off_c16_keepalive_ms,3.679762
latency,4,1118,http1_rust_nodelay_off_c16_keepalive_ms,0.108832
latency,4,1119,http1_rust_nodelay_off_c16_keepalive_ms,0.104852
trial,4,1280,http1_rust_nodelay_off_c16_median_ms,1.409994
trial,4,1280,http1_rust_nodelay_off_c16_p95_ms,1.666108
trial,4,1280,http1_rust_nodelay_off_c16_requests_per_second,9450.600
trial,4,1280,http1_rust_nodelay_off_c16_wall_ms,135.441
summary,0,6400,http1_rust_nodelay_off_c16_keepalive_ms_median,1.363493
summary,0,6400,http1_rust_nodelay_off_c16_keepalive_ms_p95,2.196118
meta,0,10080,origin_requests_expected,10080
meta,0,10080,origin_requests_seen,10080
meta,0,10080,credentialed_origin_requests_seen,10080
