kind,trial,index,metric,value
meta,0,0,backend,rama
meta,0,0,profile,release
meta,0,0,rustc,rustc 1.98.1 (48a229cea 2026-09-01)
meta,0,0,origin,rust
meta,0,0,cpu_affinity,0
meta,0,0,tcp_nodelay,all
meta,0,0,concurrency_levels,1;4;16
latency,0,0,http1_rust_nodelay_all_c1_keepalive_ms,0.260504
latency,0,1,http1_rust_nodelay_all_c1_keepalive_ms,0.249024
latency,0,2,http1_rust_nodelay_all_c1_keepalive_ms,0.209744
latency,0,3,http1_rust_nodelay_all_c1_keepalive_ms,0.205423
latency,0,4,http1_rust_nodelay_all_c1_keepalive_ms,0.206234
latency,0,5,http1_rust_nodelay_all_c1_keepalive_ms,0.206143
latency,0,6,http1_rust_nodelay_all_c1_keepalive_ms,0.213494
latency,0,7,http1_rust_nodelay_all_c1_keepalive_ms,0.205344
latency,0,8,http1_rust_nodelay_all_c1_keepalive_ms,0.207213
latency,0,9,http1_rust_nodelay_all_c1_keepalive_ms,0.205404
latency,0,10,http1_rust_nodelay_all_c1_keepalive_ms,0.208713
latency,0,11,http1_rust_nodelay_all_c1_keepalive_ms,0.213964
latency,0,12,http1_rust_nodelay_all_c1_keepalive_ms,0.206193
latency,0,13,http1_rust_nodelay_all_c1_keepalive_ms,0.204974
latency,0,14,http1_rust_nodelay_all_c1_keepalive_ms,0.172473
latency,0,15,http1_rust_nodelay_all_c1_keepalive_ms,0.143282
latency,0,16,http1_rust_nodelay_all_c1_keepalive_ms,0.140693
latency,0,17,http1_rust_nodelay_all_c1_keepalive_ms,0.154532
latency,0,18,http1_rust_nodelay_all_c1_keepalive_ms,0.131083
latency,0,19,http1_rust_nodelay_all_c1_keepalive_ms,0.130172
latency,0,20,http1_rust_nodelay_all_c1_keepalive_ms,0.128862
latency,0,21,http1_rust_nodelay_all_c1_keepalive_ms,0.129802
latency,0,22,http1_rust_nodelay_all_c1_keepalive_ms,0.129392
latency,0,23,http1_rust_nodelay_all_c1_keepalive_ms,0.135013
latency,0,24,http1_rust_nodelay_all_c1_keepalive_ms,0.132492
latency,0,25,http1_rust_nodelay_all_c1_keepalive_ms,0.132632
latency,0,26,http1_rust_nodelay_all_c1_keepalive_ms,0.130202
latency,0,27,http1_rust_nodelay_all_c1_keepalive_ms,0.129683
latency,0,28,http1_rust_nodelay_all_c1_keepalive_ms,0.129502
latency,0,29,http1_rust_nodelay_all_c1_keepalive_ms,0.129032
latency,0,30,http1_rust_nodelay_all_c1_keepalive_ms,0.128472
latency,0,31,http1_rust_nodelay_all_c1_keepalive_ms,0.137103
latency,0,32,http1_rust_nodelay_all_c1_keepalive_ms,0.129912
latency,0,33,http1_rust_nodelay_all_c1_keepalive_ms,0.127662
latency,0,34,http1_rust_nodelay_all_c1_keepalive_ms,0.128732
latency,0,35,http1_rust_nodelay_all_c1_keepalive_ms,0.128572
latency,0,36,http1_rust_nodelay_all_c1_keepalive_ms,0.128173
latency,0,37,http1_rust_nodelay_all_c1_keepalive_ms,0.127972
latency,0,38,http1_rust_nodelay_all_c1_keepalive_ms,0.132772
latency,0,39,http1_rust_nodelay_all_c1_keepalive_ms,0.237704
latency,0,40,http1_rust_nodelay_all_c1_keepalive_ms,0.225634
latency,0,41,http1_rust_nodelay_all_c1_keepalive_ms,0.143262
latency,0,42,http1_rust_nodelay_all_c1_keepalive_ms,0.143103
latency,0,43,http1_rust_nodelay_all_c1_keepalive_ms,0.156042
latency,0,44,http1_rust_nodelay_all_c1_keepalive_ms,0.139423
latency,0,45,http1_rust_nodelay_all_c1_keepalive_ms,0.133162
latency,0,46,http1_rust_nodelay_all_c1_keepalive_ms,0.129982
latency,0,47,http1_rust_nodelay_all_c1_keepalive_ms,0.141252
latency,0,48,http1_rust_nodelay_all_c1_keepalive_ms,0.131653
latency,0,49,http1_rust_nodelay_all_c1_keepalive_ms,0.129152
latency,0,50,http1_rust_nodelay_all_c1_keepalive_ms,0.129102
latency,0,51,http1_rust_nodelay_all_c1_keepalive_ms,0.128362
latency,0,52,http1_rust_nodelay_all_c1_keepalive_ms,0.136762
latency,0,53,http1_rust_nodelay_all_c1_keepalive_ms,0.130433
latency,0,54,http1_rust_nodelay_all_c1_keepalive_ms,0.129792
latency,0,55,http1_rust_nodelay_all_c1_keepalive_ms,0.129222
latency,0,56,http1_rust_nodelay_all_c1_keepalive_ms,0.128552
latency,0,57,http1_rust_nodelay_all_c1_keepalive_ms,0.128572
latency,0,58,http1_rust_nodelay_all_c1_keepalive_ms,0.128773
latency,0,59,http1_rust_nodelay_all_c1_keepalive_ms,0.128132
latency,0,60,http1_rust_nodelay_all_c1_keepalive_ms,0.137632
latency,0,61,http1_rust_nodelay_all_c1_keepalive_ms,0.130072
latency,0,62,http1_rust_nodelay_all_c1_keepalive_ms,0.127633
latency,0,63,http1_rust_nodelay_all_c1_keepalive_ms,0.129092
latency,0,64,http1_rust_nodelay_all_c1_keepalive_ms,0.128852
latency,0,65,http1_rust_nodelay_all_c1_keepalive_ms,0.128782
latency,0,66,http1_rust_nodelay_all_c1_keepalive_ms,0.129522
latency,0,67,http1_rust_nodelay_all_c1_keepalive_ms,0.167873
latency,0,68,http1_rust_nodelay_all_c1_keepalive_ms,0.241404
latency,0,69,http1_rust_nodelay_all_c1_keepalive_ms,0.205484
latency,0,70,http1_rust_nodelay_all_c1_keepalive_ms,0.204183
latency,0,71,http1_rust_nodelay_all_c1_keepalive_ms,0.203454
latency,0,72,http1_rust_nodelay_all_c1_keepalive_ms,0.211713
latency,0,73,http1_rust_nodelay_all_c1_keepalive_ms,0.204134
latency,0,74,http1_rust_nodelay_all_c1_keepalive_ms,0.204883
latency,0,75,http1_rust_nodelay_all_c1_keepalive_ms,0.202464
latency,0,76,http1_rust_nodelay_all_c1_keepalive_ms,0.203623
latency,0,77,http1_rust_nodelay_all_c1_keepalive_ms,0.210164
latency,0,78,http1_rust_nodelay_all_c1_keepalive_ms,0.203763
latency,0,79,http1_rust_nodelay_all_c1_keepalive_ms,0.206194
trial,0,80,http1_rust_nodelay_all_c1_median_ms,0.136762
trial,0,80,http1_rust_nodelay_all_c1_p95_ms,0.225634
trial,0,80,http1_rust_nodelay_all_c1_requests_per_second,6024.312
trial,0,80,http1_rust_nodelay_all_c1_wall_ms,13.280
latency,1,0,http1_rust_nodelay_all_c1_keepalive_ms,0.269105
latency,1,1,http1_rust_nodelay_all_c1_keepalive_ms,0.181843
latency,1,2,http1_rust_nodelay_all_c1_keepalive_ms,0.145882
latency,1,3,http1_rust_nodelay_all_c1_keepalive_ms,0.134023
latency,1,4,http1_rust_nodelay_all_c1_keepalive_ms,0.132012
latency,1,5,http1_rust_nodelay_all_c1_keepalive_ms,0.130862
latency,1,6,http1_rust_nodelay_all_c1_keepalive_ms,0.130622
latency,1,7,http1_rust_nodelay_all_c1_keepalive_ms,0.129743
latency,1,8,http1_rust_nodelay_all_c1_keepalive_ms,0.141972
latency,1,9,http1_rust_nodelay_all_c1_keepalive_ms,0.145962
latency,1,10,http1_rust_nodelay_all_c1_keepalive_ms,0.133563
latency,1,11,http1_rust_nodelay_all_c1_keepalive_ms,0.131592
latency,1,12,http1_rust_nodelay_all_c1_keepalive_ms,0.129762
latency,1,13,http1_rust_nodelay_all_c1_keepalive_ms,0.129942
latency,1,14,http1_rust_nodelay_all_c1_keepalive_ms,0.129703
latency,1,15,http1_rust_nodelay_all_c1_keepalive_ms,0.131312
latency,1,16,http1_rust_nodelay_all_c1_keepalive_ms,0.130762
latency,1,17,http1_rust_nodelay_all_c1_keepalive_ms,0.142423
latency,1,18,http1_rust_nodelay_all_c1_keepalive_ms,0.131042
latency,1,19,http1_rust_nodelay_all_c1_keepalive_ms,0.129752
latency,1,20,http1_rust_nodelay_all_c1_keepalive_ms,0.129982
latency,1,21,http1_rust_nodelay_all_c1_keepalive_ms,0.136632
latency,1,22,http1_rust_nodelay_all_c1_keepalive_ms,0.131103
latency,1,23,http1_rust_nodelay_all_c1_keepalive_ms,0.132752
latency,1,24,http1_rust_nodelay_all_c1_keepalive_ms,0.191673
latency,1,25,http1_rust_nodelay_all_c1_keepalive_ms,0.222404
latency,1,26,http1_rust_nodelay_all_c1_keepalive_ms,0.205304
latency,1,27,http1_rust_nodelay_all_c1_keepalive_ms,0.204513
latency,1,28,http1_rust_nodelay_all_c1_keepalive_ms,0.205614
latency,1,29,http1_rust_nodelay_all_c1_keepalive_ms,0.209753
latency,1,30,http1_rust_nodelay_all_c1_keepalive_ms,0.203884
latency,1,31,http1_rust_nodelay_all_c1_keepalive_ms,0.203503
latency,1,32,http1_rust_nodelay_all_c1_keepalive_ms,0.203524
latency,1,33,http1_rust_nodelay_all_c1_keepalive_ms,0.201973
latency,1,34,http1_rust_nodelay_all_c1_keepalive_ms,0.212004
latency,1,35,http1_rust_nodelay_all_c1_keepalive_ms,0.203053
latency,1,36,http1_rust_nodelay_all_c1_keepalive_ms,0.202634
latency,1,37,http1_rust_nodelay_all_c1_keepalive_ms,0.201463
latency,1,38,http1_rust_nodelay_all_c1_keepalive_ms,0.145392
latency,1,39,http1_rust_nodelay_all_c1_keepalive_ms,0.145853
latency,1,40,http1_rust_nodelay_all_c1_keepalive_ms,0.131842
latency,1,41,http1_rust_nodelay_all_c1_keepalive_ms,0.130642
latency,1,42,http1_rust_nodelay_all_c1_keepalive_ms,0.129982
latency,1,43,http1_rust_nodelay_all_c1_keepalive_ms,0.129403
latency,1,44,http1_rust_nodelay_all_c1_keepalive_ms,0.130352
latency,1,45,http1_rust_nodelay_all_c1_keepalive_ms,0.129292
latency,1,46,http1_rust_nodelay_all_c1_keepalive_ms,0.129152
latency,1,47,http1_rust_nodelay_all_c1_keepalive_ms,0.146473
latency,1,48,http1_rust_nodelay_all_c1_keepalive_ms,0.129202
latency,1,49,http1_rust_nodelay_all_c1_keepalive_ms,0.127622
latency,1,50,http1_rust_nodelay_all_c1_keepalive_ms,0.127412
latency,1,51,http1_rust_nodelay_all_c1_keepalive_ms,0.126802
latency,1,52,http1_rust_nodelay_all_c1_keepalive_ms,0.126792
latency,1,53,http1_rust_nodelay_all_c1_keepalive_ms,0.126413
latency,1,54,http1_rust_nodelay_all_c1_keepalive_ms,0.133112
latency,1,55,http1_rust_nodelay_all_c1_keepalive_ms,0.128992
latency,1,56,http1_rust_nodelay_all_c1_keepalive_ms,0.126692
latency,1,57,http1_rust_nodelay_all_c1_keepalive_ms,0.125962
latency,1,58,http1_rust_nodelay_all_c1_keepalive_ms,0.126482
latency,1,59,http1_rust_nodelay_all_c1_keepalive_ms,0.126793
latency,1,60,http1_rust_nodelay_all_c1_keepalive_ms,0.126312
latency,1,61,http1_rust_nodelay_all_c1_keepalive_ms,0.127042
latency,1,62,http1_rust_nodelay_all_c1_keepalive_ms,0.205693
latency,1,63,http1_rust_nodelay_all_c1_keepalive_ms,0.205944
latency,1,64,http1_rust_nodelay_all_c1_keepalive_ms,0.206873
latency,1,65,http1_rust_nodelay_all_c1_keepalive_ms,0.201893
latency,1,66,http1_rust_nodelay_all_c1_keepalive_ms,0.202793
latency,1,67,http1_rust_nodelay_all_c1_keepalive_ms,0.210314
latency,1,68,http1_rust_nodelay_all_c1_keepalive_ms,0.202883
latency,1,69,http1_rust_nodelay_all_c1_keepalive_ms,0.201774
latency,1,70,http1_rust_nodelay_all_c1_keepalive_ms,0.203023
latency,1,71,http1_rust_nodelay_all_c1_keepalive_ms,0.218534
latency,1,72,http1_rust_nodelay_all_c1_keepalive_ms,0.148813
latency,1,73,http1_rust_nodelay_all_c1_keepalive_ms,0.130022
latency,1,74,http1_rust_nodelay_all_c1_keepalive_ms,0.128512
latency,1,75,http1_rust_nodelay_all_c1_keepalive_ms,0.127792
latency,1,76,http1_rust_nodelay_all_c1_keepalive_ms,0.127492
latency,1,77,http1_rust_nodelay_all_c1_keepalive_ms,0.127843
latency,1,78,http1_rust_nodelay_all_c1_keepalive_ms,0.128662
latency,1,79,http1_rust_nodelay_all_c1_keepalive_ms,0.135052
trial,1,80,http1_rust_nodelay_all_c1_median_ms,0.132012
trial,1,80,http1_rust_nodelay_all_c1_p95_ms,0.210314
trial,1,80,http1_rust_nodelay_all_c1_requests_per_second,6182.036
trial,1,80,http1_rust_nodelay_all_c1_wall_ms,12.941
latency,2,0,http1_rust_nodelay_all_c1_keepalive_ms,0.208373
latency,2,1,http1_rust_nodelay_all_c1_keepalive_ms,0.224414
latency,2,2,http1_rust_nodelay_all_c1_keepalive_ms,0.205054
latency,2,3,http1_rust_nodelay_all_c1_keepalive_ms,0.203493
latency,2,4,http1_rust_nodelay_all_c1_keepalive_ms,0.219014
latency,2,5,http1_rust_nodelay_all_c1_keepalive_ms,0.158613
latency,2,6,http1_rust_nodelay_all_c1_keepalive_ms,0.132182
latency,2,7,http1_rust_nodelay_all_c1_keepalive_ms,0.128322
latency,2,8,http1_rust_nodelay_all_c1_keepalive_ms,0.128022
latency,2,9,http1_rust_nodelay_all_c1_keepalive_ms,0.128022
latency,2,10,http1_rust_nodelay_all_c1_keepalive_ms,0.127733
latency,2,11,http1_rust_nodelay_all_c1_keepalive_ms,0.127482
latency,2,12,http1_rust_nodelay_all_c1_keepalive_ms,0.139742
latency,2,13,http1_rust_nodelay_all_c1_keepalive_ms,0.148143
latency,2,14,http1_rust_nodelay_all_c1_keepalive_ms,0.171363
latency,2,15,http1_rust_nodelay_all_c1_keepalive_ms,0.146552
latency,2,16,http1_rust_nodelay_all_c1_keepalive_ms,0.193453
latency,2,17,http1_rust_nodelay_all_c1_keepalive_ms,0.202954
latency,2,18,http1_rust_nodelay_all_c1_keepalive_ms,0.209613
latency,2,19,http1_rust_nodelay_all_c1_keepalive_ms,0.203954
latency,2,20,http1_rust_nodelay_all_c1_keepalive_ms,0.200463
latency,2,21,http1_rust_nodelay_all_c1_keepalive_ms,0.202444
latency,2,22,http1_rust_nodelay_all_c1_keepalive_ms,0.205533
latency,2,23,http1_rust_nodelay_all_c1_keepalive_ms,0.207144
latency,2,24,http1_rust_nodelay_all_c1_keepalive_ms,0.205013
latency,2,25,http1_rust_nodelay_all_c1_keepalive_ms,0.152033
latency,2,26,http1_rust_nodelay_all_c1_keepalive_ms,0.187553
latency,2,27,http1_rust_nodelay_all_c1_keepalive_ms,0.211114
latency,2,28,http1_rust_nodelay_all_c1_keepalive_ms,0.160252
latency,2,29,http1_rust_nodelay_all_c1_keepalive_ms,0.182434
latency,2,30,http1_rust_nodelay_all_c1_keepalive_ms,0.202253
latency,2,31,http1_rust_nodelay_all_c1_keepalive_ms,0.152683
latency,2,32,http1_rust_nodelay_all_c1_keepalive_ms,0.179833
latency,2,33,http1_rust_nodelay_all_c1_keepalive_ms,0.202563
latency,2,34,http1_rust_nodelay_all_c1_keepalive_ms,0.158703
latency,2,35,http1_rust_nodelay_all_c1_keepalive_ms,0.186713
latency,2,36,http1_rust_nodelay_all_c1_keepalive_ms,0.209984
latency,2,37,http1_rust_nodelay_all_c1_keepalive_ms,0.153012
latency,2,38,http1_rust_nodelay_all_c1_keepalive_ms,0.178393
latency,2,39,http1_rust_nodelay_all_c1_keepalive_ms,0.209254
latency,2,40,http1_rust_nodelay_all_c1_keepalive_ms,0.154162
latency,2,41,http1_rust_nodelay_all_c1_keepalive_ms,0.178383
latency,2,42,http1_rust_nodelay_all_c1_keepalive_ms,0.201194
latency,2,43,http1_rust_nodelay_all_c1_keepalive_ms,0.150832
latency,2,44,http1_rust_nodelay_all_c1_keepalive_ms,0.179353
latency,2,45,http1_rust_nodelay_all_c1_keepalive_ms,0.209914
latency,2,46,http1_rust_nodelay_all_c1_keepalive_ms,0.152342
latency,2,47,http1_rust_nodelay_all_c1_keepalive_ms,0.177293
latency,2,48,http1_rust_nodelay_all_c1_keepalive_ms,0.202554
latency,2,49,http1_rust_nodelay_all_c1_keepalive_ms,0.151332
latency,2,50,http1_rust_nodelay_all_c1_keepalive_ms,0.178953
latency,2,51,http1_rust_nodelay_all_c1_keepalive_ms,0.212684
latency,2,52,http1_rust_nodelay_all_c1_keepalive_ms,0.239154
latency,2,53,http1_rust_nodelay_all_c1_keepalive_ms,0.201794
latency,2,54,http1_rust_nodelay_all_c1_keepalive_ms,0.213753
latency,2,55,http1_rust_nodelay_all_c1_keepalive_ms,0.210094
latency,2,56,http1_rust_nodelay_all_c1_keepalive_ms,0.205913
latency,2,57,http1_rust_nodelay_all_c1_keepalive_ms,0.201414
latency,2,58,http1_rust_nodelay_all_c1_keepalive_ms,0.204773
latency,2,59,http1_rust_nodelay_all_c1_keepalive_ms,0.201014
latency,2,60,http1_rust_nodelay_all_c1_keepalive_ms,0.211503
latency,2,61,http1_rust_nodelay_all_c1_keepalive_ms,0.202604
latency,2,62,http1_rust_nodelay_all_c1_keepalive_ms,0.200873
latency,2,63,http1_rust_nodelay_all_c1_keepalive_ms,0.200324
latency,2,64,http1_rust_nodelay_all_c1_keepalive_ms,0.203003
latency,2,65,http1_rust_nodelay_all_c1_keepalive_ms,0.207854
latency,2,66,http1_rust_nodelay_all_c1_keepalive_ms,0.150142
latency,2,67,http1_rust_nodelay_all_c1_keepalive_ms,0.131292
latency,2,68,http1_rust_nodelay_all_c1_keepalive_ms,0.128793
latency,2,69,http1_rust_nodelay_all_c1_keepalive_ms,0.127632
latency,2,70,http1_rust_nodelay_all_c1_keepalive_ms,0.131282
latency,2,71,http1_rust_nodelay_all_c1_keepalive_ms,0.127522
latency,2,72,http1_rust_nodelay_all_c1_keepalive_ms,0.136722
latency,2,73,http1_rust_nodelay_all_c1_keepalive_ms,0.137093
latency,2,74,http1_rust_nodelay_all_c1_keepalive_ms,0.127222
latency,2,75,http1_rust_nodelay_all_c1_keepalive_ms,0.126472
latency,2,76,http1_rust_nodelay_all_c1_keepalive_ms,0.126932
latency,2,77,http1_rust_nodelay_all_c1_keepalive_ms,0.127482
latency,2,78,http1_rust_nodelay_all_c1_keepalive_ms,0.126813
latency,2,79,http1_rust_nodelay_all_c1_keepalive_ms,0.126172
trial,2,80,http1_rust_nodelay_all_c1_median_ms,0.179833
trial,2,80,http1_rust_nodelay_all_c1_p95_ms,0.212684
trial,2,80,http1_rust_nodelay_all_c1_requests_per_second,5528.731
trial,2,80,http1_rust_nodelay_all_c1_wall_ms,14.470
latency,3,0,http1_rust_nodelay_all_c1_keepalive_ms,0.193403
latency,3,1,http1_rust_nodelay_all_c1_keepalive_ms,0.229854
latency,3,2,http1_rust_nodelay_all_c1_keepalive_ms,0.208264
latency,3,3,http1_rust_nodelay_all_c1_keepalive_ms,0.201913
latency,3,4,http1_rust_nodelay_all_c1_keepalive_ms,0.203604
latency,3,5,http1_rust_nodelay_all_c1_keepalive_ms,0.201683
latency,3,6,http1_rust_nodelay_all_c1_keepalive_ms,0.208444
latency,3,7,http1_rust_nodelay_all_c1_keepalive_ms,0.203163
latency,3,8,http1_rust_nodelay_all_c1_keepalive_ms,0.201754
latency,3,9,http1_rust_nodelay_all_c1_keepalive_ms,0.202213
latency,3,10,http1_rust_nodelay_all_c1_keepalive_ms,0.202623
latency,3,11,http1_rust_nodelay_all_c1_keepalive_ms,0.207794
latency,3,12,http1_rust_nodelay_all_c1_keepalive_ms,0.204894
latency,3,13,http1_rust_nodelay_all_c1_keepalive_ms,0.201133
latency,3,14,http1_rust_nodelay_all_c1_keepalive_ms,0.143662
latency,3,15,http1_rust_nodelay_all_c1_keepalive_ms,0.130403
latency,3,16,http1_rust_nodelay_all_c1_keepalive_ms,0.128512
latency,3,17,http1_rust_nodelay_all_c1_keepalive_ms,0.139342
latency,3,18,http1_rust_nodelay_all_c1_keepalive_ms,0.128642
latency,3,19,http1_rust_nodelay_all_c1_keepalive_ms,0.127533
latency,3,20,http1_rust_nodelay_all_c1_keepalive_ms,0.127332
latency,3,21,http1_rust_nodelay_all_c1_keepalive_ms,0.131512
latency,3,22,http1_rust_nodelay_all_c1_keepalive_ms,0.127202
latency,3,23,http1_rust_nodelay_all_c1_keepalive_ms,0.126852
latency,3,24,http1_rust_nodelay_all_c1_keepalive_ms,0.133743
latency,3,25,http1_rust_nodelay_all_c1_keepalive_ms,0.130382
latency,3,26,http1_rust_nodelay_all_c1_keepalive_ms,0.126842
latency,3,27,http1_rust_nodelay_all_c1_keepalive_ms,0.127292
latency,3,28,http1_rust_nodelay_all_c1_keepalive_ms,0.127192
latency,3,29,http1_rust_nodelay_all_c1_keepalive_ms,0.126612
latency,3,30,http1_rust_nodelay_all_c1_keepalive_ms,0.126923
latency,3,31,http1_rust_nodelay_all_c1_keepalive_ms,0.126632
latency,3,32,http1_rust_nodelay_all_c1_keepalive_ms,0.134702
latency,3,33,http1_rust_nodelay_all_c1_keepalive_ms,0.129602
latency,3,34,http1_rust_nodelay_all_c1_keepalive_ms,0.126502
latency,3,35,http1_rust_nodelay_all_c1_keepalive_ms,0.127142
latency,3,36,http1_rust_nodelay_all_c1_keepalive_ms,0.126913
latency,3,37,http1_rust_nodelay_all_c1_keepalive_ms,0.126872
latency,3,38,http1_rust_nodelay_all_c1_keepalive_ms,0.127282
latency,3,39,http1_rust_nodelay_all_c1_keepalive_ms,0.126432
latency,3,40,http1_rust_nodelay_all_c1_keepalive_ms,0.205853
latency,3,41,http1_rust_nodelay_all_c1_keepalive_ms,0.208384
latency,3,42,http1_rust_nodelay_all_c1_keepalive_ms,0.203823
latency,3,43,http1_rust_nodelay_all_c1_keepalive_ms,0.203134
latency,3,44,http1_rust_nodelay_all_c1_keepalive_ms,0.201663
latency,3,45,http1_rust_nodelay_all_c1_keepalive_ms,0.213234
latency,3,46,http1_rust_nodelay_all_c1_keepalive_ms,0.201853
latency,3,47,http1_rust_nodelay_all_c1_keepalive_ms,0.202694
latency,3,48,http1_rust_nodelay_all_c1_keepalive_ms,0.200613
latency,3,49,http1_rust_nodelay_all_c1_keepalive_ms,0.202344
latency,3,50,http1_rust_nodelay_all_c1_keepalive_ms,0.210453
latency,3,51,http1_rust_nodelay_all_c1_keepalive_ms,0.202514
latency,3,52,http1_rust_nodelay_all_c1_keepalive_ms,0.202333
latency,3,53,http1_rust_nodelay_all_c1_keepalive_ms,0.200514
latency,3,54,http1_rust_nodelay_all_c1_keepalive_ms,0.142532
latency,3,55,http1_rust_nodelay_all_c1_keepalive_ms,0.136312
latency,3,56,http1_rust_nodelay_all_c1_keepalive_ms,0.129613
latency,3,57,http1_rust_nodelay_all_c1_keepalive_ms,0.127032
latency,3,58,http1_rust_nodelay_all_c1_keepalive_ms,0.126802
latency,3,59,http1_rust_nodelay_all_c1_keepalive_ms,0.126582
latency,3,60,http1_rust_nodelay_all_c1_keepalive_ms,0.127242
latency,3,61,http1_rust_nodelay_all_c1_keepalive_ms,0.126832
latency,3,62,http1_rust_nodelay_all_c1_keepalive_ms,0.130343
latency,3,63,http1_rust_nodelay_all_c1_keepalive_ms,0.135142
latency,3,64,http1_rust_nodelay_all_c1_keepalive_ms,0.128552
latency,3,65,http1_rust_nodelay_all_c1_keepalive_ms,0.126422
latency,3,66,http1_rust_nodelay_all_c1_keepalive_ms,0.126282
latency,3,67,http1_rust_nodelay_all_c1_keepalive_ms,0.126273
latency,3,68,http1_rust_nodelay_all_c1_keepalive_ms,0.126842
latency,3,69,http1_rust_nodelay_all_c1_keepalive_ms,0.127642
latency,3,70,http1_rust_nodelay_all_c1_keepalive_ms,0.126412
latency,3,71,http1_rust_nodelay_all_c1_keepalive_ms,0.138622
latency,3,72,http1_rust_nodelay_all_c1_keepalive_ms,0.125733
latency,3,73,http1_rust_nodelay_all_c1_keepalive_ms,0.126362
latency,3,74,http1_rust_nodelay_all_c1_keepalive_ms,0.126322
latency,3,75,http1_rust_nodelay_all_c1_keepalive_ms,0.126502
latency,3,76,http1_rust_nodelay_all_c1_keepalive_ms,0.127862
latency,3,77,http1_rust_nodelay_all_c1_keepalive_ms,0.126202
latency,3,78,http1_rust_nodelay_all_c1_keepalive_ms,0.138273
latency,3,79,http1_rust_nodelay_all_c1_keepalive_ms,0.225564
trial,3,80,http1_rust_nodelay_all_c1_median_ms,0.130382
trial,3,80,http1_rust_nodelay_all_c1_p95_ms,0.208444
trial,3,80,http1_rust_nodelay_all_c1_requests_per_second,6204.191
trial,3,80,http1_rust_nodelay_all_c1_wall_ms,12.895
latency,4,0,http1_rust_nodelay_all_c1_keepalive_ms,0.290795
latency,4,1,http1_rust_nodelay_all_c1_keepalive_ms,0.212784
latency,4,2,http1_rust_nodelay_all_c1_keepalive_ms,0.213224
latency,4,3,http1_rust_nodelay_all_c1_keepalive_ms,0.216083
latency,4,4,http1_rust_nodelay_all_c1_keepalive_ms,0.187824
latency,4,5,http1_rust_nodelay_all_c1_keepalive_ms,0.133812
latency,4,6,http1_rust_nodelay_all_c1_keepalive_ms,0.128902
latency,4,7,http1_rust_nodelay_all_c1_keepalive_ms,0.127132
latency,4,8,http1_rust_nodelay_all_c1_keepalive_ms,0.127282
latency,4,9,http1_rust_nodelay_all_c1_keepalive_ms,0.126763
latency,4,10,http1_rust_nodelay_all_c1_keepalive_ms,0.126702
latency,4,11,http1_rust_nodelay_all_c1_keepalive_ms,0.127502
latency,4,12,http1_rust_nodelay_all_c1_keepalive_ms,0.133922
latency,4,13,http1_rust_nodelay_all_c1_keepalive_ms,0.128842
latency,4,14,http1_rust_nodelay_all_c1_keepalive_ms,0.127262
latency,4,15,http1_rust_nodelay_all_c1_keepalive_ms,0.126553
latency,4,16,http1_rust_nodelay_all_c1_keepalive_ms,0.135212
latency,4,17,http1_rust_nodelay_all_c1_keepalive_ms,0.133352
latency,4,18,http1_rust_nodelay_all_c1_keepalive_ms,0.127882
latency,4,19,http1_rust_nodelay_all_c1_keepalive_ms,0.128473
latency,4,20,http1_rust_nodelay_all_c1_keepalive_ms,0.148762
latency,4,21,http1_rust_nodelay_all_c1_keepalive_ms,0.132432
latency,4,22,http1_rust_nodelay_all_c1_keepalive_ms,0.127673
latency,4,23,http1_rust_nodelay_all_c1_keepalive_ms,0.126742
latency,4,24,http1_rust_nodelay_all_c1_keepalive_ms,0.127522
latency,4,25,http1_rust_nodelay_all_c1_keepalive_ms,0.127402
latency,4,26,http1_rust_nodelay_all_c1_keepalive_ms,0.127392
latency,4,27,http1_rust_nodelay_all_c1_keepalive_ms,0.126462
latency,4,28,http1_rust_nodelay_all_c1_keepalive_ms,0.171513
latency,4,29,http1_rust_nodelay_all_c1_keepalive_ms,0.178583
latency,4,30,http1_rust_nodelay_all_c1_keepalive_ms,0.146783
latency,4,31,http1_rust_nodelay_all_c1_keepalive_ms,0.145152
latency,4,32,http1_rust_nodelay_all_c1_keepalive_ms,0.190744
latency,4,33,http1_rust_nodelay_all_c1_keepalive_ms,0.165032
latency,4,34,http1_rust_nodelay_all_c1_keepalive_ms,0.169823
latency,4,35,http1_rust_nodelay_all_c1_keepalive_ms,0.147423
latency,4,36,http1_rust_nodelay_all_c1_keepalive_ms,0.190763
latency,4,37,http1_rust_nodelay_all_c1_keepalive_ms,0.146393
latency,4,38,http1_rust_nodelay_all_c1_keepalive_ms,0.144612
latency,4,39,http1_rust_nodelay_all_c1_keepalive_ms,0.146513
latency,4,40,http1_rust_nodelay_all_c1_keepalive_ms,0.199523
latency,4,41,http1_rust_nodelay_all_c1_keepalive_ms,0.147842
latency,4,42,http1_rust_nodelay_all_c1_keepalive_ms,0.145303
latency,4,43,http1_rust_nodelay_all_c1_keepalive_ms,0.144952
latency,4,44,http1_rust_nodelay_all_c1_keepalive_ms,0.190013
latency,4,45,http1_rust_nodelay_all_c1_keepalive_ms,0.152433
latency,4,46,http1_rust_nodelay_all_c1_keepalive_ms,0.151362
latency,4,47,http1_rust_nodelay_all_c1_keepalive_ms,0.145983
latency,4,48,http1_rust_nodelay_all_c1_keepalive_ms,0.184083
latency,4,49,http1_rust_nodelay_all_c1_keepalive_ms,0.202933
latency,4,50,http1_rust_nodelay_all_c1_keepalive_ms,0.201934
latency,4,51,http1_rust_nodelay_all_c1_keepalive_ms,0.207903
latency,4,52,http1_rust_nodelay_all_c1_keepalive_ms,0.205684
latency,4,53,http1_rust_nodelay_all_c1_keepalive_ms,0.201893
latency,4,54,http1_rust_nodelay_all_c1_keepalive_ms,0.200304
latency,4,55,http1_rust_nodelay_all_c1_keepalive_ms,0.202243
latency,4,56,http1_rust_nodelay_all_c1_keepalive_ms,0.207364
latency,4,57,http1_rust_nodelay_all_c1_keepalive_ms,0.202593
latency,4,58,http1_rust_nodelay_all_c1_keepalive_ms,0.200764
latency,4,59,http1_rust_nodelay_all_c1_keepalive_ms,0.200383
latency,4,60,http1_rust_nodelay_all_c1_keepalive_ms,0.202124
latency,4,61,http1_rust_nodelay_all_c1_keepalive_ms,0.209433
latency,4,62,http1_rust_nodelay_all_c1_keepalive_ms,0.145133
latency,4,63,http1_rust_nodelay_all_c1_keepalive_ms,0.128802
latency,4,64,http1_rust_nodelay_all_c1_keepalive_ms,0.127862
latency,4,65,http1_rust_nodelay_all_c1_keepalive_ms,0.127112
latency,4,66,http1_rust_nodelay_all_c1_keepalive_ms,0.126492
latency,4,67,http1_rust_nodelay_all_c1_keepalive_ms,0.126692
latency,4,68,http1_rust_nodelay_all_c1_keepalive_ms,0.126243
latency,4,69,http1_rust_nodelay_all_c1_keepalive_ms,0.134542
latency,4,70,http1_rust_nodelay_all_c1_keepalive_ms,0.127502
latency,4,71,http1_rust_nodelay_all_c1_keepalive_ms,0.127112
latency,4,72,http1_rust_nodelay_all_c1_keepalive_ms,0.127072
latency,4,73,http1_rust_nodelay_all_c1_keepalive_ms,0.126183
latency,4,74,http1_rust_nodelay_all_c1_keepalive_ms,0.126072
latency,4,75,http1_rust_nodelay_all_c1_keepalive_ms,0.126002
latency,4,76,http1_rust_nodelay_all_c1_keepalive_ms,0.125832
latency,4,77,http1_rust_nodelay_all_c1_keepalive_ms,0.134072
latency,4,78,http1_rust_nodelay_all_c1_keepalive_ms,0.127372
latency,4,79,http1_rust_nodelay_all_c1_keepalive_ms,0.126903
trial,4,80,http1_rust_nodelay_all_c1_median_ms,0.144612
trial,4,80,http1_rust_nodelay_all_c1_p95_ms,0.209433
trial,4,80,http1_rust_nodelay_all_c1_requests_per_second,6201.921
trial,4,80,http1_rust_nodelay_all_c1_wall_ms,12.899
summary,0,400,http1_rust_nodelay_all_c1_keepalive_ms_median,0.141972
summary,0,400,http1_rust_nodelay_all_c1_keepalive_ms_p95,0.212784
latency,0,80,http1_rust_nodelay_all_c4_keepalive_ms,0.442527
latency,0,81,http1_rust_nodelay_all_c4_keepalive_ms,0.450598
latency,0,82,http1_rust_nodelay_all_c4_keepalive_ms,0.471028
latency,0,83,http1_rust_nodelay_all_c4_keepalive_ms,0.472828
latency,0,84,http1_rust_nodelay_all_c4_keepalive_ms,0.511339
latency,0,85,http1_rust_nodelay_all_c4_keepalive_ms,0.368796
latency,0,86,http1_rust_nodelay_all_c4_keepalive_ms,0.386727
latency,0,87,http1_rust_nodelay_all_c4_keepalive_ms,0.332755
latency,0,88,http1_rust_nodelay_all_c4_keepalive_ms,0.369197
latency,0,89,http1_rust_nodelay_all_c4_keepalive_ms,0.383256
latency,0,90,http1_rust_nodelay_all_c4_keepalive_ms,0.269615
latency,0,91,http1_rust_nodelay_all_c4_keepalive_ms,0.255004
latency,0,92,http1_rust_nodelay_all_c4_keepalive_ms,0.285475
latency,0,93,http1_rust_nodelay_all_c4_keepalive_ms,0.258814
latency,0,94,http1_rust_nodelay_all_c4_keepalive_ms,0.253385
latency,0,95,http1_rust_nodelay_all_c4_keepalive_ms,0.247584
latency,0,96,http1_rust_nodelay_all_c4_keepalive_ms,0.248764
latency,0,97,http1_rust_nodelay_all_c4_keepalive_ms,0.188393
latency,0,98,http1_rust_nodelay_all_c4_keepalive_ms,0.168693
latency,0,99,http1_rust_nodelay_all_c4_keepalive_ms,0.134863
latency,0,100,http1_rust_nodelay_all_c4_keepalive_ms,0.130152
latency,0,101,http1_rust_nodelay_all_c4_keepalive_ms,0.127302
latency,0,102,http1_rust_nodelay_all_c4_keepalive_ms,0.126722
latency,0,103,http1_rust_nodelay_all_c4_keepalive_ms,0.127962
latency,0,104,http1_rust_nodelay_all_c4_keepalive_ms,0.127442
latency,0,105,http1_rust_nodelay_all_c4_keepalive_ms,0.137043
latency,0,106,http1_rust_nodelay_all_c4_keepalive_ms,0.129732
latency,0,107,http1_rust_nodelay_all_c4_keepalive_ms,0.129692
latency,0,108,http1_rust_nodelay_all_c4_keepalive_ms,0.130192
latency,0,109,http1_rust_nodelay_all_c4_keepalive_ms,0.129703
latency,0,110,http1_rust_nodelay_all_c4_keepalive_ms,0.130352
latency,0,111,http1_rust_nodelay_all_c4_keepalive_ms,0.127922
latency,0,112,http1_rust_nodelay_all_c4_keepalive_ms,0.127682
latency,0,113,http1_rust_nodelay_all_c4_keepalive_ms,0.137323
latency,0,114,http1_rust_nodelay_all_c4_keepalive_ms,0.129162
latency,0,115,http1_rust_nodelay_all_c4_keepalive_ms,0.126662
latency,0,116,http1_rust_nodelay_all_c4_keepalive_ms,0.126112
latency,0,117,http1_rust_nodelay_all_c4_keepalive_ms,0.127122
latency,0,118,http1_rust_nodelay_all_c4_keepalive_ms,0.127422
latency,0,119,http1_rust_nodelay_all_c4_keepalive_ms,0.126703
latency,0,120,http1_rust_nodelay_all_c4_keepalive_ms,0.126712
latency,0,121,http1_rust_nodelay_all_c4_keepalive_ms,4.136830
latency,0,122,http1_rust_nodelay_all_c4_keepalive_ms,0.131472
latency,0,123,http1_rust_nodelay_all_c4_keepalive_ms,0.128673
latency,0,124,http1_rust_nodelay_all_c4_keepalive_ms,0.127362
latency,0,125,http1_rust_nodelay_all_c4_keepalive_ms,0.131382
latency,0,126,http1_rust_nodelay_all_c4_keepalive_ms,0.127322
latency,0,127,http1_rust_nodelay_all_c4_keepalive_ms,0.127262
latency,0,128,http1_rust_nodelay_all_c4_keepalive_ms,0.133902
latency,0,129,http1_rust_nodelay_all_c4_keepalive_ms,0.130043
latency,0,130,http1_rust_nodelay_all_c4_keepalive_ms,0.126742
latency,0,131,http1_rust_nodelay_all_c4_keepalive_ms,0.127072
latency,0,132,http1_rust_nodelay_all_c4_keepalive_ms,0.127502
latency,0,133,http1_rust_nodelay_all_c4_keepalive_ms,0.126512
latency,0,134,http1_rust_nodelay_all_c4_keepalive_ms,0.126842
latency,0,135,http1_rust_nodelay_all_c4_keepalive_ms,0.126193
latency,0,136,http1_rust_nodelay_all_c4_keepalive_ms,0.133592
latency,0,137,http1_rust_nodelay_all_c4_keepalive_ms,0.128752
latency,0,138,http1_rust_nodelay_all_c4_keepalive_ms,0.127012
latency,0,139,http1_rust_nodelay_all_c4_keepalive_ms,0.127752
latency,0,140,http1_rust_nodelay_all_c4_keepalive_ms,0.127393
latency,0,141,http1_rust_nodelay_all_c4_keepalive_ms,0.126992
latency,0,142,http1_rust_nodelay_all_c4_keepalive_ms,0.126872
latency,0,143,http1_rust_nodelay_all_c4_keepalive_ms,0.126262
latency,0,144,http1_rust_nodelay_all_c4_keepalive_ms,12.088896
latency,0,145,http1_rust_nodelay_all_c4_keepalive_ms,0.131412
latency,0,146,http1_rust_nodelay_all_c4_keepalive_ms,0.128192
latency,0,147,http1_rust_nodelay_all_c4_keepalive_ms,0.127363
latency,0,148,http1_rust_nodelay_all_c4_keepalive_ms,0.127602
latency,0,149,http1_rust_nodelay_all_c4_keepalive_ms,0.127592
latency,0,150,http1_rust_nodelay_all_c4_keepalive_ms,0.127492
latency,0,151,http1_rust_nodelay_all_c4_keepalive_ms,0.126582
latency,0,152,http1_rust_nodelay_all_c4_keepalive_ms,0.136443
latency,0,153,http1_rust_nodelay_all_c4_keepalive_ms,0.133302
latency,0,154,http1_rust_nodelay_all_c4_keepalive_ms,0.127212
latency,0,155,http1_rust_nodelay_all_c4_keepalive_ms,0.126622
latency,0,156,http1_rust_nodelay_all_c4_keepalive_ms,0.126622
latency,0,157,http1_rust_nodelay_all_c4_keepalive_ms,0.127222
latency,0,158,http1_rust_nodelay_all_c4_keepalive_ms,0.126572
latency,0,159,http1_rust_nodelay_all_c4_keepalive_ms,0.127163
latency,0,240,http1_rust_nodelay_all_c4_keepalive_ms,0.424487
latency,0,241,http1_rust_nodelay_all_c4_keepalive_ms,0.581870
latency,0,242,http1_rust_nodelay_all_c4_keepalive_ms,0.483788
latency,0,243,http1_rust_nodelay_all_c4_keepalive_ms,0.471328
latency,0,244,http1_rust_nodelay_all_c4_keepalive_ms,0.467258
latency,0,245,http1_rust_nodelay_all_c4_keepalive_ms,0.388767
latency,0,246,http1_rust_nodelay_all_c4_keepalive_ms,0.381516
latency,0,247,http1_rust_nodelay_all_c4_keepalive_ms,0.428937
latency,0,248,http1_rust_nodelay_all_c4_keepalive_ms,0.378407
latency,0,249,http1_rust_nodelay_all_c4_keepalive_ms,0.312375
latency,0,250,http1_rust_nodelay_all_c4_keepalive_ms,0.254005
latency,0,251,http1_rust_nodelay_all_c4_keepalive_ms,0.252354
latency,0,252,http1_rust_nodelay_all_c4_keepalive_ms,0.247974
latency,0,253,http1_rust_nodelay_all_c4_keepalive_ms,0.262765
latency,0,254,http1_rust_nodelay_all_c4_keepalive_ms,0.249334
latency,0,255,http1_rust_nodelay_all_c4_keepalive_ms,0.248864
latency,0,256,http1_rust_nodelay_all_c4_keepalive_ms,0.269455
latency,0,257,http1_rust_nodelay_all_c4_keepalive_ms,4.208381
latency,0,258,http1_rust_nodelay_all_c4_keepalive_ms,0.148843
latency,0,259,http1_rust_nodelay_all_c4_keepalive_ms,0.136122
latency,0,260,http1_rust_nodelay_all_c4_keepalive_ms,0.128182
latency,0,261,http1_rust_nodelay_all_c4_keepalive_ms,0.130283
latency,0,262,http1_rust_nodelay_all_c4_keepalive_ms,0.126832
latency,0,263,http1_rust_nodelay_all_c4_keepalive_ms,0.135392
latency,0,264,http1_rust_nodelay_all_c4_keepalive_ms,0.132642
latency,0,265,http1_rust_nodelay_all_c4_keepalive_ms,0.130173
latency,0,266,http1_rust_nodelay_all_c4_keepalive_ms,0.126402
latency,0,267,http1_rust_nodelay_all_c4_keepalive_ms,0.134392
latency,0,268,http1_rust_nodelay_all_c4_keepalive_ms,0.126912
latency,0,269,http1_rust_nodelay_all_c4_keepalive_ms,0.134893
latency,0,270,http1_rust_nodelay_all_c4_keepalive_ms,0.126742
latency,0,271,http1_rust_nodelay_all_c4_keepalive_ms,0.126292
latency,0,272,http1_rust_nodelay_all_c4_keepalive_ms,0.136132
latency,0,273,http1_rust_nodelay_all_c4_keepalive_ms,0.137013
latency,0,274,http1_rust_nodelay_all_c4_keepalive_ms,0.127042
latency,0,275,http1_rust_nodelay_all_c4_keepalive_ms,0.134422
latency,0,276,http1_rust_nodelay_all_c4_keepalive_ms,0.131452
latency,0,277,http1_rust_nodelay_all_c4_keepalive_ms,0.127002
latency,0,278,http1_rust_nodelay_all_c4_keepalive_ms,0.127043
latency,0,279,http1_rust_nodelay_all_c4_keepalive_ms,0.134602
latency,0,280,http1_rust_nodelay_all_c4_keepalive_ms,3.391727
latency,0,281,http1_rust_nodelay_all_c4_keepalive_ms,0.389257
latency,0,282,http1_rust_nodelay_all_c4_keepalive_ms,0.298365
latency,0,283,http1_rust_nodelay_all_c4_keepalive_ms,0.385697
latency,0,284,http1_rust_nodelay_all_c4_keepalive_ms,0.388746
latency,0,285,http1_rust_nodelay_all_c4_keepalive_ms,0.315096
latency,0,286,http1_rust_nodelay_all_c4_keepalive_ms,0.384126
latency,0,287,http1_rust_nodelay_all_c4_keepalive_ms,0.384127
latency,0,288,http1_rust_nodelay_all_c4_keepalive_ms,0.280224
latency,0,289,http1_rust_nodelay_all_c4_keepalive_ms,0.240344
latency,0,290,http1_rust_nodelay_all_c4_keepalive_ms,0.244845
latency,0,291,http1_rust_nodelay_all_c4_keepalive_ms,0.234884
latency,0,292,http1_rust_nodelay_all_c4_keepalive_ms,0.247414
latency,0,293,http1_rust_nodelay_all_c4_keepalive_ms,0.235584
latency,0,294,http1_rust_nodelay_all_c4_keepalive_ms,0.293525
latency,0,295,http1_rust_nodelay_all_c4_keepalive_ms,0.245934
latency,0,296,http1_rust_nodelay_all_c4_keepalive_ms,0.257204
latency,0,297,http1_rust_nodelay_all_c4_keepalive_ms,0.245955
latency,0,298,http1_rust_nodelay_all_c4_keepalive_ms,0.248254
latency,0,299,http1_rust_nodelay_all_c4_keepalive_ms,0.245124
latency,0,300,http1_rust_nodelay_all_c4_keepalive_ms,0.285145
latency,0,301,http1_rust_nodelay_all_c4_keepalive_ms,0.245774
latency,0,302,http1_rust_nodelay_all_c4_keepalive_ms,0.244594
latency,0,303,http1_rust_nodelay_all_c4_keepalive_ms,0.247995
latency,0,304,http1_rust_nodelay_all_c4_keepalive_ms,0.257154
latency,0,305,http1_rust_nodelay_all_c4_keepalive_ms,0.228664
latency,0,306,http1_rust_nodelay_all_c4_keepalive_ms,0.248974
latency,0,307,http1_rust_nodelay_all_c4_keepalive_ms,0.247314
latency,0,308,http1_rust_nodelay_all_c4_keepalive_ms,0.254805
latency,0,309,http1_rust_nodelay_all_c4_keepalive_ms,0.225843
latency,0,310,http1_rust_nodelay_all_c4_keepalive_ms,0.245205
latency,0,311,http1_rust_nodelay_all_c4_keepalive_ms,0.246184
latency,0,312,http1_rust_nodelay_all_c4_keepalive_ms,9.226817
latency,0,313,http1_rust_nodelay_all_c4_keepalive_ms,0.130322
latency,0,314,http1_rust_nodelay_all_c4_keepalive_ms,0.128082
latency,0,315,http1_rust_nodelay_all_c4_keepalive_ms,0.127292
latency,0,316,http1_rust_nodelay_all_c4_keepalive_ms,0.127092
latency,0,317,http1_rust_nodelay_all_c4_keepalive_ms,0.126773
latency,0,318,http1_rust_nodelay_all_c4_keepalive_ms,0.126222
latency,0,319,http1_rust_nodelay_all_c4_keepalive_ms,0.134202
latency,0,0,http1_rust_nodelay_all_c4_keepalive_ms,0.460898
latency,0,1,http1_rust_nodelay_all_c4_keepalive_ms,0.452627
latency,0,2,http1_rust_nodelay_all_c4_keepalive_ms,0.470558
latency,0,3,http1_rust_nodelay_all_c4_keepalive_ms,0.472489
latency,0,4,http1_rust_nodelay_all_c4_keepalive_ms,7.390566
latency,0,5,http1_rust_nodelay_all_c4_keepalive_ms,0.130512
latency,0,6,http1_rust_nodelay_all_c4_keepalive_ms,0.128412
latency,0,7,http1_rust_nodelay_all_c4_keepalive_ms,0.127022
latency,0,8,http1_rust_nodelay_all_c4_keepalive_ms,0.126782
latency,0,9,http1_rust_nodelay_all_c4_keepalive_ms,0.127672
latency,0,10,http1_rust_nodelay_all_c4_keepalive_ms,0.127773
latency,0,11,http1_rust_nodelay_all_c4_keepalive_ms,0.126992
latency,0,12,http1_rust_nodelay_all_c4_keepalive_ms,6.253856
latency,0,13,http1_rust_nodelay_all_c4_keepalive_ms,0.388747
latency,0,14,http1_rust_nodelay_all_c4_keepalive_ms,0.400356
latency,0,15,http1_rust_nodelay_all_c4_keepalive_ms,0.401617
latency,0,16,http1_rust_nodelay_all_c4_keepalive_ms,0.293205
latency,0,17,http1_rust_nodelay_all_c4_keepalive_ms,0.400687
latency,0,18,http1_rust_nodelay_all_c4_keepalive_ms,0.394757
latency,0,19,http1_rust_nodelay_all_c4_keepalive_ms,0.288645
latency,0,20,http1_rust_nodelay_all_c4_keepalive_ms,3.385057
latency,0,21,http1_rust_nodelay_all_c4_keepalive_ms,0.191604
latency,0,22,http1_rust_nodelay_all_c4_keepalive_ms,0.245014
latency,0,23,http1_rust_nodelay_all_c4_keepalive_ms,0.248284
latency,0,24,http1_rust_nodelay_all_c4_keepalive_ms,0.255294
latency,0,25,http1_rust_nodelay_all_c4_keepalive_ms,0.308956
latency,0,26,http1_rust_nodelay_all_c4_keepalive_ms,0.249024
latency,0,27,http1_rust_nodelay_all_c4_keepalive_ms,0.247144
latency,0,28,http1_rust_nodelay_all_c4_keepalive_ms,0.253935
latency,0,29,http1_rust_nodelay_all_c4_keepalive_ms,0.268584
latency,0,30,http1_rust_nodelay_all_c4_keepalive_ms,0.193583
latency,0,31,http1_rust_nodelay_all_c4_keepalive_ms,0.245855
latency,0,32,http1_rust_nodelay_all_c4_keepalive_ms,0.266594
latency,0,33,http1_rust_nodelay_all_c4_keepalive_ms,0.152443
latency,0,34,http1_rust_nodelay_all_c4_keepalive_ms,0.150362
latency,0,35,http1_rust_nodelay_all_c4_keepalive_ms,0.132793
latency,0,36,http1_rust_nodelay_all_c4_keepalive_ms,0.129302
latency,0,37,http1_rust_nodelay_all_c4_keepalive_ms,0.126452
latency,0,38,http1_rust_nodelay_all_c4_keepalive_ms,0.127012
latency,0,39,http1_rust_nodelay_all_c4_keepalive_ms,0.133642
latency,0,40,http1_rust_nodelay_all_c4_keepalive_ms,0.129563
latency,0,41,http1_rust_nodelay_all_c4_keepalive_ms,0.127082
latency,0,42,http1_rust_nodelay_all_c4_keepalive_ms,0.126632
latency,0,43,http1_rust_nodelay_all_c4_keepalive_ms,0.126932
latency,0,44,http1_rust_nodelay_all_c4_keepalive_ms,0.127112
latency,0,45,http1_rust_nodelay_all_c4_keepalive_ms,0.127522
latency,0,46,http1_rust_nodelay_all_c4_keepalive_ms,0.126303
latency,0,47,http1_rust_nodelay_all_c4_keepalive_ms,0.134612
latency,0,48,http1_rust_nodelay_all_c4_keepalive_ms,0.127382
latency,0,49,http1_rust_nodelay_all_c4_keepalive_ms,0.129002
latency,0,50,http1_rust_nodelay_all_c4_keepalive_ms,0.132622
latency,0,51,http1_rust_nodelay_all_c4_keepalive_ms,0.127743
latency,0,52,http1_rust_nodelay_all_c4_keepalive_ms,0.127112
latency,0,53,http1_rust_nodelay_all_c4_keepalive_ms,0.128202
latency,0,54,http1_rust_nodelay_all_c4_keepalive_ms,0.126582
latency,0,55,http1_rust_nodelay_all_c4_keepalive_ms,7.626150
latency,0,56,http1_rust_nodelay_all_c4_keepalive_ms,0.135022
latency,0,57,http1_rust_nodelay_all_c4_keepalive_ms,0.128972
latency,0,58,http1_rust_nodelay_all_c4_keepalive_ms,0.145983
latency,0,59,http1_rust_nodelay_all_c4_keepalive_ms,0.131122
latency,0,60,http1_rust_nodelay_all_c4_keepalive_ms,0.127342
latency,0,61,http1_rust_nodelay_all_c4_keepalive_ms,0.127532
latency,0,62,http1_rust_nodelay_all_c4_keepalive_ms,0.127052
latency,0,63,http1_rust_nodelay_all_c4_keepalive_ms,0.126143
latency,0,64,http1_rust_nodelay_all_c4_keepalive_ms,0.127532
latency,0,65,http1_rust_nodelay_all_c4_keepalive_ms,0.126742
latency,0,66,http1_rust_nodelay_all_c4_keepalive_ms,0.134012
latency,0,67,http1_rust_nodelay_all_c4_keepalive_ms,0.129132
latency,0,68,http1_rust_nodelay_all_c4_keepalive_ms,0.126693
latency,0,69,http1_rust_nodelay_all_c4_keepalive_ms,0.126882
latency,0,70,http1_rust_nodelay_all_c4_keepalive_ms,0.126362
latency,0,71,http1_rust_nodelay_all_c4_keepalive_ms,0.131172
latency,0,72,http1_rust_nodelay_all_c4_keepalive_ms,0.126632
latency,0,73,http1_rust_nodelay_all_c4_keepalive_ms,0.127102
latency,0,74,http1_rust_nodelay_all_c4_keepalive_ms,0.133733
latency,0,75,http1_rust_nodelay_all_c4_keepalive_ms,0.128272
latency,0,76,http1_rust_nodelay_all_c4_keepalive_ms,0.126652
latency,0,77,http1_rust_nodelay_all_c4_keepalive_ms,0.126502
latency,0,78,http1_rust_nodelay_all_c4_keepalive_ms,0.127652
latency,0,79,http1_rust_nodelay_all_c4_keepalive_ms,0.126653
latency,0,160,http1_rust_nodelay_all_c4_keepalive_ms,0.480638
latency,0,161,http1_rust_nodelay_all_c4_keepalive_ms,0.465888
latency,0,162,http1_rust_nodelay_all_c4_keepalive_ms,0.457088
latency,0,163,http1_rust_nodelay_all_c4_keepalive_ms,0.472098
latency,0,164,http1_rust_nodelay_all_c4_keepalive_ms,0.506539
latency,0,165,http1_rust_nodelay_all_c4_keepalive_ms,0.348916
latency,0,166,http1_rust_nodelay_all_c4_keepalive_ms,0.295965
latency,0,167,http1_rust_nodelay_all_c4_keepalive_ms,0.423487
latency,0,168,http1_rust_nodelay_all_c4_keepalive_ms,0.368196
latency,0,169,http1_rust_nodelay_all_c4_keepalive_ms,0.312745
latency,0,170,http1_rust_nodelay_all_c4_keepalive_ms,12.477623
latency,0,171,http1_rust_nodelay_all_c4_keepalive_ms,0.317665
latency,0,172,http1_rust_nodelay_all_c4_keepalive_ms,0.369496
latency,0,173,http1_rust_nodelay_all_c4_keepalive_ms,0.387827
latency,0,174,http1_rust_nodelay_all_c4_keepalive_ms,0.308445
latency,0,175,http1_rust_nodelay_all_c4_keepalive_ms,0.394337
latency,0,176,http1_rust_nodelay_all_c4_keepalive_ms,0.384377
latency,0,177,http1_rust_nodelay_all_c4_keepalive_ms,0.305335
latency,0,178,http1_rust_nodelay_all_c4_keepalive_ms,0.359126
latency,0,179,http1_rust_nodelay_all_c4_keepalive_ms,0.239714
latency,0,180,http1_rust_nodelay_all_c4_keepalive_ms,0.244344
latency,0,181,http1_rust_nodelay_all_c4_keepalive_ms,0.234954
latency,0,182,http1_rust_nodelay_all_c4_keepalive_ms,0.247444
latency,0,183,http1_rust_nodelay_all_c4_keepalive_ms,0.236474
latency,0,184,http1_rust_nodelay_all_c4_keepalive_ms,0.230134
latency,0,185,http1_rust_nodelay_all_c4_keepalive_ms,0.217674
latency,0,186,http1_rust_nodelay_all_c4_keepalive_ms,0.256134
latency,0,187,http1_rust_nodelay_all_c4_keepalive_ms,0.247545
latency,0,188,http1_rust_nodelay_all_c4_keepalive_ms,0.247134
latency,0,189,http1_rust_nodelay_all_c4_keepalive_ms,0.245924
latency,0,190,http1_rust_nodelay_all_c4_keepalive_ms,8.615366
latency,0,191,http1_rust_nodelay_all_c4_keepalive_ms,0.140353
latency,0,192,http1_rust_nodelay_all_c4_keepalive_ms,0.132452
latency,0,193,http1_rust_nodelay_all_c4_keepalive_ms,0.129392
latency,0,194,http1_rust_nodelay_all_c4_keepalive_ms,0.134663
latency,0,195,http1_rust_nodelay_all_c4_keepalive_ms,0.130852
latency,0,196,http1_rust_nodelay_all_c4_keepalive_ms,0.127582
latency,0,197,http1_rust_nodelay_all_c4_keepalive_ms,0.127532
latency,0,198,http1_rust_nodelay_all_c4_keepalive_ms,0.127792
latency,0,199,http1_rust_nodelay_all_c4_keepalive_ms,0.127072
latency,0,200,http1_rust_nodelay_all_c4_keepalive_ms,0.127003
latency,0,201,http1_rust_nodelay_all_c4_keepalive_ms,0.126462
latency,0,202,http1_rust_nodelay_all_c4_keepalive_ms,0.137132
latency,0,203,http1_rust_nodelay_all_c4_keepalive_ms,0.127842
latency,0,204,http1_rust_nodelay_all_c4_keepalive_ms,0.127603
latency,0,205,http1_rust_nodelay_all_c4_keepalive_ms,0.126692
latency,0,206,http1_rust_nodelay_all_c4_keepalive_ms,0.126772
latency,0,207,http1_rust_nodelay_all_c4_keepalive_ms,0.126682
latency,0,208,http1_rust_nodelay_all_c4_keepalive_ms,0.126872
latency,0,209,http1_rust_nodelay_all_c4_keepalive_ms,0.126692
latency,0,210,http1_rust_nodelay_all_c4_keepalive_ms,0.137263
latency,0,211,http1_rust_nodelay_all_c4_keepalive_ms,0.129352
latency,0,212,http1_rust_nodelay_all_c4_keepalive_ms,0.126942
latency,0,213,http1_rust_nodelay_all_c4_keepalive_ms,0.126582
latency,0,214,http1_rust_nodelay_all_c4_keepalive_ms,0.126642
latency,0,215,http1_rust_nodelay_all_c4_keepalive_ms,0.126663
latency,0,216,http1_rust_nodelay_all_c4_keepalive_ms,0.126552
latency,0,217,http1_rust_nodelay_all_c4_keepalive_ms,0.127792
latency,0,218,http1_rust_nodelay_all_c4_keepalive_ms,5.310370
latency,0,219,http1_rust_nodelay_all_c4_keepalive_ms,0.213034
latency,0,220,http1_rust_nodelay_all_c4_keepalive_ms,0.207194
latency,0,221,http1_rust_nodelay_all_c4_keepalive_ms,0.205433
latency,0,222,http1_rust_nodelay_all_c4_keepalive_ms,0.216354
latency,0,223,http1_rust_nodelay_all_c4_keepalive_ms,0.177763
latency,0,224,http1_rust_nodelay_all_c4_keepalive_ms,0.131872
latency,0,225,http1_rust_nodelay_all_c4_keepalive_ms,0.130302
latency,0,226,http1_rust_nodelay_all_c4_keepalive_ms,0.129202
latency,0,227,http1_rust_nodelay_all_c4_keepalive_ms,0.127533
latency,0,228,http1_rust_nodelay_all_c4_keepalive_ms,0.127072
latency,0,229,http1_rust_nodelay_all_c4_keepalive_ms,0.133652
latency,0,230,http1_rust_nodelay_all_c4_keepalive_ms,0.128592
latency,0,231,http1_rust_nodelay_all_c4_keepalive_ms,0.126492
latency,0,232,http1_rust_nodelay_all_c4_keepalive_ms,0.127483
latency,0,233,http1_rust_nodelay_all_c4_keepalive_ms,0.126372
latency,0,234,http1_rust_nodelay_all_c4_keepalive_ms,0.127012
latency,0,235,http1_rust_nodelay_all_c4_keepalive_ms,0.126722
latency,0,236,http1_rust_nodelay_all_c4_keepalive_ms,0.126682
latency,0,237,http1_rust_nodelay_all_c4_keepalive_ms,0.135813
latency,0,238,http1_rust_nodelay_all_c4_keepalive_ms,0.127742
latency,0,239,http1_rust_nodelay_all_c4_keepalive_ms,0.131942
trial,0,320,http1_rust_nodelay_all_c4_median_ms,0.134012
trial,0,320,http1_rust_nodelay_all_c4_p95_ms,0.480638
trial,0,320,http1_rust_nodelay_all_c4_requests_per_second,7436.976
trial,0,320,http1_rust_nodelay_all_c4_wall_ms,43.028
latency,1,160,http1_rust_nodelay_all_c4_keepalive_ms,0.433747
latency,1,161,http1_rust_nodelay_all_c4_keepalive_ms,0.458098
latency,1,162,http1_rust_nodelay_all_c4_keepalive_ms,0.451998
latency,1,163,http1_rust_nodelay_all_c4_keepalive_ms,0.458797
latency,1,164,http1_rust_nodelay_all_c4_keepalive_ms,0.449668
latency,1,165,http1_rust_nodelay_all_c4_keepalive_ms,0.596020
latency,1,166,http1_rust_nodelay_all_c4_keepalive_ms,0.468198
latency,1,167,http1_rust_nodelay_all_c4_keepalive_ms,0.447138
latency,1,168,http1_rust_nodelay_all_c4_keepalive_ms,0.313485
latency,1,169,http1_rust_nodelay_all_c4_keepalive_ms,0.390567
latency,1,170,http1_rust_nodelay_all_c4_keepalive_ms,0.386916
latency,1,171,http1_rust_nodelay_all_c4_keepalive_ms,0.309796
latency,1,172,http1_rust_nodelay_all_c4_keepalive_ms,0.379176
latency,1,173,http1_rust_nodelay_all_c4_keepalive_ms,0.270935
latency,1,174,http1_rust_nodelay_all_c4_keepalive_ms,0.246064
latency,1,175,http1_rust_nodelay_all_c4_keepalive_ms,0.244434
latency,1,176,http1_rust_nodelay_all_c4_keepalive_ms,0.245054
latency,1,177,http1_rust_nodelay_all_c4_keepalive_ms,0.247814
latency,1,178,http1_rust_nodelay_all_c4_keepalive_ms,0.238134
latency,1,179,http1_rust_nodelay_all_c4_keepalive_ms,0.231824
latency,1,180,http1_rust_nodelay_all_c4_keepalive_ms,0.231504
latency,1,181,http1_rust_nodelay_all_c4_keepalive_ms,0.239934
latency,1,182,http1_rust_nodelay_all_c4_keepalive_ms,0.238854
latency,1,183,http1_rust_nodelay_all_c4_keepalive_ms,0.231034
latency,1,184,http1_rust_nodelay_all_c4_keepalive_ms,0.232824
latency,1,185,http1_rust_nodelay_all_c4_keepalive_ms,0.233084
latency,1,186,http1_rust_nodelay_all_c4_keepalive_ms,0.134642
latency,1,187,http1_rust_nodelay_all_c4_keepalive_ms,0.126793
latency,1,188,http1_rust_nodelay_all_c4_keepalive_ms,0.126242
latency,1,189,http1_rust_nodelay_all_c4_keepalive_ms,0.125592
latency,1,190,http1_rust_nodelay_all_c4_keepalive_ms,0.126652
latency,1,191,http1_rust_nodelay_all_c4_keepalive_ms,0.125712
latency,1,192,http1_rust_nodelay_all_c4_keepalive_ms,0.125642
latency,1,193,http1_rust_nodelay_all_c4_keepalive_ms,0.133363
latency,1,194,http1_rust_nodelay_all_c4_keepalive_ms,0.127822
latency,1,195,http1_rust_nodelay_all_c4_keepalive_ms,0.125522
latency,1,196,http1_rust_nodelay_all_c4_keepalive_ms,0.125322
latency,1,197,http1_rust_nodelay_all_c4_keepalive_ms,0.126122
latency,1,198,http1_rust_nodelay_all_c4_keepalive_ms,0.125702
latency,1,199,http1_rust_nodelay_all_c4_keepalive_ms,0.125112
latency,1,200,http1_rust_nodelay_all_c4_keepalive_ms,0.125623
latency,1,201,http1_rust_nodelay_all_c4_keepalive_ms,0.151322
latency,1,202,http1_rust_nodelay_all_c4_keepalive_ms,0.128162
latency,1,203,http1_rust_nodelay_all_c4_keepalive_ms,0.126362
latency,1,204,http1_rust_nodelay_all_c4_keepalive_ms,0.127093
latency,1,205,http1_rust_nodelay_all_c4_keepalive_ms,0.125242
latency,1,206,http1_rust_nodelay_all_c4_keepalive_ms,0.125562
latency,1,207,http1_rust_nodelay_all_c4_keepalive_ms,0.124892
latency,1,208,http1_rust_nodelay_all_c4_keepalive_ms,6.140095
latency,1,209,http1_rust_nodelay_all_c4_keepalive_ms,0.143472
latency,1,210,http1_rust_nodelay_all_c4_keepalive_ms,0.126682
latency,1,211,http1_rust_nodelay_all_c4_keepalive_ms,0.125432
latency,1,212,http1_rust_nodelay_all_c4_keepalive_ms,0.125863
latency,1,213,http1_rust_nodelay_all_c4_keepalive_ms,0.125852
latency,1,214,http1_rust_nodelay_all_c4_keepalive_ms,0.125592
latency,1,215,http1_rust_nodelay_all_c4_keepalive_ms,0.125212
latency,1,216,http1_rust_nodelay_all_c4_keepalive_ms,0.133062
latency,1,217,http1_rust_nodelay_all_c4_keepalive_ms,0.131763
latency,1,218,http1_rust_nodelay_all_c4_keepalive_ms,0.126282
latency,1,219,http1_rust_nodelay_all_c4_keepalive_ms,0.124292
latency,1,220,http1_rust_nodelay_all_c4_keepalive_ms,0.125192
latency,1,221,http1_rust_nodelay_all_c4_keepalive_ms,0.125402
latency,1,222,http1_rust_nodelay_all_c4_keepalive_ms,0.125092
latency,1,223,http1_rust_nodelay_all_c4_keepalive_ms,0.125152
latency,1,224,http1_rust_nodelay_all_c4_keepalive_ms,0.133653
latency,1,225,http1_rust_nodelay_all_c4_keepalive_ms,0.127122
latency,1,226,http1_rust_nodelay_all_c4_keepalive_ms,0.124982
latency,1,227,http1_rust_nodelay_all_c4_keepalive_ms,0.124682
latency,1,228,http1_rust_nodelay_all_c4_keepalive_ms,0.125682
latency,1,229,http1_rust_nodelay_all_c4_keepalive_ms,0.125312
latency,1,230,http1_rust_nodelay_all_c4_keepalive_ms,0.124672
latency,1,231,http1_rust_nodelay_all_c4_keepalive_ms,0.125933
latency,1,232,http1_rust_nodelay_all_c4_keepalive_ms,0.243934
latency,1,233,http1_rust_nodelay_all_c4_keepalive_ms,8.907851
latency,1,234,http1_rust_nodelay_all_c4_keepalive_ms,0.130092
latency,1,235,http1_rust_nodelay_all_c4_keepalive_ms,0.127333
latency,1,236,http1_rust_nodelay_all_c4_keepalive_ms,0.126922
latency,1,237,http1_rust_nodelay_all_c4_keepalive_ms,0.127232
latency,1,238,http1_rust_nodelay_all_c4_keepalive_ms,0.127372
latency,1,239,http1_rust_nodelay_all_c4_keepalive_ms,0.126832
latency,1,80,http1_rust_nodelay_all_c4_keepalive_ms,0.452427
latency,1,81,http1_rust_nodelay_all_c4_keepalive_ms,0.458078
latency,1,82,http1_rust_nodelay_all_c4_keepalive_ms,0.451868
latency,1,83,http1_rust_nodelay_all_c4_keepalive_ms,0.459718
latency,1,84,http1_rust_nodelay_all_c4_keepalive_ms,0.449717
latency,1,85,http1_rust_nodelay_all_c4_keepalive_ms,0.463548
latency,1,86,http1_rust_nodelay_all_c4_keepalive_ms,0.468398
latency,1,87,http1_rust_nodelay_all_c4_keepalive_ms,0.475558
latency,1,88,http1_rust_nodelay_all_c4_keepalive_ms,0.291785
latency,1,89,http1_rust_nodelay_all_c4_keepalive_ms,0.396167
latency,1,90,http1_rust_nodelay_all_c4_keepalive_ms,0.395177
latency,1,91,http1_rust_nodelay_all_c4_keepalive_ms,0.296735
latency,1,92,http1_rust_nodelay_all_c4_keepalive_ms,0.388897
latency,1,93,http1_rust_nodelay_all_c4_keepalive_ms,0.284034
latency,1,94,http1_rust_nodelay_all_c4_keepalive_ms,0.247695
latency,1,95,http1_rust_nodelay_all_c4_keepalive_ms,0.244674
latency,1,96,http1_rust_nodelay_all_c4_keepalive_ms,0.244464
latency,1,97,http1_rust_nodelay_all_c4_keepalive_ms,0.296905
latency,1,98,http1_rust_nodelay_all_c4_keepalive_ms,0.236904
latency,1,99,http1_rust_nodelay_all_c4_keepalive_ms,0.233374
latency,1,100,http1_rust_nodelay_all_c4_keepalive_ms,0.231594
latency,1,101,http1_rust_nodelay_all_c4_keepalive_ms,0.239254
latency,1,102,http1_rust_nodelay_all_c4_keepalive_ms,0.239524
latency,1,103,http1_rust_nodelay_all_c4_keepalive_ms,0.230834
latency,1,104,http1_rust_nodelay_all_c4_keepalive_ms,0.233054
latency,1,105,http1_rust_nodelay_all_c4_keepalive_ms,3.209404
latency,1,106,http1_rust_nodelay_all_c4_keepalive_ms,0.142303
latency,1,107,http1_rust_nodelay_all_c4_keepalive_ms,0.143622
latency,1,108,http1_rust_nodelay_all_c4_keepalive_ms,0.126662
latency,1,109,http1_rust_nodelay_all_c4_keepalive_ms,0.125493
latency,1,110,http1_rust_nodelay_all_c4_keepalive_ms,0.125722
latency,1,111,http1_rust_nodelay_all_c4_keepalive_ms,0.125952
latency,1,112,http1_rust_nodelay_all_c4_keepalive_ms,0.126472
latency,1,113,http1_rust_nodelay_all_c4_keepalive_ms,0.134742
latency,1,114,http1_rust_nodelay_all_c4_keepalive_ms,0.127922
latency,1,115,http1_rust_nodelay_all_c4_keepalive_ms,0.128583
latency,1,116,http1_rust_nodelay_all_c4_keepalive_ms,0.128902
latency,1,117,http1_rust_nodelay_all_c4_keepalive_ms,0.127882
latency,1,118,http1_rust_nodelay_all_c4_keepalive_ms,0.129462
latency,1,119,http1_rust_nodelay_all_c4_keepalive_ms,0.126462
latency,1,120,http1_rust_nodelay_all_c4_keepalive_ms,0.126153
latency,1,121,http1_rust_nodelay_all_c4_keepalive_ms,0.134162
latency,1,122,http1_rust_nodelay_all_c4_keepalive_ms,0.127242
latency,1,123,http1_rust_nodelay_all_c4_keepalive_ms,0.125892
latency,1,124,http1_rust_nodelay_all_c4_keepalive_ms,0.126102
latency,1,125,http1_rust_nodelay_all_c4_keepalive_ms,0.124972
latency,1,126,http1_rust_nodelay_all_c4_keepalive_ms,0.125563
latency,1,127,http1_rust_nodelay_all_c4_keepalive_ms,0.124862
latency,1,128,http1_rust_nodelay_all_c4_keepalive_ms,0.125462
latency,1,129,http1_rust_nodelay_all_c4_keepalive_ms,9.140746
latency,1,130,http1_rust_nodelay_all_c4_keepalive_ms,0.129022
latency,1,131,http1_rust_nodelay_all_c4_keepalive_ms,0.130072
latency,1,132,http1_rust_nodelay_all_c4_keepalive_ms,0.128242
latency,1,133,http1_rust_nodelay_all_c4_keepalive_ms,0.131292
latency,1,134,http1_rust_nodelay_all_c4_keepalive_ms,0.127322
latency,1,135,http1_rust_nodelay_all_c4_keepalive_ms,0.127202
latency,1,136,http1_rust_nodelay_all_c4_keepalive_ms,0.133953
latency,1,137,http1_rust_nodelay_all_c4_keepalive_ms,0.129942
latency,1,138,http1_rust_nodelay_all_c4_keepalive_ms,0.127052
latency,1,139,http1_rust_nodelay_all_c4_keepalive_ms,0.126862
latency,1,140,http1_rust_nodelay_all_c4_keepalive_ms,0.128022
latency,1,141,http1_rust_nodelay_all_c4_keepalive_ms,0.127563
latency,1,142,http1_rust_nodelay_all_c4_keepalive_ms,0.127092
latency,1,143,http1_rust_nodelay_all_c4_keepalive_ms,0.126062
latency,1,144,http1_rust_nodelay_all_c4_keepalive_ms,0.132952
latency,1,145,http1_rust_nodelay_all_c4_keepalive_ms,0.128672
latency,1,146,http1_rust_nodelay_all_c4_keepalive_ms,0.127233
latency,1,147,http1_rust_nodelay_all_c4_keepalive_ms,0.127812
latency,1,148,http1_rust_nodelay_all_c4_keepalive_ms,0.127052
latency,1,149,http1_rust_nodelay_all_c4_keepalive_ms,0.126272
latency,1,150,http1_rust_nodelay_all_c4_keepalive_ms,0.126522
latency,1,151,http1_rust_nodelay_all_c4_keepalive_ms,0.126302
latency,1,152,http1_rust_nodelay_all_c4_keepalive_ms,0.186974
latency,1,153,http1_rust_nodelay_all_c4_keepalive_ms,8.011356
latency,1,154,http1_rust_nodelay_all_c4_keepalive_ms,0.130602
latency,1,155,http1_rust_nodelay_all_c4_keepalive_ms,0.128323
latency,1,156,http1_rust_nodelay_all_c4_keepalive_ms,0.126732
latency,1,157,http1_rust_nodelay_all_c4_keepalive_ms,0.130252
latency,1,158,http1_rust_nodelay_all_c4_keepalive_ms,0.126712
latency,1,159,http1_rust_nodelay_all_c4_keepalive_ms,0.126372
latency,1,0,http1_rust_nodelay_all_c4_keepalive_ms,0.468518
latency,1,1,http1_rust_nodelay_all_c4_keepalive_ms,0.461998
latency,1,2,http1_rust_nodelay_all_c4_keepalive_ms,0.452007
latency,1,3,http1_rust_nodelay_all_c4_keepalive_ms,0.459118
latency,1,4,http1_rust_nodelay_all_c4_keepalive_ms,0.449158
latency,1,5,http1_rust_nodelay_all_c4_keepalive_ms,0.347956
latency,1,6,http1_rust_nodelay_all_c4_keepalive_ms,0.470488
latency,1,7,http1_rust_nodelay_all_c4_keepalive_ms,0.468438
latency,1,8,http1_rust_nodelay_all_c4_keepalive_ms,0.413197
latency,1,9,http1_rust_nodelay_all_c4_keepalive_ms,0.397027
latency,1,10,http1_rust_nodelay_all_c4_keepalive_ms,0.305045
latency,1,11,http1_rust_nodelay_all_c4_keepalive_ms,0.385456
latency,1,12,http1_rust_nodelay_all_c4_keepalive_ms,0.389277
latency,1,13,http1_rust_nodelay_all_c4_keepalive_ms,9.221307
latency,1,14,http1_rust_nodelay_all_c4_keepalive_ms,0.128152
latency,1,15,http1_rust_nodelay_all_c4_keepalive_ms,0.126032
latency,1,16,http1_rust_nodelay_all_c4_keepalive_ms,0.126122
latency,1,17,http1_rust_nodelay_all_c4_keepalive_ms,0.126362
latency,1,18,http1_rust_nodelay_all_c4_keepalive_ms,0.125743
latency,1,19,http1_rust_nodelay_all_c4_keepalive_ms,0.125762
latency,1,20,http1_rust_nodelay_all_c4_keepalive_ms,0.126332
latency,1,21,http1_rust_nodelay_all_c4_keepalive_ms,0.134852
latency,1,22,http1_rust_nodelay_all_c4_keepalive_ms,0.129332
latency,1,23,http1_rust_nodelay_all_c4_keepalive_ms,0.128853
latency,1,24,http1_rust_nodelay_all_c4_keepalive_ms,0.128672
latency,1,25,http1_rust_nodelay_all_c4_keepalive_ms,0.128432
latency,1,26,http1_rust_nodelay_all_c4_keepalive_ms,0.129662
latency,1,27,http1_rust_nodelay_all_c4_keepalive_ms,0.128782
latency,1,28,http1_rust_nodelay_all_c4_keepalive_ms,0.133563
latency,1,29,http1_rust_nodelay_all_c4_keepalive_ms,0.131882
latency,1,30,http1_rust_nodelay_all_c4_keepalive_ms,0.128402
latency,1,31,http1_rust_nodelay_all_c4_keepalive_ms,0.128322
latency,1,32,http1_rust_nodelay_all_c4_keepalive_ms,0.127792
latency,1,33,http1_rust_nodelay_all_c4_keepalive_ms,0.128973
latency,1,34,http1_rust_nodelay_all_c4_keepalive_ms,0.127282
latency,1,35,http1_rust_nodelay_all_c4_keepalive_ms,0.127842
latency,1,36,http1_rust_nodelay_all_c4_keepalive_ms,9.132215
latency,1,37,http1_rust_nodelay_all_c4_keepalive_ms,0.232094
latency,1,38,http1_rust_nodelay_all_c4_keepalive_ms,0.134212
latency,1,39,http1_rust_nodelay_all_c4_keepalive_ms,0.131163
latency,1,40,http1_rust_nodelay_all_c4_keepalive_ms,0.130032
latency,1,41,http1_rust_nodelay_all_c4_keepalive_ms,0.130042
latency,1,42,http1_rust_nodelay_all_c4_keepalive_ms,0.130602
latency,1,43,http1_rust_nodelay_all_c4_keepalive_ms,0.137003
latency,1,44,http1_rust_nodelay_all_c4_keepalive_ms,0.151012
latency,1,45,http1_rust_nodelay_all_c4_keepalive_ms,0.138243
latency,1,46,http1_rust_nodelay_all_c4_keepalive_ms,0.131132
latency,1,47,http1_rust_nodelay_all_c4_keepalive_ms,0.130202
latency,1,48,http1_rust_nodelay_all_c4_keepalive_ms,0.129852
latency,1,49,http1_rust_nodelay_all_c4_keepalive_ms,0.129843
latency,1,50,http1_rust_nodelay_all_c4_keepalive_ms,0.135852
latency,1,51,http1_rust_nodelay_all_c4_keepalive_ms,0.132022
latency,1,52,http1_rust_nodelay_all_c4_keepalive_ms,0.130002
latency,1,53,http1_rust_nodelay_all_c4_keepalive_ms,0.131263
latency,1,54,http1_rust_nodelay_all_c4_keepalive_ms,0.129582
latency,1,55,http1_rust_nodelay_all_c4_keepalive_ms,0.129192
latency,1,56,http1_rust_nodelay_all_c4_keepalive_ms,0.127492
latency,1,57,http1_rust_nodelay_all_c4_keepalive_ms,0.126892
latency,1,58,http1_rust_nodelay_all_c4_keepalive_ms,6.491861
latency,1,59,http1_rust_nodelay_all_c4_keepalive_ms,0.142222
latency,1,60,http1_rust_nodelay_all_c4_keepalive_ms,0.130373
latency,1,61,http1_rust_nodelay_all_c4_keepalive_ms,0.129692
latency,1,62,http1_rust_nodelay_all_c4_keepalive_ms,0.140912
latency,1,63,http1_rust_nodelay_all_c4_keepalive_ms,0.136473
latency,1,64,http1_rust_nodelay_all_c4_keepalive_ms,0.128632
latency,1,65,http1_rust_nodelay_all_c4_keepalive_ms,0.127482
latency,1,66,http1_rust_nodelay_all_c4_keepalive_ms,0.127202
latency,1,67,http1_rust_nodelay_all_c4_keepalive_ms,0.127432
latency,1,68,http1_rust_nodelay_all_c4_keepalive_ms,0.126702
latency,1,69,http1_rust_nodelay_all_c4_keepalive_ms,0.127033
latency,1,70,http1_rust_nodelay_all_c4_keepalive_ms,0.127132
latency,1,71,http1_rust_nodelay_all_c4_keepalive_ms,0.136902
latency,1,72,http1_rust_nodelay_all_c4_keepalive_ms,0.126822
latency,1,73,http1_rust_nodelay_all_c4_keepalive_ms,0.126512
latency,1,74,http1_rust_nodelay_all_c4_keepalive_ms,0.127103
latency,1,75,http1_rust_nodelay_all_c4_keepalive_ms,0.127312
latency,1,76,http1_rust_nodelay_all_c4_keepalive_ms,0.127682
latency,1,77,http1_rust_nodelay_all_c4_keepalive_ms,0.126612
latency,1,78,http1_rust_nodelay_all_c4_keepalive_ms,0.132672
latency,1,79,http1_rust_nodelay_all_c4_keepalive_ms,0.129233
latency,1,240,http1_rust_nodelay_all_c4_keepalive_ms,0.415278
latency,1,241,http1_rust_nodelay_all_c4_keepalive_ms,0.458147
latency,1,242,http1_rust_nodelay_all_c4_keepalive_ms,0.452558
latency,1,243,http1_rust_nodelay_all_c4_keepalive_ms,0.457928
latency,1,244,http1_rust_nodelay_all_c4_keepalive_ms,0.450598
latency,1,245,http1_rust_nodelay_all_c4_keepalive_ms,0.452137
latency,1,246,http1_rust_nodelay_all_c4_keepalive_ms,0.470008
latency,1,247,http1_rust_nodelay_all_c4_keepalive_ms,17.484328
latency,1,248,http1_rust_nodelay_all_c4_keepalive_ms,0.235854
latency,1,249,http1_rust_nodelay_all_c4_keepalive_ms,0.127042
latency,1,250,http1_rust_nodelay_all_c4_keepalive_ms,0.127362
latency,1,251,http1_rust_nodelay_all_c4_keepalive_ms,0.139243
latency,1,252,http1_rust_nodelay_all_c4_keepalive_ms,0.129032
latency,1,253,http1_rust_nodelay_all_c4_keepalive_ms,0.127082
latency,1,254,http1_rust_nodelay_all_c4_keepalive_ms,0.139362
latency,1,255,http1_rust_nodelay_all_c4_keepalive_ms,0.129883
latency,1,256,http1_rust_nodelay_all_c4_keepalive_ms,0.127022
latency,1,257,http1_rust_nodelay_all_c4_keepalive_ms,0.127302
latency,1,258,http1_rust_nodelay_all_c4_keepalive_ms,0.129572
latency,1,259,http1_rust_nodelay_all_c4_keepalive_ms,0.129752
latency,1,260,http1_rust_nodelay_all_c4_keepalive_ms,0.129873
latency,1,261,http1_rust_nodelay_all_c4_keepalive_ms,0.131352
latency,1,262,http1_rust_nodelay_all_c4_keepalive_ms,0.135212
latency,1,263,http1_rust_nodelay_all_c4_keepalive_ms,0.128542
latency,1,264,http1_rust_nodelay_all_c4_keepalive_ms,0.126472
latency,1,265,http1_rust_nodelay_all_c4_keepalive_ms,0.127143
latency,1,266,http1_rust_nodelay_all_c4_keepalive_ms,0.126322
latency,1,267,http1_rust_nodelay_all_c4_keepalive_ms,0.126972
latency,1,268,http1_rust_nodelay_all_c4_keepalive_ms,0.127222
latency,1,269,http1_rust_nodelay_all_c4_keepalive_ms,0.127152
latency,1,270,http1_rust_nodelay_all_c4_keepalive_ms,7.454877
latency,1,271,http1_rust_nodelay_all_c4_keepalive_ms,0.133082
latency,1,272,http1_rust_nodelay_all_c4_keepalive_ms,0.129342
latency,1,273,http1_rust_nodelay_all_c4_keepalive_ms,0.128093
latency,1,274,http1_rust_nodelay_all_c4_keepalive_ms,0.127582
latency,1,275,http1_rust_nodelay_all_c4_keepalive_ms,0.136442
latency,1,276,http1_rust_nodelay_all_c4_keepalive_ms,0.128962
latency,1,277,http1_rust_nodelay_all_c4_keepalive_ms,0.127092
latency,1,278,http1_rust_nodelay_all_c4_keepalive_ms,0.126533
latency,1,279,http1_rust_nodelay_all_c4_keepalive_ms,0.127292
latency,1,280,http1_rust_nodelay_all_c4_keepalive_ms,0.126472
latency,1,281,http1_rust_nodelay_all_c4_keepalive_ms,0.126532
latency,1,282,http1_rust_nodelay_all_c4_keepalive_ms,0.127372
latency,1,283,http1_rust_nodelay_all_c4_keepalive_ms,0.137513
latency,1,284,http1_rust_nodelay_all_c4_keepalive_ms,0.127602
latency,1,285,http1_rust_nodelay_all_c4_keepalive_ms,0.127152
latency,1,286,http1_rust_nodelay_all_c4_keepalive_ms,0.126472
latency,1,287,http1_rust_nodelay_all_c4_keepalive_ms,0.129592
latency,1,288,http1_rust_nodelay_all_c4_keepalive_ms,0.128092
latency,1,289,http1_rust_nodelay_all_c4_keepalive_ms,0.127073
latency,1,290,http1_rust_nodelay_all_c4_keepalive_ms,0.132162
latency,1,291,http1_rust_nodelay_all_c4_keepalive_ms,0.130142
latency,1,292,http1_rust_nodelay_all_c4_keepalive_ms,0.126262
latency,1,293,http1_rust_nodelay_all_c4_keepalive_ms,0.126762
latency,1,294,http1_rust_nodelay_all_c4_keepalive_ms,0.127003
latency,1,295,http1_rust_nodelay_all_c4_keepalive_ms,0.132132
latency,1,296,http1_rust_nodelay_all_c4_keepalive_ms,0.126602
latency,1,297,http1_rust_nodelay_all_c4_keepalive_ms,0.126632
latency,1,298,http1_rust_nodelay_all_c4_keepalive_ms,4.740831
latency,1,299,http1_rust_nodelay_all_c4_keepalive_ms,0.205483
latency,1,300,http1_rust_nodelay_all_c4_keepalive_ms,0.169083
latency,1,301,http1_rust_nodelay_all_c4_keepalive_ms,0.132813
latency,1,302,http1_rust_nodelay_all_c4_keepalive_ms,0.128502
latency,1,303,http1_rust_nodelay_all_c4_keepalive_ms,0.127522
latency,1,304,http1_rust_nodelay_all_c4_keepalive_ms,0.126892
latency,1,305,http1_rust_nodelay_all_c4_keepalive_ms,0.127752
latency,1,306,http1_rust_nodelay_all_c4_keepalive_ms,0.127442
latency,1,307,http1_rust_nodelay_all_c4_keepalive_ms,0.127732
latency,1,308,http1_rust_nodelay_all_c4_keepalive_ms,0.134213
latency,1,309,http1_rust_nodelay_all_c4_keepalive_ms,0.129582
latency,1,310,http1_rust_nodelay_all_c4_keepalive_ms,0.127002
latency,1,311,http1_rust_nodelay_all_c4_keepalive_ms,0.127052
latency,1,312,http1_rust_nodelay_all_c4_keepalive_ms,0.127652
latency,1,313,http1_rust_nodelay_all_c4_keepalive_ms,0.126572
latency,1,314,http1_rust_nodelay_all_c4_keepalive_ms,0.126523
latency,1,315,http1_rust_nodelay_all_c4_keepalive_ms,0.127212
latency,1,316,http1_rust_nodelay_all_c4_keepalive_ms,0.134532
latency,1,317,http1_rust_nodelay_all_c4_keepalive_ms,0.128212
latency,1,318,http1_rust_nodelay_all_c4_keepalive_ms,0.126812
latency,1,319,http1_rust_nodelay_all_c4_keepalive_ms,0.127213
trial,1,320,http1_rust_nodelay_all_c4_median_ms,0.129022
trial,1,320,http1_rust_nodelay_all_c4_p95_ms,0.468438
trial,1,320,http1_rust_nodelay_all_c4_requests_per_second,7543.266
trial,1,320,http1_rust_nodelay_all_c4_wall_ms,42.422
latency,2,240,http1_rust_nodelay_all_c4_keepalive_ms,6.883667
latency,2,241,http1_rust_nodelay_all_c4_keepalive_ms,0.285635
latency,2,242,http1_rust_nodelay_all_c4_keepalive_ms,0.248044
latency,2,243,http1_rust_nodelay_all_c4_keepalive_ms,0.261855
latency,2,244,http1_rust_nodelay_all_c4_keepalive_ms,0.245694
latency,2,245,http1_rust_nodelay_all_c4_keepalive_ms,0.222214
latency,2,246,http1_rust_nodelay_all_c4_keepalive_ms,0.246384
latency,2,247,http1_rust_nodelay_all_c4_keepalive_ms,0.255534
latency,2,248,http1_rust_nodelay_all_c4_keepalive_ms,0.247585
latency,2,249,http1_rust_nodelay_all_c4_keepalive_ms,0.244264
latency,2,250,http1_rust_nodelay_all_c4_keepalive_ms,0.233304
latency,2,251,http1_rust_nodelay_all_c4_keepalive_ms,0.224364
latency,2,252,http1_rust_nodelay_all_c4_keepalive_ms,0.133162
latency,2,253,http1_rust_nodelay_all_c4_keepalive_ms,0.126512
latency,2,254,http1_rust_nodelay_all_c4_keepalive_ms,0.126542
latency,2,255,http1_rust_nodelay_all_c4_keepalive_ms,0.126422
latency,2,256,http1_rust_nodelay_all_c4_keepalive_ms,0.126393
latency,2,257,http1_rust_nodelay_all_c4_keepalive_ms,0.125192
latency,2,258,http1_rust_nodelay_all_c4_keepalive_ms,0.125762
latency,2,259,http1_rust_nodelay_all_c4_keepalive_ms,0.141192
latency,2,260,http1_rust_nodelay_all_c4_keepalive_ms,0.129952
latency,2,261,http1_rust_nodelay_all_c4_keepalive_ms,0.126973
latency,2,262,http1_rust_nodelay_all_c4_keepalive_ms,0.126032
latency,2,263,http1_rust_nodelay_all_c4_keepalive_ms,0.128782
latency,2,264,http1_rust_nodelay_all_c4_keepalive_ms,0.126412
latency,2,265,http1_rust_nodelay_all_c4_keepalive_ms,0.127922
latency,2,266,http1_rust_nodelay_all_c4_keepalive_ms,0.126082
latency,2,267,http1_rust_nodelay_all_c4_keepalive_ms,0.136523
latency,2,268,http1_rust_nodelay_all_c4_keepalive_ms,0.132162
latency,2,269,http1_rust_nodelay_all_c4_keepalive_ms,0.125532
latency,2,270,http1_rust_nodelay_all_c4_keepalive_ms,0.125532
latency,2,271,http1_rust_nodelay_all_c4_keepalive_ms,0.125172
latency,2,272,http1_rust_nodelay_all_c4_keepalive_ms,0.125943
latency,2,273,http1_rust_nodelay_all_c4_keepalive_ms,0.125532
latency,2,274,http1_rust_nodelay_all_c4_keepalive_ms,0.124962
latency,2,275,http1_rust_nodelay_all_c4_keepalive_ms,6.136724
latency,2,276,http1_rust_nodelay_all_c4_keepalive_ms,0.127252
latency,2,277,http1_rust_nodelay_all_c4_keepalive_ms,0.125662
latency,2,278,http1_rust_nodelay_all_c4_keepalive_ms,0.125793
latency,2,279,http1_rust_nodelay_all_c4_keepalive_ms,0.125142
latency,2,280,http1_rust_nodelay_all_c4_keepalive_ms,0.125862
latency,2,281,http1_rust_nodelay_all_c4_keepalive_ms,0.125592
latency,2,282,http1_rust_nodelay_all_c4_keepalive_ms,0.126602
latency,2,283,http1_rust_nodelay_all_c4_keepalive_ms,3.036952
latency,2,284,http1_rust_nodelay_all_c4_keepalive_ms,0.150532
latency,2,285,http1_rust_nodelay_all_c4_keepalive_ms,0.128163
latency,2,286,http1_rust_nodelay_all_c4_keepalive_ms,0.126652
latency,2,287,http1_rust_nodelay_all_c4_keepalive_ms,0.126882
latency,2,288,http1_rust_nodelay_all_c4_keepalive_ms,0.126982
latency,2,289,http1_rust_nodelay_all_c4_keepalive_ms,0.126922
latency,2,290,http1_rust_nodelay_all_c4_keepalive_ms,0.127022
latency,2,291,http1_rust_nodelay_all_c4_keepalive_ms,0.135673
latency,2,292,http1_rust_nodelay_all_c4_keepalive_ms,0.128442
latency,2,293,http1_rust_nodelay_all_c4_keepalive_ms,0.126862
latency,2,294,http1_rust_nodelay_all_c4_keepalive_ms,0.126612
latency,2,295,http1_rust_nodelay_all_c4_keepalive_ms,0.126722
latency,2,296,http1_rust_nodelay_all_c4_keepalive_ms,0.130773
latency,2,297,http1_rust_nodelay_all_c4_keepalive_ms,0.127392
latency,2,298,http1_rust_nodelay_all_c4_keepalive_ms,0.126812
latency,2,299,http1_rust_nodelay_all_c4_keepalive_ms,9.150596
latency,2,300,http1_rust_nodelay_all_c4_keepalive_ms,0.127272
latency,2,301,http1_rust_nodelay_all_c4_keepalive_ms,0.126102
latency,2,302,http1_rust_nodelay_all_c4_keepalive_ms,0.125572
latency,2,303,http1_rust_nodelay_all_c4_keepalive_ms,0.125383
latency,2,304,http1_rust_nodelay_all_c4_keepalive_ms,0.125292
latency,2,305,http1_rust_nodelay_all_c4_keepalive_ms,0.125032
latency,2,306,http1_rust_nodelay_all_c4_keepalive_ms,0.131022
latency,2,307,http1_rust_nodelay_all_c4_keepalive_ms,0.128882
latency,2,308,http1_rust_nodelay_all_c4_keepalive_ms,0.125462
latency,2,309,http1_rust_nodelay_all_c4_keepalive_ms,0.125382
latency,2,310,http1_rust_nodelay_all_c4_keepalive_ms,0.125832
latency,2,311,http1_rust_nodelay_all_c4_keepalive_ms,0.125163
latency,2,312,http1_rust_nodelay_all_c4_keepalive_ms,0.124902
latency,2,313,http1_rust_nodelay_all_c4_keepalive_ms,0.125512
latency,2,314,http1_rust_nodelay_all_c4_keepalive_ms,0.130112
latency,2,315,http1_rust_nodelay_all_c4_keepalive_ms,0.128222
latency,2,316,http1_rust_nodelay_all_c4_keepalive_ms,0.126392
latency,2,317,http1_rust_nodelay_all_c4_keepalive_ms,0.125522
latency,2,318,http1_rust_nodelay_all_c4_keepalive_ms,0.125093
latency,2,319,http1_rust_nodelay_all_c4_keepalive_ms,0.124972
latency,2,80,http1_rust_nodelay_all_c4_keepalive_ms,0.418337
latency,2,81,http1_rust_nodelay_all_c4_keepalive_ms,0.418467
latency,2,82,http1_rust_nodelay_all_c4_keepalive_ms,0.315615
latency,2,83,http1_rust_nodelay_all_c4_keepalive_ms,0.387397
latency,2,84,http1_rust_nodelay_all_c4_keepalive_ms,0.324735
latency,2,85,http1_rust_nodelay_all_c4_keepalive_ms,0.386597
latency,2,86,http1_rust_nodelay_all_c4_keepalive_ms,0.393446
latency,2,87,http1_rust_nodelay_all_c4_keepalive_ms,0.311286
latency,2,88,http1_rust_nodelay_all_c4_keepalive_ms,0.384276
latency,2,89,http1_rust_nodelay_all_c4_keepalive_ms,0.362677
latency,2,90,http1_rust_nodelay_all_c4_keepalive_ms,0.249944
latency,2,91,http1_rust_nodelay_all_c4_keepalive_ms,0.250824
latency,2,92,http1_rust_nodelay_all_c4_keepalive_ms,0.248644
latency,2,93,http1_rust_nodelay_all_c4_keepalive_ms,0.260075
latency,2,94,http1_rust_nodelay_all_c4_keepalive_ms,0.279295
latency,2,95,http1_rust_nodelay_all_c4_keepalive_ms,0.251774
latency,2,96,http1_rust_nodelay_all_c4_keepalive_ms,0.248484
latency,2,97,http1_rust_nodelay_all_c4_keepalive_ms,0.266105
latency,2,98,http1_rust_nodelay_all_c4_keepalive_ms,0.287884
latency,2,99,http1_rust_nodelay_all_c4_keepalive_ms,0.249425
latency,2,100,http1_rust_nodelay_all_c4_keepalive_ms,0.247754
latency,2,101,http1_rust_nodelay_all_c4_keepalive_ms,6.030033
latency,2,102,http1_rust_nodelay_all_c4_keepalive_ms,0.135722
latency,2,103,http1_rust_nodelay_all_c4_keepalive_ms,0.128432
latency,2,104,http1_rust_nodelay_all_c4_keepalive_ms,0.129262
latency,2,105,http1_rust_nodelay_all_c4_keepalive_ms,0.127773
latency,2,106,http1_rust_nodelay_all_c4_keepalive_ms,0.127802
latency,2,107,http1_rust_nodelay_all_c4_keepalive_ms,0.128102
latency,2,108,http1_rust_nodelay_all_c4_keepalive_ms,0.127982
latency,2,109,http1_rust_nodelay_all_c4_keepalive_ms,0.136413
latency,2,110,http1_rust_nodelay_all_c4_keepalive_ms,0.130252
latency,2,111,http1_rust_nodelay_all_c4_keepalive_ms,0.128792
latency,2,112,http1_rust_nodelay_all_c4_keepalive_ms,0.128232
latency,2,113,http1_rust_nodelay_all_c4_keepalive_ms,0.128242
latency,2,114,http1_rust_nodelay_all_c4_keepalive_ms,0.127662
latency,2,115,http1_rust_nodelay_all_c4_keepalive_ms,0.127083
latency,2,116,http1_rust_nodelay_all_c4_keepalive_ms,0.127622
latency,2,117,http1_rust_nodelay_all_c4_keepalive_ms,0.134532
latency,2,118,http1_rust_nodelay_all_c4_keepalive_ms,0.127592
latency,2,119,http1_rust_nodelay_all_c4_keepalive_ms,0.125482
latency,2,120,http1_rust_nodelay_all_c4_keepalive_ms,0.124393
latency,2,121,http1_rust_nodelay_all_c4_keepalive_ms,0.125432
latency,2,122,http1_rust_nodelay_all_c4_keepalive_ms,0.125122
latency,2,123,http1_rust_nodelay_all_c4_keepalive_ms,0.124892
latency,2,124,http1_rust_nodelay_all_c4_keepalive_ms,0.125542
latency,2,125,http1_rust_nodelay_all_c4_keepalive_ms,9.137405
latency,2,126,http1_rust_nodelay_all_c4_keepalive_ms,0.128823
latency,2,127,http1_rust_nodelay_all_c4_keepalive_ms,0.127912
latency,2,128,http1_rust_nodelay_all_c4_keepalive_ms,0.127442
latency,2,129,http1_rust_nodelay_all_c4_keepalive_ms,0.127722
latency,2,130,http1_rust_nodelay_all_c4_keepalive_ms,0.127282
latency,2,131,http1_rust_nodelay_all_c4_keepalive_ms,0.131163
latency,2,132,http1_rust_nodelay_all_c4_keepalive_ms,0.133712
latency,2,133,http1_rust_nodelay_all_c4_keepalive_ms,0.130392
latency,2,134,http1_rust_nodelay_all_c4_keepalive_ms,0.126782
latency,2,135,http1_rust_nodelay_all_c4_keepalive_ms,0.127152
latency,2,136,http1_rust_nodelay_all_c4_keepalive_ms,0.127023
latency,2,137,http1_rust_nodelay_all_c4_keepalive_ms,0.126322
latency,2,138,http1_rust_nodelay_all_c4_keepalive_ms,0.127122
latency,2,139,http1_rust_nodelay_all_c4_keepalive_ms,0.126922
latency,2,140,http1_rust_nodelay_all_c4_keepalive_ms,0.133922
latency,2,141,http1_rust_nodelay_all_c4_keepalive_ms,0.128833
latency,2,142,http1_rust_nodelay_all_c4_keepalive_ms,0.127022
latency,2,143,http1_rust_nodelay_all_c4_keepalive_ms,0.126042
latency,2,144,http1_rust_nodelay_all_c4_keepalive_ms,0.126392
latency,2,145,http1_rust_nodelay_all_c4_keepalive_ms,0.127622
latency,2,146,http1_rust_nodelay_all_c4_keepalive_ms,0.126742
latency,2,147,http1_rust_nodelay_all_c4_keepalive_ms,0.126892
latency,2,148,http1_rust_nodelay_all_c4_keepalive_ms,9.122646
latency,2,149,http1_rust_nodelay_all_c4_keepalive_ms,0.226403
latency,2,150,http1_rust_nodelay_all_c4_keepalive_ms,0.138873
latency,2,151,http1_rust_nodelay_all_c4_keepalive_ms,0.146502
latency,2,152,http1_rust_nodelay_all_c4_keepalive_ms,0.127202
latency,2,153,http1_rust_nodelay_all_c4_keepalive_ms,0.125623
latency,2,154,http1_rust_nodelay_all_c4_keepalive_ms,0.126602
latency,2,155,http1_rust_nodelay_all_c4_keepalive_ms,0.133572
latency,2,156,http1_rust_nodelay_all_c4_keepalive_ms,0.126932
latency,2,157,http1_rust_nodelay_all_c4_keepalive_ms,0.125422
latency,2,158,http1_rust_nodelay_all_c4_keepalive_ms,0.126432
latency,2,159,http1_rust_nodelay_all_c4_keepalive_ms,0.124923
latency,2,160,http1_rust_nodelay_all_c4_keepalive_ms,0.362706
latency,2,161,http1_rust_nodelay_all_c4_keepalive_ms,0.394927
latency,2,162,http1_rust_nodelay_all_c4_keepalive_ms,0.303415
latency,2,163,http1_rust_nodelay_all_c4_keepalive_ms,0.396766
latency,2,164,http1_rust_nodelay_all_c4_keepalive_ms,0.298496
latency,2,165,http1_rust_nodelay_all_c4_keepalive_ms,0.395286
latency,2,166,http1_rust_nodelay_all_c4_keepalive_ms,0.393137
latency,2,167,http1_rust_nodelay_all_c4_keepalive_ms,0.300735
latency,2,168,http1_rust_nodelay_all_c4_keepalive_ms,0.396306
latency,2,169,http1_rust_nodelay_all_c4_keepalive_ms,0.434168
latency,2,170,http1_rust_nodelay_all_c4_keepalive_ms,0.223354
latency,2,171,http1_rust_nodelay_all_c4_keepalive_ms,0.250894
latency,2,172,http1_rust_nodelay_all_c4_keepalive_ms,0.248714
latency,2,173,http1_rust_nodelay_all_c4_keepalive_ms,0.258825
latency,2,174,http1_rust_nodelay_all_c4_keepalive_ms,0.278144
latency,2,175,http1_rust_nodelay_all_c4_keepalive_ms,0.254045
latency,2,176,http1_rust_nodelay_all_c4_keepalive_ms,0.248254
latency,2,177,http1_rust_nodelay_all_c4_keepalive_ms,0.265104
latency,2,178,http1_rust_nodelay_all_c4_keepalive_ms,0.285125
latency,2,179,http1_rust_nodelay_all_c4_keepalive_ms,0.254085
latency,2,180,http1_rust_nodelay_all_c4_keepalive_ms,0.246734
latency,2,181,http1_rust_nodelay_all_c4_keepalive_ms,0.318605
latency,2,182,http1_rust_nodelay_all_c4_keepalive_ms,0.284955
latency,2,183,http1_rust_nodelay_all_c4_keepalive_ms,0.248654
latency,2,184,http1_rust_nodelay_all_c4_keepalive_ms,0.255935
latency,2,185,http1_rust_nodelay_all_c4_keepalive_ms,0.252684
latency,2,186,http1_rust_nodelay_all_c4_keepalive_ms,0.264025
latency,2,187,http1_rust_nodelay_all_c4_keepalive_ms,0.194623
latency,2,188,http1_rust_nodelay_all_c4_keepalive_ms,0.244694
latency,2,189,http1_rust_nodelay_all_c4_keepalive_ms,0.258734
latency,2,190,http1_rust_nodelay_all_c4_keepalive_ms,0.244175
latency,2,191,http1_rust_nodelay_all_c4_keepalive_ms,0.282284
latency,2,192,http1_rust_nodelay_all_c4_keepalive_ms,10.404857
latency,2,193,http1_rust_nodelay_all_c4_keepalive_ms,0.219574
latency,2,194,http1_rust_nodelay_all_c4_keepalive_ms,0.127462
latency,2,195,http1_rust_nodelay_all_c4_keepalive_ms,0.126592
latency,2,196,http1_rust_nodelay_all_c4_keepalive_ms,0.125763
latency,2,197,http1_rust_nodelay_all_c4_keepalive_ms,0.125592
latency,2,198,http1_rust_nodelay_all_c4_keepalive_ms,0.133632
latency,2,199,http1_rust_nodelay_all_c4_keepalive_ms,0.127482
latency,2,200,http1_rust_nodelay_all_c4_keepalive_ms,0.125312
latency,2,201,http1_rust_nodelay_all_c4_keepalive_ms,0.148273
latency,2,202,http1_rust_nodelay_all_c4_keepalive_ms,0.131682
latency,2,203,http1_rust_nodelay_all_c4_keepalive_ms,0.126582
latency,2,204,http1_rust_nodelay_all_c4_keepalive_ms,0.125792
latency,2,205,http1_rust_nodelay_all_c4_keepalive_ms,0.126183
latency,2,206,http1_rust_nodelay_all_c4_keepalive_ms,0.135042
latency,2,207,http1_rust_nodelay_all_c4_keepalive_ms,0.126402
latency,2,208,http1_rust_nodelay_all_c4_keepalive_ms,0.125632
latency,2,209,http1_rust_nodelay_all_c4_keepalive_ms,0.125392
latency,2,210,http1_rust_nodelay_all_c4_keepalive_ms,0.126672
latency,2,211,http1_rust_nodelay_all_c4_keepalive_ms,0.125113
latency,2,212,http1_rust_nodelay_all_c4_keepalive_ms,0.125392
latency,2,213,http1_rust_nodelay_all_c4_keepalive_ms,0.125592
latency,2,214,http1_rust_nodelay_all_c4_keepalive_ms,8.108418
latency,2,215,http1_rust_nodelay_all_c4_keepalive_ms,0.130512
latency,2,216,http1_rust_nodelay_all_c4_keepalive_ms,0.127902
latency,2,217,http1_rust_nodelay_all_c4_keepalive_ms,0.127433
latency,2,218,http1_rust_nodelay_all_c4_keepalive_ms,0.127562
latency,2,219,http1_rust_nodelay_all_c4_keepalive_ms,0.127512
latency,2,220,http1_rust_nodelay_all_c4_keepalive_ms,0.126912
latency,2,221,http1_rust_nodelay_all_c4_keepalive_ms,0.127182
latency,2,222,http1_rust_nodelay_all_c4_keepalive_ms,0.135593
latency,2,223,http1_rust_nodelay_all_c4_keepalive_ms,0.127552
latency,2,224,http1_rust_nodelay_all_c4_keepalive_ms,0.127612
latency,2,225,http1_rust_nodelay_all_c4_keepalive_ms,0.127522
latency,2,226,http1_rust_nodelay_all_c4_keepalive_ms,0.126742
latency,2,227,http1_rust_nodelay_all_c4_keepalive_ms,0.126262
latency,2,228,http1_rust_nodelay_all_c4_keepalive_ms,0.126683
latency,2,229,http1_rust_nodelay_all_c4_keepalive_ms,0.132322
latency,2,230,http1_rust_nodelay_all_c4_keepalive_ms,0.131732
latency,2,231,http1_rust_nodelay_all_c4_keepalive_ms,0.126742
latency,2,232,http1_rust_nodelay_all_c4_keepalive_ms,0.127362
latency,2,233,http1_rust_nodelay_all_c4_keepalive_ms,0.127193
latency,2,234,http1_rust_nodelay_all_c4_keepalive_ms,0.127282
latency,2,235,http1_rust_nodelay_all_c4_keepalive_ms,0.127312
latency,2,236,http1_rust_nodelay_all_c4_keepalive_ms,0.126692
latency,2,237,http1_rust_nodelay_all_c4_keepalive_ms,8.151839
latency,2,238,http1_rust_nodelay_all_c4_keepalive_ms,0.146152
latency,2,239,http1_rust_nodelay_all_c4_keepalive_ms,0.128922
latency,2,0,http1_rust_nodelay_all_c4_keepalive_ms,0.385016
latency,2,1,http1_rust_nodelay_all_c4_keepalive_ms,0.294985
latency,2,2,http1_rust_nodelay_all_c4_keepalive_ms,0.400597
latency,2,3,http1_rust_nodelay_all_c4_keepalive_ms,0.425587
latency,2,4,http1_rust_nodelay_all_c4_keepalive_ms,0.416627
latency,2,5,http1_rust_nodelay_all_c4_keepalive_ms,0.307145
latency,2,6,http1_rust_nodelay_all_c4_keepalive_ms,0.392647
latency,2,7,http1_rust_nodelay_all_c4_keepalive_ms,0.391267
latency,2,8,http1_rust_nodelay_all_c4_keepalive_ms,0.306045
latency,2,9,http1_rust_nodelay_all_c4_keepalive_ms,12.291869
latency,2,10,http1_rust_nodelay_all_c4_keepalive_ms,0.130023
latency,2,11,http1_rust_nodelay_all_c4_keepalive_ms,0.127372
latency,2,12,http1_rust_nodelay_all_c4_keepalive_ms,0.126682
latency,2,13,http1_rust_nodelay_all_c4_keepalive_ms,0.125762
latency,2,14,http1_rust_nodelay_all_c4_keepalive_ms,0.125802
latency,2,15,http1_rust_nodelay_all_c4_keepalive_ms,0.125062
latency,2,16,http1_rust_nodelay_all_c4_keepalive_ms,0.125613
latency,2,17,http1_rust_nodelay_all_c4_keepalive_ms,0.132102
latency,2,18,http1_rust_nodelay_all_c4_keepalive_ms,0.129322
latency,2,19,http1_rust_nodelay_all_c4_keepalive_ms,0.127992
latency,2,20,http1_rust_nodelay_all_c4_keepalive_ms,0.128432
latency,2,21,http1_rust_nodelay_all_c4_keepalive_ms,0.126043
latency,2,22,http1_rust_nodelay_all_c4_keepalive_ms,0.125472
latency,2,23,http1_rust_nodelay_all_c4_keepalive_ms,0.125492
latency,2,24,http1_rust_nodelay_all_c4_keepalive_ms,0.129292
latency,2,25,http1_rust_nodelay_all_c4_keepalive_ms,0.133732
latency,2,26,http1_rust_nodelay_all_c4_keepalive_ms,0.125922
latency,2,27,http1_rust_nodelay_all_c4_keepalive_ms,0.125802
latency,2,28,http1_rust_nodelay_all_c4_keepalive_ms,0.125633
latency,2,29,http1_rust_nodelay_all_c4_keepalive_ms,0.124682
latency,2,30,http1_rust_nodelay_all_c4_keepalive_ms,0.124982
latency,2,31,http1_rust_nodelay_all_c4_keepalive_ms,0.125672
latency,2,32,http1_rust_nodelay_all_c4_keepalive_ms,0.124832
latency,2,33,http1_rust_nodelay_all_c4_keepalive_ms,9.137256
latency,2,34,http1_rust_nodelay_all_c4_keepalive_ms,0.128122
latency,2,35,http1_rust_nodelay_all_c4_keepalive_ms,0.129692
latency,2,36,http1_rust_nodelay_all_c4_keepalive_ms,0.127372
latency,2,37,http1_rust_nodelay_all_c4_keepalive_ms,0.126982
latency,2,38,http1_rust_nodelay_all_c4_keepalive_ms,0.127322
latency,2,39,http1_rust_nodelay_all_c4_keepalive_ms,0.126703
latency,2,40,http1_rust_nodelay_all_c4_keepalive_ms,0.132122
latency,2,41,http1_rust_nodelay_all_c4_keepalive_ms,0.130562
latency,2,42,http1_rust_nodelay_all_c4_keepalive_ms,0.126882
latency,2,43,http1_rust_nodelay_all_c4_keepalive_ms,0.126332
latency,2,44,http1_rust_nodelay_all_c4_keepalive_ms,0.126983
latency,2,45,http1_rust_nodelay_all_c4_keepalive_ms,0.126142
latency,2,46,http1_rust_nodelay_all_c4_keepalive_ms,0.126222
latency,2,47,http1_rust_nodelay_all_c4_keepalive_ms,0.126662
latency,2,48,http1_rust_nodelay_all_c4_keepalive_ms,0.133662
latency,2,49,http1_rust_nodelay_all_c4_keepalive_ms,0.128313
latency,2,50,http1_rust_nodelay_all_c4_keepalive_ms,0.126412
latency,2,51,http1_rust_nodelay_all_c4_keepalive_ms,0.131202
latency,2,52,http1_rust_nodelay_all_c4_keepalive_ms,0.127312
latency,2,53,http1_rust_nodelay_all_c4_keepalive_ms,0.126422
latency,2,54,http1_rust_nodelay_all_c4_keepalive_ms,0.126592
latency,2,55,http1_rust_nodelay_all_c4_keepalive_ms,0.126253
latency,2,56,http1_rust_nodelay_all_c4_keepalive_ms,8.048986
latency,2,57,http1_rust_nodelay_all_c4_keepalive_ms,0.228274
latency,2,58,http1_rust_nodelay_all_c4_keepalive_ms,0.129722
latency,2,59,http1_rust_nodelay_all_c4_keepalive_ms,0.127203
latency,2,60,http1_rust_nodelay_all_c4_keepalive_ms,0.127012
latency,2,61,http1_rust_nodelay_all_c4_keepalive_ms,0.136042
latency,2,62,http1_rust_nodelay_all_c4_keepalive_ms,0.131892
latency,2,63,http1_rust_nodelay_all_c4_keepalive_ms,0.126152
latency,2,64,http1_rust_nodelay_all_c4_keepalive_ms,0.137143
latency,2,65,http1_rust_nodelay_all_c4_keepalive_ms,0.126752
latency,2,66,http1_rust_nodelay_all_c4_keepalive_ms,0.126142
latency,2,67,http1_rust_nodelay_all_c4_keepalive_ms,0.125572
latency,2,68,http1_rust_nodelay_all_c4_keepalive_ms,0.125582
latency,2,69,http1_rust_nodelay_all_c4_keepalive_ms,0.125593
latency,2,70,http1_rust_nodelay_all_c4_keepalive_ms,0.125292
latency,2,71,http1_rust_nodelay_all_c4_keepalive_ms,0.136322
latency,2,72,http1_rust_nodelay_all_c4_keepalive_ms,0.127982
latency,2,73,http1_rust_nodelay_all_c4_keepalive_ms,0.125532
latency,2,74,http1_rust_nodelay_all_c4_keepalive_ms,0.125222
latency,2,75,http1_rust_nodelay_all_c4_keepalive_ms,0.125933
latency,2,76,http1_rust_nodelay_all_c4_keepalive_ms,0.125832
latency,2,77,http1_rust_nodelay_all_c4_keepalive_ms,0.125822
latency,2,78,http1_rust_nodelay_all_c4_keepalive_ms,0.126902
latency,2,79,http1_rust_nodelay_all_c4_keepalive_ms,0.876105
trial,2,320,http1_rust_nodelay_all_c4_median_ms,0.127722
trial,2,320,http1_rust_nodelay_all_c4_p95_ms,0.418467
trial,2,320,http1_rust_nodelay_all_c4_requests_per_second,7498.557
trial,2,320,http1_rust_nodelay_all_c4_wall_ms,42.675
latency,3,160,http1_rust_nodelay_all_c4_keepalive_ms,0.364416
latency,3,161,http1_rust_nodelay_all_c4_keepalive_ms,0.304685
latency,3,162,http1_rust_nodelay_all_c4_keepalive_ms,0.375286
latency,3,163,http1_rust_nodelay_all_c4_keepalive_ms,0.367547
latency,3,164,http1_rust_nodelay_all_c4_keepalive_ms,0.285245
latency,3,165,http1_rust_nodelay_all_c4_keepalive_ms,0.395106
latency,3,166,http1_rust_nodelay_all_c4_keepalive_ms,0.399487
latency,3,167,http1_rust_nodelay_all_c4_keepalive_ms,0.311955
latency,3,168,http1_rust_nodelay_all_c4_keepalive_ms,0.388767
latency,3,169,http1_rust_nodelay_all_c4_keepalive_ms,0.387057
latency,3,170,http1_rust_nodelay_all_c4_keepalive_ms,0.252324
latency,3,171,http1_rust_nodelay_all_c4_keepalive_ms,0.248594
latency,3,172,http1_rust_nodelay_all_c4_keepalive_ms,0.246094
latency,3,173,http1_rust_nodelay_all_c4_keepalive_ms,0.267805
latency,3,174,http1_rust_nodelay_all_c4_keepalive_ms,0.252344
latency,3,175,http1_rust_nodelay_all_c4_keepalive_ms,0.246934
latency,3,176,http1_rust_nodelay_all_c4_keepalive_ms,0.245655
latency,3,177,http1_rust_nodelay_all_c4_keepalive_ms,0.256354
latency,3,178,http1_rust_nodelay_all_c4_keepalive_ms,0.247784
latency,3,179,http1_rust_nodelay_all_c4_keepalive_ms,0.247624
latency,3,180,http1_rust_nodelay_all_c4_keepalive_ms,0.248385
latency,3,181,http1_rust_nodelay_all_c4_keepalive_ms,0.241654
latency,3,182,http1_rust_nodelay_all_c4_keepalive_ms,0.145812
latency,3,183,http1_rust_nodelay_all_c4_keepalive_ms,0.126622
latency,3,184,http1_rust_nodelay_all_c4_keepalive_ms,0.126383
latency,3,185,http1_rust_nodelay_all_c4_keepalive_ms,0.128502
latency,3,186,http1_rust_nodelay_all_c4_keepalive_ms,0.126642
latency,3,187,http1_rust_nodelay_all_c4_keepalive_ms,0.125882
latency,3,188,http1_rust_nodelay_all_c4_keepalive_ms,0.126062
latency,3,189,http1_rust_nodelay_all_c4_keepalive_ms,0.133833
latency,3,190,http1_rust_nodelay_all_c4_keepalive_ms,0.127242
latency,3,191,http1_rust_nodelay_all_c4_keepalive_ms,0.125982
latency,3,192,http1_rust_nodelay_all_c4_keepalive_ms,0.124842
latency,3,193,http1_rust_nodelay_all_c4_keepalive_ms,0.125852
latency,3,194,http1_rust_nodelay_all_c4_keepalive_ms,0.129992
latency,3,195,http1_rust_nodelay_all_c4_keepalive_ms,0.125772
latency,3,196,http1_rust_nodelay_all_c4_keepalive_ms,0.125123
latency,3,197,http1_rust_nodelay_all_c4_keepalive_ms,0.133752
latency,3,198,http1_rust_nodelay_all_c4_keepalive_ms,0.126772
latency,3,199,http1_rust_nodelay_all_c4_keepalive_ms,0.124852
latency,3,200,http1_rust_nodelay_all_c4_keepalive_ms,0.125822
latency,3,201,http1_rust_nodelay_all_c4_keepalive_ms,0.125772
latency,3,202,http1_rust_nodelay_all_c4_keepalive_ms,0.125593
latency,3,203,http1_rust_nodelay_all_c4_keepalive_ms,0.125242
latency,3,204,http1_rust_nodelay_all_c4_keepalive_ms,0.125492
latency,3,205,http1_rust_nodelay_all_c4_keepalive_ms,6.112344
latency,3,206,http1_rust_nodelay_all_c4_keepalive_ms,0.129302
latency,3,207,http1_rust_nodelay_all_c4_keepalive_ms,0.126532
latency,3,208,http1_rust_nodelay_all_c4_keepalive_ms,0.126222
latency,3,209,http1_rust_nodelay_all_c4_keepalive_ms,0.126102
latency,3,210,http1_rust_nodelay_all_c4_keepalive_ms,0.126142
latency,3,211,http1_rust_nodelay_all_c4_keepalive_ms,0.126073
latency,3,212,http1_rust_nodelay_all_c4_keepalive_ms,0.125752
latency,3,213,http1_rust_nodelay_all_c4_keepalive_ms,0.133402
latency,3,214,http1_rust_nodelay_all_c4_keepalive_ms,0.126732
latency,3,215,http1_rust_nodelay_all_c4_keepalive_ms,0.126892
latency,3,216,http1_rust_nodelay_all_c4_keepalive_ms,0.125522
latency,3,217,http1_rust_nodelay_all_c4_keepalive_ms,0.125493
latency,3,218,http1_rust_nodelay_all_c4_keepalive_ms,0.125782
latency,3,219,http1_rust_nodelay_all_c4_keepalive_ms,0.126222
latency,3,220,http1_rust_nodelay_all_c4_keepalive_ms,0.125832
latency,3,221,http1_rust_nodelay_all_c4_keepalive_ms,0.137852
latency,3,222,http1_rust_nodelay_all_c4_keepalive_ms,0.127083
latency,3,223,http1_rust_nodelay_all_c4_keepalive_ms,0.125252
latency,3,224,http1_rust_nodelay_all_c4_keepalive_ms,0.125552
latency,3,225,http1_rust_nodelay_all_c4_keepalive_ms,0.125732
latency,3,226,http1_rust_nodelay_all_c4_keepalive_ms,0.124882
latency,3,227,http1_rust_nodelay_all_c4_keepalive_ms,0.125122
latency,3,228,http1_rust_nodelay_all_c4_keepalive_ms,9.135186
latency,3,229,http1_rust_nodelay_all_c4_keepalive_ms,0.150723
latency,3,230,http1_rust_nodelay_all_c4_keepalive_ms,0.125632
latency,3,231,http1_rust_nodelay_all_c4_keepalive_ms,0.125732
latency,3,232,http1_rust_nodelay_all_c4_keepalive_ms,0.124712
latency,3,233,http1_rust_nodelay_all_c4_keepalive_ms,0.125892
latency,3,234,http1_rust_nodelay_all_c4_keepalive_ms,0.125052
latency,3,235,http1_rust_nodelay_all_c4_keepalive_ms,0.125802
latency,3,236,http1_rust_nodelay_all_c4_keepalive_ms,0.132853
latency,3,237,http1_rust_nodelay_all_c4_keepalive_ms,0.127722
latency,3,238,http1_rust_nodelay_all_c4_keepalive_ms,0.124572
latency,3,239,http1_rust_nodelay_all_c4_keepalive_ms,0.125442
latency,3,80,http1_rust_nodelay_all_c4_keepalive_ms,0.306675
latency,3,81,http1_rust_nodelay_all_c4_keepalive_ms,0.383366
latency,3,82,http1_rust_nodelay_all_c4_keepalive_ms,0.373627
latency,3,83,http1_rust_nodelay_all_c4_keepalive_ms,0.378546
latency,3,84,http1_rust_nodelay_all_c4_keepalive_ms,0.398797
latency,3,85,http1_rust_nodelay_all_c4_keepalive_ms,0.320246
latency,3,86,http1_rust_nodelay_all_c4_keepalive_ms,0.395346
latency,3,87,http1_rust_nodelay_all_c4_keepalive_ms,0.388777
latency,3,88,http1_rust_nodelay_all_c4_keepalive_ms,0.316085
latency,3,89,http1_rust_nodelay_all_c4_keepalive_ms,0.381667
latency,3,90,http1_rust_nodelay_all_c4_keepalive_ms,0.249014
latency,3,91,http1_rust_nodelay_all_c4_keepalive_ms,0.248374
latency,3,92,http1_rust_nodelay_all_c4_keepalive_ms,0.245594
latency,3,93,http1_rust_nodelay_all_c4_keepalive_ms,0.270635
latency,3,94,http1_rust_nodelay_all_c4_keepalive_ms,0.248754
latency,3,95,http1_rust_nodelay_all_c4_keepalive_ms,0.247965
latency,3,96,http1_rust_nodelay_all_c4_keepalive_ms,0.248634
latency,3,97,http1_rust_nodelay_all_c4_keepalive_ms,0.254524
latency,3,98,http1_rust_nodelay_all_c4_keepalive_ms,0.248524
latency,3,99,http1_rust_nodelay_all_c4_keepalive_ms,0.245185
latency,3,100,http1_rust_nodelay_all_c4_keepalive_ms,0.249084
latency,3,101,http1_rust_nodelay_all_c4_keepalive_ms,6.202005
latency,3,102,http1_rust_nodelay_all_c4_keepalive_ms,0.150133
latency,3,103,http1_rust_nodelay_all_c4_keepalive_ms,0.136142
latency,3,104,http1_rust_nodelay_all_c4_keepalive_ms,0.127212
latency,3,105,http1_rust_nodelay_all_c4_keepalive_ms,0.126752
latency,3,106,http1_rust_nodelay_all_c4_keepalive_ms,0.125463
latency,3,107,http1_rust_nodelay_all_c4_keepalive_ms,0.126482
latency,3,108,http1_rust_nodelay_all_c4_keepalive_ms,0.125972
latency,3,109,http1_rust_nodelay_all_c4_keepalive_ms,0.135322
latency,3,110,http1_rust_nodelay_all_c4_keepalive_ms,0.127072
latency,3,111,http1_rust_nodelay_all_c4_keepalive_ms,0.126192
latency,3,112,http1_rust_nodelay_all_c4_keepalive_ms,0.129823
latency,3,113,http1_rust_nodelay_all_c4_keepalive_ms,0.150432
latency,3,114,http1_rust_nodelay_all_c4_keepalive_ms,0.127522
latency,3,115,http1_rust_nodelay_all_c4_keepalive_ms,0.126132
latency,3,116,http1_rust_nodelay_all_c4_keepalive_ms,0.133473
latency,3,117,http1_rust_nodelay_all_c4_keepalive_ms,0.135242
latency,3,118,http1_rust_nodelay_all_c4_keepalive_ms,0.128162
latency,3,119,http1_rust_nodelay_all_c4_keepalive_ms,0.128892
latency,3,120,http1_rust_nodelay_all_c4_keepalive_ms,0.128283
latency,3,121,http1_rust_nodelay_all_c4_keepalive_ms,0.128102
latency,3,122,http1_rust_nodelay_all_c4_keepalive_ms,0.128182
latency,3,123,http1_rust_nodelay_all_c4_keepalive_ms,0.127492
latency,3,124,http1_rust_nodelay_all_c4_keepalive_ms,9.140106
latency,3,125,http1_rust_nodelay_all_c4_keepalive_ms,0.133072
latency,3,126,http1_rust_nodelay_all_c4_keepalive_ms,0.128502
latency,3,127,http1_rust_nodelay_all_c4_keepalive_ms,0.128603
latency,3,128,http1_rust_nodelay_all_c4_keepalive_ms,0.128142
latency,3,129,http1_rust_nodelay_all_c4_keepalive_ms,0.128452
latency,3,130,http1_rust_nodelay_all_c4_keepalive_ms,0.128202
latency,3,131,http1_rust_nodelay_all_c4_keepalive_ms,0.126562
latency,3,132,http1_rust_nodelay_all_c4_keepalive_ms,0.144393
latency,3,133,http1_rust_nodelay_all_c4_keepalive_ms,0.128432
latency,3,134,http1_rust_nodelay_all_c4_keepalive_ms,0.125362
latency,3,135,http1_rust_nodelay_all_c4_keepalive_ms,0.125852
latency,3,136,http1_rust_nodelay_all_c4_keepalive_ms,0.126042
latency,3,137,http1_rust_nodelay_all_c4_keepalive_ms,0.127503
latency,3,138,http1_rust_nodelay_all_c4_keepalive_ms,0.125202
latency,3,139,http1_rust_nodelay_all_c4_keepalive_ms,0.130942
latency,3,140,http1_rust_nodelay_all_c4_keepalive_ms,0.129682
latency,3,141,http1_rust_nodelay_all_c4_keepalive_ms,0.126342
latency,3,142,http1_rust_nodelay_all_c4_keepalive_ms,0.124692
latency,3,143,http1_rust_nodelay_all_c4_keepalive_ms,0.126103
latency,3,144,http1_rust_nodelay_all_c4_keepalive_ms,0.130542
latency,3,145,http1_rust_nodelay_all_c4_keepalive_ms,0.128542
latency,3,146,http1_rust_nodelay_all_c4_keepalive_ms,0.124942
latency,3,147,http1_rust_nodelay_all_c4_keepalive_ms,8.129538
latency,3,148,http1_rust_nodelay_all_c4_keepalive_ms,0.135433
latency,3,149,http1_rust_nodelay_all_c4_keepalive_ms,0.128162
latency,3,150,http1_rust_nodelay_all_c4_keepalive_ms,0.126222
latency,3,151,http1_rust_nodelay_all_c4_keepalive_ms,0.125592
latency,3,152,http1_rust_nodelay_all_c4_keepalive_ms,0.127082
latency,3,153,http1_rust_nodelay_all_c4_keepalive_ms,0.125462
latency,3,154,http1_rust_nodelay_all_c4_keepalive_ms,0.125373
latency,3,155,http1_rust_nodelay_all_c4_keepalive_ms,0.132712
latency,3,156,http1_rust_nodelay_all_c4_keepalive_ms,0.127682
latency,3,157,http1_rust_nodelay_all_c4_keepalive_ms,0.125742
latency,3,158,http1_rust_nodelay_all_c4_keepalive_ms,0.126492
latency,3,159,http1_rust_nodelay_all_c4_keepalive_ms,0.126032
latency,3,0,http1_rust_nodelay_all_c4_keepalive_ms,0.345556
latency,3,1,http1_rust_nodelay_all_c4_keepalive_ms,0.380607
latency,3,2,http1_rust_nodelay_all_c4_keepalive_ms,0.301385
latency,3,3,http1_rust_nodelay_all_c4_keepalive_ms,0.367376
latency,3,4,http1_rust_nodelay_all_c4_keepalive_ms,0.371357
latency,3,5,http1_rust_nodelay_all_c4_keepalive_ms,0.308625
latency,3,6,http1_rust_nodelay_all_c4_keepalive_ms,0.400077
latency,3,7,http1_rust_nodelay_all_c4_keepalive_ms,0.397046
latency,3,8,http1_rust_nodelay_all_c4_keepalive_ms,0.304166
latency,3,9,http1_rust_nodelay_all_c4_keepalive_ms,15.399902
latency,3,10,http1_rust_nodelay_all_c4_keepalive_ms,0.139072
latency,3,11,http1_rust_nodelay_all_c4_keepalive_ms,0.128892
latency,3,12,http1_rust_nodelay_all_c4_keepalive_ms,0.128102
latency,3,13,http1_rust_nodelay_all_c4_keepalive_ms,0.127823
latency,3,14,http1_rust_nodelay_all_c4_keepalive_ms,0.128032
latency,3,15,http1_rust_nodelay_all_c4_keepalive_ms,0.127592
latency,3,16,http1_rust_nodelay_all_c4_keepalive_ms,0.128132
latency,3,17,http1_rust_nodelay_all_c4_keepalive_ms,0.136293
latency,3,18,http1_rust_nodelay_all_c4_keepalive_ms,0.130532
latency,3,19,http1_rust_nodelay_all_c4_keepalive_ms,0.128472
latency,3,20,http1_rust_nodelay_all_c4_keepalive_ms,0.128702
latency,3,21,http1_rust_nodelay_all_c4_keepalive_ms,0.128412
latency,3,22,http1_rust_nodelay_all_c4_keepalive_ms,0.128422
latency,3,23,http1_rust_nodelay_all_c4_keepalive_ms,0.128243
latency,3,24,http1_rust_nodelay_all_c4_keepalive_ms,0.128782
latency,3,25,http1_rust_nodelay_all_c4_keepalive_ms,0.137732
latency,3,26,http1_rust_nodelay_all_c4_keepalive_ms,0.129362
latency,3,27,http1_rust_nodelay_all_c4_keepalive_ms,0.127723
latency,3,28,http1_rust_nodelay_all_c4_keepalive_ms,0.128352
latency,3,29,http1_rust_nodelay_all_c4_keepalive_ms,0.128662
latency,3,30,http1_rust_nodelay_all_c4_keepalive_ms,0.127182
latency,3,31,http1_rust_nodelay_all_c4_keepalive_ms,0.126672
latency,3,32,http1_rust_nodelay_all_c4_keepalive_ms,0.126192
latency,3,33,http1_rust_nodelay_all_c4_keepalive_ms,7.774553
latency,3,34,http1_rust_nodelay_all_c4_keepalive_ms,0.236644
latency,3,35,http1_rust_nodelay_all_c4_keepalive_ms,0.139902
latency,3,36,http1_rust_nodelay_all_c4_keepalive_ms,0.130693
latency,3,37,http1_rust_nodelay_all_c4_keepalive_ms,0.129382
latency,3,38,http1_rust_nodelay_all_c4_keepalive_ms,0.138092
latency,3,39,http1_rust_nodelay_all_c4_keepalive_ms,0.148002
latency,3,40,http1_rust_nodelay_all_c4_keepalive_ms,0.129743
latency,3,41,http1_rust_nodelay_all_c4_keepalive_ms,0.128382
latency,3,42,http1_rust_nodelay_all_c4_keepalive_ms,0.136972
latency,3,43,http1_rust_nodelay_all_c4_keepalive_ms,0.128742
latency,3,44,http1_rust_nodelay_all_c4_keepalive_ms,0.128232
latency,3,45,http1_rust_nodelay_all_c4_keepalive_ms,0.128553
latency,3,46,http1_rust_nodelay_all_c4_keepalive_ms,0.127552
latency,3,47,http1_rust_nodelay_all_c4_keepalive_ms,0.128262
latency,3,48,http1_rust_nodelay_all_c4_keepalive_ms,0.128092
latency,3,49,http1_rust_nodelay_all_c4_keepalive_ms,0.127912
latency,3,50,http1_rust_nodelay_all_c4_keepalive_ms,0.137093
latency,3,51,http1_rust_nodelay_all_c4_keepalive_ms,0.128952
latency,3,52,http1_rust_nodelay_all_c4_keepalive_ms,0.127632
latency,3,53,http1_rust_nodelay_all_c4_keepalive_ms,0.127592
latency,3,54,http1_rust_nodelay_all_c4_keepalive_ms,0.126972
latency,3,55,http1_rust_nodelay_all_c4_keepalive_ms,0.127473
latency,3,56,http1_rust_nodelay_all_c4_keepalive_ms,0.127802
latency,3,57,http1_rust_nodelay_all_c4_keepalive_ms,5.101407
latency,3,58,http1_rust_nodelay_all_c4_keepalive_ms,0.165533
latency,3,59,http1_rust_nodelay_all_c4_keepalive_ms,0.174603
latency,3,60,http1_rust_nodelay_all_c4_keepalive_ms,0.137372
latency,3,61,http1_rust_nodelay_all_c4_keepalive_ms,0.128952
latency,3,62,http1_rust_nodelay_all_c4_keepalive_ms,0.128362
latency,3,63,http1_rust_nodelay_all_c4_keepalive_ms,0.128052
latency,3,64,http1_rust_nodelay_all_c4_keepalive_ms,0.127913
latency,3,65,http1_rust_nodelay_all_c4_keepalive_ms,0.141852
latency,3,66,http1_rust_nodelay_all_c4_keepalive_ms,0.128932
latency,3,67,http1_rust_nodelay_all_c4_keepalive_ms,0.126502
latency,3,68,http1_rust_nodelay_all_c4_keepalive_ms,0.126713
latency,3,69,http1_rust_nodelay_all_c4_keepalive_ms,0.126262
latency,3,70,http1_rust_nodelay_all_c4_keepalive_ms,0.126762
latency,3,71,http1_rust_nodelay_all_c4_keepalive_ms,0.126802
latency,3,72,http1_rust_nodelay_all_c4_keepalive_ms,0.132622
latency,3,73,http1_rust_nodelay_all_c4_keepalive_ms,0.135093
latency,3,74,http1_rust_nodelay_all_c4_keepalive_ms,0.127232
latency,3,75,http1_rust_nodelay_all_c4_keepalive_ms,0.128202
latency,3,76,http1_rust_nodelay_all_c4_keepalive_ms,0.127012
latency,3,77,http1_rust_nodelay_all_c4_keepalive_ms,0.127412
latency,3,78,http1_rust_nodelay_all_c4_keepalive_ms,0.126872
latency,3,79,http1_rust_nodelay_all_c4_keepalive_ms,0.127513
latency,3,240,http1_rust_nodelay_all_c4_keepalive_ms,9.725346
latency,3,241,http1_rust_nodelay_all_c4_keepalive_ms,0.134432
latency,3,242,http1_rust_nodelay_all_c4_keepalive_ms,0.138063
latency,3,243,http1_rust_nodelay_all_c4_keepalive_ms,0.135432
latency,3,244,http1_rust_nodelay_all_c4_keepalive_ms,0.130442
latency,3,245,http1_rust_nodelay_all_c4_keepalive_ms,0.127112
latency,3,246,http1_rust_nodelay_all_c4_keepalive_ms,0.126603
latency,3,247,http1_rust_nodelay_all_c4_keepalive_ms,0.134452
latency,3,248,http1_rust_nodelay_all_c4_keepalive_ms,0.128662
latency,3,249,http1_rust_nodelay_all_c4_keepalive_ms,0.128042
latency,3,250,http1_rust_nodelay_all_c4_keepalive_ms,0.129343
latency,3,251,http1_rust_nodelay_all_c4_keepalive_ms,0.136512
latency,3,252,http1_rust_nodelay_all_c4_keepalive_ms,0.136452
latency,3,253,http1_rust_nodelay_all_c4_keepalive_ms,0.129742
latency,3,254,http1_rust_nodelay_all_c4_keepalive_ms,0.133753
latency,3,255,http1_rust_nodelay_all_c4_keepalive_ms,0.130572
latency,3,256,http1_rust_nodelay_all_c4_keepalive_ms,0.128392
latency,3,257,http1_rust_nodelay_all_c4_keepalive_ms,0.127242
latency,3,258,http1_rust_nodelay_all_c4_keepalive_ms,0.127092
latency,3,259,http1_rust_nodelay_all_c4_keepalive_ms,0.127013
latency,3,260,http1_rust_nodelay_all_c4_keepalive_ms,0.127122
latency,3,261,http1_rust_nodelay_all_c4_keepalive_ms,0.127182
latency,3,262,http1_rust_nodelay_all_c4_keepalive_ms,9.124895
latency,3,263,http1_rust_nodelay_all_c4_keepalive_ms,0.263435
latency,3,264,http1_rust_nodelay_all_c4_keepalive_ms,0.131422
latency,3,265,http1_rust_nodelay_all_c4_keepalive_ms,0.128252
latency,3,266,http1_rust_nodelay_all_c4_keepalive_ms,0.127402
latency,3,267,http1_rust_nodelay_all_c4_keepalive_ms,0.132672
latency,3,268,http1_rust_nodelay_all_c4_keepalive_ms,0.130793
latency,3,269,http1_rust_nodelay_all_c4_keepalive_ms,0.134962
latency,3,270,http1_rust_nodelay_all_c4_keepalive_ms,0.127902
latency,3,271,http1_rust_nodelay_all_c4_keepalive_ms,0.126722
latency,3,272,http1_rust_nodelay_all_c4_keepalive_ms,0.126482
latency,3,273,http1_rust_nodelay_all_c4_keepalive_ms,0.125483
latency,3,274,http1_rust_nodelay_all_c4_keepalive_ms,0.126302
latency,3,275,http1_rust_nodelay_all_c4_keepalive_ms,0.126042
latency,3,276,http1_rust_nodelay_all_c4_keepalive_ms,0.127042
latency,3,277,http1_rust_nodelay_all_c4_keepalive_ms,0.133212
latency,3,278,http1_rust_nodelay_all_c4_keepalive_ms,0.127182
latency,3,279,http1_rust_nodelay_all_c4_keepalive_ms,0.128053
latency,3,280,http1_rust_nodelay_all_c4_keepalive_ms,0.126972
latency,3,281,http1_rust_nodelay_all_c4_keepalive_ms,0.125712
latency,3,282,http1_rust_nodelay_all_c4_keepalive_ms,0.126092
latency,3,283,http1_rust_nodelay_all_c4_keepalive_ms,0.126042
latency,3,284,http1_rust_nodelay_all_c4_keepalive_ms,0.126152
latency,3,285,http1_rust_nodelay_all_c4_keepalive_ms,8.158939
latency,3,286,http1_rust_nodelay_all_c4_keepalive_ms,0.129142
latency,3,287,http1_rust_nodelay_all_c4_keepalive_ms,0.127162
latency,3,288,http1_rust_nodelay_all_c4_keepalive_ms,0.126393
latency,3,289,http1_rust_nodelay_all_c4_keepalive_ms,0.126592
latency,3,290,http1_rust_nodelay_all_c4_keepalive_ms,0.126062
latency,3,291,http1_rust_nodelay_all_c4_keepalive_ms,0.125952
latency,3,292,http1_rust_nodelay_all_c4_keepalive_ms,0.134242
latency,3,293,http1_rust_nodelay_all_c4_keepalive_ms,0.128792
latency,3,294,http1_rust_nodelay_all_c4_keepalive_ms,0.127253
latency,3,295,http1_rust_nodelay_all_c4_keepalive_ms,0.126332
latency,3,296,http1_rust_nodelay_all_c4_keepalive_ms,0.126122
latency,3,297,http1_rust_nodelay_all_c4_keepalive_ms,0.126472
latency,3,298,http1_rust_nodelay_all_c4_keepalive_ms,0.125472
latency,3,299,http1_rust_nodelay_all_c4_keepalive_ms,0.125872
latency,3,300,http1_rust_nodelay_all_c4_keepalive_ms,0.132843
latency,3,301,http1_rust_nodelay_all_c4_keepalive_ms,0.128402
latency,3,302,http1_rust_nodelay_all_c4_keepalive_ms,0.125732
latency,3,303,http1_rust_nodelay_all_c4_keepalive_ms,0.125312
latency,3,304,http1_rust_nodelay_all_c4_keepalive_ms,0.125962
latency,3,305,http1_rust_nodelay_all_c4_keepalive_ms,0.125252
latency,3,306,http1_rust_nodelay_all_c4_keepalive_ms,0.126863
latency,3,307,http1_rust_nodelay_all_c4_keepalive_ms,0.126472
latency,3,308,http1_rust_nodelay_all_c4_keepalive_ms,5.529614
latency,3,309,http1_rust_nodelay_all_c4_keepalive_ms,0.141462
latency,3,310,http1_rust_nodelay_all_c4_keepalive_ms,0.144023
latency,3,311,http1_rust_nodelay_all_c4_keepalive_ms,0.130072
latency,3,312,http1_rust_nodelay_all_c4_keepalive_ms,0.135002
latency,3,313,http1_rust_nodelay_all_c4_keepalive_ms,0.131573
latency,3,314,http1_rust_nodelay_all_c4_keepalive_ms,0.128142
latency,3,315,http1_rust_nodelay_all_c4_keepalive_ms,0.128242
latency,3,316,http1_rust_nodelay_all_c4_keepalive_ms,0.127622
latency,3,317,http1_rust_nodelay_all_c4_keepalive_ms,0.128092
latency,3,318,http1_rust_nodelay_all_c4_keepalive_ms,0.127743
latency,3,319,http1_rust_nodelay_all_c4_keepalive_ms,0.127232
trial,3,320,http1_rust_nodelay_all_c4_median_ms,0.128252
trial,3,320,http1_rust_nodelay_all_c4_p95_ms,0.395346
trial,3,320,http1_rust_nodelay_all_c4_requests_per_second,7472.960
trial,3,320,http1_rust_nodelay_all_c4_wall_ms,42.821
latency,4,0,http1_rust_nodelay_all_c4_keepalive_ms,0.348406
latency,4,1,http1_rust_nodelay_all_c4_keepalive_ms,0.479798
latency,4,2,http1_rust_nodelay_all_c4_keepalive_ms,0.468848
latency,4,3,http1_rust_nodelay_all_c4_keepalive_ms,0.475328
latency,4,4,http1_rust_nodelay_all_c4_keepalive_ms,0.467738
latency,4,5,http1_rust_nodelay_all_c4_keepalive_ms,0.495679
latency,4,6,http1_rust_nodelay_all_c4_keepalive_ms,0.386616
latency,4,7,http1_rust_nodelay_all_c4_keepalive_ms,0.391307
latency,4,8,http1_rust_nodelay_all_c4_keepalive_ms,0.308755
latency,4,9,http1_rust_nodelay_all_c4_keepalive_ms,0.382927
latency,4,10,http1_rust_nodelay_all_c4_keepalive_ms,0.398166
latency,4,11,http1_rust_nodelay_all_c4_keepalive_ms,0.306456
latency,4,12,http1_rust_nodelay_all_c4_keepalive_ms,0.383406
latency,4,13,http1_rust_nodelay_all_c4_keepalive_ms,0.488379
latency,4,14,http1_rust_nodelay_all_c4_keepalive_ms,0.391516
latency,4,15,http1_rust_nodelay_all_c4_keepalive_ms,0.379557
latency,4,16,http1_rust_nodelay_all_c4_keepalive_ms,0.305945
latency,4,17,http1_rust_nodelay_all_c4_keepalive_ms,0.382386
latency,4,18,http1_rust_nodelay_all_c4_keepalive_ms,0.397857
latency,4,19,http1_rust_nodelay_all_c4_keepalive_ms,0.302005
latency,4,20,http1_rust_nodelay_all_c4_keepalive_ms,0.381386
latency,4,21,http1_rust_nodelay_all_c4_keepalive_ms,0.293595
latency,4,22,http1_rust_nodelay_all_c4_keepalive_ms,0.248505
latency,4,23,http1_rust_nodelay_all_c4_keepalive_ms,0.245544
latency,4,24,http1_rust_nodelay_all_c4_keepalive_ms,0.245134
latency,4,25,http1_rust_nodelay_all_c4_keepalive_ms,0.296175
latency,4,26,http1_rust_nodelay_all_c4_keepalive_ms,0.233584
latency,4,27,http1_rust_nodelay_all_c4_keepalive_ms,0.233794
latency,4,28,http1_rust_nodelay_all_c4_keepalive_ms,0.231954
latency,4,29,http1_rust_nodelay_all_c4_keepalive_ms,0.239524
latency,4,30,http1_rust_nodelay_all_c4_keepalive_ms,0.236784
latency,4,31,http1_rust_nodelay_all_c4_keepalive_ms,0.231514
latency,4,32,http1_rust_nodelay_all_c4_keepalive_ms,0.233874
latency,4,33,http1_rust_nodelay_all_c4_keepalive_ms,0.240494
latency,4,34,http1_rust_nodelay_all_c4_keepalive_ms,0.149833
latency,4,35,http1_rust_nodelay_all_c4_keepalive_ms,0.127272
latency,4,36,http1_rust_nodelay_all_c4_keepalive_ms,0.125972
latency,4,37,http1_rust_nodelay_all_c4_keepalive_ms,0.125672
latency,4,38,http1_rust_nodelay_all_c4_keepalive_ms,0.126622
latency,4,39,http1_rust_nodelay_all_c4_keepalive_ms,0.125872
latency,4,40,http1_rust_nodelay_all_c4_keepalive_ms,0.125553
latency,4,41,http1_rust_nodelay_all_c4_keepalive_ms,0.134472
latency,4,42,http1_rust_nodelay_all_c4_keepalive_ms,0.130072
latency,4,43,http1_rust_nodelay_all_c4_keepalive_ms,0.129052
latency,4,44,http1_rust_nodelay_all_c4_keepalive_ms,0.129002
latency,4,45,http1_rust_nodelay_all_c4_keepalive_ms,0.133183
latency,4,46,http1_rust_nodelay_all_c4_keepalive_ms,0.126562
latency,4,47,http1_rust_nodelay_all_c4_keepalive_ms,0.126952
latency,4,48,http1_rust_nodelay_all_c4_keepalive_ms,0.126222
latency,4,49,http1_rust_nodelay_all_c4_keepalive_ms,0.135533
latency,4,50,http1_rust_nodelay_all_c4_keepalive_ms,0.128502
latency,4,51,http1_rust_nodelay_all_c4_keepalive_ms,0.126062
latency,4,52,http1_rust_nodelay_all_c4_keepalive_ms,0.127422
latency,4,53,http1_rust_nodelay_all_c4_keepalive_ms,0.125782
latency,4,54,http1_rust_nodelay_all_c4_keepalive_ms,0.125562
latency,4,55,http1_rust_nodelay_all_c4_keepalive_ms,0.125602
latency,4,56,http1_rust_nodelay_all_c4_keepalive_ms,3.134734
latency,4,57,http1_rust_nodelay_all_c4_keepalive_ms,0.130592
latency,4,58,http1_rust_nodelay_all_c4_keepalive_ms,0.127232
latency,4,59,http1_rust_nodelay_all_c4_keepalive_ms,0.127752
latency,4,60,http1_rust_nodelay_all_c4_keepalive_ms,0.127373
latency,4,61,http1_rust_nodelay_all_c4_keepalive_ms,0.126732
latency,4,62,http1_rust_nodelay_all_c4_keepalive_ms,0.126922
latency,4,63,http1_rust_nodelay_all_c4_keepalive_ms,0.126252
latency,4,64,http1_rust_nodelay_all_c4_keepalive_ms,0.133522
latency,4,65,http1_rust_nodelay_all_c4_keepalive_ms,0.129563
latency,4,66,http1_rust_nodelay_all_c4_keepalive_ms,0.126592
latency,4,67,http1_rust_nodelay_all_c4_keepalive_ms,0.126462
latency,4,68,http1_rust_nodelay_all_c4_keepalive_ms,0.127062
latency,4,69,http1_rust_nodelay_all_c4_keepalive_ms,0.125952
latency,4,70,http1_rust_nodelay_all_c4_keepalive_ms,0.126782
latency,4,71,http1_rust_nodelay_all_c4_keepalive_ms,0.126983
latency,4,72,http1_rust_nodelay_all_c4_keepalive_ms,0.138022
latency,4,73,http1_rust_nodelay_all_c4_keepalive_ms,0.128632
latency,4,74,http1_rust_nodelay_all_c4_keepalive_ms,0.126942
latency,4,75,http1_rust_nodelay_all_c4_keepalive_ms,0.127002
latency,4,76,http1_rust_nodelay_all_c4_keepalive_ms,0.126893
latency,4,77,http1_rust_nodelay_all_c4_keepalive_ms,0.127092
latency,4,78,http1_rust_nodelay_all_c4_keepalive_ms,0.126122
latency,4,79,http1_rust_nodelay_all_c4_keepalive_ms,0.127332
latency,4,160,http1_rust_nodelay_all_c4_keepalive_ms,0.484248
latency,4,161,http1_rust_nodelay_all_c4_keepalive_ms,0.480128
latency,4,162,http1_rust_nodelay_all_c4_keepalive_ms,0.466778
latency,4,163,http1_rust_nodelay_all_c4_keepalive_ms,0.476668
latency,4,164,http1_rust_nodelay_all_c4_keepalive_ms,0.466178
latency,4,165,http1_rust_nodelay_all_c4_keepalive_ms,3.390178
latency,4,166,http1_rust_nodelay_all_c4_keepalive_ms,0.425617
latency,4,167,http1_rust_nodelay_all_c4_keepalive_ms,0.315136
latency,4,168,http1_rust_nodelay_all_c4_keepalive_ms,0.387086
latency,4,169,http1_rust_nodelay_all_c4_keepalive_ms,0.383146
latency,4,170,http1_rust_nodelay_all_c4_keepalive_ms,0.317555
latency,4,171,http1_rust_nodelay_all_c4_keepalive_ms,0.381626
latency,4,172,http1_rust_nodelay_all_c4_keepalive_ms,0.408047
latency,4,173,http1_rust_nodelay_all_c4_keepalive_ms,0.315596
latency,4,174,http1_rust_nodelay_all_c4_keepalive_ms,0.248144
latency,4,175,http1_rust_nodelay_all_c4_keepalive_ms,0.245064
latency,4,176,http1_rust_nodelay_all_c4_keepalive_ms,0.245504
latency,4,177,http1_rust_nodelay_all_c4_keepalive_ms,0.247744
latency,4,178,http1_rust_nodelay_all_c4_keepalive_ms,0.234464
latency,4,179,http1_rust_nodelay_all_c4_keepalive_ms,0.232534
latency,4,180,http1_rust_nodelay_all_c4_keepalive_ms,0.232024
latency,4,181,http1_rust_nodelay_all_c4_keepalive_ms,0.240074
latency,4,182,http1_rust_nodelay_all_c4_keepalive_ms,0.236225
latency,4,183,http1_rust_nodelay_all_c4_keepalive_ms,0.231423
latency,4,184,http1_rust_nodelay_all_c4_keepalive_ms,0.233884
latency,4,185,http1_rust_nodelay_all_c4_keepalive_ms,12.513303
latency,4,186,http1_rust_nodelay_all_c4_keepalive_ms,0.228794
latency,4,187,http1_rust_nodelay_all_c4_keepalive_ms,0.127322
latency,4,188,http1_rust_nodelay_all_c4_keepalive_ms,0.126333
latency,4,189,http1_rust_nodelay_all_c4_keepalive_ms,0.126062
latency,4,190,http1_rust_nodelay_all_c4_keepalive_ms,0.137522
latency,4,191,http1_rust_nodelay_all_c4_keepalive_ms,0.127842
latency,4,192,http1_rust_nodelay_all_c4_keepalive_ms,0.126872
latency,4,193,http1_rust_nodelay_all_c4_keepalive_ms,0.125873
latency,4,194,http1_rust_nodelay_all_c4_keepalive_ms,0.125372
latency,4,195,http1_rust_nodelay_all_c4_keepalive_ms,0.126212
latency,4,196,http1_rust_nodelay_all_c4_keepalive_ms,0.125982
latency,4,197,http1_rust_nodelay_all_c4_keepalive_ms,0.125902
latency,4,198,http1_rust_nodelay_all_c4_keepalive_ms,0.134802
latency,4,199,http1_rust_nodelay_all_c4_keepalive_ms,0.131883
latency,4,200,http1_rust_nodelay_all_c4_keepalive_ms,0.128392
latency,4,201,http1_rust_nodelay_all_c4_keepalive_ms,0.127852
latency,4,202,http1_rust_nodelay_all_c4_keepalive_ms,0.127742
latency,4,203,http1_rust_nodelay_all_c4_keepalive_ms,0.127502
latency,4,204,http1_rust_nodelay_all_c4_keepalive_ms,0.127863
latency,4,205,http1_rust_nodelay_all_c4_keepalive_ms,0.132342
latency,4,206,http1_rust_nodelay_all_c4_keepalive_ms,0.130382
latency,4,207,http1_rust_nodelay_all_c4_keepalive_ms,0.125392
latency,4,208,http1_rust_nodelay_all_c4_keepalive_ms,0.125072
latency,4,209,http1_rust_nodelay_all_c4_keepalive_ms,0.125882
latency,4,210,http1_rust_nodelay_all_c4_keepalive_ms,0.125053
latency,4,211,http1_rust_nodelay_all_c4_keepalive_ms,0.125062
latency,4,212,http1_rust_nodelay_all_c4_keepalive_ms,0.125252
latency,4,213,http1_rust_nodelay_all_c4_keepalive_ms,0.216334
latency,4,214,http1_rust_nodelay_all_c4_keepalive_ms,0.241864
latency,4,215,http1_rust_nodelay_all_c4_keepalive_ms,0.246584
latency,4,216,http1_rust_nodelay_all_c4_keepalive_ms,0.247804
latency,4,217,http1_rust_nodelay_all_c4_keepalive_ms,0.283185
latency,4,218,http1_rust_nodelay_all_c4_keepalive_ms,0.248184
latency,4,219,http1_rust_nodelay_all_c4_keepalive_ms,0.256795
latency,4,220,http1_rust_nodelay_all_c4_keepalive_ms,0.248334
latency,4,221,http1_rust_nodelay_all_c4_keepalive_ms,0.234434
latency,4,222,http1_rust_nodelay_all_c4_keepalive_ms,0.249404
latency,4,223,http1_rust_nodelay_all_c4_keepalive_ms,0.247174
latency,4,224,http1_rust_nodelay_all_c4_keepalive_ms,0.247534
latency,4,225,http1_rust_nodelay_all_c4_keepalive_ms,0.241375
latency,4,226,http1_rust_nodelay_all_c4_keepalive_ms,0.128682
latency,4,227,http1_rust_nodelay_all_c4_keepalive_ms,0.126322
latency,4,228,http1_rust_nodelay_all_c4_keepalive_ms,0.126602
latency,4,229,http1_rust_nodelay_all_c4_keepalive_ms,0.130572
latency,4,230,http1_rust_nodelay_all_c4_keepalive_ms,0.137723
latency,4,231,http1_rust_nodelay_all_c4_keepalive_ms,0.126762
latency,4,232,http1_rust_nodelay_all_c4_keepalive_ms,0.131692
latency,4,233,http1_rust_nodelay_all_c4_keepalive_ms,0.129262
latency,4,234,http1_rust_nodelay_all_c4_keepalive_ms,0.126122
latency,4,235,http1_rust_nodelay_all_c4_keepalive_ms,0.125693
latency,4,236,http1_rust_nodelay_all_c4_keepalive_ms,0.125702
latency,4,237,http1_rust_nodelay_all_c4_keepalive_ms,0.125522
latency,4,238,http1_rust_nodelay_all_c4_keepalive_ms,0.126402
latency,4,239,http1_rust_nodelay_all_c4_keepalive_ms,0.125512
latency,4,240,http1_rust_nodelay_all_c4_keepalive_ms,0.396226
latency,4,241,http1_rust_nodelay_all_c4_keepalive_ms,0.480299
latency,4,242,http1_rust_nodelay_all_c4_keepalive_ms,0.467937
latency,4,243,http1_rust_nodelay_all_c4_keepalive_ms,0.476019
latency,4,244,http1_rust_nodelay_all_c4_keepalive_ms,0.467148
latency,4,245,http1_rust_nodelay_all_c4_keepalive_ms,0.523969
latency,4,246,http1_rust_nodelay_all_c4_keepalive_ms,0.305575
latency,4,247,http1_rust_nodelay_all_c4_keepalive_ms,0.384216
latency,4,248,http1_rust_nodelay_all_c4_keepalive_ms,0.395677
latency,4,249,http1_rust_nodelay_all_c4_keepalive_ms,0.302845
latency,4,250,http1_rust_nodelay_all_c4_keepalive_ms,0.397837
latency,4,251,http1_rust_nodelay_all_c4_keepalive_ms,0.386057
latency,4,252,http1_rust_nodelay_all_c4_keepalive_ms,0.304415
latency,4,253,http1_rust_nodelay_all_c4_keepalive_ms,0.463618
latency,4,254,http1_rust_nodelay_all_c4_keepalive_ms,0.354496
latency,4,255,http1_rust_nodelay_all_c4_keepalive_ms,0.289385
latency,4,256,http1_rust_nodelay_all_c4_keepalive_ms,0.400176
latency,4,257,http1_rust_nodelay_all_c4_keepalive_ms,0.389867
latency,4,258,http1_rust_nodelay_all_c4_keepalive_ms,0.292535
latency,4,259,http1_rust_nodelay_all_c4_keepalive_ms,0.400796
latency,4,260,http1_rust_nodelay_all_c4_keepalive_ms,0.390037
latency,4,261,http1_rust_nodelay_all_c4_keepalive_ms,12.237499
latency,4,262,http1_rust_nodelay_all_c4_keepalive_ms,0.241254
latency,4,263,http1_rust_nodelay_all_c4_keepalive_ms,0.133752
latency,4,264,http1_rust_nodelay_all_c4_keepalive_ms,0.129522
latency,4,265,http1_rust_nodelay_all_c4_keepalive_ms,0.129293
latency,4,266,http1_rust_nodelay_all_c4_keepalive_ms,0.127682
latency,4,267,http1_rust_nodelay_all_c4_keepalive_ms,0.128832
latency,4,268,http1_rust_nodelay_all_c4_keepalive_ms,0.133012
latency,4,269,http1_rust_nodelay_all_c4_keepalive_ms,0.131352
latency,4,270,http1_rust_nodelay_all_c4_keepalive_ms,0.127663
latency,4,271,http1_rust_nodelay_all_c4_keepalive_ms,0.128182
latency,4,272,http1_rust_nodelay_all_c4_keepalive_ms,0.127872
latency,4,273,http1_rust_nodelay_all_c4_keepalive_ms,0.137032
latency,4,274,http1_rust_nodelay_all_c4_keepalive_ms,0.148173
latency,4,275,http1_rust_nodelay_all_c4_keepalive_ms,0.128582
latency,4,276,http1_rust_nodelay_all_c4_keepalive_ms,0.138112
latency,4,277,http1_rust_nodelay_all_c4_keepalive_ms,0.131292
latency,4,278,http1_rust_nodelay_all_c4_keepalive_ms,0.129633
latency,4,279,http1_rust_nodelay_all_c4_keepalive_ms,0.130172
latency,4,280,http1_rust_nodelay_all_c4_keepalive_ms,0.129922
latency,4,281,http1_rust_nodelay_all_c4_keepalive_ms,0.130072
latency,4,282,http1_rust_nodelay_all_c4_keepalive_ms,0.129982
latency,4,283,http1_rust_nodelay_all_c4_keepalive_ms,0.127422
latency,4,284,http1_rust_nodelay_all_c4_keepalive_ms,9.256128
latency,4,285,http1_rust_nodelay_all_c4_keepalive_ms,0.235234
latency,4,286,http1_rust_nodelay_all_c4_keepalive_ms,0.136533
latency,4,287,http1_rust_nodelay_all_c4_keepalive_ms,0.129052
latency,4,288,http1_rust_nodelay_all_c4_keepalive_ms,0.129962
latency,4,289,http1_rust_nodelay_all_c4_keepalive_ms,0.134262
latency,4,290,http1_rust_nodelay_all_c4_keepalive_ms,0.131712
latency,4,291,http1_rust_nodelay_all_c4_keepalive_ms,0.127453
latency,4,292,http1_rust_nodelay_all_c4_keepalive_ms,0.127192
latency,4,293,http1_rust_nodelay_all_c4_keepalive_ms,0.127742
latency,4,294,http1_rust_nodelay_all_c4_keepalive_ms,0.127212
latency,4,295,http1_rust_nodelay_all_c4_keepalive_ms,0.127982
latency,4,296,http1_rust_nodelay_all_c4_keepalive_ms,0.126703
latency,4,297,http1_rust_nodelay_all_c4_keepalive_ms,0.135072
latency,4,298,http1_rust_nodelay_all_c4_keepalive_ms,0.129192
latency,4,299,http1_rust_nodelay_all_c4_keepalive_ms,0.127352
latency,4,300,http1_rust_nodelay_all_c4_keepalive_ms,0.127192
latency,4,301,http1_rust_nodelay_all_c4_keepalive_ms,0.128223
latency,4,302,http1_rust_nodelay_all_c4_keepalive_ms,0.127452
latency,4,303,http1_rust_nodelay_all_c4_keepalive_ms,0.127312
latency,4,304,http1_rust_nodelay_all_c4_keepalive_ms,0.127302
latency,4,305,http1_rust_nodelay_all_c4_keepalive_ms,0.134712
latency,4,306,http1_rust_nodelay_all_c4_keepalive_ms,0.129313
latency,4,307,http1_rust_nodelay_all_c4_keepalive_ms,0.127332
latency,4,308,http1_rust_nodelay_all_c4_keepalive_ms,0.131402
latency,4,309,http1_rust_nodelay_all_c4_keepalive_ms,0.127122
latency,4,310,http1_rust_nodelay_all_c4_keepalive_ms,0.126922
latency,4,311,http1_rust_nodelay_all_c4_keepalive_ms,0.126892
latency,4,312,http1_rust_nodelay_all_c4_keepalive_ms,0.126883
latency,4,313,http1_rust_nodelay_all_c4_keepalive_ms,3.278915
latency,4,314,http1_rust_nodelay_all_c4_keepalive_ms,0.130823
latency,4,315,http1_rust_nodelay_all_c4_keepalive_ms,0.127972
latency,4,316,http1_rust_nodelay_all_c4_keepalive_ms,0.127792
latency,4,317,http1_rust_nodelay_all_c4_keepalive_ms,0.127652
latency,4,318,http1_rust_nodelay_all_c4_keepalive_ms,0.127562
latency,4,319,http1_rust_nodelay_all_c4_keepalive_ms,0.138962
latency,4,80,http1_rust_nodelay_all_c4_keepalive_ms,0.412667
latency,4,81,http1_rust_nodelay_all_c4_keepalive_ms,0.480508
latency,4,82,http1_rust_nodelay_all_c4_keepalive_ms,0.467298
latency,4,83,http1_rust_nodelay_all_c4_keepalive_ms,0.476518
latency,4,84,http1_rust_nodelay_all_c4_keepalive_ms,0.466248
latency,4,85,http1_rust_nodelay_all_c4_keepalive_ms,0.325576
latency,4,86,http1_rust_nodelay_all_c4_keepalive_ms,0.396086
latency,4,87,http1_rust_nodelay_all_c4_keepalive_ms,0.389197
latency,4,88,http1_rust_nodelay_all_c4_keepalive_ms,0.303415
latency,4,89,http1_rust_nodelay_all_c4_keepalive_ms,0.390577
latency,4,90,http1_rust_nodelay_all_c4_keepalive_ms,0.399747
latency,4,91,http1_rust_nodelay_all_c4_keepalive_ms,0.297635
latency,4,92,http1_rust_nodelay_all_c4_keepalive_ms,0.390356
latency,4,93,http1_rust_nodelay_all_c4_keepalive_ms,0.451418
latency,4,94,http1_rust_nodelay_all_c4_keepalive_ms,8.985713
latency,4,95,http1_rust_nodelay_all_c4_keepalive_ms,0.127492
latency,4,96,http1_rust_nodelay_all_c4_keepalive_ms,0.126072
latency,4,97,http1_rust_nodelay_all_c4_keepalive_ms,0.125692
latency,4,98,http1_rust_nodelay_all_c4_keepalive_ms,0.125932
latency,4,99,http1_rust_nodelay_all_c4_keepalive_ms,0.125842
latency,4,100,http1_rust_nodelay_all_c4_keepalive_ms,0.125943
latency,4,101,http1_rust_nodelay_all_c4_keepalive_ms,0.131562
latency,4,102,http1_rust_nodelay_all_c4_keepalive_ms,0.129972
latency,4,103,http1_rust_nodelay_all_c4_keepalive_ms,0.127092
latency,4,104,http1_rust_nodelay_all_c4_keepalive_ms,0.126252
latency,4,105,http1_rust_nodelay_all_c4_keepalive_ms,0.126483
latency,4,106,http1_rust_nodelay_all_c4_keepalive_ms,0.126292
latency,4,107,http1_rust_nodelay_all_c4_keepalive_ms,0.125522
latency,4,108,http1_rust_nodelay_all_c4_keepalive_ms,0.125832
latency,4,109,http1_rust_nodelay_all_c4_keepalive_ms,0.132982
latency,4,110,http1_rust_nodelay_all_c4_keepalive_ms,0.128812
latency,4,111,http1_rust_nodelay_all_c4_keepalive_ms,0.125463
latency,4,112,http1_rust_nodelay_all_c4_keepalive_ms,0.128532
latency,4,113,http1_rust_nodelay_all_c4_keepalive_ms,0.128002
latency,4,114,http1_rust_nodelay_all_c4_keepalive_ms,0.127512
latency,4,115,http1_rust_nodelay_all_c4_keepalive_ms,0.127732
latency,4,116,http1_rust_nodelay_all_c4_keepalive_ms,0.133033
latency,4,117,http1_rust_nodelay_all_c4_keepalive_ms,10.143572
latency,4,118,http1_rust_nodelay_all_c4_keepalive_ms,0.241964
latency,4,119,http1_rust_nodelay_all_c4_keepalive_ms,0.247084
latency,4,120,http1_rust_nodelay_all_c4_keepalive_ms,0.246945
latency,4,121,http1_rust_nodelay_all_c4_keepalive_ms,0.244124
latency,4,122,http1_rust_nodelay_all_c4_keepalive_ms,0.250034
latency,4,123,http1_rust_nodelay_all_c4_keepalive_ms,0.256364
latency,4,124,http1_rust_nodelay_all_c4_keepalive_ms,0.247185
latency,4,125,http1_rust_nodelay_all_c4_keepalive_ms,0.276904
latency,4,126,http1_rust_nodelay_all_c4_keepalive_ms,0.197634
latency,4,127,http1_rust_nodelay_all_c4_keepalive_ms,0.246954
latency,4,128,http1_rust_nodelay_all_c4_keepalive_ms,0.248544
latency,4,129,http1_rust_nodelay_all_c4_keepalive_ms,6.274357
latency,4,130,http1_rust_nodelay_all_c4_keepalive_ms,0.142443
latency,4,131,http1_rust_nodelay_all_c4_keepalive_ms,0.131602
latency,4,132,http1_rust_nodelay_all_c4_keepalive_ms,0.130212
latency,4,133,http1_rust_nodelay_all_c4_keepalive_ms,0.130772
latency,4,134,http1_rust_nodelay_all_c4_keepalive_ms,0.134143
latency,4,135,http1_rust_nodelay_all_c4_keepalive_ms,0.128992
latency,4,136,http1_rust_nodelay_all_c4_keepalive_ms,0.128712
latency,4,137,http1_rust_nodelay_all_c4_keepalive_ms,0.139012
latency,4,138,http1_rust_nodelay_all_c4_keepalive_ms,0.129973
latency,4,139,http1_rust_nodelay_all_c4_keepalive_ms,0.127772
latency,4,140,http1_rust_nodelay_all_c4_keepalive_ms,0.126952
latency,4,141,http1_rust_nodelay_all_c4_keepalive_ms,0.128122
latency,4,142,http1_rust_nodelay_all_c4_keepalive_ms,0.151403
latency,4,143,http1_rust_nodelay_all_c4_keepalive_ms,0.131762
latency,4,144,http1_rust_nodelay_all_c4_keepalive_ms,0.134682
latency,4,145,http1_rust_nodelay_all_c4_keepalive_ms,0.129232
latency,4,146,http1_rust_nodelay_all_c4_keepalive_ms,0.126663
latency,4,147,http1_rust_nodelay_all_c4_keepalive_ms,0.126602
latency,4,148,http1_rust_nodelay_all_c4_keepalive_ms,0.127042
latency,4,149,http1_rust_nodelay_all_c4_keepalive_ms,0.126672
latency,4,150,http1_rust_nodelay_all_c4_keepalive_ms,0.126652
latency,4,151,http1_rust_nodelay_all_c4_keepalive_ms,0.126682
latency,4,152,http1_rust_nodelay_all_c4_keepalive_ms,0.147643
latency,4,153,http1_rust_nodelay_all_c4_keepalive_ms,1.487345
latency,4,154,http1_rust_nodelay_all_c4_keepalive_ms,0.149792
latency,4,155,http1_rust_nodelay_all_c4_keepalive_ms,0.145063
latency,4,156,http1_rust_nodelay_all_c4_keepalive_ms,0.198153
latency,4,157,http1_rust_nodelay_all_c4_keepalive_ms,0.171803
latency,4,158,http1_rust_nodelay_all_c4_keepalive_ms,0.146453
latency,4,159,http1_rust_nodelay_all_c4_keepalive_ms,0.144542
trial,4,320,http1_rust_nodelay_all_c4_median_ms,0.133033
trial,4,320,http1_rust_nodelay_all_c4_p95_ms,0.480128
trial,4,320,http1_rust_nodelay_all_c4_requests_per_second,7551.510
trial,4,320,http1_rust_nodelay_all_c4_wall_ms,42.376
summary,0,1600,http1_rust_nodelay_all_c4_keepalive_ms_median,0.129362
summary,0,1600,http1_rust_nodelay_all_c4_keepalive_ms_p95,0.472098
latency,0,720,http1_rust_nodelay_all_c16_keepalive_ms,1.496825
latency,0,721,http1_rust_nodelay_all_c16_keepalive_ms,2.448462
latency,0,722,http1_rust_nodelay_all_c16_keepalive_ms,1.385954
latency,0,723,http1_rust_nodelay_all_c16_keepalive_ms,1.792530
latency,0,724,http1_rust_nodelay_all_c16_keepalive_ms,1.635438
latency,0,725,http1_rust_nodelay_all_c16_keepalive_ms,1.532636
latency,0,726,http1_rust_nodelay_all_c16_keepalive_ms,1.781491
latency,0,727,http1_rust_nodelay_all_c16_keepalive_ms,1.197460
latency,0,728,http1_rust_nodelay_all_c16_keepalive_ms,1.761460
latency,0,729,http1_rust_nodelay_all_c16_keepalive_ms,1.680668
latency,0,730,http1_rust_nodelay_all_c16_keepalive_ms,10.229715
latency,0,731,http1_rust_nodelay_all_c16_keepalive_ms,1.618517
latency,0,732,http1_rust_nodelay_all_c16_keepalive_ms,1.724590
latency,0,733,http1_rust_nodelay_all_c16_keepalive_ms,1.680448
latency,0,734,http1_rust_nodelay_all_c16_keepalive_ms,1.753890
latency,0,735,http1_rust_nodelay_all_c16_keepalive_ms,1.742850
latency,0,736,http1_rust_nodelay_all_c16_keepalive_ms,1.659158
latency,0,737,http1_rust_nodelay_all_c16_keepalive_ms,1.660608
latency,0,738,http1_rust_nodelay_all_c16_keepalive_ms,1.282422
latency,0,739,http1_rust_nodelay_all_c16_keepalive_ms,1.565777
latency,0,740,http1_rust_nodelay_all_c16_keepalive_ms,1.396463
latency,0,741,http1_rust_nodelay_all_c16_keepalive_ms,1.255372
latency,0,742,http1_rust_nodelay_all_c16_keepalive_ms,1.679229
latency,0,743,http1_rust_nodelay_all_c16_keepalive_ms,1.682568
latency,0,744,http1_rust_nodelay_all_c16_keepalive_ms,1.673408
latency,0,745,http1_rust_nodelay_all_c16_keepalive_ms,1.838122
latency,0,746,http1_rust_nodelay_all_c16_keepalive_ms,1.671498
latency,0,747,http1_rust_nodelay_all_c16_keepalive_ms,1.541136
latency,0,748,http1_rust_nodelay_all_c16_keepalive_ms,1.277932
latency,0,749,http1_rust_nodelay_all_c16_keepalive_ms,1.242581
latency,0,750,http1_rust_nodelay_all_c16_keepalive_ms,1.688839
latency,0,751,http1_rust_nodelay_all_c16_keepalive_ms,1.741140
latency,0,752,http1_rust_nodelay_all_c16_keepalive_ms,1.752320
latency,0,753,http1_rust_nodelay_all_c16_keepalive_ms,1.653348
latency,0,754,http1_rust_nodelay_all_c16_keepalive_ms,1.704218
latency,0,755,http1_rust_nodelay_all_c16_keepalive_ms,1.507756
latency,0,756,http1_rust_nodelay_all_c16_keepalive_ms,1.334773
latency,0,757,http1_rust_nodelay_all_c16_keepalive_ms,1.679049
latency,0,758,http1_rust_nodelay_all_c16_keepalive_ms,1.700239
latency,0,759,http1_rust_nodelay_all_c16_keepalive_ms,1.510635
latency,0,760,http1_rust_nodelay_all_c16_keepalive_ms,1.233221
latency,0,761,http1_rust_nodelay_all_c16_keepalive_ms,1.693999
latency,0,762,http1_rust_nodelay_all_c16_keepalive_ms,0.919316
latency,0,763,http1_rust_nodelay_all_c16_keepalive_ms,1.666398
latency,0,764,http1_rust_nodelay_all_c16_keepalive_ms,1.631888
latency,0,765,http1_rust_nodelay_all_c16_keepalive_ms,1.279312
latency,0,766,http1_rust_nodelay_all_c16_keepalive_ms,1.253311
latency,0,767,http1_rust_nodelay_all_c16_keepalive_ms,1.690989
latency,0,768,http1_rust_nodelay_all_c16_keepalive_ms,1.667268
latency,0,769,http1_rust_nodelay_all_c16_keepalive_ms,1.335313
latency,0,770,http1_rust_nodelay_all_c16_keepalive_ms,1.689519
latency,0,771,http1_rust_nodelay_all_c16_keepalive_ms,1.630947
latency,0,772,http1_rust_nodelay_all_c16_keepalive_ms,1.312363
latency,0,773,http1_rust_nodelay_all_c16_keepalive_ms,1.551396
latency,0,774,http1_rust_nodelay_all_c16_keepalive_ms,1.301102
latency,0,775,http1_rust_nodelay_all_c16_keepalive_ms,1.659049
latency,0,776,http1_rust_nodelay_all_c16_keepalive_ms,1.679208
latency,0,777,http1_rust_nodelay_all_c16_keepalive_ms,1.264701
latency,0,778,http1_rust_nodelay_all_c16_keepalive_ms,1.234422
latency,0,779,http1_rust_nodelay_all_c16_keepalive_ms,1.665878
latency,0,780,http1_rust_nodelay_all_c16_keepalive_ms,1.680819
latency,0,781,http1_rust_nodelay_all_c16_keepalive_ms,1.739159
latency,0,782,http1_rust_nodelay_all_c16_keepalive_ms,1.453685
latency,0,783,http1_rust_nodelay_all_c16_keepalive_ms,1.335153
latency,0,784,http1_rust_nodelay_all_c16_keepalive_ms,1.614847
latency,0,785,http1_rust_nodelay_all_c16_keepalive_ms,1.525736
latency,0,786,http1_rust_nodelay_all_c16_keepalive_ms,1.602338
latency,0,787,http1_rust_nodelay_all_c16_keepalive_ms,1.275741
latency,0,788,http1_rust_nodelay_all_c16_keepalive_ms,1.268442
latency,0,789,http1_rust_nodelay_all_c16_keepalive_ms,1.679598
latency,0,790,http1_rust_nodelay_all_c16_keepalive_ms,1.245871
latency,0,791,http1_rust_nodelay_all_c16_keepalive_ms,1.509776
latency,0,792,http1_rust_nodelay_all_c16_keepalive_ms,1.884252
latency,0,793,http1_rust_nodelay_all_c16_keepalive_ms,1.643778
latency,0,794,http1_rust_nodelay_all_c16_keepalive_ms,1.352493
latency,0,795,http1_rust_nodelay_all_c16_keepalive_ms,1.262182
latency,0,796,http1_rust_nodelay_all_c16_keepalive_ms,1.676098
latency,0,797,http1_rust_nodelay_all_c16_keepalive_ms,0.949497
latency,0,798,http1_rust_nodelay_all_c16_keepalive_ms,1.671378
latency,0,799,http1_rust_nodelay_all_c16_keepalive_ms,1.346783
latency,0,160,http1_rust_nodelay_all_c16_keepalive_ms,1.647318
latency,0,161,http1_rust_nodelay_all_c16_keepalive_ms,1.859441
latency,0,162,http1_rust_nodelay_all_c16_keepalive_ms,1.733140
latency,0,163,http1_rust_nodelay_all_c16_keepalive_ms,1.711789
latency,0,164,http1_rust_nodelay_all_c16_keepalive_ms,1.608738
latency,0,165,http1_rust_nodelay_all_c16_keepalive_ms,1.761120
latency,0,166,http1_rust_nodelay_all_c16_keepalive_ms,1.917302
latency,0,167,http1_rust_nodelay_all_c16_keepalive_ms,1.192911
latency,0,168,http1_rust_nodelay_all_c16_keepalive_ms,1.290512
latency,0,169,http1_rust_nodelay_all_c16_keepalive_ms,1.622207
latency,0,170,http1_rust_nodelay_all_c16_keepalive_ms,1.847271
latency,0,171,http1_rust_nodelay_all_c16_keepalive_ms,1.751440
latency,0,172,http1_rust_nodelay_all_c16_keepalive_ms,1.279302
latency,0,173,http1_rust_nodelay_all_c16_keepalive_ms,1.695789
latency,0,174,http1_rust_nodelay_all_c16_keepalive_ms,1.329673
latency,0,175,http1_rust_nodelay_all_c16_keepalive_ms,1.650698
latency,0,176,http1_rust_nodelay_all_c16_keepalive_ms,1.606187
latency,0,177,http1_rust_nodelay_all_c16_keepalive_ms,1.664438
latency,0,178,http1_rust_nodelay_all_c16_keepalive_ms,1.326333
latency,0,179,http1_rust_nodelay_all_c16_keepalive_ms,1.696979
latency,0,180,http1_rust_nodelay_all_c16_keepalive_ms,1.349943
latency,0,181,http1_rust_nodelay_all_c16_keepalive_ms,1.703109
latency,0,182,http1_rust_nodelay_all_c16_keepalive_ms,1.340302
latency,0,183,http1_rust_nodelay_all_c16_keepalive_ms,1.325473
latency,0,184,http1_rust_nodelay_all_c16_keepalive_ms,1.622198
latency,0,185,http1_rust_nodelay_all_c16_keepalive_ms,1.228761
latency,0,186,http1_rust_nodelay_all_c16_keepalive_ms,1.648898
latency,0,187,http1_rust_nodelay_all_c16_keepalive_ms,1.753080
latency,0,188,http1_rust_nodelay_all_c16_keepalive_ms,1.569966
latency,0,189,http1_rust_nodelay_all_c16_keepalive_ms,1.653319
latency,0,190,http1_rust_nodelay_all_c16_keepalive_ms,1.639297
latency,0,191,http1_rust_nodelay_all_c16_keepalive_ms,1.323963
latency,0,192,http1_rust_nodelay_all_c16_keepalive_ms,1.620617
latency,0,193,http1_rust_nodelay_all_c16_keepalive_ms,1.280432
latency,0,194,http1_rust_nodelay_all_c16_keepalive_ms,1.644568
latency,0,195,http1_rust_nodelay_all_c16_keepalive_ms,1.677989
latency,0,196,http1_rust_nodelay_all_c16_keepalive_ms,1.359303
latency,0,197,http1_rust_nodelay_all_c16_keepalive_ms,1.640648
latency,0,198,http1_rust_nodelay_all_c16_keepalive_ms,1.436044
latency,0,199,http1_rust_nodelay_all_c16_keepalive_ms,1.696399
latency,0,200,http1_rust_nodelay_all_c16_keepalive_ms,1.545016
latency,0,201,http1_rust_nodelay_all_c16_keepalive_ms,1.703309
latency,0,202,http1_rust_nodelay_all_c16_keepalive_ms,1.532786
latency,0,203,http1_rust_nodelay_all_c16_keepalive_ms,1.693639
latency,0,204,http1_rust_nodelay_all_c16_keepalive_ms,0.894235
latency,0,205,http1_rust_nodelay_all_c16_keepalive_ms,1.648539
latency,0,206,http1_rust_nodelay_all_c16_keepalive_ms,1.262391
latency,0,207,http1_rust_nodelay_all_c16_keepalive_ms,1.668369
latency,0,208,http1_rust_nodelay_all_c16_keepalive_ms,1.745119
latency,0,209,http1_rust_nodelay_all_c16_keepalive_ms,1.715229
latency,0,210,http1_rust_nodelay_all_c16_keepalive_ms,1.675679
latency,0,211,http1_rust_nodelay_all_c16_keepalive_ms,1.652498
latency,0,212,http1_rust_nodelay_all_c16_keepalive_ms,1.616657
latency,0,213,http1_rust_nodelay_all_c16_keepalive_ms,1.698329
latency,0,214,http1_rust_nodelay_all_c16_keepalive_ms,1.689699
latency,0,215,http1_rust_nodelay_all_c16_keepalive_ms,1.754340
latency,0,216,http1_rust_nodelay_all_c16_keepalive_ms,1.278002
latency,0,217,http1_rust_nodelay_all_c16_keepalive_ms,1.707339
latency,0,218,http1_rust_nodelay_all_c16_keepalive_ms,1.756570
latency,0,219,http1_rust_nodelay_all_c16_keepalive_ms,1.662618
latency,0,220,http1_rust_nodelay_all_c16_keepalive_ms,1.325583
latency,0,221,http1_rust_nodelay_all_c16_keepalive_ms,1.720409
latency,0,222,http1_rust_nodelay_all_c16_keepalive_ms,7.797373
latency,0,223,http1_rust_nodelay_all_c16_keepalive_ms,1.767190
latency,0,224,http1_rust_nodelay_all_c16_keepalive_ms,1.703209
latency,0,225,http1_rust_nodelay_all_c16_keepalive_ms,1.284642
latency,0,226,http1_rust_nodelay_all_c16_keepalive_ms,1.690158
latency,0,227,http1_rust_nodelay_all_c16_keepalive_ms,1.232721
latency,0,228,http1_rust_nodelay_all_c16_keepalive_ms,1.947963
latency,0,229,http1_rust_nodelay_all_c16_keepalive_ms,1.675169
latency,0,230,http1_rust_nodelay_all_c16_keepalive_ms,1.629438
latency,0,231,http1_rust_nodelay_all_c16_keepalive_ms,1.674268
latency,0,232,http1_rust_nodelay_all_c16_keepalive_ms,1.764910
latency,0,233,http1_rust_nodelay_all_c16_keepalive_ms,2.142257
latency,0,234,http1_rust_nodelay_all_c16_keepalive_ms,0.961276
latency,0,235,http1_rust_nodelay_all_c16_keepalive_ms,1.742260
latency,0,236,http1_rust_nodelay_all_c16_keepalive_ms,1.316602
latency,0,237,http1_rust_nodelay_all_c16_keepalive_ms,1.818971
latency,0,238,http1_rust_nodelay_all_c16_keepalive_ms,1.281082
latency,0,239,http1_rust_nodelay_all_c16_keepalive_ms,2.110806
latency,0,960,http1_rust_nodelay_all_c16_keepalive_ms,1.722849
latency,0,961,http1_rust_nodelay_all_c16_keepalive_ms,1.960444
latency,0,962,http1_rust_nodelay_all_c16_keepalive_ms,1.699109
latency,0,963,http1_rust_nodelay_all_c16_keepalive_ms,1.008147
latency,0,964,http1_rust_nodelay_all_c16_keepalive_ms,1.566247
latency,0,965,http1_rust_nodelay_all_c16_keepalive_ms,1.337272
latency,0,966,http1_rust_nodelay_all_c16_keepalive_ms,1.634178
latency,0,967,http1_rust_nodelay_all_c16_keepalive_ms,1.340623
latency,0,968,http1_rust_nodelay_all_c16_keepalive_ms,1.652298
latency,0,969,http1_rust_nodelay_all_c16_keepalive_ms,1.285272
latency,0,970,http1_rust_nodelay_all_c16_keepalive_ms,1.609177
latency,0,971,http1_rust_nodelay_all_c16_keepalive_ms,1.674229
latency,0,972,http1_rust_nodelay_all_c16_keepalive_ms,1.646058
latency,0,973,http1_rust_nodelay_all_c16_keepalive_ms,1.360583
latency,0,974,http1_rust_nodelay_all_c16_keepalive_ms,1.305672
latency,0,975,http1_rust_nodelay_all_c16_keepalive_ms,1.686929
latency,0,976,http1_rust_nodelay_all_c16_keepalive_ms,1.806161
latency,0,977,http1_rust_nodelay_all_c16_keepalive_ms,1.697439
latency,0,978,http1_rust_nodelay_all_c16_keepalive_ms,1.591577
latency,0,979,http1_rust_nodelay_all_c16_keepalive_ms,1.283132
latency,0,980,http1_rust_nodelay_all_c16_keepalive_ms,1.670288
latency,0,981,http1_rust_nodelay_all_c16_keepalive_ms,1.354613
latency,0,982,http1_rust_nodelay_all_c16_keepalive_ms,1.726309
latency,0,983,http1_rust_nodelay_all_c16_keepalive_ms,1.294292
latency,0,984,http1_rust_nodelay_all_c16_keepalive_ms,1.630078
latency,0,985,http1_rust_nodelay_all_c16_keepalive_ms,1.307682
latency,0,986,http1_rust_nodelay_all_c16_keepalive_ms,1.617668
latency,0,987,http1_rust_nodelay_all_c16_keepalive_ms,1.786390
latency,0,988,http1_rust_nodelay_all_c16_keepalive_ms,1.652849
latency,0,989,http1_rust_nodelay_all_c16_keepalive_ms,1.629697
latency,0,990,http1_rust_nodelay_all_c16_keepalive_ms,1.654948
latency,0,991,http1_rust_nodelay_all_c16_keepalive_ms,1.275152
latency,0,992,http1_rust_nodelay_all_c16_keepalive_ms,1.294502
latency,0,993,http1_rust_nodelay_all_c16_keepalive_ms,1.295732
latency,0,994,http1_rust_nodelay_all_c16_keepalive_ms,1.587387
latency,0,995,http1_rust_nodelay_all_c16_keepalive_ms,1.274332
latency,0,996,http1_rust_nodelay_all_c16_keepalive_ms,1.677518
latency,0,997,http1_rust_nodelay_all_c16_keepalive_ms,1.805731
latency,0,998,http1_rust_nodelay_all_c16_keepalive_ms,1.282242
latency,0,999,http1_rust_nodelay_all_c16_keepalive_ms,1.795541
latency,0,1000,http1_rust_nodelay_all_c16_keepalive_ms,1.300992
latency,0,1001,http1_rust_nodelay_all_c16_keepalive_ms,1.542416
latency,0,1002,http1_rust_nodelay_all_c16_keepalive_ms,1.315752
latency,0,1003,http1_rust_nodelay_all_c16_keepalive_ms,1.542686
latency,0,1004,http1_rust_nodelay_all_c16_keepalive_ms,1.722780
latency,0,1005,http1_rust_nodelay_all_c16_keepalive_ms,1.624528
latency,0,1006,http1_rust_nodelay_all_c16_keepalive_ms,1.284111
latency,0,1007,http1_rust_nodelay_all_c16_keepalive_ms,1.602988
latency,0,1008,http1_rust_nodelay_all_c16_keepalive_ms,1.279952
latency,0,1009,http1_rust_nodelay_all_c16_keepalive_ms,1.708449
latency,0,1010,http1_rust_nodelay_all_c16_keepalive_ms,1.250261
latency,0,1011,http1_rust_nodelay_all_c16_keepalive_ms,1.731700
latency,0,1012,http1_rust_nodelay_all_c16_keepalive_ms,1.631677
latency,0,1013,http1_rust_nodelay_all_c16_keepalive_ms,1.562887
latency,0,1014,http1_rust_nodelay_all_c16_keepalive_ms,1.761780
latency,0,1015,http1_rust_nodelay_all_c16_keepalive_ms,1.248561
latency,0,1016,http1_rust_nodelay_all_c16_keepalive_ms,10.641921
latency,0,1017,http1_rust_nodelay_all_c16_keepalive_ms,1.989324
latency,0,1018,http1_rust_nodelay_all_c16_keepalive_ms,1.261201
latency,0,1019,http1_rust_nodelay_all_c16_keepalive_ms,1.629308
latency,0,1020,http1_rust_nodelay_all_c16_keepalive_ms,1.716529
latency,0,1021,http1_rust_nodelay_all_c16_keepalive_ms,1.582687
latency,0,1022,http1_rust_nodelay_all_c16_keepalive_ms,1.490186
latency,0,1023,http1_rust_nodelay_all_c16_keepalive_ms,1.452684
latency,0,1024,http1_rust_nodelay_all_c16_keepalive_ms,1.335323
latency,0,1025,http1_rust_nodelay_all_c16_keepalive_ms,1.614918
latency,0,1026,http1_rust_nodelay_all_c16_keepalive_ms,1.694759
latency,0,1027,http1_rust_nodelay_all_c16_keepalive_ms,1.664038
latency,0,1028,http1_rust_nodelay_all_c16_keepalive_ms,1.677258
latency,0,1029,http1_rust_nodelay_all_c16_keepalive_ms,1.665759
latency,0,1030,http1_rust_nodelay_all_c16_keepalive_ms,1.619727
latency,0,1031,http1_rust_nodelay_all_c16_keepalive_ms,1.336993
latency,0,1032,http1_rust_nodelay_all_c16_keepalive_ms,1.764960
latency,0,1033,http1_rust_nodelay_all_c16_keepalive_ms,2.135996
latency,0,1034,http1_rust_nodelay_all_c16_keepalive_ms,1.769751
latency,0,1035,http1_rust_nodelay_all_c16_keepalive_ms,1.715359
latency,0,1036,http1_rust_nodelay_all_c16_keepalive_ms,1.307602
latency,0,1037,http1_rust_nodelay_all_c16_keepalive_ms,1.865202
latency,0,1038,http1_rust_nodelay_all_c16_keepalive_ms,2.084485
latency,0,1039,http1_rust_nodelay_all_c16_keepalive_ms,2.073765
latency,0,480,http1_rust_nodelay_all_c16_keepalive_ms,1.685799
latency,0,481,http1_rust_nodelay_all_c16_keepalive_ms,1.485605
latency,0,482,http1_rust_nodelay_all_c16_keepalive_ms,1.698869
latency,0,483,http1_rust_nodelay_all_c16_keepalive_ms,1.757060
latency,0,484,http1_rust_nodelay_all_c16_keepalive_ms,1.627648
latency,0,485,http1_rust_nodelay_all_c16_keepalive_ms,1.510075
latency,0,486,http1_rust_nodelay_all_c16_keepalive_ms,1.712509
latency,0,487,http1_rust_nodelay_all_c16_keepalive_ms,1.713860
latency,0,488,http1_rust_nodelay_all_c16_keepalive_ms,1.761470
latency,0,489,http1_rust_nodelay_all_c16_keepalive_ms,1.618747
latency,0,490,http1_rust_nodelay_all_c16_keepalive_ms,1.235671
latency,0,491,http1_rust_nodelay_all_c16_keepalive_ms,1.712969
latency,0,492,http1_rust_nodelay_all_c16_keepalive_ms,1.766390
latency,0,493,http1_rust_nodelay_all_c16_keepalive_ms,1.694019
latency,0,494,http1_rust_nodelay_all_c16_keepalive_ms,2.075676
latency,0,495,http1_rust_nodelay_all_c16_keepalive_ms,1.631547
latency,0,496,http1_rust_nodelay_all_c16_keepalive_ms,1.748830
latency,0,497,http1_rust_nodelay_all_c16_keepalive_ms,1.276792
latency,0,498,http1_rust_nodelay_all_c16_keepalive_ms,1.675038
latency,0,499,http1_rust_nodelay_all_c16_keepalive_ms,1.780570
latency,0,500,http1_rust_nodelay_all_c16_keepalive_ms,1.692169
latency,0,501,http1_rust_nodelay_all_c16_keepalive_ms,1.740610
latency,0,502,http1_rust_nodelay_all_c16_keepalive_ms,1.324812
latency,0,503,http1_rust_nodelay_all_c16_keepalive_ms,1.620548
latency,0,504,http1_rust_nodelay_all_c16_keepalive_ms,1.229791
latency,0,505,http1_rust_nodelay_all_c16_keepalive_ms,1.579437
latency,0,506,http1_rust_nodelay_all_c16_keepalive_ms,1.752140
latency,0,507,http1_rust_nodelay_all_c16_keepalive_ms,1.683639
latency,0,508,http1_rust_nodelay_all_c16_keepalive_ms,1.651988
latency,0,509,http1_rust_nodelay_all_c16_keepalive_ms,1.299601
latency,0,510,http1_rust_nodelay_all_c16_keepalive_ms,1.684959
latency,0,511,http1_rust_nodelay_all_c16_keepalive_ms,1.264942
latency,0,512,http1_rust_nodelay_all_c16_keepalive_ms,1.306982
latency,0,513,http1_rust_nodelay_all_c16_keepalive_ms,1.589027
latency,0,514,http1_rust_nodelay_all_c16_keepalive_ms,1.668369
latency,0,515,http1_rust_nodelay_all_c16_keepalive_ms,1.690868
latency,0,516,http1_rust_nodelay_all_c16_keepalive_ms,1.640188
latency,0,517,http1_rust_nodelay_all_c16_keepalive_ms,1.383624
latency,0,518,http1_rust_nodelay_all_c16_keepalive_ms,1.697089
latency,0,519,http1_rust_nodelay_all_c16_keepalive_ms,1.542296
latency,0,520,http1_rust_nodelay_all_c16_keepalive_ms,1.706829
latency,0,521,http1_rust_nodelay_all_c16_keepalive_ms,1.532246
latency,0,522,http1_rust_nodelay_all_c16_keepalive_ms,1.674998
latency,0,523,http1_rust_nodelay_all_c16_keepalive_ms,1.635008
latency,0,524,http1_rust_nodelay_all_c16_keepalive_ms,1.645998
latency,0,525,http1_rust_nodelay_all_c16_keepalive_ms,1.642998
latency,0,526,http1_rust_nodelay_all_c16_keepalive_ms,1.355933
latency,0,527,http1_rust_nodelay_all_c16_keepalive_ms,1.671668
latency,0,528,http1_rust_nodelay_all_c16_keepalive_ms,1.340103
latency,0,529,http1_rust_nodelay_all_c16_keepalive_ms,9.326748
latency,0,530,http1_rust_nodelay_all_c16_keepalive_ms,1.321923
latency,0,531,http1_rust_nodelay_all_c16_keepalive_ms,1.687609
latency,0,532,http1_rust_nodelay_all_c16_keepalive_ms,1.310912
latency,0,533,http1_rust_nodelay_all_c16_keepalive_ms,1.661108
latency,0,534,http1_rust_nodelay_all_c16_keepalive_ms,1.745100
latency,0,535,http1_rust_nodelay_all_c16_keepalive_ms,1.796931
latency,0,536,http1_rust_nodelay_all_c16_keepalive_ms,1.647717
latency,0,537,http1_rust_nodelay_all_c16_keepalive_ms,1.590748
latency,0,538,http1_rust_nodelay_all_c16_keepalive_ms,1.274771
latency,0,539,http1_rust_nodelay_all_c16_keepalive_ms,1.610018
latency,0,540,http1_rust_nodelay_all_c16_keepalive_ms,1.266871
latency,0,541,http1_rust_nodelay_all_c16_keepalive_ms,1.844582
latency,0,542,http1_rust_nodelay_all_c16_keepalive_ms,1.875842
latency,0,543,http1_rust_nodelay_all_c16_keepalive_ms,1.644368
latency,0,544,http1_rust_nodelay_all_c16_keepalive_ms,1.224231
latency,0,545,http1_rust_nodelay_all_c16_keepalive_ms,1.306112
latency,0,546,http1_rust_nodelay_all_c16_keepalive_ms,1.630868
latency,0,547,http1_rust_nodelay_all_c16_keepalive_ms,1.663338
latency,0,548,http1_rust_nodelay_all_c16_keepalive_ms,1.693768
latency,0,549,http1_rust_nodelay_all_c16_keepalive_ms,1.641318
latency,0,550,http1_rust_nodelay_all_c16_keepalive_ms,1.627278
latency,0,551,http1_rust_nodelay_all_c16_keepalive_ms,1.884712
latency,0,552,http1_rust_nodelay_all_c16_keepalive_ms,2.008145
latency,0,553,http1_rust_nodelay_all_c16_keepalive_ms,1.812610
latency,0,554,http1_rust_nodelay_all_c16_keepalive_ms,1.676929
latency,0,555,http1_rust_nodelay_all_c16_keepalive_ms,1.757320
latency,0,556,http1_rust_nodelay_all_c16_keepalive_ms,1.273242
latency,0,557,http1_rust_nodelay_all_c16_keepalive_ms,1.890611
latency,0,558,http1_rust_nodelay_all_c16_keepalive_ms,2.535094
latency,0,559,http1_rust_nodelay_all_c16_keepalive_ms,1.435604
latency,0,640,http1_rust_nodelay_all_c16_keepalive_ms,1.667118
latency,0,641,http1_rust_nodelay_all_c16_keepalive_ms,1.469935
latency,0,642,http1_rust_nodelay_all_c16_keepalive_ms,1.704909
latency,0,643,http1_rust_nodelay_all_c16_keepalive_ms,1.887442
latency,0,644,http1_rust_nodelay_all_c16_keepalive_ms,1.193161
latency,0,645,http1_rust_nodelay_all_c16_keepalive_ms,1.579597
latency,0,646,http1_rust_nodelay_all_c16_keepalive_ms,1.681298
latency,0,647,http1_rust_nodelay_all_c16_keepalive_ms,1.308753
latency,0,648,http1_rust_nodelay_all_c16_keepalive_ms,1.628077
latency,0,649,http1_rust_nodelay_all_c16_keepalive_ms,1.655268
latency,0,650,http1_rust_nodelay_all_c16_keepalive_ms,1.330023
latency,0,651,http1_rust_nodelay_all_c16_keepalive_ms,1.319032
latency,0,652,http1_rust_nodelay_all_c16_keepalive_ms,1.652229
latency,0,653,http1_rust_nodelay_all_c16_keepalive_ms,1.766600
latency,0,654,http1_rust_nodelay_all_c16_keepalive_ms,1.740729
latency,0,655,http1_rust_nodelay_all_c16_keepalive_ms,1.547177
latency,0,656,http1_rust_nodelay_all_c16_keepalive_ms,1.233091
latency,0,657,http1_rust_nodelay_all_c16_keepalive_ms,1.294252
latency,0,658,http1_rust_nodelay_all_c16_keepalive_ms,1.654518
latency,0,659,http1_rust_nodelay_all_c16_keepalive_ms,1.679969
latency,0,660,http1_rust_nodelay_all_c16_keepalive_ms,1.728639
latency,0,661,http1_rust_nodelay_all_c16_keepalive_ms,1.728899
latency,0,662,http1_rust_nodelay_all_c16_keepalive_ms,1.753380
latency,0,663,http1_rust_nodelay_all_c16_keepalive_ms,1.752880
latency,0,664,http1_rust_nodelay_all_c16_keepalive_ms,1.543676
latency,0,665,http1_rust_nodelay_all_c16_keepalive_ms,1.614958
latency,0,666,http1_rust_nodelay_all_c16_keepalive_ms,1.671318
latency,0,667,http1_rust_nodelay_all_c16_keepalive_ms,8.941182
latency,0,668,http1_rust_nodelay_all_c16_keepalive_ms,1.304212
latency,0,669,http1_rust_nodelay_all_c16_keepalive_ms,1.591658
latency,0,670,http1_rust_nodelay_all_c16_keepalive_ms,1.279191
latency,0,671,http1_rust_nodelay_all_c16_keepalive_ms,1.714520
latency,0,672,http1_rust_nodelay_all_c16_keepalive_ms,1.831121
latency,0,673,http1_rust_nodelay_all_c16_keepalive_ms,1.830061
latency,0,674,http1_rust_nodelay_all_c16_keepalive_ms,1.313722
latency,0,675,http1_rust_nodelay_all_c16_keepalive_ms,1.462135
latency,0,676,http1_rust_nodelay_all_c16_keepalive_ms,1.734839
latency,0,677,http1_rust_nodelay_all_c16_keepalive_ms,1.520466
latency,0,678,http1_rust_nodelay_all_c16_keepalive_ms,1.294012
latency,0,679,http1_rust_nodelay_all_c16_keepalive_ms,1.679599
latency,0,680,http1_rust_nodelay_all_c16_keepalive_ms,1.720629
latency,0,681,http1_rust_nodelay_all_c16_keepalive_ms,1.598468
latency,0,682,http1_rust_nodelay_all_c16_keepalive_ms,1.367283
latency,0,683,http1_rust_nodelay_all_c16_keepalive_ms,1.695359
latency,0,684,http1_rust_nodelay_all_c16_keepalive_ms,1.642798
latency,0,685,http1_rust_nodelay_all_c16_keepalive_ms,1.320202
latency,0,686,http1_rust_nodelay_all_c16_keepalive_ms,1.592607
latency,0,687,http1_rust_nodelay_all_c16_keepalive_ms,1.690489
latency,0,688,http1_rust_nodelay_all_c16_keepalive_ms,1.702429
latency,0,689,http1_rust_nodelay_all_c16_keepalive_ms,1.688559
latency,0,690,http1_rust_nodelay_all_c16_keepalive_ms,1.753780
latency,0,691,http1_rust_nodelay_all_c16_keepalive_ms,1.633027
latency,0,692,http1_rust_nodelay_all_c16_keepalive_ms,1.309333
latency,0,693,http1_rust_nodelay_all_c16_keepalive_ms,1.626407
latency,0,694,http1_rust_nodelay_all_c16_keepalive_ms,1.278702
latency,0,695,http1_rust_nodelay_all_c16_keepalive_ms,1.688669
latency,0,696,http1_rust_nodelay_all_c16_keepalive_ms,1.799321
latency,0,697,http1_rust_nodelay_all_c16_keepalive_ms,1.601527
latency,0,698,http1_rust_nodelay_all_c16_keepalive_ms,1.591477
latency,0,699,http1_rust_nodelay_all_c16_keepalive_ms,4.885773
latency,0,700,http1_rust_nodelay_all_c16_keepalive_ms,1.767760
latency,0,701,http1_rust_nodelay_all_c16_keepalive_ms,1.327193
latency,0,702,http1_rust_nodelay_all_c16_keepalive_ms,1.249191
latency,0,703,http1_rust_nodelay_all_c16_keepalive_ms,1.677469
latency,0,704,http1_rust_nodelay_all_c16_keepalive_ms,1.717799
latency,0,705,http1_rust_nodelay_all_c16_keepalive_ms,1.714949
latency,0,706,http1_rust_nodelay_all_c16_keepalive_ms,1.230931
latency,0,707,http1_rust_nodelay_all_c16_keepalive_ms,1.656988
latency,0,708,http1_rust_nodelay_all_c16_keepalive_ms,1.608037
latency,0,709,http1_rust_nodelay_all_c16_keepalive_ms,1.332693
latency,0,710,http1_rust_nodelay_all_c16_keepalive_ms,1.885612
latency,0,711,http1_rust_nodelay_all_c16_keepalive_ms,2.095386
latency,0,712,http1_rust_nodelay_all_c16_keepalive_ms,1.628048
latency,0,713,http1_rust_nodelay_all_c16_keepalive_ms,1.675908
latency,0,714,http1_rust_nodelay_all_c16_keepalive_ms,1.420685
latency,0,715,http1_rust_nodelay_all_c16_keepalive_ms,1.643567
latency,0,716,http1_rust_nodelay_all_c16_keepalive_ms,1.669639
latency,0,717,http1_rust_nodelay_all_c16_keepalive_ms,2.797697
latency,0,718,http1_rust_nodelay_all_c16_keepalive_ms,1.032318
latency,0,719,http1_rust_nodelay_all_c16_keepalive_ms,1.733319
latency,0,560,http1_rust_nodelay_all_c16_keepalive_ms,1.387394
latency,0,561,http1_rust_nodelay_all_c16_keepalive_ms,1.899152
latency,0,562,http1_rust_nodelay_all_c16_keepalive_ms,1.810501
latency,0,563,http1_rust_nodelay_all_c16_keepalive_ms,1.476745
latency,0,564,http1_rust_nodelay_all_c16_keepalive_ms,1.626568
latency,0,565,http1_rust_nodelay_all_c16_keepalive_ms,1.507966
latency,0,566,http1_rust_nodelay_all_c16_keepalive_ms,1.715089
latency,0,567,http1_rust_nodelay_all_c16_keepalive_ms,1.714399
latency,0,568,http1_rust_nodelay_all_c16_keepalive_ms,1.760390
latency,0,569,http1_rust_nodelay_all_c16_keepalive_ms,1.618237
latency,0,570,http1_rust_nodelay_all_c16_keepalive_ms,1.236261
latency,0,571,http1_rust_nodelay_all_c16_keepalive_ms,1.712410
latency,0,572,http1_rust_nodelay_all_c16_keepalive_ms,1.259561
latency,0,573,http1_rust_nodelay_all_c16_keepalive_ms,1.760310
latency,0,574,http1_rust_nodelay_all_c16_keepalive_ms,1.414334
latency,0,575,http1_rust_nodelay_all_c16_keepalive_ms,1.286172
latency,0,576,http1_rust_nodelay_all_c16_keepalive_ms,1.598377
latency,0,577,http1_rust_nodelay_all_c16_keepalive_ms,1.315383
latency,0,578,http1_rust_nodelay_all_c16_keepalive_ms,1.638498
latency,0,579,http1_rust_nodelay_all_c16_keepalive_ms,1.676958
latency,0,580,http1_rust_nodelay_all_c16_keepalive_ms,1.780780
latency,0,581,http1_rust_nodelay_all_c16_keepalive_ms,1.700789
latency,0,582,http1_rust_nodelay_all_c16_keepalive_ms,1.728850
latency,0,583,http1_rust_nodelay_all_c16_keepalive_ms,1.715939
latency,0,584,http1_rust_nodelay_all_c16_keepalive_ms,1.651248
latency,0,585,http1_rust_nodelay_all_c16_keepalive_ms,1.580977
latency,0,586,http1_rust_nodelay_all_c16_keepalive_ms,1.399704
latency,0,587,http1_rust_nodelay_all_c16_keepalive_ms,1.254201
latency,0,588,http1_rust_nodelay_all_c16_keepalive_ms,1.579897
latency,0,589,http1_rust_nodelay_all_c16_keepalive_ms,1.766010
latency,0,590,http1_rust_nodelay_all_c16_keepalive_ms,1.689289
latency,0,591,http1_rust_nodelay_all_c16_keepalive_ms,1.711249
latency,0,592,http1_rust_nodelay_all_c16_keepalive_ms,1.656498
latency,0,593,http1_rust_nodelay_all_c16_keepalive_ms,10.511059
latency,0,594,http1_rust_nodelay_all_c16_keepalive_ms,1.711869
latency,0,595,http1_rust_nodelay_all_c16_keepalive_ms,1.516936
latency,0,596,http1_rust_nodelay_all_c16_keepalive_ms,1.640148
latency,0,597,http1_rust_nodelay_all_c16_keepalive_ms,1.738750
latency,0,598,http1_rust_nodelay_all_c16_keepalive_ms,1.709329
latency,0,599,http1_rust_nodelay_all_c16_keepalive_ms,1.827231
latency,0,600,http1_rust_nodelay_all_c16_keepalive_ms,1.747060
latency,0,601,http1_rust_nodelay_all_c16_keepalive_ms,1.686258
latency,0,602,http1_rust_nodelay_all_c16_keepalive_ms,1.744980
latency,0,603,http1_rust_nodelay_all_c16_keepalive_ms,1.620768
latency,0,604,http1_rust_nodelay_all_c16_keepalive_ms,1.562706
latency,0,605,http1_rust_nodelay_all_c16_keepalive_ms,1.284102
latency,0,606,http1_rust_nodelay_all_c16_keepalive_ms,1.698349
latency,0,607,http1_rust_nodelay_all_c16_keepalive_ms,1.690079
latency,0,608,http1_rust_nodelay_all_c16_keepalive_ms,1.753519
latency,0,609,http1_rust_nodelay_all_c16_keepalive_ms,1.710180
latency,0,610,http1_rust_nodelay_all_c16_keepalive_ms,1.673428
latency,0,611,http1_rust_nodelay_all_c16_keepalive_ms,1.302102
latency,0,612,http1_rust_nodelay_all_c16_keepalive_ms,1.575357
latency,0,613,http1_rust_nodelay_all_c16_keepalive_ms,1.295122
latency,0,614,http1_rust_nodelay_all_c16_keepalive_ms,1.703159
latency,0,615,http1_rust_nodelay_all_c16_keepalive_ms,1.652538
latency,0,616,http1_rust_nodelay_all_c16_keepalive_ms,1.591507
latency,0,617,http1_rust_nodelay_all_c16_keepalive_ms,1.708899
latency,0,618,http1_rust_nodelay_all_c16_keepalive_ms,1.656509
latency,0,619,http1_rust_nodelay_all_c16_keepalive_ms,1.416454
latency,0,620,http1_rust_nodelay_all_c16_keepalive_ms,1.760460
latency,0,621,http1_rust_nodelay_all_c16_keepalive_ms,1.787100
latency,0,622,http1_rust_nodelay_all_c16_keepalive_ms,1.286332
latency,0,623,http1_rust_nodelay_all_c16_keepalive_ms,1.689619
latency,0,624,http1_rust_nodelay_all_c16_keepalive_ms,1.669458
latency,0,625,http1_rust_nodelay_all_c16_keepalive_ms,1.675498
latency,0,626,http1_rust_nodelay_all_c16_keepalive_ms,1.272382
latency,0,627,http1_rust_nodelay_all_c16_keepalive_ms,1.666409
latency,0,628,http1_rust_nodelay_all_c16_keepalive_ms,1.566656
latency,0,629,http1_rust_nodelay_all_c16_keepalive_ms,1.789841
latency,0,630,http1_rust_nodelay_all_c16_keepalive_ms,1.673868
latency,0,631,http1_rust_nodelay_all_c16_keepalive_ms,1.837502
latency,0,632,http1_rust_nodelay_all_c16_keepalive_ms,1.758290
latency,0,633,http1_rust_nodelay_all_c16_keepalive_ms,1.686938
latency,0,634,http1_rust_nodelay_all_c16_keepalive_ms,1.516516
latency,0,635,http1_rust_nodelay_all_c16_keepalive_ms,1.656608
latency,0,636,http1_rust_nodelay_all_c16_keepalive_ms,2.073145
latency,0,637,http1_rust_nodelay_all_c16_keepalive_ms,1.946434
latency,0,638,http1_rust_nodelay_all_c16_keepalive_ms,1.749249
latency,0,639,http1_rust_nodelay_all_c16_keepalive_ms,1.649578
latency,0,320,http1_rust_nodelay_all_c16_keepalive_ms,1.590408
latency,0,321,http1_rust_nodelay_all_c16_keepalive_ms,1.877172
latency,0,322,http1_rust_nodelay_all_c16_keepalive_ms,1.735319
latency,0,323,http1_rust_nodelay_all_c16_keepalive_ms,1.709219
latency,0,324,http1_rust_nodelay_all_c16_keepalive_ms,1.196791
latency,0,325,http1_rust_nodelay_all_c16_keepalive_ms,1.843631
latency,0,326,http1_rust_nodelay_all_c16_keepalive_ms,1.742250
latency,0,327,http1_rust_nodelay_all_c16_keepalive_ms,1.589817
latency,0,328,http1_rust_nodelay_all_c16_keepalive_ms,1.274892
latency,0,329,http1_rust_nodelay_all_c16_keepalive_ms,1.504265
latency,0,330,http1_rust_nodelay_all_c16_keepalive_ms,1.315002
latency,0,331,http1_rust_nodelay_all_c16_keepalive_ms,1.678369
latency,0,332,http1_rust_nodelay_all_c16_keepalive_ms,1.639728
latency,0,333,http1_rust_nodelay_all_c16_keepalive_ms,1.409744
latency,0,334,http1_rust_nodelay_all_c16_keepalive_ms,1.702079
latency,0,335,http1_rust_nodelay_all_c16_keepalive_ms,9.553792
latency,0,336,http1_rust_nodelay_all_c16_keepalive_ms,1.340563
latency,0,337,http1_rust_nodelay_all_c16_keepalive_ms,1.716719
latency,0,338,http1_rust_nodelay_all_c16_keepalive_ms,1.326053
latency,0,339,http1_rust_nodelay_all_c16_keepalive_ms,1.677209
latency,0,340,http1_rust_nodelay_all_c16_keepalive_ms,1.598147
latency,0,341,http1_rust_nodelay_all_c16_keepalive_ms,1.671678
latency,0,342,http1_rust_nodelay_all_c16_keepalive_ms,1.716610
latency,0,343,http1_rust_nodelay_all_c16_keepalive_ms,1.260951
latency,0,344,http1_rust_nodelay_all_c16_keepalive_ms,1.190740
latency,0,345,http1_rust_nodelay_all_c16_keepalive_ms,1.672319
latency,0,346,http1_rust_nodelay_all_c16_keepalive_ms,1.700248
latency,0,347,http1_rust_nodelay_all_c16_keepalive_ms,1.685919
latency,0,348,http1_rust_nodelay_all_c16_keepalive_ms,1.669529
latency,0,349,http1_rust_nodelay_all_c16_keepalive_ms,1.686198
latency,0,350,http1_rust_nodelay_all_c16_keepalive_ms,1.764120
latency,0,351,http1_rust_nodelay_all_c16_keepalive_ms,1.325053
latency,0,352,http1_rust_nodelay_all_c16_keepalive_ms,1.570117
latency,0,353,http1_rust_nodelay_all_c16_keepalive_ms,1.757470
latency,0,354,http1_rust_nodelay_all_c16_keepalive_ms,1.805121
latency,0,355,http1_rust_nodelay_all_c16_keepalive_ms,1.619137
latency,0,356,http1_rust_nodelay_all_c16_keepalive_ms,0.948576
latency,0,357,http1_rust_nodelay_all_c16_keepalive_ms,1.597587
latency,0,358,http1_rust_nodelay_all_c16_keepalive_ms,1.752700
latency,0,359,http1_rust_nodelay_all_c16_keepalive_ms,1.666778
latency,0,360,http1_rust_nodelay_all_c16_keepalive_ms,1.703779
latency,0,361,http1_rust_nodelay_all_c16_keepalive_ms,1.604508
latency,0,362,http1_rust_nodelay_all_c16_keepalive_ms,1.349423
latency,0,363,http1_rust_nodelay_all_c16_keepalive_ms,1.264031
latency,0,364,http1_rust_nodelay_all_c16_keepalive_ms,1.665719
latency,0,365,http1_rust_nodelay_all_c16_keepalive_ms,1.327962
latency,0,366,http1_rust_nodelay_all_c16_keepalive_ms,1.584617
latency,0,367,http1_rust_nodelay_all_c16_keepalive_ms,1.252661
latency,0,368,http1_rust_nodelay_all_c16_keepalive_ms,1.588227
latency,0,369,http1_rust_nodelay_all_c16_keepalive_ms,1.249292
latency,0,370,http1_rust_nodelay_all_c16_keepalive_ms,1.681268
latency,0,371,http1_rust_nodelay_all_c16_keepalive_ms,0.968947
latency,0,372,http1_rust_nodelay_all_c16_keepalive_ms,1.667348
latency,0,373,http1_rust_nodelay_all_c16_keepalive_ms,1.658399
latency,0,374,http1_rust_nodelay_all_c16_keepalive_ms,1.352393
latency,0,375,http1_rust_nodelay_all_c16_keepalive_ms,1.664208
latency,0,376,http1_rust_nodelay_all_c16_keepalive_ms,1.712499
latency,0,377,http1_rust_nodelay_all_c16_keepalive_ms,1.769600
latency,0,378,http1_rust_nodelay_all_c16_keepalive_ms,1.625328
latency,0,379,http1_rust_nodelay_all_c16_keepalive_ms,1.609977
latency,0,380,http1_rust_nodelay_all_c16_keepalive_ms,1.282722
latency,0,381,http1_rust_nodelay_all_c16_keepalive_ms,1.253781
latency,0,382,http1_rust_nodelay_all_c16_keepalive_ms,1.710749
latency,0,383,http1_rust_nodelay_all_c16_keepalive_ms,1.848152
latency,0,384,http1_rust_nodelay_all_c16_keepalive_ms,13.636972
latency,0,385,http1_rust_nodelay_all_c16_keepalive_ms,1.913583
latency,0,386,http1_rust_nodelay_all_c16_keepalive_ms,1.651588
latency,0,387,http1_rust_nodelay_all_c16_keepalive_ms,1.813921
latency,0,388,http1_rust_nodelay_all_c16_keepalive_ms,1.676728
latency,0,389,http1_rust_nodelay_all_c16_keepalive_ms,1.502076
latency,0,390,http1_rust_nodelay_all_c16_keepalive_ms,1.704739
latency,0,391,http1_rust_nodelay_all_c16_keepalive_ms,2.470422
latency,0,392,http1_rust_nodelay_all_c16_keepalive_ms,1.938033
latency,0,393,http1_rust_nodelay_all_c16_keepalive_ms,1.137059
latency,0,394,http1_rust_nodelay_all_c16_keepalive_ms,1.981704
latency,0,395,http1_rust_nodelay_all_c16_keepalive_ms,1.056258
latency,0,396,http1_rust_nodelay_all_c16_keepalive_ms,1.057988
latency,0,397,http1_rust_nodelay_all_c16_keepalive_ms,1.368173
latency,0,398,http1_rust_nodelay_all_c16_keepalive_ms,0.970377
latency,0,399,http1_rust_nodelay_all_c16_keepalive_ms,0.807313
latency,0,1040,http1_rust_nodelay_all_c16_keepalive_ms,1.533796
latency,0,1041,http1_rust_nodelay_all_c16_keepalive_ms,2.075216
latency,0,1042,http1_rust_nodelay_all_c16_keepalive_ms,1.733069
latency,0,1043,http1_rust_nodelay_all_c16_keepalive_ms,1.795881
latency,0,1044,http1_rust_nodelay_all_c16_keepalive_ms,1.634918
latency,0,1045,http1_rust_nodelay_all_c16_keepalive_ms,1.533166
latency,0,1046,http1_rust_nodelay_all_c16_keepalive_ms,1.643278
latency,0,1047,http1_rust_nodelay_all_c16_keepalive_ms,1.638818
latency,0,1048,http1_rust_nodelay_all_c16_keepalive_ms,1.733409
latency,0,1049,http1_rust_nodelay_all_c16_keepalive_ms,1.621698
latency,0,1050,http1_rust_nodelay_all_c16_keepalive_ms,1.660808
latency,0,1051,http1_rust_nodelay_all_c16_keepalive_ms,1.315992
latency,0,1052,http1_rust_nodelay_all_c16_keepalive_ms,1.679559
latency,0,1053,http1_rust_nodelay_all_c16_keepalive_ms,0.865615
latency,0,1054,http1_rust_nodelay_all_c16_keepalive_ms,1.708069
latency,0,1055,http1_rust_nodelay_all_c16_keepalive_ms,1.676988
latency,0,1056,http1_rust_nodelay_all_c16_keepalive_ms,1.613518
latency,0,1057,http1_rust_nodelay_all_c16_keepalive_ms,1.257201
latency,0,1058,http1_rust_nodelay_all_c16_keepalive_ms,1.695689
latency,0,1059,http1_rust_nodelay_all_c16_keepalive_ms,1.337453
latency,0,1060,http1_rust_nodelay_all_c16_keepalive_ms,1.650958
latency,0,1061,http1_rust_nodelay_all_c16_keepalive_ms,1.340183
latency,0,1062,http1_rust_nodelay_all_c16_keepalive_ms,1.717659
latency,0,1063,http1_rust_nodelay_all_c16_keepalive_ms,1.326452
latency,0,1064,http1_rust_nodelay_all_c16_keepalive_ms,1.676919
latency,0,1065,http1_rust_nodelay_all_c16_keepalive_ms,1.598277
latency,0,1066,http1_rust_nodelay_all_c16_keepalive_ms,1.671949
latency,0,1067,http1_rust_nodelay_all_c16_keepalive_ms,1.935073
latency,0,1068,http1_rust_nodelay_all_c16_keepalive_ms,1.669928
latency,0,1069,http1_rust_nodelay_all_c16_keepalive_ms,1.688669
latency,0,1070,http1_rust_nodelay_all_c16_keepalive_ms,1.659828
latency,0,1071,http1_rust_nodelay_all_c16_keepalive_ms,1.325942
latency,0,1072,http1_rust_nodelay_all_c16_keepalive_ms,1.657449
latency,0,1073,http1_rust_nodelay_all_c16_keepalive_ms,1.635738
latency,0,1074,http1_rust_nodelay_all_c16_keepalive_ms,1.277871
latency,0,1075,http1_rust_nodelay_all_c16_keepalive_ms,1.682569
latency,0,1076,http1_rust_nodelay_all_c16_keepalive_ms,1.249661
latency,0,1077,http1_rust_nodelay_all_c16_keepalive_ms,1.741000
latency,0,1078,http1_rust_nodelay_all_c16_keepalive_ms,1.752210
latency,0,1079,http1_rust_nodelay_all_c16_keepalive_ms,1.610897
latency,0,1080,http1_rust_nodelay_all_c16_keepalive_ms,1.705849
latency,0,1081,http1_rust_nodelay_all_c16_keepalive_ms,1.475585
latency,0,1082,http1_rust_nodelay_all_c16_keepalive_ms,1.696039
latency,0,1083,http1_rust_nodelay_all_c16_keepalive_ms,1.708119
latency,0,1084,http1_rust_nodelay_all_c16_keepalive_ms,1.290852
latency,0,1085,http1_rust_nodelay_all_c16_keepalive_ms,10.302785
latency,0,1086,http1_rust_nodelay_all_c16_keepalive_ms,1.604308
latency,0,1087,http1_rust_nodelay_all_c16_keepalive_ms,1.736819
latency,0,1088,http1_rust_nodelay_all_c16_keepalive_ms,1.682589
latency,0,1089,http1_rust_nodelay_all_c16_keepalive_ms,1.758610
latency,0,1090,http1_rust_nodelay_all_c16_keepalive_ms,10.324376
latency,0,1091,http1_rust_nodelay_all_c16_keepalive_ms,1.594727
latency,0,1092,http1_rust_nodelay_all_c16_keepalive_ms,1.638648
latency,0,1093,http1_rust_nodelay_all_c16_keepalive_ms,1.246691
latency,0,1094,http1_rust_nodelay_all_c16_keepalive_ms,1.906132
latency,0,1095,http1_rust_nodelay_all_c16_keepalive_ms,1.816801
latency,0,1096,http1_rust_nodelay_all_c16_keepalive_ms,1.790561
latency,0,1097,http1_rust_nodelay_all_c16_keepalive_ms,1.648178
latency,0,1098,http1_rust_nodelay_all_c16_keepalive_ms,1.741040
latency,0,1099,http1_rust_nodelay_all_c16_keepalive_ms,1.278552
latency,0,1100,http1_rust_nodelay_all_c16_keepalive_ms,1.290611
latency,0,1101,http1_rust_nodelay_all_c16_keepalive_ms,1.599707
latency,0,1102,http1_rust_nodelay_all_c16_keepalive_ms,1.277632
latency,0,1103,http1_rust_nodelay_all_c16_keepalive_ms,1.608288
latency,0,1104,http1_rust_nodelay_all_c16_keepalive_ms,1.695278
latency,0,1105,http1_rust_nodelay_all_c16_keepalive_ms,1.912893
latency,0,1106,http1_rust_nodelay_all_c16_keepalive_ms,1.652988
latency,0,1107,http1_rust_nodelay_all_c16_keepalive_ms,1.815781
latency,0,1108,http1_rust_nodelay_all_c16_keepalive_ms,1.675869
latency,0,1109,http1_rust_nodelay_all_c16_keepalive_ms,4.584967
latency,0,1110,http1_rust_nodelay_all_c16_keepalive_ms,2.441142
latency,0,1111,http1_rust_nodelay_all_c16_keepalive_ms,1.236781
latency,0,1112,http1_rust_nodelay_all_c16_keepalive_ms,1.713259
latency,0,1113,http1_rust_nodelay_all_c16_keepalive_ms,1.747850
latency,0,1114,http1_rust_nodelay_all_c16_keepalive_ms,0.838394
latency,0,1115,http1_rust_nodelay_all_c16_keepalive_ms,1.060189
latency,0,1116,http1_rust_nodelay_all_c16_keepalive_ms,1.079458
latency,0,1117,http1_rust_nodelay_all_c16_keepalive_ms,1.008697
latency,0,1118,http1_rust_nodelay_all_c16_keepalive_ms,0.879465
latency,0,1119,http1_rust_nodelay_all_c16_keepalive_ms,0.907816
latency,0,800,http1_rust_nodelay_all_c16_keepalive_ms,1.609007
latency,0,801,http1_rust_nodelay_all_c16_keepalive_ms,1.878632
latency,0,802,http1_rust_nodelay_all_c16_keepalive_ms,1.733660
latency,0,803,http1_rust_nodelay_all_c16_keepalive_ms,1.711209
latency,0,804,http1_rust_nodelay_all_c16_keepalive_ms,1.608647
latency,0,805,http1_rust_nodelay_all_c16_keepalive_ms,1.848182
latency,0,806,http1_rust_nodelay_all_c16_keepalive_ms,1.809850
latency,0,807,http1_rust_nodelay_all_c16_keepalive_ms,1.177251
latency,0,808,http1_rust_nodelay_all_c16_keepalive_ms,1.680468
latency,0,809,http1_rust_nodelay_all_c16_keepalive_ms,1.230101
latency,0,810,http1_rust_nodelay_all_c16_keepalive_ms,1.633078
latency,0,811,http1_rust_nodelay_all_c16_keepalive_ms,1.262961
latency,0,812,http1_rust_nodelay_all_c16_keepalive_ms,10.689252
latency,0,813,http1_rust_nodelay_all_c16_keepalive_ms,1.683319
latency,0,814,http1_rust_nodelay_all_c16_keepalive_ms,1.773520
latency,0,815,http1_rust_nodelay_all_c16_keepalive_ms,1.341653
latency,0,816,http1_rust_nodelay_all_c16_keepalive_ms,1.715829
latency,0,817,http1_rust_nodelay_all_c16_keepalive_ms,1.735829
latency,0,818,http1_rust_nodelay_all_c16_keepalive_ms,1.654679
latency,0,819,http1_rust_nodelay_all_c16_keepalive_ms,1.626727
latency,0,820,http1_rust_nodelay_all_c16_keepalive_ms,1.785301
latency,0,821,http1_rust_nodelay_all_c16_keepalive_ms,1.582037
latency,0,822,http1_rust_nodelay_all_c16_keepalive_ms,1.265191
latency,0,823,http1_rust_nodelay_all_c16_keepalive_ms,1.271162
latency,0,824,http1_rust_nodelay_all_c16_keepalive_ms,1.650418
latency,0,825,http1_rust_nodelay_all_c16_keepalive_ms,1.700249
latency,0,826,http1_rust_nodelay_all_c16_keepalive_ms,1.645698
latency,0,827,http1_rust_nodelay_all_c16_keepalive_ms,1.681768
latency,0,828,http1_rust_nodelay_all_c16_keepalive_ms,1.732160
latency,0,829,http1_rust_nodelay_all_c16_keepalive_ms,1.721809
latency,0,830,http1_rust_nodelay_all_c16_keepalive_ms,1.268462
latency,0,831,http1_rust_nodelay_all_c16_keepalive_ms,1.758360
latency,0,832,http1_rust_nodelay_all_c16_keepalive_ms,1.384594
latency,0,833,http1_rust_nodelay_all_c16_keepalive_ms,1.864251
latency,0,834,http1_rust_nodelay_all_c16_keepalive_ms,1.703759
latency,0,835,http1_rust_nodelay_all_c16_keepalive_ms,1.507606
latency,0,836,http1_rust_nodelay_all_c16_keepalive_ms,1.350983
latency,0,837,http1_rust_nodelay_all_c16_keepalive_ms,1.664978
latency,0,838,http1_rust_nodelay_all_c16_keepalive_ms,1.698039
latency,0,839,http1_rust_nodelay_all_c16_keepalive_ms,1.682559
latency,0,840,http1_rust_nodelay_all_c16_keepalive_ms,1.729709
latency,0,841,http1_rust_nodelay_all_c16_keepalive_ms,1.686079
latency,0,842,http1_rust_nodelay_all_c16_keepalive_ms,1.274772
latency,0,843,http1_rust_nodelay_all_c16_keepalive_ms,1.677588
latency,0,844,http1_rust_nodelay_all_c16_keepalive_ms,1.695759
latency,0,845,http1_rust_nodelay_all_c16_keepalive_ms,1.617607
latency,0,846,http1_rust_nodelay_all_c16_keepalive_ms,1.697949
latency,0,847,http1_rust_nodelay_all_c16_keepalive_ms,1.689259
latency,0,848,http1_rust_nodelay_all_c16_keepalive_ms,1.753220
latency,0,849,http1_rust_nodelay_all_c16_keepalive_ms,1.709739
latency,0,850,http1_rust_nodelay_all_c16_keepalive_ms,1.674179
latency,0,851,http1_rust_nodelay_all_c16_keepalive_ms,1.318582
latency,0,852,http1_rust_nodelay_all_c16_keepalive_ms,1.558147
latency,0,853,http1_rust_nodelay_all_c16_keepalive_ms,1.295962
latency,0,854,http1_rust_nodelay_all_c16_keepalive_ms,1.439784
latency,0,855,http1_rust_nodelay_all_c16_keepalive_ms,1.265792
latency,0,856,http1_rust_nodelay_all_c16_keepalive_ms,1.591827
latency,0,857,http1_rust_nodelay_all_c16_keepalive_ms,1.287741
latency,0,858,http1_rust_nodelay_all_c16_keepalive_ms,1.629008
latency,0,859,http1_rust_nodelay_all_c16_keepalive_ms,1.612128
latency,0,860,http1_rust_nodelay_all_c16_keepalive_ms,1.863802
latency,0,861,http1_rust_nodelay_all_c16_keepalive_ms,1.435884
latency,0,862,http1_rust_nodelay_all_c16_keepalive_ms,1.654598
latency,0,863,http1_rust_nodelay_all_c16_keepalive_ms,1.650108
latency,0,864,http1_rust_nodelay_all_c16_keepalive_ms,1.367644
latency,0,865,http1_rust_nodelay_all_c16_keepalive_ms,7.719841
latency,0,866,http1_rust_nodelay_all_c16_keepalive_ms,1.870672
latency,0,867,http1_rust_nodelay_all_c16_keepalive_ms,1.734379
latency,0,868,http1_rust_nodelay_all_c16_keepalive_ms,1.776461
latency,0,869,http1_rust_nodelay_all_c16_keepalive_ms,1.715559
latency,0,870,http1_rust_nodelay_all_c16_keepalive_ms,1.711539
latency,0,871,http1_rust_nodelay_all_c16_keepalive_ms,1.280642
latency,0,872,http1_rust_nodelay_all_c16_keepalive_ms,1.298452
latency,0,873,http1_rust_nodelay_all_c16_keepalive_ms,2.501602
latency,0,874,http1_rust_nodelay_all_c16_keepalive_ms,1.583227
latency,0,875,http1_rust_nodelay_all_c16_keepalive_ms,10.484289
latency,0,876,http1_rust_nodelay_all_c16_keepalive_ms,0.724262
latency,0,877,http1_rust_nodelay_all_c16_keepalive_ms,0.658201
latency,0,878,http1_rust_nodelay_all_c16_keepalive_ms,0.866275
latency,0,879,http1_rust_nodelay_all_c16_keepalive_ms,0.606500
latency,0,880,http1_rust_nodelay_all_c16_keepalive_ms,1.704449
latency,0,881,http1_rust_nodelay_all_c16_keepalive_ms,1.487415
latency,0,882,http1_rust_nodelay_all_c16_keepalive_ms,1.697539
latency,0,883,http1_rust_nodelay_all_c16_keepalive_ms,1.837662
latency,0,884,http1_rust_nodelay_all_c16_keepalive_ms,1.210260
latency,0,885,http1_rust_nodelay_all_c16_keepalive_ms,1.637958
latency,0,886,http1_rust_nodelay_all_c16_keepalive_ms,1.307112
latency,0,887,http1_rust_nodelay_all_c16_keepalive_ms,1.669889
latency,0,888,http1_rust_nodelay_all_c16_keepalive_ms,1.294222
latency,0,889,http1_rust_nodelay_all_c16_keepalive_ms,1.286072
latency,0,890,http1_rust_nodelay_all_c16_keepalive_ms,1.609257
latency,0,891,http1_rust_nodelay_all_c16_keepalive_ms,1.266541
latency,0,892,http1_rust_nodelay_all_c16_keepalive_ms,1.631698
latency,0,893,http1_rust_nodelay_all_c16_keepalive_ms,1.800621
latency,0,894,http1_rust_nodelay_all_c16_keepalive_ms,1.693899
latency,0,895,http1_rust_nodelay_all_c16_keepalive_ms,1.843131
latency,0,896,http1_rust_nodelay_all_c16_keepalive_ms,1.615248
latency,0,897,http1_rust_nodelay_all_c16_keepalive_ms,1.643728
latency,0,898,http1_rust_nodelay_all_c16_keepalive_ms,1.679868
latency,0,899,http1_rust_nodelay_all_c16_keepalive_ms,1.681049
latency,0,900,http1_rust_nodelay_all_c16_keepalive_ms,1.366453
latency,0,901,http1_rust_nodelay_all_c16_keepalive_ms,1.306062
latency,0,902,http1_rust_nodelay_all_c16_keepalive_ms,1.609998
latency,0,903,http1_rust_nodelay_all_c16_keepalive_ms,1.750490
latency,0,904,http1_rust_nodelay_all_c16_keepalive_ms,10.300225
latency,0,905,http1_rust_nodelay_all_c16_keepalive_ms,1.685318
latency,0,906,http1_rust_nodelay_all_c16_keepalive_ms,10.692353
latency,0,907,http1_rust_nodelay_all_c16_keepalive_ms,1.728459
latency,0,908,http1_rust_nodelay_all_c16_keepalive_ms,1.405624
latency,0,909,http1_rust_nodelay_all_c16_keepalive_ms,1.619347
latency,0,910,http1_rust_nodelay_all_c16_keepalive_ms,1.556337
latency,0,911,http1_rust_nodelay_all_c16_keepalive_ms,1.742779
latency,0,912,http1_rust_nodelay_all_c16_keepalive_ms,1.610058
latency,0,913,http1_rust_nodelay_all_c16_keepalive_ms,1.274462
latency,0,914,http1_rust_nodelay_all_c16_keepalive_ms,1.301542
latency,0,915,http1_rust_nodelay_all_c16_keepalive_ms,1.615407
latency,0,916,http1_rust_nodelay_all_c16_keepalive_ms,1.736340
latency,0,917,http1_rust_nodelay_all_c16_keepalive_ms,1.677699
latency,0,918,http1_rust_nodelay_all_c16_keepalive_ms,1.753319
latency,0,919,http1_rust_nodelay_all_c16_keepalive_ms,1.630508
latency,0,920,http1_rust_nodelay_all_c16_keepalive_ms,10.159713
latency,0,921,http1_rust_nodelay_all_c16_keepalive_ms,10.740043
latency,0,922,http1_rust_nodelay_all_c16_keepalive_ms,1.641088
latency,0,923,http1_rust_nodelay_all_c16_keepalive_ms,1.800360
latency,0,924,http1_rust_nodelay_all_c16_keepalive_ms,1.305363
latency,0,925,http1_rust_nodelay_all_c16_keepalive_ms,1.720489
latency,0,926,http1_rust_nodelay_all_c16_keepalive_ms,1.643808
latency,0,927,http1_rust_nodelay_all_c16_keepalive_ms,1.226411
latency,0,928,http1_rust_nodelay_all_c16_keepalive_ms,1.306502
latency,0,929,http1_rust_nodelay_all_c16_keepalive_ms,1.629978
latency,0,930,http1_rust_nodelay_all_c16_keepalive_ms,1.656478
latency,0,931,http1_rust_nodelay_all_c16_keepalive_ms,1.699529
latency,0,932,http1_rust_nodelay_all_c16_keepalive_ms,1.731749
latency,0,933,http1_rust_nodelay_all_c16_keepalive_ms,1.660288
latency,0,934,http1_rust_nodelay_all_c16_keepalive_ms,1.504916
latency,0,935,http1_rust_nodelay_all_c16_keepalive_ms,1.638188
latency,0,936,http1_rust_nodelay_all_c16_keepalive_ms,1.374113
latency,0,937,http1_rust_nodelay_all_c16_keepalive_ms,1.633948
latency,0,938,http1_rust_nodelay_all_c16_keepalive_ms,0.905126
latency,0,939,http1_rust_nodelay_all_c16_keepalive_ms,1.730999
latency,0,940,http1_rust_nodelay_all_c16_keepalive_ms,1.705929
latency,0,941,http1_rust_nodelay_all_c16_keepalive_ms,2.473862
latency,0,942,http1_rust_nodelay_all_c16_keepalive_ms,1.931863
latency,0,943,http1_rust_nodelay_all_c16_keepalive_ms,1.139859
latency,0,944,http1_rust_nodelay_all_c16_keepalive_ms,1.353644
latency,0,945,http1_rust_nodelay_all_c16_keepalive_ms,1.684298
latency,0,946,http1_rust_nodelay_all_c16_keepalive_ms,1.057038
latency,0,947,http1_rust_nodelay_all_c16_keepalive_ms,0.806034
latency,0,948,http1_rust_nodelay_all_c16_keepalive_ms,1.121069
latency,0,949,http1_rust_nodelay_all_c16_keepalive_ms,0.977937
latency,0,950,http1_rust_nodelay_all_c16_keepalive_ms,1.287702
latency,0,951,http1_rust_nodelay_all_c16_keepalive_ms,1.215330
latency,0,952,http1_rust_nodelay_all_c16_keepalive_ms,0.699032
latency,0,953,http1_rust_nodelay_all_c16_keepalive_ms,0.676411
latency,0,954,http1_rust_nodelay_all_c16_keepalive_ms,0.645731
latency,0,955,http1_rust_nodelay_all_c16_keepalive_ms,1.251142
latency,0,956,http1_rust_nodelay_all_c16_keepalive_ms,0.633131
latency,0,957,http1_rust_nodelay_all_c16_keepalive_ms,0.570769
latency,0,958,http1_rust_nodelay_all_c16_keepalive_ms,0.561100
latency,0,959,http1_rust_nodelay_all_c16_keepalive_ms,0.744193
latency,0,1200,http1_rust_nodelay_all_c16_keepalive_ms,9.398090
latency,0,1201,http1_rust_nodelay_all_c16_keepalive_ms,1.265632
latency,0,1202,http1_rust_nodelay_all_c16_keepalive_ms,10.751162
latency,0,1203,http1_rust_nodelay_all_c16_keepalive_ms,1.694589
latency,0,1204,http1_rust_nodelay_all_c16_keepalive_ms,1.844602
latency,0,1205,http1_rust_nodelay_all_c16_keepalive_ms,1.566026
latency,0,1206,http1_rust_nodelay_all_c16_keepalive_ms,1.281942
latency,0,1207,http1_rust_nodelay_all_c16_keepalive_ms,1.651048
latency,0,1208,http1_rust_nodelay_all_c16_keepalive_ms,1.681529
latency,0,1209,http1_rust_nodelay_all_c16_keepalive_ms,1.728539
latency,0,1210,http1_rust_nodelay_all_c16_keepalive_ms,1.732020
latency,0,1211,http1_rust_nodelay_all_c16_keepalive_ms,1.310542
latency,0,1212,http1_rust_nodelay_all_c16_keepalive_ms,9.029254
latency,0,1213,http1_rust_nodelay_all_c16_keepalive_ms,1.633048
latency,0,1214,http1_rust_nodelay_all_c16_keepalive_ms,1.654238
latency,0,1215,http1_rust_nodelay_all_c16_keepalive_ms,1.659618
latency,0,1216,http1_rust_nodelay_all_c16_keepalive_ms,1.309962
latency,0,1217,http1_rust_nodelay_all_c16_keepalive_ms,1.672079
latency,0,1218,http1_rust_nodelay_all_c16_keepalive_ms,1.327312
latency,0,1219,http1_rust_nodelay_all_c16_keepalive_ms,1.644308
latency,0,1220,http1_rust_nodelay_all_c16_keepalive_ms,1.598957
latency,0,1221,http1_rust_nodelay_all_c16_keepalive_ms,1.666049
latency,0,1222,http1_rust_nodelay_all_c16_keepalive_ms,1.751990
latency,0,1223,http1_rust_nodelay_all_c16_keepalive_ms,1.367633
latency,0,1224,http1_rust_nodelay_all_c16_keepalive_ms,1.765240
latency,0,1225,http1_rust_nodelay_all_c16_keepalive_ms,1.277401
latency,0,1226,http1_rust_nodelay_all_c16_keepalive_ms,1.362934
latency,0,1227,http1_rust_nodelay_all_c16_keepalive_ms,1.744499
latency,0,1228,http1_rust_nodelay_all_c16_keepalive_ms,1.662519
latency,0,1229,http1_rust_nodelay_all_c16_keepalive_ms,1.256331
latency,0,1230,http1_rust_nodelay_all_c16_keepalive_ms,1.301472
latency,0,1231,http1_rust_nodelay_all_c16_keepalive_ms,1.616558
latency,0,1232,http1_rust_nodelay_all_c16_keepalive_ms,1.735920
latency,0,1233,http1_rust_nodelay_all_c16_keepalive_ms,1.677588
latency,0,1234,http1_rust_nodelay_all_c16_keepalive_ms,1.752690
latency,0,1235,http1_rust_nodelay_all_c16_keepalive_ms,1.754000
latency,0,1236,http1_rust_nodelay_all_c16_keepalive_ms,1.581206
latency,0,1237,http1_rust_nodelay_all_c16_keepalive_ms,1.320843
latency,0,1238,http1_rust_nodelay_all_c16_keepalive_ms,1.313982
latency,0,1239,http1_rust_nodelay_all_c16_keepalive_ms,1.692569
latency,0,1240,http1_rust_nodelay_all_c16_keepalive_ms,1.380964
latency,0,1241,http1_rust_nodelay_all_c16_keepalive_ms,1.657458
latency,0,1242,http1_rust_nodelay_all_c16_keepalive_ms,1.344583
latency,0,1243,http1_rust_nodelay_all_c16_keepalive_ms,1.688079
latency,0,1244,http1_rust_nodelay_all_c16_keepalive_ms,1.659978
latency,0,1245,http1_rust_nodelay_all_c16_keepalive_ms,1.713909
latency,0,1246,http1_rust_nodelay_all_c16_keepalive_ms,1.770460
latency,0,1247,http1_rust_nodelay_all_c16_keepalive_ms,1.516246
latency,0,1248,http1_rust_nodelay_all_c16_keepalive_ms,1.611657
latency,0,1249,http1_rust_nodelay_all_c16_keepalive_ms,1.281972
latency,0,1250,http1_rust_nodelay_all_c16_keepalive_ms,1.244751
latency,0,1251,http1_rust_nodelay_all_c16_keepalive_ms,1.789581
latency,0,1252,http1_rust_nodelay_all_c16_keepalive_ms,1.848401
latency,0,1253,http1_rust_nodelay_all_c16_keepalive_ms,1.684809
latency,0,1254,http1_rust_nodelay_all_c16_keepalive_ms,1.576987
latency,0,1255,http1_rust_nodelay_all_c16_keepalive_ms,0.989957
latency,0,1256,http1_rust_nodelay_all_c16_keepalive_ms,1.606717
latency,0,1257,http1_rust_nodelay_all_c16_keepalive_ms,1.700359
latency,0,1258,http1_rust_nodelay_all_c16_keepalive_ms,1.656978
latency,0,1259,http1_rust_nodelay_all_c16_keepalive_ms,1.630968
latency,0,1260,http1_rust_nodelay_all_c16_keepalive_ms,1.673788
latency,0,1261,http1_rust_nodelay_all_c16_keepalive_ms,1.765390
latency,0,1262,http1_rust_nodelay_all_c16_keepalive_ms,2.135677
latency,0,1263,http1_rust_nodelay_all_c16_keepalive_ms,1.769570
latency,0,1264,http1_rust_nodelay_all_c16_keepalive_ms,1.340643
latency,0,1265,http1_rust_nodelay_all_c16_keepalive_ms,1.328793
latency,0,1266,http1_rust_nodelay_all_c16_keepalive_ms,1.809320
latency,0,1267,http1_rust_nodelay_all_c16_keepalive_ms,12.717797
latency,0,1268,http1_rust_nodelay_all_c16_keepalive_ms,0.793793
latency,0,1269,http1_rust_nodelay_all_c16_keepalive_ms,1.295112
latency,0,1270,http1_rust_nodelay_all_c16_keepalive_ms,1.056988
latency,0,1271,http1_rust_nodelay_all_c16_keepalive_ms,0.933196
latency,0,1272,http1_rust_nodelay_all_c16_keepalive_ms,0.660021
latency,0,1273,http1_rust_nodelay_all_c16_keepalive_ms,0.678512
latency,0,1274,http1_rust_nodelay_all_c16_keepalive_ms,1.108299
latency,0,1275,http1_rust_nodelay_all_c16_keepalive_ms,0.693961
latency,0,1276,http1_rust_nodelay_all_c16_keepalive_ms,0.569670
latency,0,1277,http1_rust_nodelay_all_c16_keepalive_ms,0.574410
latency,0,1278,http1_rust_nodelay_all_c16_keepalive_ms,0.583410
latency,0,1279,http1_rust_nodelay_all_c16_keepalive_ms,0.732552
latency,0,240,http1_rust_nodelay_all_c16_keepalive_ms,1.514606
latency,0,241,http1_rust_nodelay_all_c16_keepalive_ms,2.413221
latency,0,242,http1_rust_nodelay_all_c16_keepalive_ms,1.371883
latency,0,243,http1_rust_nodelay_all_c16_keepalive_ms,1.303013
latency,0,244,http1_rust_nodelay_all_c16_keepalive_ms,1.626567
latency,0,245,http1_rust_nodelay_all_c16_keepalive_ms,1.177970
latency,0,246,http1_rust_nodelay_all_c16_keepalive_ms,1.266522
latency,0,247,http1_rust_nodelay_all_c16_keepalive_ms,1.723209
latency,0,248,http1_rust_nodelay_all_c16_keepalive_ms,1.683599
latency,0,249,http1_rust_nodelay_all_c16_keepalive_ms,10.650111
latency,0,250,http1_rust_nodelay_all_c16_keepalive_ms,1.254062
latency,0,251,http1_rust_nodelay_all_c16_keepalive_ms,1.618567
latency,0,252,http1_rust_nodelay_all_c16_keepalive_ms,1.666259
latency,0,253,http1_rust_nodelay_all_c16_keepalive_ms,1.288291
latency,0,254,http1_rust_nodelay_all_c16_keepalive_ms,1.725859
latency,0,255,http1_rust_nodelay_all_c16_keepalive_ms,1.721420
latency,0,256,http1_rust_nodelay_all_c16_keepalive_ms,1.855181
latency,0,257,http1_rust_nodelay_all_c16_keepalive_ms,1.771601
latency,0,258,http1_rust_nodelay_all_c16_keepalive_ms,1.658138
latency,0,259,http1_rust_nodelay_all_c16_keepalive_ms,1.167740
latency,0,260,http1_rust_nodelay_all_c16_keepalive_ms,1.279722
latency,0,261,http1_rust_nodelay_all_c16_keepalive_ms,1.429544
latency,0,262,http1_rust_nodelay_all_c16_keepalive_ms,1.580867
latency,0,263,http1_rust_nodelay_all_c16_keepalive_ms,1.266312
latency,0,264,http1_rust_nodelay_all_c16_keepalive_ms,1.271701
latency,0,265,http1_rust_nodelay_all_c16_keepalive_ms,1.647838
latency,0,266,http1_rust_nodelay_all_c16_keepalive_ms,1.702089
latency,0,267,http1_rust_nodelay_all_c16_keepalive_ms,1.643508
latency,0,268,http1_rust_nodelay_all_c16_keepalive_ms,1.684259
latency,0,269,http1_rust_nodelay_all_c16_keepalive_ms,1.701499
latency,0,270,http1_rust_nodelay_all_c16_keepalive_ms,10.252224
latency,0,271,http1_rust_nodelay_all_c16_keepalive_ms,1.531026
latency,0,272,http1_rust_nodelay_all_c16_keepalive_ms,1.632908
latency,0,273,http1_rust_nodelay_all_c16_keepalive_ms,1.636348
latency,0,274,http1_rust_nodelay_all_c16_keepalive_ms,1.683818
latency,0,275,http1_rust_nodelay_all_c16_keepalive_ms,1.641698
latency,0,276,http1_rust_nodelay_all_c16_keepalive_ms,1.335873
latency,0,277,http1_rust_nodelay_all_c16_keepalive_ms,1.672329
latency,0,278,http1_rust_nodelay_all_c16_keepalive_ms,1.666878
latency,0,279,http1_rust_nodelay_all_c16_keepalive_ms,1.329973
latency,0,280,http1_rust_nodelay_all_c16_keepalive_ms,1.583036
latency,0,281,http1_rust_nodelay_all_c16_keepalive_ms,1.648728
latency,0,282,http1_rust_nodelay_all_c16_keepalive_ms,1.323653
latency,0,283,http1_rust_nodelay_all_c16_keepalive_ms,1.612368
latency,0,284,http1_rust_nodelay_all_c16_keepalive_ms,1.334582
latency,0,285,http1_rust_nodelay_all_c16_keepalive_ms,1.689609
latency,0,286,http1_rust_nodelay_all_c16_keepalive_ms,1.298062
latency,0,287,http1_rust_nodelay_all_c16_keepalive_ms,1.664069
latency,0,288,http1_rust_nodelay_all_c16_keepalive_ms,1.667758
latency,0,289,http1_rust_nodelay_all_c16_keepalive_ms,1.320383
latency,0,290,http1_rust_nodelay_all_c16_keepalive_ms,1.589587
latency,0,291,http1_rust_nodelay_all_c16_keepalive_ms,1.682408
latency,0,292,http1_rust_nodelay_all_c16_keepalive_ms,1.836841
latency,0,293,http1_rust_nodelay_all_c16_keepalive_ms,1.702889
latency,0,294,http1_rust_nodelay_all_c16_keepalive_ms,1.644208
latency,0,295,http1_rust_nodelay_all_c16_keepalive_ms,10.268755
latency,0,296,http1_rust_nodelay_all_c16_keepalive_ms,1.248681
latency,0,297,http1_rust_nodelay_all_c16_keepalive_ms,1.250821
latency,0,298,http1_rust_nodelay_all_c16_keepalive_ms,1.645758
latency,0,299,http1_rust_nodelay_all_c16_keepalive_ms,1.239442
latency,0,300,http1_rust_nodelay_all_c16_keepalive_ms,1.357683
latency,0,301,http1_rust_nodelay_all_c16_keepalive_ms,1.894702
latency,0,302,http1_rust_nodelay_all_c16_keepalive_ms,1.654038
latency,0,303,http1_rust_nodelay_all_c16_keepalive_ms,1.804521
latency,0,304,http1_rust_nodelay_all_c16_keepalive_ms,1.663558
latency,0,305,http1_rust_nodelay_all_c16_keepalive_ms,1.585867
latency,0,306,http1_rust_nodelay_all_c16_keepalive_ms,1.675209
latency,0,307,http1_rust_nodelay_all_c16_keepalive_ms,1.663308
latency,0,308,http1_rust_nodelay_all_c16_keepalive_ms,2.078825
latency,0,309,http1_rust_nodelay_all_c16_keepalive_ms,1.798701
latency,0,310,http1_rust_nodelay_all_c16_keepalive_ms,1.681409
latency,0,311,http1_rust_nodelay_all_c16_keepalive_ms,1.728839
latency,0,312,http1_rust_nodelay_all_c16_keepalive_ms,0.834294
latency,0,313,http1_rust_nodelay_all_c16_keepalive_ms,1.126750
latency,0,314,http1_rust_nodelay_all_c16_keepalive_ms,7.839763
latency,0,315,http1_rust_nodelay_all_c16_keepalive_ms,0.641041
latency,0,316,http1_rust_nodelay_all_c16_keepalive_ms,0.569469
latency,0,317,http1_rust_nodelay_all_c16_keepalive_ms,0.563530
latency,0,318,http1_rust_nodelay_all_c16_keepalive_ms,0.543819
latency,0,319,http1_rust_nodelay_all_c16_keepalive_ms,0.749753
latency,0,80,http1_rust_nodelay_all_c16_keepalive_ms,1.720380
latency,0,81,http1_rust_nodelay_all_c16_keepalive_ms,1.517225
latency,0,82,http1_rust_nodelay_all_c16_keepalive_ms,1.697929
latency,0,83,http1_rust_nodelay_all_c16_keepalive_ms,10.339976
latency,0,84,http1_rust_nodelay_all_c16_keepalive_ms,1.631428
latency,0,85,http1_rust_nodelay_all_c16_keepalive_ms,1.660368
latency,0,86,http1_rust_nodelay_all_c16_keepalive_ms,1.316783
latency,0,87,http1_rust_nodelay_all_c16_keepalive_ms,1.627607
latency,0,88,http1_rust_nodelay_all_c16_keepalive_ms,0.863855
latency,0,89,http1_rust_nodelay_all_c16_keepalive_ms,1.761240
latency,0,90,http1_rust_nodelay_all_c16_keepalive_ms,1.676699
latency,0,91,http1_rust_nodelay_all_c16_keepalive_ms,1.614437
latency,0,92,http1_rust_nodelay_all_c16_keepalive_ms,1.256232
latency,0,93,http1_rust_nodelay_all_c16_keepalive_ms,1.597407
latency,0,94,http1_rust_nodelay_all_c16_keepalive_ms,1.682198
latency,0,95,http1_rust_nodelay_all_c16_keepalive_ms,10.344417
latency,0,96,http1_rust_nodelay_all_c16_keepalive_ms,1.746719
latency,0,97,http1_rust_nodelay_all_c16_keepalive_ms,1.691089
latency,0,98,http1_rust_nodelay_all_c16_keepalive_ms,1.651858
latency,0,99,http1_rust_nodelay_all_c16_keepalive_ms,1.297762
latency,0,100,http1_rust_nodelay_all_c16_keepalive_ms,1.239861
latency,0,101,http1_rust_nodelay_all_c16_keepalive_ms,1.636488
latency,0,102,http1_rust_nodelay_all_c16_keepalive_ms,1.309422
latency,0,103,http1_rust_nodelay_all_c16_keepalive_ms,1.269842
latency,0,104,http1_rust_nodelay_all_c16_keepalive_ms,1.641648
latency,0,105,http1_rust_nodelay_all_c16_keepalive_ms,1.771560
latency,0,106,http1_rust_nodelay_all_c16_keepalive_ms,1.657578
latency,0,107,http1_rust_nodelay_all_c16_keepalive_ms,1.368334
latency,0,108,http1_rust_nodelay_all_c16_keepalive_ms,1.745760
latency,0,109,http1_rust_nodelay_all_c16_keepalive_ms,1.199320
latency,0,110,http1_rust_nodelay_all_c16_keepalive_ms,1.246471
latency,0,111,http1_rust_nodelay_all_c16_keepalive_ms,1.844591
latency,0,112,http1_rust_nodelay_all_c16_keepalive_ms,1.743050
latency,0,113,http1_rust_nodelay_all_c16_keepalive_ms,9.577833
latency,0,114,http1_rust_nodelay_all_c16_keepalive_ms,1.679109
latency,0,115,http1_rust_nodelay_all_c16_keepalive_ms,1.591417
latency,0,116,http1_rust_nodelay_all_c16_keepalive_ms,1.200750
latency,0,117,http1_rust_nodelay_all_c16_keepalive_ms,1.764420
latency,0,118,http1_rust_nodelay_all_c16_keepalive_ms,1.661138
latency,0,119,http1_rust_nodelay_all_c16_keepalive_ms,1.726700
latency,0,120,http1_rust_nodelay_all_c16_keepalive_ms,1.688039
latency,0,121,http1_rust_nodelay_all_c16_keepalive_ms,1.306212
latency,0,122,http1_rust_nodelay_all_c16_keepalive_ms,1.657758
latency,0,123,http1_rust_nodelay_all_c16_keepalive_ms,1.325363
latency,0,124,http1_rust_nodelay_all_c16_keepalive_ms,1.636308
latency,0,125,http1_rust_nodelay_all_c16_keepalive_ms,1.761640
latency,0,126,http1_rust_nodelay_all_c16_keepalive_ms,1.291041
latency,0,127,http1_rust_nodelay_all_c16_keepalive_ms,1.263352
latency,0,128,http1_rust_nodelay_all_c16_keepalive_ms,1.627447
latency,0,129,http1_rust_nodelay_all_c16_keepalive_ms,1.723080
latency,0,130,http1_rust_nodelay_all_c16_keepalive_ms,1.739139
latency,0,131,http1_rust_nodelay_all_c16_keepalive_ms,7.586620
latency,0,132,http1_rust_nodelay_all_c16_keepalive_ms,1.630898
latency,0,133,http1_rust_nodelay_all_c16_keepalive_ms,1.261581
latency,0,134,http1_rust_nodelay_all_c16_keepalive_ms,1.674068
latency,0,135,http1_rust_nodelay_all_c16_keepalive_ms,1.629058
latency,0,136,http1_rust_nodelay_all_c16_keepalive_ms,1.533796
latency,0,137,http1_rust_nodelay_all_c16_keepalive_ms,1.766630
latency,0,138,http1_rust_nodelay_all_c16_keepalive_ms,1.472835
latency,0,139,http1_rust_nodelay_all_c16_keepalive_ms,1.841392
latency,0,140,http1_rust_nodelay_all_c16_keepalive_ms,9.005273
latency,0,141,http1_rust_nodelay_all_c16_keepalive_ms,1.906382
latency,0,142,http1_rust_nodelay_all_c16_keepalive_ms,1.880392
latency,0,143,http1_rust_nodelay_all_c16_keepalive_ms,1.674919
latency,0,144,http1_rust_nodelay_all_c16_keepalive_ms,0.904745
latency,0,145,http1_rust_nodelay_all_c16_keepalive_ms,1.050528
latency,0,146,http1_rust_nodelay_all_c16_keepalive_ms,1.131050
latency,0,147,http1_rust_nodelay_all_c16_keepalive_ms,0.990666
latency,0,148,http1_rust_nodelay_all_c16_keepalive_ms,1.244042
latency,0,149,http1_rust_nodelay_all_c16_keepalive_ms,0.715202
latency,0,150,http1_rust_nodelay_all_c16_keepalive_ms,1.239721
latency,0,151,http1_rust_nodelay_all_c16_keepalive_ms,0.915305
latency,0,152,http1_rust_nodelay_all_c16_keepalive_ms,0.679162
latency,0,153,http1_rust_nodelay_all_c16_keepalive_ms,0.604810
latency,0,154,http1_rust_nodelay_all_c16_keepalive_ms,1.201010
latency,0,155,http1_rust_nodelay_all_c16_keepalive_ms,0.779494
latency,0,156,http1_rust_nodelay_all_c16_keepalive_ms,0.560429
latency,0,157,http1_rust_nodelay_all_c16_keepalive_ms,0.620131
latency,0,158,http1_rust_nodelay_all_c16_keepalive_ms,0.697492
latency,0,159,http1_rust_nodelay_all_c16_keepalive_ms,0.452117
latency,0,0,http1_rust_nodelay_all_c16_keepalive_ms,1.552537
latency,0,1,http1_rust_nodelay_all_c16_keepalive_ms,10.781423
latency,0,2,http1_rust_nodelay_all_c16_keepalive_ms,1.685939
latency,0,3,http1_rust_nodelay_all_c16_keepalive_ms,1.619157
latency,0,4,http1_rust_nodelay_all_c16_keepalive_ms,1.631088
latency,0,5,http1_rust_nodelay_all_c16_keepalive_ms,1.687089
latency,0,6,http1_rust_nodelay_all_c16_keepalive_ms,1.293652
latency,0,7,http1_rust_nodelay_all_c16_keepalive_ms,1.596097
latency,0,8,http1_rust_nodelay_all_c16_keepalive_ms,1.740620
latency,0,9,http1_rust_nodelay_all_c16_keepalive_ms,1.741230
latency,0,10,http1_rust_nodelay_all_c16_keepalive_ms,1.278151
latency,0,11,http1_rust_nodelay_all_c16_keepalive_ms,1.643908
latency,0,12,http1_rust_nodelay_all_c16_keepalive_ms,10.650421
latency,0,13,http1_rust_nodelay_all_c16_keepalive_ms,1.573067
latency,0,14,http1_rust_nodelay_all_c16_keepalive_ms,1.278342
latency,0,15,http1_rust_nodelay_all_c16_keepalive_ms,1.429554
latency,0,16,http1_rust_nodelay_all_c16_keepalive_ms,1.580087
latency,0,17,http1_rust_nodelay_all_c16_keepalive_ms,1.266102
latency,0,18,http1_rust_nodelay_all_c16_keepalive_ms,1.272022
latency,0,19,http1_rust_nodelay_all_c16_keepalive_ms,1.649437
latency,0,20,http1_rust_nodelay_all_c16_keepalive_ms,1.700209
latency,0,21,http1_rust_nodelay_all_c16_keepalive_ms,1.644268
latency,0,22,http1_rust_nodelay_all_c16_keepalive_ms,1.684039
latency,0,23,http1_rust_nodelay_all_c16_keepalive_ms,1.700679
latency,0,24,http1_rust_nodelay_all_c16_keepalive_ms,1.308512
latency,0,25,http1_rust_nodelay_all_c16_keepalive_ms,1.659959
latency,0,26,http1_rust_nodelay_all_c16_keepalive_ms,1.374813
latency,0,27,http1_rust_nodelay_all_c16_keepalive_ms,1.395184
latency,0,28,http1_rust_nodelay_all_c16_keepalive_ms,1.954093
latency,0,29,http1_rust_nodelay_all_c16_keepalive_ms,1.216841
latency,0,30,http1_rust_nodelay_all_c16_keepalive_ms,10.370646
latency,0,31,http1_rust_nodelay_all_c16_keepalive_ms,1.710299
latency,0,32,http1_rust_nodelay_all_c16_keepalive_ms,1.641718
latency,0,33,http1_rust_nodelay_all_c16_keepalive_ms,1.321353
latency,0,34,http1_rust_nodelay_all_c16_keepalive_ms,1.592887
latency,0,35,http1_rust_nodelay_all_c16_keepalive_ms,1.690088
latency,0,36,http1_rust_nodelay_all_c16_keepalive_ms,1.263542
latency,0,37,http1_rust_nodelay_all_c16_keepalive_ms,1.627238
latency,0,38,http1_rust_nodelay_all_c16_keepalive_ms,1.338023
latency,0,39,http1_rust_nodelay_all_c16_keepalive_ms,1.698368
latency,0,40,http1_rust_nodelay_all_c16_keepalive_ms,1.302092
latency,0,41,http1_rust_nodelay_all_c16_keepalive_ms,1.677538
latency,0,42,http1_rust_nodelay_all_c16_keepalive_ms,1.594887
latency,0,43,http1_rust_nodelay_all_c16_keepalive_ms,1.712590
latency,0,44,http1_rust_nodelay_all_c16_keepalive_ms,1.746699
latency,0,45,http1_rust_nodelay_all_c16_keepalive_ms,1.682569
latency,0,46,http1_rust_nodelay_all_c16_keepalive_ms,1.650008
latency,0,47,http1_rust_nodelay_all_c16_keepalive_ms,1.263171
latency,0,48,http1_rust_nodelay_all_c16_keepalive_ms,1.885372
latency,0,49,http1_rust_nodelay_all_c16_keepalive_ms,1.787291
latency,0,50,http1_rust_nodelay_all_c16_keepalive_ms,1.819601
latency,0,51,http1_rust_nodelay_all_c16_keepalive_ms,1.817211
latency,0,52,http1_rust_nodelay_all_c16_keepalive_ms,1.615317
latency,0,53,http1_rust_nodelay_all_c16_keepalive_ms,1.623378
latency,0,54,http1_rust_nodelay_all_c16_keepalive_ms,1.665399
latency,0,55,http1_rust_nodelay_all_c16_keepalive_ms,1.675558
latency,0,56,http1_rust_nodelay_all_c16_keepalive_ms,4.884543
latency,0,57,http1_rust_nodelay_all_c16_keepalive_ms,1.887062
latency,0,58,http1_rust_nodelay_all_c16_keepalive_ms,1.550827
latency,0,59,http1_rust_nodelay_all_c16_keepalive_ms,1.782210
latency,0,60,http1_rust_nodelay_all_c16_keepalive_ms,1.320472
latency,0,61,http1_rust_nodelay_all_c16_keepalive_ms,1.662189
latency,0,62,http1_rust_nodelay_all_c16_keepalive_ms,1.763160
latency,0,63,http1_rust_nodelay_all_c16_keepalive_ms,1.285681
latency,0,64,http1_rust_nodelay_all_c16_keepalive_ms,2.485173
latency,0,65,http1_rust_nodelay_all_c16_keepalive_ms,1.863371
latency,0,66,http1_rust_nodelay_all_c16_keepalive_ms,1.140510
latency,0,67,http1_rust_nodelay_all_c16_keepalive_ms,1.354893
latency,0,68,http1_rust_nodelay_all_c16_keepalive_ms,1.682859
latency,0,69,http1_rust_nodelay_all_c16_keepalive_ms,1.058258
latency,0,70,http1_rust_nodelay_all_c16_keepalive_ms,11.821841
latency,0,71,http1_rust_nodelay_all_c16_keepalive_ms,0.425447
latency,0,72,http1_rust_nodelay_all_c16_keepalive_ms,0.223814
latency,0,73,http1_rust_nodelay_all_c16_keepalive_ms,0.130922
latency,0,74,http1_rust_nodelay_all_c16_keepalive_ms,0.128492
latency,0,75,http1_rust_nodelay_all_c16_keepalive_ms,0.135403
latency,0,76,http1_rust_nodelay_all_c16_keepalive_ms,0.132542
latency,0,77,http1_rust_nodelay_all_c16_keepalive_ms,0.128482
latency,0,78,http1_rust_nodelay_all_c16_keepalive_ms,0.130012
latency,0,79,http1_rust_nodelay_all_c16_keepalive_ms,0.127342
latency,0,1120,http1_rust_nodelay_all_c16_keepalive_ms,1.193320
latency,0,1121,http1_rust_nodelay_all_c16_keepalive_ms,1.475586
latency,0,1122,http1_rust_nodelay_all_c16_keepalive_ms,1.770410
latency,0,1123,http1_rust_nodelay_all_c16_keepalive_ms,1.468715
latency,0,1124,http1_rust_nodelay_all_c16_keepalive_ms,1.426404
latency,0,1125,http1_rust_nodelay_all_c16_keepalive_ms,2.238488
latency,0,1126,http1_rust_nodelay_all_c16_keepalive_ms,1.325233
latency,0,1127,http1_rust_nodelay_all_c16_keepalive_ms,1.339363
latency,0,1128,http1_rust_nodelay_all_c16_keepalive_ms,1.651968
latency,0,1129,http1_rust_nodelay_all_c16_keepalive_ms,1.284282
latency,0,1130,http1_rust_nodelay_all_c16_keepalive_ms,1.609907
latency,0,1131,http1_rust_nodelay_all_c16_keepalive_ms,1.674458
latency,0,1132,http1_rust_nodelay_all_c16_keepalive_ms,1.646258
latency,0,1133,http1_rust_nodelay_all_c16_keepalive_ms,1.774671
latency,0,1134,http1_rust_nodelay_all_c16_keepalive_ms,1.350003
latency,0,1135,http1_rust_nodelay_all_c16_keepalive_ms,1.764710
latency,0,1136,http1_rust_nodelay_all_c16_keepalive_ms,1.612747
latency,0,1137,http1_rust_nodelay_all_c16_keepalive_ms,1.645168
latency,0,1138,http1_rust_nodelay_all_c16_keepalive_ms,1.236131
latency,0,1139,http1_rust_nodelay_all_c16_keepalive_ms,1.682389
latency,0,1140,http1_rust_nodelay_all_c16_keepalive_ms,1.316912
latency,0,1141,http1_rust_nodelay_all_c16_keepalive_ms,1.372973
latency,0,1142,http1_rust_nodelay_all_c16_keepalive_ms,1.726270
latency,0,1143,http1_rust_nodelay_all_c16_keepalive_ms,1.346583
latency,0,1144,http1_rust_nodelay_all_c16_keepalive_ms,1.325392
latency,0,1145,http1_rust_nodelay_all_c16_keepalive_ms,1.458255
latency,0,1146,http1_rust_nodelay_all_c16_keepalive_ms,1.778521
latency,0,1147,http1_rust_nodelay_all_c16_keepalive_ms,1.843501
latency,0,1148,http1_rust_nodelay_all_c16_keepalive_ms,1.624188
latency,0,1149,http1_rust_nodelay_all_c16_keepalive_ms,1.630457
latency,0,1150,http1_rust_nodelay_all_c16_keepalive_ms,1.353484
latency,0,1151,http1_rust_nodelay_all_c16_keepalive_ms,10.183573
latency,0,1152,http1_rust_nodelay_all_c16_keepalive_ms,1.693539
latency,0,1153,http1_rust_nodelay_all_c16_keepalive_ms,9.029703
latency,0,1154,http1_rust_nodelay_all_c16_keepalive_ms,1.644918
latency,0,1155,http1_rust_nodelay_all_c16_keepalive_ms,1.283772
latency,0,1156,http1_rust_nodelay_all_c16_keepalive_ms,1.602987
latency,0,1157,http1_rust_nodelay_all_c16_keepalive_ms,1.753780
latency,0,1158,http1_rust_nodelay_all_c16_keepalive_ms,10.020031
latency,0,1159,http1_rust_nodelay_all_c16_keepalive_ms,1.306822
latency,0,1160,http1_rust_nodelay_all_c16_keepalive_ms,1.437574
latency,0,1161,http1_rust_nodelay_all_c16_keepalive_ms,1.637048
latency,0,1162,http1_rust_nodelay_all_c16_keepalive_ms,1.594647
latency,0,1163,http1_rust_nodelay_all_c16_keepalive_ms,1.753980
latency,0,1164,http1_rust_nodelay_all_c16_keepalive_ms,1.665119
latency,0,1165,http1_rust_nodelay_all_c16_keepalive_ms,1.269891
latency,0,1166,http1_rust_nodelay_all_c16_keepalive_ms,9.029394
latency,0,1167,http1_rust_nodelay_all_c16_keepalive_ms,1.808061
latency,0,1168,http1_rust_nodelay_all_c16_keepalive_ms,1.855951
latency,0,1169,http1_rust_nodelay_all_c16_keepalive_ms,1.248912
latency,0,1170,http1_rust_nodelay_all_c16_keepalive_ms,1.677438
latency,0,1171,http1_rust_nodelay_all_c16_keepalive_ms,1.718580
latency,0,1172,http1_rust_nodelay_all_c16_keepalive_ms,1.712568
latency,0,1173,http1_rust_nodelay_all_c16_keepalive_ms,1.232591
latency,0,1174,http1_rust_nodelay_all_c16_keepalive_ms,1.657489
latency,0,1175,http1_rust_nodelay_all_c16_keepalive_ms,1.608397
latency,0,1176,http1_rust_nodelay_all_c16_keepalive_ms,10.147133
latency,0,1177,http1_rust_nodelay_all_c16_keepalive_ms,1.275212
latency,0,1178,http1_rust_nodelay_all_c16_keepalive_ms,2.017734
latency,0,1179,http1_rust_nodelay_all_c16_keepalive_ms,1.775340
latency,0,1180,http1_rust_nodelay_all_c16_keepalive_ms,1.799271
latency,0,1181,http1_rust_nodelay_all_c16_keepalive_ms,1.681348
latency,0,1182,http1_rust_nodelay_all_c16_keepalive_ms,1.671439
latency,0,1183,http1_rust_nodelay_all_c16_keepalive_ms,0.837604
latency,0,1184,http1_rust_nodelay_all_c16_keepalive_ms,1.061518
latency,0,1185,http1_rust_nodelay_all_c16_keepalive_ms,1.059748
latency,0,1186,http1_rust_nodelay_all_c16_keepalive_ms,1.009027
latency,0,1187,http1_rust_nodelay_all_c16_keepalive_ms,1.301163
latency,0,1188,http1_rust_nodelay_all_c16_keepalive_ms,1.013257
latency,0,1189,http1_rust_nodelay_all_c16_keepalive_ms,0.965136
latency,0,1190,http1_rust_nodelay_all_c16_keepalive_ms,0.856934
latency,0,1191,http1_rust_nodelay_all_c16_keepalive_ms,0.642811
latency,0,1192,http1_rust_nodelay_all_c16_keepalive_ms,1.023558
latency,0,1193,http1_rust_nodelay_all_c16_keepalive_ms,7.421396
latency,0,1194,http1_rust_nodelay_all_c16_keepalive_ms,0.133163
latency,0,1195,http1_rust_nodelay_all_c16_keepalive_ms,0.130632
latency,0,1196,http1_rust_nodelay_all_c16_keepalive_ms,0.128692
latency,0,1197,http1_rust_nodelay_all_c16_keepalive_ms,0.129842
latency,0,1198,http1_rust_nodelay_all_c16_keepalive_ms,0.130752
latency,0,1199,http1_rust_nodelay_all_c16_keepalive_ms,0.134993
latency,0,400,http1_rust_nodelay_all_c16_keepalive_ms,1.570957
latency,0,401,http1_rust_nodelay_all_c16_keepalive_ms,1.877282
latency,0,402,http1_rust_nodelay_all_c16_keepalive_ms,1.736170
latency,0,403,http1_rust_nodelay_all_c16_keepalive_ms,1.274191
latency,0,404,http1_rust_nodelay_all_c16_keepalive_ms,1.207561
latency,0,405,http1_rust_nodelay_all_c16_keepalive_ms,10.642711
latency,0,406,http1_rust_nodelay_all_c16_keepalive_ms,1.746540
latency,0,407,http1_rust_nodelay_all_c16_keepalive_ms,1.736239
latency,0,408,http1_rust_nodelay_all_c16_keepalive_ms,1.739710
latency,0,409,http1_rust_nodelay_all_c16_keepalive_ms,1.741150
latency,0,410,http1_rust_nodelay_all_c16_keepalive_ms,10.616540
latency,0,411,http1_rust_nodelay_all_c16_keepalive_ms,1.751300
latency,0,412,http1_rust_nodelay_all_c16_keepalive_ms,1.823221
latency,0,413,http1_rust_nodelay_all_c16_keepalive_ms,1.614548
latency,0,414,http1_rust_nodelay_all_c16_keepalive_ms,1.671888
latency,0,415,http1_rust_nodelay_all_c16_keepalive_ms,1.764720
latency,0,416,http1_rust_nodelay_all_c16_keepalive_ms,10.254765
latency,0,417,http1_rust_nodelay_all_c16_keepalive_ms,1.592047
latency,0,418,http1_rust_nodelay_all_c16_keepalive_ms,1.339213
latency,0,419,http1_rust_nodelay_all_c16_keepalive_ms,1.681468
latency,0,420,http1_rust_nodelay_all_c16_keepalive_ms,1.757590
latency,0,421,http1_rust_nodelay_all_c16_keepalive_ms,10.756333
latency,0,422,http1_rust_nodelay_all_c16_keepalive_ms,1.586657
latency,0,423,http1_rust_nodelay_all_c16_keepalive_ms,1.280872
latency,0,424,http1_rust_nodelay_all_c16_keepalive_ms,1.707539
latency,0,425,http1_rust_nodelay_all_c16_keepalive_ms,1.251361
latency,0,426,http1_rust_nodelay_all_c16_keepalive_ms,1.731690
latency,0,427,http1_rust_nodelay_all_c16_keepalive_ms,1.631268
latency,0,428,http1_rust_nodelay_all_c16_keepalive_ms,1.564276
latency,0,429,http1_rust_nodelay_all_c16_keepalive_ms,10.597871
latency,0,430,http1_rust_nodelay_all_c16_keepalive_ms,1.289952
latency,0,431,http1_rust_nodelay_all_c16_keepalive_ms,1.648288
latency,0,432,http1_rust_nodelay_all_c16_keepalive_ms,1.337363
latency,0,433,http1_rust_nodelay_all_c16_keepalive_ms,1.272261
latency,0,434,http1_rust_nodelay_all_c16_keepalive_ms,1.551776
latency,0,435,http1_rust_nodelay_all_c16_keepalive_ms,1.267122
latency,0,436,http1_rust_nodelay_all_c16_keepalive_ms,1.587637
latency,0,437,http1_rust_nodelay_all_c16_keepalive_ms,1.568127
latency,0,438,http1_rust_nodelay_all_c16_keepalive_ms,1.432264
latency,0,439,http1_rust_nodelay_all_c16_keepalive_ms,1.827771
latency,0,440,http1_rust_nodelay_all_c16_keepalive_ms,1.624178
latency,0,441,http1_rust_nodelay_all_c16_keepalive_ms,7.283164
latency,0,442,http1_rust_nodelay_all_c16_keepalive_ms,1.641098
latency,0,443,http1_rust_nodelay_all_c16_keepalive_ms,1.955933
latency,0,444,http1_rust_nodelay_all_c16_keepalive_ms,1.435224
latency,0,445,http1_rust_nodelay_all_c16_keepalive_ms,17.081171
latency,0,446,http1_rust_nodelay_all_c16_keepalive_ms,1.241691
latency,0,447,http1_rust_nodelay_all_c16_keepalive_ms,0.851765
latency,0,448,http1_rust_nodelay_all_c16_keepalive_ms,1.343303
latency,0,449,http1_rust_nodelay_all_c16_keepalive_ms,0.793573
latency,0,450,http1_rust_nodelay_all_c16_keepalive_ms,0.785964
latency,0,451,http1_rust_nodelay_all_c16_keepalive_ms,1.101278
latency,0,452,http1_rust_nodelay_all_c16_keepalive_ms,1.238232
latency,0,453,http1_rust_nodelay_all_c16_keepalive_ms,0.700601
latency,0,454,http1_rust_nodelay_all_c16_keepalive_ms,0.678212
latency,0,455,http1_rust_nodelay_all_c16_keepalive_ms,0.798343
latency,0,456,http1_rust_nodelay_all_c16_keepalive_ms,1.030588
latency,0,457,http1_rust_nodelay_all_c16_keepalive_ms,0.822894
latency,0,458,http1_rust_nodelay_all_c16_keepalive_ms,0.590550
latency,0,459,http1_rust_nodelay_all_c16_keepalive_ms,0.571100
latency,0,460,http1_rust_nodelay_all_c16_keepalive_ms,0.569959
latency,0,461,http1_rust_nodelay_all_c16_keepalive_ms,0.700442
latency,0,462,http1_rust_nodelay_all_c16_keepalive_ms,3.267506
latency,0,463,http1_rust_nodelay_all_c16_keepalive_ms,0.199183
latency,0,464,http1_rust_nodelay_all_c16_keepalive_ms,0.189034
latency,0,465,http1_rust_nodelay_all_c16_keepalive_ms,0.186793
latency,0,466,http1_rust_nodelay_all_c16_keepalive_ms,1.521966
latency,0,467,http1_rust_nodelay_all_c16_keepalive_ms,0.194033
latency,0,468,http1_rust_nodelay_all_c16_keepalive_ms,0.209384
latency,0,469,http1_rust_nodelay_all_c16_keepalive_ms,0.204733
latency,0,470,http1_rust_nodelay_all_c16_keepalive_ms,0.216914
latency,0,471,http1_rust_nodelay_all_c16_keepalive_ms,0.206153
latency,0,472,http1_rust_nodelay_all_c16_keepalive_ms,0.202724
latency,0,473,http1_rust_nodelay_all_c16_keepalive_ms,0.200933
latency,0,474,http1_rust_nodelay_all_c16_keepalive_ms,0.201454
latency,0,475,http1_rust_nodelay_all_c16_keepalive_ms,0.212663
latency,0,476,http1_rust_nodelay_all_c16_keepalive_ms,0.152863
latency,0,477,http1_rust_nodelay_all_c16_keepalive_ms,0.188343
latency,0,478,http1_rust_nodelay_all_c16_keepalive_ms,0.203834
latency,0,479,http1_rust_nodelay_all_c16_keepalive_ms,0.154022
trial,0,1280,http1_rust_nodelay_all_c16_median_ms,1.639728
trial,0,1280,http1_rust_nodelay_all_c16_p95_ms,2.110806
trial,0,1280,http1_rust_nodelay_all_c16_requests_per_second,7942.410
trial,0,1280,http1_rust_nodelay_all_c16_wall_ms,161.160
latency,1,560,http1_rust_nodelay_all_c16_keepalive_ms,1.101658
latency,1,561,http1_rust_nodelay_all_c16_keepalive_ms,1.386834
latency,1,562,http1_rust_nodelay_all_c16_keepalive_ms,1.486865
latency,1,563,http1_rust_nodelay_all_c16_keepalive_ms,1.794391
latency,1,564,http1_rust_nodelay_all_c16_keepalive_ms,1.790690
latency,1,565,http1_rust_nodelay_all_c16_keepalive_ms,1.757820
latency,1,566,http1_rust_nodelay_all_c16_keepalive_ms,1.722779
latency,1,567,http1_rust_nodelay_all_c16_keepalive_ms,1.757460
latency,1,568,http1_rust_nodelay_all_c16_keepalive_ms,1.671249
latency,1,569,http1_rust_nodelay_all_c16_keepalive_ms,1.713149
latency,1,570,http1_rust_nodelay_all_c16_keepalive_ms,1.299042
latency,1,571,http1_rust_nodelay_all_c16_keepalive_ms,1.698679
latency,1,572,http1_rust_nodelay_all_c16_keepalive_ms,1.681759
latency,1,573,http1_rust_nodelay_all_c16_keepalive_ms,1.329872
latency,1,574,http1_rust_nodelay_all_c16_keepalive_ms,1.640898
latency,1,575,http1_rust_nodelay_all_c16_keepalive_ms,1.304212
latency,1,576,http1_rust_nodelay_all_c16_keepalive_ms,1.299382
latency,1,577,http1_rust_nodelay_all_c16_keepalive_ms,1.739580
latency,1,578,http1_rust_nodelay_all_c16_keepalive_ms,1.626148
latency,1,579,http1_rust_nodelay_all_c16_keepalive_ms,1.740779
latency,1,580,http1_rust_nodelay_all_c16_keepalive_ms,1.778181
latency,1,581,http1_rust_nodelay_all_c16_keepalive_ms,1.724009
latency,1,582,http1_rust_nodelay_all_c16_keepalive_ms,1.705029
latency,1,583,http1_rust_nodelay_all_c16_keepalive_ms,1.762050
latency,1,584,http1_rust_nodelay_all_c16_keepalive_ms,1.403244
latency,1,585,http1_rust_nodelay_all_c16_keepalive_ms,1.447014
latency,1,586,http1_rust_nodelay_all_c16_keepalive_ms,1.703689
latency,1,587,http1_rust_nodelay_all_c16_keepalive_ms,1.299253
latency,1,588,http1_rust_nodelay_all_c16_keepalive_ms,1.711379
latency,1,589,http1_rust_nodelay_all_c16_keepalive_ms,1.656678
latency,1,590,http1_rust_nodelay_all_c16_keepalive_ms,1.729930
latency,1,591,http1_rust_nodelay_all_c16_keepalive_ms,1.681058
latency,1,592,http1_rust_nodelay_all_c16_keepalive_ms,1.651098
latency,1,593,http1_rust_nodelay_all_c16_keepalive_ms,10.711422
latency,1,594,http1_rust_nodelay_all_c16_keepalive_ms,1.636938
latency,1,595,http1_rust_nodelay_all_c16_keepalive_ms,1.346353
latency,1,596,http1_rust_nodelay_all_c16_keepalive_ms,1.357423
latency,1,597,http1_rust_nodelay_all_c16_keepalive_ms,1.743020
latency,1,598,http1_rust_nodelay_all_c16_keepalive_ms,1.287592
latency,1,599,http1_rust_nodelay_all_c16_keepalive_ms,1.305492
latency,1,600,http1_rust_nodelay_all_c16_keepalive_ms,1.355913
latency,1,601,http1_rust_nodelay_all_c16_keepalive_ms,1.760370
latency,1,602,http1_rust_nodelay_all_c16_keepalive_ms,1.337713
latency,1,603,http1_rust_nodelay_all_c16_keepalive_ms,1.605807
latency,1,604,http1_rust_nodelay_all_c16_keepalive_ms,1.384734
latency,1,605,http1_rust_nodelay_all_c16_keepalive_ms,1.319192
latency,1,606,http1_rust_nodelay_all_c16_keepalive_ms,1.652058
latency,1,607,http1_rust_nodelay_all_c16_keepalive_ms,1.711340
latency,1,608,http1_rust_nodelay_all_c16_keepalive_ms,1.623447
latency,1,609,http1_rust_nodelay_all_c16_keepalive_ms,1.368164
latency,1,610,http1_rust_nodelay_all_c16_keepalive_ms,1.688948
latency,1,611,http1_rust_nodelay_all_c16_keepalive_ms,1.349123
latency,1,612,http1_rust_nodelay_all_c16_keepalive_ms,1.688029
latency,1,613,http1_rust_nodelay_all_c16_keepalive_ms,1.680498
latency,1,614,http1_rust_nodelay_all_c16_keepalive_ms,1.274622
latency,1,615,http1_rust_nodelay_all_c16_keepalive_ms,1.594247
latency,1,616,http1_rust_nodelay_all_c16_keepalive_ms,1.798221
latency,1,617,http1_rust_nodelay_all_c16_keepalive_ms,1.345993
latency,1,618,http1_rust_nodelay_all_c16_keepalive_ms,1.623628
latency,1,619,http1_rust_nodelay_all_c16_keepalive_ms,1.671868
latency,1,620,http1_rust_nodelay_all_c16_keepalive_ms,1.800630
latency,1,621,http1_rust_nodelay_all_c16_keepalive_ms,1.626238
latency,1,622,http1_rust_nodelay_all_c16_keepalive_ms,1.699529
latency,1,623,http1_rust_nodelay_all_c16_keepalive_ms,1.309842
latency,1,624,http1_rust_nodelay_all_c16_keepalive_ms,1.903043
latency,1,625,http1_rust_nodelay_all_c16_keepalive_ms,1.304952
latency,1,626,http1_rust_nodelay_all_c16_keepalive_ms,1.736610
latency,1,627,http1_rust_nodelay_all_c16_keepalive_ms,1.303602
latency,1,628,http1_rust_nodelay_all_c16_keepalive_ms,1.718489
latency,1,629,http1_rust_nodelay_all_c16_keepalive_ms,1.360663
latency,1,630,http1_rust_nodelay_all_c16_keepalive_ms,1.760790
latency,1,631,http1_rust_nodelay_all_c16_keepalive_ms,1.339263
latency,1,632,http1_rust_nodelay_all_c16_keepalive_ms,1.751800
latency,1,633,http1_rust_nodelay_all_c16_keepalive_ms,1.783100
latency,1,634,http1_rust_nodelay_all_c16_keepalive_ms,1.703199
latency,1,635,http1_rust_nodelay_all_c16_keepalive_ms,1.340953
latency,1,636,http1_rust_nodelay_all_c16_keepalive_ms,1.742740
latency,1,637,http1_rust_nodelay_all_c16_keepalive_ms,1.373233
latency,1,638,http1_rust_nodelay_all_c16_keepalive_ms,1.636908
latency,1,639,http1_rust_nodelay_all_c16_keepalive_ms,1.342913
latency,1,800,http1_rust_nodelay_all_c16_keepalive_ms,1.121079
latency,1,801,http1_rust_nodelay_all_c16_keepalive_ms,1.388804
latency,1,802,http1_rust_nodelay_all_c16_keepalive_ms,1.487205
latency,1,803,http1_rust_nodelay_all_c16_keepalive_ms,1.794080
latency,1,804,http1_rust_nodelay_all_c16_keepalive_ms,1.619868
latency,1,805,http1_rust_nodelay_all_c16_keepalive_ms,7.650960
latency,1,806,http1_rust_nodelay_all_c16_keepalive_ms,1.276882
latency,1,807,http1_rust_nodelay_all_c16_keepalive_ms,1.641228
latency,1,808,http1_rust_nodelay_all_c16_keepalive_ms,1.688199
latency,1,809,http1_rust_nodelay_all_c16_keepalive_ms,1.736979
latency,1,810,http1_rust_nodelay_all_c16_keepalive_ms,1.744159
latency,1,811,http1_rust_nodelay_all_c16_keepalive_ms,1.697749
latency,1,812,http1_rust_nodelay_all_c16_keepalive_ms,1.696229
latency,1,813,http1_rust_nodelay_all_c16_keepalive_ms,4.469987
latency,1,814,http1_rust_nodelay_all_c16_keepalive_ms,1.333322
latency,1,815,http1_rust_nodelay_all_c16_keepalive_ms,1.746080
latency,1,816,http1_rust_nodelay_all_c16_keepalive_ms,1.711319
latency,1,817,http1_rust_nodelay_all_c16_keepalive_ms,1.295532
latency,1,818,http1_rust_nodelay_all_c16_keepalive_ms,1.316583
latency,1,819,http1_rust_nodelay_all_c16_keepalive_ms,1.818940
latency,1,820,http1_rust_nodelay_all_c16_keepalive_ms,1.414324
latency,1,821,http1_rust_nodelay_all_c16_keepalive_ms,1.299963
latency,1,822,http1_rust_nodelay_all_c16_keepalive_ms,1.554216
latency,1,823,http1_rust_nodelay_all_c16_keepalive_ms,1.733910
latency,1,824,http1_rust_nodelay_all_c16_keepalive_ms,1.274001
latency,1,825,http1_rust_nodelay_all_c16_keepalive_ms,1.334513
latency,1,826,http1_rust_nodelay_all_c16_keepalive_ms,1.640528
latency,1,827,http1_rust_nodelay_all_c16_keepalive_ms,1.338923
latency,1,828,http1_rust_nodelay_all_c16_keepalive_ms,1.301112
latency,1,829,http1_rust_nodelay_all_c16_keepalive_ms,1.694809
latency,1,830,http1_rust_nodelay_all_c16_keepalive_ms,1.713609
latency,1,831,http1_rust_nodelay_all_c16_keepalive_ms,1.768850
latency,1,832,http1_rust_nodelay_all_c16_keepalive_ms,1.374093
latency,1,833,http1_rust_nodelay_all_c16_keepalive_ms,1.308193
latency,1,834,http1_rust_nodelay_all_c16_keepalive_ms,1.696819
latency,1,835,http1_rust_nodelay_all_c16_keepalive_ms,1.768290
latency,1,836,http1_rust_nodelay_all_c16_keepalive_ms,1.730889
latency,1,837,http1_rust_nodelay_all_c16_keepalive_ms,1.354083
latency,1,838,http1_rust_nodelay_all_c16_keepalive_ms,1.808941
latency,1,839,http1_rust_nodelay_all_c16_keepalive_ms,1.722459
latency,1,840,http1_rust_nodelay_all_c16_keepalive_ms,1.282622
latency,1,841,http1_rust_nodelay_all_c16_keepalive_ms,1.661058
latency,1,842,http1_rust_nodelay_all_c16_keepalive_ms,1.836421
latency,1,843,http1_rust_nodelay_all_c16_keepalive_ms,1.706180
latency,1,844,http1_rust_nodelay_all_c16_keepalive_ms,1.314472
latency,1,845,http1_rust_nodelay_all_c16_keepalive_ms,1.709629
latency,1,846,http1_rust_nodelay_all_c16_keepalive_ms,1.658558
latency,1,847,http1_rust_nodelay_all_c16_keepalive_ms,1.730850
latency,1,848,http1_rust_nodelay_all_c16_keepalive_ms,1.773220
latency,1,849,http1_rust_nodelay_all_c16_keepalive_ms,1.291942
latency,1,850,http1_rust_nodelay_all_c16_keepalive_ms,1.684649
latency,1,851,http1_rust_nodelay_all_c16_keepalive_ms,1.720809
latency,1,852,http1_rust_nodelay_all_c16_keepalive_ms,1.691009
latency,1,853,http1_rust_nodelay_all_c16_keepalive_ms,1.304512
latency,1,854,http1_rust_nodelay_all_c16_keepalive_ms,1.616847
latency,1,855,http1_rust_nodelay_all_c16_keepalive_ms,1.316363
latency,1,856,http1_rust_nodelay_all_c16_keepalive_ms,1.779940
latency,1,857,http1_rust_nodelay_all_c16_keepalive_ms,1.771300
latency,1,858,http1_rust_nodelay_all_c16_keepalive_ms,1.649168
latency,1,859,http1_rust_nodelay_all_c16_keepalive_ms,1.302123
latency,1,860,http1_rust_nodelay_all_c16_keepalive_ms,1.848181
latency,1,861,http1_rust_nodelay_all_c16_keepalive_ms,1.625237
latency,1,862,http1_rust_nodelay_all_c16_keepalive_ms,1.623328
latency,1,863,http1_rust_nodelay_all_c16_keepalive_ms,1.716089
latency,1,864,http1_rust_nodelay_all_c16_keepalive_ms,1.617508
latency,1,865,http1_rust_nodelay_all_c16_keepalive_ms,1.735620
latency,1,866,http1_rust_nodelay_all_c16_keepalive_ms,1.307052
latency,1,867,http1_rust_nodelay_all_c16_keepalive_ms,1.723949
latency,1,868,http1_rust_nodelay_all_c16_keepalive_ms,1.724610
latency,1,869,http1_rust_nodelay_all_c16_keepalive_ms,1.745009
latency,1,870,http1_rust_nodelay_all_c16_keepalive_ms,1.400414
latency,1,871,http1_rust_nodelay_all_c16_keepalive_ms,1.786210
latency,1,872,http1_rust_nodelay_all_c16_keepalive_ms,1.903863
latency,1,873,http1_rust_nodelay_all_c16_keepalive_ms,1.856851
latency,1,874,http1_rust_nodelay_all_c16_keepalive_ms,1.688839
latency,1,875,http1_rust_nodelay_all_c16_keepalive_ms,1.336683
latency,1,876,http1_rust_nodelay_all_c16_keepalive_ms,1.763010
latency,1,877,http1_rust_nodelay_all_c16_keepalive_ms,1.711359
latency,1,878,http1_rust_nodelay_all_c16_keepalive_ms,1.403914
latency,1,879,http1_rust_nodelay_all_c16_keepalive_ms,2.223388
latency,1,160,http1_rust_nodelay_all_c16_keepalive_ms,1.079768
latency,1,161,http1_rust_nodelay_all_c16_keepalive_ms,1.809831
latency,1,162,http1_rust_nodelay_all_c16_keepalive_ms,1.443614
latency,1,163,http1_rust_nodelay_all_c16_keepalive_ms,1.854932
latency,1,164,http1_rust_nodelay_all_c16_keepalive_ms,1.760020
latency,1,165,http1_rust_nodelay_all_c16_keepalive_ms,1.767830
latency,1,166,http1_rust_nodelay_all_c16_keepalive_ms,1.772550
latency,1,167,http1_rust_nodelay_all_c16_keepalive_ms,1.742900
latency,1,168,http1_rust_nodelay_all_c16_keepalive_ms,1.683868
latency,1,169,http1_rust_nodelay_all_c16_keepalive_ms,1.363434
latency,1,170,http1_rust_nodelay_all_c16_keepalive_ms,1.607577
latency,1,171,http1_rust_nodelay_all_c16_keepalive_ms,1.349863
latency,1,172,http1_rust_nodelay_all_c16_keepalive_ms,1.680229
latency,1,173,http1_rust_nodelay_all_c16_keepalive_ms,1.746859
latency,1,174,http1_rust_nodelay_all_c16_keepalive_ms,1.310092
latency,1,175,http1_rust_nodelay_all_c16_keepalive_ms,1.686549
latency,1,176,http1_rust_nodelay_all_c16_keepalive_ms,1.732790
latency,1,177,http1_rust_nodelay_all_c16_keepalive_ms,1.699799
latency,1,178,http1_rust_nodelay_all_c16_keepalive_ms,1.640198
latency,1,179,http1_rust_nodelay_all_c16_keepalive_ms,1.777550
latency,1,180,http1_rust_nodelay_all_c16_keepalive_ms,1.749690
latency,1,181,http1_rust_nodelay_all_c16_keepalive_ms,1.346883
latency,1,182,http1_rust_nodelay_all_c16_keepalive_ms,1.665548
latency,1,183,http1_rust_nodelay_all_c16_keepalive_ms,1.770930
latency,1,184,http1_rust_nodelay_all_c16_keepalive_ms,1.881522
latency,1,185,http1_rust_nodelay_all_c16_keepalive_ms,1.774950
latency,1,186,http1_rust_nodelay_all_c16_keepalive_ms,1.310922
latency,1,187,http1_rust_nodelay_all_c16_keepalive_ms,1.692969
latency,1,188,http1_rust_nodelay_all_c16_keepalive_ms,1.674619
latency,1,189,http1_rust_nodelay_all_c16_keepalive_ms,1.342983
latency,1,190,http1_rust_nodelay_all_c16_keepalive_ms,1.313982
latency,1,191,http1_rust_nodelay_all_c16_keepalive_ms,1.705299
latency,1,192,http1_rust_nodelay_all_c16_keepalive_ms,1.624318
latency,1,193,http1_rust_nodelay_all_c16_keepalive_ms,1.671428
latency,1,194,http1_rust_nodelay_all_c16_keepalive_ms,1.346173
latency,1,195,http1_rust_nodelay_all_c16_keepalive_ms,1.781350
latency,1,196,http1_rust_nodelay_all_c16_keepalive_ms,1.768820
latency,1,197,http1_rust_nodelay_all_c16_keepalive_ms,1.709820
latency,1,198,http1_rust_nodelay_all_c16_keepalive_ms,1.879592
latency,1,199,http1_rust_nodelay_all_c16_keepalive_ms,1.653428
latency,1,200,http1_rust_nodelay_all_c16_keepalive_ms,10.317295
latency,1,201,http1_rust_nodelay_all_c16_keepalive_ms,1.735060
latency,1,202,http1_rust_nodelay_all_c16_keepalive_ms,1.708589
latency,1,203,http1_rust_nodelay_all_c16_keepalive_ms,1.704059
latency,1,204,http1_rust_nodelay_all_c16_keepalive_ms,1.659898
latency,1,205,http1_rust_nodelay_all_c16_keepalive_ms,1.728420
latency,1,206,http1_rust_nodelay_all_c16_keepalive_ms,1.690239
latency,1,207,http1_rust_nodelay_all_c16_keepalive_ms,1.654638
latency,1,208,http1_rust_nodelay_all_c16_keepalive_ms,1.308542
latency,1,209,http1_rust_nodelay_all_c16_keepalive_ms,1.717109
latency,1,210,http1_rust_nodelay_all_c16_keepalive_ms,1.694249
latency,1,211,http1_rust_nodelay_all_c16_keepalive_ms,1.798480
latency,1,212,http1_rust_nodelay_all_c16_keepalive_ms,1.340483
latency,1,213,http1_rust_nodelay_all_c16_keepalive_ms,1.679269
latency,1,214,http1_rust_nodelay_all_c16_keepalive_ms,1.398844
latency,1,215,http1_rust_nodelay_all_c16_keepalive_ms,1.696589
latency,1,216,http1_rust_nodelay_all_c16_keepalive_ms,1.780380
latency,1,217,http1_rust_nodelay_all_c16_keepalive_ms,1.676599
latency,1,218,http1_rust_nodelay_all_c16_keepalive_ms,1.463364
latency,1,219,http1_rust_nodelay_all_c16_keepalive_ms,1.598017
latency,1,220,http1_rust_nodelay_all_c16_keepalive_ms,1.743250
latency,1,221,http1_rust_nodelay_all_c16_keepalive_ms,1.322593
latency,1,222,http1_rust_nodelay_all_c16_keepalive_ms,1.571616
latency,1,223,http1_rust_nodelay_all_c16_keepalive_ms,1.335033
latency,1,224,http1_rust_nodelay_all_c16_keepalive_ms,1.656688
latency,1,225,http1_rust_nodelay_all_c16_keepalive_ms,1.734370
latency,1,226,http1_rust_nodelay_all_c16_keepalive_ms,1.316182
latency,1,227,http1_rust_nodelay_all_c16_keepalive_ms,1.751860
latency,1,228,http1_rust_nodelay_all_c16_keepalive_ms,1.840132
latency,1,229,http1_rust_nodelay_all_c16_keepalive_ms,1.742309
latency,1,230,http1_rust_nodelay_all_c16_keepalive_ms,1.507936
latency,1,231,http1_rust_nodelay_all_c16_keepalive_ms,1.745059
latency,1,232,http1_rust_nodelay_all_c16_keepalive_ms,1.359804
latency,1,233,http1_rust_nodelay_all_c16_keepalive_ms,1.341302
latency,1,234,http1_rust_nodelay_all_c16_keepalive_ms,1.741810
latency,1,235,http1_rust_nodelay_all_c16_keepalive_ms,1.373984
latency,1,236,http1_rust_nodelay_all_c16_keepalive_ms,1.636947
latency,1,237,http1_rust_nodelay_all_c16_keepalive_ms,1.720480
latency,1,238,http1_rust_nodelay_all_c16_keepalive_ms,2.313519
latency,1,239,http1_rust_nodelay_all_c16_keepalive_ms,1.995724
latency,1,320,http1_rust_nodelay_all_c16_keepalive_ms,1.766460
latency,1,321,http1_rust_nodelay_all_c16_keepalive_ms,1.911743
latency,1,322,http1_rust_nodelay_all_c16_keepalive_ms,1.757730
latency,1,323,http1_rust_nodelay_all_c16_keepalive_ms,1.421524
latency,1,324,http1_rust_nodelay_all_c16_keepalive_ms,1.767640
latency,1,325,http1_rust_nodelay_all_c16_keepalive_ms,1.747440
latency,1,326,http1_rust_nodelay_all_c16_keepalive_ms,1.268211
latency,1,327,http1_rust_nodelay_all_c16_keepalive_ms,1.735640
latency,1,328,http1_rust_nodelay_all_c16_keepalive_ms,1.740419
latency,1,329,http1_rust_nodelay_all_c16_keepalive_ms,1.664119
latency,1,330,http1_rust_nodelay_all_c16_keepalive_ms,1.689299
latency,1,331,http1_rust_nodelay_all_c16_keepalive_ms,1.334032
latency,1,332,http1_rust_nodelay_all_c16_keepalive_ms,1.281352
latency,1,333,http1_rust_nodelay_all_c16_keepalive_ms,1.693719
latency,1,334,http1_rust_nodelay_all_c16_keepalive_ms,1.613347
latency,1,335,http1_rust_nodelay_all_c16_keepalive_ms,1.755700
latency,1,336,http1_rust_nodelay_all_c16_keepalive_ms,1.860732
latency,1,337,http1_rust_nodelay_all_c16_keepalive_ms,1.584677
latency,1,338,http1_rust_nodelay_all_c16_keepalive_ms,3.897166
latency,1,339,http1_rust_nodelay_all_c16_keepalive_ms,1.714729
latency,1,340,http1_rust_nodelay_all_c16_keepalive_ms,1.733650
latency,1,341,http1_rust_nodelay_all_c16_keepalive_ms,1.704019
latency,1,342,http1_rust_nodelay_all_c16_keepalive_ms,1.439774
latency,1,343,http1_rust_nodelay_all_c16_keepalive_ms,1.776190
latency,1,344,http1_rust_nodelay_all_c16_keepalive_ms,1.780231
latency,1,345,http1_rust_nodelay_all_c16_keepalive_ms,1.682138
latency,1,346,http1_rust_nodelay_all_c16_keepalive_ms,1.758920
latency,1,347,http1_rust_nodelay_all_c16_keepalive_ms,10.399697
latency,1,348,http1_rust_nodelay_all_c16_keepalive_ms,1.837782
latency,1,349,http1_rust_nodelay_all_c16_keepalive_ms,1.679908
latency,1,350,http1_rust_nodelay_all_c16_keepalive_ms,1.318513
latency,1,351,http1_rust_nodelay_all_c16_keepalive_ms,1.610057
latency,1,352,http1_rust_nodelay_all_c16_keepalive_ms,1.751020
latency,1,353,http1_rust_nodelay_all_c16_keepalive_ms,1.663978
latency,1,354,http1_rust_nodelay_all_c16_keepalive_ms,1.680189
latency,1,355,http1_rust_nodelay_all_c16_keepalive_ms,1.738120
latency,1,356,http1_rust_nodelay_all_c16_keepalive_ms,1.783190
latency,1,357,http1_rust_nodelay_all_c16_keepalive_ms,1.750379
latency,1,358,http1_rust_nodelay_all_c16_keepalive_ms,1.799751
latency,1,359,http1_rust_nodelay_all_c16_keepalive_ms,1.285282
latency,1,360,http1_rust_nodelay_all_c16_keepalive_ms,1.659288
latency,1,361,http1_rust_nodelay_all_c16_keepalive_ms,0.856155
latency,1,362,http1_rust_nodelay_all_c16_keepalive_ms,1.324633
latency,1,363,http1_rust_nodelay_all_c16_keepalive_ms,1.671798
latency,1,364,http1_rust_nodelay_all_c16_keepalive_ms,1.714879
latency,1,365,http1_rust_nodelay_all_c16_keepalive_ms,1.634938
latency,1,366,http1_rust_nodelay_all_c16_keepalive_ms,1.322653
latency,1,367,http1_rust_nodelay_all_c16_keepalive_ms,1.723999
latency,1,368,http1_rust_nodelay_all_c16_keepalive_ms,1.328202
latency,1,369,http1_rust_nodelay_all_c16_keepalive_ms,1.707099
latency,1,370,http1_rust_nodelay_all_c16_keepalive_ms,1.664569
latency,1,371,http1_rust_nodelay_all_c16_keepalive_ms,1.271801
latency,1,372,http1_rust_nodelay_all_c16_keepalive_ms,1.762220
latency,1,373,http1_rust_nodelay_all_c16_keepalive_ms,1.787181
latency,1,374,http1_rust_nodelay_all_c16_keepalive_ms,1.362173
latency,1,375,http1_rust_nodelay_all_c16_keepalive_ms,1.627928
latency,1,376,http1_rust_nodelay_all_c16_keepalive_ms,1.351453
latency,1,377,http1_rust_nodelay_all_c16_keepalive_ms,1.423384
latency,1,378,http1_rust_nodelay_all_c16_keepalive_ms,1.229461
latency,1,379,http1_rust_nodelay_all_c16_keepalive_ms,1.695319
latency,1,380,http1_rust_nodelay_all_c16_keepalive_ms,1.778370
latency,1,381,http1_rust_nodelay_all_c16_keepalive_ms,1.763510
latency,1,382,http1_rust_nodelay_all_c16_keepalive_ms,1.332143
latency,1,383,http1_rust_nodelay_all_c16_keepalive_ms,1.658768
latency,1,384,http1_rust_nodelay_all_c16_keepalive_ms,1.733970
latency,1,385,http1_rust_nodelay_all_c16_keepalive_ms,1.316242
latency,1,386,http1_rust_nodelay_all_c16_keepalive_ms,1.750200
latency,1,387,http1_rust_nodelay_all_c16_keepalive_ms,1.839941
latency,1,388,http1_rust_nodelay_all_c16_keepalive_ms,1.742359
latency,1,389,http1_rust_nodelay_all_c16_keepalive_ms,1.504686
latency,1,390,http1_rust_nodelay_all_c16_keepalive_ms,1.748760
latency,1,391,http1_rust_nodelay_all_c16_keepalive_ms,1.614367
latency,1,392,http1_rust_nodelay_all_c16_keepalive_ms,1.390004
latency,1,393,http1_rust_nodelay_all_c16_keepalive_ms,1.732770
latency,1,394,http1_rust_nodelay_all_c16_keepalive_ms,1.761530
latency,1,395,http1_rust_nodelay_all_c16_keepalive_ms,1.704359
latency,1,396,http1_rust_nodelay_all_c16_keepalive_ms,2.268188
latency,1,397,http1_rust_nodelay_all_c16_keepalive_ms,2.259689
latency,1,398,http1_rust_nodelay_all_c16_keepalive_ms,1.445294
latency,1,399,http1_rust_nodelay_all_c16_keepalive_ms,1.576107
latency,1,880,http1_rust_nodelay_all_c16_keepalive_ms,1.692589
latency,1,881,http1_rust_nodelay_all_c16_keepalive_ms,1.900852
latency,1,882,http1_rust_nodelay_all_c16_keepalive_ms,1.766900
latency,1,883,http1_rust_nodelay_all_c16_keepalive_ms,1.742249
latency,1,884,http1_rust_nodelay_all_c16_keepalive_ms,1.750110
latency,1,885,http1_rust_nodelay_all_c16_keepalive_ms,1.321563
latency,1,886,http1_rust_nodelay_all_c16_keepalive_ms,1.318312
latency,1,887,http1_rust_nodelay_all_c16_keepalive_ms,1.417944
latency,1,888,http1_rust_nodelay_all_c16_keepalive_ms,1.590918
latency,1,889,http1_rust_nodelay_all_c16_keepalive_ms,1.354903
latency,1,890,http1_rust_nodelay_all_c16_keepalive_ms,1.846661
latency,1,891,http1_rust_nodelay_all_c16_keepalive_ms,1.772830
latency,1,892,http1_rust_nodelay_all_c16_keepalive_ms,1.287142
latency,1,893,http1_rust_nodelay_all_c16_keepalive_ms,1.333563
latency,1,894,http1_rust_nodelay_all_c16_keepalive_ms,1.641148
latency,1,895,http1_rust_nodelay_all_c16_keepalive_ms,1.300372
latency,1,896,http1_rust_nodelay_all_c16_keepalive_ms,1.302292
latency,1,897,http1_rust_nodelay_all_c16_keepalive_ms,1.811311
latency,1,898,http1_rust_nodelay_all_c16_keepalive_ms,1.627038
latency,1,899,http1_rust_nodelay_all_c16_keepalive_ms,1.740439
latency,1,900,http1_rust_nodelay_all_c16_keepalive_ms,1.778371
latency,1,901,http1_rust_nodelay_all_c16_keepalive_ms,1.731789
latency,1,902,http1_rust_nodelay_all_c16_keepalive_ms,1.307092
latency,1,903,http1_rust_nodelay_all_c16_keepalive_ms,1.707649
latency,1,904,http1_rust_nodelay_all_c16_keepalive_ms,1.856342
latency,1,905,http1_rust_nodelay_all_c16_keepalive_ms,1.848181
latency,1,906,http1_rust_nodelay_all_c16_keepalive_ms,1.726900
latency,1,907,http1_rust_nodelay_all_c16_keepalive_ms,1.288182
latency,1,908,http1_rust_nodelay_all_c16_keepalive_ms,1.704909
latency,1,909,http1_rust_nodelay_all_c16_keepalive_ms,1.752080
latency,1,910,http1_rust_nodelay_all_c16_keepalive_ms,1.335722
latency,1,911,http1_rust_nodelay_all_c16_keepalive_ms,1.637348
latency,1,912,http1_rust_nodelay_all_c16_keepalive_ms,1.287822
latency,1,913,http1_rust_nodelay_all_c16_keepalive_ms,1.729240
latency,1,914,http1_rust_nodelay_all_c16_keepalive_ms,1.601477
latency,1,915,http1_rust_nodelay_all_c16_keepalive_ms,1.736179
latency,1,916,http1_rust_nodelay_all_c16_keepalive_ms,1.856382
latency,1,917,http1_rust_nodelay_all_c16_keepalive_ms,1.687948
latency,1,918,http1_rust_nodelay_all_c16_keepalive_ms,1.762631
latency,1,919,http1_rust_nodelay_all_c16_keepalive_ms,1.280081
latency,1,920,http1_rust_nodelay_all_c16_keepalive_ms,1.697499
latency,1,921,http1_rust_nodelay_all_c16_keepalive_ms,1.750100
latency,1,922,http1_rust_nodelay_all_c16_keepalive_ms,1.809431
latency,1,923,http1_rust_nodelay_all_c16_keepalive_ms,1.760420
latency,1,924,http1_rust_nodelay_all_c16_keepalive_ms,1.719749
latency,1,925,http1_rust_nodelay_all_c16_keepalive_ms,1.278752
latency,1,926,http1_rust_nodelay_all_c16_keepalive_ms,1.777240
latency,1,927,http1_rust_nodelay_all_c16_keepalive_ms,1.269732
latency,1,928,http1_rust_nodelay_all_c16_keepalive_ms,1.740459
latency,1,929,http1_rust_nodelay_all_c16_keepalive_ms,1.701719
latency,1,930,http1_rust_nodelay_all_c16_keepalive_ms,1.343613
latency,1,931,http1_rust_nodelay_all_c16_keepalive_ms,1.662649
latency,1,932,http1_rust_nodelay_all_c16_keepalive_ms,1.290282
latency,1,933,http1_rust_nodelay_all_c16_keepalive_ms,1.670178
latency,1,934,http1_rust_nodelay_all_c16_keepalive_ms,1.703189
latency,1,935,http1_rust_nodelay_all_c16_keepalive_ms,1.286222
latency,1,936,http1_rust_nodelay_all_c16_keepalive_ms,1.743079
latency,1,937,http1_rust_nodelay_all_c16_keepalive_ms,10.660522
latency,1,938,http1_rust_nodelay_all_c16_keepalive_ms,1.673748
latency,1,939,http1_rust_nodelay_all_c16_keepalive_ms,1.863252
latency,1,940,http1_rust_nodelay_all_c16_keepalive_ms,11.519876
latency,1,941,http1_rust_nodelay_all_c16_keepalive_ms,1.769390
latency,1,942,http1_rust_nodelay_all_c16_keepalive_ms,1.358644
latency,1,943,http1_rust_nodelay_all_c16_keepalive_ms,1.763389
latency,1,944,http1_rust_nodelay_all_c16_keepalive_ms,1.456815
latency,1,945,http1_rust_nodelay_all_c16_keepalive_ms,1.804131
latency,1,946,http1_rust_nodelay_all_c16_keepalive_ms,1.830391
latency,1,947,http1_rust_nodelay_all_c16_keepalive_ms,1.758810
latency,1,948,http1_rust_nodelay_all_c16_keepalive_ms,1.734039
latency,1,949,http1_rust_nodelay_all_c16_keepalive_ms,1.355124
latency,1,950,http1_rust_nodelay_all_c16_keepalive_ms,1.671188
latency,1,951,http1_rust_nodelay_all_c16_keepalive_ms,2.200528
latency,1,952,http1_rust_nodelay_all_c16_keepalive_ms,1.899572
latency,1,953,http1_rust_nodelay_all_c16_keepalive_ms,1.458724
latency,1,954,http1_rust_nodelay_all_c16_keepalive_ms,1.781131
latency,1,955,http1_rust_nodelay_all_c16_keepalive_ms,1.805691
latency,1,956,http1_rust_nodelay_all_c16_keepalive_ms,1.637407
latency,1,957,http1_rust_nodelay_all_c16_keepalive_ms,0.743873
latency,1,958,http1_rust_nodelay_all_c16_keepalive_ms,1.285892
latency,1,959,http1_rust_nodelay_all_c16_keepalive_ms,1.040468
latency,1,400,http1_rust_nodelay_all_c16_keepalive_ms,1.523326
latency,1,401,http1_rust_nodelay_all_c16_keepalive_ms,1.826292
latency,1,402,http1_rust_nodelay_all_c16_keepalive_ms,1.742829
latency,1,403,http1_rust_nodelay_all_c16_keepalive_ms,0.972066
latency,1,404,http1_rust_nodelay_all_c16_keepalive_ms,3.053892
latency,1,405,http1_rust_nodelay_all_c16_keepalive_ms,1.295143
latency,1,406,http1_rust_nodelay_all_c16_keepalive_ms,1.725349
latency,1,407,http1_rust_nodelay_all_c16_keepalive_ms,1.715089
latency,1,408,http1_rust_nodelay_all_c16_keepalive_ms,1.296562
latency,1,409,http1_rust_nodelay_all_c16_keepalive_ms,1.661889
latency,1,410,http1_rust_nodelay_all_c16_keepalive_ms,1.652858
latency,1,411,http1_rust_nodelay_all_c16_keepalive_ms,1.694009
latency,1,412,http1_rust_nodelay_all_c16_keepalive_ms,1.738199
latency,1,413,http1_rust_nodelay_all_c16_keepalive_ms,1.731849
latency,1,414,http1_rust_nodelay_all_c16_keepalive_ms,1.720700
latency,1,415,http1_rust_nodelay_all_c16_keepalive_ms,1.330522
latency,1,416,http1_rust_nodelay_all_c16_keepalive_ms,1.379444
latency,1,417,http1_rust_nodelay_all_c16_keepalive_ms,1.595947
latency,1,418,http1_rust_nodelay_all_c16_keepalive_ms,1.691749
latency,1,419,http1_rust_nodelay_all_c16_keepalive_ms,1.675198
latency,1,420,http1_rust_nodelay_all_c16_keepalive_ms,1.372444
latency,1,421,http1_rust_nodelay_all_c16_keepalive_ms,1.282142
latency,1,422,http1_rust_nodelay_all_c16_keepalive_ms,1.684988
latency,1,423,http1_rust_nodelay_all_c16_keepalive_ms,1.332423
latency,1,424,http1_rust_nodelay_all_c16_keepalive_ms,1.850901
latency,1,425,http1_rust_nodelay_all_c16_keepalive_ms,1.748200
latency,1,426,http1_rust_nodelay_all_c16_keepalive_ms,1.377264
latency,1,427,http1_rust_nodelay_all_c16_keepalive_ms,1.663718
latency,1,428,http1_rust_nodelay_all_c16_keepalive_ms,1.651938
latency,1,429,http1_rust_nodelay_all_c16_keepalive_ms,1.289212
latency,1,430,http1_rust_nodelay_all_c16_keepalive_ms,1.702639
latency,1,431,http1_rust_nodelay_all_c16_keepalive_ms,1.813451
latency,1,432,http1_rust_nodelay_all_c16_keepalive_ms,1.626578
latency,1,433,http1_rust_nodelay_all_c16_keepalive_ms,1.324132
latency,1,434,http1_rust_nodelay_all_c16_keepalive_ms,1.258141
latency,1,435,http1_rust_nodelay_all_c16_keepalive_ms,1.742560
latency,1,436,http1_rust_nodelay_all_c16_keepalive_ms,1.339223
latency,1,437,http1_rust_nodelay_all_c16_keepalive_ms,1.743450
latency,1,438,http1_rust_nodelay_all_c16_keepalive_ms,1.768210
latency,1,439,http1_rust_nodelay_all_c16_keepalive_ms,10.826014
latency,1,440,http1_rust_nodelay_all_c16_keepalive_ms,1.355513
latency,1,441,http1_rust_nodelay_all_c16_keepalive_ms,1.684889
latency,1,442,http1_rust_nodelay_all_c16_keepalive_ms,10.629141
latency,1,443,http1_rust_nodelay_all_c16_keepalive_ms,1.670108
latency,1,444,http1_rust_nodelay_all_c16_keepalive_ms,1.727209
latency,1,445,http1_rust_nodelay_all_c16_keepalive_ms,1.338903
latency,1,446,http1_rust_nodelay_all_c16_keepalive_ms,1.650778
latency,1,447,http1_rust_nodelay_all_c16_keepalive_ms,1.626468
latency,1,448,http1_rust_nodelay_all_c16_keepalive_ms,1.308442
latency,1,449,http1_rust_nodelay_all_c16_keepalive_ms,1.778851
latency,1,450,http1_rust_nodelay_all_c16_keepalive_ms,1.772650
latency,1,451,http1_rust_nodelay_all_c16_keepalive_ms,1.650678
latency,1,452,http1_rust_nodelay_all_c16_keepalive_ms,1.299362
latency,1,453,http1_rust_nodelay_all_c16_keepalive_ms,1.847951
latency,1,454,http1_rust_nodelay_all_c16_keepalive_ms,1.625088
latency,1,455,http1_rust_nodelay_all_c16_keepalive_ms,1.361613
latency,1,456,http1_rust_nodelay_all_c16_keepalive_ms,1.304062
latency,1,457,http1_rust_nodelay_all_c16_keepalive_ms,1.823401
latency,1,458,http1_rust_nodelay_all_c16_keepalive_ms,1.711640
latency,1,459,http1_rust_nodelay_all_c16_keepalive_ms,1.254541
latency,1,460,http1_rust_nodelay_all_c16_keepalive_ms,1.662958
latency,1,461,http1_rust_nodelay_all_c16_keepalive_ms,1.827141
latency,1,462,http1_rust_nodelay_all_c16_keepalive_ms,1.754510
latency,1,463,http1_rust_nodelay_all_c16_keepalive_ms,1.840692
latency,1,464,http1_rust_nodelay_all_c16_keepalive_ms,1.787630
latency,1,465,http1_rust_nodelay_all_c16_keepalive_ms,1.902902
latency,1,466,http1_rust_nodelay_all_c16_keepalive_ms,1.858172
latency,1,467,http1_rust_nodelay_all_c16_keepalive_ms,1.688609
latency,1,468,http1_rust_nodelay_all_c16_keepalive_ms,1.708469
latency,1,469,http1_rust_nodelay_all_c16_keepalive_ms,1.389014
latency,1,470,http1_rust_nodelay_all_c16_keepalive_ms,1.713849
latency,1,471,http1_rust_nodelay_all_c16_keepalive_ms,1.401254
latency,1,472,http1_rust_nodelay_all_c16_keepalive_ms,2.224348
latency,1,473,http1_rust_nodelay_all_c16_keepalive_ms,2.276618
latency,1,474,http1_rust_nodelay_all_c16_keepalive_ms,1.837001
latency,1,475,http1_rust_nodelay_all_c16_keepalive_ms,1.885862
latency,1,476,http1_rust_nodelay_all_c16_keepalive_ms,1.292702
latency,1,477,http1_rust_nodelay_all_c16_keepalive_ms,1.328813
latency,1,478,http1_rust_nodelay_all_c16_keepalive_ms,1.286452
latency,1,479,http1_rust_nodelay_all_c16_keepalive_ms,1.052398
latency,1,240,http1_rust_nodelay_all_c16_keepalive_ms,1.749070
latency,1,241,http1_rust_nodelay_all_c16_keepalive_ms,1.911683
latency,1,242,http1_rust_nodelay_all_c16_keepalive_ms,1.757689
latency,1,243,http1_rust_nodelay_all_c16_keepalive_ms,1.419714
latency,1,244,http1_rust_nodelay_all_c16_keepalive_ms,1.769220
latency,1,245,http1_rust_nodelay_all_c16_keepalive_ms,1.833402
latency,1,246,http1_rust_nodelay_all_c16_keepalive_ms,1.790360
latency,1,247,http1_rust_nodelay_all_c16_keepalive_ms,1.668879
latency,1,248,http1_rust_nodelay_all_c16_keepalive_ms,1.697999
latency,1,249,http1_rust_nodelay_all_c16_keepalive_ms,1.689758
latency,1,250,http1_rust_nodelay_all_c16_keepalive_ms,1.740470
latency,1,251,http1_rust_nodelay_all_c16_keepalive_ms,1.278852
latency,1,252,http1_rust_nodelay_all_c16_keepalive_ms,1.671838
latency,1,253,http1_rust_nodelay_all_c16_keepalive_ms,1.276102
latency,1,254,http1_rust_nodelay_all_c16_keepalive_ms,1.687478
latency,1,255,http1_rust_nodelay_all_c16_keepalive_ms,1.778331
latency,1,256,http1_rust_nodelay_all_c16_keepalive_ms,1.542626
latency,1,257,http1_rust_nodelay_all_c16_keepalive_ms,1.268772
latency,1,258,http1_rust_nodelay_all_c16_keepalive_ms,1.294162
latency,1,259,http1_rust_nodelay_all_c16_keepalive_ms,1.697599
latency,1,260,http1_rust_nodelay_all_c16_keepalive_ms,8.951042
latency,1,261,http1_rust_nodelay_all_c16_keepalive_ms,1.752480
latency,1,262,http1_rust_nodelay_all_c16_keepalive_ms,1.650558
latency,1,263,http1_rust_nodelay_all_c16_keepalive_ms,1.748300
latency,1,264,http1_rust_nodelay_all_c16_keepalive_ms,1.308042
latency,1,265,http1_rust_nodelay_all_c16_keepalive_ms,1.707309
latency,1,266,http1_rust_nodelay_all_c16_keepalive_ms,1.230521
latency,1,267,http1_rust_nodelay_all_c16_keepalive_ms,1.673379
latency,1,268,http1_rust_nodelay_all_c16_keepalive_ms,1.264641
latency,1,269,http1_rust_nodelay_all_c16_keepalive_ms,1.760740
latency,1,270,http1_rust_nodelay_all_c16_keepalive_ms,1.806180
latency,1,271,http1_rust_nodelay_all_c16_keepalive_ms,1.330733
latency,1,272,http1_rust_nodelay_all_c16_keepalive_ms,10.747153
latency,1,273,http1_rust_nodelay_all_c16_keepalive_ms,1.768810
latency,1,274,http1_rust_nodelay_all_c16_keepalive_ms,1.754070
latency,1,275,http1_rust_nodelay_all_c16_keepalive_ms,1.752440
latency,1,276,http1_rust_nodelay_all_c16_keepalive_ms,1.344523
latency,1,277,http1_rust_nodelay_all_c16_keepalive_ms,1.285352
latency,1,278,http1_rust_nodelay_all_c16_keepalive_ms,1.536046
latency,1,279,http1_rust_nodelay_all_c16_keepalive_ms,1.701539
latency,1,280,http1_rust_nodelay_all_c16_keepalive_ms,1.703019
latency,1,281,http1_rust_nodelay_all_c16_keepalive_ms,1.303332
latency,1,282,http1_rust_nodelay_all_c16_keepalive_ms,1.342343
latency,1,283,http1_rust_nodelay_all_c16_keepalive_ms,1.670498
latency,1,284,http1_rust_nodelay_all_c16_keepalive_ms,1.701329
latency,1,285,http1_rust_nodelay_all_c16_keepalive_ms,1.288002
latency,1,286,http1_rust_nodelay_all_c16_keepalive_ms,1.741930
latency,1,287,http1_rust_nodelay_all_c16_keepalive_ms,1.311402
latency,1,288,http1_rust_nodelay_all_c16_keepalive_ms,1.638558
latency,1,289,http1_rust_nodelay_all_c16_keepalive_ms,1.666838
latency,1,290,http1_rust_nodelay_all_c16_keepalive_ms,8.039667
latency,1,291,http1_rust_nodelay_all_c16_keepalive_ms,1.313622
latency,1,292,http1_rust_nodelay_all_c16_keepalive_ms,1.641848
latency,1,293,http1_rust_nodelay_all_c16_keepalive_ms,1.695759
latency,1,294,http1_rust_nodelay_all_c16_keepalive_ms,1.830701
latency,1,295,http1_rust_nodelay_all_c16_keepalive_ms,1.686099
latency,1,296,http1_rust_nodelay_all_c16_keepalive_ms,1.730040
latency,1,297,http1_rust_nodelay_all_c16_keepalive_ms,1.259401
latency,1,298,http1_rust_nodelay_all_c16_keepalive_ms,1.776580
latency,1,299,http1_rust_nodelay_all_c16_keepalive_ms,1.350483
latency,1,300,http1_rust_nodelay_all_c16_keepalive_ms,1.760240
latency,1,301,http1_rust_nodelay_all_c16_keepalive_ms,1.378204
latency,1,302,http1_rust_nodelay_all_c16_keepalive_ms,1.859711
latency,1,303,http1_rust_nodelay_all_c16_keepalive_ms,1.425545
latency,1,304,http1_rust_nodelay_all_c16_keepalive_ms,1.802590
latency,1,305,http1_rust_nodelay_all_c16_keepalive_ms,1.794541
latency,1,306,http1_rust_nodelay_all_c16_keepalive_ms,1.741140
latency,1,307,http1_rust_nodelay_all_c16_keepalive_ms,1.780070
latency,1,308,http1_rust_nodelay_all_c16_keepalive_ms,1.685879
latency,1,309,http1_rust_nodelay_all_c16_keepalive_ms,2.200057
latency,1,310,http1_rust_nodelay_all_c16_keepalive_ms,2.241878
latency,1,311,http1_rust_nodelay_all_c16_keepalive_ms,1.485595
latency,1,312,http1_rust_nodelay_all_c16_keepalive_ms,1.341543
latency,1,313,http1_rust_nodelay_all_c16_keepalive_ms,1.465925
latency,1,314,http1_rust_nodelay_all_c16_keepalive_ms,1.323893
latency,1,315,http1_rust_nodelay_all_c16_keepalive_ms,1.334132
latency,1,316,http1_rust_nodelay_all_c16_keepalive_ms,1.007928
latency,1,317,http1_rust_nodelay_all_c16_keepalive_ms,1.293192
latency,1,318,http1_rust_nodelay_all_c16_keepalive_ms,1.342273
latency,1,319,http1_rust_nodelay_all_c16_keepalive_ms,0.812493
latency,1,720,http1_rust_nodelay_all_c16_keepalive_ms,1.503836
latency,1,721,http1_rust_nodelay_all_c16_keepalive_ms,1.902712
latency,1,722,http1_rust_nodelay_all_c16_keepalive_ms,1.333833
latency,1,723,http1_rust_nodelay_all_c16_keepalive_ms,1.842541
latency,1,724,http1_rust_nodelay_all_c16_keepalive_ms,1.792491
latency,1,725,http1_rust_nodelay_all_c16_keepalive_ms,4.652579
latency,1,726,http1_rust_nodelay_all_c16_keepalive_ms,1.293372
latency,1,727,http1_rust_nodelay_all_c16_keepalive_ms,1.705899
latency,1,728,http1_rust_nodelay_all_c16_keepalive_ms,1.673019
latency,1,729,http1_rust_nodelay_all_c16_keepalive_ms,1.648278
latency,1,730,http1_rust_nodelay_all_c16_keepalive_ms,1.293152
latency,1,731,http1_rust_nodelay_all_c16_keepalive_ms,1.734009
latency,1,732,http1_rust_nodelay_all_c16_keepalive_ms,1.697889
latency,1,733,http1_rust_nodelay_all_c16_keepalive_ms,7.380176
latency,1,734,http1_rust_nodelay_all_c16_keepalive_ms,1.309872
latency,1,735,http1_rust_nodelay_all_c16_keepalive_ms,1.759570
latency,1,736,http1_rust_nodelay_all_c16_keepalive_ms,1.701789
latency,1,737,http1_rust_nodelay_all_c16_keepalive_ms,1.275582
latency,1,738,http1_rust_nodelay_all_c16_keepalive_ms,1.362443
latency,1,739,http1_rust_nodelay_all_c16_keepalive_ms,1.800520
latency,1,740,http1_rust_nodelay_all_c16_keepalive_ms,1.745830
latency,1,741,http1_rust_nodelay_all_c16_keepalive_ms,1.787250
latency,1,742,http1_rust_nodelay_all_c16_keepalive_ms,1.685619
latency,1,743,http1_rust_nodelay_all_c16_keepalive_ms,1.336213
latency,1,744,http1_rust_nodelay_all_c16_keepalive_ms,1.760060
latency,1,745,http1_rust_nodelay_all_c16_keepalive_ms,1.691899
latency,1,746,http1_rust_nodelay_all_c16_keepalive_ms,1.661088
latency,1,747,http1_rust_nodelay_all_c16_keepalive_ms,1.671909
latency,1,748,http1_rust_nodelay_all_c16_keepalive_ms,1.327392
latency,1,749,http1_rust_nodelay_all_c16_keepalive_ms,1.679148
latency,1,750,http1_rust_nodelay_all_c16_keepalive_ms,1.828402
latency,1,751,http1_rust_nodelay_all_c16_keepalive_ms,1.342012
latency,1,752,http1_rust_nodelay_all_c16_keepalive_ms,1.682959
latency,1,753,http1_rust_nodelay_all_c16_keepalive_ms,1.456765
latency,1,754,http1_rust_nodelay_all_c16_keepalive_ms,1.681019
latency,1,755,http1_rust_nodelay_all_c16_keepalive_ms,1.765440
latency,1,756,http1_rust_nodelay_all_c16_keepalive_ms,1.692819
latency,1,757,http1_rust_nodelay_all_c16_keepalive_ms,1.781800
latency,1,758,http1_rust_nodelay_all_c16_keepalive_ms,1.369043
latency,1,759,http1_rust_nodelay_all_c16_keepalive_ms,1.721299
latency,1,760,http1_rust_nodelay_all_c16_keepalive_ms,1.708729
latency,1,761,http1_rust_nodelay_all_c16_keepalive_ms,1.729890
latency,1,762,http1_rust_nodelay_all_c16_keepalive_ms,1.630408
latency,1,763,http1_rust_nodelay_all_c16_keepalive_ms,1.733759
latency,1,764,http1_rust_nodelay_all_c16_keepalive_ms,1.696549
latency,1,765,http1_rust_nodelay_all_c16_keepalive_ms,1.754060
latency,1,766,http1_rust_nodelay_all_c16_keepalive_ms,1.705949
latency,1,767,http1_rust_nodelay_all_c16_keepalive_ms,1.619728
latency,1,768,http1_rust_nodelay_all_c16_keepalive_ms,1.303112
latency,1,769,http1_rust_nodelay_all_c16_keepalive_ms,1.716559
latency,1,770,http1_rust_nodelay_all_c16_keepalive_ms,1.689009
latency,1,771,http1_rust_nodelay_all_c16_keepalive_ms,1.728179
latency,1,772,http1_rust_nodelay_all_c16_keepalive_ms,1.272172
latency,1,773,http1_rust_nodelay_all_c16_keepalive_ms,1.691628
latency,1,774,http1_rust_nodelay_all_c16_keepalive_ms,1.358234
latency,1,775,http1_rust_nodelay_all_c16_keepalive_ms,1.748839
latency,1,776,http1_rust_nodelay_all_c16_keepalive_ms,1.710290
latency,1,777,http1_rust_nodelay_all_c16_keepalive_ms,1.663178
latency,1,778,http1_rust_nodelay_all_c16_keepalive_ms,7.311274
latency,1,779,http1_rust_nodelay_all_c16_keepalive_ms,1.569177
latency,1,780,http1_rust_nodelay_all_c16_keepalive_ms,1.694229
latency,1,781,http1_rust_nodelay_all_c16_keepalive_ms,1.314772
latency,1,782,http1_rust_nodelay_all_c16_keepalive_ms,1.746320
latency,1,783,http1_rust_nodelay_all_c16_keepalive_ms,1.746780
latency,1,784,http1_rust_nodelay_all_c16_keepalive_ms,1.768410
latency,1,785,http1_rust_nodelay_all_c16_keepalive_ms,1.780610
latency,1,786,http1_rust_nodelay_all_c16_keepalive_ms,1.983824
latency,1,787,http1_rust_nodelay_all_c16_keepalive_ms,1.862131
latency,1,788,http1_rust_nodelay_all_c16_keepalive_ms,1.733830
latency,1,789,http1_rust_nodelay_all_c16_keepalive_ms,1.704639
latency,1,790,http1_rust_nodelay_all_c16_keepalive_ms,1.774630
latency,1,791,http1_rust_nodelay_all_c16_keepalive_ms,1.384114
latency,1,792,http1_rust_nodelay_all_c16_keepalive_ms,1.669378
latency,1,793,http1_rust_nodelay_all_c16_keepalive_ms,1.786111
latency,1,794,http1_rust_nodelay_all_c16_keepalive_ms,2.262778
latency,1,795,http1_rust_nodelay_all_c16_keepalive_ms,1.931543
latency,1,796,http1_rust_nodelay_all_c16_keepalive_ms,1.856321
latency,1,797,http1_rust_nodelay_all_c16_keepalive_ms,1.093509
latency,1,798,http1_rust_nodelay_all_c16_keepalive_ms,8.798230
latency,1,799,http1_rust_nodelay_all_c16_keepalive_ms,0.858355
latency,1,80,http1_rust_nodelay_all_c16_keepalive_ms,1.711219
latency,1,81,http1_rust_nodelay_all_c16_keepalive_ms,1.907833
latency,1,82,http1_rust_nodelay_all_c16_keepalive_ms,1.762109
latency,1,83,http1_rust_nodelay_all_c16_keepalive_ms,1.852712
latency,1,84,http1_rust_nodelay_all_c16_keepalive_ms,1.357203
latency,1,85,http1_rust_nodelay_all_c16_keepalive_ms,1.826091
latency,1,86,http1_rust_nodelay_all_c16_keepalive_ms,1.274392
latency,1,87,http1_rust_nodelay_all_c16_keepalive_ms,1.734579
latency,1,88,http1_rust_nodelay_all_c16_keepalive_ms,1.733110
latency,1,89,http1_rust_nodelay_all_c16_keepalive_ms,1.663818
latency,1,90,http1_rust_nodelay_all_c16_keepalive_ms,1.721770
latency,1,91,http1_rust_nodelay_all_c16_keepalive_ms,1.685368
latency,1,92,http1_rust_nodelay_all_c16_keepalive_ms,1.281472
latency,1,93,http1_rust_nodelay_all_c16_keepalive_ms,1.329432
latency,1,94,http1_rust_nodelay_all_c16_keepalive_ms,1.676919
latency,1,95,http1_rust_nodelay_all_c16_keepalive_ms,1.296502
latency,1,96,http1_rust_nodelay_all_c16_keepalive_ms,1.449275
latency,1,97,http1_rust_nodelay_all_c16_keepalive_ms,1.697149
latency,1,98,http1_rust_nodelay_all_c16_keepalive_ms,1.647218
latency,1,99,http1_rust_nodelay_all_c16_keepalive_ms,1.777240
latency,1,100,http1_rust_nodelay_all_c16_keepalive_ms,1.749490
latency,1,101,http1_rust_nodelay_all_c16_keepalive_ms,1.737820
latency,1,102,http1_rust_nodelay_all_c16_keepalive_ms,1.665848
latency,1,103,http1_rust_nodelay_all_c16_keepalive_ms,1.832541
latency,1,104,http1_rust_nodelay_all_c16_keepalive_ms,1.943223
latency,1,105,http1_rust_nodelay_all_c16_keepalive_ms,1.705709
latency,1,106,http1_rust_nodelay_all_c16_keepalive_ms,1.296292
latency,1,107,http1_rust_nodelay_all_c16_keepalive_ms,1.714529
latency,1,108,http1_rust_nodelay_all_c16_keepalive_ms,1.653988
latency,1,109,http1_rust_nodelay_all_c16_keepalive_ms,1.550207
latency,1,110,http1_rust_nodelay_all_c16_keepalive_ms,1.692219
latency,1,111,http1_rust_nodelay_all_c16_keepalive_ms,1.706269
latency,1,112,http1_rust_nodelay_all_c16_keepalive_ms,1.854671
latency,1,113,http1_rust_nodelay_all_c16_keepalive_ms,1.168530
latency,1,114,http1_rust_nodelay_all_c16_keepalive_ms,1.787290
latency,1,115,http1_rust_nodelay_all_c16_keepalive_ms,1.835432
latency,1,116,http1_rust_nodelay_all_c16_keepalive_ms,1.249721
latency,1,117,http1_rust_nodelay_all_c16_keepalive_ms,1.337893
latency,1,118,http1_rust_nodelay_all_c16_keepalive_ms,1.757400
latency,1,119,http1_rust_nodelay_all_c16_keepalive_ms,1.729039
latency,1,120,http1_rust_nodelay_all_c16_keepalive_ms,1.774340
latency,1,121,http1_rust_nodelay_all_c16_keepalive_ms,1.702900
latency,1,122,http1_rust_nodelay_all_c16_keepalive_ms,1.786700
latency,1,123,http1_rust_nodelay_all_c16_keepalive_ms,1.746409
latency,1,124,http1_rust_nodelay_all_c16_keepalive_ms,1.669199
latency,1,125,http1_rust_nodelay_all_c16_keepalive_ms,10.356486
latency,1,126,http1_rust_nodelay_all_c16_keepalive_ms,1.307503
latency,1,127,http1_rust_nodelay_all_c16_keepalive_ms,10.777433
latency,1,128,http1_rust_nodelay_all_c16_keepalive_ms,1.387534
latency,1,129,http1_rust_nodelay_all_c16_keepalive_ms,1.254081
latency,1,130,http1_rust_nodelay_all_c16_keepalive_ms,1.655488
latency,1,131,http1_rust_nodelay_all_c16_keepalive_ms,1.737890
latency,1,132,http1_rust_nodelay_all_c16_keepalive_ms,1.899482
latency,1,133,http1_rust_nodelay_all_c16_keepalive_ms,1.198300
latency,1,134,http1_rust_nodelay_all_c16_keepalive_ms,1.711349
latency,1,135,http1_rust_nodelay_all_c16_keepalive_ms,1.746910
latency,1,136,http1_rust_nodelay_all_c16_keepalive_ms,1.767280
latency,1,137,http1_rust_nodelay_all_c16_keepalive_ms,1.324893
latency,1,138,http1_rust_nodelay_all_c16_keepalive_ms,1.730779
latency,1,139,http1_rust_nodelay_all_c16_keepalive_ms,1.257572
latency,1,140,http1_rust_nodelay_all_c16_keepalive_ms,1.777560
latency,1,141,http1_rust_nodelay_all_c16_keepalive_ms,1.793491
latency,1,142,http1_rust_nodelay_all_c16_keepalive_ms,10.345405
latency,1,143,http1_rust_nodelay_all_c16_keepalive_ms,1.730170
latency,1,144,http1_rust_nodelay_all_c16_keepalive_ms,1.781040
latency,1,145,http1_rust_nodelay_all_c16_keepalive_ms,1.771821
latency,1,146,http1_rust_nodelay_all_c16_keepalive_ms,2.593744
latency,1,147,http1_rust_nodelay_all_c16_keepalive_ms,1.953623
latency,1,148,http1_rust_nodelay_all_c16_keepalive_ms,1.783960
latency,1,149,http1_rust_nodelay_all_c16_keepalive_ms,1.177690
latency,1,150,http1_rust_nodelay_all_c16_keepalive_ms,1.062448
latency,1,151,http1_rust_nodelay_all_c16_keepalive_ms,1.650838
latency,1,152,http1_rust_nodelay_all_c16_keepalive_ms,1.270202
latency,1,153,http1_rust_nodelay_all_c16_keepalive_ms,1.010587
latency,1,154,http1_rust_nodelay_all_c16_keepalive_ms,1.388294
latency,1,155,http1_rust_nodelay_all_c16_keepalive_ms,0.847934
latency,1,156,http1_rust_nodelay_all_c16_keepalive_ms,2.070426
latency,1,157,http1_rust_nodelay_all_c16_keepalive_ms,0.705632
latency,1,158,http1_rust_nodelay_all_c16_keepalive_ms,1.275541
latency,1,159,http1_rust_nodelay_all_c16_keepalive_ms,0.599781
latency,1,960,http1_rust_nodelay_all_c16_keepalive_ms,1.138999
latency,1,961,http1_rust_nodelay_all_c16_keepalive_ms,1.418874
latency,1,962,http1_rust_nodelay_all_c16_keepalive_ms,1.849892
latency,1,963,http1_rust_nodelay_all_c16_keepalive_ms,1.869831
latency,1,964,http1_rust_nodelay_all_c16_keepalive_ms,1.744870
latency,1,965,http1_rust_nodelay_all_c16_keepalive_ms,1.386294
latency,1,966,http1_rust_nodelay_all_c16_keepalive_ms,1.277112
latency,1,967,http1_rust_nodelay_all_c16_keepalive_ms,1.776290
latency,1,968,http1_rust_nodelay_all_c16_keepalive_ms,1.322392
latency,1,969,http1_rust_nodelay_all_c16_keepalive_ms,1.631768
latency,1,970,http1_rust_nodelay_all_c16_keepalive_ms,1.716569
latency,1,971,http1_rust_nodelay_all_c16_keepalive_ms,1.256182
latency,1,972,http1_rust_nodelay_all_c16_keepalive_ms,1.692099
latency,1,973,http1_rust_nodelay_all_c16_keepalive_ms,1.730139
latency,1,974,http1_rust_nodelay_all_c16_keepalive_ms,1.306002
latency,1,975,http1_rust_nodelay_all_c16_keepalive_ms,1.697579
latency,1,976,http1_rust_nodelay_all_c16_keepalive_ms,1.692719
latency,1,977,http1_rust_nodelay_all_c16_keepalive_ms,1.340933
latency,1,978,http1_rust_nodelay_all_c16_keepalive_ms,1.706099
latency,1,979,http1_rust_nodelay_all_c16_keepalive_ms,1.479195
latency,1,980,http1_rust_nodelay_all_c16_keepalive_ms,1.752200
latency,1,981,http1_rust_nodelay_all_c16_keepalive_ms,1.759210
latency,1,982,http1_rust_nodelay_all_c16_keepalive_ms,1.740350
latency,1,983,http1_rust_nodelay_all_c16_keepalive_ms,1.694978
latency,1,984,http1_rust_nodelay_all_c16_keepalive_ms,1.784030
latency,1,985,http1_rust_nodelay_all_c16_keepalive_ms,1.852622
latency,1,986,http1_rust_nodelay_all_c16_keepalive_ms,1.298912
latency,1,987,http1_rust_nodelay_all_c16_keepalive_ms,1.690619
latency,1,988,http1_rust_nodelay_all_c16_keepalive_ms,6.918468
latency,1,989,http1_rust_nodelay_all_c16_keepalive_ms,1.729469
latency,1,990,http1_rust_nodelay_all_c16_keepalive_ms,1.323123
latency,1,991,http1_rust_nodelay_all_c16_keepalive_ms,1.636827
latency,1,992,http1_rust_nodelay_all_c16_keepalive_ms,1.791561
latency,1,993,http1_rust_nodelay_all_c16_keepalive_ms,8.906362
latency,1,994,http1_rust_nodelay_all_c16_keepalive_ms,1.758330
latency,1,995,http1_rust_nodelay_all_c16_keepalive_ms,1.361583
latency,1,996,http1_rust_nodelay_all_c16_keepalive_ms,1.358783
latency,1,997,http1_rust_nodelay_all_c16_keepalive_ms,1.627607
latency,1,998,http1_rust_nodelay_all_c16_keepalive_ms,1.761040
latency,1,999,http1_rust_nodelay_all_c16_keepalive_ms,1.341373
latency,1,1000,http1_rust_nodelay_all_c16_keepalive_ms,1.287502
latency,1,1001,http1_rust_nodelay_all_c16_keepalive_ms,1.663009
latency,1,1002,http1_rust_nodelay_all_c16_keepalive_ms,1.352003
latency,1,1003,http1_rust_nodelay_all_c16_keepalive_ms,1.697059
latency,1,1004,http1_rust_nodelay_all_c16_keepalive_ms,1.296172
latency,1,1005,http1_rust_nodelay_all_c16_keepalive_ms,1.681808
latency,1,1006,http1_rust_nodelay_all_c16_keepalive_ms,1.660599
latency,1,1007,http1_rust_nodelay_all_c16_keepalive_ms,1.582456
latency,1,1008,http1_rust_nodelay_all_c16_keepalive_ms,10.722643
latency,1,1009,http1_rust_nodelay_all_c16_keepalive_ms,1.337593
latency,1,1010,http1_rust_nodelay_all_c16_keepalive_ms,10.661221
latency,1,1011,http1_rust_nodelay_all_c16_keepalive_ms,1.703329
latency,1,1012,http1_rust_nodelay_all_c16_keepalive_ms,1.750390
latency,1,1013,http1_rust_nodelay_all_c16_keepalive_ms,1.680849
latency,1,1014,http1_rust_nodelay_all_c16_keepalive_ms,1.374033
latency,1,1015,http1_rust_nodelay_all_c16_keepalive_ms,1.744170
latency,1,1016,http1_rust_nodelay_all_c16_keepalive_ms,1.379063
latency,1,1017,http1_rust_nodelay_all_c16_keepalive_ms,1.744860
latency,1,1018,http1_rust_nodelay_all_c16_keepalive_ms,1.831451
latency,1,1019,http1_rust_nodelay_all_c16_keepalive_ms,1.373263
latency,1,1020,http1_rust_nodelay_all_c16_keepalive_ms,1.743120
latency,1,1021,http1_rust_nodelay_all_c16_keepalive_ms,1.391704
latency,1,1022,http1_rust_nodelay_all_c16_keepalive_ms,1.732719
latency,1,1023,http1_rust_nodelay_all_c16_keepalive_ms,1.761700
latency,1,1024,http1_rust_nodelay_all_c16_keepalive_ms,1.703659
latency,1,1025,http1_rust_nodelay_all_c16_keepalive_ms,2.269719
latency,1,1026,http1_rust_nodelay_all_c16_keepalive_ms,2.164297
latency,1,1027,http1_rust_nodelay_all_c16_keepalive_ms,1.864671
latency,1,1028,http1_rust_nodelay_all_c16_keepalive_ms,7.231813
latency,1,1029,http1_rust_nodelay_all_c16_keepalive_ms,1.267222
latency,1,1030,http1_rust_nodelay_all_c16_keepalive_ms,0.827004
latency,1,1031,http1_rust_nodelay_all_c16_keepalive_ms,1.775970
latency,1,1032,http1_rust_nodelay_all_c16_keepalive_ms,0.682442
latency,1,1033,http1_rust_nodelay_all_c16_keepalive_ms,1.261002
latency,1,1034,http1_rust_nodelay_all_c16_keepalive_ms,0.990856
latency,1,1035,http1_rust_nodelay_all_c16_keepalive_ms,0.854535
latency,1,1036,http1_rust_nodelay_all_c16_keepalive_ms,0.629660
latency,1,1037,http1_rust_nodelay_all_c16_keepalive_ms,0.632181
latency,1,1038,http1_rust_nodelay_all_c16_keepalive_ms,0.590450
latency,1,1039,http1_rust_nodelay_all_c16_keepalive_ms,0.560960
latency,1,0,http1_rust_nodelay_all_c16_keepalive_ms,1.730620
latency,1,1,http1_rust_nodelay_all_c16_keepalive_ms,1.911412
latency,1,2,http1_rust_nodelay_all_c16_keepalive_ms,1.757800
latency,1,3,http1_rust_nodelay_all_c16_keepalive_ms,1.764570
latency,1,4,http1_rust_nodelay_all_c16_keepalive_ms,1.315592
latency,1,5,http1_rust_nodelay_all_c16_keepalive_ms,10.372227
latency,1,6,http1_rust_nodelay_all_c16_keepalive_ms,1.300762
latency,1,7,http1_rust_nodelay_all_c16_keepalive_ms,1.717009
latency,1,8,http1_rust_nodelay_all_c16_keepalive_ms,1.730919
latency,1,9,http1_rust_nodelay_all_c16_keepalive_ms,1.722350
latency,1,10,http1_rust_nodelay_all_c16_keepalive_ms,1.829331
latency,1,11,http1_rust_nodelay_all_c16_keepalive_ms,1.693109
latency,1,12,http1_rust_nodelay_all_c16_keepalive_ms,1.324702
latency,1,13,http1_rust_nodelay_all_c16_keepalive_ms,1.702099
latency,1,14,http1_rust_nodelay_all_c16_keepalive_ms,1.751020
latency,1,15,http1_rust_nodelay_all_c16_keepalive_ms,1.713850
latency,1,16,http1_rust_nodelay_all_c16_keepalive_ms,1.735059
latency,1,17,http1_rust_nodelay_all_c16_keepalive_ms,1.766590
latency,1,18,http1_rust_nodelay_all_c16_keepalive_ms,1.434644
latency,1,19,http1_rust_nodelay_all_c16_keepalive_ms,1.388054
latency,1,20,http1_rust_nodelay_all_c16_keepalive_ms,1.731679
latency,1,21,http1_rust_nodelay_all_c16_keepalive_ms,1.660179
latency,1,22,http1_rust_nodelay_all_c16_keepalive_ms,1.306592
latency,1,23,http1_rust_nodelay_all_c16_keepalive_ms,1.747670
latency,1,24,http1_rust_nodelay_all_c16_keepalive_ms,1.700649
latency,1,25,http1_rust_nodelay_all_c16_keepalive_ms,1.700079
latency,1,26,http1_rust_nodelay_all_c16_keepalive_ms,1.256551
latency,1,27,http1_rust_nodelay_all_c16_keepalive_ms,1.770500
latency,1,28,http1_rust_nodelay_all_c16_keepalive_ms,1.636448
latency,1,29,http1_rust_nodelay_all_c16_keepalive_ms,1.821901
latency,1,30,http1_rust_nodelay_all_c16_keepalive_ms,1.782310
latency,1,31,http1_rust_nodelay_all_c16_keepalive_ms,1.708749
latency,1,32,http1_rust_nodelay_all_c16_keepalive_ms,1.838362
latency,1,33,http1_rust_nodelay_all_c16_keepalive_ms,1.237201
latency,1,34,http1_rust_nodelay_all_c16_keepalive_ms,1.770550
latency,1,35,http1_rust_nodelay_all_c16_keepalive_ms,1.709509
latency,1,36,http1_rust_nodelay_all_c16_keepalive_ms,1.366753
latency,1,37,http1_rust_nodelay_all_c16_keepalive_ms,1.767070
latency,1,38,http1_rust_nodelay_all_c16_keepalive_ms,1.713239
latency,1,39,http1_rust_nodelay_all_c16_keepalive_ms,1.278252
latency,1,40,http1_rust_nodelay_all_c16_keepalive_ms,1.401344
latency,1,41,http1_rust_nodelay_all_c16_keepalive_ms,1.650108
latency,1,42,http1_rust_nodelay_all_c16_keepalive_ms,1.734520
latency,1,43,http1_rust_nodelay_all_c16_keepalive_ms,1.701969
latency,1,44,http1_rust_nodelay_all_c16_keepalive_ms,1.352123
latency,1,45,http1_rust_nodelay_all_c16_keepalive_ms,1.655338
latency,1,46,http1_rust_nodelay_all_c16_keepalive_ms,1.322603
latency,1,47,http1_rust_nodelay_all_c16_keepalive_ms,1.663528
latency,1,48,http1_rust_nodelay_all_c16_keepalive_ms,1.710539
latency,1,49,http1_rust_nodelay_all_c16_keepalive_ms,1.278381
latency,1,50,http1_rust_nodelay_all_c16_keepalive_ms,1.392214
latency,1,51,http1_rust_nodelay_all_c16_keepalive_ms,1.687569
latency,1,52,http1_rust_nodelay_all_c16_keepalive_ms,1.637008
latency,1,53,http1_rust_nodelay_all_c16_keepalive_ms,1.756910
latency,1,54,http1_rust_nodelay_all_c16_keepalive_ms,1.840711
latency,1,55,http1_rust_nodelay_all_c16_keepalive_ms,1.741340
latency,1,56,http1_rust_nodelay_all_c16_keepalive_ms,1.234571
latency,1,57,http1_rust_nodelay_all_c16_keepalive_ms,1.550616
latency,1,58,http1_rust_nodelay_all_c16_keepalive_ms,1.706119
latency,1,59,http1_rust_nodelay_all_c16_keepalive_ms,1.808111
latency,1,60,http1_rust_nodelay_all_c16_keepalive_ms,1.729089
latency,1,61,http1_rust_nodelay_all_c16_keepalive_ms,1.312063
latency,1,62,http1_rust_nodelay_all_c16_keepalive_ms,1.722129
latency,1,63,http1_rust_nodelay_all_c16_keepalive_ms,1.801201
latency,1,64,http1_rust_nodelay_all_c16_keepalive_ms,1.737299
latency,1,65,http1_rust_nodelay_all_c16_keepalive_ms,1.727040
latency,1,66,http1_rust_nodelay_all_c16_keepalive_ms,1.722139
latency,1,67,http1_rust_nodelay_all_c16_keepalive_ms,1.400724
latency,1,68,http1_rust_nodelay_all_c16_keepalive_ms,1.742970
latency,1,69,http1_rust_nodelay_all_c16_keepalive_ms,1.384873
latency,1,70,http1_rust_nodelay_all_c16_keepalive_ms,1.903852
latency,1,71,http1_rust_nodelay_all_c16_keepalive_ms,10.647312
latency,1,72,http1_rust_nodelay_all_c16_keepalive_ms,1.537746
latency,1,73,http1_rust_nodelay_all_c16_keepalive_ms,2.256278
latency,1,74,http1_rust_nodelay_all_c16_keepalive_ms,1.897412
latency,1,75,http1_rust_nodelay_all_c16_keepalive_ms,1.910013
latency,1,76,http1_rust_nodelay_all_c16_keepalive_ms,1.614407
latency,1,77,http1_rust_nodelay_all_c16_keepalive_ms,0.733063
latency,1,78,http1_rust_nodelay_all_c16_keepalive_ms,1.285162
latency,1,79,http1_rust_nodelay_all_c16_keepalive_ms,11.844581
latency,1,1040,http1_rust_nodelay_all_c16_keepalive_ms,1.905123
latency,1,1041,http1_rust_nodelay_all_c16_keepalive_ms,1.547276
latency,1,1042,http1_rust_nodelay_all_c16_keepalive_ms,1.783241
latency,1,1043,http1_rust_nodelay_all_c16_keepalive_ms,1.821270
latency,1,1044,http1_rust_nodelay_all_c16_keepalive_ms,1.750690
latency,1,1045,http1_rust_nodelay_all_c16_keepalive_ms,1.812551
latency,1,1046,http1_rust_nodelay_all_c16_keepalive_ms,1.777270
latency,1,1047,http1_rust_nodelay_all_c16_keepalive_ms,1.315893
latency,1,1048,http1_rust_nodelay_all_c16_keepalive_ms,1.637348
latency,1,1049,http1_rust_nodelay_all_c16_keepalive_ms,7.006799
latency,1,1050,http1_rust_nodelay_all_c16_keepalive_ms,1.755710
latency,1,1051,http1_rust_nodelay_all_c16_keepalive_ms,1.671618
latency,1,1052,http1_rust_nodelay_all_c16_keepalive_ms,1.845682
latency,1,1053,http1_rust_nodelay_all_c16_keepalive_ms,1.893902
latency,1,1054,http1_rust_nodelay_all_c16_keepalive_ms,1.834781
latency,1,1055,http1_rust_nodelay_all_c16_keepalive_ms,1.309813
latency,1,1056,http1_rust_nodelay_all_c16_keepalive_ms,1.760520
latency,1,1057,http1_rust_nodelay_all_c16_keepalive_ms,1.619117
latency,1,1058,http1_rust_nodelay_all_c16_keepalive_ms,1.637078
latency,1,1059,http1_rust_nodelay_all_c16_keepalive_ms,1.418234
latency,1,1060,http1_rust_nodelay_all_c16_keepalive_ms,1.859841
latency,1,1061,http1_rust_nodelay_all_c16_keepalive_ms,1.760230
latency,1,1062,http1_rust_nodelay_all_c16_keepalive_ms,11.610918
latency,1,1063,http1_rust_nodelay_all_c16_keepalive_ms,1.669018
latency,1,1064,http1_rust_nodelay_all_c16_keepalive_ms,1.651689
latency,1,1065,http1_rust_nodelay_all_c16_keepalive_ms,1.855021
latency,1,1066,http1_rust_nodelay_all_c16_keepalive_ms,1.697769
latency,1,1067,http1_rust_nodelay_all_c16_keepalive_ms,1.783691
latency,1,1068,http1_rust_nodelay_all_c16_keepalive_ms,1.649738
latency,1,1069,http1_rust_nodelay_all_c16_keepalive_ms,1.772020
latency,1,1070,http1_rust_nodelay_all_c16_keepalive_ms,1.357763
latency,1,1071,http1_rust_nodelay_all_c16_keepalive_ms,10.616161
latency,1,1072,http1_rust_nodelay_all_c16_keepalive_ms,1.740659
latency,1,1073,http1_rust_nodelay_all_c16_keepalive_ms,10.734043
latency,1,1074,http1_rust_nodelay_all_c16_keepalive_ms,1.320752
latency,1,1075,http1_rust_nodelay_all_c16_keepalive_ms,1.643648
latency,1,1076,http1_rust_nodelay_all_c16_keepalive_ms,1.323803
latency,1,1077,http1_rust_nodelay_all_c16_keepalive_ms,1.678698
latency,1,1078,http1_rust_nodelay_all_c16_keepalive_ms,1.397934
latency,1,1079,http1_rust_nodelay_all_c16_keepalive_ms,1.698109
latency,1,1080,http1_rust_nodelay_all_c16_keepalive_ms,1.657919
latency,1,1081,http1_rust_nodelay_all_c16_keepalive_ms,1.292392
latency,1,1082,http1_rust_nodelay_all_c16_keepalive_ms,1.848031
latency,1,1083,http1_rust_nodelay_all_c16_keepalive_ms,1.625287
latency,1,1084,http1_rust_nodelay_all_c16_keepalive_ms,1.307473
latency,1,1085,http1_rust_nodelay_all_c16_keepalive_ms,1.306542
latency,1,1086,http1_rust_nodelay_all_c16_keepalive_ms,1.391634
latency,1,1087,http1_rust_nodelay_all_c16_keepalive_ms,1.518605
latency,1,1088,http1_rust_nodelay_all_c16_keepalive_ms,1.335322
latency,1,1089,http1_rust_nodelay_all_c16_keepalive_ms,10.815304
latency,1,1090,http1_rust_nodelay_all_c16_keepalive_ms,1.739790
latency,1,1091,http1_rust_nodelay_all_c16_keepalive_ms,0.982117
latency,1,1092,http1_rust_nodelay_all_c16_keepalive_ms,1.717619
latency,1,1093,http1_rust_nodelay_all_c16_keepalive_ms,1.744180
latency,1,1094,http1_rust_nodelay_all_c16_keepalive_ms,1.371853
latency,1,1095,http1_rust_nodelay_all_c16_keepalive_ms,1.265842
latency,1,1096,http1_rust_nodelay_all_c16_keepalive_ms,2.039554
latency,1,1097,http1_rust_nodelay_all_c16_keepalive_ms,1.533456
latency,1,1098,http1_rust_nodelay_all_c16_keepalive_ms,2.256539
latency,1,1099,http1_rust_nodelay_all_c16_keepalive_ms,1.897102
latency,1,1100,http1_rust_nodelay_all_c16_keepalive_ms,1.912702
latency,1,1101,http1_rust_nodelay_all_c16_keepalive_ms,1.511616
latency,1,1102,http1_rust_nodelay_all_c16_keepalive_ms,1.081739
latency,1,1103,http1_rust_nodelay_all_c16_keepalive_ms,1.285922
latency,1,1104,http1_rust_nodelay_all_c16_keepalive_ms,1.307872
latency,1,1105,http1_rust_nodelay_all_c16_keepalive_ms,1.037518
latency,1,1106,http1_rust_nodelay_all_c16_keepalive_ms,1.048377
latency,1,1107,http1_rust_nodelay_all_c16_keepalive_ms,1.765541
latency,1,1108,http1_rust_nodelay_all_c16_keepalive_ms,0.702502
latency,1,1109,http1_rust_nodelay_all_c16_keepalive_ms,1.030337
latency,1,1110,http1_rust_nodelay_all_c16_keepalive_ms,0.957346
latency,1,1111,http1_rust_nodelay_all_c16_keepalive_ms,0.658751
latency,1,1112,http1_rust_nodelay_all_c16_keepalive_ms,0.634491
latency,1,1113,http1_rust_nodelay_all_c16_keepalive_ms,0.633281
latency,1,1114,http1_rust_nodelay_all_c16_keepalive_ms,0.759883
latency,1,1115,http1_rust_nodelay_all_c16_keepalive_ms,0.600510
latency,1,1116,http1_rust_nodelay_all_c16_keepalive_ms,1.009527
latency,1,1117,http1_rust_nodelay_all_c16_keepalive_ms,0.420557
latency,1,1118,http1_rust_nodelay_all_c16_keepalive_ms,0.433408
latency,1,1119,http1_rust_nodelay_all_c16_keepalive_ms,0.462338
latency,1,640,http1_rust_nodelay_all_c16_keepalive_ms,1.678578
latency,1,641,http1_rust_nodelay_all_c16_keepalive_ms,7.819833
latency,1,642,http1_rust_nodelay_all_c16_keepalive_ms,1.336453
latency,1,643,http1_rust_nodelay_all_c16_keepalive_ms,1.348593
latency,1,644,http1_rust_nodelay_all_c16_keepalive_ms,1.643888
latency,1,645,http1_rust_nodelay_all_c16_keepalive_ms,1.299802
latency,1,646,http1_rust_nodelay_all_c16_keepalive_ms,1.664028
latency,1,647,http1_rust_nodelay_all_c16_keepalive_ms,10.654942
latency,1,648,http1_rust_nodelay_all_c16_keepalive_ms,1.305892
latency,1,649,http1_rust_nodelay_all_c16_keepalive_ms,7.625300
latency,1,650,http1_rust_nodelay_all_c16_keepalive_ms,1.725879
latency,1,651,http1_rust_nodelay_all_c16_keepalive_ms,1.862702
latency,1,652,http1_rust_nodelay_all_c16_keepalive_ms,8.874381
latency,1,653,http1_rust_nodelay_all_c16_keepalive_ms,1.330183
latency,1,654,http1_rust_nodelay_all_c16_keepalive_ms,1.646558
latency,1,655,http1_rust_nodelay_all_c16_keepalive_ms,1.681728
latency,1,656,http1_rust_nodelay_all_c16_keepalive_ms,1.607468
latency,1,657,http1_rust_nodelay_all_c16_keepalive_ms,1.719349
latency,1,658,http1_rust_nodelay_all_c16_keepalive_ms,1.400113
latency,1,659,http1_rust_nodelay_all_c16_keepalive_ms,1.374034
latency,1,660,http1_rust_nodelay_all_c16_keepalive_ms,1.308492
latency,1,661,http1_rust_nodelay_all_c16_keepalive_ms,1.694969
latency,1,662,http1_rust_nodelay_all_c16_keepalive_ms,1.740260
latency,1,663,http1_rust_nodelay_all_c16_keepalive_ms,1.303832
latency,1,664,http1_rust_nodelay_all_c16_keepalive_ms,1.376813
latency,1,665,http1_rust_nodelay_all_c16_keepalive_ms,1.711830
latency,1,666,http1_rust_nodelay_all_c16_keepalive_ms,1.358083
latency,1,667,http1_rust_nodelay_all_c16_keepalive_ms,1.679848
latency,1,668,http1_rust_nodelay_all_c16_keepalive_ms,1.381363
latency,1,669,http1_rust_nodelay_all_c16_keepalive_ms,1.717380
latency,1,670,http1_rust_nodelay_all_c16_keepalive_ms,1.734269
latency,1,671,http1_rust_nodelay_all_c16_keepalive_ms,1.535736
latency,1,672,http1_rust_nodelay_all_c16_keepalive_ms,1.362994
latency,1,673,http1_rust_nodelay_all_c16_keepalive_ms,1.646388
latency,1,674,http1_rust_nodelay_all_c16_keepalive_ms,1.688299
latency,1,675,http1_rust_nodelay_all_c16_keepalive_ms,1.328962
latency,1,676,http1_rust_nodelay_all_c16_keepalive_ms,1.624878
latency,1,677,http1_rust_nodelay_all_c16_keepalive_ms,1.740970
latency,1,678,http1_rust_nodelay_all_c16_keepalive_ms,1.315182
latency,1,679,http1_rust_nodelay_all_c16_keepalive_ms,1.368463
latency,1,680,http1_rust_nodelay_all_c16_keepalive_ms,1.687319
latency,1,681,http1_rust_nodelay_all_c16_keepalive_ms,1.681198
latency,1,682,http1_rust_nodelay_all_c16_keepalive_ms,1.681069
latency,1,683,http1_rust_nodelay_all_c16_keepalive_ms,1.760650
latency,1,684,http1_rust_nodelay_all_c16_keepalive_ms,1.787910
latency,1,685,http1_rust_nodelay_all_c16_keepalive_ms,1.360654
latency,1,686,http1_rust_nodelay_all_c16_keepalive_ms,1.630487
latency,1,687,http1_rust_nodelay_all_c16_keepalive_ms,1.676809
latency,1,688,http1_rust_nodelay_all_c16_keepalive_ms,1.089068
latency,1,689,http1_rust_nodelay_all_c16_keepalive_ms,1.588917
latency,1,690,http1_rust_nodelay_all_c16_keepalive_ms,1.344273
latency,1,691,http1_rust_nodelay_all_c16_keepalive_ms,1.777430
latency,1,692,http1_rust_nodelay_all_c16_keepalive_ms,4.738041
latency,1,693,http1_rust_nodelay_all_c16_keepalive_ms,1.747620
latency,1,694,http1_rust_nodelay_all_c16_keepalive_ms,10.670072
latency,1,695,http1_rust_nodelay_all_c16_keepalive_ms,1.706209
latency,1,696,http1_rust_nodelay_all_c16_keepalive_ms,9.715855
latency,1,697,http1_rust_nodelay_all_c16_keepalive_ms,1.928063
latency,1,698,http1_rust_nodelay_all_c16_keepalive_ms,1.991564
latency,1,699,http1_rust_nodelay_all_c16_keepalive_ms,1.125169
latency,1,700,http1_rust_nodelay_all_c16_keepalive_ms,1.651248
latency,1,701,http1_rust_nodelay_all_c16_keepalive_ms,1.270152
latency,1,702,http1_rust_nodelay_all_c16_keepalive_ms,1.009507
latency,1,703,http1_rust_nodelay_all_c16_keepalive_ms,1.384023
latency,1,704,http1_rust_nodelay_all_c16_keepalive_ms,0.852635
latency,1,705,http1_rust_nodelay_all_c16_keepalive_ms,2.070765
latency,1,706,http1_rust_nodelay_all_c16_keepalive_ms,0.705052
latency,1,707,http1_rust_nodelay_all_c16_keepalive_ms,1.274012
latency,1,708,http1_rust_nodelay_all_c16_keepalive_ms,0.602510
latency,1,709,http1_rust_nodelay_all_c16_keepalive_ms,1.089918
latency,1,710,http1_rust_nodelay_all_c16_keepalive_ms,0.784914
latency,1,711,http1_rust_nodelay_all_c16_keepalive_ms,0.633871
latency,1,712,http1_rust_nodelay_all_c16_keepalive_ms,0.609840
latency,1,713,http1_rust_nodelay_all_c16_keepalive_ms,0.565670
latency,1,714,http1_rust_nodelay_all_c16_keepalive_ms,0.973906
latency,1,715,http1_rust_nodelay_all_c16_keepalive_ms,0.445378
latency,1,716,http1_rust_nodelay_all_c16_keepalive_ms,0.435007
latency,1,717,http1_rust_nodelay_all_c16_keepalive_ms,0.335196
latency,1,718,http1_rust_nodelay_all_c16_keepalive_ms,0.464588
latency,1,719,http1_rust_nodelay_all_c16_keepalive_ms,0.303345
latency,1,1200,http1_rust_nodelay_all_c16_keepalive_ms,10.600570
latency,1,1201,http1_rust_nodelay_all_c16_keepalive_ms,1.782451
latency,1,1202,http1_rust_nodelay_all_c16_keepalive_ms,1.672428
latency,1,1203,http1_rust_nodelay_all_c16_keepalive_ms,1.694589
latency,1,1204,http1_rust_nodelay_all_c16_keepalive_ms,1.321313
latency,1,1205,http1_rust_nodelay_all_c16_keepalive_ms,1.504945
latency,1,1206,http1_rust_nodelay_all_c16_keepalive_ms,1.333413
latency,1,1207,http1_rust_nodelay_all_c16_keepalive_ms,10.981307
latency,1,1208,http1_rust_nodelay_all_c16_keepalive_ms,1.316392
latency,1,1209,http1_rust_nodelay_all_c16_keepalive_ms,1.388174
latency,1,1210,http1_rust_nodelay_all_c16_keepalive_ms,1.716259
latency,1,1211,http1_rust_nodelay_all_c16_keepalive_ms,1.667258
latency,1,1212,http1_rust_nodelay_all_c16_keepalive_ms,1.317133
latency,1,1213,http1_rust_nodelay_all_c16_keepalive_ms,1.399133
latency,1,1214,http1_rust_nodelay_all_c16_keepalive_ms,4.826483
latency,1,1215,http1_rust_nodelay_all_c16_keepalive_ms,1.734709
latency,1,1216,http1_rust_nodelay_all_c16_keepalive_ms,1.273702
latency,1,1217,http1_rust_nodelay_all_c16_keepalive_ms,1.333603
latency,1,1218,http1_rust_nodelay_all_c16_keepalive_ms,1.640858
latency,1,1219,http1_rust_nodelay_all_c16_keepalive_ms,1.340392
latency,1,1220,http1_rust_nodelay_all_c16_keepalive_ms,1.625658
latency,1,1221,http1_rust_nodelay_all_c16_keepalive_ms,1.309192
latency,1,1222,http1_rust_nodelay_all_c16_keepalive_ms,1.710869
latency,1,1223,http1_rust_nodelay_all_c16_keepalive_ms,1.376884
latency,1,1224,http1_rust_nodelay_all_c16_keepalive_ms,1.380363
latency,1,1225,http1_rust_nodelay_all_c16_keepalive_ms,1.631168
latency,1,1226,http1_rust_nodelay_all_c16_keepalive_ms,1.330093
latency,1,1227,http1_rust_nodelay_all_c16_keepalive_ms,1.752050
latency,1,1228,http1_rust_nodelay_all_c16_keepalive_ms,1.336132
latency,1,1229,http1_rust_nodelay_all_c16_keepalive_ms,1.729470
latency,1,1230,http1_rust_nodelay_all_c16_keepalive_ms,1.345733
latency,1,1231,http1_rust_nodelay_all_c16_keepalive_ms,1.372383
latency,1,1232,http1_rust_nodelay_all_c16_keepalive_ms,1.314163
latency,1,1233,http1_rust_nodelay_all_c16_keepalive_ms,1.308171
latency,1,1234,http1_rust_nodelay_all_c16_keepalive_ms,1.662379
latency,1,1235,http1_rust_nodelay_all_c16_keepalive_ms,1.836911
latency,1,1236,http1_rust_nodelay_all_c16_keepalive_ms,1.706659
latency,1,1237,http1_rust_nodelay_all_c16_keepalive_ms,1.312733
latency,1,1238,http1_rust_nodelay_all_c16_keepalive_ms,1.682358
latency,1,1239,http1_rust_nodelay_all_c16_keepalive_ms,1.219751
latency,1,1240,http1_rust_nodelay_all_c16_keepalive_ms,1.753430
latency,1,1241,http1_rust_nodelay_all_c16_keepalive_ms,1.683989
latency,1,1242,http1_rust_nodelay_all_c16_keepalive_ms,1.300662
latency,1,1243,http1_rust_nodelay_all_c16_keepalive_ms,1.578847
latency,1,1244,http1_rust_nodelay_all_c16_keepalive_ms,1.701888
latency,1,1245,http1_rust_nodelay_all_c16_keepalive_ms,1.674279
latency,1,1246,http1_rust_nodelay_all_c16_keepalive_ms,1.329832
latency,1,1247,http1_rust_nodelay_all_c16_keepalive_ms,1.637008
latency,1,1248,http1_rust_nodelay_all_c16_keepalive_ms,1.754790
latency,1,1249,http1_rust_nodelay_all_c16_keepalive_ms,1.841282
latency,1,1250,http1_rust_nodelay_all_c16_keepalive_ms,1.249721
latency,1,1251,http1_rust_nodelay_all_c16_keepalive_ms,1.654538
latency,1,1252,http1_rust_nodelay_all_c16_keepalive_ms,1.309303
latency,1,1253,http1_rust_nodelay_all_c16_keepalive_ms,1.678228
latency,1,1254,http1_rust_nodelay_all_c16_keepalive_ms,1.480255
latency,1,1255,http1_rust_nodelay_all_c16_keepalive_ms,1.642308
latency,1,1256,http1_rust_nodelay_all_c16_keepalive_ms,1.690349
latency,1,1257,http1_rust_nodelay_all_c16_keepalive_ms,1.290152
latency,1,1258,http1_rust_nodelay_all_c16_keepalive_ms,1.599377
latency,1,1259,http1_rust_nodelay_all_c16_keepalive_ms,1.352023
latency,1,1260,http1_rust_nodelay_all_c16_keepalive_ms,1.304922
latency,1,1261,http1_rust_nodelay_all_c16_keepalive_ms,1.712329
latency,1,1262,http1_rust_nodelay_all_c16_keepalive_ms,1.735940
latency,1,1263,http1_rust_nodelay_all_c16_keepalive_ms,1.743070
latency,1,1264,http1_rust_nodelay_all_c16_keepalive_ms,1.807250
latency,1,1265,http1_rust_nodelay_all_c16_keepalive_ms,1.891832
latency,1,1266,http1_rust_nodelay_all_c16_keepalive_ms,1.822411
latency,1,1267,http1_rust_nodelay_all_c16_keepalive_ms,1.444085
latency,1,1268,http1_rust_nodelay_all_c16_keepalive_ms,1.689329
latency,1,1269,http1_rust_nodelay_all_c16_keepalive_ms,1.709649
latency,1,1270,http1_rust_nodelay_all_c16_keepalive_ms,1.841991
latency,1,1271,http1_rust_nodelay_all_c16_keepalive_ms,12.697206
latency,1,1272,http1_rust_nodelay_all_c16_keepalive_ms,1.045628
latency,1,1273,http1_rust_nodelay_all_c16_keepalive_ms,1.285062
latency,1,1274,http1_rust_nodelay_all_c16_keepalive_ms,1.370204
latency,1,1275,http1_rust_nodelay_all_c16_keepalive_ms,0.906785
latency,1,1276,http1_rust_nodelay_all_c16_keepalive_ms,13.027402
latency,1,1277,http1_rust_nodelay_all_c16_keepalive_ms,0.157792
latency,1,1278,http1_rust_nodelay_all_c16_keepalive_ms,0.136233
latency,1,1279,http1_rust_nodelay_all_c16_keepalive_ms,0.133932
latency,1,480,http1_rust_nodelay_all_c16_keepalive_ms,1.465255
latency,1,481,http1_rust_nodelay_all_c16_keepalive_ms,1.652628
latency,1,482,http1_rust_nodelay_all_c16_keepalive_ms,1.792261
latency,1,483,http1_rust_nodelay_all_c16_keepalive_ms,1.856611
latency,1,484,http1_rust_nodelay_all_c16_keepalive_ms,1.384304
latency,1,485,http1_rust_nodelay_all_c16_keepalive_ms,1.392183
latency,1,486,http1_rust_nodelay_all_c16_keepalive_ms,1.323173
latency,1,487,http1_rust_nodelay_all_c16_keepalive_ms,13.622032
latency,1,488,http1_rust_nodelay_all_c16_keepalive_ms,1.725659
latency,1,489,http1_rust_nodelay_all_c16_keepalive_ms,1.382834
latency,1,490,http1_rust_nodelay_all_c16_keepalive_ms,1.306572
latency,1,491,http1_rust_nodelay_all_c16_keepalive_ms,10.687042
latency,1,492,http1_rust_nodelay_all_c16_keepalive_ms,2.154616
latency,1,493,http1_rust_nodelay_all_c16_keepalive_ms,1.732070
latency,1,494,http1_rust_nodelay_all_c16_keepalive_ms,1.311902
latency,1,495,http1_rust_nodelay_all_c16_keepalive_ms,1.705989
latency,1,496,http1_rust_nodelay_all_c16_keepalive_ms,1.747500
latency,1,497,http1_rust_nodelay_all_c16_keepalive_ms,1.702079
latency,1,498,http1_rust_nodelay_all_c16_keepalive_ms,1.700859
latency,1,499,http1_rust_nodelay_all_c16_keepalive_ms,1.255692
latency,1,500,http1_rust_nodelay_all_c16_keepalive_ms,1.770120
latency,1,501,http1_rust_nodelay_all_c16_keepalive_ms,1.635567
latency,1,502,http1_rust_nodelay_all_c16_keepalive_ms,1.366764
latency,1,503,http1_rust_nodelay_all_c16_keepalive_ms,1.855891
latency,1,504,http1_rust_nodelay_all_c16_keepalive_ms,1.693949
latency,1,505,http1_rust_nodelay_all_c16_keepalive_ms,1.763660
latency,1,506,http1_rust_nodelay_all_c16_keepalive_ms,1.315873
latency,1,507,http1_rust_nodelay_all_c16_keepalive_ms,1.692998
latency,1,508,http1_rust_nodelay_all_c16_keepalive_ms,1.750180
latency,1,509,http1_rust_nodelay_all_c16_keepalive_ms,1.308143
latency,1,510,http1_rust_nodelay_all_c16_keepalive_ms,1.765240
latency,1,511,http1_rust_nodelay_all_c16_keepalive_ms,10.685951
latency,1,512,http1_rust_nodelay_all_c16_keepalive_ms,1.686069
latency,1,513,http1_rust_nodelay_all_c16_keepalive_ms,1.704779
latency,1,514,http1_rust_nodelay_all_c16_keepalive_ms,1.707249
latency,1,515,http1_rust_nodelay_all_c16_keepalive_ms,1.239831
latency,1,516,http1_rust_nodelay_all_c16_keepalive_ms,1.712049
latency,1,517,http1_rust_nodelay_all_c16_keepalive_ms,1.737710
latency,1,518,http1_rust_nodelay_all_c16_keepalive_ms,1.683478
latency,1,519,http1_rust_nodelay_all_c16_keepalive_ms,1.681459
latency,1,520,http1_rust_nodelay_all_c16_keepalive_ms,1.639638
latency,1,521,http1_rust_nodelay_all_c16_keepalive_ms,1.356983
latency,1,522,http1_rust_nodelay_all_c16_keepalive_ms,1.748600
latency,1,523,http1_rust_nodelay_all_c16_keepalive_ms,1.712009
latency,1,524,http1_rust_nodelay_all_c16_keepalive_ms,1.622508
latency,1,525,http1_rust_nodelay_all_c16_keepalive_ms,1.297672
latency,1,526,http1_rust_nodelay_all_c16_keepalive_ms,1.423374
latency,1,527,http1_rust_nodelay_all_c16_keepalive_ms,1.262351
latency,1,528,http1_rust_nodelay_all_c16_keepalive_ms,1.725850
latency,1,529,http1_rust_nodelay_all_c16_keepalive_ms,1.760350
latency,1,530,http1_rust_nodelay_all_c16_keepalive_ms,1.288772
latency,1,531,http1_rust_nodelay_all_c16_keepalive_ms,1.718379
latency,1,532,http1_rust_nodelay_all_c16_keepalive_ms,1.781390
latency,1,533,http1_rust_nodelay_all_c16_keepalive_ms,1.826682
latency,1,534,http1_rust_nodelay_all_c16_keepalive_ms,1.741509
latency,1,535,http1_rust_nodelay_all_c16_keepalive_ms,1.820721
latency,1,536,http1_rust_nodelay_all_c16_keepalive_ms,1.773020
latency,1,537,http1_rust_nodelay_all_c16_keepalive_ms,9.990130
latency,1,538,http1_rust_nodelay_all_c16_keepalive_ms,1.673469
latency,1,539,http1_rust_nodelay_all_c16_keepalive_ms,2.223898
latency,1,540,http1_rust_nodelay_all_c16_keepalive_ms,2.286519
latency,1,541,http1_rust_nodelay_all_c16_keepalive_ms,1.930902
latency,1,542,http1_rust_nodelay_all_c16_keepalive_ms,1.980324
latency,1,543,http1_rust_nodelay_all_c16_keepalive_ms,1.370883
latency,1,544,http1_rust_nodelay_all_c16_keepalive_ms,1.332063
latency,1,545,http1_rust_nodelay_all_c16_keepalive_ms,1.286032
latency,1,546,http1_rust_nodelay_all_c16_keepalive_ms,1.005517
latency,1,547,http1_rust_nodelay_all_c16_keepalive_ms,1.352313
latency,1,548,http1_rust_nodelay_all_c16_keepalive_ms,0.810554
latency,1,549,http1_rust_nodelay_all_c16_keepalive_ms,2.045885
latency,1,550,http1_rust_nodelay_all_c16_keepalive_ms,0.683912
latency,1,551,http1_rust_nodelay_all_c16_keepalive_ms,1.264831
latency,1,552,http1_rust_nodelay_all_c16_keepalive_ms,0.986717
latency,1,553,http1_rust_nodelay_all_c16_keepalive_ms,0.697141
latency,1,554,http1_rust_nodelay_all_c16_keepalive_ms,0.787364
latency,1,555,http1_rust_nodelay_all_c16_keepalive_ms,0.631871
latency,1,556,http1_rust_nodelay_all_c16_keepalive_ms,6.419889
latency,1,557,http1_rust_nodelay_all_c16_keepalive_ms,0.173153
latency,1,558,http1_rust_nodelay_all_c16_keepalive_ms,0.142722
latency,1,559,http1_rust_nodelay_all_c16_keepalive_ms,0.141763
latency,1,1120,http1_rust_nodelay_all_c16_keepalive_ms,1.484806
latency,1,1121,http1_rust_nodelay_all_c16_keepalive_ms,1.902822
latency,1,1122,http1_rust_nodelay_all_c16_keepalive_ms,1.324643
latency,1,1123,http1_rust_nodelay_all_c16_keepalive_ms,1.427553
latency,1,1124,http1_rust_nodelay_all_c16_keepalive_ms,1.761180
latency,1,1125,http1_rust_nodelay_all_c16_keepalive_ms,1.780881
latency,1,1126,http1_rust_nodelay_all_c16_keepalive_ms,1.770380
latency,1,1127,http1_rust_nodelay_all_c16_keepalive_ms,1.741950
latency,1,1128,http1_rust_nodelay_all_c16_keepalive_ms,1.681288
latency,1,1129,http1_rust_nodelay_all_c16_keepalive_ms,1.717170
latency,1,1130,http1_rust_nodelay_all_c16_keepalive_ms,1.255931
latency,1,1131,http1_rust_nodelay_all_c16_keepalive_ms,1.380544
latency,1,1132,http1_rust_nodelay_all_c16_keepalive_ms,1.680518
latency,1,1133,http1_rust_nodelay_all_c16_keepalive_ms,1.744970
latency,1,1134,http1_rust_nodelay_all_c16_keepalive_ms,1.309192
latency,1,1135,http1_rust_nodelay_all_c16_keepalive_ms,1.287032
latency,1,1136,http1_rust_nodelay_all_c16_keepalive_ms,1.699059
latency,1,1137,http1_rust_nodelay_all_c16_keepalive_ms,1.744880
latency,1,1138,http1_rust_nodelay_all_c16_keepalive_ms,1.727549
latency,1,1139,http1_rust_nodelay_all_c16_keepalive_ms,1.296542
latency,1,1140,http1_rust_nodelay_all_c16_keepalive_ms,1.714899
latency,1,1141,http1_rust_nodelay_all_c16_keepalive_ms,1.329483
latency,1,1142,http1_rust_nodelay_all_c16_keepalive_ms,10.350606
latency,1,1143,http1_rust_nodelay_all_c16_keepalive_ms,1.324613
latency,1,1144,http1_rust_nodelay_all_c16_keepalive_ms,1.747399
latency,1,1145,http1_rust_nodelay_all_c16_keepalive_ms,1.700329
latency,1,1146,http1_rust_nodelay_all_c16_keepalive_ms,10.264485
latency,1,1147,http1_rust_nodelay_all_c16_keepalive_ms,1.678318
latency,1,1148,http1_rust_nodelay_all_c16_keepalive_ms,1.470336
latency,1,1149,http1_rust_nodelay_all_c16_keepalive_ms,1.681348
latency,1,1150,http1_rust_nodelay_all_c16_keepalive_ms,1.339803
latency,1,1151,http1_rust_nodelay_all_c16_keepalive_ms,1.705949
latency,1,1152,http1_rust_nodelay_all_c16_keepalive_ms,1.814451
latency,1,1153,http1_rust_nodelay_all_c16_keepalive_ms,1.697049
latency,1,1154,http1_rust_nodelay_all_c16_keepalive_ms,1.338102
latency,1,1155,http1_rust_nodelay_all_c16_keepalive_ms,1.675649
latency,1,1156,http1_rust_nodelay_all_c16_keepalive_ms,1.833571
latency,1,1157,http1_rust_nodelay_all_c16_keepalive_ms,1.792131
latency,1,1158,http1_rust_nodelay_all_c16_keepalive_ms,1.685988
latency,1,1159,http1_rust_nodelay_all_c16_keepalive_ms,1.272662
latency,1,1160,http1_rust_nodelay_all_c16_keepalive_ms,1.641228
latency,1,1161,http1_rust_nodelay_all_c16_keepalive_ms,10.325806
latency,1,1162,http1_rust_nodelay_all_c16_keepalive_ms,1.278552
latency,1,1163,http1_rust_nodelay_all_c16_keepalive_ms,1.667798
latency,1,1164,http1_rust_nodelay_all_c16_keepalive_ms,1.388014
latency,1,1165,http1_rust_nodelay_all_c16_keepalive_ms,9.665204
latency,1,1166,http1_rust_nodelay_all_c16_keepalive_ms,1.689149
latency,1,1167,http1_rust_nodelay_all_c16_keepalive_ms,11.792761
latency,1,1168,http1_rust_nodelay_all_c16_keepalive_ms,1.356142
latency,1,1169,http1_rust_nodelay_all_c16_keepalive_ms,1.914343
latency,1,1170,http1_rust_nodelay_all_c16_keepalive_ms,1.392264
latency,1,1171,http1_rust_nodelay_all_c16_keepalive_ms,1.821971
latency,1,1172,http1_rust_nodelay_all_c16_keepalive_ms,1.323562
latency,1,1173,http1_rust_nodelay_all_c16_keepalive_ms,1.740830
latency,1,1174,http1_rust_nodelay_all_c16_keepalive_ms,1.780650
latency,1,1175,http1_rust_nodelay_all_c16_keepalive_ms,1.685969
latency,1,1176,http1_rust_nodelay_all_c16_keepalive_ms,2.199958
latency,1,1177,http1_rust_nodelay_all_c16_keepalive_ms,1.923182
latency,1,1178,http1_rust_nodelay_all_c16_keepalive_ms,1.455525
latency,1,1179,http1_rust_nodelay_all_c16_keepalive_ms,15.513534
latency,1,1180,http1_rust_nodelay_all_c16_keepalive_ms,0.628291
latency,1,1181,http1_rust_nodelay_all_c16_keepalive_ms,0.634110
latency,1,1182,http1_rust_nodelay_all_c16_keepalive_ms,0.630171
latency,1,1183,http1_rust_nodelay_all_c16_keepalive_ms,0.605920
latency,1,1184,http1_rust_nodelay_all_c16_keepalive_ms,1.148900
latency,1,1185,http1_rust_nodelay_all_c16_keepalive_ms,0.471228
latency,1,1186,http1_rust_nodelay_all_c16_keepalive_ms,0.425267
latency,1,1187,http1_rust_nodelay_all_c16_keepalive_ms,0.344586
latency,1,1188,http1_rust_nodelay_all_c16_keepalive_ms,0.456568
latency,1,1189,http1_rust_nodelay_all_c16_keepalive_ms,0.325106
latency,1,1190,http1_rust_nodelay_all_c16_keepalive_ms,0.374496
latency,1,1191,http1_rust_nodelay_all_c16_keepalive_ms,0.142882
latency,1,1192,http1_rust_nodelay_all_c16_keepalive_ms,0.134153
latency,1,1193,http1_rust_nodelay_all_c16_keepalive_ms,2.975680
latency,1,1194,http1_rust_nodelay_all_c16_keepalive_ms,0.230254
latency,1,1195,http1_rust_nodelay_all_c16_keepalive_ms,0.217824
latency,1,1196,http1_rust_nodelay_all_c16_keepalive_ms,0.222974
latency,1,1197,http1_rust_nodelay_all_c16_keepalive_ms,0.218564
latency,1,1198,http1_rust_nodelay_all_c16_keepalive_ms,0.220313
latency,1,1199,http1_rust_nodelay_all_c16_keepalive_ms,0.213854
trial,1,1280,http1_rust_nodelay_all_c16_median_ms,1.681808
trial,1,1280,http1_rust_nodelay_all_c16_p95_ms,2.262778
trial,1,1280,http1_rust_nodelay_all_c16_requests_per_second,7725.684
trial,1,1280,http1_rust_nodelay_all_c16_wall_ms,165.681
latency,2,0,http1_rust_nodelay_all_c16_keepalive_ms,1.652568
latency,2,1,http1_rust_nodelay_all_c16_keepalive_ms,2.277119
latency,2,2,http1_rust_nodelay_all_c16_keepalive_ms,1.988204
latency,2,3,http1_rust_nodelay_all_c16_keepalive_ms,1.663898
latency,2,4,http1_rust_nodelay_all_c16_keepalive_ms,1.848192
latency,2,5,http1_rust_nodelay_all_c16_keepalive_ms,1.813251
latency,2,6,http1_rust_nodelay_all_c16_keepalive_ms,1.712969
latency,2,7,http1_rust_nodelay_all_c16_keepalive_ms,1.368303
latency,2,8,http1_rust_nodelay_all_c16_keepalive_ms,1.828711
latency,2,9,http1_rust_nodelay_all_c16_keepalive_ms,1.999384
latency,2,10,http1_rust_nodelay_all_c16_keepalive_ms,1.565917
latency,2,11,http1_rust_nodelay_all_c16_keepalive_ms,1.847091
latency,2,12,http1_rust_nodelay_all_c16_keepalive_ms,1.367894
latency,2,13,http1_rust_nodelay_all_c16_keepalive_ms,1.834411
latency,2,14,http1_rust_nodelay_all_c16_keepalive_ms,1.792760
latency,2,15,http1_rust_nodelay_all_c16_keepalive_ms,1.757420
latency,2,16,http1_rust_nodelay_all_c16_keepalive_ms,1.809151
latency,2,17,http1_rust_nodelay_all_c16_keepalive_ms,1.788560
latency,2,18,http1_rust_nodelay_all_c16_keepalive_ms,1.450485
latency,2,19,http1_rust_nodelay_all_c16_keepalive_ms,1.793631
latency,2,20,http1_rust_nodelay_all_c16_keepalive_ms,1.853311
latency,2,21,http1_rust_nodelay_all_c16_keepalive_ms,1.657619
latency,2,22,http1_rust_nodelay_all_c16_keepalive_ms,1.382863
latency,2,23,http1_rust_nodelay_all_c16_keepalive_ms,1.761770
latency,2,24,http1_rust_nodelay_all_c16_keepalive_ms,1.438024
latency,2,25,http1_rust_nodelay_all_c16_keepalive_ms,1.715910
latency,2,26,http1_rust_nodelay_all_c16_keepalive_ms,1.312412
latency,2,27,http1_rust_nodelay_all_c16_keepalive_ms,1.694869
latency,2,28,http1_rust_nodelay_all_c16_keepalive_ms,1.788540
latency,2,29,http1_rust_nodelay_all_c16_keepalive_ms,1.378344
latency,2,30,http1_rust_nodelay_all_c16_keepalive_ms,1.737459
latency,2,31,http1_rust_nodelay_all_c16_keepalive_ms,1.752260
latency,2,32,http1_rust_nodelay_all_c16_keepalive_ms,1.321203
latency,2,33,http1_rust_nodelay_all_c16_keepalive_ms,1.762989
latency,2,34,http1_rust_nodelay_all_c16_keepalive_ms,1.752210
latency,2,35,http1_rust_nodelay_all_c16_keepalive_ms,1.644428
latency,2,36,http1_rust_nodelay_all_c16_keepalive_ms,1.762040
latency,2,37,http1_rust_nodelay_all_c16_keepalive_ms,1.402754
latency,2,38,http1_rust_nodelay_all_c16_keepalive_ms,1.353623
latency,2,39,http1_rust_nodelay_all_c16_keepalive_ms,1.693609
latency,2,40,http1_rust_nodelay_all_c16_keepalive_ms,1.393564
latency,2,41,http1_rust_nodelay_all_c16_keepalive_ms,1.778390
latency,2,42,http1_rust_nodelay_all_c16_keepalive_ms,1.788201
latency,2,43,http1_rust_nodelay_all_c16_keepalive_ms,2.066875
latency,2,44,http1_rust_nodelay_all_c16_keepalive_ms,1.798420
latency,2,45,http1_rust_nodelay_all_c16_keepalive_ms,1.416234
latency,2,46,http1_rust_nodelay_all_c16_keepalive_ms,1.702129
latency,2,47,http1_rust_nodelay_all_c16_keepalive_ms,1.752380
latency,2,48,http1_rust_nodelay_all_c16_keepalive_ms,1.797161
latency,2,49,http1_rust_nodelay_all_c16_keepalive_ms,1.881842
latency,2,50,http1_rust_nodelay_all_c16_keepalive_ms,1.501026
latency,2,51,http1_rust_nodelay_all_c16_keepalive_ms,1.696738
latency,2,52,http1_rust_nodelay_all_c16_keepalive_ms,1.674759
latency,2,53,http1_rust_nodelay_all_c16_keepalive_ms,1.398533
latency,2,54,http1_rust_nodelay_all_c16_keepalive_ms,1.775981
latency,2,55,http1_rust_nodelay_all_c16_keepalive_ms,1.815181
latency,2,56,http1_rust_nodelay_all_c16_keepalive_ms,1.736539
latency,2,57,http1_rust_nodelay_all_c16_keepalive_ms,1.404854
latency,2,58,http1_rust_nodelay_all_c16_keepalive_ms,1.795101
latency,2,59,http1_rust_nodelay_all_c16_keepalive_ms,1.425824
latency,2,60,http1_rust_nodelay_all_c16_keepalive_ms,10.825564
latency,2,61,http1_rust_nodelay_all_c16_keepalive_ms,1.644038
latency,2,62,http1_rust_nodelay_all_c16_keepalive_ms,1.747200
latency,2,63,http1_rust_nodelay_all_c16_keepalive_ms,1.668028
latency,2,64,http1_rust_nodelay_all_c16_keepalive_ms,1.748920
latency,2,65,http1_rust_nodelay_all_c16_keepalive_ms,1.797151
latency,2,66,http1_rust_nodelay_all_c16_keepalive_ms,1.782030
latency,2,67,http1_rust_nodelay_all_c16_keepalive_ms,1.721419
latency,2,68,http1_rust_nodelay_all_c16_keepalive_ms,1.458965
latency,2,69,http1_rust_nodelay_all_c16_keepalive_ms,1.753300
latency,2,70,http1_rust_nodelay_all_c16_keepalive_ms,1.797111
latency,2,71,http1_rust_nodelay_all_c16_keepalive_ms,1.479735
latency,2,72,http1_rust_nodelay_all_c16_keepalive_ms,1.764140
latency,2,73,http1_rust_nodelay_all_c16_keepalive_ms,1.896532
latency,2,74,http1_rust_nodelay_all_c16_keepalive_ms,1.780621
latency,2,75,http1_rust_nodelay_all_c16_keepalive_ms,1.469075
latency,2,76,http1_rust_nodelay_all_c16_keepalive_ms,1.403474
latency,2,77,http1_rust_nodelay_all_c16_keepalive_ms,1.733459
latency,2,78,http1_rust_nodelay_all_c16_keepalive_ms,1.871892
latency,2,79,http1_rust_nodelay_all_c16_keepalive_ms,1.740419
latency,2,480,http1_rust_nodelay_all_c16_keepalive_ms,1.856821
latency,2,481,http1_rust_nodelay_all_c16_keepalive_ms,2.122897
latency,2,482,http1_rust_nodelay_all_c16_keepalive_ms,1.987993
latency,2,483,http1_rust_nodelay_all_c16_keepalive_ms,1.477346
latency,2,484,http1_rust_nodelay_all_c16_keepalive_ms,1.918462
latency,2,485,http1_rust_nodelay_all_c16_keepalive_ms,1.866012
latency,2,486,http1_rust_nodelay_all_c16_keepalive_ms,1.374353
latency,2,487,http1_rust_nodelay_all_c16_keepalive_ms,1.336883
latency,2,488,http1_rust_nodelay_all_c16_keepalive_ms,1.816491
latency,2,489,http1_rust_nodelay_all_c16_keepalive_ms,1.406764
latency,2,490,http1_rust_nodelay_all_c16_keepalive_ms,1.617947
latency,2,491,http1_rust_nodelay_all_c16_keepalive_ms,1.723030
latency,2,492,http1_rust_nodelay_all_c16_keepalive_ms,1.219611
latency,2,493,http1_rust_nodelay_all_c16_keepalive_ms,1.827701
latency,2,494,http1_rust_nodelay_all_c16_keepalive_ms,1.395553
latency,2,495,http1_rust_nodelay_all_c16_keepalive_ms,1.713099
latency,2,496,http1_rust_nodelay_all_c16_keepalive_ms,1.865082
latency,2,497,http1_rust_nodelay_all_c16_keepalive_ms,1.389444
latency,2,498,http1_rust_nodelay_all_c16_keepalive_ms,1.779030
latency,2,499,http1_rust_nodelay_all_c16_keepalive_ms,1.815531
latency,2,500,http1_rust_nodelay_all_c16_keepalive_ms,1.322393
latency,2,501,http1_rust_nodelay_all_c16_keepalive_ms,10.797013
latency,2,502,http1_rust_nodelay_all_c16_keepalive_ms,1.725150
latency,2,503,http1_rust_nodelay_all_c16_keepalive_ms,10.692111
latency,2,504,http1_rust_nodelay_all_c16_keepalive_ms,1.812291
latency,2,505,http1_rust_nodelay_all_c16_keepalive_ms,1.803831
latency,2,506,http1_rust_nodelay_all_c16_keepalive_ms,1.363883
latency,2,507,http1_rust_nodelay_all_c16_keepalive_ms,1.363674
latency,2,508,http1_rust_nodelay_all_c16_keepalive_ms,1.701679
latency,2,509,http1_rust_nodelay_all_c16_keepalive_ms,1.442694
latency,2,510,http1_rust_nodelay_all_c16_keepalive_ms,1.829671
latency,2,511,http1_rust_nodelay_all_c16_keepalive_ms,1.323663
latency,2,512,http1_rust_nodelay_all_c16_keepalive_ms,1.809431
latency,2,513,http1_rust_nodelay_all_c16_keepalive_ms,1.436104
latency,2,514,http1_rust_nodelay_all_c16_keepalive_ms,1.825191
latency,2,515,http1_rust_nodelay_all_c16_keepalive_ms,1.371343
latency,2,516,http1_rust_nodelay_all_c16_keepalive_ms,1.775551
latency,2,517,http1_rust_nodelay_all_c16_keepalive_ms,1.007437
latency,2,518,http1_rust_nodelay_all_c16_keepalive_ms,1.715429
latency,2,519,http1_rust_nodelay_all_c16_keepalive_ms,1.386794
latency,2,520,http1_rust_nodelay_all_c16_keepalive_ms,1.831181
latency,2,521,http1_rust_nodelay_all_c16_keepalive_ms,1.488995
latency,2,522,http1_rust_nodelay_all_c16_keepalive_ms,2.029025
latency,2,523,http1_rust_nodelay_all_c16_keepalive_ms,1.773610
latency,2,524,http1_rust_nodelay_all_c16_keepalive_ms,1.785630
latency,2,525,http1_rust_nodelay_all_c16_keepalive_ms,1.401634
latency,2,526,http1_rust_nodelay_all_c16_keepalive_ms,1.762210
latency,2,527,http1_rust_nodelay_all_c16_keepalive_ms,1.800541
latency,2,528,http1_rust_nodelay_all_c16_keepalive_ms,1.768180
latency,2,529,http1_rust_nodelay_all_c16_keepalive_ms,1.906752
latency,2,530,http1_rust_nodelay_all_c16_keepalive_ms,1.358774
latency,2,531,http1_rust_nodelay_all_c16_keepalive_ms,1.791150
latency,2,532,http1_rust_nodelay_all_c16_keepalive_ms,1.813401
latency,2,533,http1_rust_nodelay_all_c16_keepalive_ms,1.845661
latency,2,534,http1_rust_nodelay_all_c16_keepalive_ms,1.398674
latency,2,535,http1_rust_nodelay_all_c16_keepalive_ms,1.381613
latency,2,536,http1_rust_nodelay_all_c16_keepalive_ms,1.816901
latency,2,537,http1_rust_nodelay_all_c16_keepalive_ms,1.262252
latency,2,538,http1_rust_nodelay_all_c16_keepalive_ms,2.015274
latency,2,539,http1_rust_nodelay_all_c16_keepalive_ms,1.665289
latency,2,540,http1_rust_nodelay_all_c16_keepalive_ms,1.749799
latency,2,541,http1_rust_nodelay_all_c16_keepalive_ms,1.349633
latency,2,542,http1_rust_nodelay_all_c16_keepalive_ms,1.733060
latency,2,543,http1_rust_nodelay_all_c16_keepalive_ms,1.338023
latency,2,544,http1_rust_nodelay_all_c16_keepalive_ms,1.784680
latency,2,545,http1_rust_nodelay_all_c16_keepalive_ms,0.990127
latency,2,546,http1_rust_nodelay_all_c16_keepalive_ms,1.723809
latency,2,547,http1_rust_nodelay_all_c16_keepalive_ms,1.379064
latency,2,548,http1_rust_nodelay_all_c16_keepalive_ms,1.737939
latency,2,549,http1_rust_nodelay_all_c16_keepalive_ms,1.800091
latency,2,550,http1_rust_nodelay_all_c16_keepalive_ms,1.866262
latency,2,551,http1_rust_nodelay_all_c16_keepalive_ms,1.780110
latency,2,552,http1_rust_nodelay_all_c16_keepalive_ms,1.776400
latency,2,553,http1_rust_nodelay_all_c16_keepalive_ms,1.370434
latency,2,554,http1_rust_nodelay_all_c16_keepalive_ms,1.772629
latency,2,555,http1_rust_nodelay_all_c16_keepalive_ms,1.445955
latency,2,556,http1_rust_nodelay_all_c16_keepalive_ms,2.122486
latency,2,557,http1_rust_nodelay_all_c16_keepalive_ms,1.456445
latency,2,558,http1_rust_nodelay_all_c16_keepalive_ms,1.758990
latency,2,559,http1_rust_nodelay_all_c16_keepalive_ms,1.314443
latency,2,960,http1_rust_nodelay_all_c16_keepalive_ms,1.026397
latency,2,961,http1_rust_nodelay_all_c16_keepalive_ms,2.297659
latency,2,962,http1_rust_nodelay_all_c16_keepalive_ms,1.996814
latency,2,963,http1_rust_nodelay_all_c16_keepalive_ms,1.758030
latency,2,964,http1_rust_nodelay_all_c16_keepalive_ms,1.910442
latency,2,965,http1_rust_nodelay_all_c16_keepalive_ms,1.458475
latency,2,966,http1_rust_nodelay_all_c16_keepalive_ms,1.767390
latency,2,967,http1_rust_nodelay_all_c16_keepalive_ms,1.817991
latency,2,968,http1_rust_nodelay_all_c16_keepalive_ms,1.410454
latency,2,969,http1_rust_nodelay_all_c16_keepalive_ms,1.817351
latency,2,970,http1_rust_nodelay_all_c16_keepalive_ms,1.611868
latency,2,971,http1_rust_nodelay_all_c16_keepalive_ms,1.723259
latency,2,972,http1_rust_nodelay_all_c16_keepalive_ms,1.380664
latency,2,973,http1_rust_nodelay_all_c16_keepalive_ms,1.842251
latency,2,974,http1_rust_nodelay_all_c16_keepalive_ms,1.835721
latency,2,975,http1_rust_nodelay_all_c16_keepalive_ms,1.794471
latency,2,976,http1_rust_nodelay_all_c16_keepalive_ms,1.783290
latency,2,977,http1_rust_nodelay_all_c16_keepalive_ms,1.766860
latency,2,978,http1_rust_nodelay_all_c16_keepalive_ms,1.780891
latency,2,979,http1_rust_nodelay_all_c16_keepalive_ms,1.856871
latency,2,980,http1_rust_nodelay_all_c16_keepalive_ms,1.790791
latency,2,981,http1_rust_nodelay_all_c16_keepalive_ms,1.375263
latency,2,982,http1_rust_nodelay_all_c16_keepalive_ms,1.692799
latency,2,983,http1_rust_nodelay_all_c16_keepalive_ms,1.398224
latency,2,984,http1_rust_nodelay_all_c16_keepalive_ms,1.773850
latency,2,985,http1_rust_nodelay_all_c16_keepalive_ms,1.742279
latency,2,986,http1_rust_nodelay_all_c16_keepalive_ms,1.337393
latency,2,987,http1_rust_nodelay_all_c16_keepalive_ms,1.742820
latency,2,988,http1_rust_nodelay_all_c16_keepalive_ms,1.797520
latency,2,989,http1_rust_nodelay_all_c16_keepalive_ms,1.736400
latency,2,990,http1_rust_nodelay_all_c16_keepalive_ms,1.527686
latency,2,991,http1_rust_nodelay_all_c16_keepalive_ms,1.367333
latency,2,992,http1_rust_nodelay_all_c16_keepalive_ms,1.786341
latency,2,993,http1_rust_nodelay_all_c16_keepalive_ms,1.739579
latency,2,994,http1_rust_nodelay_all_c16_keepalive_ms,1.623268
latency,2,995,http1_rust_nodelay_all_c16_keepalive_ms,1.473415
latency,2,996,http1_rust_nodelay_all_c16_keepalive_ms,1.778350
latency,2,997,http1_rust_nodelay_all_c16_keepalive_ms,1.791451
latency,2,998,http1_rust_nodelay_all_c16_keepalive_ms,1.928213
latency,2,999,http1_rust_nodelay_all_c16_keepalive_ms,1.840261
latency,2,1000,http1_rust_nodelay_all_c16_keepalive_ms,10.387037
latency,2,1001,http1_rust_nodelay_all_c16_keepalive_ms,1.784570
latency,2,1002,http1_rust_nodelay_all_c16_keepalive_ms,1.732720
latency,2,1003,http1_rust_nodelay_all_c16_keepalive_ms,1.372603
latency,2,1004,http1_rust_nodelay_all_c16_keepalive_ms,1.396924
latency,2,1005,http1_rust_nodelay_all_c16_keepalive_ms,1.895212
latency,2,1006,http1_rust_nodelay_all_c16_keepalive_ms,1.792931
latency,2,1007,http1_rust_nodelay_all_c16_keepalive_ms,1.719439
latency,2,1008,http1_rust_nodelay_all_c16_keepalive_ms,1.720409
latency,2,1009,http1_rust_nodelay_all_c16_keepalive_ms,1.799131
latency,2,1010,http1_rust_nodelay_all_c16_keepalive_ms,1.761390
latency,2,1011,http1_rust_nodelay_all_c16_keepalive_ms,1.800210
latency,2,1012,http1_rust_nodelay_all_c16_keepalive_ms,1.395164
latency,2,1013,http1_rust_nodelay_all_c16_keepalive_ms,1.828031
latency,2,1014,http1_rust_nodelay_all_c16_keepalive_ms,1.837902
latency,2,1015,http1_rust_nodelay_all_c16_keepalive_ms,1.964583
latency,2,1016,http1_rust_nodelay_all_c16_keepalive_ms,1.336103
latency,2,1017,http1_rust_nodelay_all_c16_keepalive_ms,1.759879
latency,2,1018,http1_rust_nodelay_all_c16_keepalive_ms,1.332853
latency,2,1019,http1_rust_nodelay_all_c16_keepalive_ms,1.846432
latency,2,1020,http1_rust_nodelay_all_c16_keepalive_ms,2.142066
latency,2,1021,http1_rust_nodelay_all_c16_keepalive_ms,1.345663
latency,2,1022,http1_rust_nodelay_all_c16_keepalive_ms,1.696789
latency,2,1023,http1_rust_nodelay_all_c16_keepalive_ms,1.665558
latency,2,1024,http1_rust_nodelay_all_c16_keepalive_ms,1.312983
latency,2,1025,http1_rust_nodelay_all_c16_keepalive_ms,1.778560
latency,2,1026,http1_rust_nodelay_all_c16_keepalive_ms,1.791751
latency,2,1027,http1_rust_nodelay_all_c16_keepalive_ms,1.730409
latency,2,1028,http1_rust_nodelay_all_c16_keepalive_ms,9.547642
latency,2,1029,http1_rust_nodelay_all_c16_keepalive_ms,1.817531
latency,2,1030,http1_rust_nodelay_all_c16_keepalive_ms,1.412344
latency,2,1031,http1_rust_nodelay_all_c16_keepalive_ms,1.761240
latency,2,1032,http1_rust_nodelay_all_c16_keepalive_ms,1.728760
latency,2,1033,http1_rust_nodelay_all_c16_keepalive_ms,1.396553
latency,2,1034,http1_rust_nodelay_all_c16_keepalive_ms,1.646078
latency,2,1035,http1_rust_nodelay_all_c16_keepalive_ms,2.231538
latency,2,1036,http1_rust_nodelay_all_c16_keepalive_ms,1.834632
latency,2,1037,http1_rust_nodelay_all_c16_keepalive_ms,1.341523
latency,2,1038,http1_rust_nodelay_all_c16_keepalive_ms,1.678188
latency,2,1039,http1_rust_nodelay_all_c16_keepalive_ms,1.458535
latency,2,880,http1_rust_nodelay_all_c16_keepalive_ms,2.010655
latency,2,881,http1_rust_nodelay_all_c16_keepalive_ms,2.056015
latency,2,882,http1_rust_nodelay_all_c16_keepalive_ms,1.465965
latency,2,883,http1_rust_nodelay_all_c16_keepalive_ms,2.118226
latency,2,884,http1_rust_nodelay_all_c16_keepalive_ms,0.958306
latency,2,885,http1_rust_nodelay_all_c16_keepalive_ms,1.818861
latency,2,886,http1_rust_nodelay_all_c16_keepalive_ms,1.827291
latency,2,887,http1_rust_nodelay_all_c16_keepalive_ms,1.777110
latency,2,888,http1_rust_nodelay_all_c16_keepalive_ms,1.393714
latency,2,889,http1_rust_nodelay_all_c16_keepalive_ms,1.816641
latency,2,890,http1_rust_nodelay_all_c16_keepalive_ms,1.408744
latency,2,891,http1_rust_nodelay_all_c16_keepalive_ms,1.731799
latency,2,892,http1_rust_nodelay_all_c16_keepalive_ms,1.823992
latency,2,893,http1_rust_nodelay_all_c16_keepalive_ms,1.821410
latency,2,894,http1_rust_nodelay_all_c16_keepalive_ms,1.402034
latency,2,895,http1_rust_nodelay_all_c16_keepalive_ms,10.735083
latency,2,896,http1_rust_nodelay_all_c16_keepalive_ms,1.758430
latency,2,897,http1_rust_nodelay_all_c16_keepalive_ms,1.732250
latency,2,898,http1_rust_nodelay_all_c16_keepalive_ms,1.784310
latency,2,899,http1_rust_nodelay_all_c16_keepalive_ms,1.354273
latency,2,900,http1_rust_nodelay_all_c16_keepalive_ms,1.781520
latency,2,901,http1_rust_nodelay_all_c16_keepalive_ms,1.721269
latency,2,902,http1_rust_nodelay_all_c16_keepalive_ms,1.336213
latency,2,903,http1_rust_nodelay_all_c16_keepalive_ms,1.717439
latency,2,904,http1_rust_nodelay_all_c16_keepalive_ms,1.875592
latency,2,905,http1_rust_nodelay_all_c16_keepalive_ms,1.745940
latency,2,906,http1_rust_nodelay_all_c16_keepalive_ms,1.823431
latency,2,907,http1_rust_nodelay_all_c16_keepalive_ms,1.709939
latency,2,908,http1_rust_nodelay_all_c16_keepalive_ms,1.804541
latency,2,909,http1_rust_nodelay_all_c16_keepalive_ms,1.719249
latency,2,910,http1_rust_nodelay_all_c16_keepalive_ms,1.420984
latency,2,911,http1_rust_nodelay_all_c16_keepalive_ms,1.778291
latency,2,912,http1_rust_nodelay_all_c16_keepalive_ms,1.724759
latency,2,913,http1_rust_nodelay_all_c16_keepalive_ms,1.783830
latency,2,914,http1_rust_nodelay_all_c16_keepalive_ms,1.780961
latency,2,915,http1_rust_nodelay_all_c16_keepalive_ms,1.863992
latency,2,916,http1_rust_nodelay_all_c16_keepalive_ms,1.865221
latency,2,917,http1_rust_nodelay_all_c16_keepalive_ms,1.876032
latency,2,918,http1_rust_nodelay_all_c16_keepalive_ms,1.399824
latency,2,919,http1_rust_nodelay_all_c16_keepalive_ms,1.788470
latency,2,920,http1_rust_nodelay_all_c16_keepalive_ms,1.815611
latency,2,921,http1_rust_nodelay_all_c16_keepalive_ms,1.760330
latency,2,922,http1_rust_nodelay_all_c16_keepalive_ms,1.789811
latency,2,923,http1_rust_nodelay_all_c16_keepalive_ms,1.886402
latency,2,924,http1_rust_nodelay_all_c16_keepalive_ms,1.879662
latency,2,925,http1_rust_nodelay_all_c16_keepalive_ms,1.413414
latency,2,926,http1_rust_nodelay_all_c16_keepalive_ms,1.672428
latency,2,927,http1_rust_nodelay_all_c16_keepalive_ms,1.398244
latency,2,928,http1_rust_nodelay_all_c16_keepalive_ms,1.778420
latency,2,929,http1_rust_nodelay_all_c16_keepalive_ms,1.815081
latency,2,930,http1_rust_nodelay_all_c16_keepalive_ms,1.372414
latency,2,931,http1_rust_nodelay_all_c16_keepalive_ms,1.769700
latency,2,932,http1_rust_nodelay_all_c16_keepalive_ms,1.740359
latency,2,933,http1_rust_nodelay_all_c16_keepalive_ms,1.425415
latency,2,934,http1_rust_nodelay_all_c16_keepalive_ms,1.723859
latency,2,935,http1_rust_nodelay_all_c16_keepalive_ms,1.435755
latency,2,936,http1_rust_nodelay_all_c16_keepalive_ms,1.805270
latency,2,937,http1_rust_nodelay_all_c16_keepalive_ms,1.400914
latency,2,938,http1_rust_nodelay_all_c16_keepalive_ms,1.772120
latency,2,939,http1_rust_nodelay_all_c16_keepalive_ms,1.367933
latency,2,940,http1_rust_nodelay_all_c16_keepalive_ms,1.952894
latency,2,941,http1_rust_nodelay_all_c16_keepalive_ms,1.313582
latency,2,942,http1_rust_nodelay_all_c16_keepalive_ms,1.683779
latency,2,943,http1_rust_nodelay_all_c16_keepalive_ms,1.592347
latency,2,944,http1_rust_nodelay_all_c16_keepalive_ms,1.252921
latency,2,945,http1_rust_nodelay_all_c16_keepalive_ms,1.343833
latency,2,946,http1_rust_nodelay_all_c16_keepalive_ms,1.816321
latency,2,947,http1_rust_nodelay_all_c16_keepalive_ms,1.414384
latency,2,948,http1_rust_nodelay_all_c16_keepalive_ms,1.783430
latency,2,949,http1_rust_nodelay_all_c16_keepalive_ms,1.800681
latency,2,950,http1_rust_nodelay_all_c16_keepalive_ms,1.871382
latency,2,951,http1_rust_nodelay_all_c16_keepalive_ms,1.374133
latency,2,952,http1_rust_nodelay_all_c16_keepalive_ms,2.099816
latency,2,953,http1_rust_nodelay_all_c16_keepalive_ms,10.905615
latency,2,954,http1_rust_nodelay_all_c16_keepalive_ms,2.138407
latency,2,955,http1_rust_nodelay_all_c16_keepalive_ms,1.914862
latency,2,956,http1_rust_nodelay_all_c16_keepalive_ms,1.737480
latency,2,957,http1_rust_nodelay_all_c16_keepalive_ms,1.982774
latency,2,958,http1_rust_nodelay_all_c16_keepalive_ms,1.160740
latency,2,959,http1_rust_nodelay_all_c16_keepalive_ms,1.862201
latency,2,1120,http1_rust_nodelay_all_c16_keepalive_ms,1.877262
latency,2,1121,http1_rust_nodelay_all_c16_keepalive_ms,2.122406
latency,2,1122,http1_rust_nodelay_all_c16_keepalive_ms,1.988354
latency,2,1123,http1_rust_nodelay_all_c16_keepalive_ms,2.099215
latency,2,1124,http1_rust_nodelay_all_c16_keepalive_ms,1.509456
latency,2,1125,http1_rust_nodelay_all_c16_keepalive_ms,1.729289
latency,2,1126,http1_rust_nodelay_all_c16_keepalive_ms,10.829735
latency,2,1127,http1_rust_nodelay_all_c16_keepalive_ms,1.363403
latency,2,1128,http1_rust_nodelay_all_c16_keepalive_ms,1.739540
latency,2,1129,http1_rust_nodelay_all_c16_keepalive_ms,1.769860
latency,2,1130,http1_rust_nodelay_all_c16_keepalive_ms,1.798110
latency,2,1131,http1_rust_nodelay_all_c16_keepalive_ms,1.305483
latency,2,1132,http1_rust_nodelay_all_c16_keepalive_ms,1.410234
latency,2,1133,http1_rust_nodelay_all_c16_keepalive_ms,1.377193
latency,2,1134,http1_rust_nodelay_all_c16_keepalive_ms,1.797211
latency,2,1135,http1_rust_nodelay_all_c16_keepalive_ms,1.863682
latency,2,1136,http1_rust_nodelay_all_c16_keepalive_ms,1.928372
latency,2,1137,http1_rust_nodelay_all_c16_keepalive_ms,1.798451
latency,2,1138,http1_rust_nodelay_all_c16_keepalive_ms,1.378083
latency,2,1139,http1_rust_nodelay_all_c16_keepalive_ms,1.777200
latency,2,1140,http1_rust_nodelay_all_c16_keepalive_ms,1.341663
latency,2,1141,http1_rust_nodelay_all_c16_keepalive_ms,1.675679
latency,2,1142,http1_rust_nodelay_all_c16_keepalive_ms,1.882052
latency,2,1143,http1_rust_nodelay_all_c16_keepalive_ms,1.720199
latency,2,1144,http1_rust_nodelay_all_c16_keepalive_ms,1.822671
latency,2,1145,http1_rust_nodelay_all_c16_keepalive_ms,1.337913
latency,2,1146,http1_rust_nodelay_all_c16_keepalive_ms,1.723820
latency,2,1147,http1_rust_nodelay_all_c16_keepalive_ms,1.396193
latency,2,1148,http1_rust_nodelay_all_c16_keepalive_ms,1.722329
latency,2,1149,http1_rust_nodelay_all_c16_keepalive_ms,1.813721
latency,2,1150,http1_rust_nodelay_all_c16_keepalive_ms,1.834881
latency,2,1151,http1_rust_nodelay_all_c16_keepalive_ms,1.743020
latency,2,1152,http1_rust_nodelay_all_c16_keepalive_ms,1.377454
latency,2,1153,http1_rust_nodelay_all_c16_keepalive_ms,10.341045
latency,2,1154,http1_rust_nodelay_all_c16_keepalive_ms,1.792381
latency,2,1155,http1_rust_nodelay_all_c16_keepalive_ms,1.443745
latency,2,1156,http1_rust_nodelay_all_c16_keepalive_ms,1.362903
latency,2,1157,http1_rust_nodelay_all_c16_keepalive_ms,1.309022
latency,2,1158,http1_rust_nodelay_all_c16_keepalive_ms,1.785301
latency,2,1159,http1_rust_nodelay_all_c16_keepalive_ms,1.410104
latency,2,1160,http1_rust_nodelay_all_c16_keepalive_ms,1.483515
latency,2,1161,http1_rust_nodelay_all_c16_keepalive_ms,1.858402
latency,2,1162,http1_rust_nodelay_all_c16_keepalive_ms,1.257181
latency,2,1163,http1_rust_nodelay_all_c16_keepalive_ms,1.814001
latency,2,1164,http1_rust_nodelay_all_c16_keepalive_ms,1.800190
latency,2,1165,http1_rust_nodelay_all_c16_keepalive_ms,1.853682
latency,2,1166,http1_rust_nodelay_all_c16_keepalive_ms,1.335233
latency,2,1167,http1_rust_nodelay_all_c16_keepalive_ms,1.778570
latency,2,1168,http1_rust_nodelay_all_c16_keepalive_ms,1.379463
latency,2,1169,http1_rust_nodelay_all_c16_keepalive_ms,1.750120
latency,2,1170,http1_rust_nodelay_all_c16_keepalive_ms,1.814071
latency,2,1171,http1_rust_nodelay_all_c16_keepalive_ms,1.786831
latency,2,1172,http1_rust_nodelay_all_c16_keepalive_ms,1.363503
latency,2,1173,http1_rust_nodelay_all_c16_keepalive_ms,1.872751
latency,2,1174,http1_rust_nodelay_all_c16_keepalive_ms,1.798561
latency,2,1175,http1_rust_nodelay_all_c16_keepalive_ms,1.809141
latency,2,1176,http1_rust_nodelay_all_c16_keepalive_ms,1.052678
latency,2,1177,http1_rust_nodelay_all_c16_keepalive_ms,1.678618
latency,2,1178,http1_rust_nodelay_all_c16_keepalive_ms,1.695589
latency,2,1179,http1_rust_nodelay_all_c16_keepalive_ms,1.666109
latency,2,1180,http1_rust_nodelay_all_c16_keepalive_ms,1.314542
latency,2,1181,http1_rust_nodelay_all_c16_keepalive_ms,1.794781
latency,2,1182,http1_rust_nodelay_all_c16_keepalive_ms,1.775810
latency,2,1183,http1_rust_nodelay_all_c16_keepalive_ms,1.730039
latency,2,1184,http1_rust_nodelay_all_c16_keepalive_ms,1.878832
latency,2,1185,http1_rust_nodelay_all_c16_keepalive_ms,1.351313
latency,2,1186,http1_rust_nodelay_all_c16_keepalive_ms,1.796961
latency,2,1187,http1_rust_nodelay_all_c16_keepalive_ms,10.837894
latency,2,1188,http1_rust_nodelay_all_c16_keepalive_ms,1.400144
latency,2,1189,http1_rust_nodelay_all_c16_keepalive_ms,1.448175
latency,2,1190,http1_rust_nodelay_all_c16_keepalive_ms,2.124286
latency,2,1191,http1_rust_nodelay_all_c16_keepalive_ms,1.455645
latency,2,1192,http1_rust_nodelay_all_c16_keepalive_ms,1.759610
latency,2,1193,http1_rust_nodelay_all_c16_keepalive_ms,1.312022
latency,2,1194,http1_rust_nodelay_all_c16_keepalive_ms,1.914333
latency,2,1195,http1_rust_nodelay_all_c16_keepalive_ms,1.605477
latency,2,1196,http1_rust_nodelay_all_c16_keepalive_ms,1.888672
latency,2,1197,http1_rust_nodelay_all_c16_keepalive_ms,1.169410
latency,2,1198,http1_rust_nodelay_all_c16_keepalive_ms,1.418114
latency,2,1199,http1_rust_nodelay_all_c16_keepalive_ms,1.083338
latency,2,400,http1_rust_nodelay_all_c16_keepalive_ms,1.991944
latency,2,401,http1_rust_nodelay_all_c16_keepalive_ms,2.182488
latency,2,402,http1_rust_nodelay_all_c16_keepalive_ms,1.934392
latency,2,403,http1_rust_nodelay_all_c16_keepalive_ms,1.269692
latency,2,404,http1_rust_nodelay_all_c16_keepalive_ms,1.922572
latency,2,405,http1_rust_nodelay_all_c16_keepalive_ms,1.763121
latency,2,406,http1_rust_nodelay_all_c16_keepalive_ms,1.397613
latency,2,407,http1_rust_nodelay_all_c16_keepalive_ms,1.413064
latency,2,408,http1_rust_nodelay_all_c16_keepalive_ms,10.729053
latency,2,409,http1_rust_nodelay_all_c16_keepalive_ms,1.941373
latency,2,410,http1_rust_nodelay_all_c16_keepalive_ms,1.775630
latency,2,411,http1_rust_nodelay_all_c16_keepalive_ms,1.393154
latency,2,412,http1_rust_nodelay_all_c16_keepalive_ms,1.379154
latency,2,413,http1_rust_nodelay_all_c16_keepalive_ms,1.823151
latency,2,414,http1_rust_nodelay_all_c16_keepalive_ms,1.420424
latency,2,415,http1_rust_nodelay_all_c16_keepalive_ms,1.779000
latency,2,416,http1_rust_nodelay_all_c16_keepalive_ms,1.765800
latency,2,417,http1_rust_nodelay_all_c16_keepalive_ms,10.379747
latency,2,418,http1_rust_nodelay_all_c16_keepalive_ms,1.714959
latency,2,419,http1_rust_nodelay_all_c16_keepalive_ms,1.847241
latency,2,420,http1_rust_nodelay_all_c16_keepalive_ms,1.340433
latency,2,421,http1_rust_nodelay_all_c16_keepalive_ms,1.728540
latency,2,422,http1_rust_nodelay_all_c16_keepalive_ms,1.388993
latency,2,423,http1_rust_nodelay_all_c16_keepalive_ms,1.701459
latency,2,424,http1_rust_nodelay_all_c16_keepalive_ms,1.794591
latency,2,425,http1_rust_nodelay_all_c16_keepalive_ms,1.820951
latency,2,426,http1_rust_nodelay_all_c16_keepalive_ms,1.363483
latency,2,427,http1_rust_nodelay_all_c16_keepalive_ms,1.649618
latency,2,428,http1_rust_nodelay_all_c16_keepalive_ms,1.816561
latency,2,429,http1_rust_nodelay_all_c16_keepalive_ms,1.741660
latency,2,430,http1_rust_nodelay_all_c16_keepalive_ms,1.428984
latency,2,431,http1_rust_nodelay_all_c16_keepalive_ms,1.718209
latency,2,432,http1_rust_nodelay_all_c16_keepalive_ms,1.866312
latency,2,433,http1_rust_nodelay_all_c16_keepalive_ms,1.827231
latency,2,434,http1_rust_nodelay_all_c16_keepalive_ms,1.809341
latency,2,435,http1_rust_nodelay_all_c16_keepalive_ms,1.874662
latency,2,436,http1_rust_nodelay_all_c16_keepalive_ms,1.714169
latency,2,437,http1_rust_nodelay_all_c16_keepalive_ms,1.801911
latency,2,438,http1_rust_nodelay_all_c16_keepalive_ms,1.810740
latency,2,439,http1_rust_nodelay_all_c16_keepalive_ms,1.923743
latency,2,440,http1_rust_nodelay_all_c16_keepalive_ms,1.865772
latency,2,441,http1_rust_nodelay_all_c16_keepalive_ms,1.675078
latency,2,442,http1_rust_nodelay_all_c16_keepalive_ms,1.395844
latency,2,443,http1_rust_nodelay_all_c16_keepalive_ms,1.359153
latency,2,444,http1_rust_nodelay_all_c16_keepalive_ms,1.791681
latency,2,445,http1_rust_nodelay_all_c16_keepalive_ms,1.719369
latency,2,446,http1_rust_nodelay_all_c16_keepalive_ms,1.355103
latency,2,447,http1_rust_nodelay_all_c16_keepalive_ms,1.774090
latency,2,448,http1_rust_nodelay_all_c16_keepalive_ms,1.838322
latency,2,449,http1_rust_nodelay_all_c16_keepalive_ms,1.363253
latency,2,450,http1_rust_nodelay_all_c16_keepalive_ms,1.873832
latency,2,451,http1_rust_nodelay_all_c16_keepalive_ms,7.759442
latency,2,452,http1_rust_nodelay_all_c16_keepalive_ms,1.643208
latency,2,453,http1_rust_nodelay_all_c16_keepalive_ms,1.748390
latency,2,454,http1_rust_nodelay_all_c16_keepalive_ms,1.667818
latency,2,455,http1_rust_nodelay_all_c16_keepalive_ms,1.748630
latency,2,456,http1_rust_nodelay_all_c16_keepalive_ms,1.796270
latency,2,457,http1_rust_nodelay_all_c16_keepalive_ms,1.782721
latency,2,458,http1_rust_nodelay_all_c16_keepalive_ms,1.357173
latency,2,459,http1_rust_nodelay_all_c16_keepalive_ms,1.821300
latency,2,460,http1_rust_nodelay_all_c16_keepalive_ms,1.362704
latency,2,461,http1_rust_nodelay_all_c16_keepalive_ms,1.761760
latency,2,462,http1_rust_nodelay_all_c16_keepalive_ms,1.370143
latency,2,463,http1_rust_nodelay_all_c16_keepalive_ms,1.854452
latency,2,464,http1_rust_nodelay_all_c16_keepalive_ms,1.855051
latency,2,465,http1_rust_nodelay_all_c16_keepalive_ms,1.833622
latency,2,466,http1_rust_nodelay_all_c16_keepalive_ms,1.443074
latency,2,467,http1_rust_nodelay_all_c16_keepalive_ms,1.381874
latency,2,468,http1_rust_nodelay_all_c16_keepalive_ms,1.736499
latency,2,469,http1_rust_nodelay_all_c16_keepalive_ms,1.859912
latency,2,470,http1_rust_nodelay_all_c16_keepalive_ms,1.793470
latency,2,471,http1_rust_nodelay_all_c16_keepalive_ms,1.895883
latency,2,472,http1_rust_nodelay_all_c16_keepalive_ms,1.774700
latency,2,473,http1_rust_nodelay_all_c16_keepalive_ms,1.713749
latency,2,474,http1_rust_nodelay_all_c16_keepalive_ms,1.957423
latency,2,475,http1_rust_nodelay_all_c16_keepalive_ms,1.958864
latency,2,476,http1_rust_nodelay_all_c16_keepalive_ms,1.927783
latency,2,477,http1_rust_nodelay_all_c16_keepalive_ms,1.128269
latency,2,478,http1_rust_nodelay_all_c16_keepalive_ms,1.408913
latency,2,479,http1_rust_nodelay_all_c16_keepalive_ms,1.435165
latency,2,800,http1_rust_nodelay_all_c16_keepalive_ms,1.692428
latency,2,801,http1_rust_nodelay_all_c16_keepalive_ms,1.670509
latency,2,802,http1_rust_nodelay_all_c16_keepalive_ms,1.997364
latency,2,803,http1_rust_nodelay_all_c16_keepalive_ms,2.039855
latency,2,804,http1_rust_nodelay_all_c16_keepalive_ms,1.921522
latency,2,805,http1_rust_nodelay_all_c16_keepalive_ms,1.764020
latency,2,806,http1_rust_nodelay_all_c16_keepalive_ms,1.318983
latency,2,807,http1_rust_nodelay_all_c16_keepalive_ms,1.786780
latency,2,808,http1_rust_nodelay_all_c16_keepalive_ms,1.829921
latency,2,809,http1_rust_nodelay_all_c16_keepalive_ms,1.401624
latency,2,810,http1_rust_nodelay_all_c16_keepalive_ms,1.927223
latency,2,811,http1_rust_nodelay_all_c16_keepalive_ms,1.835591
latency,2,812,http1_rust_nodelay_all_c16_keepalive_ms,1.799831
latency,2,813,http1_rust_nodelay_all_c16_keepalive_ms,1.435974
latency,2,814,http1_rust_nodelay_all_c16_keepalive_ms,1.411944
latency,2,815,http1_rust_nodelay_all_c16_keepalive_ms,1.752910
latency,2,816,http1_rust_nodelay_all_c16_keepalive_ms,1.432684
latency,2,817,http1_rust_nodelay_all_c16_keepalive_ms,1.306833
latency,2,818,http1_rust_nodelay_all_c16_keepalive_ms,1.777760
latency,2,819,http1_rust_nodelay_all_c16_keepalive_ms,1.782640
latency,2,820,http1_rust_nodelay_all_c16_keepalive_ms,1.369054
latency,2,821,http1_rust_nodelay_all_c16_keepalive_ms,1.845531
latency,2,822,http1_rust_nodelay_all_c16_keepalive_ms,1.708499
latency,2,823,http1_rust_nodelay_all_c16_keepalive_ms,1.803121
latency,2,824,http1_rust_nodelay_all_c16_keepalive_ms,1.385123
latency,2,825,http1_rust_nodelay_all_c16_keepalive_ms,1.772770
latency,2,826,http1_rust_nodelay_all_c16_keepalive_ms,1.796971
latency,2,827,http1_rust_nodelay_all_c16_keepalive_ms,1.220781
latency,2,828,http1_rust_nodelay_all_c16_keepalive_ms,1.920343
latency,2,829,http1_rust_nodelay_all_c16_keepalive_ms,1.745339
latency,2,830,http1_rust_nodelay_all_c16_keepalive_ms,1.828271
latency,2,831,http1_rust_nodelay_all_c16_keepalive_ms,1.760700
latency,2,832,http1_rust_nodelay_all_c16_keepalive_ms,1.744470
latency,2,833,http1_rust_nodelay_all_c16_keepalive_ms,1.358813
latency,2,834,http1_rust_nodelay_all_c16_keepalive_ms,1.733619
latency,2,835,http1_rust_nodelay_all_c16_keepalive_ms,1.412345
latency,2,836,http1_rust_nodelay_all_c16_keepalive_ms,1.721869
latency,2,837,http1_rust_nodelay_all_c16_keepalive_ms,1.406324
latency,2,838,http1_rust_nodelay_all_c16_keepalive_ms,1.375403
latency,2,839,http1_rust_nodelay_all_c16_keepalive_ms,1.758700
latency,2,840,http1_rust_nodelay_all_c16_keepalive_ms,1.385284
latency,2,841,http1_rust_nodelay_all_c16_keepalive_ms,1.805131
latency,2,842,http1_rust_nodelay_all_c16_keepalive_ms,1.385953
latency,2,843,http1_rust_nodelay_all_c16_keepalive_ms,1.785971
latency,2,844,http1_rust_nodelay_all_c16_keepalive_ms,1.831771
latency,2,845,http1_rust_nodelay_all_c16_keepalive_ms,10.928906
latency,2,846,http1_rust_nodelay_all_c16_keepalive_ms,1.851401
latency,2,847,http1_rust_nodelay_all_c16_keepalive_ms,1.266482
latency,2,848,http1_rust_nodelay_all_c16_keepalive_ms,1.381283
latency,2,849,http1_rust_nodelay_all_c16_keepalive_ms,1.785811
latency,2,850,http1_rust_nodelay_all_c16_keepalive_ms,1.865421
latency,2,851,http1_rust_nodelay_all_c16_keepalive_ms,1.770301
latency,2,852,http1_rust_nodelay_all_c16_keepalive_ms,1.807840
latency,2,853,http1_rust_nodelay_all_c16_keepalive_ms,10.805584
latency,2,854,http1_rust_nodelay_all_c16_keepalive_ms,1.791701
latency,2,855,http1_rust_nodelay_all_c16_keepalive_ms,5.218389
latency,2,856,http1_rust_nodelay_all_c16_keepalive_ms,1.652728
latency,2,857,http1_rust_nodelay_all_c16_keepalive_ms,1.748830
latency,2,858,http1_rust_nodelay_all_c16_keepalive_ms,1.348203
latency,2,859,http1_rust_nodelay_all_c16_keepalive_ms,7.709931
latency,2,860,http1_rust_nodelay_all_c16_keepalive_ms,1.775950
latency,2,861,http1_rust_nodelay_all_c16_keepalive_ms,1.407194
latency,2,862,http1_rust_nodelay_all_c16_keepalive_ms,1.413484
latency,2,863,http1_rust_nodelay_all_c16_keepalive_ms,1.772840
latency,2,864,http1_rust_nodelay_all_c16_keepalive_ms,1.420014
latency,2,865,http1_rust_nodelay_all_c16_keepalive_ms,1.710120
latency,2,866,http1_rust_nodelay_all_c16_keepalive_ms,1.815280
latency,2,867,http1_rust_nodelay_all_c16_keepalive_ms,1.760100
latency,2,868,http1_rust_nodelay_all_c16_keepalive_ms,1.831271
latency,2,869,http1_rust_nodelay_all_c16_keepalive_ms,2.121346
latency,2,870,http1_rust_nodelay_all_c16_keepalive_ms,1.911073
latency,2,871,http1_rust_nodelay_all_c16_keepalive_ms,1.358383
latency,2,872,http1_rust_nodelay_all_c16_keepalive_ms,2.019425
latency,2,873,http1_rust_nodelay_all_c16_keepalive_ms,1.172400
latency,2,874,http1_rust_nodelay_all_c16_keepalive_ms,1.890042
latency,2,875,http1_rust_nodelay_all_c16_keepalive_ms,1.971783
latency,2,876,http1_rust_nodelay_all_c16_keepalive_ms,1.439905
latency,2,877,http1_rust_nodelay_all_c16_keepalive_ms,1.107348
latency,2,878,http1_rust_nodelay_all_c16_keepalive_ms,1.822241
latency,2,879,http1_rust_nodelay_all_c16_keepalive_ms,1.262262
latency,2,640,http1_rust_nodelay_all_c16_keepalive_ms,1.952993
latency,2,641,http1_rust_nodelay_all_c16_keepalive_ms,2.106066
latency,2,642,http1_rust_nodelay_all_c16_keepalive_ms,1.464835
latency,2,643,http1_rust_nodelay_all_c16_keepalive_ms,1.742290
latency,2,644,http1_rust_nodelay_all_c16_keepalive_ms,1.386753
latency,2,645,http1_rust_nodelay_all_c16_keepalive_ms,9.591684
latency,2,646,http1_rust_nodelay_all_c16_keepalive_ms,1.673878
latency,2,647,http1_rust_nodelay_all_c16_keepalive_ms,1.882752
latency,2,648,http1_rust_nodelay_all_c16_keepalive_ms,1.829581
latency,2,649,http1_rust_nodelay_all_c16_keepalive_ms,1.847372
latency,2,650,http1_rust_nodelay_all_c16_keepalive_ms,1.340282
latency,2,651,http1_rust_nodelay_all_c16_keepalive_ms,1.782151
latency,2,652,http1_rust_nodelay_all_c16_keepalive_ms,1.784170
latency,2,653,http1_rust_nodelay_all_c16_keepalive_ms,1.780751
latency,2,654,http1_rust_nodelay_all_c16_keepalive_ms,1.830141
latency,2,655,http1_rust_nodelay_all_c16_keepalive_ms,1.403154
latency,2,656,http1_rust_nodelay_all_c16_keepalive_ms,1.783530
latency,2,657,http1_rust_nodelay_all_c16_keepalive_ms,1.712839
latency,2,658,http1_rust_nodelay_all_c16_keepalive_ms,1.652378
latency,2,659,http1_rust_nodelay_all_c16_keepalive_ms,1.796421
latency,2,660,http1_rust_nodelay_all_c16_keepalive_ms,1.361813
latency,2,661,http1_rust_nodelay_all_c16_keepalive_ms,1.799461
latency,2,662,http1_rust_nodelay_all_c16_keepalive_ms,1.598547
latency,2,663,http1_rust_nodelay_all_c16_keepalive_ms,1.409594
latency,2,664,http1_rust_nodelay_all_c16_keepalive_ms,1.815761
latency,2,665,http1_rust_nodelay_all_c16_keepalive_ms,10.310355
latency,2,666,http1_rust_nodelay_all_c16_keepalive_ms,1.700799
latency,2,667,http1_rust_nodelay_all_c16_keepalive_ms,1.806231
latency,2,668,http1_rust_nodelay_all_c16_keepalive_ms,1.754280
latency,2,669,http1_rust_nodelay_all_c16_keepalive_ms,1.675708
latency,2,670,http1_rust_nodelay_all_c16_keepalive_ms,1.827111
latency,2,671,http1_rust_nodelay_all_c16_keepalive_ms,1.287622
latency,2,672,http1_rust_nodelay_all_c16_keepalive_ms,1.711520
latency,2,673,http1_rust_nodelay_all_c16_keepalive_ms,1.851611
latency,2,674,http1_rust_nodelay_all_c16_keepalive_ms,1.800630
latency,2,675,http1_rust_nodelay_all_c16_keepalive_ms,1.828642
latency,2,676,http1_rust_nodelay_all_c16_keepalive_ms,1.840671
latency,2,677,http1_rust_nodelay_all_c16_keepalive_ms,1.800821
latency,2,678,http1_rust_nodelay_all_c16_keepalive_ms,1.722859
latency,2,679,http1_rust_nodelay_all_c16_keepalive_ms,1.861242
latency,2,680,http1_rust_nodelay_all_c16_keepalive_ms,8.602096
latency,2,681,http1_rust_nodelay_all_c16_keepalive_ms,1.772400
latency,2,682,http1_rust_nodelay_all_c16_keepalive_ms,1.807791
latency,2,683,http1_rust_nodelay_all_c16_keepalive_ms,1.765130
latency,2,684,http1_rust_nodelay_all_c16_keepalive_ms,1.425444
latency,2,685,http1_rust_nodelay_all_c16_keepalive_ms,1.357394
latency,2,686,http1_rust_nodelay_all_c16_keepalive_ms,1.793380
latency,2,687,http1_rust_nodelay_all_c16_keepalive_ms,1.811701
latency,2,688,http1_rust_nodelay_all_c16_keepalive_ms,1.851561
latency,2,689,http1_rust_nodelay_all_c16_keepalive_ms,4.449956
latency,2,690,http1_rust_nodelay_all_c16_keepalive_ms,1.652028
latency,2,691,http1_rust_nodelay_all_c16_keepalive_ms,1.748780
latency,2,692,http1_rust_nodelay_all_c16_keepalive_ms,1.666238
latency,2,693,http1_rust_nodelay_all_c16_keepalive_ms,1.748330
latency,2,694,http1_rust_nodelay_all_c16_keepalive_ms,1.796621
latency,2,695,http1_rust_nodelay_all_c16_keepalive_ms,1.783210
latency,2,696,http1_rust_nodelay_all_c16_keepalive_ms,1.358743
latency,2,697,http1_rust_nodelay_all_c16_keepalive_ms,1.678269
latency,2,698,http1_rust_nodelay_all_c16_keepalive_ms,1.704559
latency,2,699,http1_rust_nodelay_all_c16_keepalive_ms,1.404224
latency,2,700,http1_rust_nodelay_all_c16_keepalive_ms,1.827011
latency,2,701,http1_rust_nodelay_all_c16_keepalive_ms,1.821451
latency,2,702,http1_rust_nodelay_all_c16_keepalive_ms,1.894492
latency,2,703,http1_rust_nodelay_all_c16_keepalive_ms,1.781720
latency,2,704,http1_rust_nodelay_all_c16_keepalive_ms,1.801271
latency,2,705,http1_rust_nodelay_all_c16_keepalive_ms,1.736620
latency,2,706,http1_rust_nodelay_all_c16_keepalive_ms,1.415473
latency,2,707,http1_rust_nodelay_all_c16_keepalive_ms,1.809251
latency,2,708,http1_rust_nodelay_all_c16_keepalive_ms,0.931866
latency,2,709,http1_rust_nodelay_all_c16_keepalive_ms,2.263889
latency,2,710,http1_rust_nodelay_all_c16_keepalive_ms,1.333272
latency,2,711,http1_rust_nodelay_all_c16_keepalive_ms,1.560047
latency,2,712,http1_rust_nodelay_all_c16_keepalive_ms,1.679979
latency,2,713,http1_rust_nodelay_all_c16_keepalive_ms,1.809861
latency,2,714,http1_rust_nodelay_all_c16_keepalive_ms,1.980623
latency,2,715,http1_rust_nodelay_all_c16_keepalive_ms,1.545597
latency,2,716,http1_rust_nodelay_all_c16_keepalive_ms,1.120089
latency,2,717,http1_rust_nodelay_all_c16_keepalive_ms,1.378793
latency,2,718,http1_rust_nodelay_all_c16_keepalive_ms,1.780820
latency,2,719,http1_rust_nodelay_all_c16_keepalive_ms,0.932136
latency,2,160,http1_rust_nodelay_all_c16_keepalive_ms,1.671659
latency,2,161,http1_rust_nodelay_all_c16_keepalive_ms,1.669858
latency,2,162,http1_rust_nodelay_all_c16_keepalive_ms,1.997624
latency,2,163,http1_rust_nodelay_all_c16_keepalive_ms,1.490596
latency,2,164,http1_rust_nodelay_all_c16_keepalive_ms,1.912182
latency,2,165,http1_rust_nodelay_all_c16_keepalive_ms,1.834721
latency,2,166,http1_rust_nodelay_all_c16_keepalive_ms,1.387304
latency,2,167,http1_rust_nodelay_all_c16_keepalive_ms,1.816441
latency,2,168,http1_rust_nodelay_all_c16_keepalive_ms,1.360293
latency,2,169,http1_rust_nodelay_all_c16_keepalive_ms,1.937473
latency,2,170,http1_rust_nodelay_all_c16_keepalive_ms,1.935383
latency,2,171,http1_rust_nodelay_all_c16_keepalive_ms,1.405994
latency,2,172,http1_rust_nodelay_all_c16_keepalive_ms,1.821981
latency,2,173,http1_rust_nodelay_all_c16_keepalive_ms,1.820701
latency,2,174,http1_rust_nodelay_all_c16_keepalive_ms,0.931326
latency,2,175,http1_rust_nodelay_all_c16_keepalive_ms,1.710669
latency,2,176,http1_rust_nodelay_all_c16_keepalive_ms,1.412174
latency,2,177,http1_rust_nodelay_all_c16_keepalive_ms,2.014124
latency,2,178,http1_rust_nodelay_all_c16_keepalive_ms,1.804201
latency,2,179,http1_rust_nodelay_all_c16_keepalive_ms,1.787420
latency,2,180,http1_rust_nodelay_all_c16_keepalive_ms,1.834372
latency,2,181,http1_rust_nodelay_all_c16_keepalive_ms,1.393243
latency,2,182,http1_rust_nodelay_all_c16_keepalive_ms,1.662519
latency,2,183,http1_rust_nodelay_all_c16_keepalive_ms,1.381623
latency,2,184,http1_rust_nodelay_all_c16_keepalive_ms,1.764040
latency,2,185,http1_rust_nodelay_all_c16_keepalive_ms,1.776090
latency,2,186,http1_rust_nodelay_all_c16_keepalive_ms,1.341933
latency,2,187,http1_rust_nodelay_all_c16_keepalive_ms,1.348633
latency,2,188,http1_rust_nodelay_all_c16_keepalive_ms,1.696529
latency,2,189,http1_rust_nodelay_all_c16_keepalive_ms,1.787330
latency,2,190,http1_rust_nodelay_all_c16_keepalive_ms,1.375034
latency,2,191,http1_rust_nodelay_all_c16_keepalive_ms,1.660788
latency,2,192,http1_rust_nodelay_all_c16_keepalive_ms,1.348523
latency,2,193,http1_rust_nodelay_all_c16_keepalive_ms,1.743960
latency,2,194,http1_rust_nodelay_all_c16_keepalive_ms,10.382006
latency,2,195,http1_rust_nodelay_all_c16_keepalive_ms,1.783131
latency,2,196,http1_rust_nodelay_all_c16_keepalive_ms,1.702339
latency,2,197,http1_rust_nodelay_all_c16_keepalive_ms,1.385124
latency,2,198,http1_rust_nodelay_all_c16_keepalive_ms,1.779930
latency,2,199,http1_rust_nodelay_all_c16_keepalive_ms,1.831291
latency,2,200,http1_rust_nodelay_all_c16_keepalive_ms,1.803990
latency,2,201,http1_rust_nodelay_all_c16_keepalive_ms,1.742900
latency,2,202,http1_rust_nodelay_all_c16_keepalive_ms,1.781750
latency,2,203,http1_rust_nodelay_all_c16_keepalive_ms,1.371984
latency,2,204,http1_rust_nodelay_all_c16_keepalive_ms,1.734499
latency,2,205,http1_rust_nodelay_all_c16_keepalive_ms,1.398394
latency,2,206,http1_rust_nodelay_all_c16_keepalive_ms,1.892603
latency,2,207,http1_rust_nodelay_all_c16_keepalive_ms,1.800340
latency,2,208,http1_rust_nodelay_all_c16_keepalive_ms,1.714449
latency,2,209,http1_rust_nodelay_all_c16_keepalive_ms,1.415794
latency,2,210,http1_rust_nodelay_all_c16_keepalive_ms,1.324203
latency,2,211,http1_rust_nodelay_all_c16_keepalive_ms,1.909122
latency,2,212,http1_rust_nodelay_all_c16_keepalive_ms,1.400944
latency,2,213,http1_rust_nodelay_all_c16_keepalive_ms,1.765310
latency,2,214,http1_rust_nodelay_all_c16_keepalive_ms,1.761150
latency,2,215,http1_rust_nodelay_all_c16_keepalive_ms,1.425995
latency,2,216,http1_rust_nodelay_all_c16_keepalive_ms,1.376943
latency,2,217,http1_rust_nodelay_all_c16_keepalive_ms,1.782500
latency,2,218,http1_rust_nodelay_all_c16_keepalive_ms,1.812201
latency,2,219,http1_rust_nodelay_all_c16_keepalive_ms,1.395764
latency,2,220,http1_rust_nodelay_all_c16_keepalive_ms,1.342083
latency,2,221,http1_rust_nodelay_all_c16_keepalive_ms,1.771700
latency,2,222,http1_rust_nodelay_all_c16_keepalive_ms,1.846711
latency,2,223,http1_rust_nodelay_all_c16_keepalive_ms,1.660539
latency,2,224,http1_rust_nodelay_all_c16_keepalive_ms,16.756555
latency,2,225,http1_rust_nodelay_all_c16_keepalive_ms,1.798630
latency,2,226,http1_rust_nodelay_all_c16_keepalive_ms,1.868282
latency,2,227,http1_rust_nodelay_all_c16_keepalive_ms,1.780511
latency,2,228,http1_rust_nodelay_all_c16_keepalive_ms,1.776090
latency,2,229,http1_rust_nodelay_all_c16_keepalive_ms,10.748653
latency,2,230,http1_rust_nodelay_all_c16_keepalive_ms,2.015784
latency,2,231,http1_rust_nodelay_all_c16_keepalive_ms,1.473955
latency,2,232,http1_rust_nodelay_all_c16_keepalive_ms,1.925433
latency,2,233,http1_rust_nodelay_all_c16_keepalive_ms,1.236771
latency,2,234,http1_rust_nodelay_all_c16_keepalive_ms,1.429684
latency,2,235,http1_rust_nodelay_all_c16_keepalive_ms,1.418994
latency,2,236,http1_rust_nodelay_all_c16_keepalive_ms,1.816541
latency,2,237,http1_rust_nodelay_all_c16_keepalive_ms,0.946786
latency,2,238,http1_rust_nodelay_all_c16_keepalive_ms,1.154990
latency,2,239,http1_rust_nodelay_all_c16_keepalive_ms,0.731642
latency,2,1040,http1_rust_nodelay_all_c16_keepalive_ms,1.489235
latency,2,1041,http1_rust_nodelay_all_c16_keepalive_ms,1.616668
latency,2,1042,http1_rust_nodelay_all_c16_keepalive_ms,1.986583
latency,2,1043,http1_rust_nodelay_all_c16_keepalive_ms,1.357924
latency,2,1044,http1_rust_nodelay_all_c16_keepalive_ms,1.887831
latency,2,1045,http1_rust_nodelay_all_c16_keepalive_ms,1.705519
latency,2,1046,http1_rust_nodelay_all_c16_keepalive_ms,1.718440
latency,2,1047,http1_rust_nodelay_all_c16_keepalive_ms,1.831121
latency,2,1048,http1_rust_nodelay_all_c16_keepalive_ms,1.845451
latency,2,1049,http1_rust_nodelay_all_c16_keepalive_ms,1.440475
latency,2,1050,http1_rust_nodelay_all_c16_keepalive_ms,10.364066
latency,2,1051,http1_rust_nodelay_all_c16_keepalive_ms,1.785241
latency,2,1052,http1_rust_nodelay_all_c16_keepalive_ms,1.770040
latency,2,1053,http1_rust_nodelay_all_c16_keepalive_ms,1.778600
latency,2,1054,http1_rust_nodelay_all_c16_keepalive_ms,1.360263
latency,2,1055,http1_rust_nodelay_all_c16_keepalive_ms,1.403304
latency,2,1056,http1_rust_nodelay_all_c16_keepalive_ms,1.779131
latency,2,1057,http1_rust_nodelay_all_c16_keepalive_ms,1.711019
latency,2,1058,http1_rust_nodelay_all_c16_keepalive_ms,1.802190
latency,2,1059,http1_rust_nodelay_all_c16_keepalive_ms,1.365083
latency,2,1060,http1_rust_nodelay_all_c16_keepalive_ms,1.769940
latency,2,1061,http1_rust_nodelay_all_c16_keepalive_ms,1.797381
latency,2,1062,http1_rust_nodelay_all_c16_keepalive_ms,1.705649
latency,2,1063,http1_rust_nodelay_all_c16_keepalive_ms,1.703119
latency,2,1064,http1_rust_nodelay_all_c16_keepalive_ms,1.386494
latency,2,1065,http1_rust_nodelay_all_c16_keepalive_ms,1.828041
latency,2,1066,http1_rust_nodelay_all_c16_keepalive_ms,1.760940
latency,2,1067,http1_rust_nodelay_all_c16_keepalive_ms,1.744720
latency,2,1068,http1_rust_nodelay_all_c16_keepalive_ms,1.742849
latency,2,1069,http1_rust_nodelay_all_c16_keepalive_ms,1.728300
latency,2,1070,http1_rust_nodelay_all_c16_keepalive_ms,1.420314
latency,2,1071,http1_rust_nodelay_all_c16_keepalive_ms,1.698089
latency,2,1072,http1_rust_nodelay_all_c16_keepalive_ms,1.803380
latency,2,1073,http1_rust_nodelay_all_c16_keepalive_ms,1.755470
latency,2,1074,http1_rust_nodelay_all_c16_keepalive_ms,1.823891
latency,2,1075,http1_rust_nodelay_all_c16_keepalive_ms,1.868702
latency,2,1076,http1_rust_nodelay_all_c16_keepalive_ms,1.711239
latency,2,1077,http1_rust_nodelay_all_c16_keepalive_ms,1.806651
latency,2,1078,http1_rust_nodelay_all_c16_keepalive_ms,9.000403
latency,2,1079,http1_rust_nodelay_all_c16_keepalive_ms,1.709359
latency,2,1080,http1_rust_nodelay_all_c16_keepalive_ms,1.551557
latency,2,1081,http1_rust_nodelay_all_c16_keepalive_ms,10.822944
latency,2,1082,http1_rust_nodelay_all_c16_keepalive_ms,1.792370
latency,2,1083,http1_rust_nodelay_all_c16_keepalive_ms,1.829762
latency,2,1084,http1_rust_nodelay_all_c16_keepalive_ms,1.809250
latency,2,1085,http1_rust_nodelay_all_c16_keepalive_ms,1.814401
latency,2,1086,http1_rust_nodelay_all_c16_keepalive_ms,1.732080
latency,2,1087,http1_rust_nodelay_all_c16_keepalive_ms,1.368533
latency,2,1088,http1_rust_nodelay_all_c16_keepalive_ms,1.919453
latency,2,1089,http1_rust_nodelay_all_c16_keepalive_ms,1.845991
latency,2,1090,http1_rust_nodelay_all_c16_keepalive_ms,1.834781
latency,2,1091,http1_rust_nodelay_all_c16_keepalive_ms,1.677009
latency,2,1092,http1_rust_nodelay_all_c16_keepalive_ms,1.696249
latency,2,1093,http1_rust_nodelay_all_c16_keepalive_ms,1.665838
latency,2,1094,http1_rust_nodelay_all_c16_keepalive_ms,1.722430
latency,2,1095,http1_rust_nodelay_all_c16_keepalive_ms,1.811980
latency,2,1096,http1_rust_nodelay_all_c16_keepalive_ms,1.776051
latency,2,1097,http1_rust_nodelay_all_c16_keepalive_ms,1.799790
latency,2,1098,http1_rust_nodelay_all_c16_keepalive_ms,1.831511
latency,2,1099,http1_rust_nodelay_all_c16_keepalive_ms,1.800951
latency,2,1100,http1_rust_nodelay_all_c16_keepalive_ms,1.827901
latency,2,1101,http1_rust_nodelay_all_c16_keepalive_ms,1.854182
latency,2,1102,http1_rust_nodelay_all_c16_keepalive_ms,1.854061
latency,2,1103,http1_rust_nodelay_all_c16_keepalive_ms,1.830771
latency,2,1104,http1_rust_nodelay_all_c16_keepalive_ms,1.823632
latency,2,1105,http1_rust_nodelay_all_c16_keepalive_ms,1.765270
latency,2,1106,http1_rust_nodelay_all_c16_keepalive_ms,1.362912
latency,2,1107,http1_rust_nodelay_all_c16_keepalive_ms,1.387894
latency,2,1108,http1_rust_nodelay_all_c16_keepalive_ms,1.779180
latency,2,1109,http1_rust_nodelay_all_c16_keepalive_ms,2.302010
latency,2,1110,http1_rust_nodelay_all_c16_keepalive_ms,1.685908
latency,2,1111,http1_rust_nodelay_all_c16_keepalive_ms,5.372672
latency,2,1112,http1_rust_nodelay_all_c16_keepalive_ms,1.576537
latency,2,1113,http1_rust_nodelay_all_c16_keepalive_ms,1.456175
latency,2,1114,http1_rust_nodelay_all_c16_keepalive_ms,1.144259
latency,2,1115,http1_rust_nodelay_all_c16_keepalive_ms,1.654878
latency,2,1116,http1_rust_nodelay_all_c16_keepalive_ms,1.445585
latency,2,1117,http1_rust_nodelay_all_c16_keepalive_ms,1.273141
latency,2,1118,http1_rust_nodelay_all_c16_keepalive_ms,0.821834
latency,2,1119,http1_rust_nodelay_all_c16_keepalive_ms,0.926356
latency,2,560,http1_rust_nodelay_all_c16_keepalive_ms,1.896362
latency,2,561,http1_rust_nodelay_all_c16_keepalive_ms,1.940973
latency,2,562,http1_rust_nodelay_all_c16_keepalive_ms,1.984694
latency,2,563,http1_rust_nodelay_all_c16_keepalive_ms,1.662808
latency,2,564,http1_rust_nodelay_all_c16_keepalive_ms,1.933923
latency,2,565,http1_rust_nodelay_all_c16_keepalive_ms,1.368703
latency,2,566,http1_rust_nodelay_all_c16_keepalive_ms,2.081986
latency,2,567,http1_rust_nodelay_all_c16_keepalive_ms,1.807371
latency,2,568,http1_rust_nodelay_all_c16_keepalive_ms,1.808701
latency,2,569,http1_rust_nodelay_all_c16_keepalive_ms,2.075135
latency,2,570,http1_rust_nodelay_all_c16_keepalive_ms,1.726459
latency,2,571,http1_rust_nodelay_all_c16_keepalive_ms,1.678209
latency,2,572,http1_rust_nodelay_all_c16_keepalive_ms,1.357663
latency,2,573,http1_rust_nodelay_all_c16_keepalive_ms,1.870362
latency,2,574,http1_rust_nodelay_all_c16_keepalive_ms,1.771210
latency,2,575,http1_rust_nodelay_all_c16_keepalive_ms,1.793050
latency,2,576,http1_rust_nodelay_all_c16_keepalive_ms,1.772601
latency,2,577,http1_rust_nodelay_all_c16_keepalive_ms,1.781950
latency,2,578,http1_rust_nodelay_all_c16_keepalive_ms,1.405124
latency,2,579,http1_rust_nodelay_all_c16_keepalive_ms,1.833801
latency,2,580,http1_rust_nodelay_all_c16_keepalive_ms,1.398544
latency,2,581,http1_rust_nodelay_all_c16_keepalive_ms,1.657548
latency,2,582,http1_rust_nodelay_all_c16_keepalive_ms,1.382894
latency,2,583,http1_rust_nodelay_all_c16_keepalive_ms,1.762259
latency,2,584,http1_rust_nodelay_all_c16_keepalive_ms,10.769894
latency,2,585,http1_rust_nodelay_all_c16_keepalive_ms,11.062318
latency,2,586,http1_rust_nodelay_all_c16_keepalive_ms,1.792391
latency,2,587,http1_rust_nodelay_all_c16_keepalive_ms,1.781150
latency,2,588,http1_rust_nodelay_all_c16_keepalive_ms,1.816931
latency,2,589,http1_rust_nodelay_all_c16_keepalive_ms,1.787180
latency,2,590,http1_rust_nodelay_all_c16_keepalive_ms,1.792231
latency,2,591,http1_rust_nodelay_all_c16_keepalive_ms,1.426234
latency,2,592,http1_rust_nodelay_all_c16_keepalive_ms,1.846571
latency,2,593,http1_rust_nodelay_all_c16_keepalive_ms,1.780111
latency,2,594,http1_rust_nodelay_all_c16_keepalive_ms,1.415624
latency,2,595,http1_rust_nodelay_all_c16_keepalive_ms,1.728959
latency,2,596,http1_rust_nodelay_all_c16_keepalive_ms,1.804971
latency,2,597,http1_rust_nodelay_all_c16_keepalive_ms,1.667989
latency,2,598,http1_rust_nodelay_all_c16_keepalive_ms,2.004254
latency,2,599,http1_rust_nodelay_all_c16_keepalive_ms,1.724729
latency,2,600,http1_rust_nodelay_all_c16_keepalive_ms,1.749940
latency,2,601,http1_rust_nodelay_all_c16_keepalive_ms,1.777840
latency,2,602,http1_rust_nodelay_all_c16_keepalive_ms,1.758370
latency,2,603,http1_rust_nodelay_all_c16_keepalive_ms,1.366323
latency,2,604,http1_rust_nodelay_all_c16_keepalive_ms,1.792681
latency,2,605,http1_rust_nodelay_all_c16_keepalive_ms,1.755740
latency,2,606,http1_rust_nodelay_all_c16_keepalive_ms,1.875812
latency,2,607,http1_rust_nodelay_all_c16_keepalive_ms,1.356853
latency,2,608,http1_rust_nodelay_all_c16_keepalive_ms,1.781330
latency,2,609,http1_rust_nodelay_all_c16_keepalive_ms,1.777070
latency,2,610,http1_rust_nodelay_all_c16_keepalive_ms,1.873122
latency,2,611,http1_rust_nodelay_all_c16_keepalive_ms,1.422304
latency,2,612,http1_rust_nodelay_all_c16_keepalive_ms,1.785440
latency,2,613,http1_rust_nodelay_all_c16_keepalive_ms,1.787081
latency,2,614,http1_rust_nodelay_all_c16_keepalive_ms,1.688289
latency,2,615,http1_rust_nodelay_all_c16_keepalive_ms,1.271661
latency,2,616,http1_rust_nodelay_all_c16_keepalive_ms,1.319183
latency,2,617,http1_rust_nodelay_all_c16_keepalive_ms,1.342543
latency,2,618,http1_rust_nodelay_all_c16_keepalive_ms,1.747760
latency,2,619,http1_rust_nodelay_all_c16_keepalive_ms,1.415144
latency,2,620,http1_rust_nodelay_all_c16_keepalive_ms,1.779370
latency,2,621,http1_rust_nodelay_all_c16_keepalive_ms,1.738629
latency,2,622,http1_rust_nodelay_all_c16_keepalive_ms,1.871232
latency,2,623,http1_rust_nodelay_all_c16_keepalive_ms,1.784351
latency,2,624,http1_rust_nodelay_all_c16_keepalive_ms,1.841861
latency,2,625,http1_rust_nodelay_all_c16_keepalive_ms,1.835101
latency,2,626,http1_rust_nodelay_all_c16_keepalive_ms,1.326173
latency,2,627,http1_rust_nodelay_all_c16_keepalive_ms,1.876492
latency,2,628,http1_rust_nodelay_all_c16_keepalive_ms,2.070795
latency,2,629,http1_rust_nodelay_all_c16_keepalive_ms,1.832571
latency,2,630,http1_rust_nodelay_all_c16_keepalive_ms,1.775760
latency,2,631,http1_rust_nodelay_all_c16_keepalive_ms,13.386718
latency,2,632,http1_rust_nodelay_all_c16_keepalive_ms,1.265352
latency,2,633,http1_rust_nodelay_all_c16_keepalive_ms,1.439114
latency,2,634,http1_rust_nodelay_all_c16_keepalive_ms,1.101889
latency,2,635,http1_rust_nodelay_all_c16_keepalive_ms,1.826701
latency,2,636,http1_rust_nodelay_all_c16_keepalive_ms,1.259611
latency,2,637,http1_rust_nodelay_all_c16_keepalive_ms,1.255402
latency,2,638,http1_rust_nodelay_all_c16_keepalive_ms,0.718782
latency,2,639,http1_rust_nodelay_all_c16_keepalive_ms,2.303169
latency,2,80,http1_rust_nodelay_all_c16_keepalive_ms,1.974434
latency,2,81,http1_rust_nodelay_all_c16_keepalive_ms,2.026994
latency,2,82,http1_rust_nodelay_all_c16_keepalive_ms,1.987594
latency,2,83,http1_rust_nodelay_all_c16_keepalive_ms,2.101186
latency,2,84,http1_rust_nodelay_all_c16_keepalive_ms,1.508925
latency,2,85,http1_rust_nodelay_all_c16_keepalive_ms,1.727920
latency,2,86,http1_rust_nodelay_all_c16_keepalive_ms,1.779520
latency,2,87,http1_rust_nodelay_all_c16_keepalive_ms,1.408484
latency,2,88,http1_rust_nodelay_all_c16_keepalive_ms,1.757880
latency,2,89,http1_rust_nodelay_all_c16_keepalive_ms,1.814341
latency,2,90,http1_rust_nodelay_all_c16_keepalive_ms,1.513356
latency,2,91,http1_rust_nodelay_all_c16_keepalive_ms,1.390504
latency,2,92,http1_rust_nodelay_all_c16_keepalive_ms,1.752069
latency,2,93,http1_rust_nodelay_all_c16_keepalive_ms,10.922316
latency,2,94,http1_rust_nodelay_all_c16_keepalive_ms,1.816381
latency,2,95,http1_rust_nodelay_all_c16_keepalive_ms,1.720630
latency,2,96,http1_rust_nodelay_all_c16_keepalive_ms,1.314952
latency,2,97,http1_rust_nodelay_all_c16_keepalive_ms,1.739400
latency,2,98,http1_rust_nodelay_all_c16_keepalive_ms,1.377703
latency,2,99,http1_rust_nodelay_all_c16_keepalive_ms,1.778050
latency,2,100,http1_rust_nodelay_all_c16_keepalive_ms,10.767794
latency,2,101,http1_rust_nodelay_all_c16_keepalive_ms,1.402953
latency,2,102,http1_rust_nodelay_all_c16_keepalive_ms,1.609077
latency,2,103,http1_rust_nodelay_all_c16_keepalive_ms,1.713920
latency,2,104,http1_rust_nodelay_all_c16_keepalive_ms,1.860921
latency,2,105,http1_rust_nodelay_all_c16_keepalive_ms,1.795811
latency,2,106,http1_rust_nodelay_all_c16_keepalive_ms,1.711019
latency,2,107,http1_rust_nodelay_all_c16_keepalive_ms,1.350953
latency,2,108,http1_rust_nodelay_all_c16_keepalive_ms,1.738070
latency,2,109,http1_rust_nodelay_all_c16_keepalive_ms,1.389623
latency,2,110,http1_rust_nodelay_all_c16_keepalive_ms,1.771451
latency,2,111,http1_rust_nodelay_all_c16_keepalive_ms,1.346903
latency,2,112,http1_rust_nodelay_all_c16_keepalive_ms,1.734409
latency,2,113,http1_rust_nodelay_all_c16_keepalive_ms,1.385423
latency,2,114,http1_rust_nodelay_all_c16_keepalive_ms,1.746250
latency,2,115,http1_rust_nodelay_all_c16_keepalive_ms,1.398444
latency,2,116,http1_rust_nodelay_all_c16_keepalive_ms,1.795561
latency,2,117,http1_rust_nodelay_all_c16_keepalive_ms,10.708302
latency,2,118,http1_rust_nodelay_all_c16_keepalive_ms,1.802420
latency,2,119,http1_rust_nodelay_all_c16_keepalive_ms,1.852492
latency,2,120,http1_rust_nodelay_all_c16_keepalive_ms,1.795781
latency,2,121,http1_rust_nodelay_all_c16_keepalive_ms,1.764180
latency,2,122,http1_rust_nodelay_all_c16_keepalive_ms,1.411484
latency,2,123,http1_rust_nodelay_all_c16_keepalive_ms,1.806191
latency,2,124,http1_rust_nodelay_all_c16_keepalive_ms,1.767990
latency,2,125,http1_rust_nodelay_all_c16_keepalive_ms,1.419124
latency,2,126,http1_rust_nodelay_all_c16_keepalive_ms,1.784510
latency,2,127,http1_rust_nodelay_all_c16_keepalive_ms,1.795020
latency,2,128,http1_rust_nodelay_all_c16_keepalive_ms,1.849602
latency,2,129,http1_rust_nodelay_all_c16_keepalive_ms,2.098736
latency,2,130,http1_rust_nodelay_all_c16_keepalive_ms,1.670848
latency,2,131,http1_rust_nodelay_all_c16_keepalive_ms,1.271102
latency,2,132,http1_rust_nodelay_all_c16_keepalive_ms,1.319572
latency,2,133,http1_rust_nodelay_all_c16_keepalive_ms,1.342513
latency,2,134,http1_rust_nodelay_all_c16_keepalive_ms,7.751312
latency,2,135,http1_rust_nodelay_all_c16_keepalive_ms,1.710419
latency,2,136,http1_rust_nodelay_all_c16_keepalive_ms,1.402464
latency,2,137,http1_rust_nodelay_all_c16_keepalive_ms,1.826371
latency,2,138,http1_rust_nodelay_all_c16_keepalive_ms,1.820551
latency,2,139,http1_rust_nodelay_all_c16_keepalive_ms,1.416174
latency,2,140,http1_rust_nodelay_all_c16_keepalive_ms,1.815271
latency,2,141,http1_rust_nodelay_all_c16_keepalive_ms,1.840782
latency,2,142,http1_rust_nodelay_all_c16_keepalive_ms,1.765010
latency,2,143,http1_rust_nodelay_all_c16_keepalive_ms,1.737709
latency,2,144,http1_rust_nodelay_all_c16_keepalive_ms,1.390234
latency,2,145,http1_rust_nodelay_all_c16_keepalive_ms,1.319152
latency,2,146,http1_rust_nodelay_all_c16_keepalive_ms,1.819391
latency,2,147,http1_rust_nodelay_all_c16_keepalive_ms,1.787571
latency,2,148,http1_rust_nodelay_all_c16_keepalive_ms,1.343343
latency,2,149,http1_rust_nodelay_all_c16_keepalive_ms,2.104105
latency,2,150,http1_rust_nodelay_all_c16_keepalive_ms,1.750860
latency,2,151,http1_rust_nodelay_all_c16_keepalive_ms,1.983254
latency,2,152,http1_rust_nodelay_all_c16_keepalive_ms,1.553437
latency,2,153,http1_rust_nodelay_all_c16_keepalive_ms,1.111678
latency,2,154,http1_rust_nodelay_all_c16_keepalive_ms,1.419694
latency,2,155,http1_rust_nodelay_all_c16_keepalive_ms,1.819411
latency,2,156,http1_rust_nodelay_all_c16_keepalive_ms,0.942656
latency,2,157,http1_rust_nodelay_all_c16_keepalive_ms,1.159770
latency,2,158,http1_rust_nodelay_all_c16_keepalive_ms,0.904856
latency,2,159,http1_rust_nodelay_all_c16_keepalive_ms,2.233538
latency,2,240,http1_rust_nodelay_all_c16_keepalive_ms,2.068155
latency,2,241,http1_rust_nodelay_all_c16_keepalive_ms,2.138746
latency,2,242,http1_rust_nodelay_all_c16_keepalive_ms,1.918633
latency,2,243,http1_rust_nodelay_all_c16_keepalive_ms,1.723159
latency,2,244,http1_rust_nodelay_all_c16_keepalive_ms,1.897012
latency,2,245,http1_rust_nodelay_all_c16_keepalive_ms,1.705199
latency,2,246,http1_rust_nodelay_all_c16_keepalive_ms,1.787281
latency,2,247,http1_rust_nodelay_all_c16_keepalive_ms,1.812321
latency,2,248,http1_rust_nodelay_all_c16_keepalive_ms,1.405004
latency,2,249,http1_rust_nodelay_all_c16_keepalive_ms,2.153096
latency,2,250,http1_rust_nodelay_all_c16_keepalive_ms,1.726030
latency,2,251,http1_rust_nodelay_all_c16_keepalive_ms,1.293712
latency,2,252,http1_rust_nodelay_all_c16_keepalive_ms,1.770500
latency,2,253,http1_rust_nodelay_all_c16_keepalive_ms,1.413964
latency,2,254,http1_rust_nodelay_all_c16_keepalive_ms,1.392683
latency,2,255,http1_rust_nodelay_all_c16_keepalive_ms,1.746850
latency,2,256,http1_rust_nodelay_all_c16_keepalive_ms,1.433645
latency,2,257,http1_rust_nodelay_all_c16_keepalive_ms,10.697372
latency,2,258,http1_rust_nodelay_all_c16_keepalive_ms,1.757490
latency,2,259,http1_rust_nodelay_all_c16_keepalive_ms,1.771200
latency,2,260,http1_rust_nodelay_all_c16_keepalive_ms,2.032134
latency,2,261,http1_rust_nodelay_all_c16_keepalive_ms,1.741020
latency,2,262,http1_rust_nodelay_all_c16_keepalive_ms,1.374033
latency,2,263,http1_rust_nodelay_all_c16_keepalive_ms,1.745330
latency,2,264,http1_rust_nodelay_all_c16_keepalive_ms,1.671359
latency,2,265,http1_rust_nodelay_all_c16_keepalive_ms,1.770880
latency,2,266,http1_rust_nodelay_all_c16_keepalive_ms,1.746880
latency,2,267,http1_rust_nodelay_all_c16_keepalive_ms,1.813750
latency,2,268,http1_rust_nodelay_all_c16_keepalive_ms,1.746810
latency,2,269,http1_rust_nodelay_all_c16_keepalive_ms,10.413127
latency,2,270,http1_rust_nodelay_all_c16_keepalive_ms,1.720160
latency,2,271,http1_rust_nodelay_all_c16_keepalive_ms,1.440034
latency,2,272,http1_rust_nodelay_all_c16_keepalive_ms,1.832861
latency,2,273,http1_rust_nodelay_all_c16_keepalive_ms,1.356893
latency,2,274,http1_rust_nodelay_all_c16_keepalive_ms,1.830061
latency,2,275,http1_rust_nodelay_all_c16_keepalive_ms,1.855952
latency,2,276,http1_rust_nodelay_all_c16_keepalive_ms,1.789651
latency,2,277,http1_rust_nodelay_all_c16_keepalive_ms,1.730509
latency,2,278,http1_rust_nodelay_all_c16_keepalive_ms,1.864012
latency,2,279,http1_rust_nodelay_all_c16_keepalive_ms,1.494175
latency,2,280,http1_rust_nodelay_all_c16_keepalive_ms,1.751820
latency,2,281,http1_rust_nodelay_all_c16_keepalive_ms,1.360583
latency,2,282,http1_rust_nodelay_all_c16_keepalive_ms,1.778710
latency,2,283,http1_rust_nodelay_all_c16_keepalive_ms,10.727843
latency,2,284,http1_rust_nodelay_all_c16_keepalive_ms,1.396454
latency,2,285,http1_rust_nodelay_all_c16_keepalive_ms,1.813921
latency,2,286,http1_rust_nodelay_all_c16_keepalive_ms,1.325652
latency,2,287,http1_rust_nodelay_all_c16_keepalive_ms,1.774290
latency,2,288,http1_rust_nodelay_all_c16_keepalive_ms,1.373604
latency,2,289,http1_rust_nodelay_all_c16_keepalive_ms,8.867861
latency,2,290,http1_rust_nodelay_all_c16_keepalive_ms,1.771110
latency,2,291,http1_rust_nodelay_all_c16_keepalive_ms,1.398084
latency,2,292,http1_rust_nodelay_all_c16_keepalive_ms,1.730499
latency,2,293,http1_rust_nodelay_all_c16_keepalive_ms,1.863832
latency,2,294,http1_rust_nodelay_all_c16_keepalive_ms,1.783460
latency,2,295,http1_rust_nodelay_all_c16_keepalive_ms,1.807101
latency,2,296,http1_rust_nodelay_all_c16_keepalive_ms,1.457055
latency,2,297,http1_rust_nodelay_all_c16_keepalive_ms,1.788290
latency,2,298,http1_rust_nodelay_all_c16_keepalive_ms,1.402944
latency,2,299,http1_rust_nodelay_all_c16_keepalive_ms,1.786531
latency,2,300,http1_rust_nodelay_all_c16_keepalive_ms,1.411194
latency,2,301,http1_rust_nodelay_all_c16_keepalive_ms,1.767800
latency,2,302,http1_rust_nodelay_all_c16_keepalive_ms,1.740429
latency,2,303,http1_rust_nodelay_all_c16_keepalive_ms,1.867142
latency,2,304,http1_rust_nodelay_all_c16_keepalive_ms,1.371583
latency,2,305,http1_rust_nodelay_all_c16_keepalive_ms,2.229158
latency,2,306,http1_rust_nodelay_all_c16_keepalive_ms,1.804831
latency,2,307,http1_rust_nodelay_all_c16_keepalive_ms,2.060305
latency,2,308,http1_rust_nodelay_all_c16_keepalive_ms,1.544497
latency,2,309,http1_rust_nodelay_all_c16_keepalive_ms,1.963683
latency,2,310,http1_rust_nodelay_all_c16_keepalive_ms,1.906652
latency,2,311,http1_rust_nodelay_all_c16_keepalive_ms,1.148510
latency,2,312,http1_rust_nodelay_all_c16_keepalive_ms,1.385693
latency,2,313,http1_rust_nodelay_all_c16_keepalive_ms,1.869182
latency,2,314,http1_rust_nodelay_all_c16_keepalive_ms,0.922826
latency,2,315,http1_rust_nodelay_all_c16_keepalive_ms,1.264801
latency,2,316,http1_rust_nodelay_all_c16_keepalive_ms,0.718773
latency,2,317,http1_rust_nodelay_all_c16_keepalive_ms,2.495222
latency,2,318,http1_rust_nodelay_all_c16_keepalive_ms,0.460568
latency,2,319,http1_rust_nodelay_all_c16_keepalive_ms,0.137922
latency,2,1200,http1_rust_nodelay_all_c16_keepalive_ms,1.008718
latency,2,1201,http1_rust_nodelay_all_c16_keepalive_ms,14.263142
latency,2,1202,http1_rust_nodelay_all_c16_keepalive_ms,1.912793
latency,2,1203,http1_rust_nodelay_all_c16_keepalive_ms,1.644608
latency,2,1204,http1_rust_nodelay_all_c16_keepalive_ms,1.725969
latency,2,1205,http1_rust_nodelay_all_c16_keepalive_ms,1.826002
latency,2,1206,http1_rust_nodelay_all_c16_keepalive_ms,1.845631
latency,2,1207,http1_rust_nodelay_all_c16_keepalive_ms,1.790270
latency,2,1208,http1_rust_nodelay_all_c16_keepalive_ms,1.416054
latency,2,1209,http1_rust_nodelay_all_c16_keepalive_ms,1.781751
latency,2,1210,http1_rust_nodelay_all_c16_keepalive_ms,1.767840
latency,2,1211,http1_rust_nodelay_all_c16_keepalive_ms,1.779960
latency,2,1212,http1_rust_nodelay_all_c16_keepalive_ms,1.827971
latency,2,1213,http1_rust_nodelay_all_c16_keepalive_ms,1.386244
latency,2,1214,http1_rust_nodelay_all_c16_keepalive_ms,1.669848
latency,2,1215,http1_rust_nodelay_all_c16_keepalive_ms,1.747930
latency,2,1216,http1_rust_nodelay_all_c16_keepalive_ms,1.747710
latency,2,1217,http1_rust_nodelay_all_c16_keepalive_ms,1.796970
latency,2,1218,http1_rust_nodelay_all_c16_keepalive_ms,1.781180
latency,2,1219,http1_rust_nodelay_all_c16_keepalive_ms,1.756470
latency,2,1220,http1_rust_nodelay_all_c16_keepalive_ms,1.742780
latency,2,1221,http1_rust_nodelay_all_c16_keepalive_ms,1.352793
latency,2,1222,http1_rust_nodelay_all_c16_keepalive_ms,1.798841
latency,2,1223,http1_rust_nodelay_all_c16_keepalive_ms,1.746670
latency,2,1224,http1_rust_nodelay_all_c16_keepalive_ms,1.822671
latency,2,1225,http1_rust_nodelay_all_c16_keepalive_ms,1.709229
latency,2,1226,http1_rust_nodelay_all_c16_keepalive_ms,1.805840
latency,2,1227,http1_rust_nodelay_all_c16_keepalive_ms,1.719289
latency,2,1228,http1_rust_nodelay_all_c16_keepalive_ms,1.366854
latency,2,1229,http1_rust_nodelay_all_c16_keepalive_ms,1.776390
latency,2,1230,http1_rust_nodelay_all_c16_keepalive_ms,1.725969
latency,2,1231,http1_rust_nodelay_all_c16_keepalive_ms,1.781501
latency,2,1232,http1_rust_nodelay_all_c16_keepalive_ms,1.785160
latency,2,1233,http1_rust_nodelay_all_c16_keepalive_ms,1.863382
latency,2,1234,http1_rust_nodelay_all_c16_keepalive_ms,1.688499
latency,2,1235,http1_rust_nodelay_all_c16_keepalive_ms,1.454374
latency,2,1236,http1_rust_nodelay_all_c16_keepalive_ms,1.412994
latency,2,1237,http1_rust_nodelay_all_c16_keepalive_ms,1.837422
latency,2,1238,http1_rust_nodelay_all_c16_keepalive_ms,10.412467
latency,2,1239,http1_rust_nodelay_all_c16_keepalive_ms,1.727680
latency,2,1240,http1_rust_nodelay_all_c16_keepalive_ms,1.811840
latency,2,1241,http1_rust_nodelay_all_c16_keepalive_ms,1.799791
latency,2,1242,http1_rust_nodelay_all_c16_keepalive_ms,1.410194
latency,2,1243,http1_rust_nodelay_all_c16_keepalive_ms,1.361903
latency,2,1244,http1_rust_nodelay_all_c16_keepalive_ms,10.459998
latency,2,1245,http1_rust_nodelay_all_c16_keepalive_ms,1.793620
latency,2,1246,http1_rust_nodelay_all_c16_keepalive_ms,1.790331
latency,2,1247,http1_rust_nodelay_all_c16_keepalive_ms,11.845602
latency,2,1248,http1_rust_nodelay_all_c16_keepalive_ms,1.844281
latency,2,1249,http1_rust_nodelay_all_c16_keepalive_ms,1.431154
latency,2,1250,http1_rust_nodelay_all_c16_keepalive_ms,1.403064
latency,2,1251,http1_rust_nodelay_all_c16_keepalive_ms,1.723430
latency,2,1252,http1_rust_nodelay_all_c16_keepalive_ms,1.379453
latency,2,1253,http1_rust_nodelay_all_c16_keepalive_ms,1.493755
latency,2,1254,http1_rust_nodelay_all_c16_keepalive_ms,1.328773
latency,2,1255,http1_rust_nodelay_all_c16_keepalive_ms,1.800571
latency,2,1256,http1_rust_nodelay_all_c16_keepalive_ms,1.400994
latency,2,1257,http1_rust_nodelay_all_c16_keepalive_ms,1.815531
latency,2,1258,http1_rust_nodelay_all_c16_keepalive_ms,1.388483
latency,2,1259,http1_rust_nodelay_all_c16_keepalive_ms,1.730960
latency,2,1260,http1_rust_nodelay_all_c16_keepalive_ms,1.858561
latency,2,1261,http1_rust_nodelay_all_c16_keepalive_ms,1.794471
latency,2,1262,http1_rust_nodelay_all_c16_keepalive_ms,1.899662
latency,2,1263,http1_rust_nodelay_all_c16_keepalive_ms,1.771530
latency,2,1264,http1_rust_nodelay_all_c16_keepalive_ms,1.711509
latency,2,1265,http1_rust_nodelay_all_c16_keepalive_ms,1.956744
latency,2,1266,http1_rust_nodelay_all_c16_keepalive_ms,1.855861
latency,2,1267,http1_rust_nodelay_all_c16_keepalive_ms,1.578207
latency,2,1268,http1_rust_nodelay_all_c16_keepalive_ms,1.453445
latency,2,1269,http1_rust_nodelay_all_c16_keepalive_ms,1.145889
latency,2,1270,http1_rust_nodelay_all_c16_keepalive_ms,1.730380
latency,2,1271,http1_rust_nodelay_all_c16_keepalive_ms,1.181430
latency,2,1272,http1_rust_nodelay_all_c16_keepalive_ms,1.227521
latency,2,1273,http1_rust_nodelay_all_c16_keepalive_ms,0.875845
latency,2,1274,http1_rust_nodelay_all_c16_keepalive_ms,0.750422
latency,2,1275,http1_rust_nodelay_all_c16_keepalive_ms,2.451692
latency,2,1276,http1_rust_nodelay_all_c16_keepalive_ms,1.564697
latency,2,1277,http1_rust_nodelay_all_c16_keepalive_ms,0.135932
latency,2,1278,http1_rust_nodelay_all_c16_keepalive_ms,0.131583
latency,2,1279,http1_rust_nodelay_all_c16_keepalive_ms,0.127852
latency,2,720,http1_rust_nodelay_all_c16_keepalive_ms,1.468905
latency,2,721,http1_rust_nodelay_all_c16_keepalive_ms,1.615867
latency,2,722,http1_rust_nodelay_all_c16_keepalive_ms,1.988424
latency,2,723,http1_rust_nodelay_all_c16_keepalive_ms,7.600699
latency,2,724,http1_rust_nodelay_all_c16_keepalive_ms,1.716939
latency,2,725,http1_rust_nodelay_all_c16_keepalive_ms,1.431025
latency,2,726,http1_rust_nodelay_all_c16_keepalive_ms,1.780750
latency,2,727,http1_rust_nodelay_all_c16_keepalive_ms,1.542236
latency,2,728,http1_rust_nodelay_all_c16_keepalive_ms,1.409815
latency,2,729,http1_rust_nodelay_all_c16_keepalive_ms,1.796610
latency,2,730,http1_rust_nodelay_all_c16_keepalive_ms,1.379733
latency,2,731,http1_rust_nodelay_all_c16_keepalive_ms,1.837012
latency,2,732,http1_rust_nodelay_all_c16_keepalive_ms,1.793610
latency,2,733,http1_rust_nodelay_all_c16_keepalive_ms,1.788081
latency,2,734,http1_rust_nodelay_all_c16_keepalive_ms,1.761560
latency,2,735,http1_rust_nodelay_all_c16_keepalive_ms,1.779830
latency,2,736,http1_rust_nodelay_all_c16_keepalive_ms,9.908288
latency,2,737,http1_rust_nodelay_all_c16_keepalive_ms,1.388794
latency,2,738,http1_rust_nodelay_all_c16_keepalive_ms,1.690809
latency,2,739,http1_rust_nodelay_all_c16_keepalive_ms,1.329133
latency,2,740,http1_rust_nodelay_all_c16_keepalive_ms,1.812220
latency,2,741,http1_rust_nodelay_all_c16_keepalive_ms,1.411785
latency,2,742,http1_rust_nodelay_all_c16_keepalive_ms,1.740689
latency,2,743,http1_rust_nodelay_all_c16_keepalive_ms,1.709159
latency,2,744,http1_rust_nodelay_all_c16_keepalive_ms,1.338733
latency,2,745,http1_rust_nodelay_all_c16_keepalive_ms,1.736689
latency,2,746,http1_rust_nodelay_all_c16_keepalive_ms,1.431325
latency,2,747,http1_rust_nodelay_all_c16_keepalive_ms,1.334802
latency,2,748,http1_rust_nodelay_all_c16_keepalive_ms,1.769981
latency,2,749,http1_rust_nodelay_all_c16_keepalive_ms,10.861045
latency,2,750,http1_rust_nodelay_all_c16_keepalive_ms,1.842511
latency,2,751,http1_rust_nodelay_all_c16_keepalive_ms,1.409664
latency,2,752,http1_rust_nodelay_all_c16_keepalive_ms,1.846061
latency,2,753,http1_rust_nodelay_all_c16_keepalive_ms,1.816661
latency,2,754,http1_rust_nodelay_all_c16_keepalive_ms,1.731550
latency,2,755,http1_rust_nodelay_all_c16_keepalive_ms,1.373113
latency,2,756,http1_rust_nodelay_all_c16_keepalive_ms,1.809171
latency,2,757,http1_rust_nodelay_all_c16_keepalive_ms,1.923143
latency,2,758,http1_rust_nodelay_all_c16_keepalive_ms,1.883302
latency,2,759,http1_rust_nodelay_all_c16_keepalive_ms,1.656828
latency,2,760,http1_rust_nodelay_all_c16_keepalive_ms,1.741709
latency,2,761,http1_rust_nodelay_all_c16_keepalive_ms,0.972587
latency,2,762,http1_rust_nodelay_all_c16_keepalive_ms,1.771000
latency,2,763,http1_rust_nodelay_all_c16_keepalive_ms,1.361923
latency,2,764,http1_rust_nodelay_all_c16_keepalive_ms,1.387924
latency,2,765,http1_rust_nodelay_all_c16_keepalive_ms,1.773360
latency,2,766,http1_rust_nodelay_all_c16_keepalive_ms,1.722390
latency,2,767,http1_rust_nodelay_all_c16_keepalive_ms,1.837281
latency,2,768,http1_rust_nodelay_all_c16_keepalive_ms,1.871922
latency,2,769,http1_rust_nodelay_all_c16_keepalive_ms,1.711519
latency,2,770,http1_rust_nodelay_all_c16_keepalive_ms,1.873782
latency,2,771,http1_rust_nodelay_all_c16_keepalive_ms,1.626837
latency,2,772,http1_rust_nodelay_all_c16_keepalive_ms,1.376354
latency,2,773,http1_rust_nodelay_all_c16_keepalive_ms,1.835041
latency,2,774,http1_rust_nodelay_all_c16_keepalive_ms,1.313862
latency,2,775,http1_rust_nodelay_all_c16_keepalive_ms,1.566277
latency,2,776,http1_rust_nodelay_all_c16_keepalive_ms,1.648428
latency,2,777,http1_rust_nodelay_all_c16_keepalive_ms,1.748600
latency,2,778,http1_rust_nodelay_all_c16_keepalive_ms,1.350163
latency,2,779,http1_rust_nodelay_all_c16_keepalive_ms,1.785810
latency,2,780,http1_rust_nodelay_all_c16_keepalive_ms,1.339583
latency,2,781,http1_rust_nodelay_all_c16_keepalive_ms,1.395334
latency,2,782,http1_rust_nodelay_all_c16_keepalive_ms,1.402004
latency,2,783,http1_rust_nodelay_all_c16_keepalive_ms,10.778823
latency,2,784,http1_rust_nodelay_all_c16_keepalive_ms,1.782631
latency,2,785,http1_rust_nodelay_all_c16_keepalive_ms,1.326242
latency,2,786,http1_rust_nodelay_all_c16_keepalive_ms,1.857982
latency,2,787,http1_rust_nodelay_all_c16_keepalive_ms,1.778840
latency,2,788,http1_rust_nodelay_all_c16_keepalive_ms,2.302879
latency,2,789,http1_rust_nodelay_all_c16_keepalive_ms,1.857152
latency,2,790,http1_rust_nodelay_all_c16_keepalive_ms,2.003214
latency,2,791,http1_rust_nodelay_all_c16_keepalive_ms,1.252381
latency,2,792,http1_rust_nodelay_all_c16_keepalive_ms,1.893513
latency,2,793,http1_rust_nodelay_all_c16_keepalive_ms,1.573016
latency,2,794,http1_rust_nodelay_all_c16_keepalive_ms,1.460795
latency,2,795,http1_rust_nodelay_all_c16_keepalive_ms,11.815881
latency,2,796,http1_rust_nodelay_all_c16_keepalive_ms,0.164433
latency,2,797,http1_rust_nodelay_all_c16_keepalive_ms,0.133872
latency,2,798,http1_rust_nodelay_all_c16_keepalive_ms,0.129933
latency,2,799,http1_rust_nodelay_all_c16_keepalive_ms,0.129512
latency,2,320,http1_rust_nodelay_all_c16_keepalive_ms,1.916083
latency,2,321,http1_rust_nodelay_all_c16_keepalive_ms,2.122556
latency,2,322,http1_rust_nodelay_all_c16_keepalive_ms,1.987324
latency,2,323,http1_rust_nodelay_all_c16_keepalive_ms,2.023724
latency,2,324,http1_rust_nodelay_all_c16_keepalive_ms,1.505885
latency,2,325,http1_rust_nodelay_all_c16_keepalive_ms,1.733200
latency,2,326,http1_rust_nodelay_all_c16_keepalive_ms,1.775790
latency,2,327,http1_rust_nodelay_all_c16_keepalive_ms,1.756420
latency,2,328,http1_rust_nodelay_all_c16_keepalive_ms,1.804051
latency,2,329,http1_rust_nodelay_all_c16_keepalive_ms,2.342530
latency,2,330,http1_rust_nodelay_all_c16_keepalive_ms,1.389774
latency,2,331,http1_rust_nodelay_all_c16_keepalive_ms,10.388436
latency,2,332,http1_rust_nodelay_all_c16_keepalive_ms,1.789661
latency,2,333,http1_rust_nodelay_all_c16_keepalive_ms,1.672258
latency,2,334,http1_rust_nodelay_all_c16_keepalive_ms,1.859522
latency,2,335,http1_rust_nodelay_all_c16_keepalive_ms,1.735780
latency,2,336,http1_rust_nodelay_all_c16_keepalive_ms,1.342312
latency,2,337,http1_rust_nodelay_all_c16_keepalive_ms,1.754610
latency,2,338,http1_rust_nodelay_all_c16_keepalive_ms,1.795781
latency,2,339,http1_rust_nodelay_all_c16_keepalive_ms,1.404823
latency,2,340,http1_rust_nodelay_all_c16_keepalive_ms,1.385164
latency,2,341,http1_rust_nodelay_all_c16_keepalive_ms,1.598467
latency,2,342,http1_rust_nodelay_all_c16_keepalive_ms,1.408594
latency,2,343,http1_rust_nodelay_all_c16_keepalive_ms,1.817011
latency,2,344,http1_rust_nodelay_all_c16_keepalive_ms,1.312103
latency,2,345,http1_rust_nodelay_all_c16_keepalive_ms,1.731789
latency,2,346,http1_rust_nodelay_all_c16_keepalive_ms,1.422854
latency,2,347,http1_rust_nodelay_all_c16_keepalive_ms,1.709019
latency,2,348,http1_rust_nodelay_all_c16_keepalive_ms,1.321823
latency,2,349,http1_rust_nodelay_all_c16_keepalive_ms,1.310502
latency,2,350,http1_rust_nodelay_all_c16_keepalive_ms,1.706189
latency,2,351,http1_rust_nodelay_all_c16_keepalive_ms,1.798271
latency,2,352,http1_rust_nodelay_all_c16_keepalive_ms,1.378393
latency,2,353,http1_rust_nodelay_all_c16_keepalive_ms,1.723690
latency,2,354,http1_rust_nodelay_all_c16_keepalive_ms,1.400384
latency,2,355,http1_rust_nodelay_all_c16_keepalive_ms,1.784320
latency,2,356,http1_rust_nodelay_all_c16_keepalive_ms,1.396204
latency,2,357,http1_rust_nodelay_all_c16_keepalive_ms,1.698369
latency,2,358,http1_rust_nodelay_all_c16_keepalive_ms,1.451684
latency,2,359,http1_rust_nodelay_all_c16_keepalive_ms,1.834671
latency,2,360,http1_rust_nodelay_all_c16_keepalive_ms,1.412614
latency,2,361,http1_rust_nodelay_all_c16_keepalive_ms,1.806231
latency,2,362,http1_rust_nodelay_all_c16_keepalive_ms,1.649288
latency,2,363,http1_rust_nodelay_all_c16_keepalive_ms,1.400304
latency,2,364,http1_rust_nodelay_all_c16_keepalive_ms,1.722160
latency,2,365,http1_rust_nodelay_all_c16_keepalive_ms,1.492645
latency,2,366,http1_rust_nodelay_all_c16_keepalive_ms,1.891072
latency,2,367,http1_rust_nodelay_all_c16_keepalive_ms,1.357373
latency,2,368,http1_rust_nodelay_all_c16_keepalive_ms,1.303052
latency,2,369,http1_rust_nodelay_all_c16_keepalive_ms,10.764654
latency,2,370,http1_rust_nodelay_all_c16_keepalive_ms,1.841001
latency,2,371,http1_rust_nodelay_all_c16_keepalive_ms,1.791471
latency,2,372,http1_rust_nodelay_all_c16_keepalive_ms,1.306232
latency,2,373,http1_rust_nodelay_all_c16_keepalive_ms,1.859341
latency,2,374,http1_rust_nodelay_all_c16_keepalive_ms,1.891612
latency,2,375,http1_rust_nodelay_all_c16_keepalive_ms,1.804341
latency,2,376,http1_rust_nodelay_all_c16_keepalive_ms,1.783910
latency,2,377,http1_rust_nodelay_all_c16_keepalive_ms,1.708390
latency,2,378,http1_rust_nodelay_all_c16_keepalive_ms,1.340062
latency,2,379,http1_rust_nodelay_all_c16_keepalive_ms,1.667499
latency,2,380,http1_rust_nodelay_all_c16_keepalive_ms,1.312152
latency,2,381,http1_rust_nodelay_all_c16_keepalive_ms,1.736880
latency,2,382,http1_rust_nodelay_all_c16_keepalive_ms,1.317992
latency,2,383,http1_rust_nodelay_all_c16_keepalive_ms,1.767680
latency,2,384,http1_rust_nodelay_all_c16_keepalive_ms,1.910253
latency,2,385,http1_rust_nodelay_all_c16_keepalive_ms,1.711019
latency,2,386,http1_rust_nodelay_all_c16_keepalive_ms,1.773760
latency,2,387,http1_rust_nodelay_all_c16_keepalive_ms,1.361953
latency,2,388,http1_rust_nodelay_all_c16_keepalive_ms,1.420524
latency,2,389,http1_rust_nodelay_all_c16_keepalive_ms,1.703429
latency,2,390,http1_rust_nodelay_all_c16_keepalive_ms,1.459795
latency,2,391,http1_rust_nodelay_all_c16_keepalive_ms,1.786621
latency,2,392,http1_rust_nodelay_all_c16_keepalive_ms,9.468071
latency,2,393,http1_rust_nodelay_all_c16_keepalive_ms,13.084792
latency,2,394,http1_rust_nodelay_all_c16_keepalive_ms,1.431115
latency,2,395,http1_rust_nodelay_all_c16_keepalive_ms,1.293602
latency,2,396,http1_rust_nodelay_all_c16_keepalive_ms,7.016519
latency,2,397,http1_rust_nodelay_all_c16_keepalive_ms,0.211044
latency,2,398,http1_rust_nodelay_all_c16_keepalive_ms,0.154103
latency,2,399,http1_rust_nodelay_all_c16_keepalive_ms,0.148072
trial,2,1280,http1_rust_nodelay_all_c16_median_ms,1.753300
trial,2,1280,http1_rust_nodelay_all_c16_p95_ms,2.229158
trial,2,1280,http1_rust_nodelay_all_c16_requests_per_second,7540.911
trial,2,1280,http1_rust_nodelay_all_c16_wall_ms,169.741
latency,3,960,http1_rust_nodelay_all_c16_keepalive_ms,1.754190
latency,3,961,http1_rust_nodelay_all_c16_keepalive_ms,1.882622
latency,3,962,http1_rust_nodelay_all_c16_keepalive_ms,1.774980
latency,3,963,http1_rust_nodelay_all_c16_keepalive_ms,1.486515
latency,3,964,http1_rust_nodelay_all_c16_keepalive_ms,1.895572
latency,3,965,http1_rust_nodelay_all_c16_keepalive_ms,2.030545
latency,3,966,http1_rust_nodelay_all_c16_keepalive_ms,2.063075
latency,3,967,http1_rust_nodelay_all_c16_keepalive_ms,1.297432
latency,3,968,http1_rust_nodelay_all_c16_keepalive_ms,1.863682
latency,3,969,http1_rust_nodelay_all_c16_keepalive_ms,1.922633
latency,3,970,http1_rust_nodelay_all_c16_keepalive_ms,1.771960
latency,3,971,http1_rust_nodelay_all_c16_keepalive_ms,1.392314
latency,3,972,http1_rust_nodelay_all_c16_keepalive_ms,1.818210
latency,3,973,http1_rust_nodelay_all_c16_keepalive_ms,1.589997
latency,3,974,http1_rust_nodelay_all_c16_keepalive_ms,1.768901
latency,3,975,http1_rust_nodelay_all_c16_keepalive_ms,1.786410
latency,3,976,http1_rust_nodelay_all_c16_keepalive_ms,1.402684
latency,3,977,http1_rust_nodelay_all_c16_keepalive_ms,1.803991
latency,3,978,http1_rust_nodelay_all_c16_keepalive_ms,1.369503
latency,3,979,http1_rust_nodelay_all_c16_keepalive_ms,1.823721
latency,3,980,http1_rust_nodelay_all_c16_keepalive_ms,1.018618
latency,3,981,http1_rust_nodelay_all_c16_keepalive_ms,1.759550
latency,3,982,http1_rust_nodelay_all_c16_keepalive_ms,1.729309
latency,3,983,http1_rust_nodelay_all_c16_keepalive_ms,1.425214
latency,3,984,http1_rust_nodelay_all_c16_keepalive_ms,1.761020
latency,3,985,http1_rust_nodelay_all_c16_keepalive_ms,1.783020
latency,3,986,http1_rust_nodelay_all_c16_keepalive_ms,1.787091
latency,3,987,http1_rust_nodelay_all_c16_keepalive_ms,1.399774
latency,3,988,http1_rust_nodelay_all_c16_keepalive_ms,1.771970
latency,3,989,http1_rust_nodelay_all_c16_keepalive_ms,1.323742
latency,3,990,http1_rust_nodelay_all_c16_keepalive_ms,1.351153
latency,3,991,http1_rust_nodelay_all_c16_keepalive_ms,1.542757
latency,3,992,http1_rust_nodelay_all_c16_keepalive_ms,1.769700
latency,3,993,http1_rust_nodelay_all_c16_keepalive_ms,1.330472
latency,3,994,http1_rust_nodelay_all_c16_keepalive_ms,1.670159
latency,3,995,http1_rust_nodelay_all_c16_keepalive_ms,1.428894
latency,3,996,http1_rust_nodelay_all_c16_keepalive_ms,1.768680
latency,3,997,http1_rust_nodelay_all_c16_keepalive_ms,1.747180
latency,3,998,http1_rust_nodelay_all_c16_keepalive_ms,1.369084
latency,3,999,http1_rust_nodelay_all_c16_keepalive_ms,1.307772
latency,3,1000,http1_rust_nodelay_all_c16_keepalive_ms,1.610717
latency,3,1001,http1_rust_nodelay_all_c16_keepalive_ms,1.826351
latency,3,1002,http1_rust_nodelay_all_c16_keepalive_ms,1.722329
latency,3,1003,http1_rust_nodelay_all_c16_keepalive_ms,1.882962
latency,3,1004,http1_rust_nodelay_all_c16_keepalive_ms,1.878082
latency,3,1005,http1_rust_nodelay_all_c16_keepalive_ms,1.913293
latency,3,1006,http1_rust_nodelay_all_c16_keepalive_ms,1.774560
latency,3,1007,http1_rust_nodelay_all_c16_keepalive_ms,1.889263
latency,3,1008,http1_rust_nodelay_all_c16_keepalive_ms,1.416394
latency,3,1009,http1_rust_nodelay_all_c16_keepalive_ms,1.712209
latency,3,1010,http1_rust_nodelay_all_c16_keepalive_ms,1.341173
latency,3,1011,http1_rust_nodelay_all_c16_keepalive_ms,1.847221
latency,3,1012,http1_rust_nodelay_all_c16_keepalive_ms,10.331186
latency,3,1013,http1_rust_nodelay_all_c16_keepalive_ms,1.471475
latency,3,1014,http1_rust_nodelay_all_c16_keepalive_ms,1.807321
latency,3,1015,http1_rust_nodelay_all_c16_keepalive_ms,1.380163
latency,3,1016,http1_rust_nodelay_all_c16_keepalive_ms,1.796070
latency,3,1017,http1_rust_nodelay_all_c16_keepalive_ms,1.799951
latency,3,1018,http1_rust_nodelay_all_c16_keepalive_ms,1.754270
latency,3,1019,http1_rust_nodelay_all_c16_keepalive_ms,1.886372
latency,3,1020,http1_rust_nodelay_all_c16_keepalive_ms,1.787121
latency,3,1021,http1_rust_nodelay_all_c16_keepalive_ms,1.835311
latency,3,1022,http1_rust_nodelay_all_c16_keepalive_ms,1.726749
latency,3,1023,http1_rust_nodelay_all_c16_keepalive_ms,1.857992
latency,3,1024,http1_rust_nodelay_all_c16_keepalive_ms,1.697689
latency,3,1025,http1_rust_nodelay_all_c16_keepalive_ms,1.784590
latency,3,1026,http1_rust_nodelay_all_c16_keepalive_ms,1.791801
latency,3,1027,http1_rust_nodelay_all_c16_keepalive_ms,1.359473
latency,3,1028,http1_rust_nodelay_all_c16_keepalive_ms,1.660658
latency,3,1029,http1_rust_nodelay_all_c16_keepalive_ms,1.328293
latency,3,1030,http1_rust_nodelay_all_c16_keepalive_ms,1.771040
latency,3,1031,http1_rust_nodelay_all_c16_keepalive_ms,1.381253
latency,3,1032,http1_rust_nodelay_all_c16_keepalive_ms,1.444945
latency,3,1033,http1_rust_nodelay_all_c16_keepalive_ms,1.361573
latency,3,1034,http1_rust_nodelay_all_c16_keepalive_ms,1.649948
latency,3,1035,http1_rust_nodelay_all_c16_keepalive_ms,1.713699
latency,3,1036,http1_rust_nodelay_all_c16_keepalive_ms,2.045125
latency,3,1037,http1_rust_nodelay_all_c16_keepalive_ms,1.801341
latency,3,1038,http1_rust_nodelay_all_c16_keepalive_ms,1.737489
latency,3,1039,http1_rust_nodelay_all_c16_keepalive_ms,1.468105
latency,3,80,http1_rust_nodelay_all_c16_keepalive_ms,1.375674
latency,3,81,http1_rust_nodelay_all_c16_keepalive_ms,1.826141
latency,3,82,http1_rust_nodelay_all_c16_keepalive_ms,1.928323
latency,3,83,http1_rust_nodelay_all_c16_keepalive_ms,1.900822
latency,3,84,http1_rust_nodelay_all_c16_keepalive_ms,1.448265
latency,3,85,http1_rust_nodelay_all_c16_keepalive_ms,1.255851
latency,3,86,http1_rust_nodelay_all_c16_keepalive_ms,1.742470
latency,3,87,http1_rust_nodelay_all_c16_keepalive_ms,1.611707
latency,3,88,http1_rust_nodelay_all_c16_keepalive_ms,1.394534
latency,3,89,http1_rust_nodelay_all_c16_keepalive_ms,1.773410
latency,3,90,http1_rust_nodelay_all_c16_keepalive_ms,1.332153
latency,3,91,http1_rust_nodelay_all_c16_keepalive_ms,1.423984
latency,3,92,http1_rust_nodelay_all_c16_keepalive_ms,1.747700
latency,3,93,http1_rust_nodelay_all_c16_keepalive_ms,1.794570
latency,3,94,http1_rust_nodelay_all_c16_keepalive_ms,1.389914
latency,3,95,http1_rust_nodelay_all_c16_keepalive_ms,1.419614
latency,3,96,http1_rust_nodelay_all_c16_keepalive_ms,1.790151
latency,3,97,http1_rust_nodelay_all_c16_keepalive_ms,1.361183
latency,3,98,http1_rust_nodelay_all_c16_keepalive_ms,1.360613
latency,3,99,http1_rust_nodelay_all_c16_keepalive_ms,1.844551
latency,3,100,http1_rust_nodelay_all_c16_keepalive_ms,1.370664
latency,3,101,http1_rust_nodelay_all_c16_keepalive_ms,1.844631
latency,3,102,http1_rust_nodelay_all_c16_keepalive_ms,1.460245
latency,3,103,http1_rust_nodelay_all_c16_keepalive_ms,1.791510
latency,3,104,http1_rust_nodelay_all_c16_keepalive_ms,1.315803
latency,3,105,http1_rust_nodelay_all_c16_keepalive_ms,1.781600
latency,3,106,http1_rust_nodelay_all_c16_keepalive_ms,1.748830
latency,3,107,http1_rust_nodelay_all_c16_keepalive_ms,1.812441
latency,3,108,http1_rust_nodelay_all_c16_keepalive_ms,1.436824
latency,3,109,http1_rust_nodelay_all_c16_keepalive_ms,1.722970
latency,3,110,http1_rust_nodelay_all_c16_keepalive_ms,1.396393
latency,3,111,http1_rust_nodelay_all_c16_keepalive_ms,1.302393
latency,3,112,http1_rust_nodelay_all_c16_keepalive_ms,1.789390
latency,3,113,http1_rust_nodelay_all_c16_keepalive_ms,1.005557
latency,3,114,http1_rust_nodelay_all_c16_keepalive_ms,1.787110
latency,3,115,http1_rust_nodelay_all_c16_keepalive_ms,1.441865
latency,3,116,http1_rust_nodelay_all_c16_keepalive_ms,1.718669
latency,3,117,http1_rust_nodelay_all_c16_keepalive_ms,1.362763
latency,3,118,http1_rust_nodelay_all_c16_keepalive_ms,1.851512
latency,3,119,http1_rust_nodelay_all_c16_keepalive_ms,1.928543
latency,3,120,http1_rust_nodelay_all_c16_keepalive_ms,1.707789
latency,3,121,http1_rust_nodelay_all_c16_keepalive_ms,1.744520
latency,3,122,http1_rust_nodelay_all_c16_keepalive_ms,1.900982
latency,3,123,http1_rust_nodelay_all_c16_keepalive_ms,1.816511
latency,3,124,http1_rust_nodelay_all_c16_keepalive_ms,1.829671
latency,3,125,http1_rust_nodelay_all_c16_keepalive_ms,1.329162
latency,3,126,http1_rust_nodelay_all_c16_keepalive_ms,1.787511
latency,3,127,http1_rust_nodelay_all_c16_keepalive_ms,1.325892
latency,3,128,http1_rust_nodelay_all_c16_keepalive_ms,1.902563
latency,3,129,http1_rust_nodelay_all_c16_keepalive_ms,1.859602
latency,3,130,http1_rust_nodelay_all_c16_keepalive_ms,1.804770
latency,3,131,http1_rust_nodelay_all_c16_keepalive_ms,1.924693
latency,3,132,http1_rust_nodelay_all_c16_keepalive_ms,1.795181
latency,3,133,http1_rust_nodelay_all_c16_keepalive_ms,1.707849
latency,3,134,http1_rust_nodelay_all_c16_keepalive_ms,1.822000
latency,3,135,http1_rust_nodelay_all_c16_keepalive_ms,1.876222
latency,3,136,http1_rust_nodelay_all_c16_keepalive_ms,1.390294
latency,3,137,http1_rust_nodelay_all_c16_keepalive_ms,1.739100
latency,3,138,http1_rust_nodelay_all_c16_keepalive_ms,1.732279
latency,3,139,http1_rust_nodelay_all_c16_keepalive_ms,1.797471
latency,3,140,http1_rust_nodelay_all_c16_keepalive_ms,1.869732
latency,3,141,http1_rust_nodelay_all_c16_keepalive_ms,1.803871
latency,3,142,http1_rust_nodelay_all_c16_keepalive_ms,1.045477
latency,3,143,http1_rust_nodelay_all_c16_keepalive_ms,1.766650
latency,3,144,http1_rust_nodelay_all_c16_keepalive_ms,1.457055
latency,3,145,http1_rust_nodelay_all_c16_keepalive_ms,1.751880
latency,3,146,http1_rust_nodelay_all_c16_keepalive_ms,1.750190
latency,3,147,http1_rust_nodelay_all_c16_keepalive_ms,7.437726
latency,3,148,http1_rust_nodelay_all_c16_keepalive_ms,1.748440
latency,3,149,http1_rust_nodelay_all_c16_keepalive_ms,1.403624
latency,3,150,http1_rust_nodelay_all_c16_keepalive_ms,1.808211
latency,3,151,http1_rust_nodelay_all_c16_keepalive_ms,1.793290
latency,3,152,http1_rust_nodelay_all_c16_keepalive_ms,1.700499
latency,3,153,http1_rust_nodelay_all_c16_keepalive_ms,1.319793
latency,3,154,http1_rust_nodelay_all_c16_keepalive_ms,1.325832
latency,3,155,http1_rust_nodelay_all_c16_keepalive_ms,10.804924
latency,3,156,http1_rust_nodelay_all_c16_keepalive_ms,1.702429
latency,3,157,http1_rust_nodelay_all_c16_keepalive_ms,1.782940
latency,3,158,http1_rust_nodelay_all_c16_keepalive_ms,1.825432
latency,3,159,http1_rust_nodelay_all_c16_keepalive_ms,1.722119
latency,3,560,http1_rust_nodelay_all_c16_keepalive_ms,1.524406
latency,3,561,http1_rust_nodelay_all_c16_keepalive_ms,1.353733
latency,3,562,http1_rust_nodelay_all_c16_keepalive_ms,1.849462
latency,3,563,http1_rust_nodelay_all_c16_keepalive_ms,1.439074
latency,3,564,http1_rust_nodelay_all_c16_keepalive_ms,1.515046
latency,3,565,http1_rust_nodelay_all_c16_keepalive_ms,2.096786
latency,3,566,http1_rust_nodelay_all_c16_keepalive_ms,1.742859
latency,3,567,http1_rust_nodelay_all_c16_keepalive_ms,1.609868
latency,3,568,http1_rust_nodelay_all_c16_keepalive_ms,1.396543
latency,3,569,http1_rust_nodelay_all_c16_keepalive_ms,1.773551
latency,3,570,http1_rust_nodelay_all_c16_keepalive_ms,1.333672
latency,3,571,http1_rust_nodelay_all_c16_keepalive_ms,1.654619
latency,3,572,http1_rust_nodelay_all_c16_keepalive_ms,1.860501
latency,3,573,http1_rust_nodelay_all_c16_keepalive_ms,1.818271
latency,3,574,http1_rust_nodelay_all_c16_keepalive_ms,10.408717
latency,3,575,http1_rust_nodelay_all_c16_keepalive_ms,1.839712
latency,3,576,http1_rust_nodelay_all_c16_keepalive_ms,1.815201
latency,3,577,http1_rust_nodelay_all_c16_keepalive_ms,1.363632
latency,3,578,http1_rust_nodelay_all_c16_keepalive_ms,1.801741
latency,3,579,http1_rust_nodelay_all_c16_keepalive_ms,1.356993
latency,3,580,http1_rust_nodelay_all_c16_keepalive_ms,1.666409
latency,3,581,http1_rust_nodelay_all_c16_keepalive_ms,1.853591
latency,3,582,http1_rust_nodelay_all_c16_keepalive_ms,1.838672
latency,3,583,http1_rust_nodelay_all_c16_keepalive_ms,1.797630
latency,3,584,http1_rust_nodelay_all_c16_keepalive_ms,1.717700
latency,3,585,http1_rust_nodelay_all_c16_keepalive_ms,1.801630
latency,3,586,http1_rust_nodelay_all_c16_keepalive_ms,8.953042
latency,3,587,http1_rust_nodelay_all_c16_keepalive_ms,1.775901
latency,3,588,http1_rust_nodelay_all_c16_keepalive_ms,1.386123
latency,3,589,http1_rust_nodelay_all_c16_keepalive_ms,1.409984
latency,3,590,http1_rust_nodelay_all_c16_keepalive_ms,1.799401
latency,3,591,http1_rust_nodelay_all_c16_keepalive_ms,1.336813
latency,3,592,http1_rust_nodelay_all_c16_keepalive_ms,1.788120
latency,3,593,http1_rust_nodelay_all_c16_keepalive_ms,1.774990
latency,3,594,http1_rust_nodelay_all_c16_keepalive_ms,1.745770
latency,3,595,http1_rust_nodelay_all_c16_keepalive_ms,1.802781
latency,3,596,http1_rust_nodelay_all_c16_keepalive_ms,1.386033
latency,3,597,http1_rust_nodelay_all_c16_keepalive_ms,1.808421
latency,3,598,http1_rust_nodelay_all_c16_keepalive_ms,1.402634
latency,3,599,http1_rust_nodelay_all_c16_keepalive_ms,1.689259
latency,3,600,http1_rust_nodelay_all_c16_keepalive_ms,1.844621
latency,3,601,http1_rust_nodelay_all_c16_keepalive_ms,1.988564
latency,3,602,http1_rust_nodelay_all_c16_keepalive_ms,1.792490
latency,3,603,http1_rust_nodelay_all_c16_keepalive_ms,1.750000
latency,3,604,http1_rust_nodelay_all_c16_keepalive_ms,1.475065
latency,3,605,http1_rust_nodelay_all_c16_keepalive_ms,1.367364
latency,3,606,http1_rust_nodelay_all_c16_keepalive_ms,1.770280
latency,3,607,http1_rust_nodelay_all_c16_keepalive_ms,1.321702
latency,3,608,http1_rust_nodelay_all_c16_keepalive_ms,1.827321
latency,3,609,http1_rust_nodelay_all_c16_keepalive_ms,1.780171
latency,3,610,http1_rust_nodelay_all_c16_keepalive_ms,1.427174
latency,3,611,http1_rust_nodelay_all_c16_keepalive_ms,1.372844
latency,3,612,http1_rust_nodelay_all_c16_keepalive_ms,1.714879
latency,3,613,http1_rust_nodelay_all_c16_keepalive_ms,1.411073
latency,3,614,http1_rust_nodelay_all_c16_keepalive_ms,1.808871
latency,3,615,http1_rust_nodelay_all_c16_keepalive_ms,1.768190
latency,3,616,http1_rust_nodelay_all_c16_keepalive_ms,1.386324
latency,3,617,http1_rust_nodelay_all_c16_keepalive_ms,1.443915
latency,3,618,http1_rust_nodelay_all_c16_keepalive_ms,1.785380
latency,3,619,http1_rust_nodelay_all_c16_keepalive_ms,1.781860
latency,3,620,http1_rust_nodelay_all_c16_keepalive_ms,1.718510
latency,3,621,http1_rust_nodelay_all_c16_keepalive_ms,1.365483
latency,3,622,http1_rust_nodelay_all_c16_keepalive_ms,1.368593
latency,3,623,http1_rust_nodelay_all_c16_keepalive_ms,1.701359
latency,3,624,http1_rust_nodelay_all_c16_keepalive_ms,1.719459
latency,3,625,http1_rust_nodelay_all_c16_keepalive_ms,0.970467
latency,3,626,http1_rust_nodelay_all_c16_keepalive_ms,1.701269
latency,3,627,http1_rust_nodelay_all_c16_keepalive_ms,1.615377
latency,3,628,http1_rust_nodelay_all_c16_keepalive_ms,1.731900
latency,3,629,http1_rust_nodelay_all_c16_keepalive_ms,1.423954
latency,3,630,http1_rust_nodelay_all_c16_keepalive_ms,1.766020
latency,3,631,http1_rust_nodelay_all_c16_keepalive_ms,1.809071
latency,3,632,http1_rust_nodelay_all_c16_keepalive_ms,2.149447
latency,3,633,http1_rust_nodelay_all_c16_keepalive_ms,1.286392
latency,3,634,http1_rust_nodelay_all_c16_keepalive_ms,1.869651
latency,3,635,http1_rust_nodelay_all_c16_keepalive_ms,1.698509
latency,3,636,http1_rust_nodelay_all_c16_keepalive_ms,1.443565
latency,3,637,http1_rust_nodelay_all_c16_keepalive_ms,1.760010
latency,3,638,http1_rust_nodelay_all_c16_keepalive_ms,2.599854
latency,3,639,http1_rust_nodelay_all_c16_keepalive_ms,1.706979
latency,3,720,http1_rust_nodelay_all_c16_keepalive_ms,1.612647
latency,3,721,http1_rust_nodelay_all_c16_keepalive_ms,1.365353
latency,3,722,http1_rust_nodelay_all_c16_keepalive_ms,1.899753
latency,3,723,http1_rust_nodelay_all_c16_keepalive_ms,7.684580
latency,3,724,http1_rust_nodelay_all_c16_keepalive_ms,1.772731
latency,3,725,http1_rust_nodelay_all_c16_keepalive_ms,1.350343
latency,3,726,http1_rust_nodelay_all_c16_keepalive_ms,1.790320
latency,3,727,http1_rust_nodelay_all_c16_keepalive_ms,1.824141
latency,3,728,http1_rust_nodelay_all_c16_keepalive_ms,1.788261
latency,3,729,http1_rust_nodelay_all_c16_keepalive_ms,1.800060
latency,3,730,http1_rust_nodelay_all_c16_keepalive_ms,1.938223
latency,3,731,http1_rust_nodelay_all_c16_keepalive_ms,1.727379
latency,3,732,http1_rust_nodelay_all_c16_keepalive_ms,1.433795
latency,3,733,http1_rust_nodelay_all_c16_keepalive_ms,1.848841
latency,3,734,http1_rust_nodelay_all_c16_keepalive_ms,1.784621
latency,3,735,http1_rust_nodelay_all_c16_keepalive_ms,1.852321
latency,3,736,http1_rust_nodelay_all_c16_keepalive_ms,1.839152
latency,3,737,http1_rust_nodelay_all_c16_keepalive_ms,1.419084
latency,3,738,http1_rust_nodelay_all_c16_keepalive_ms,1.726819
latency,3,739,http1_rust_nodelay_all_c16_keepalive_ms,1.399754
latency,3,740,http1_rust_nodelay_all_c16_keepalive_ms,1.787420
latency,3,741,http1_rust_nodelay_all_c16_keepalive_ms,1.371274
latency,3,742,http1_rust_nodelay_all_c16_keepalive_ms,1.811321
latency,3,743,http1_rust_nodelay_all_c16_keepalive_ms,10.416557
latency,3,744,http1_rust_nodelay_all_c16_keepalive_ms,1.723409
latency,3,745,http1_rust_nodelay_all_c16_keepalive_ms,1.778160
latency,3,746,http1_rust_nodelay_all_c16_keepalive_ms,1.675039
latency,3,747,http1_rust_nodelay_all_c16_keepalive_ms,1.769180
latency,3,748,http1_rust_nodelay_all_c16_keepalive_ms,2.104716
latency,3,749,http1_rust_nodelay_all_c16_keepalive_ms,1.410684
latency,3,750,http1_rust_nodelay_all_c16_keepalive_ms,1.798711
latency,3,751,http1_rust_nodelay_all_c16_keepalive_ms,1.666778
latency,3,752,http1_rust_nodelay_all_c16_keepalive_ms,1.457955
latency,3,753,http1_rust_nodelay_all_c16_keepalive_ms,1.775210
latency,3,754,http1_rust_nodelay_all_c16_keepalive_ms,1.745499
latency,3,755,http1_rust_nodelay_all_c16_keepalive_ms,1.803111
latency,3,756,http1_rust_nodelay_all_c16_keepalive_ms,1.756160
latency,3,757,http1_rust_nodelay_all_c16_keepalive_ms,1.437525
latency,3,758,http1_rust_nodelay_all_c16_keepalive_ms,1.403294
latency,3,759,http1_rust_nodelay_all_c16_keepalive_ms,1.850601
latency,3,760,http1_rust_nodelay_all_c16_keepalive_ms,1.417334
latency,3,761,http1_rust_nodelay_all_c16_keepalive_ms,1.749180
latency,3,762,http1_rust_nodelay_all_c16_keepalive_ms,1.945443
latency,3,763,http1_rust_nodelay_all_c16_keepalive_ms,1.845401
latency,3,764,http1_rust_nodelay_all_c16_keepalive_ms,1.785031
latency,3,765,http1_rust_nodelay_all_c16_keepalive_ms,1.365643
latency,3,766,http1_rust_nodelay_all_c16_keepalive_ms,1.776510
latency,3,767,http1_rust_nodelay_all_c16_keepalive_ms,1.317873
latency,3,768,http1_rust_nodelay_all_c16_keepalive_ms,1.826341
latency,3,769,http1_rust_nodelay_all_c16_keepalive_ms,2.015864
latency,3,770,http1_rust_nodelay_all_c16_keepalive_ms,1.895113
latency,3,771,http1_rust_nodelay_all_c16_keepalive_ms,1.401973
latency,3,772,http1_rust_nodelay_all_c16_keepalive_ms,1.767210
latency,3,773,http1_rust_nodelay_all_c16_keepalive_ms,1.422374
latency,3,774,http1_rust_nodelay_all_c16_keepalive_ms,1.791441
latency,3,775,http1_rust_nodelay_all_c16_keepalive_ms,1.751130
latency,3,776,http1_rust_nodelay_all_c16_keepalive_ms,1.380413
latency,3,777,http1_rust_nodelay_all_c16_keepalive_ms,1.790101
latency,3,778,http1_rust_nodelay_all_c16_keepalive_ms,1.390664
latency,3,779,http1_rust_nodelay_all_c16_keepalive_ms,1.629557
latency,3,780,http1_rust_nodelay_all_c16_keepalive_ms,1.731420
latency,3,781,http1_rust_nodelay_all_c16_keepalive_ms,1.394844
latency,3,782,http1_rust_nodelay_all_c16_keepalive_ms,1.784940
latency,3,783,http1_rust_nodelay_all_c16_keepalive_ms,1.785350
latency,3,784,http1_rust_nodelay_all_c16_keepalive_ms,1.358313
latency,3,785,http1_rust_nodelay_all_c16_keepalive_ms,1.761970
latency,3,786,http1_rust_nodelay_all_c16_keepalive_ms,1.657338
latency,3,787,http1_rust_nodelay_all_c16_keepalive_ms,1.328573
latency,3,788,http1_rust_nodelay_all_c16_keepalive_ms,1.772090
latency,3,789,http1_rust_nodelay_all_c16_keepalive_ms,1.822031
latency,3,790,http1_rust_nodelay_all_c16_keepalive_ms,1.368224
latency,3,791,http1_rust_nodelay_all_c16_keepalive_ms,1.375693
latency,3,792,http1_rust_nodelay_all_c16_keepalive_ms,1.644508
latency,3,793,http1_rust_nodelay_all_c16_keepalive_ms,1.741119
latency,3,794,http1_rust_nodelay_all_c16_keepalive_ms,1.444625
latency,3,795,http1_rust_nodelay_all_c16_keepalive_ms,1.714219
latency,3,796,http1_rust_nodelay_all_c16_keepalive_ms,1.416534
latency,3,797,http1_rust_nodelay_all_c16_keepalive_ms,2.024665
latency,3,798,http1_rust_nodelay_all_c16_keepalive_ms,2.591314
latency,3,799,http1_rust_nodelay_all_c16_keepalive_ms,2.098446
latency,3,0,http1_rust_nodelay_all_c16_keepalive_ms,1.832222
latency,3,1,http1_rust_nodelay_all_c16_keepalive_ms,1.884942
latency,3,2,http1_rust_nodelay_all_c16_keepalive_ms,1.820230
latency,3,3,http1_rust_nodelay_all_c16_keepalive_ms,1.899053
latency,3,4,http1_rust_nodelay_all_c16_keepalive_ms,2.117006
latency,3,5,http1_rust_nodelay_all_c16_keepalive_ms,1.744980
latency,3,6,http1_rust_nodelay_all_c16_keepalive_ms,1.944403
latency,3,7,http1_rust_nodelay_all_c16_keepalive_ms,1.379603
latency,3,8,http1_rust_nodelay_all_c16_keepalive_ms,1.583127
latency,3,9,http1_rust_nodelay_all_c16_keepalive_ms,1.337213
latency,3,10,http1_rust_nodelay_all_c16_keepalive_ms,1.807781
latency,3,11,http1_rust_nodelay_all_c16_keepalive_ms,1.357573
latency,3,12,http1_rust_nodelay_all_c16_keepalive_ms,1.798420
latency,3,13,http1_rust_nodelay_all_c16_keepalive_ms,1.828841
latency,3,14,http1_rust_nodelay_all_c16_keepalive_ms,1.314823
latency,3,15,http1_rust_nodelay_all_c16_keepalive_ms,1.392613
latency,3,16,http1_rust_nodelay_all_c16_keepalive_ms,1.796141
latency,3,17,http1_rust_nodelay_all_c16_keepalive_ms,1.750290
latency,3,18,http1_rust_nodelay_all_c16_keepalive_ms,1.842191
latency,3,19,http1_rust_nodelay_all_c16_keepalive_ms,1.829252
latency,3,20,http1_rust_nodelay_all_c16_keepalive_ms,1.840771
latency,3,21,http1_rust_nodelay_all_c16_keepalive_ms,1.362463
latency,3,22,http1_rust_nodelay_all_c16_keepalive_ms,1.751950
latency,3,23,http1_rust_nodelay_all_c16_keepalive_ms,1.417704
latency,3,24,http1_rust_nodelay_all_c16_keepalive_ms,1.797510
latency,3,25,http1_rust_nodelay_all_c16_keepalive_ms,1.417835
latency,3,26,http1_rust_nodelay_all_c16_keepalive_ms,1.811150
latency,3,27,http1_rust_nodelay_all_c16_keepalive_ms,1.416845
latency,3,28,http1_rust_nodelay_all_c16_keepalive_ms,1.763120
latency,3,29,http1_rust_nodelay_all_c16_keepalive_ms,1.717439
latency,3,30,http1_rust_nodelay_all_c16_keepalive_ms,1.833341
latency,3,31,http1_rust_nodelay_all_c16_keepalive_ms,1.784991
latency,3,32,http1_rust_nodelay_all_c16_keepalive_ms,1.815540
latency,3,33,http1_rust_nodelay_all_c16_keepalive_ms,1.462555
latency,3,34,http1_rust_nodelay_all_c16_keepalive_ms,1.729980
latency,3,35,http1_rust_nodelay_all_c16_keepalive_ms,1.658388
latency,3,36,http1_rust_nodelay_all_c16_keepalive_ms,1.796890
latency,3,37,http1_rust_nodelay_all_c16_keepalive_ms,1.399484
latency,3,38,http1_rust_nodelay_all_c16_keepalive_ms,1.746340
latency,3,39,http1_rust_nodelay_all_c16_keepalive_ms,1.362183
latency,3,40,http1_rust_nodelay_all_c16_keepalive_ms,1.771950
latency,3,41,http1_rust_nodelay_all_c16_keepalive_ms,1.799691
latency,3,42,http1_rust_nodelay_all_c16_keepalive_ms,1.761930
latency,3,43,http1_rust_nodelay_all_c16_keepalive_ms,1.285652
latency,3,44,http1_rust_nodelay_all_c16_keepalive_ms,1.366553
latency,3,45,http1_rust_nodelay_all_c16_keepalive_ms,1.797311
latency,3,46,http1_rust_nodelay_all_c16_keepalive_ms,1.830371
latency,3,47,http1_rust_nodelay_all_c16_keepalive_ms,1.828111
latency,3,48,http1_rust_nodelay_all_c16_keepalive_ms,1.359643
latency,3,49,http1_rust_nodelay_all_c16_keepalive_ms,1.853842
latency,3,50,http1_rust_nodelay_all_c16_keepalive_ms,10.782323
latency,3,51,http1_rust_nodelay_all_c16_keepalive_ms,1.719189
latency,3,52,http1_rust_nodelay_all_c16_keepalive_ms,1.321783
latency,3,53,http1_rust_nodelay_all_c16_keepalive_ms,1.391114
latency,3,54,http1_rust_nodelay_all_c16_keepalive_ms,1.465055
latency,3,55,http1_rust_nodelay_all_c16_keepalive_ms,1.829851
latency,3,56,http1_rust_nodelay_all_c16_keepalive_ms,1.830811
latency,3,57,http1_rust_nodelay_all_c16_keepalive_ms,1.411074
latency,3,58,http1_rust_nodelay_all_c16_keepalive_ms,1.795320
latency,3,59,http1_rust_nodelay_all_c16_keepalive_ms,1.417594
latency,3,60,http1_rust_nodelay_all_c16_keepalive_ms,1.774611
latency,3,61,http1_rust_nodelay_all_c16_keepalive_ms,1.727639
latency,3,62,http1_rust_nodelay_all_c16_keepalive_ms,1.365993
latency,3,63,http1_rust_nodelay_all_c16_keepalive_ms,1.741590
latency,3,64,http1_rust_nodelay_all_c16_keepalive_ms,1.320193
latency,3,65,http1_rust_nodelay_all_c16_keepalive_ms,1.758030
latency,3,66,http1_rust_nodelay_all_c16_keepalive_ms,1.856781
latency,3,67,http1_rust_nodelay_all_c16_keepalive_ms,1.779820
latency,3,68,http1_rust_nodelay_all_c16_keepalive_ms,1.334673
latency,3,69,http1_rust_nodelay_all_c16_keepalive_ms,1.292592
latency,3,70,http1_rust_nodelay_all_c16_keepalive_ms,1.686399
latency,3,71,http1_rust_nodelay_all_c16_keepalive_ms,1.381643
latency,3,72,http1_rust_nodelay_all_c16_keepalive_ms,1.814461
latency,3,73,http1_rust_nodelay_all_c16_keepalive_ms,1.771340
latency,3,74,http1_rust_nodelay_all_c16_keepalive_ms,10.752973
latency,3,75,http1_rust_nodelay_all_c16_keepalive_ms,1.829811
latency,3,76,http1_rust_nodelay_all_c16_keepalive_ms,2.149937
latency,3,77,http1_rust_nodelay_all_c16_keepalive_ms,2.080346
latency,3,78,http1_rust_nodelay_all_c16_keepalive_ms,2.532803
latency,3,79,http1_rust_nodelay_all_c16_keepalive_ms,1.383993
latency,3,640,http1_rust_nodelay_all_c16_keepalive_ms,1.792601
latency,3,641,http1_rust_nodelay_all_c16_keepalive_ms,1.884662
latency,3,642,http1_rust_nodelay_all_c16_keepalive_ms,1.967733
latency,3,643,http1_rust_nodelay_all_c16_keepalive_ms,1.902162
latency,3,644,http1_rust_nodelay_all_c16_keepalive_ms,1.533507
latency,3,645,http1_rust_nodelay_all_c16_keepalive_ms,1.516115
latency,3,646,http1_rust_nodelay_all_c16_keepalive_ms,1.372524
latency,3,647,http1_rust_nodelay_all_c16_keepalive_ms,1.391904
latency,3,648,http1_rust_nodelay_all_c16_keepalive_ms,1.719949
latency,3,649,http1_rust_nodelay_all_c16_keepalive_ms,1.802471
latency,3,650,http1_rust_nodelay_all_c16_keepalive_ms,1.761900
latency,3,651,http1_rust_nodelay_all_c16_keepalive_ms,1.777020
latency,3,652,http1_rust_nodelay_all_c16_keepalive_ms,1.757789
latency,3,653,http1_rust_nodelay_all_c16_keepalive_ms,1.412814
latency,3,654,http1_rust_nodelay_all_c16_keepalive_ms,1.834422
latency,3,655,http1_rust_nodelay_all_c16_keepalive_ms,10.839425
latency,3,656,http1_rust_nodelay_all_c16_keepalive_ms,2.048524
latency,3,657,http1_rust_nodelay_all_c16_keepalive_ms,1.798641
latency,3,658,http1_rust_nodelay_all_c16_keepalive_ms,1.359643
latency,3,659,http1_rust_nodelay_all_c16_keepalive_ms,1.808081
latency,3,660,http1_rust_nodelay_all_c16_keepalive_ms,1.399214
latency,3,661,http1_rust_nodelay_all_c16_keepalive_ms,1.813910
latency,3,662,http1_rust_nodelay_all_c16_keepalive_ms,1.366424
latency,3,663,http1_rust_nodelay_all_c16_keepalive_ms,1.816581
latency,3,664,http1_rust_nodelay_all_c16_keepalive_ms,1.872802
latency,3,665,http1_rust_nodelay_all_c16_keepalive_ms,1.497385
latency,3,666,http1_rust_nodelay_all_c16_keepalive_ms,1.312682
latency,3,667,http1_rust_nodelay_all_c16_keepalive_ms,1.739180
latency,3,668,http1_rust_nodelay_all_c16_keepalive_ms,1.447684
latency,3,669,http1_rust_nodelay_all_c16_keepalive_ms,1.378114
latency,3,670,http1_rust_nodelay_all_c16_keepalive_ms,1.664738
latency,3,671,http1_rust_nodelay_all_c16_keepalive_ms,1.388074
latency,3,672,http1_rust_nodelay_all_c16_keepalive_ms,10.666261
latency,3,673,http1_rust_nodelay_all_c16_keepalive_ms,1.791711
latency,3,674,http1_rust_nodelay_all_c16_keepalive_ms,1.368373
latency,3,675,http1_rust_nodelay_all_c16_keepalive_ms,1.747120
latency,3,676,http1_rust_nodelay_all_c16_keepalive_ms,1.769630
latency,3,677,http1_rust_nodelay_all_c16_keepalive_ms,1.422854
latency,3,678,http1_rust_nodelay_all_c16_keepalive_ms,1.802731
latency,3,679,http1_rust_nodelay_all_c16_keepalive_ms,1.772910
latency,3,680,http1_rust_nodelay_all_c16_keepalive_ms,1.739150
latency,3,681,http1_rust_nodelay_all_c16_keepalive_ms,1.774690
latency,3,682,http1_rust_nodelay_all_c16_keepalive_ms,1.750620
latency,3,683,http1_rust_nodelay_all_c16_keepalive_ms,1.475265
latency,3,684,http1_rust_nodelay_all_c16_keepalive_ms,1.367423
latency,3,685,http1_rust_nodelay_all_c16_keepalive_ms,1.768630
latency,3,686,http1_rust_nodelay_all_c16_keepalive_ms,1.737500
latency,3,687,http1_rust_nodelay_all_c16_keepalive_ms,1.831671
latency,3,688,http1_rust_nodelay_all_c16_keepalive_ms,1.767460
latency,3,689,http1_rust_nodelay_all_c16_keepalive_ms,1.450115
latency,3,690,http1_rust_nodelay_all_c16_keepalive_ms,1.892892
latency,3,691,http1_rust_nodelay_all_c16_keepalive_ms,1.859922
latency,3,692,http1_rust_nodelay_all_c16_keepalive_ms,1.770220
latency,3,693,http1_rust_nodelay_all_c16_keepalive_ms,1.909072
latency,3,694,http1_rust_nodelay_all_c16_keepalive_ms,1.784811
latency,3,695,http1_rust_nodelay_all_c16_keepalive_ms,1.918862
latency,3,696,http1_rust_nodelay_all_c16_keepalive_ms,1.732920
latency,3,697,http1_rust_nodelay_all_c16_keepalive_ms,1.839171
latency,3,698,http1_rust_nodelay_all_c16_keepalive_ms,1.728730
latency,3,699,http1_rust_nodelay_all_c16_keepalive_ms,1.802660
latency,3,700,http1_rust_nodelay_all_c16_keepalive_ms,1.767030
latency,3,701,http1_rust_nodelay_all_c16_keepalive_ms,0.973467
latency,3,702,http1_rust_nodelay_all_c16_keepalive_ms,1.752130
latency,3,703,http1_rust_nodelay_all_c16_keepalive_ms,1.762300
latency,3,704,http1_rust_nodelay_all_c16_keepalive_ms,1.656728
latency,3,705,http1_rust_nodelay_all_c16_keepalive_ms,1.329523
latency,3,706,http1_rust_nodelay_all_c16_keepalive_ms,1.774190
latency,3,707,http1_rust_nodelay_all_c16_keepalive_ms,1.396734
latency,3,708,http1_rust_nodelay_all_c16_keepalive_ms,1.403194
latency,3,709,http1_rust_nodelay_all_c16_keepalive_ms,1.366963
latency,3,710,http1_rust_nodelay_all_c16_keepalive_ms,1.643408
latency,3,711,http1_rust_nodelay_all_c16_keepalive_ms,1.714149
latency,3,712,http1_rust_nodelay_all_c16_keepalive_ms,1.872432
latency,3,713,http1_rust_nodelay_all_c16_keepalive_ms,1.713839
latency,3,714,http1_rust_nodelay_all_c16_keepalive_ms,1.418374
latency,3,715,http1_rust_nodelay_all_c16_keepalive_ms,1.818851
latency,3,716,http1_rust_nodelay_all_c16_keepalive_ms,2.139836
latency,3,717,http1_rust_nodelay_all_c16_keepalive_ms,1.707290
latency,3,718,http1_rust_nodelay_all_c16_keepalive_ms,2.531413
latency,3,719,http1_rust_nodelay_all_c16_keepalive_ms,1.755940
latency,3,320,http1_rust_nodelay_all_c16_keepalive_ms,1.417324
latency,3,321,http1_rust_nodelay_all_c16_keepalive_ms,1.846931
latency,3,322,http1_rust_nodelay_all_c16_keepalive_ms,1.354073
latency,3,323,http1_rust_nodelay_all_c16_keepalive_ms,1.908632
latency,3,324,http1_rust_nodelay_all_c16_keepalive_ms,1.452545
latency,3,325,http1_rust_nodelay_all_c16_keepalive_ms,2.001134
latency,3,326,http1_rust_nodelay_all_c16_keepalive_ms,1.406594
latency,3,327,http1_rust_nodelay_all_c16_keepalive_ms,1.586157
latency,3,328,http1_rust_nodelay_all_c16_keepalive_ms,1.760290
latency,3,329,http1_rust_nodelay_all_c16_keepalive_ms,1.376254
latency,3,330,http1_rust_nodelay_all_c16_keepalive_ms,1.760990
latency,3,331,http1_rust_nodelay_all_c16_keepalive_ms,10.300205
latency,3,332,http1_rust_nodelay_all_c16_keepalive_ms,1.758340
latency,3,333,http1_rust_nodelay_all_c16_keepalive_ms,1.697489
latency,3,334,http1_rust_nodelay_all_c16_keepalive_ms,1.854022
latency,3,335,http1_rust_nodelay_all_c16_keepalive_ms,1.839371
latency,3,336,http1_rust_nodelay_all_c16_keepalive_ms,1.863472
latency,3,337,http1_rust_nodelay_all_c16_keepalive_ms,1.339332
latency,3,338,http1_rust_nodelay_all_c16_keepalive_ms,1.749240
latency,3,339,http1_rust_nodelay_all_c16_keepalive_ms,1.719929
latency,3,340,http1_rust_nodelay_all_c16_keepalive_ms,1.430045
latency,3,341,http1_rust_nodelay_all_c16_keepalive_ms,1.766640
latency,3,342,http1_rust_nodelay_all_c16_keepalive_ms,1.880812
latency,3,343,http1_rust_nodelay_all_c16_keepalive_ms,1.778900
latency,3,344,http1_rust_nodelay_all_c16_keepalive_ms,1.717699
latency,3,345,http1_rust_nodelay_all_c16_keepalive_ms,1.838072
latency,3,346,http1_rust_nodelay_all_c16_keepalive_ms,1.781780
latency,3,347,http1_rust_nodelay_all_c16_keepalive_ms,1.378753
latency,3,348,http1_rust_nodelay_all_c16_keepalive_ms,1.449065
latency,3,349,http1_rust_nodelay_all_c16_keepalive_ms,1.765920
latency,3,350,http1_rust_nodelay_all_c16_keepalive_ms,1.490835
latency,3,351,http1_rust_nodelay_all_c16_keepalive_ms,1.782011
latency,3,352,http1_rust_nodelay_all_c16_keepalive_ms,1.699309
latency,3,353,http1_rust_nodelay_all_c16_keepalive_ms,1.800460
latency,3,354,http1_rust_nodelay_all_c16_keepalive_ms,1.980364
latency,3,355,http1_rust_nodelay_all_c16_keepalive_ms,10.705942
latency,3,356,http1_rust_nodelay_all_c16_keepalive_ms,1.909933
latency,3,357,http1_rust_nodelay_all_c16_keepalive_ms,1.344183
latency,3,358,http1_rust_nodelay_all_c16_keepalive_ms,1.890662
latency,3,359,http1_rust_nodelay_all_c16_keepalive_ms,1.417104
latency,3,360,http1_rust_nodelay_all_c16_keepalive_ms,1.730910
latency,3,361,http1_rust_nodelay_all_c16_keepalive_ms,1.790080
latency,3,362,http1_rust_nodelay_all_c16_keepalive_ms,1.395773
latency,3,363,http1_rust_nodelay_all_c16_keepalive_ms,1.469785
latency,3,364,http1_rust_nodelay_all_c16_keepalive_ms,1.718810
latency,3,365,http1_rust_nodelay_all_c16_keepalive_ms,1.687309
latency,3,366,http1_rust_nodelay_all_c16_keepalive_ms,1.821451
latency,3,367,http1_rust_nodelay_all_c16_keepalive_ms,1.794220
latency,3,368,http1_rust_nodelay_all_c16_keepalive_ms,1.379694
latency,3,369,http1_rust_nodelay_all_c16_keepalive_ms,1.822601
latency,3,370,http1_rust_nodelay_all_c16_keepalive_ms,1.463505
latency,3,371,http1_rust_nodelay_all_c16_keepalive_ms,1.860331
latency,3,372,http1_rust_nodelay_all_c16_keepalive_ms,1.768130
latency,3,373,http1_rust_nodelay_all_c16_keepalive_ms,5.352361
latency,3,374,http1_rust_nodelay_all_c16_keepalive_ms,1.361094
latency,3,375,http1_rust_nodelay_all_c16_keepalive_ms,1.315732
latency,3,376,http1_rust_nodelay_all_c16_keepalive_ms,1.376133
latency,3,377,http1_rust_nodelay_all_c16_keepalive_ms,1.682049
latency,3,378,http1_rust_nodelay_all_c16_keepalive_ms,1.387914
latency,3,379,http1_rust_nodelay_all_c16_keepalive_ms,1.835641
latency,3,380,http1_rust_nodelay_all_c16_keepalive_ms,1.807310
latency,3,381,http1_rust_nodelay_all_c16_keepalive_ms,1.757740
latency,3,382,http1_rust_nodelay_all_c16_keepalive_ms,1.675149
latency,3,383,http1_rust_nodelay_all_c16_keepalive_ms,1.340073
latency,3,384,http1_rust_nodelay_all_c16_keepalive_ms,1.771650
latency,3,385,http1_rust_nodelay_all_c16_keepalive_ms,1.746260
latency,3,386,http1_rust_nodelay_all_c16_keepalive_ms,1.888792
latency,3,387,http1_rust_nodelay_all_c16_keepalive_ms,1.847461
latency,3,388,http1_rust_nodelay_all_c16_keepalive_ms,1.685659
latency,3,389,http1_rust_nodelay_all_c16_keepalive_ms,1.714749
latency,3,390,http1_rust_nodelay_all_c16_keepalive_ms,1.376253
latency,3,391,http1_rust_nodelay_all_c16_keepalive_ms,1.303923
latency,3,392,http1_rust_nodelay_all_c16_keepalive_ms,1.834601
latency,3,393,http1_rust_nodelay_all_c16_keepalive_ms,1.346623
latency,3,394,http1_rust_nodelay_all_c16_keepalive_ms,1.773110
latency,3,395,http1_rust_nodelay_all_c16_keepalive_ms,2.137887
latency,3,396,http1_rust_nodelay_all_c16_keepalive_ms,2.102455
latency,3,397,http1_rust_nodelay_all_c16_keepalive_ms,1.347573
latency,3,398,http1_rust_nodelay_all_c16_keepalive_ms,1.653369
latency,3,399,http1_rust_nodelay_all_c16_keepalive_ms,1.415074
latency,3,480,http1_rust_nodelay_all_c16_keepalive_ms,1.592277
latency,3,481,http1_rust_nodelay_all_c16_keepalive_ms,1.364083
latency,3,482,http1_rust_nodelay_all_c16_keepalive_ms,1.477065
latency,3,483,http1_rust_nodelay_all_c16_keepalive_ms,1.808691
latency,3,484,http1_rust_nodelay_all_c16_keepalive_ms,1.948893
latency,3,485,http1_rust_nodelay_all_c16_keepalive_ms,1.712529
latency,3,486,http1_rust_nodelay_all_c16_keepalive_ms,1.394354
latency,3,487,http1_rust_nodelay_all_c16_keepalive_ms,1.960203
latency,3,488,http1_rust_nodelay_all_c16_keepalive_ms,1.385654
latency,3,489,http1_rust_nodelay_all_c16_keepalive_ms,1.796770
latency,3,490,http1_rust_nodelay_all_c16_keepalive_ms,1.697559
latency,3,491,http1_rust_nodelay_all_c16_keepalive_ms,1.425085
latency,3,492,http1_rust_nodelay_all_c16_keepalive_ms,1.713759
latency,3,493,http1_rust_nodelay_all_c16_keepalive_ms,10.828244
latency,3,494,http1_rust_nodelay_all_c16_keepalive_ms,1.831351
latency,3,495,http1_rust_nodelay_all_c16_keepalive_ms,1.822311
latency,3,496,http1_rust_nodelay_all_c16_keepalive_ms,1.831321
latency,3,497,http1_rust_nodelay_all_c16_keepalive_ms,1.385384
latency,3,498,http1_rust_nodelay_all_c16_keepalive_ms,1.823841
latency,3,499,http1_rust_nodelay_all_c16_keepalive_ms,1.391553
latency,3,500,http1_rust_nodelay_all_c16_keepalive_ms,1.783111
latency,3,501,http1_rust_nodelay_all_c16_keepalive_ms,1.481895
latency,3,502,http1_rust_nodelay_all_c16_keepalive_ms,1.760140
latency,3,503,http1_rust_nodelay_all_c16_keepalive_ms,1.421384
latency,3,504,http1_rust_nodelay_all_c16_keepalive_ms,1.306673
latency,3,505,http1_rust_nodelay_all_c16_keepalive_ms,1.716529
latency,3,506,http1_rust_nodelay_all_c16_keepalive_ms,1.543856
latency,3,507,http1_rust_nodelay_all_c16_keepalive_ms,1.769570
latency,3,508,http1_rust_nodelay_all_c16_keepalive_ms,1.408814
latency,3,509,http1_rust_nodelay_all_c16_keepalive_ms,1.782150
latency,3,510,http1_rust_nodelay_all_c16_keepalive_ms,2.022125
latency,3,511,http1_rust_nodelay_all_c16_keepalive_ms,1.435444
latency,3,512,http1_rust_nodelay_all_c16_keepalive_ms,1.783071
latency,3,513,http1_rust_nodelay_all_c16_keepalive_ms,1.739789
latency,3,514,http1_rust_nodelay_all_c16_keepalive_ms,1.822281
latency,3,515,http1_rust_nodelay_all_c16_keepalive_ms,1.712310
latency,3,516,http1_rust_nodelay_all_c16_keepalive_ms,1.315342
latency,3,517,http1_rust_nodelay_all_c16_keepalive_ms,1.385384
latency,3,518,http1_rust_nodelay_all_c16_keepalive_ms,1.730929
latency,3,519,http1_rust_nodelay_all_c16_keepalive_ms,1.882152
latency,3,520,http1_rust_nodelay_all_c16_keepalive_ms,1.797940
latency,3,521,http1_rust_nodelay_all_c16_keepalive_ms,1.712420
latency,3,522,http1_rust_nodelay_all_c16_keepalive_ms,1.917042
latency,3,523,http1_rust_nodelay_all_c16_keepalive_ms,1.782751
latency,3,524,http1_rust_nodelay_all_c16_keepalive_ms,9.081594
latency,3,525,http1_rust_nodelay_all_c16_keepalive_ms,1.713169
latency,3,526,http1_rust_nodelay_all_c16_keepalive_ms,1.460675
latency,3,527,http1_rust_nodelay_all_c16_keepalive_ms,1.670979
latency,3,528,http1_rust_nodelay_all_c16_keepalive_ms,1.835231
latency,3,529,http1_rust_nodelay_all_c16_keepalive_ms,1.813151
latency,3,530,http1_rust_nodelay_all_c16_keepalive_ms,1.830511
latency,3,531,http1_rust_nodelay_all_c16_keepalive_ms,1.839671
latency,3,532,http1_rust_nodelay_all_c16_keepalive_ms,1.428885
latency,3,533,http1_rust_nodelay_all_c16_keepalive_ms,7.032659
latency,3,534,http1_rust_nodelay_all_c16_keepalive_ms,1.337313
latency,3,535,http1_rust_nodelay_all_c16_keepalive_ms,1.323213
latency,3,536,http1_rust_nodelay_all_c16_keepalive_ms,1.376833
latency,3,537,http1_rust_nodelay_all_c16_keepalive_ms,1.681169
latency,3,538,http1_rust_nodelay_all_c16_keepalive_ms,1.387513
latency,3,539,http1_rust_nodelay_all_c16_keepalive_ms,1.836091
latency,3,540,http1_rust_nodelay_all_c16_keepalive_ms,1.776930
latency,3,541,http1_rust_nodelay_all_c16_keepalive_ms,1.352474
latency,3,542,http1_rust_nodelay_all_c16_keepalive_ms,1.701559
latency,3,543,http1_rust_nodelay_all_c16_keepalive_ms,1.697228
latency,3,544,http1_rust_nodelay_all_c16_keepalive_ms,1.784421
latency,3,545,http1_rust_nodelay_all_c16_keepalive_ms,1.742510
latency,3,546,http1_rust_nodelay_all_c16_keepalive_ms,1.863981
latency,3,547,http1_rust_nodelay_all_c16_keepalive_ms,1.816271
latency,3,548,http1_rust_nodelay_all_c16_keepalive_ms,1.278372
latency,3,549,http1_rust_nodelay_all_c16_keepalive_ms,1.313063
latency,3,550,http1_rust_nodelay_all_c16_keepalive_ms,1.703268
latency,3,551,http1_rust_nodelay_all_c16_keepalive_ms,1.746090
latency,3,552,http1_rust_nodelay_all_c16_keepalive_ms,1.856102
latency,3,553,http1_rust_nodelay_all_c16_keepalive_ms,1.758930
latency,3,554,http1_rust_nodelay_all_c16_keepalive_ms,2.603694
latency,3,555,http1_rust_nodelay_all_c16_keepalive_ms,2.110836
latency,3,556,http1_rust_nodelay_all_c16_keepalive_ms,2.165147
latency,3,557,http1_rust_nodelay_all_c16_keepalive_ms,1.949293
latency,3,558,http1_rust_nodelay_all_c16_keepalive_ms,1.416094
latency,3,559,http1_rust_nodelay_all_c16_keepalive_ms,0.977556
latency,3,160,http1_rust_nodelay_all_c16_keepalive_ms,1.733879
latency,3,161,http1_rust_nodelay_all_c16_keepalive_ms,1.880362
latency,3,162,http1_rust_nodelay_all_c16_keepalive_ms,1.776700
latency,3,163,http1_rust_nodelay_all_c16_keepalive_ms,1.487886
latency,3,164,http1_rust_nodelay_all_c16_keepalive_ms,1.895502
latency,3,165,http1_rust_nodelay_all_c16_keepalive_ms,9.948380
latency,3,166,http1_rust_nodelay_all_c16_keepalive_ms,1.777750
latency,3,167,http1_rust_nodelay_all_c16_keepalive_ms,1.404454
latency,3,168,http1_rust_nodelay_all_c16_keepalive_ms,1.783630
latency,3,169,http1_rust_nodelay_all_c16_keepalive_ms,1.516626
latency,3,170,http1_rust_nodelay_all_c16_keepalive_ms,1.734139
latency,3,171,http1_rust_nodelay_all_c16_keepalive_ms,1.305522
latency,3,172,http1_rust_nodelay_all_c16_keepalive_ms,1.759000
latency,3,173,http1_rust_nodelay_all_c16_keepalive_ms,1.473296
latency,3,174,http1_rust_nodelay_all_c16_keepalive_ms,1.746249
latency,3,175,http1_rust_nodelay_all_c16_keepalive_ms,1.459415
latency,3,176,http1_rust_nodelay_all_c16_keepalive_ms,1.843372
latency,3,177,http1_rust_nodelay_all_c16_keepalive_ms,1.798540
latency,3,178,http1_rust_nodelay_all_c16_keepalive_ms,1.781110
latency,3,179,http1_rust_nodelay_all_c16_keepalive_ms,1.785261
latency,3,180,http1_rust_nodelay_all_c16_keepalive_ms,1.807300
latency,3,181,http1_rust_nodelay_all_c16_keepalive_ms,1.872322
latency,3,182,http1_rust_nodelay_all_c16_keepalive_ms,1.765140
latency,3,183,http1_rust_nodelay_all_c16_keepalive_ms,1.758170
latency,3,184,http1_rust_nodelay_all_c16_keepalive_ms,1.744280
latency,3,185,http1_rust_nodelay_all_c16_keepalive_ms,1.953053
latency,3,186,http1_rust_nodelay_all_c16_keepalive_ms,10.981297
latency,3,187,http1_rust_nodelay_all_c16_keepalive_ms,1.893293
latency,3,188,http1_rust_nodelay_all_c16_keepalive_ms,1.558486
latency,3,189,http1_rust_nodelay_all_c16_keepalive_ms,1.308172
latency,3,190,http1_rust_nodelay_all_c16_keepalive_ms,1.773291
latency,3,191,http1_rust_nodelay_all_c16_keepalive_ms,1.842661
latency,3,192,http1_rust_nodelay_all_c16_keepalive_ms,1.695548
latency,3,193,http1_rust_nodelay_all_c16_keepalive_ms,1.365204
latency,3,194,http1_rust_nodelay_all_c16_keepalive_ms,1.798230
latency,3,195,http1_rust_nodelay_all_c16_keepalive_ms,1.898543
latency,3,196,http1_rust_nodelay_all_c16_keepalive_ms,2.007544
latency,3,197,http1_rust_nodelay_all_c16_keepalive_ms,1.890002
latency,3,198,http1_rust_nodelay_all_c16_keepalive_ms,1.391424
latency,3,199,http1_rust_nodelay_all_c16_keepalive_ms,1.764870
latency,3,200,http1_rust_nodelay_all_c16_keepalive_ms,1.706019
latency,3,201,http1_rust_nodelay_all_c16_keepalive_ms,1.328892
latency,3,202,http1_rust_nodelay_all_c16_keepalive_ms,1.951464
latency,3,203,http1_rust_nodelay_all_c16_keepalive_ms,1.906962
latency,3,204,http1_rust_nodelay_all_c16_keepalive_ms,1.812321
latency,3,205,http1_rust_nodelay_all_c16_keepalive_ms,1.760590
latency,3,206,http1_rust_nodelay_all_c16_keepalive_ms,1.330383
latency,3,207,http1_rust_nodelay_all_c16_keepalive_ms,1.719079
latency,3,208,http1_rust_nodelay_all_c16_keepalive_ms,1.880962
latency,3,209,http1_rust_nodelay_all_c16_keepalive_ms,1.840561
latency,3,210,http1_rust_nodelay_all_c16_keepalive_ms,1.765420
latency,3,211,http1_rust_nodelay_all_c16_keepalive_ms,1.704669
latency,3,212,http1_rust_nodelay_all_c16_keepalive_ms,1.400244
latency,3,213,http1_rust_nodelay_all_c16_keepalive_ms,1.751760
latency,3,214,http1_rust_nodelay_all_c16_keepalive_ms,4.860003
latency,3,215,http1_rust_nodelay_all_c16_keepalive_ms,1.992764
latency,3,216,http1_rust_nodelay_all_c16_keepalive_ms,1.759630
latency,3,217,http1_rust_nodelay_all_c16_keepalive_ms,1.996854
latency,3,218,http1_rust_nodelay_all_c16_keepalive_ms,1.799740
latency,3,219,http1_rust_nodelay_all_c16_keepalive_ms,1.802131
latency,3,220,http1_rust_nodelay_all_c16_keepalive_ms,1.701179
latency,3,221,http1_rust_nodelay_all_c16_keepalive_ms,1.318182
latency,3,222,http1_rust_nodelay_all_c16_keepalive_ms,1.751660
latency,3,223,http1_rust_nodelay_all_c16_keepalive_ms,1.770050
latency,3,224,http1_rust_nodelay_all_c16_keepalive_ms,1.380504
latency,3,225,http1_rust_nodelay_all_c16_keepalive_ms,1.798060
latency,3,226,http1_rust_nodelay_all_c16_keepalive_ms,2.016865
latency,3,227,http1_rust_nodelay_all_c16_keepalive_ms,1.659798
latency,3,228,http1_rust_nodelay_all_c16_keepalive_ms,1.412414
latency,3,229,http1_rust_nodelay_all_c16_keepalive_ms,1.711939
latency,3,230,http1_rust_nodelay_all_c16_keepalive_ms,1.395064
latency,3,231,http1_rust_nodelay_all_c16_keepalive_ms,1.736019
latency,3,232,http1_rust_nodelay_all_c16_keepalive_ms,2.271049
latency,3,233,http1_rust_nodelay_all_c16_keepalive_ms,2.121466
latency,3,234,http1_rust_nodelay_all_c16_keepalive_ms,2.569744
latency,3,235,http1_rust_nodelay_all_c16_keepalive_ms,1.176840
latency,3,236,http1_rust_nodelay_all_c16_keepalive_ms,1.970934
latency,3,237,http1_rust_nodelay_all_c16_keepalive_ms,1.270441
latency,3,238,http1_rust_nodelay_all_c16_keepalive_ms,0.915885
latency,3,239,http1_rust_nodelay_all_c16_keepalive_ms,0.697772
latency,3,880,http1_rust_nodelay_all_c16_keepalive_ms,1.546877
latency,3,881,http1_rust_nodelay_all_c16_keepalive_ms,1.352673
latency,3,882,http1_rust_nodelay_all_c16_keepalive_ms,1.477075
latency,3,883,http1_rust_nodelay_all_c16_keepalive_ms,1.810930
latency,3,884,http1_rust_nodelay_all_c16_keepalive_ms,1.946744
latency,3,885,http1_rust_nodelay_all_c16_keepalive_ms,1.712969
latency,3,886,http1_rust_nodelay_all_c16_keepalive_ms,1.739359
latency,3,887,http1_rust_nodelay_all_c16_keepalive_ms,1.020048
latency,3,888,http1_rust_nodelay_all_c16_keepalive_ms,1.773080
latency,3,889,http1_rust_nodelay_all_c16_keepalive_ms,10.150293
latency,3,890,http1_rust_nodelay_all_c16_keepalive_ms,1.771460
latency,3,891,http1_rust_nodelay_all_c16_keepalive_ms,1.369373
latency,3,892,http1_rust_nodelay_all_c16_keepalive_ms,1.777070
latency,3,893,http1_rust_nodelay_all_c16_keepalive_ms,1.788061
latency,3,894,http1_rust_nodelay_all_c16_keepalive_ms,1.869082
latency,3,895,http1_rust_nodelay_all_c16_keepalive_ms,1.845881
latency,3,896,http1_rust_nodelay_all_c16_keepalive_ms,1.459105
latency,3,897,http1_rust_nodelay_all_c16_keepalive_ms,9.863308
latency,3,898,http1_rust_nodelay_all_c16_keepalive_ms,1.734369
latency,3,899,http1_rust_nodelay_all_c16_keepalive_ms,1.692249
latency,3,900,http1_rust_nodelay_all_c16_keepalive_ms,1.740470
latency,3,901,http1_rust_nodelay_all_c16_keepalive_ms,1.436864
latency,3,902,http1_rust_nodelay_all_c16_keepalive_ms,1.770570
latency,3,903,http1_rust_nodelay_all_c16_keepalive_ms,1.880212
latency,3,904,http1_rust_nodelay_all_c16_keepalive_ms,1.782331
latency,3,905,http1_rust_nodelay_all_c16_keepalive_ms,1.593237
latency,3,906,http1_rust_nodelay_all_c16_keepalive_ms,1.851011
latency,3,907,http1_rust_nodelay_all_c16_keepalive_ms,1.803081
latency,3,908,http1_rust_nodelay_all_c16_keepalive_ms,1.259282
latency,3,909,http1_rust_nodelay_all_c16_keepalive_ms,1.702609
latency,3,910,http1_rust_nodelay_all_c16_keepalive_ms,1.726409
latency,3,911,http1_rust_nodelay_all_c16_keepalive_ms,1.372623
latency,3,912,http1_rust_nodelay_all_c16_keepalive_ms,1.393964
latency,3,913,http1_rust_nodelay_all_c16_keepalive_ms,1.770410
latency,3,914,http1_rust_nodelay_all_c16_keepalive_ms,1.796321
latency,3,915,http1_rust_nodelay_all_c16_keepalive_ms,1.779020
latency,3,916,http1_rust_nodelay_all_c16_keepalive_ms,1.738049
latency,3,917,http1_rust_nodelay_all_c16_keepalive_ms,1.457065
latency,3,918,http1_rust_nodelay_all_c16_keepalive_ms,1.416514
latency,3,919,http1_rust_nodelay_all_c16_keepalive_ms,1.888503
latency,3,920,http1_rust_nodelay_all_c16_keepalive_ms,1.392433
latency,3,921,http1_rust_nodelay_all_c16_keepalive_ms,1.765470
latency,3,922,http1_rust_nodelay_all_c16_keepalive_ms,1.766580
latency,3,923,http1_rust_nodelay_all_c16_keepalive_ms,1.757780
latency,3,924,http1_rust_nodelay_all_c16_keepalive_ms,1.937753
latency,3,925,http1_rust_nodelay_all_c16_keepalive_ms,1.769880
latency,3,926,http1_rust_nodelay_all_c16_keepalive_ms,1.738950
latency,3,927,http1_rust_nodelay_all_c16_keepalive_ms,1.730099
latency,3,928,http1_rust_nodelay_all_c16_keepalive_ms,1.366854
latency,3,929,http1_rust_nodelay_all_c16_keepalive_ms,1.251481
latency,3,930,http1_rust_nodelay_all_c16_keepalive_ms,2.077836
latency,3,931,http1_rust_nodelay_all_c16_keepalive_ms,10.885675
latency,3,932,http1_rust_nodelay_all_c16_keepalive_ms,1.367983
latency,3,933,http1_rust_nodelay_all_c16_keepalive_ms,1.740730
latency,3,934,http1_rust_nodelay_all_c16_keepalive_ms,1.322572
latency,3,935,http1_rust_nodelay_all_c16_keepalive_ms,1.757470
latency,3,936,http1_rust_nodelay_all_c16_keepalive_ms,7.821363
latency,3,937,http1_rust_nodelay_all_c16_keepalive_ms,1.783150
latency,3,938,http1_rust_nodelay_all_c16_keepalive_ms,1.671509
latency,3,939,http1_rust_nodelay_all_c16_keepalive_ms,1.401944
latency,3,940,http1_rust_nodelay_all_c16_keepalive_ms,1.684049
latency,3,941,http1_rust_nodelay_all_c16_keepalive_ms,1.846491
latency,3,942,http1_rust_nodelay_all_c16_keepalive_ms,1.685819
latency,3,943,http1_rust_nodelay_all_c16_keepalive_ms,1.716689
latency,3,944,http1_rust_nodelay_all_c16_keepalive_ms,1.367473
latency,3,945,http1_rust_nodelay_all_c16_keepalive_ms,1.775770
latency,3,946,http1_rust_nodelay_all_c16_keepalive_ms,1.787381
latency,3,947,http1_rust_nodelay_all_c16_keepalive_ms,1.461405
latency,3,948,http1_rust_nodelay_all_c16_keepalive_ms,2.524883
latency,3,949,http1_rust_nodelay_all_c16_keepalive_ms,2.098255
latency,3,950,http1_rust_nodelay_all_c16_keepalive_ms,1.706619
latency,3,951,http1_rust_nodelay_all_c16_keepalive_ms,1.769091
latency,3,952,http1_rust_nodelay_all_c16_keepalive_ms,1.514235
latency,3,953,http1_rust_nodelay_all_c16_keepalive_ms,1.213221
latency,3,954,http1_rust_nodelay_all_c16_keepalive_ms,0.845924
latency,3,955,http1_rust_nodelay_all_c16_keepalive_ms,0.613291
latency,3,956,http1_rust_nodelay_all_c16_keepalive_ms,0.596640
latency,3,957,http1_rust_nodelay_all_c16_keepalive_ms,0.522729
latency,3,958,http1_rust_nodelay_all_c16_keepalive_ms,1.776490
latency,3,959,http1_rust_nodelay_all_c16_keepalive_ms,0.587730
latency,3,400,http1_rust_nodelay_all_c16_keepalive_ms,1.773760
latency,3,401,http1_rust_nodelay_all_c16_keepalive_ms,1.883572
latency,3,402,http1_rust_nodelay_all_c16_keepalive_ms,1.774810
latency,3,403,http1_rust_nodelay_all_c16_keepalive_ms,1.486906
latency,3,404,http1_rust_nodelay_all_c16_keepalive_ms,1.896532
latency,3,405,http1_rust_nodelay_all_c16_keepalive_ms,2.031135
latency,3,406,http1_rust_nodelay_all_c16_keepalive_ms,1.800080
latency,3,407,http1_rust_nodelay_all_c16_keepalive_ms,1.885812
latency,3,408,http1_rust_nodelay_all_c16_keepalive_ms,1.980424
latency,3,409,http1_rust_nodelay_all_c16_keepalive_ms,1.726110
latency,3,410,http1_rust_nodelay_all_c16_keepalive_ms,1.767670
latency,3,411,http1_rust_nodelay_all_c16_keepalive_ms,1.426304
latency,3,412,http1_rust_nodelay_all_c16_keepalive_ms,1.801730
latency,3,413,http1_rust_nodelay_all_c16_keepalive_ms,1.831952
latency,3,414,http1_rust_nodelay_all_c16_keepalive_ms,1.346252
latency,3,415,http1_rust_nodelay_all_c16_keepalive_ms,1.915633
latency,3,416,http1_rust_nodelay_all_c16_keepalive_ms,1.415384
latency,3,417,http1_rust_nodelay_all_c16_keepalive_ms,1.785871
latency,3,418,http1_rust_nodelay_all_c16_keepalive_ms,1.341693
latency,3,419,http1_rust_nodelay_all_c16_keepalive_ms,1.864151
latency,3,420,http1_rust_nodelay_all_c16_keepalive_ms,1.709819
latency,3,421,http1_rust_nodelay_all_c16_keepalive_ms,1.791551
latency,3,422,http1_rust_nodelay_all_c16_keepalive_ms,1.778980
latency,3,423,http1_rust_nodelay_all_c16_keepalive_ms,1.792290
latency,3,424,http1_rust_nodelay_all_c16_keepalive_ms,1.799991
latency,3,425,http1_rust_nodelay_all_c16_keepalive_ms,1.363733
latency,3,426,http1_rust_nodelay_all_c16_keepalive_ms,1.837752
latency,3,427,http1_rust_nodelay_all_c16_keepalive_ms,9.951479
latency,3,428,http1_rust_nodelay_all_c16_keepalive_ms,1.345183
latency,3,429,http1_rust_nodelay_all_c16_keepalive_ms,1.527496
latency,3,430,http1_rust_nodelay_all_c16_keepalive_ms,1.786020
latency,3,431,http1_rust_nodelay_all_c16_keepalive_ms,1.383614
latency,3,432,http1_rust_nodelay_all_c16_keepalive_ms,1.749070
latency,3,433,http1_rust_nodelay_all_c16_keepalive_ms,1.400284
latency,3,434,http1_rust_nodelay_all_c16_keepalive_ms,1.410624
latency,3,435,http1_rust_nodelay_all_c16_keepalive_ms,1.683408
latency,3,436,http1_rust_nodelay_all_c16_keepalive_ms,1.427515
latency,3,437,http1_rust_nodelay_all_c16_keepalive_ms,1.296532
latency,3,438,http1_rust_nodelay_all_c16_keepalive_ms,10.940566
latency,3,439,http1_rust_nodelay_all_c16_keepalive_ms,1.797941
latency,3,440,http1_rust_nodelay_all_c16_keepalive_ms,1.342542
latency,3,441,http1_rust_nodelay_all_c16_keepalive_ms,1.708209
latency,3,442,http1_rust_nodelay_all_c16_keepalive_ms,9.628394
latency,3,443,http1_rust_nodelay_all_c16_keepalive_ms,1.374994
latency,3,444,http1_rust_nodelay_all_c16_keepalive_ms,1.822991
latency,3,445,http1_rust_nodelay_all_c16_keepalive_ms,1.846901
latency,3,446,http1_rust_nodelay_all_c16_keepalive_ms,1.842402
latency,3,447,http1_rust_nodelay_all_c16_keepalive_ms,1.413313
latency,3,448,http1_rust_nodelay_all_c16_keepalive_ms,1.794531
latency,3,449,http1_rust_nodelay_all_c16_keepalive_ms,1.765970
latency,3,450,http1_rust_nodelay_all_c16_keepalive_ms,1.427034
latency,3,451,http1_rust_nodelay_all_c16_keepalive_ms,10.703332
latency,3,452,http1_rust_nodelay_all_c16_keepalive_ms,1.726080
latency,3,453,http1_rust_nodelay_all_c16_keepalive_ms,1.387343
latency,3,454,http1_rust_nodelay_all_c16_keepalive_ms,1.678689
latency,3,455,http1_rust_nodelay_all_c16_keepalive_ms,1.777190
latency,3,456,http1_rust_nodelay_all_c16_keepalive_ms,1.355693
latency,3,457,http1_rust_nodelay_all_c16_keepalive_ms,1.744960
latency,3,458,http1_rust_nodelay_all_c16_keepalive_ms,1.864502
latency,3,459,http1_rust_nodelay_all_c16_keepalive_ms,1.815541
latency,3,460,http1_rust_nodelay_all_c16_keepalive_ms,1.280682
latency,3,461,http1_rust_nodelay_all_c16_keepalive_ms,1.312242
latency,3,462,http1_rust_nodelay_all_c16_keepalive_ms,1.755000
latency,3,463,http1_rust_nodelay_all_c16_keepalive_ms,1.748109
latency,3,464,http1_rust_nodelay_all_c16_keepalive_ms,1.856342
latency,3,465,http1_rust_nodelay_all_c16_keepalive_ms,1.759100
latency,3,466,http1_rust_nodelay_all_c16_keepalive_ms,8.230850
latency,3,467,http1_rust_nodelay_all_c16_keepalive_ms,1.523326
latency,3,468,http1_rust_nodelay_all_c16_keepalive_ms,1.333033
latency,3,469,http1_rust_nodelay_all_c16_keepalive_ms,0.880455
latency,3,470,http1_rust_nodelay_all_c16_keepalive_ms,0.649311
latency,3,471,http1_rust_nodelay_all_c16_keepalive_ms,0.601620
latency,3,472,http1_rust_nodelay_all_c16_keepalive_ms,0.520719
latency,3,473,http1_rust_nodelay_all_c16_keepalive_ms,1.819561
latency,3,474,http1_rust_nodelay_all_c16_keepalive_ms,1.071868
latency,3,475,http1_rust_nodelay_all_c16_keepalive_ms,0.322156
latency,3,476,http1_rust_nodelay_all_c16_keepalive_ms,0.421807
latency,3,477,http1_rust_nodelay_all_c16_keepalive_ms,0.406687
latency,3,478,http1_rust_nodelay_all_c16_keepalive_ms,0.327905
latency,3,479,http1_rust_nodelay_all_c16_keepalive_ms,0.421467
latency,3,800,http1_rust_nodelay_all_c16_keepalive_ms,1.875822
latency,3,801,http1_rust_nodelay_all_c16_keepalive_ms,1.903662
latency,3,802,http1_rust_nodelay_all_c16_keepalive_ms,1.826801
latency,3,803,http1_rust_nodelay_all_c16_keepalive_ms,1.890752
latency,3,804,http1_rust_nodelay_all_c16_keepalive_ms,2.227218
latency,3,805,http1_rust_nodelay_all_c16_keepalive_ms,1.253631
latency,3,806,http1_rust_nodelay_all_c16_keepalive_ms,10.740003
latency,3,807,http1_rust_nodelay_all_c16_keepalive_ms,1.442115
latency,3,808,http1_rust_nodelay_all_c16_keepalive_ms,1.897952
latency,3,809,http1_rust_nodelay_all_c16_keepalive_ms,1.801341
latency,3,810,http1_rust_nodelay_all_c16_keepalive_ms,1.911282
latency,3,811,http1_rust_nodelay_all_c16_keepalive_ms,1.342953
latency,3,812,http1_rust_nodelay_all_c16_keepalive_ms,1.820241
latency,3,813,http1_rust_nodelay_all_c16_keepalive_ms,10.771713
latency,3,814,http1_rust_nodelay_all_c16_keepalive_ms,1.843692
latency,3,815,http1_rust_nodelay_all_c16_keepalive_ms,1.847501
latency,3,816,http1_rust_nodelay_all_c16_keepalive_ms,1.748060
latency,3,817,http1_rust_nodelay_all_c16_keepalive_ms,2.069615
latency,3,818,http1_rust_nodelay_all_c16_keepalive_ms,1.769871
latency,3,819,http1_rust_nodelay_all_c16_keepalive_ms,1.852871
latency,3,820,http1_rust_nodelay_all_c16_keepalive_ms,1.437354
latency,3,821,http1_rust_nodelay_all_c16_keepalive_ms,1.449575
latency,3,822,http1_rust_nodelay_all_c16_keepalive_ms,1.719039
latency,3,823,http1_rust_nodelay_all_c16_keepalive_ms,11.707040
latency,3,824,http1_rust_nodelay_all_c16_keepalive_ms,1.826741
latency,3,825,http1_rust_nodelay_all_c16_keepalive_ms,1.324082
latency,3,826,http1_rust_nodelay_all_c16_keepalive_ms,1.817791
latency,3,827,http1_rust_nodelay_all_c16_keepalive_ms,1.820831
latency,3,828,http1_rust_nodelay_all_c16_keepalive_ms,1.797671
latency,3,829,http1_rust_nodelay_all_c16_keepalive_ms,1.399094
latency,3,830,http1_rust_nodelay_all_c16_keepalive_ms,1.383903
latency,3,831,http1_rust_nodelay_all_c16_keepalive_ms,1.890442
latency,3,832,http1_rust_nodelay_all_c16_keepalive_ms,1.775061
latency,3,833,http1_rust_nodelay_all_c16_keepalive_ms,1.372443
latency,3,834,http1_rust_nodelay_all_c16_keepalive_ms,1.790440
latency,3,835,http1_rust_nodelay_all_c16_keepalive_ms,1.389884
latency,3,836,http1_rust_nodelay_all_c16_keepalive_ms,1.770810
latency,3,837,http1_rust_nodelay_all_c16_keepalive_ms,10.779674
latency,3,838,http1_rust_nodelay_all_c16_keepalive_ms,1.831121
latency,3,839,http1_rust_nodelay_all_c16_keepalive_ms,1.415454
latency,3,840,http1_rust_nodelay_all_c16_keepalive_ms,1.794200
latency,3,841,http1_rust_nodelay_all_c16_keepalive_ms,1.766190
latency,3,842,http1_rust_nodelay_all_c16_keepalive_ms,1.426905
latency,3,843,http1_rust_nodelay_all_c16_keepalive_ms,1.807291
latency,3,844,http1_rust_nodelay_all_c16_keepalive_ms,1.366873
latency,3,845,http1_rust_nodelay_all_c16_keepalive_ms,1.662768
latency,3,846,http1_rust_nodelay_all_c16_keepalive_ms,1.720500
latency,3,847,http1_rust_nodelay_all_c16_keepalive_ms,1.827051
latency,3,848,http1_rust_nodelay_all_c16_keepalive_ms,1.337592
latency,3,849,http1_rust_nodelay_all_c16_keepalive_ms,1.316102
latency,3,850,http1_rust_nodelay_all_c16_keepalive_ms,1.759050
latency,3,851,http1_rust_nodelay_all_c16_keepalive_ms,1.357014
latency,3,852,http1_rust_nodelay_all_c16_keepalive_ms,1.681418
latency,3,853,http1_rust_nodelay_all_c16_keepalive_ms,1.778811
latency,3,854,http1_rust_nodelay_all_c16_keepalive_ms,1.422024
latency,3,855,http1_rust_nodelay_all_c16_keepalive_ms,1.758490
latency,3,856,http1_rust_nodelay_all_c16_keepalive_ms,1.857581
latency,3,857,http1_rust_nodelay_all_c16_keepalive_ms,1.762971
latency,3,858,http1_rust_nodelay_all_c16_keepalive_ms,1.655128
latency,3,859,http1_rust_nodelay_all_c16_keepalive_ms,1.669478
latency,3,860,http1_rust_nodelay_all_c16_keepalive_ms,9.715985
latency,3,861,http1_rust_nodelay_all_c16_keepalive_ms,2.511473
latency,3,862,http1_rust_nodelay_all_c16_keepalive_ms,1.141000
latency,3,863,http1_rust_nodelay_all_c16_keepalive_ms,1.891332
latency,3,864,http1_rust_nodelay_all_c16_keepalive_ms,1.051298
latency,3,865,http1_rust_nodelay_all_c16_keepalive_ms,1.221160
latency,3,866,http1_rust_nodelay_all_c16_keepalive_ms,0.718722
latency,3,867,http1_rust_nodelay_all_c16_keepalive_ms,0.758213
latency,3,868,http1_rust_nodelay_all_c16_keepalive_ms,0.527999
latency,3,869,http1_rust_nodelay_all_c16_keepalive_ms,1.747330
latency,3,870,http1_rust_nodelay_all_c16_keepalive_ms,0.591110
latency,3,871,http1_rust_nodelay_all_c16_keepalive_ms,0.860095
latency,3,872,http1_rust_nodelay_all_c16_keepalive_ms,0.321845
latency,3,873,http1_rust_nodelay_all_c16_keepalive_ms,0.409977
latency,3,874,http1_rust_nodelay_all_c16_keepalive_ms,0.415407
latency,3,875,http1_rust_nodelay_all_c16_keepalive_ms,0.325986
latency,3,876,http1_rust_nodelay_all_c16_keepalive_ms,0.841604
latency,3,877,http1_rust_nodelay_all_c16_keepalive_ms,0.475428
latency,3,878,http1_rust_nodelay_all_c16_keepalive_ms,0.408627
latency,3,879,http1_rust_nodelay_all_c16_keepalive_ms,0.300156
latency,3,240,http1_rust_nodelay_all_c16_keepalive_ms,1.397923
latency,3,241,http1_rust_nodelay_all_c16_keepalive_ms,13.839516
latency,3,242,http1_rust_nodelay_all_c16_keepalive_ms,1.738560
latency,3,243,http1_rust_nodelay_all_c16_keepalive_ms,1.818541
latency,3,244,http1_rust_nodelay_all_c16_keepalive_ms,1.793070
latency,3,245,http1_rust_nodelay_all_c16_keepalive_ms,1.806970
latency,3,246,http1_rust_nodelay_all_c16_keepalive_ms,1.793761
latency,3,247,http1_rust_nodelay_all_c16_keepalive_ms,1.525566
latency,3,248,http1_rust_nodelay_all_c16_keepalive_ms,1.390604
latency,3,249,http1_rust_nodelay_all_c16_keepalive_ms,1.775690
latency,3,250,http1_rust_nodelay_all_c16_keepalive_ms,10.829554
latency,3,251,http1_rust_nodelay_all_c16_keepalive_ms,1.366563
latency,3,252,http1_rust_nodelay_all_c16_keepalive_ms,1.723930
latency,3,253,http1_rust_nodelay_all_c16_keepalive_ms,1.431654
latency,3,254,http1_rust_nodelay_all_c16_keepalive_ms,1.799761
latency,3,255,http1_rust_nodelay_all_c16_keepalive_ms,1.393404
latency,3,256,http1_rust_nodelay_all_c16_keepalive_ms,1.809811
latency,3,257,http1_rust_nodelay_all_c16_keepalive_ms,1.743509
latency,3,258,http1_rust_nodelay_all_c16_keepalive_ms,1.855502
latency,3,259,http1_rust_nodelay_all_c16_keepalive_ms,1.771330
latency,3,260,http1_rust_nodelay_all_c16_keepalive_ms,1.690628
latency,3,261,http1_rust_nodelay_all_c16_keepalive_ms,2.006765
latency,3,262,http1_rust_nodelay_all_c16_keepalive_ms,1.596177
latency,3,263,http1_rust_nodelay_all_c16_keepalive_ms,1.850411
latency,3,264,http1_rust_nodelay_all_c16_keepalive_ms,1.828072
latency,3,265,http1_rust_nodelay_all_c16_keepalive_ms,1.684468
latency,3,266,http1_rust_nodelay_all_c16_keepalive_ms,1.803931
latency,3,267,http1_rust_nodelay_all_c16_keepalive_ms,1.777100
latency,3,268,http1_rust_nodelay_all_c16_keepalive_ms,1.786131
latency,3,269,http1_rust_nodelay_all_c16_keepalive_ms,1.631957
latency,3,270,http1_rust_nodelay_all_c16_keepalive_ms,1.749290
latency,3,271,http1_rust_nodelay_all_c16_keepalive_ms,1.390464
latency,3,272,http1_rust_nodelay_all_c16_keepalive_ms,1.715489
latency,3,273,http1_rust_nodelay_all_c16_keepalive_ms,1.433254
latency,3,274,http1_rust_nodelay_all_c16_keepalive_ms,1.840482
latency,3,275,http1_rust_nodelay_all_c16_keepalive_ms,1.855861
latency,3,276,http1_rust_nodelay_all_c16_keepalive_ms,1.413904
latency,3,277,http1_rust_nodelay_all_c16_keepalive_ms,1.754100
latency,3,278,http1_rust_nodelay_all_c16_keepalive_ms,1.706659
latency,3,279,http1_rust_nodelay_all_c16_keepalive_ms,1.382094
latency,3,280,http1_rust_nodelay_all_c16_keepalive_ms,1.853751
latency,3,281,http1_rust_nodelay_all_c16_keepalive_ms,1.825301
latency,3,282,http1_rust_nodelay_all_c16_keepalive_ms,1.370224
latency,3,283,http1_rust_nodelay_all_c16_keepalive_ms,1.729849
latency,3,284,http1_rust_nodelay_all_c16_keepalive_ms,1.762110
latency,3,285,http1_rust_nodelay_all_c16_keepalive_ms,1.832771
latency,3,286,http1_rust_nodelay_all_c16_keepalive_ms,1.899003
latency,3,287,http1_rust_nodelay_all_c16_keepalive_ms,1.777050
latency,3,288,http1_rust_nodelay_all_c16_keepalive_ms,1.383934
latency,3,289,http1_rust_nodelay_all_c16_keepalive_ms,1.821380
latency,3,290,http1_rust_nodelay_all_c16_keepalive_ms,1.400284
latency,3,291,http1_rust_nodelay_all_c16_keepalive_ms,1.769250
latency,3,292,http1_rust_nodelay_all_c16_keepalive_ms,1.813621
latency,3,293,http1_rust_nodelay_all_c16_keepalive_ms,1.823001
latency,3,294,http1_rust_nodelay_all_c16_keepalive_ms,1.794081
latency,3,295,http1_rust_nodelay_all_c16_keepalive_ms,1.798581
latency,3,296,http1_rust_nodelay_all_c16_keepalive_ms,1.669408
latency,3,297,http1_rust_nodelay_all_c16_keepalive_ms,1.792391
latency,3,298,http1_rust_nodelay_all_c16_keepalive_ms,1.440594
latency,3,299,http1_rust_nodelay_all_c16_keepalive_ms,1.362083
latency,3,300,http1_rust_nodelay_all_c16_keepalive_ms,10.785604
latency,3,301,http1_rust_nodelay_all_c16_keepalive_ms,1.807331
latency,3,302,http1_rust_nodelay_all_c16_keepalive_ms,1.696959
latency,3,303,http1_rust_nodelay_all_c16_keepalive_ms,1.787200
latency,3,304,http1_rust_nodelay_all_c16_keepalive_ms,1.285011
latency,3,305,http1_rust_nodelay_all_c16_keepalive_ms,1.802071
latency,3,306,http1_rust_nodelay_all_c16_keepalive_ms,1.737130
latency,3,307,http1_rust_nodelay_all_c16_keepalive_ms,1.407484
latency,3,308,http1_rust_nodelay_all_c16_keepalive_ms,2.573224
latency,3,309,http1_rust_nodelay_all_c16_keepalive_ms,2.001274
latency,3,310,http1_rust_nodelay_all_c16_keepalive_ms,1.945393
latency,3,311,http1_rust_nodelay_all_c16_keepalive_ms,1.789880
latency,3,312,http1_rust_nodelay_all_c16_keepalive_ms,1.158370
latency,3,313,http1_rust_nodelay_all_c16_keepalive_ms,1.241851
latency,3,314,http1_rust_nodelay_all_c16_keepalive_ms,7.904755
latency,3,315,http1_rust_nodelay_all_c16_keepalive_ms,0.430917
latency,3,316,http1_rust_nodelay_all_c16_keepalive_ms,0.311565
latency,3,317,http1_rust_nodelay_all_c16_keepalive_ms,0.461948
latency,3,318,http1_rust_nodelay_all_c16_keepalive_ms,0.379697
latency,3,319,http1_rust_nodelay_all_c16_keepalive_ms,0.249364
latency,3,1120,http1_rust_nodelay_all_c16_keepalive_ms,1.812901
latency,3,1121,http1_rust_nodelay_all_c16_keepalive_ms,1.884912
latency,3,1122,http1_rust_nodelay_all_c16_keepalive_ms,1.817261
latency,3,1123,http1_rust_nodelay_all_c16_keepalive_ms,1.899642
latency,3,1124,http1_rust_nodelay_all_c16_keepalive_ms,2.234488
latency,3,1125,http1_rust_nodelay_all_c16_keepalive_ms,1.734600
latency,3,1126,http1_rust_nodelay_all_c16_keepalive_ms,1.585267
latency,3,1127,http1_rust_nodelay_all_c16_keepalive_ms,1.760510
latency,3,1128,http1_rust_nodelay_all_c16_keepalive_ms,1.695999
latency,3,1129,http1_rust_nodelay_all_c16_keepalive_ms,1.376033
latency,3,1130,http1_rust_nodelay_all_c16_keepalive_ms,1.745000
latency,3,1131,http1_rust_nodelay_all_c16_keepalive_ms,1.792511
latency,3,1132,http1_rust_nodelay_all_c16_keepalive_ms,1.414833
latency,3,1133,http1_rust_nodelay_all_c16_keepalive_ms,1.926313
latency,3,1134,http1_rust_nodelay_all_c16_keepalive_ms,1.337993
latency,3,1135,http1_rust_nodelay_all_c16_keepalive_ms,1.867012
latency,3,1136,http1_rust_nodelay_all_c16_keepalive_ms,1.973533
latency,3,1137,http1_rust_nodelay_all_c16_keepalive_ms,1.847392
latency,3,1138,http1_rust_nodelay_all_c16_keepalive_ms,1.373073
latency,3,1139,http1_rust_nodelay_all_c16_keepalive_ms,1.844702
latency,3,1140,http1_rust_nodelay_all_c16_keepalive_ms,1.459885
latency,3,1141,http1_rust_nodelay_all_c16_keepalive_ms,1.790270
latency,3,1142,http1_rust_nodelay_all_c16_keepalive_ms,1.696089
latency,3,1143,http1_rust_nodelay_all_c16_keepalive_ms,2.007024
latency,3,1144,http1_rust_nodelay_all_c16_keepalive_ms,1.823931
latency,3,1145,http1_rust_nodelay_all_c16_keepalive_ms,1.380003
latency,3,1146,http1_rust_nodelay_all_c16_keepalive_ms,1.839412
latency,3,1147,http1_rust_nodelay_all_c16_keepalive_ms,1.799120
latency,3,1148,http1_rust_nodelay_all_c16_keepalive_ms,1.718590
latency,3,1149,http1_rust_nodelay_all_c16_keepalive_ms,1.858401
latency,3,1150,http1_rust_nodelay_all_c16_keepalive_ms,1.783401
latency,3,1151,http1_rust_nodelay_all_c16_keepalive_ms,1.817940
latency,3,1152,http1_rust_nodelay_all_c16_keepalive_ms,1.852562
latency,3,1153,http1_rust_nodelay_all_c16_keepalive_ms,1.881072
latency,3,1154,http1_rust_nodelay_all_c16_keepalive_ms,1.716339
latency,3,1155,http1_rust_nodelay_all_c16_keepalive_ms,1.388654
latency,3,1156,http1_rust_nodelay_all_c16_keepalive_ms,1.751840
latency,3,1157,http1_rust_nodelay_all_c16_keepalive_ms,1.719549
latency,3,1158,http1_rust_nodelay_all_c16_keepalive_ms,9.969250
latency,3,1159,http1_rust_nodelay_all_c16_keepalive_ms,1.749469
latency,3,1160,http1_rust_nodelay_all_c16_keepalive_ms,1.895033
latency,3,1161,http1_rust_nodelay_all_c16_keepalive_ms,1.793500
latency,3,1162,http1_rust_nodelay_all_c16_keepalive_ms,1.888203
latency,3,1163,http1_rust_nodelay_all_c16_keepalive_ms,1.798090
latency,3,1164,http1_rust_nodelay_all_c16_keepalive_ms,1.347593
latency,3,1165,http1_rust_nodelay_all_c16_keepalive_ms,1.761700
latency,3,1166,http1_rust_nodelay_all_c16_keepalive_ms,1.908722
latency,3,1167,http1_rust_nodelay_all_c16_keepalive_ms,1.825731
latency,3,1168,http1_rust_nodelay_all_c16_keepalive_ms,1.367874
latency,3,1169,http1_rust_nodelay_all_c16_keepalive_ms,1.728359
latency,3,1170,http1_rust_nodelay_all_c16_keepalive_ms,1.765830
latency,3,1171,http1_rust_nodelay_all_c16_keepalive_ms,1.822301
latency,3,1172,http1_rust_nodelay_all_c16_keepalive_ms,1.907393
latency,3,1173,http1_rust_nodelay_all_c16_keepalive_ms,1.728689
latency,3,1174,http1_rust_nodelay_all_c16_keepalive_ms,1.822671
latency,3,1175,http1_rust_nodelay_all_c16_keepalive_ms,1.819951
latency,3,1176,http1_rust_nodelay_all_c16_keepalive_ms,1.801081
latency,3,1177,http1_rust_nodelay_all_c16_keepalive_ms,1.754920
latency,3,1178,http1_rust_nodelay_all_c16_keepalive_ms,1.340252
latency,3,1179,http1_rust_nodelay_all_c16_keepalive_ms,1.873282
latency,3,1180,http1_rust_nodelay_all_c16_keepalive_ms,16.805776
latency,3,1181,http1_rust_nodelay_all_c16_keepalive_ms,1.771271
latency,3,1182,http1_rust_nodelay_all_c16_keepalive_ms,1.418014
latency,3,1183,http1_rust_nodelay_all_c16_keepalive_ms,1.844921
latency,3,1184,http1_rust_nodelay_all_c16_keepalive_ms,1.664499
latency,3,1185,http1_rust_nodelay_all_c16_keepalive_ms,1.746639
latency,3,1186,http1_rust_nodelay_all_c16_keepalive_ms,1.748430
latency,3,1187,http1_rust_nodelay_all_c16_keepalive_ms,8.929452
latency,3,1188,http1_rust_nodelay_all_c16_keepalive_ms,2.177927
latency,3,1189,http1_rust_nodelay_all_c16_keepalive_ms,1.789461
latency,3,1190,http1_rust_nodelay_all_c16_keepalive_ms,1.158999
latency,3,1191,http1_rust_nodelay_all_c16_keepalive_ms,12.320290
latency,3,1192,http1_rust_nodelay_all_c16_keepalive_ms,0.190003
latency,3,1193,http1_rust_nodelay_all_c16_keepalive_ms,0.132002
latency,3,1194,http1_rust_nodelay_all_c16_keepalive_ms,0.129053
latency,3,1195,http1_rust_nodelay_all_c16_keepalive_ms,0.138992
latency,3,1196,http1_rust_nodelay_all_c16_keepalive_ms,0.148713
latency,3,1197,http1_rust_nodelay_all_c16_keepalive_ms,0.131012
latency,3,1198,http1_rust_nodelay_all_c16_keepalive_ms,0.139462
latency,3,1199,http1_rust_nodelay_all_c16_keepalive_ms,0.133142
latency,3,1040,http1_rust_nodelay_all_c16_keepalive_ms,1.571277
latency,3,1041,http1_rust_nodelay_all_c16_keepalive_ms,1.946193
latency,3,1042,http1_rust_nodelay_all_c16_keepalive_ms,1.313863
latency,3,1043,http1_rust_nodelay_all_c16_keepalive_ms,1.877271
latency,3,1044,http1_rust_nodelay_all_c16_keepalive_ms,2.009275
latency,3,1045,http1_rust_nodelay_all_c16_keepalive_ms,1.546566
latency,3,1046,http1_rust_nodelay_all_c16_keepalive_ms,1.391134
latency,3,1047,http1_rust_nodelay_all_c16_keepalive_ms,1.974163
latency,3,1048,http1_rust_nodelay_all_c16_keepalive_ms,1.821961
latency,3,1049,http1_rust_nodelay_all_c16_keepalive_ms,1.806771
latency,3,1050,http1_rust_nodelay_all_c16_keepalive_ms,1.362913
latency,3,1051,http1_rust_nodelay_all_c16_keepalive_ms,1.775201
latency,3,1052,http1_rust_nodelay_all_c16_keepalive_ms,1.769710
latency,3,1053,http1_rust_nodelay_all_c16_keepalive_ms,1.412424
latency,3,1054,http1_rust_nodelay_all_c16_keepalive_ms,1.919042
latency,3,1055,http1_rust_nodelay_all_c16_keepalive_ms,1.866552
latency,3,1056,http1_rust_nodelay_all_c16_keepalive_ms,1.816601
latency,3,1057,http1_rust_nodelay_all_c16_keepalive_ms,1.687699
latency,3,1058,http1_rust_nodelay_all_c16_keepalive_ms,1.027607
latency,3,1059,http1_rust_nodelay_all_c16_keepalive_ms,1.781121
latency,3,1060,http1_rust_nodelay_all_c16_keepalive_ms,1.471895
latency,3,1061,http1_rust_nodelay_all_c16_keepalive_ms,1.817361
latency,3,1062,http1_rust_nodelay_all_c16_keepalive_ms,1.765049
latency,3,1063,http1_rust_nodelay_all_c16_keepalive_ms,1.805061
latency,3,1064,http1_rust_nodelay_all_c16_keepalive_ms,10.771704
latency,3,1065,http1_rust_nodelay_all_c16_keepalive_ms,1.926343
latency,3,1066,http1_rust_nodelay_all_c16_keepalive_ms,1.802250
latency,3,1067,http1_rust_nodelay_all_c16_keepalive_ms,1.838841
latency,3,1068,http1_rust_nodelay_all_c16_keepalive_ms,1.779701
latency,3,1069,http1_rust_nodelay_all_c16_keepalive_ms,2.002814
latency,3,1070,http1_rust_nodelay_all_c16_keepalive_ms,1.388463
latency,3,1071,http1_rust_nodelay_all_c16_keepalive_ms,1.801491
latency,3,1072,http1_rust_nodelay_all_c16_keepalive_ms,1.801611
latency,3,1073,http1_rust_nodelay_all_c16_keepalive_ms,1.778090
latency,3,1074,http1_rust_nodelay_all_c16_keepalive_ms,1.681539
latency,3,1075,http1_rust_nodelay_all_c16_keepalive_ms,1.764730
latency,3,1076,http1_rust_nodelay_all_c16_keepalive_ms,1.388763
latency,3,1077,http1_rust_nodelay_all_c16_keepalive_ms,1.742570
latency,3,1078,http1_rust_nodelay_all_c16_keepalive_ms,10.700072
latency,3,1079,http1_rust_nodelay_all_c16_keepalive_ms,1.794711
latency,3,1080,http1_rust_nodelay_all_c16_keepalive_ms,1.780760
latency,3,1081,http1_rust_nodelay_all_c16_keepalive_ms,1.763910
latency,3,1082,http1_rust_nodelay_all_c16_keepalive_ms,1.671038
latency,3,1083,http1_rust_nodelay_all_c16_keepalive_ms,1.723790
latency,3,1084,http1_rust_nodelay_all_c16_keepalive_ms,1.371853
latency,3,1085,http1_rust_nodelay_all_c16_keepalive_ms,1.742220
latency,3,1086,http1_rust_nodelay_all_c16_keepalive_ms,1.798800
latency,3,1087,http1_rust_nodelay_all_c16_keepalive_ms,1.816271
latency,3,1088,http1_rust_nodelay_all_c16_keepalive_ms,8.678808
latency,3,1089,http1_rust_nodelay_all_c16_keepalive_ms,1.773650
latency,3,1090,http1_rust_nodelay_all_c16_keepalive_ms,1.448685
latency,3,1091,http1_rust_nodelay_all_c16_keepalive_ms,1.744130
latency,3,1092,http1_rust_nodelay_all_c16_keepalive_ms,1.814570
latency,3,1093,http1_rust_nodelay_all_c16_keepalive_ms,1.276842
latency,3,1094,http1_rust_nodelay_all_c16_keepalive_ms,1.778081
latency,3,1095,http1_rust_nodelay_all_c16_keepalive_ms,1.311792
latency,3,1096,http1_rust_nodelay_all_c16_keepalive_ms,1.845411
latency,3,1097,http1_rust_nodelay_all_c16_keepalive_ms,1.863592
latency,3,1098,http1_rust_nodelay_all_c16_keepalive_ms,1.848331
latency,3,1099,http1_rust_nodelay_all_c16_keepalive_ms,1.735440
latency,3,1100,http1_rust_nodelay_all_c16_keepalive_ms,1.727149
latency,3,1101,http1_rust_nodelay_all_c16_keepalive_ms,1.368454
latency,3,1102,http1_rust_nodelay_all_c16_keepalive_ms,1.768910
latency,3,1103,http1_rust_nodelay_all_c16_keepalive_ms,1.418134
latency,3,1104,http1_rust_nodelay_all_c16_keepalive_ms,10.721952
latency,3,1105,http1_rust_nodelay_all_c16_keepalive_ms,2.587924
latency,3,1106,http1_rust_nodelay_all_c16_keepalive_ms,2.110306
latency,3,1107,http1_rust_nodelay_all_c16_keepalive_ms,2.165337
latency,3,1108,http1_rust_nodelay_all_c16_keepalive_ms,1.692509
latency,3,1109,http1_rust_nodelay_all_c16_keepalive_ms,1.157440
latency,3,1110,http1_rust_nodelay_all_c16_keepalive_ms,1.332562
latency,3,1111,http1_rust_nodelay_all_c16_keepalive_ms,0.876105
latency,3,1112,http1_rust_nodelay_all_c16_keepalive_ms,0.650771
latency,3,1113,http1_rust_nodelay_all_c16_keepalive_ms,0.709232
latency,3,1114,http1_rust_nodelay_all_c16_keepalive_ms,0.519789
latency,3,1115,http1_rust_nodelay_all_c16_keepalive_ms,1.796611
latency,3,1116,http1_rust_nodelay_all_c16_keepalive_ms,8.685728
latency,3,1117,http1_rust_nodelay_all_c16_keepalive_ms,0.140102
latency,3,1118,http1_rust_nodelay_all_c16_keepalive_ms,0.130302
latency,3,1119,http1_rust_nodelay_all_c16_keepalive_ms,0.142363
latency,3,1200,http1_rust_nodelay_all_c16_keepalive_ms,6.895537
latency,3,1201,http1_rust_nodelay_all_c16_keepalive_ms,1.897423
latency,3,1202,http1_rust_nodelay_all_c16_keepalive_ms,1.553646
latency,3,1203,http1_rust_nodelay_all_c16_keepalive_ms,1.784960
latency,3,1204,http1_rust_nodelay_all_c16_keepalive_ms,1.942814
latency,3,1205,http1_rust_nodelay_all_c16_keepalive_ms,1.895592
latency,3,1206,http1_rust_nodelay_all_c16_keepalive_ms,1.724029
latency,3,1207,http1_rust_nodelay_all_c16_keepalive_ms,1.759640
latency,3,1208,http1_rust_nodelay_all_c16_keepalive_ms,1.355943
latency,3,1209,http1_rust_nodelay_all_c16_keepalive_ms,1.801591
latency,3,1210,http1_rust_nodelay_all_c16_keepalive_ms,1.385183
latency,3,1211,http1_rust_nodelay_all_c16_keepalive_ms,1.778451
latency,3,1212,http1_rust_nodelay_all_c16_keepalive_ms,1.390033
latency,3,1213,http1_rust_nodelay_all_c16_keepalive_ms,1.722140
latency,3,1214,http1_rust_nodelay_all_c16_keepalive_ms,1.750369
latency,3,1215,http1_rust_nodelay_all_c16_keepalive_ms,1.811281
latency,3,1216,http1_rust_nodelay_all_c16_keepalive_ms,1.419785
latency,3,1217,http1_rust_nodelay_all_c16_keepalive_ms,1.824841
latency,3,1218,http1_rust_nodelay_all_c16_keepalive_ms,1.483745
latency,3,1219,http1_rust_nodelay_all_c16_keepalive_ms,1.711219
latency,3,1220,http1_rust_nodelay_all_c16_keepalive_ms,10.801404
latency,3,1221,http1_rust_nodelay_all_c16_keepalive_ms,1.670308
latency,3,1222,http1_rust_nodelay_all_c16_keepalive_ms,1.923793
latency,3,1223,http1_rust_nodelay_all_c16_keepalive_ms,1.803370
latency,3,1224,http1_rust_nodelay_all_c16_keepalive_ms,1.838712
latency,3,1225,http1_rust_nodelay_all_c16_keepalive_ms,1.778200
latency,3,1226,http1_rust_nodelay_all_c16_keepalive_ms,7.627140
latency,3,1227,http1_rust_nodelay_all_c16_keepalive_ms,1.715819
latency,3,1228,http1_rust_nodelay_all_c16_keepalive_ms,1.768560
latency,3,1229,http1_rust_nodelay_all_c16_keepalive_ms,1.820241
latency,3,1230,http1_rust_nodelay_all_c16_keepalive_ms,1.357693
latency,3,1231,http1_rust_nodelay_all_c16_keepalive_ms,1.405284
latency,3,1232,http1_rust_nodelay_all_c16_keepalive_ms,1.709919
latency,3,1233,http1_rust_nodelay_all_c16_keepalive_ms,1.791751
latency,3,1234,http1_rust_nodelay_all_c16_keepalive_ms,9.502212
latency,3,1235,http1_rust_nodelay_all_c16_keepalive_ms,1.707489
latency,3,1236,http1_rust_nodelay_all_c16_keepalive_ms,1.948573
latency,3,1237,http1_rust_nodelay_all_c16_keepalive_ms,1.781790
latency,3,1238,http1_rust_nodelay_all_c16_keepalive_ms,1.792411
latency,3,1239,http1_rust_nodelay_all_c16_keepalive_ms,10.679711
latency,3,1240,http1_rust_nodelay_all_c16_keepalive_ms,1.805461
latency,3,1241,http1_rust_nodelay_all_c16_keepalive_ms,1.392314
latency,3,1242,http1_rust_nodelay_all_c16_keepalive_ms,1.780990
latency,3,1243,http1_rust_nodelay_all_c16_keepalive_ms,1.917473
latency,3,1244,http1_rust_nodelay_all_c16_keepalive_ms,1.732049
latency,3,1245,http1_rust_nodelay_all_c16_keepalive_ms,1.840312
latency,3,1246,http1_rust_nodelay_all_c16_keepalive_ms,8.006696
latency,3,1247,http1_rust_nodelay_all_c16_keepalive_ms,1.779000
latency,3,1248,http1_rust_nodelay_all_c16_keepalive_ms,10.275765
latency,3,1249,http1_rust_nodelay_all_c16_keepalive_ms,1.660678
latency,3,1250,http1_rust_nodelay_all_c16_keepalive_ms,1.316023
latency,3,1251,http1_rust_nodelay_all_c16_keepalive_ms,1.703599
latency,3,1252,http1_rust_nodelay_all_c16_keepalive_ms,1.400523
latency,3,1253,http1_rust_nodelay_all_c16_keepalive_ms,1.731660
latency,3,1254,http1_rust_nodelay_all_c16_keepalive_ms,2.573504
latency,3,1255,http1_rust_nodelay_all_c16_keepalive_ms,2.105496
latency,3,1256,http1_rust_nodelay_all_c16_keepalive_ms,2.133196
latency,3,1257,http1_rust_nodelay_all_c16_keepalive_ms,9.278818
latency,3,1258,http1_rust_nodelay_all_c16_keepalive_ms,0.882995
latency,3,1259,http1_rust_nodelay_all_c16_keepalive_ms,0.497598
latency,3,1260,http1_rust_nodelay_all_c16_keepalive_ms,0.336896
latency,3,1261,http1_rust_nodelay_all_c16_keepalive_ms,0.405277
latency,3,1262,http1_rust_nodelay_all_c16_keepalive_ms,0.401487
latency,3,1263,http1_rust_nodelay_all_c16_keepalive_ms,0.343056
latency,3,1264,http1_rust_nodelay_all_c16_keepalive_ms,0.909335
latency,3,1265,http1_rust_nodelay_all_c16_keepalive_ms,0.413887
latency,3,1266,http1_rust_nodelay_all_c16_keepalive_ms,0.394297
latency,3,1267,http1_rust_nodelay_all_c16_keepalive_ms,0.331176
latency,3,1268,http1_rust_nodelay_all_c16_keepalive_ms,0.321055
latency,3,1269,http1_rust_nodelay_all_c16_keepalive_ms,0.257945
latency,3,1270,http1_rust_nodelay_all_c16_keepalive_ms,0.302495
latency,3,1271,http1_rust_nodelay_all_c16_keepalive_ms,0.133882
latency,3,1272,http1_rust_nodelay_all_c16_keepalive_ms,0.129982
latency,3,1273,http1_rust_nodelay_all_c16_keepalive_ms,0.141353
latency,3,1274,http1_rust_nodelay_all_c16_keepalive_ms,0.134782
latency,3,1275,http1_rust_nodelay_all_c16_keepalive_ms,0.126512
latency,3,1276,http1_rust_nodelay_all_c16_keepalive_ms,3.271186
latency,3,1277,http1_rust_nodelay_all_c16_keepalive_ms,0.197393
latency,3,1278,http1_rust_nodelay_all_c16_keepalive_ms,0.206934
latency,3,1279,http1_rust_nodelay_all_c16_keepalive_ms,0.218203
trial,3,1280,http1_rust_nodelay_all_c16_median_ms,1.752130
trial,3,1280,http1_rust_nodelay_all_c16_p95_ms,2.531413
trial,3,1280,http1_rust_nodelay_all_c16_requests_per_second,7509.602
trial,3,1280,http1_rust_nodelay_all_c16_wall_ms,170.448
latency,4,160,http1_rust_nodelay_all_c16_keepalive_ms,1.886692
latency,4,161,http1_rust_nodelay_all_c16_keepalive_ms,1.985283
latency,4,162,http1_rust_nodelay_all_c16_keepalive_ms,1.514856
latency,4,163,http1_rust_nodelay_all_c16_keepalive_ms,1.873832
latency,4,164,http1_rust_nodelay_all_c16_keepalive_ms,1.402374
latency,4,165,http1_rust_nodelay_all_c16_keepalive_ms,1.426024
latency,4,166,http1_rust_nodelay_all_c16_keepalive_ms,1.695439
latency,4,167,http1_rust_nodelay_all_c16_keepalive_ms,1.428265
latency,4,168,http1_rust_nodelay_all_c16_keepalive_ms,1.770040
latency,4,169,http1_rust_nodelay_all_c16_keepalive_ms,1.722669
latency,4,170,http1_rust_nodelay_all_c16_keepalive_ms,1.356783
latency,4,171,http1_rust_nodelay_all_c16_keepalive_ms,1.790411
latency,4,172,http1_rust_nodelay_all_c16_keepalive_ms,1.853321
latency,4,173,http1_rust_nodelay_all_c16_keepalive_ms,1.415934
latency,4,174,http1_rust_nodelay_all_c16_keepalive_ms,1.549357
latency,4,175,http1_rust_nodelay_all_c16_keepalive_ms,1.377563
latency,4,176,http1_rust_nodelay_all_c16_keepalive_ms,1.387244
latency,4,177,http1_rust_nodelay_all_c16_keepalive_ms,1.713209
latency,4,178,http1_rust_nodelay_all_c16_keepalive_ms,1.425994
latency,4,179,http1_rust_nodelay_all_c16_keepalive_ms,1.779221
latency,4,180,http1_rust_nodelay_all_c16_keepalive_ms,1.817851
latency,4,181,http1_rust_nodelay_all_c16_keepalive_ms,1.343842
latency,4,182,http1_rust_nodelay_all_c16_keepalive_ms,1.813241
latency,4,183,http1_rust_nodelay_all_c16_keepalive_ms,1.759340
latency,4,184,http1_rust_nodelay_all_c16_keepalive_ms,1.805471
latency,4,185,http1_rust_nodelay_all_c16_keepalive_ms,1.344613
latency,4,186,http1_rust_nodelay_all_c16_keepalive_ms,1.322262
latency,4,187,http1_rust_nodelay_all_c16_keepalive_ms,1.638848
latency,4,188,http1_rust_nodelay_all_c16_keepalive_ms,1.357543
latency,4,189,http1_rust_nodelay_all_c16_keepalive_ms,1.690239
latency,4,190,http1_rust_nodelay_all_c16_keepalive_ms,1.817531
latency,4,191,http1_rust_nodelay_all_c16_keepalive_ms,10.530819
latency,4,192,http1_rust_nodelay_all_c16_keepalive_ms,1.951103
latency,4,193,http1_rust_nodelay_all_c16_keepalive_ms,1.789531
latency,4,194,http1_rust_nodelay_all_c16_keepalive_ms,1.347623
latency,4,195,http1_rust_nodelay_all_c16_keepalive_ms,1.874252
latency,4,196,http1_rust_nodelay_all_c16_keepalive_ms,1.396373
latency,4,197,http1_rust_nodelay_all_c16_keepalive_ms,1.825761
latency,4,198,http1_rust_nodelay_all_c16_keepalive_ms,1.367944
latency,4,199,http1_rust_nodelay_all_c16_keepalive_ms,1.743529
latency,4,200,http1_rust_nodelay_all_c16_keepalive_ms,1.392884
latency,4,201,http1_rust_nodelay_all_c16_keepalive_ms,1.780390
latency,4,202,http1_rust_nodelay_all_c16_keepalive_ms,1.858722
latency,4,203,http1_rust_nodelay_all_c16_keepalive_ms,1.373904
latency,4,204,http1_rust_nodelay_all_c16_keepalive_ms,1.808600
latency,4,205,http1_rust_nodelay_all_c16_keepalive_ms,1.753370
latency,4,206,http1_rust_nodelay_all_c16_keepalive_ms,1.387134
latency,4,207,http1_rust_nodelay_all_c16_keepalive_ms,1.696858
latency,4,208,http1_rust_nodelay_all_c16_keepalive_ms,1.329883
latency,4,209,http1_rust_nodelay_all_c16_keepalive_ms,1.752580
latency,4,210,http1_rust_nodelay_all_c16_keepalive_ms,1.425424
latency,4,211,http1_rust_nodelay_all_c16_keepalive_ms,1.845282
latency,4,212,http1_rust_nodelay_all_c16_keepalive_ms,1.451044
latency,4,213,http1_rust_nodelay_all_c16_keepalive_ms,1.762720
latency,4,214,http1_rust_nodelay_all_c16_keepalive_ms,1.468366
latency,4,215,http1_rust_nodelay_all_c16_keepalive_ms,1.402203
latency,4,216,http1_rust_nodelay_all_c16_keepalive_ms,1.777691
latency,4,217,http1_rust_nodelay_all_c16_keepalive_ms,1.836211
latency,4,218,http1_rust_nodelay_all_c16_keepalive_ms,1.730729
latency,4,219,http1_rust_nodelay_all_c16_keepalive_ms,1.842602
latency,4,220,http1_rust_nodelay_all_c16_keepalive_ms,1.337742
latency,4,221,http1_rust_nodelay_all_c16_keepalive_ms,1.710479
latency,4,222,http1_rust_nodelay_all_c16_keepalive_ms,1.286702
latency,4,223,http1_rust_nodelay_all_c16_keepalive_ms,1.962184
latency,4,224,http1_rust_nodelay_all_c16_keepalive_ms,1.758080
latency,4,225,http1_rust_nodelay_all_c16_keepalive_ms,1.801221
latency,4,226,http1_rust_nodelay_all_c16_keepalive_ms,1.370513
latency,4,227,http1_rust_nodelay_all_c16_keepalive_ms,1.841941
latency,4,228,http1_rust_nodelay_all_c16_keepalive_ms,1.778980
latency,4,229,http1_rust_nodelay_all_c16_keepalive_ms,1.995804
latency,4,230,http1_rust_nodelay_all_c16_keepalive_ms,1.866792
latency,4,231,http1_rust_nodelay_all_c16_keepalive_ms,1.597037
latency,4,232,http1_rust_nodelay_all_c16_keepalive_ms,1.768230
latency,4,233,http1_rust_nodelay_all_c16_keepalive_ms,1.576447
latency,4,234,http1_rust_nodelay_all_c16_keepalive_ms,1.705609
latency,4,235,http1_rust_nodelay_all_c16_keepalive_ms,1.771961
latency,4,236,http1_rust_nodelay_all_c16_keepalive_ms,1.985253
latency,4,237,http1_rust_nodelay_all_c16_keepalive_ms,1.782930
latency,4,238,http1_rust_nodelay_all_c16_keepalive_ms,1.690969
latency,4,239,http1_rust_nodelay_all_c16_keepalive_ms,1.812811
latency,4,1040,http1_rust_nodelay_all_c16_keepalive_ms,1.867022
latency,4,1041,http1_rust_nodelay_all_c16_keepalive_ms,1.984773
latency,4,1042,http1_rust_nodelay_all_c16_keepalive_ms,1.515596
latency,4,1043,http1_rust_nodelay_all_c16_keepalive_ms,1.874182
latency,4,1044,http1_rust_nodelay_all_c16_keepalive_ms,1.397544
latency,4,1045,http1_rust_nodelay_all_c16_keepalive_ms,1.428484
latency,4,1046,http1_rust_nodelay_all_c16_keepalive_ms,1.695349
latency,4,1047,http1_rust_nodelay_all_c16_keepalive_ms,1.425964
latency,4,1048,http1_rust_nodelay_all_c16_keepalive_ms,1.772410
latency,4,1049,http1_rust_nodelay_all_c16_keepalive_ms,1.568547
latency,4,1050,http1_rust_nodelay_all_c16_keepalive_ms,1.781911
latency,4,1051,http1_rust_nodelay_all_c16_keepalive_ms,1.815170
latency,4,1052,http1_rust_nodelay_all_c16_keepalive_ms,1.383064
latency,4,1053,http1_rust_nodelay_all_c16_keepalive_ms,1.788910
latency,4,1054,http1_rust_nodelay_all_c16_keepalive_ms,1.321693
latency,4,1055,http1_rust_nodelay_all_c16_keepalive_ms,1.378523
latency,4,1056,http1_rust_nodelay_all_c16_keepalive_ms,1.716979
latency,4,1057,http1_rust_nodelay_all_c16_keepalive_ms,1.393524
latency,4,1058,http1_rust_nodelay_all_c16_keepalive_ms,1.422254
latency,4,1059,http1_rust_nodelay_all_c16_keepalive_ms,1.780041
latency,4,1060,http1_rust_nodelay_all_c16_keepalive_ms,1.813921
latency,4,1061,http1_rust_nodelay_all_c16_keepalive_ms,1.808180
latency,4,1062,http1_rust_nodelay_all_c16_keepalive_ms,1.841741
latency,4,1063,http1_rust_nodelay_all_c16_keepalive_ms,1.795791
latency,4,1064,http1_rust_nodelay_all_c16_keepalive_ms,1.410044
latency,4,1065,http1_rust_nodelay_all_c16_keepalive_ms,1.856872
latency,4,1066,http1_rust_nodelay_all_c16_keepalive_ms,1.816391
latency,4,1067,http1_rust_nodelay_all_c16_keepalive_ms,1.715699
latency,4,1068,http1_rust_nodelay_all_c16_keepalive_ms,1.773630
latency,4,1069,http1_rust_nodelay_all_c16_keepalive_ms,1.861512
latency,4,1070,http1_rust_nodelay_all_c16_keepalive_ms,1.278492
latency,4,1071,http1_rust_nodelay_all_c16_keepalive_ms,1.781680
latency,4,1072,http1_rust_nodelay_all_c16_keepalive_ms,1.393583
latency,4,1073,http1_rust_nodelay_all_c16_keepalive_ms,1.733800
latency,4,1074,http1_rust_nodelay_all_c16_keepalive_ms,1.782360
latency,4,1075,http1_rust_nodelay_all_c16_keepalive_ms,1.388894
latency,4,1076,http1_rust_nodelay_all_c16_keepalive_ms,1.365903
latency,4,1077,http1_rust_nodelay_all_c16_keepalive_ms,1.794351
latency,4,1078,http1_rust_nodelay_all_c16_keepalive_ms,1.769610
latency,4,1079,http1_rust_nodelay_all_c16_keepalive_ms,1.758110
latency,4,1080,http1_rust_nodelay_all_c16_keepalive_ms,1.431964
latency,4,1081,http1_rust_nodelay_all_c16_keepalive_ms,1.738030
latency,4,1082,http1_rust_nodelay_all_c16_keepalive_ms,1.896882
latency,4,1083,http1_rust_nodelay_all_c16_keepalive_ms,1.921233
latency,4,1084,http1_rust_nodelay_all_c16_keepalive_ms,1.868862
latency,4,1085,http1_rust_nodelay_all_c16_keepalive_ms,1.729539
latency,4,1086,http1_rust_nodelay_all_c16_keepalive_ms,10.951146
latency,4,1087,http1_rust_nodelay_all_c16_keepalive_ms,1.780621
latency,4,1088,http1_rust_nodelay_all_c16_keepalive_ms,1.412544
latency,4,1089,http1_rust_nodelay_all_c16_keepalive_ms,1.875832
latency,4,1090,http1_rust_nodelay_all_c16_keepalive_ms,1.415564
latency,4,1091,http1_rust_nodelay_all_c16_keepalive_ms,1.705699
latency,4,1092,http1_rust_nodelay_all_c16_keepalive_ms,1.874922
latency,4,1093,http1_rust_nodelay_all_c16_keepalive_ms,1.850931
latency,4,1094,http1_rust_nodelay_all_c16_keepalive_ms,1.885853
latency,4,1095,http1_rust_nodelay_all_c16_keepalive_ms,1.797190
latency,4,1096,http1_rust_nodelay_all_c16_keepalive_ms,1.324442
latency,4,1097,http1_rust_nodelay_all_c16_keepalive_ms,1.770511
latency,4,1098,http1_rust_nodelay_all_c16_keepalive_ms,1.774250
latency,4,1099,http1_rust_nodelay_all_c16_keepalive_ms,1.726349
latency,4,1100,http1_rust_nodelay_all_c16_keepalive_ms,1.897713
latency,4,1101,http1_rust_nodelay_all_c16_keepalive_ms,1.349263
latency,4,1102,http1_rust_nodelay_all_c16_keepalive_ms,1.376933
latency,4,1103,http1_rust_nodelay_all_c16_keepalive_ms,1.804211
latency,4,1104,http1_rust_nodelay_all_c16_keepalive_ms,1.801771
latency,4,1105,http1_rust_nodelay_all_c16_keepalive_ms,1.756099
latency,4,1106,http1_rust_nodelay_all_c16_keepalive_ms,1.434084
latency,4,1107,http1_rust_nodelay_all_c16_keepalive_ms,1.796851
latency,4,1108,http1_rust_nodelay_all_c16_keepalive_ms,1.879792
latency,4,1109,http1_rust_nodelay_all_c16_keepalive_ms,1.729200
latency,4,1110,http1_rust_nodelay_all_c16_keepalive_ms,1.863011
latency,4,1111,http1_rust_nodelay_all_c16_keepalive_ms,1.515966
latency,4,1112,http1_rust_nodelay_all_c16_keepalive_ms,1.728310
latency,4,1113,http1_rust_nodelay_all_c16_keepalive_ms,1.350443
latency,4,1114,http1_rust_nodelay_all_c16_keepalive_ms,1.373433
latency,4,1115,http1_rust_nodelay_all_c16_keepalive_ms,1.724989
latency,4,1116,http1_rust_nodelay_all_c16_keepalive_ms,1.424374
latency,4,1117,http1_rust_nodelay_all_c16_keepalive_ms,2.005335
latency,4,1118,http1_rust_nodelay_all_c16_keepalive_ms,2.352040
latency,4,1119,http1_rust_nodelay_all_c16_keepalive_ms,1.768610
latency,4,320,http1_rust_nodelay_all_c16_keepalive_ms,1.976924
latency,4,321,http1_rust_nodelay_all_c16_keepalive_ms,2.032904
latency,4,322,http1_rust_nodelay_all_c16_keepalive_ms,1.933783
latency,4,323,http1_rust_nodelay_all_c16_keepalive_ms,1.851462
latency,4,324,http1_rust_nodelay_all_c16_keepalive_ms,1.848861
latency,4,325,http1_rust_nodelay_all_c16_keepalive_ms,1.706419
latency,4,326,http1_rust_nodelay_all_c16_keepalive_ms,1.442855
latency,4,327,http1_rust_nodelay_all_c16_keepalive_ms,1.759140
latency,4,328,http1_rust_nodelay_all_c16_keepalive_ms,1.776590
latency,4,329,http1_rust_nodelay_all_c16_keepalive_ms,1.315243
latency,4,330,http1_rust_nodelay_all_c16_keepalive_ms,1.338062
latency,4,331,http1_rust_nodelay_all_c16_keepalive_ms,1.385864
latency,4,332,http1_rust_nodelay_all_c16_keepalive_ms,1.812701
latency,4,333,http1_rust_nodelay_all_c16_keepalive_ms,1.371483
latency,4,334,http1_rust_nodelay_all_c16_keepalive_ms,1.826061
latency,4,335,http1_rust_nodelay_all_c16_keepalive_ms,1.747640
latency,4,336,http1_rust_nodelay_all_c16_keepalive_ms,1.746400
latency,4,337,http1_rust_nodelay_all_c16_keepalive_ms,1.904942
latency,4,338,http1_rust_nodelay_all_c16_keepalive_ms,1.785951
latency,4,339,http1_rust_nodelay_all_c16_keepalive_ms,1.404414
latency,4,340,http1_rust_nodelay_all_c16_keepalive_ms,1.813960
latency,4,341,http1_rust_nodelay_all_c16_keepalive_ms,1.421944
latency,4,342,http1_rust_nodelay_all_c16_keepalive_ms,1.698419
latency,4,343,http1_rust_nodelay_all_c16_keepalive_ms,1.462525
latency,4,344,http1_rust_nodelay_all_c16_keepalive_ms,1.876662
latency,4,345,http1_rust_nodelay_all_c16_keepalive_ms,1.321273
latency,4,346,http1_rust_nodelay_all_c16_keepalive_ms,1.807210
latency,4,347,http1_rust_nodelay_all_c16_keepalive_ms,1.308233
latency,4,348,http1_rust_nodelay_all_c16_keepalive_ms,1.782210
latency,4,349,http1_rust_nodelay_all_c16_keepalive_ms,1.786181
latency,4,350,http1_rust_nodelay_all_c16_keepalive_ms,1.760180
latency,4,351,http1_rust_nodelay_all_c16_keepalive_ms,1.776489
latency,4,352,http1_rust_nodelay_all_c16_keepalive_ms,1.767571
latency,4,353,http1_rust_nodelay_all_c16_keepalive_ms,1.350943
latency,4,354,http1_rust_nodelay_all_c16_keepalive_ms,1.840051
latency,4,355,http1_rust_nodelay_all_c16_keepalive_ms,1.794331
latency,4,356,http1_rust_nodelay_all_c16_keepalive_ms,1.750679
latency,4,357,http1_rust_nodelay_all_c16_keepalive_ms,1.419245
latency,4,358,http1_rust_nodelay_all_c16_keepalive_ms,1.779560
latency,4,359,http1_rust_nodelay_all_c16_keepalive_ms,1.790410
latency,4,360,http1_rust_nodelay_all_c16_keepalive_ms,1.829821
latency,4,361,http1_rust_nodelay_all_c16_keepalive_ms,1.930393
latency,4,362,http1_rust_nodelay_all_c16_keepalive_ms,1.732980
latency,4,363,http1_rust_nodelay_all_c16_keepalive_ms,1.362053
latency,4,364,http1_rust_nodelay_all_c16_keepalive_ms,1.809111
latency,4,365,http1_rust_nodelay_all_c16_keepalive_ms,1.751170
latency,4,366,http1_rust_nodelay_all_c16_keepalive_ms,1.509395
latency,4,367,http1_rust_nodelay_all_c16_keepalive_ms,1.738450
latency,4,368,http1_rust_nodelay_all_c16_keepalive_ms,1.792880
latency,4,369,http1_rust_nodelay_all_c16_keepalive_ms,1.926723
latency,4,370,http1_rust_nodelay_all_c16_keepalive_ms,1.749030
latency,4,371,http1_rust_nodelay_all_c16_keepalive_ms,1.427044
latency,4,372,http1_rust_nodelay_all_c16_keepalive_ms,1.770220
latency,4,373,http1_rust_nodelay_all_c16_keepalive_ms,1.396754
latency,4,374,http1_rust_nodelay_all_c16_keepalive_ms,1.841531
latency,4,375,http1_rust_nodelay_all_c16_keepalive_ms,1.481676
latency,4,376,http1_rust_nodelay_all_c16_keepalive_ms,1.748739
latency,4,377,http1_rust_nodelay_all_c16_keepalive_ms,1.458325
latency,4,378,http1_rust_nodelay_all_c16_keepalive_ms,1.288742
latency,4,379,http1_rust_nodelay_all_c16_keepalive_ms,1.877282
latency,4,380,http1_rust_nodelay_all_c16_keepalive_ms,1.403434
latency,4,381,http1_rust_nodelay_all_c16_keepalive_ms,1.721789
latency,4,382,http1_rust_nodelay_all_c16_keepalive_ms,1.802871
latency,4,383,http1_rust_nodelay_all_c16_keepalive_ms,1.987084
latency,4,384,http1_rust_nodelay_all_c16_keepalive_ms,1.720689
latency,4,385,http1_rust_nodelay_all_c16_keepalive_ms,1.784150
latency,4,386,http1_rust_nodelay_all_c16_keepalive_ms,10.027011
latency,4,387,http1_rust_nodelay_all_c16_keepalive_ms,1.798571
latency,4,388,http1_rust_nodelay_all_c16_keepalive_ms,1.553606
latency,4,389,http1_rust_nodelay_all_c16_keepalive_ms,1.796351
latency,4,390,http1_rust_nodelay_all_c16_keepalive_ms,1.691729
latency,4,391,http1_rust_nodelay_all_c16_keepalive_ms,1.811240
latency,4,392,http1_rust_nodelay_all_c16_keepalive_ms,1.730600
latency,4,393,http1_rust_nodelay_all_c16_keepalive_ms,1.746600
latency,4,394,http1_rust_nodelay_all_c16_keepalive_ms,1.804120
latency,4,395,http1_rust_nodelay_all_c16_keepalive_ms,1.766040
latency,4,396,http1_rust_nodelay_all_c16_keepalive_ms,1.716829
latency,4,397,http1_rust_nodelay_all_c16_keepalive_ms,1.832872
latency,4,398,http1_rust_nodelay_all_c16_keepalive_ms,2.258558
latency,4,399,http1_rust_nodelay_all_c16_keepalive_ms,2.270179
latency,4,800,http1_rust_nodelay_all_c16_keepalive_ms,1.435864
latency,4,801,http1_rust_nodelay_all_c16_keepalive_ms,1.513486
latency,4,802,http1_rust_nodelay_all_c16_keepalive_ms,2.032204
latency,4,803,http1_rust_nodelay_all_c16_keepalive_ms,1.955194
latency,4,804,http1_rust_nodelay_all_c16_keepalive_ms,1.885782
latency,4,805,http1_rust_nodelay_all_c16_keepalive_ms,1.744209
latency,4,806,http1_rust_nodelay_all_c16_keepalive_ms,1.825192
latency,4,807,http1_rust_nodelay_all_c16_keepalive_ms,1.751569
latency,4,808,http1_rust_nodelay_all_c16_keepalive_ms,1.375444
latency,4,809,http1_rust_nodelay_all_c16_keepalive_ms,1.726589
latency,4,810,http1_rust_nodelay_all_c16_keepalive_ms,1.370244
latency,4,811,http1_rust_nodelay_all_c16_keepalive_ms,1.408853
latency,4,812,http1_rust_nodelay_all_c16_keepalive_ms,1.384234
latency,4,813,http1_rust_nodelay_all_c16_keepalive_ms,1.790290
latency,4,814,http1_rust_nodelay_all_c16_keepalive_ms,1.319673
latency,4,815,http1_rust_nodelay_all_c16_keepalive_ms,1.756930
latency,4,816,http1_rust_nodelay_all_c16_keepalive_ms,10.734842
latency,4,817,http1_rust_nodelay_all_c16_keepalive_ms,1.324423
latency,4,818,http1_rust_nodelay_all_c16_keepalive_ms,1.979354
latency,4,819,http1_rust_nodelay_all_c16_keepalive_ms,10.818624
latency,4,820,http1_rust_nodelay_all_c16_keepalive_ms,1.422094
latency,4,821,http1_rust_nodelay_all_c16_keepalive_ms,1.382563
latency,4,822,http1_rust_nodelay_all_c16_keepalive_ms,1.729480
latency,4,823,http1_rust_nodelay_all_c16_keepalive_ms,1.770200
latency,4,824,http1_rust_nodelay_all_c16_keepalive_ms,1.825071
latency,4,825,http1_rust_nodelay_all_c16_keepalive_ms,1.713229
latency,4,826,http1_rust_nodelay_all_c16_keepalive_ms,1.818161
latency,4,827,http1_rust_nodelay_all_c16_keepalive_ms,1.810311
latency,4,828,http1_rust_nodelay_all_c16_keepalive_ms,1.822321
latency,4,829,http1_rust_nodelay_all_c16_keepalive_ms,1.379874
latency,4,830,http1_rust_nodelay_all_c16_keepalive_ms,1.895002
latency,4,831,http1_rust_nodelay_all_c16_keepalive_ms,1.848171
latency,4,832,http1_rust_nodelay_all_c16_keepalive_ms,1.707539
latency,4,833,http1_rust_nodelay_all_c16_keepalive_ms,1.778421
latency,4,834,http1_rust_nodelay_all_c16_keepalive_ms,1.787570
latency,4,835,http1_rust_nodelay_all_c16_keepalive_ms,1.816701
latency,4,836,http1_rust_nodelay_all_c16_keepalive_ms,1.922503
latency,4,837,http1_rust_nodelay_all_c16_keepalive_ms,1.797801
latency,4,838,http1_rust_nodelay_all_c16_keepalive_ms,1.371883
latency,4,839,http1_rust_nodelay_all_c16_keepalive_ms,1.380183
latency,4,840,http1_rust_nodelay_all_c16_keepalive_ms,1.708209
latency,4,841,http1_rust_nodelay_all_c16_keepalive_ms,1.615908
latency,4,842,http1_rust_nodelay_all_c16_keepalive_ms,1.427364
latency,4,843,http1_rust_nodelay_all_c16_keepalive_ms,1.799981
latency,4,844,http1_rust_nodelay_all_c16_keepalive_ms,1.873502
latency,4,845,http1_rust_nodelay_all_c16_keepalive_ms,1.718759
latency,4,846,http1_rust_nodelay_all_c16_keepalive_ms,1.845541
latency,4,847,http1_rust_nodelay_all_c16_keepalive_ms,1.825692
latency,4,848,http1_rust_nodelay_all_c16_keepalive_ms,1.891552
latency,4,849,http1_rust_nodelay_all_c16_keepalive_ms,1.849201
latency,4,850,http1_rust_nodelay_all_c16_keepalive_ms,1.817761
latency,4,851,http1_rust_nodelay_all_c16_keepalive_ms,1.772190
latency,4,852,http1_rust_nodelay_all_c16_keepalive_ms,1.772440
latency,4,853,http1_rust_nodelay_all_c16_keepalive_ms,1.725950
latency,4,854,http1_rust_nodelay_all_c16_keepalive_ms,1.900132
latency,4,855,http1_rust_nodelay_all_c16_keepalive_ms,1.348073
latency,4,856,http1_rust_nodelay_all_c16_keepalive_ms,1.650238
latency,4,857,http1_rust_nodelay_all_c16_keepalive_ms,1.389634
latency,4,858,http1_rust_nodelay_all_c16_keepalive_ms,1.755250
latency,4,859,http1_rust_nodelay_all_c16_keepalive_ms,1.366493
latency,4,860,http1_rust_nodelay_all_c16_keepalive_ms,1.758820
latency,4,861,http1_rust_nodelay_all_c16_keepalive_ms,1.396873
latency,4,862,http1_rust_nodelay_all_c16_keepalive_ms,1.399494
latency,4,863,http1_rust_nodelay_all_c16_keepalive_ms,1.408244
latency,4,864,http1_rust_nodelay_all_c16_keepalive_ms,1.527356
latency,4,865,http1_rust_nodelay_all_c16_keepalive_ms,1.864902
latency,4,866,http1_rust_nodelay_all_c16_keepalive_ms,1.921753
latency,4,867,http1_rust_nodelay_all_c16_keepalive_ms,1.754220
latency,4,868,http1_rust_nodelay_all_c16_keepalive_ms,1.820501
latency,4,869,http1_rust_nodelay_all_c16_keepalive_ms,1.704439
latency,4,870,http1_rust_nodelay_all_c16_keepalive_ms,1.419934
latency,4,871,http1_rust_nodelay_all_c16_keepalive_ms,1.683648
latency,4,872,http1_rust_nodelay_all_c16_keepalive_ms,1.736410
latency,4,873,http1_rust_nodelay_all_c16_keepalive_ms,1.870822
latency,4,874,http1_rust_nodelay_all_c16_keepalive_ms,2.275579
latency,4,875,http1_rust_nodelay_all_c16_keepalive_ms,2.138376
latency,4,876,http1_rust_nodelay_all_c16_keepalive_ms,1.515316
latency,4,877,http1_rust_nodelay_all_c16_keepalive_ms,1.288532
latency,4,878,http1_rust_nodelay_all_c16_keepalive_ms,1.699649
latency,4,879,http1_rust_nodelay_all_c16_keepalive_ms,1.418854
latency,4,240,http1_rust_nodelay_all_c16_keepalive_ms,1.416514
latency,4,241,http1_rust_nodelay_all_c16_keepalive_ms,2.209747
latency,4,242,http1_rust_nodelay_all_c16_keepalive_ms,1.971794
latency,4,243,http1_rust_nodelay_all_c16_keepalive_ms,1.444274
latency,4,244,http1_rust_nodelay_all_c16_keepalive_ms,1.850762
latency,4,245,http1_rust_nodelay_all_c16_keepalive_ms,1.593337
latency,4,246,http1_rust_nodelay_all_c16_keepalive_ms,1.683539
latency,4,247,http1_rust_nodelay_all_c16_keepalive_ms,1.392733
latency,4,248,http1_rust_nodelay_all_c16_keepalive_ms,1.761150
latency,4,249,http1_rust_nodelay_all_c16_keepalive_ms,1.707620
latency,4,250,http1_rust_nodelay_all_c16_keepalive_ms,1.824451
latency,4,251,http1_rust_nodelay_all_c16_keepalive_ms,1.811650
latency,4,252,http1_rust_nodelay_all_c16_keepalive_ms,10.452928
latency,4,253,http1_rust_nodelay_all_c16_keepalive_ms,1.749490
latency,4,254,http1_rust_nodelay_all_c16_keepalive_ms,1.425994
latency,4,255,http1_rust_nodelay_all_c16_keepalive_ms,1.401714
latency,4,256,http1_rust_nodelay_all_c16_keepalive_ms,1.777760
latency,4,257,http1_rust_nodelay_all_c16_keepalive_ms,1.330503
latency,4,258,http1_rust_nodelay_all_c16_keepalive_ms,1.369573
latency,4,259,http1_rust_nodelay_all_c16_keepalive_ms,1.694119
latency,4,260,http1_rust_nodelay_all_c16_keepalive_ms,1.408664
latency,4,261,http1_rust_nodelay_all_c16_keepalive_ms,1.829651
latency,4,262,http1_rust_nodelay_all_c16_keepalive_ms,1.742080
latency,4,263,http1_rust_nodelay_all_c16_keepalive_ms,1.381614
latency,4,264,http1_rust_nodelay_all_c16_keepalive_ms,1.849971
latency,4,265,http1_rust_nodelay_all_c16_keepalive_ms,1.779960
latency,4,266,http1_rust_nodelay_all_c16_keepalive_ms,1.775210
latency,4,267,http1_rust_nodelay_all_c16_keepalive_ms,1.705899
latency,4,268,http1_rust_nodelay_all_c16_keepalive_ms,1.748870
latency,4,269,http1_rust_nodelay_all_c16_keepalive_ms,1.501326
latency,4,270,http1_rust_nodelay_all_c16_keepalive_ms,1.327962
latency,4,271,http1_rust_nodelay_all_c16_keepalive_ms,1.702019
latency,4,272,http1_rust_nodelay_all_c16_keepalive_ms,1.352623
latency,4,273,http1_rust_nodelay_all_c16_keepalive_ms,1.429905
latency,4,274,http1_rust_nodelay_all_c16_keepalive_ms,10.728452
latency,4,275,http1_rust_nodelay_all_c16_keepalive_ms,1.742340
latency,4,276,http1_rust_nodelay_all_c16_keepalive_ms,1.413304
latency,4,277,http1_rust_nodelay_all_c16_keepalive_ms,1.802831
latency,4,278,http1_rust_nodelay_all_c16_keepalive_ms,1.772050
latency,4,279,http1_rust_nodelay_all_c16_keepalive_ms,1.794551
latency,4,280,http1_rust_nodelay_all_c16_keepalive_ms,1.708599
latency,4,281,http1_rust_nodelay_all_c16_keepalive_ms,1.826030
latency,4,282,http1_rust_nodelay_all_c16_keepalive_ms,1.776931
latency,4,283,http1_rust_nodelay_all_c16_keepalive_ms,1.814901
latency,4,284,http1_rust_nodelay_all_c16_keepalive_ms,1.872252
latency,4,285,http1_rust_nodelay_all_c16_keepalive_ms,9.915238
latency,4,286,http1_rust_nodelay_all_c16_keepalive_ms,1.733640
latency,4,287,http1_rust_nodelay_all_c16_keepalive_ms,1.389253
latency,4,288,http1_rust_nodelay_all_c16_keepalive_ms,1.760890
latency,4,289,http1_rust_nodelay_all_c16_keepalive_ms,1.721220
latency,4,290,http1_rust_nodelay_all_c16_keepalive_ms,1.777180
latency,4,291,http1_rust_nodelay_all_c16_keepalive_ms,1.527836
latency,4,292,http1_rust_nodelay_all_c16_keepalive_ms,1.747400
latency,4,293,http1_rust_nodelay_all_c16_keepalive_ms,1.381893
latency,4,294,http1_rust_nodelay_all_c16_keepalive_ms,1.808061
latency,4,295,http1_rust_nodelay_all_c16_keepalive_ms,1.369063
latency,4,296,http1_rust_nodelay_all_c16_keepalive_ms,1.741560
latency,4,297,http1_rust_nodelay_all_c16_keepalive_ms,1.769120
latency,4,298,http1_rust_nodelay_all_c16_keepalive_ms,1.564007
latency,4,299,http1_rust_nodelay_all_c16_keepalive_ms,1.827091
latency,4,300,http1_rust_nodelay_all_c16_keepalive_ms,1.710199
latency,4,301,http1_rust_nodelay_all_c16_keepalive_ms,1.386364
latency,4,302,http1_rust_nodelay_all_c16_keepalive_ms,1.563106
latency,4,303,http1_rust_nodelay_all_c16_keepalive_ms,1.688079
latency,4,304,http1_rust_nodelay_all_c16_keepalive_ms,1.389614
latency,4,305,http1_rust_nodelay_all_c16_keepalive_ms,1.365153
latency,4,306,http1_rust_nodelay_all_c16_keepalive_ms,1.761070
latency,4,307,http1_rust_nodelay_all_c16_keepalive_ms,1.395823
latency,4,308,http1_rust_nodelay_all_c16_keepalive_ms,1.730920
latency,4,309,http1_rust_nodelay_all_c16_keepalive_ms,2.253588
latency,4,310,http1_rust_nodelay_all_c16_keepalive_ms,1.420794
latency,4,311,http1_rust_nodelay_all_c16_keepalive_ms,2.619165
latency,4,312,http1_rust_nodelay_all_c16_keepalive_ms,1.652238
latency,4,313,http1_rust_nodelay_all_c16_keepalive_ms,1.289192
latency,4,314,http1_rust_nodelay_all_c16_keepalive_ms,1.658859
latency,4,315,http1_rust_nodelay_all_c16_keepalive_ms,1.587967
latency,4,316,http1_rust_nodelay_all_c16_keepalive_ms,1.469154
latency,4,317,http1_rust_nodelay_all_c16_keepalive_ms,0.983607
latency,4,318,http1_rust_nodelay_all_c16_keepalive_ms,1.304112
latency,4,319,http1_rust_nodelay_all_c16_keepalive_ms,1.041028
latency,4,480,http1_rust_nodelay_all_c16_keepalive_ms,1.770331
latency,4,481,http1_rust_nodelay_all_c16_keepalive_ms,2.009763
latency,4,482,http1_rust_nodelay_all_c16_keepalive_ms,1.971474
latency,4,483,http1_rust_nodelay_all_c16_keepalive_ms,7.332245
latency,4,484,http1_rust_nodelay_all_c16_keepalive_ms,1.397234
latency,4,485,http1_rust_nodelay_all_c16_keepalive_ms,1.785070
latency,4,486,http1_rust_nodelay_all_c16_keepalive_ms,1.741600
latency,4,487,http1_rust_nodelay_all_c16_keepalive_ms,1.827811
latency,4,488,http1_rust_nodelay_all_c16_keepalive_ms,1.807160
latency,4,489,http1_rust_nodelay_all_c16_keepalive_ms,1.815651
latency,4,490,http1_rust_nodelay_all_c16_keepalive_ms,1.826822
latency,4,491,http1_rust_nodelay_all_c16_keepalive_ms,1.370513
latency,4,492,http1_rust_nodelay_all_c16_keepalive_ms,1.710449
latency,4,493,http1_rust_nodelay_all_c16_keepalive_ms,1.792761
latency,4,494,http1_rust_nodelay_all_c16_keepalive_ms,1.436784
latency,4,495,http1_rust_nodelay_all_c16_keepalive_ms,1.671559
latency,4,496,http1_rust_nodelay_all_c16_keepalive_ms,1.702549
latency,4,497,http1_rust_nodelay_all_c16_keepalive_ms,1.684038
latency,4,498,http1_rust_nodelay_all_c16_keepalive_ms,1.367543
latency,4,499,http1_rust_nodelay_all_c16_keepalive_ms,1.806371
latency,4,500,http1_rust_nodelay_all_c16_keepalive_ms,1.823641
latency,4,501,http1_rust_nodelay_all_c16_keepalive_ms,1.814101
latency,4,502,http1_rust_nodelay_all_c16_keepalive_ms,1.355153
latency,4,503,http1_rust_nodelay_all_c16_keepalive_ms,1.863192
latency,4,504,http1_rust_nodelay_all_c16_keepalive_ms,1.316512
latency,4,505,http1_rust_nodelay_all_c16_keepalive_ms,1.728660
latency,4,506,http1_rust_nodelay_all_c16_keepalive_ms,1.803191
latency,4,507,http1_rust_nodelay_all_c16_keepalive_ms,1.799310
latency,4,508,http1_rust_nodelay_all_c16_keepalive_ms,10.399117
latency,4,509,http1_rust_nodelay_all_c16_keepalive_ms,1.936753
latency,4,510,http1_rust_nodelay_all_c16_keepalive_ms,1.433685
latency,4,511,http1_rust_nodelay_all_c16_keepalive_ms,1.769799
latency,4,512,http1_rust_nodelay_all_c16_keepalive_ms,1.402354
latency,4,513,http1_rust_nodelay_all_c16_keepalive_ms,1.850642
latency,4,514,http1_rust_nodelay_all_c16_keepalive_ms,1.740959
latency,4,515,http1_rust_nodelay_all_c16_keepalive_ms,1.391184
latency,4,516,http1_rust_nodelay_all_c16_keepalive_ms,1.780850
latency,4,517,http1_rust_nodelay_all_c16_keepalive_ms,1.861372
latency,4,518,http1_rust_nodelay_all_c16_keepalive_ms,1.372654
latency,4,519,http1_rust_nodelay_all_c16_keepalive_ms,1.750659
latency,4,520,http1_rust_nodelay_all_c16_keepalive_ms,1.370704
latency,4,521,http1_rust_nodelay_all_c16_keepalive_ms,1.352963
latency,4,522,http1_rust_nodelay_all_c16_keepalive_ms,1.743839
latency,4,523,http1_rust_nodelay_all_c16_keepalive_ms,1.427624
latency,4,524,http1_rust_nodelay_all_c16_keepalive_ms,1.770471
latency,4,525,http1_rust_nodelay_all_c16_keepalive_ms,1.871302
latency,4,526,http1_rust_nodelay_all_c16_keepalive_ms,1.443684
latency,4,527,http1_rust_nodelay_all_c16_keepalive_ms,1.814051
latency,4,528,http1_rust_nodelay_all_c16_keepalive_ms,1.423094
latency,4,529,http1_rust_nodelay_all_c16_keepalive_ms,1.850542
latency,4,530,http1_rust_nodelay_all_c16_keepalive_ms,1.869562
latency,4,531,http1_rust_nodelay_all_c16_keepalive_ms,1.409164
latency,4,532,http1_rust_nodelay_all_c16_keepalive_ms,1.749839
latency,4,533,http1_rust_nodelay_all_c16_keepalive_ms,1.723350
latency,4,534,http1_rust_nodelay_all_c16_keepalive_ms,1.385073
latency,4,535,http1_rust_nodelay_all_c16_keepalive_ms,1.767440
latency,4,536,http1_rust_nodelay_all_c16_keepalive_ms,1.731680
latency,4,537,http1_rust_nodelay_all_c16_keepalive_ms,1.824641
latency,4,538,http1_rust_nodelay_all_c16_keepalive_ms,1.763010
latency,4,539,http1_rust_nodelay_all_c16_keepalive_ms,1.706039
latency,4,540,http1_rust_nodelay_all_c16_keepalive_ms,1.780210
latency,4,541,http1_rust_nodelay_all_c16_keepalive_ms,1.831301
latency,4,542,http1_rust_nodelay_all_c16_keepalive_ms,10.897656
latency,4,543,http1_rust_nodelay_all_c16_keepalive_ms,1.671118
latency,4,544,http1_rust_nodelay_all_c16_keepalive_ms,1.628358
latency,4,545,http1_rust_nodelay_all_c16_keepalive_ms,1.818181
latency,4,546,http1_rust_nodelay_all_c16_keepalive_ms,1.768970
latency,4,547,http1_rust_nodelay_all_c16_keepalive_ms,1.850261
latency,4,548,http1_rust_nodelay_all_c16_keepalive_ms,1.674259
latency,4,549,http1_rust_nodelay_all_c16_keepalive_ms,2.248418
latency,4,550,http1_rust_nodelay_all_c16_keepalive_ms,2.210188
latency,4,551,http1_rust_nodelay_all_c16_keepalive_ms,2.268329
latency,4,552,http1_rust_nodelay_all_c16_keepalive_ms,1.226911
latency,4,553,http1_rust_nodelay_all_c16_keepalive_ms,1.641828
latency,4,554,http1_rust_nodelay_all_c16_keepalive_ms,1.327352
latency,4,555,http1_rust_nodelay_all_c16_keepalive_ms,1.239831
latency,4,556,http1_rust_nodelay_all_c16_keepalive_ms,1.789730
latency,4,557,http1_rust_nodelay_all_c16_keepalive_ms,1.245462
latency,4,558,http1_rust_nodelay_all_c16_keepalive_ms,1.024537
latency,4,559,http1_rust_nodelay_all_c16_keepalive_ms,1.598947
latency,4,400,http1_rust_nodelay_all_c16_keepalive_ms,1.956084
latency,4,401,http1_rust_nodelay_all_c16_keepalive_ms,1.500895
latency,4,402,http1_rust_nodelay_all_c16_keepalive_ms,1.987504
latency,4,403,http1_rust_nodelay_all_c16_keepalive_ms,1.682238
latency,4,404,http1_rust_nodelay_all_c16_keepalive_ms,1.847922
latency,4,405,http1_rust_nodelay_all_c16_keepalive_ms,1.753690
latency,4,406,http1_rust_nodelay_all_c16_keepalive_ms,1.369923
latency,4,407,http1_rust_nodelay_all_c16_keepalive_ms,1.758810
latency,4,408,http1_rust_nodelay_all_c16_keepalive_ms,1.815431
latency,4,409,http1_rust_nodelay_all_c16_keepalive_ms,1.758800
latency,4,410,http1_rust_nodelay_all_c16_keepalive_ms,1.795210
latency,4,411,http1_rust_nodelay_all_c16_keepalive_ms,1.836061
latency,4,412,http1_rust_nodelay_all_c16_keepalive_ms,1.788381
latency,4,413,http1_rust_nodelay_all_c16_keepalive_ms,1.860982
latency,4,414,http1_rust_nodelay_all_c16_keepalive_ms,1.761450
latency,4,415,http1_rust_nodelay_all_c16_keepalive_ms,1.772260
latency,4,416,http1_rust_nodelay_all_c16_keepalive_ms,1.717689
latency,4,417,http1_rust_nodelay_all_c16_keepalive_ms,1.427944
latency,4,418,http1_rust_nodelay_all_c16_keepalive_ms,1.876922
latency,4,419,http1_rust_nodelay_all_c16_keepalive_ms,1.707730
latency,4,420,http1_rust_nodelay_all_c16_keepalive_ms,1.882481
latency,4,421,http1_rust_nodelay_all_c16_keepalive_ms,1.860632
latency,4,422,http1_rust_nodelay_all_c16_keepalive_ms,9.969240
latency,4,423,http1_rust_nodelay_all_c16_keepalive_ms,1.766990
latency,4,424,http1_rust_nodelay_all_c16_keepalive_ms,1.403244
latency,4,425,http1_rust_nodelay_all_c16_keepalive_ms,1.775590
latency,4,426,http1_rust_nodelay_all_c16_keepalive_ms,1.705969
latency,4,427,http1_rust_nodelay_all_c16_keepalive_ms,1.751550
latency,4,428,http1_rust_nodelay_all_c16_keepalive_ms,1.499395
latency,4,429,http1_rust_nodelay_all_c16_keepalive_ms,1.328583
latency,4,430,http1_rust_nodelay_all_c16_keepalive_ms,1.700889
latency,4,431,http1_rust_nodelay_all_c16_keepalive_ms,1.831881
latency,4,432,http1_rust_nodelay_all_c16_keepalive_ms,1.322833
latency,4,433,http1_rust_nodelay_all_c16_keepalive_ms,1.830061
latency,4,434,http1_rust_nodelay_all_c16_keepalive_ms,1.779750
latency,4,435,http1_rust_nodelay_all_c16_keepalive_ms,1.459745
latency,4,436,http1_rust_nodelay_all_c16_keepalive_ms,1.824651
latency,4,437,http1_rust_nodelay_all_c16_keepalive_ms,1.706099
latency,4,438,http1_rust_nodelay_all_c16_keepalive_ms,1.417024
latency,4,439,http1_rust_nodelay_all_c16_keepalive_ms,1.717669
latency,4,440,http1_rust_nodelay_all_c16_keepalive_ms,1.891353
latency,4,441,http1_rust_nodelay_all_c16_keepalive_ms,1.397333
latency,4,442,http1_rust_nodelay_all_c16_keepalive_ms,1.746330
latency,4,443,http1_rust_nodelay_all_c16_keepalive_ms,1.384474
latency,4,444,http1_rust_nodelay_all_c16_keepalive_ms,1.674658
latency,4,445,http1_rust_nodelay_all_c16_keepalive_ms,1.338353
latency,4,446,http1_rust_nodelay_all_c16_keepalive_ms,1.764590
latency,4,447,http1_rust_nodelay_all_c16_keepalive_ms,1.405894
latency,4,448,http1_rust_nodelay_all_c16_keepalive_ms,1.768270
latency,4,449,http1_rust_nodelay_all_c16_keepalive_ms,1.420224
latency,4,450,http1_rust_nodelay_all_c16_keepalive_ms,1.828861
latency,4,451,http1_rust_nodelay_all_c16_keepalive_ms,1.709359
latency,4,452,http1_rust_nodelay_all_c16_keepalive_ms,1.900113
latency,4,453,http1_rust_nodelay_all_c16_keepalive_ms,1.849781
latency,4,454,http1_rust_nodelay_all_c16_keepalive_ms,1.887262
latency,4,455,http1_rust_nodelay_all_c16_keepalive_ms,1.652628
latency,4,456,http1_rust_nodelay_all_c16_keepalive_ms,1.333463
latency,4,457,http1_rust_nodelay_all_c16_keepalive_ms,1.769840
latency,4,458,http1_rust_nodelay_all_c16_keepalive_ms,1.772640
latency,4,459,http1_rust_nodelay_all_c16_keepalive_ms,1.729480
latency,4,460,http1_rust_nodelay_all_c16_keepalive_ms,1.870062
latency,4,461,http1_rust_nodelay_all_c16_keepalive_ms,1.758260
latency,4,462,http1_rust_nodelay_all_c16_keepalive_ms,10.320795
latency,4,463,http1_rust_nodelay_all_c16_keepalive_ms,1.786081
latency,4,464,http1_rust_nodelay_all_c16_keepalive_ms,1.435844
latency,4,465,http1_rust_nodelay_all_c16_keepalive_ms,1.765530
latency,4,466,http1_rust_nodelay_all_c16_keepalive_ms,1.160590
latency,4,467,http1_rust_nodelay_all_c16_keepalive_ms,1.729259
latency,4,468,http1_rust_nodelay_all_c16_keepalive_ms,1.746630
latency,4,469,http1_rust_nodelay_all_c16_keepalive_ms,1.357133
latency,4,470,http1_rust_nodelay_all_c16_keepalive_ms,1.777890
latency,4,471,http1_rust_nodelay_all_c16_keepalive_ms,1.842372
latency,4,472,http1_rust_nodelay_all_c16_keepalive_ms,1.674308
latency,4,473,http1_rust_nodelay_all_c16_keepalive_ms,2.258089
latency,4,474,http1_rust_nodelay_all_c16_keepalive_ms,2.201197
latency,4,475,http1_rust_nodelay_all_c16_keepalive_ms,1.842542
latency,4,476,http1_rust_nodelay_all_c16_keepalive_ms,1.611777
latency,4,477,http1_rust_nodelay_all_c16_keepalive_ms,1.640608
latency,4,478,http1_rust_nodelay_all_c16_keepalive_ms,1.629398
latency,4,479,http1_rust_nodelay_all_c16_keepalive_ms,7.614259
latency,4,960,http1_rust_nodelay_all_c16_keepalive_ms,1.797690
latency,4,961,http1_rust_nodelay_all_c16_keepalive_ms,2.006244
latency,4,962,http1_rust_nodelay_all_c16_keepalive_ms,1.493315
latency,4,963,http1_rust_nodelay_all_c16_keepalive_ms,1.388334
latency,4,964,http1_rust_nodelay_all_c16_keepalive_ms,1.867032
latency,4,965,http1_rust_nodelay_all_c16_keepalive_ms,1.763490
latency,4,966,http1_rust_nodelay_all_c16_keepalive_ms,1.765610
latency,4,967,http1_rust_nodelay_all_c16_keepalive_ms,1.758600
latency,4,968,http1_rust_nodelay_all_c16_keepalive_ms,10.368726
latency,4,969,http1_rust_nodelay_all_c16_keepalive_ms,1.384744
latency,4,970,http1_rust_nodelay_all_c16_keepalive_ms,1.636488
latency,4,971,http1_rust_nodelay_all_c16_keepalive_ms,1.755030
latency,4,972,http1_rust_nodelay_all_c16_keepalive_ms,1.792910
latency,4,973,http1_rust_nodelay_all_c16_keepalive_ms,1.787231
latency,4,974,http1_rust_nodelay_all_c16_keepalive_ms,1.702089
latency,4,975,http1_rust_nodelay_all_c16_keepalive_ms,1.340532
latency,4,976,http1_rust_nodelay_all_c16_keepalive_ms,1.362723
latency,4,977,http1_rust_nodelay_all_c16_keepalive_ms,1.834512
latency,4,978,http1_rust_nodelay_all_c16_keepalive_ms,1.909702
latency,4,979,http1_rust_nodelay_all_c16_keepalive_ms,1.372244
latency,4,980,http1_rust_nodelay_all_c16_keepalive_ms,1.756240
latency,4,981,http1_rust_nodelay_all_c16_keepalive_ms,1.858601
latency,4,982,http1_rust_nodelay_all_c16_keepalive_ms,1.363214
latency,4,983,http1_rust_nodelay_all_c16_keepalive_ms,1.362093
latency,4,984,http1_rust_nodelay_all_c16_keepalive_ms,1.780350
latency,4,985,http1_rust_nodelay_all_c16_keepalive_ms,1.771680
latency,4,986,http1_rust_nodelay_all_c16_keepalive_ms,1.775490
latency,4,987,http1_rust_nodelay_all_c16_keepalive_ms,1.703839
latency,4,988,http1_rust_nodelay_all_c16_keepalive_ms,1.332573
latency,4,989,http1_rust_nodelay_all_c16_keepalive_ms,1.939693
latency,4,990,http1_rust_nodelay_all_c16_keepalive_ms,1.773570
latency,4,991,http1_rust_nodelay_all_c16_keepalive_ms,1.329363
latency,4,992,http1_rust_nodelay_all_c16_keepalive_ms,1.803481
latency,4,993,http1_rust_nodelay_all_c16_keepalive_ms,1.762820
latency,4,994,http1_rust_nodelay_all_c16_keepalive_ms,1.408974
latency,4,995,http1_rust_nodelay_all_c16_keepalive_ms,1.846881
latency,4,996,http1_rust_nodelay_all_c16_keepalive_ms,1.881812
latency,4,997,http1_rust_nodelay_all_c16_keepalive_ms,1.401074
latency,4,998,http1_rust_nodelay_all_c16_keepalive_ms,1.662938
latency,4,999,http1_rust_nodelay_all_c16_keepalive_ms,1.843311
latency,4,1000,http1_rust_nodelay_all_c16_keepalive_ms,1.381884
latency,4,1001,http1_rust_nodelay_all_c16_keepalive_ms,1.811301
latency,4,1002,http1_rust_nodelay_all_c16_keepalive_ms,1.773980
latency,4,1003,http1_rust_nodelay_all_c16_keepalive_ms,1.402884
latency,4,1004,http1_rust_nodelay_all_c16_keepalive_ms,1.786000
latency,4,1005,http1_rust_nodelay_all_c16_keepalive_ms,1.736270
latency,4,1006,http1_rust_nodelay_all_c16_keepalive_ms,1.320912
latency,4,1007,http1_rust_nodelay_all_c16_keepalive_ms,1.758760
latency,4,1008,http1_rust_nodelay_all_c16_keepalive_ms,1.751700
latency,4,1009,http1_rust_nodelay_all_c16_keepalive_ms,1.928193
latency,4,1010,http1_rust_nodelay_all_c16_keepalive_ms,1.846271
latency,4,1011,http1_rust_nodelay_all_c16_keepalive_ms,1.657649
latency,4,1012,http1_rust_nodelay_all_c16_keepalive_ms,1.858771
latency,4,1013,http1_rust_nodelay_all_c16_keepalive_ms,1.280092
latency,4,1014,http1_rust_nodelay_all_c16_keepalive_ms,1.535826
latency,4,1015,http1_rust_nodelay_all_c16_keepalive_ms,1.755760
latency,4,1016,http1_rust_nodelay_all_c16_keepalive_ms,1.436564
latency,4,1017,http1_rust_nodelay_all_c16_keepalive_ms,10.737013
latency,4,1018,http1_rust_nodelay_all_c16_keepalive_ms,1.819811
latency,4,1019,http1_rust_nodelay_all_c16_keepalive_ms,1.819531
latency,4,1020,http1_rust_nodelay_all_c16_keepalive_ms,1.360623
latency,4,1021,http1_rust_nodelay_all_c16_keepalive_ms,1.764500
latency,4,1022,http1_rust_nodelay_all_c16_keepalive_ms,1.830031
latency,4,1023,http1_rust_nodelay_all_c16_keepalive_ms,2.051535
latency,4,1024,http1_rust_nodelay_all_c16_keepalive_ms,10.359077
latency,4,1025,http1_rust_nodelay_all_c16_keepalive_ms,1.757899
latency,4,1026,http1_rust_nodelay_all_c16_keepalive_ms,1.940204
latency,4,1027,http1_rust_nodelay_all_c16_keepalive_ms,1.377013
latency,4,1028,http1_rust_nodelay_all_c16_keepalive_ms,2.255278
latency,4,1029,http1_rust_nodelay_all_c16_keepalive_ms,2.267009
latency,4,1030,http1_rust_nodelay_all_c16_keepalive_ms,2.136496
latency,4,1031,http1_rust_nodelay_all_c16_keepalive_ms,1.293483
latency,4,1032,http1_rust_nodelay_all_c16_keepalive_ms,1.630577
latency,4,1033,http1_rust_nodelay_all_c16_keepalive_ms,1.700629
latency,4,1034,http1_rust_nodelay_all_c16_keepalive_ms,1.109779
latency,4,1035,http1_rust_nodelay_all_c16_keepalive_ms,1.423014
latency,4,1036,http1_rust_nodelay_all_c16_keepalive_ms,1.241591
latency,4,1037,http1_rust_nodelay_all_c16_keepalive_ms,1.370854
latency,4,1038,http1_rust_nodelay_all_c16_keepalive_ms,1.784690
latency,4,1039,http1_rust_nodelay_all_c16_keepalive_ms,1.173810
latency,4,560,http1_rust_nodelay_all_c16_keepalive_ms,1.908193
latency,4,561,http1_rust_nodelay_all_c16_keepalive_ms,1.504115
latency,4,562,http1_rust_nodelay_all_c16_keepalive_ms,1.991914
latency,4,563,http1_rust_nodelay_all_c16_keepalive_ms,1.876432
latency,4,564,http1_rust_nodelay_all_c16_keepalive_ms,1.767810
latency,4,565,http1_rust_nodelay_all_c16_keepalive_ms,1.397054
latency,4,566,http1_rust_nodelay_all_c16_keepalive_ms,10.725452
latency,4,567,http1_rust_nodelay_all_c16_keepalive_ms,1.792751
latency,4,568,http1_rust_nodelay_all_c16_keepalive_ms,1.861071
latency,4,569,http1_rust_nodelay_all_c16_keepalive_ms,1.943363
latency,4,570,http1_rust_nodelay_all_c16_keepalive_ms,1.761770
latency,4,571,http1_rust_nodelay_all_c16_keepalive_ms,1.364494
latency,4,572,http1_rust_nodelay_all_c16_keepalive_ms,1.878912
latency,4,573,http1_rust_nodelay_all_c16_keepalive_ms,10.847224
latency,4,574,http1_rust_nodelay_all_c16_keepalive_ms,1.363884
latency,4,575,http1_rust_nodelay_all_c16_keepalive_ms,1.806470
latency,4,576,http1_rust_nodelay_all_c16_keepalive_ms,1.910683
latency,4,577,http1_rust_nodelay_all_c16_keepalive_ms,10.953586
latency,4,578,http1_rust_nodelay_all_c16_keepalive_ms,1.327083
latency,4,579,http1_rust_nodelay_all_c16_keepalive_ms,1.309552
latency,4,580,http1_rust_nodelay_all_c16_keepalive_ms,1.747670
latency,4,581,http1_rust_nodelay_all_c16_keepalive_ms,1.433104
latency,4,582,http1_rust_nodelay_all_c16_keepalive_ms,1.766670
latency,4,583,http1_rust_nodelay_all_c16_keepalive_ms,1.416115
latency,4,584,http1_rust_nodelay_all_c16_keepalive_ms,1.887801
latency,4,585,http1_rust_nodelay_all_c16_keepalive_ms,1.410494
latency,4,586,http1_rust_nodelay_all_c16_keepalive_ms,1.337663
latency,4,587,http1_rust_nodelay_all_c16_keepalive_ms,1.748780
latency,4,588,http1_rust_nodelay_all_c16_keepalive_ms,1.776920
latency,4,589,http1_rust_nodelay_all_c16_keepalive_ms,1.792971
latency,4,590,http1_rust_nodelay_all_c16_keepalive_ms,1.866292
latency,4,591,http1_rust_nodelay_all_c16_keepalive_ms,1.759080
latency,4,592,http1_rust_nodelay_all_c16_keepalive_ms,1.407464
latency,4,593,http1_rust_nodelay_all_c16_keepalive_ms,1.800330
latency,4,594,http1_rust_nodelay_all_c16_keepalive_ms,1.681979
latency,4,595,http1_rust_nodelay_all_c16_keepalive_ms,1.395303
latency,4,596,http1_rust_nodelay_all_c16_keepalive_ms,1.762400
latency,4,597,http1_rust_nodelay_all_c16_keepalive_ms,1.830382
latency,4,598,http1_rust_nodelay_all_c16_keepalive_ms,1.907942
latency,4,599,http1_rust_nodelay_all_c16_keepalive_ms,1.944803
latency,4,600,http1_rust_nodelay_all_c16_keepalive_ms,1.424135
latency,4,601,http1_rust_nodelay_all_c16_keepalive_ms,1.858751
latency,4,602,http1_rust_nodelay_all_c16_keepalive_ms,1.868652
latency,4,603,http1_rust_nodelay_all_c16_keepalive_ms,1.424474
latency,4,604,http1_rust_nodelay_all_c16_keepalive_ms,1.801611
latency,4,605,http1_rust_nodelay_all_c16_keepalive_ms,1.349473
latency,4,606,http1_rust_nodelay_all_c16_keepalive_ms,1.367773
latency,4,607,http1_rust_nodelay_all_c16_keepalive_ms,1.698989
latency,4,608,http1_rust_nodelay_all_c16_keepalive_ms,1.779050
latency,4,609,http1_rust_nodelay_all_c16_keepalive_ms,1.799261
latency,4,610,http1_rust_nodelay_all_c16_keepalive_ms,1.784550
latency,4,611,http1_rust_nodelay_all_c16_keepalive_ms,1.342733
latency,4,612,http1_rust_nodelay_all_c16_keepalive_ms,1.803411
latency,4,613,http1_rust_nodelay_all_c16_keepalive_ms,1.800811
latency,4,614,http1_rust_nodelay_all_c16_keepalive_ms,1.404513
latency,4,615,http1_rust_nodelay_all_c16_keepalive_ms,1.795471
latency,4,616,http1_rust_nodelay_all_c16_keepalive_ms,1.786280
latency,4,617,http1_rust_nodelay_all_c16_keepalive_ms,1.488676
latency,4,618,http1_rust_nodelay_all_c16_keepalive_ms,1.794270
latency,4,619,http1_rust_nodelay_all_c16_keepalive_ms,1.690569
latency,4,620,http1_rust_nodelay_all_c16_keepalive_ms,1.492195
latency,4,621,http1_rust_nodelay_all_c16_keepalive_ms,1.670049
latency,4,622,http1_rust_nodelay_all_c16_keepalive_ms,1.701289
latency,4,623,http1_rust_nodelay_all_c16_keepalive_ms,1.372323
latency,4,624,http1_rust_nodelay_all_c16_keepalive_ms,1.754970
latency,4,625,http1_rust_nodelay_all_c16_keepalive_ms,1.799060
latency,4,626,http1_rust_nodelay_all_c16_keepalive_ms,1.737570
latency,4,627,http1_rust_nodelay_all_c16_keepalive_ms,2.734257
latency,4,628,http1_rust_nodelay_all_c16_keepalive_ms,1.387823
latency,4,629,http1_rust_nodelay_all_c16_keepalive_ms,2.262609
latency,4,630,http1_rust_nodelay_all_c16_keepalive_ms,5.694787
latency,4,631,http1_rust_nodelay_all_c16_keepalive_ms,1.798170
latency,4,632,http1_rust_nodelay_all_c16_keepalive_ms,1.307022
latency,4,633,http1_rust_nodelay_all_c16_keepalive_ms,1.290912
latency,4,634,http1_rust_nodelay_all_c16_keepalive_ms,1.422735
latency,4,635,http1_rust_nodelay_all_c16_keepalive_ms,1.411124
latency,4,636,http1_rust_nodelay_all_c16_keepalive_ms,0.931336
latency,4,637,http1_rust_nodelay_all_c16_keepalive_ms,0.866964
latency,4,638,http1_rust_nodelay_all_c16_keepalive_ms,1.572687
latency,4,639,http1_rust_nodelay_all_c16_keepalive_ms,0.594190
latency,4,1120,http1_rust_nodelay_all_c16_keepalive_ms,2.071206
latency,4,1121,http1_rust_nodelay_all_c16_keepalive_ms,2.048104
latency,4,1122,http1_rust_nodelay_all_c16_keepalive_ms,1.936333
latency,4,1123,http1_rust_nodelay_all_c16_keepalive_ms,1.852192
latency,4,1124,http1_rust_nodelay_all_c16_keepalive_ms,1.849351
latency,4,1125,http1_rust_nodelay_all_c16_keepalive_ms,1.706869
latency,4,1126,http1_rust_nodelay_all_c16_keepalive_ms,1.442055
latency,4,1127,http1_rust_nodelay_all_c16_keepalive_ms,1.757110
latency,4,1128,http1_rust_nodelay_all_c16_keepalive_ms,1.800511
latency,4,1129,http1_rust_nodelay_all_c16_keepalive_ms,1.686288
latency,4,1130,http1_rust_nodelay_all_c16_keepalive_ms,10.356516
latency,4,1131,http1_rust_nodelay_all_c16_keepalive_ms,1.889923
latency,4,1132,http1_rust_nodelay_all_c16_keepalive_ms,1.840301
latency,4,1133,http1_rust_nodelay_all_c16_keepalive_ms,1.345093
latency,4,1134,http1_rust_nodelay_all_c16_keepalive_ms,1.779600
latency,4,1135,http1_rust_nodelay_all_c16_keepalive_ms,1.928603
latency,4,1136,http1_rust_nodelay_all_c16_keepalive_ms,1.697819
latency,4,1137,http1_rust_nodelay_all_c16_keepalive_ms,1.461525
latency,4,1138,http1_rust_nodelay_all_c16_keepalive_ms,1.877812
latency,4,1139,http1_rust_nodelay_all_c16_keepalive_ms,1.779270
latency,4,1140,http1_rust_nodelay_all_c16_keepalive_ms,1.406394
latency,4,1141,http1_rust_nodelay_all_c16_keepalive_ms,1.746230
latency,4,1142,http1_rust_nodelay_all_c16_keepalive_ms,1.719829
latency,4,1143,http1_rust_nodelay_all_c16_keepalive_ms,1.400204
latency,4,1144,http1_rust_nodelay_all_c16_keepalive_ms,1.713809
latency,4,1145,http1_rust_nodelay_all_c16_keepalive_ms,1.344983
latency,4,1146,http1_rust_nodelay_all_c16_keepalive_ms,1.794970
latency,4,1147,http1_rust_nodelay_all_c16_keepalive_ms,1.307502
latency,4,1148,http1_rust_nodelay_all_c16_keepalive_ms,1.839672
latency,4,1149,http1_rust_nodelay_all_c16_keepalive_ms,1.805391
latency,4,1150,http1_rust_nodelay_all_c16_keepalive_ms,1.752649
latency,4,1151,http1_rust_nodelay_all_c16_keepalive_ms,1.420305
latency,4,1152,http1_rust_nodelay_all_c16_keepalive_ms,1.774400
latency,4,1153,http1_rust_nodelay_all_c16_keepalive_ms,1.781510
latency,4,1154,http1_rust_nodelay_all_c16_keepalive_ms,1.848922
latency,4,1155,http1_rust_nodelay_all_c16_keepalive_ms,9.553962
latency,4,1156,http1_rust_nodelay_all_c16_keepalive_ms,1.805931
latency,4,1157,http1_rust_nodelay_all_c16_keepalive_ms,1.772130
latency,4,1158,http1_rust_nodelay_all_c16_keepalive_ms,1.785151
latency,4,1159,http1_rust_nodelay_all_c16_keepalive_ms,1.738109
latency,4,1160,http1_rust_nodelay_all_c16_keepalive_ms,8.811720
latency,4,1161,http1_rust_nodelay_all_c16_keepalive_ms,1.690499
latency,4,1162,http1_rust_nodelay_all_c16_keepalive_ms,1.897232
latency,4,1163,http1_rust_nodelay_all_c16_keepalive_ms,1.849622
latency,4,1164,http1_rust_nodelay_all_c16_keepalive_ms,1.405404
latency,4,1165,http1_rust_nodelay_all_c16_keepalive_ms,1.813660
latency,4,1166,http1_rust_nodelay_all_c16_keepalive_ms,1.295952
latency,4,1167,http1_rust_nodelay_all_c16_keepalive_ms,1.783841
latency,4,1168,http1_rust_nodelay_all_c16_keepalive_ms,1.341633
latency,4,1169,http1_rust_nodelay_all_c16_keepalive_ms,1.628927
latency,4,1170,http1_rust_nodelay_all_c16_keepalive_ms,1.392224
latency,4,1171,http1_rust_nodelay_all_c16_keepalive_ms,1.467865
latency,4,1172,http1_rust_nodelay_all_c16_keepalive_ms,1.723739
latency,4,1173,http1_rust_nodelay_all_c16_keepalive_ms,1.402794
latency,4,1174,http1_rust_nodelay_all_c16_keepalive_ms,1.780481
latency,4,1175,http1_rust_nodelay_all_c16_keepalive_ms,1.829711
latency,4,1176,http1_rust_nodelay_all_c16_keepalive_ms,1.348462
latency,4,1177,http1_rust_nodelay_all_c16_keepalive_ms,1.893413
latency,4,1178,http1_rust_nodelay_all_c16_keepalive_ms,1.895612
latency,4,1179,http1_rust_nodelay_all_c16_keepalive_ms,1.354963
latency,4,1180,http1_rust_nodelay_all_c16_keepalive_ms,1.447865
latency,4,1181,http1_rust_nodelay_all_c16_keepalive_ms,1.335523
latency,4,1182,http1_rust_nodelay_all_c16_keepalive_ms,2.001374
latency,4,1183,http1_rust_nodelay_all_c16_keepalive_ms,1.284912
latency,4,1184,http1_rust_nodelay_all_c16_keepalive_ms,1.602007
latency,4,1185,http1_rust_nodelay_all_c16_keepalive_ms,1.377673
latency,4,1186,http1_rust_nodelay_all_c16_keepalive_ms,1.756740
latency,4,1187,http1_rust_nodelay_all_c16_keepalive_ms,1.420474
latency,4,1188,http1_rust_nodelay_all_c16_keepalive_ms,2.001204
latency,4,1189,http1_rust_nodelay_all_c16_keepalive_ms,1.365283
latency,4,1190,http1_rust_nodelay_all_c16_keepalive_ms,2.288469
latency,4,1191,http1_rust_nodelay_all_c16_keepalive_ms,1.837972
latency,4,1192,http1_rust_nodelay_all_c16_keepalive_ms,2.141036
latency,4,1193,http1_rust_nodelay_all_c16_keepalive_ms,1.612898
latency,4,1194,http1_rust_nodelay_all_c16_keepalive_ms,1.289502
latency,4,1195,http1_rust_nodelay_all_c16_keepalive_ms,12.433671
latency,4,1196,http1_rust_nodelay_all_c16_keepalive_ms,0.739633
latency,4,1197,http1_rust_nodelay_all_c16_keepalive_ms,0.564520
latency,4,1198,http1_rust_nodelay_all_c16_keepalive_ms,0.500238
latency,4,1199,http1_rust_nodelay_all_c16_keepalive_ms,0.492608
latency,4,80,http1_rust_nodelay_all_c16_keepalive_ms,1.393553
latency,4,81,http1_rust_nodelay_all_c16_keepalive_ms,2.210728
latency,4,82,http1_rust_nodelay_all_c16_keepalive_ms,1.971123
latency,4,83,http1_rust_nodelay_all_c16_keepalive_ms,1.748150
latency,4,84,http1_rust_nodelay_all_c16_keepalive_ms,10.829165
latency,4,85,http1_rust_nodelay_all_c16_keepalive_ms,1.367073
latency,4,86,http1_rust_nodelay_all_c16_keepalive_ms,1.762779
latency,4,87,http1_rust_nodelay_all_c16_keepalive_ms,0.972727
latency,4,88,http1_rust_nodelay_all_c16_keepalive_ms,1.733390
latency,4,89,http1_rust_nodelay_all_c16_keepalive_ms,1.730379
latency,4,90,http1_rust_nodelay_all_c16_keepalive_ms,1.772600
latency,4,91,http1_rust_nodelay_all_c16_keepalive_ms,1.767080
latency,4,92,http1_rust_nodelay_all_c16_keepalive_ms,10.787464
latency,4,93,http1_rust_nodelay_all_c16_keepalive_ms,1.336923
latency,4,94,http1_rust_nodelay_all_c16_keepalive_ms,1.839461
latency,4,95,http1_rust_nodelay_all_c16_keepalive_ms,1.828371
latency,4,96,http1_rust_nodelay_all_c16_keepalive_ms,1.748620
latency,4,97,http1_rust_nodelay_all_c16_keepalive_ms,1.786480
latency,4,98,http1_rust_nodelay_all_c16_keepalive_ms,1.349353
latency,4,99,http1_rust_nodelay_all_c16_keepalive_ms,1.704060
latency,4,100,http1_rust_nodelay_all_c16_keepalive_ms,1.324382
latency,4,101,http1_rust_nodelay_all_c16_keepalive_ms,1.396393
latency,4,102,http1_rust_nodelay_all_c16_keepalive_ms,1.728770
latency,4,103,http1_rust_nodelay_all_c16_keepalive_ms,1.787810
latency,4,104,http1_rust_nodelay_all_c16_keepalive_ms,1.832732
latency,4,105,http1_rust_nodelay_all_c16_keepalive_ms,1.844521
latency,4,106,http1_rust_nodelay_all_c16_keepalive_ms,11.035138
latency,4,107,http1_rust_nodelay_all_c16_keepalive_ms,1.776160
latency,4,108,http1_rust_nodelay_all_c16_keepalive_ms,1.720489
latency,4,109,http1_rust_nodelay_all_c16_keepalive_ms,1.811531
latency,4,110,http1_rust_nodelay_all_c16_keepalive_ms,1.502516
latency,4,111,http1_rust_nodelay_all_c16_keepalive_ms,1.709779
latency,4,112,http1_rust_nodelay_all_c16_keepalive_ms,1.849922
latency,4,113,http1_rust_nodelay_all_c16_keepalive_ms,1.425234
latency,4,114,http1_rust_nodelay_all_c16_keepalive_ms,1.684268
latency,4,115,http1_rust_nodelay_all_c16_keepalive_ms,1.394434
latency,4,116,http1_rust_nodelay_all_c16_keepalive_ms,1.762090
latency,4,117,http1_rust_nodelay_all_c16_keepalive_ms,1.830321
latency,4,118,http1_rust_nodelay_all_c16_keepalive_ms,1.438355
latency,4,119,http1_rust_nodelay_all_c16_keepalive_ms,2.083525
latency,4,120,http1_rust_nodelay_all_c16_keepalive_ms,1.366733
latency,4,121,http1_rust_nodelay_all_c16_keepalive_ms,1.750770
latency,4,122,http1_rust_nodelay_all_c16_keepalive_ms,1.849182
latency,4,123,http1_rust_nodelay_all_c16_keepalive_ms,1.887922
latency,4,124,http1_rust_nodelay_all_c16_keepalive_ms,1.799020
latency,4,125,http1_rust_nodelay_all_c16_keepalive_ms,1.781151
latency,4,126,http1_rust_nodelay_all_c16_keepalive_ms,1.736319
latency,4,127,http1_rust_nodelay_all_c16_keepalive_ms,10.401778
latency,4,128,http1_rust_nodelay_all_c16_keepalive_ms,1.441774
latency,4,129,http1_rust_nodelay_all_c16_keepalive_ms,1.779880
latency,4,130,http1_rust_nodelay_all_c16_keepalive_ms,1.841341
latency,4,131,http1_rust_nodelay_all_c16_keepalive_ms,1.973604
latency,4,132,http1_rust_nodelay_all_c16_keepalive_ms,1.845461
latency,4,133,http1_rust_nodelay_all_c16_keepalive_ms,1.659639
latency,4,134,http1_rust_nodelay_all_c16_keepalive_ms,1.961983
latency,4,135,http1_rust_nodelay_all_c16_keepalive_ms,1.729900
latency,4,136,http1_rust_nodelay_all_c16_keepalive_ms,1.741229
latency,4,137,http1_rust_nodelay_all_c16_keepalive_ms,1.788911
latency,4,138,http1_rust_nodelay_all_c16_keepalive_ms,1.366673
latency,4,139,http1_rust_nodelay_all_c16_keepalive_ms,1.771810
latency,4,140,http1_rust_nodelay_all_c16_keepalive_ms,1.282682
latency,4,141,http1_rust_nodelay_all_c16_keepalive_ms,1.355663
latency,4,142,http1_rust_nodelay_all_c16_keepalive_ms,2.285049
latency,4,143,http1_rust_nodelay_all_c16_keepalive_ms,2.613924
latency,4,144,http1_rust_nodelay_all_c16_keepalive_ms,1.700359
latency,4,145,http1_rust_nodelay_all_c16_keepalive_ms,1.266032
latency,4,146,http1_rust_nodelay_all_c16_keepalive_ms,1.674349
latency,4,147,http1_rust_nodelay_all_c16_keepalive_ms,1.627227
latency,4,148,http1_rust_nodelay_all_c16_keepalive_ms,1.428404
latency,4,149,http1_rust_nodelay_all_c16_keepalive_ms,1.062138
latency,4,150,http1_rust_nodelay_all_c16_keepalive_ms,1.247992
latency,4,151,http1_rust_nodelay_all_c16_keepalive_ms,1.795860
latency,4,152,http1_rust_nodelay_all_c16_keepalive_ms,1.415674
latency,4,153,http1_rust_nodelay_all_c16_keepalive_ms,1.134130
latency,4,154,http1_rust_nodelay_all_c16_keepalive_ms,0.665931
latency,4,155,http1_rust_nodelay_all_c16_keepalive_ms,1.569947
latency,4,156,http1_rust_nodelay_all_c16_keepalive_ms,0.595050
latency,4,157,http1_rust_nodelay_all_c16_keepalive_ms,0.709102
latency,4,158,http1_rust_nodelay_all_c16_keepalive_ms,0.498799
latency,4,159,http1_rust_nodelay_all_c16_keepalive_ms,0.497848
latency,4,880,http1_rust_nodelay_all_c16_keepalive_ms,1.996744
latency,4,881,http1_rust_nodelay_all_c16_keepalive_ms,2.033515
latency,4,882,http1_rust_nodelay_all_c16_keepalive_ms,1.934473
latency,4,883,http1_rust_nodelay_all_c16_keepalive_ms,1.851831
latency,4,884,http1_rust_nodelay_all_c16_keepalive_ms,1.848312
latency,4,885,http1_rust_nodelay_all_c16_keepalive_ms,1.707139
latency,4,886,http1_rust_nodelay_all_c16_keepalive_ms,1.442224
latency,4,887,http1_rust_nodelay_all_c16_keepalive_ms,1.758160
latency,4,888,http1_rust_nodelay_all_c16_keepalive_ms,1.682469
latency,4,889,http1_rust_nodelay_all_c16_keepalive_ms,1.314843
latency,4,890,http1_rust_nodelay_all_c16_keepalive_ms,1.817470
latency,4,891,http1_rust_nodelay_all_c16_keepalive_ms,1.852552
latency,4,892,http1_rust_nodelay_all_c16_keepalive_ms,1.377853
latency,4,893,http1_rust_nodelay_all_c16_keepalive_ms,1.803141
latency,4,894,http1_rust_nodelay_all_c16_keepalive_ms,1.824811
latency,4,895,http1_rust_nodelay_all_c16_keepalive_ms,1.708639
latency,4,896,http1_rust_nodelay_all_c16_keepalive_ms,1.804391
latency,4,897,http1_rust_nodelay_all_c16_keepalive_ms,1.875192
latency,4,898,http1_rust_nodelay_all_c16_keepalive_ms,1.387413
latency,4,899,http1_rust_nodelay_all_c16_keepalive_ms,1.730920
latency,4,900,http1_rust_nodelay_all_c16_keepalive_ms,1.379883
latency,4,901,http1_rust_nodelay_all_c16_keepalive_ms,10.367147
latency,4,902,http1_rust_nodelay_all_c16_keepalive_ms,1.769960
latency,4,903,http1_rust_nodelay_all_c16_keepalive_ms,1.852422
latency,4,904,http1_rust_nodelay_all_c16_keepalive_ms,1.778040
latency,4,905,http1_rust_nodelay_all_c16_keepalive_ms,1.774480
latency,4,906,http1_rust_nodelay_all_c16_keepalive_ms,1.704879
latency,4,907,http1_rust_nodelay_all_c16_keepalive_ms,1.749680
latency,4,908,http1_rust_nodelay_all_c16_keepalive_ms,9.030703
latency,4,909,http1_rust_nodelay_all_c16_keepalive_ms,1.826092
latency,4,910,http1_rust_nodelay_all_c16_keepalive_ms,1.457674
latency,4,911,http1_rust_nodelay_all_c16_keepalive_ms,1.418104
latency,4,912,http1_rust_nodelay_all_c16_keepalive_ms,10.803734
latency,4,913,http1_rust_nodelay_all_c16_keepalive_ms,2.015735
latency,4,914,http1_rust_nodelay_all_c16_keepalive_ms,1.723549
latency,4,915,http1_rust_nodelay_all_c16_keepalive_ms,1.827791
latency,4,916,http1_rust_nodelay_all_c16_keepalive_ms,1.776770
latency,4,917,http1_rust_nodelay_all_c16_keepalive_ms,1.814301
latency,4,918,http1_rust_nodelay_all_c16_keepalive_ms,1.871542
latency,4,919,http1_rust_nodelay_all_c16_keepalive_ms,4.977785
latency,4,920,http1_rust_nodelay_all_c16_keepalive_ms,1.851611
latency,4,921,http1_rust_nodelay_all_c16_keepalive_ms,1.887813
latency,4,922,http1_rust_nodelay_all_c16_keepalive_ms,1.798650
latency,4,923,http1_rust_nodelay_all_c16_keepalive_ms,1.779470
latency,4,924,http1_rust_nodelay_all_c16_keepalive_ms,1.738660
latency,4,925,http1_rust_nodelay_all_c16_keepalive_ms,1.840531
latency,4,926,http1_rust_nodelay_all_c16_keepalive_ms,1.745780
latency,4,927,http1_rust_nodelay_all_c16_keepalive_ms,1.108119
latency,4,928,http1_rust_nodelay_all_c16_keepalive_ms,1.936173
latency,4,929,http1_rust_nodelay_all_c16_keepalive_ms,1.748640
latency,4,930,http1_rust_nodelay_all_c16_keepalive_ms,1.451784
latency,4,931,http1_rust_nodelay_all_c16_keepalive_ms,1.370054
latency,4,932,http1_rust_nodelay_all_c16_keepalive_ms,1.757939
latency,4,933,http1_rust_nodelay_all_c16_keepalive_ms,1.395514
latency,4,934,http1_rust_nodelay_all_c16_keepalive_ms,1.341153
latency,4,935,http1_rust_nodelay_all_c16_keepalive_ms,1.955093
latency,4,936,http1_rust_nodelay_all_c16_keepalive_ms,1.877612
latency,4,937,http1_rust_nodelay_all_c16_keepalive_ms,1.694349
latency,4,938,http1_rust_nodelay_all_c16_keepalive_ms,1.657358
latency,4,939,http1_rust_nodelay_all_c16_keepalive_ms,1.671449
latency,4,940,http1_rust_nodelay_all_c16_keepalive_ms,10.534159
latency,4,941,http1_rust_nodelay_all_c16_keepalive_ms,1.354523
latency,4,942,http1_rust_nodelay_all_c16_keepalive_ms,2.621025
latency,4,943,http1_rust_nodelay_all_c16_keepalive_ms,1.327652
latency,4,944,http1_rust_nodelay_all_c16_keepalive_ms,1.614198
latency,4,945,http1_rust_nodelay_all_c16_keepalive_ms,1.664848
latency,4,946,http1_rust_nodelay_all_c16_keepalive_ms,0.925586
latency,4,947,http1_rust_nodelay_all_c16_keepalive_ms,1.418144
latency,4,948,http1_rust_nodelay_all_c16_keepalive_ms,1.730779
latency,4,949,http1_rust_nodelay_all_c16_keepalive_ms,1.260152
latency,4,950,http1_rust_nodelay_all_c16_keepalive_ms,1.050728
latency,4,951,http1_rust_nodelay_all_c16_keepalive_ms,1.791360
latency,4,952,http1_rust_nodelay_all_c16_keepalive_ms,0.950366
latency,4,953,http1_rust_nodelay_all_c16_keepalive_ms,0.970447
latency,4,954,http1_rust_nodelay_all_c16_keepalive_ms,0.609820
latency,4,955,http1_rust_nodelay_all_c16_keepalive_ms,1.535697
latency,4,956,http1_rust_nodelay_all_c16_keepalive_ms,0.626790
latency,4,957,http1_rust_nodelay_all_c16_keepalive_ms,0.488569
latency,4,958,http1_rust_nodelay_all_c16_keepalive_ms,0.507068
latency,4,959,http1_rust_nodelay_all_c16_keepalive_ms,0.601570
latency,4,1200,http1_rust_nodelay_all_c16_keepalive_ms,1.557017
latency,4,1201,http1_rust_nodelay_all_c16_keepalive_ms,1.511765
latency,4,1202,http1_rust_nodelay_all_c16_keepalive_ms,2.033595
latency,4,1203,http1_rust_nodelay_all_c16_keepalive_ms,1.531566
latency,4,1204,http1_rust_nodelay_all_c16_keepalive_ms,1.873592
latency,4,1205,http1_rust_nodelay_all_c16_keepalive_ms,1.856581
latency,4,1206,http1_rust_nodelay_all_c16_keepalive_ms,1.286772
latency,4,1207,http1_rust_nodelay_all_c16_keepalive_ms,1.789931
latency,4,1208,http1_rust_nodelay_all_c16_keepalive_ms,1.424704
latency,4,1209,http1_rust_nodelay_all_c16_keepalive_ms,1.728810
latency,4,1210,http1_rust_nodelay_all_c16_keepalive_ms,1.781360
latency,4,1211,http1_rust_nodelay_all_c16_keepalive_ms,1.816381
latency,4,1212,http1_rust_nodelay_all_c16_keepalive_ms,1.381873
latency,4,1213,http1_rust_nodelay_all_c16_keepalive_ms,1.788821
latency,4,1214,http1_rust_nodelay_all_c16_keepalive_ms,10.280415
latency,4,1215,http1_rust_nodelay_all_c16_keepalive_ms,1.778490
latency,4,1216,http1_rust_nodelay_all_c16_keepalive_ms,1.926683
latency,4,1217,http1_rust_nodelay_all_c16_keepalive_ms,1.344682
latency,4,1218,http1_rust_nodelay_all_c16_keepalive_ms,1.815991
latency,4,1219,http1_rust_nodelay_all_c16_keepalive_ms,1.878742
latency,4,1220,http1_rust_nodelay_all_c16_keepalive_ms,1.786771
latency,4,1221,http1_rust_nodelay_all_c16_keepalive_ms,1.399064
latency,4,1222,http1_rust_nodelay_all_c16_keepalive_ms,1.748150
latency,4,1223,http1_rust_nodelay_all_c16_keepalive_ms,1.721849
latency,4,1224,http1_rust_nodelay_all_c16_keepalive_ms,1.396154
latency,4,1225,http1_rust_nodelay_all_c16_keepalive_ms,1.714379
latency,4,1226,http1_rust_nodelay_all_c16_keepalive_ms,1.346362
latency,4,1227,http1_rust_nodelay_all_c16_keepalive_ms,1.750960
latency,4,1228,http1_rust_nodelay_all_c16_keepalive_ms,1.324343
latency,4,1229,http1_rust_nodelay_all_c16_keepalive_ms,1.841461
latency,4,1230,http1_rust_nodelay_all_c16_keepalive_ms,10.815624
latency,4,1231,http1_rust_nodelay_all_c16_keepalive_ms,1.899873
latency,4,1232,http1_rust_nodelay_all_c16_keepalive_ms,1.731159
latency,4,1233,http1_rust_nodelay_all_c16_keepalive_ms,1.368883
latency,4,1234,http1_rust_nodelay_all_c16_keepalive_ms,1.689919
latency,4,1235,http1_rust_nodelay_all_c16_keepalive_ms,1.366704
latency,4,1236,http1_rust_nodelay_all_c16_keepalive_ms,1.895342
latency,4,1237,http1_rust_nodelay_all_c16_keepalive_ms,1.333803
latency,4,1238,http1_rust_nodelay_all_c16_keepalive_ms,1.780220
latency,4,1239,http1_rust_nodelay_all_c16_keepalive_ms,1.783680
latency,4,1240,http1_rust_nodelay_all_c16_keepalive_ms,1.728410
latency,4,1241,http1_rust_nodelay_all_c16_keepalive_ms,1.381883
latency,4,1242,http1_rust_nodelay_all_c16_keepalive_ms,1.744240
latency,4,1243,http1_rust_nodelay_all_c16_keepalive_ms,1.359413
latency,4,1244,http1_rust_nodelay_all_c16_keepalive_ms,9.553713
latency,4,1245,http1_rust_nodelay_all_c16_keepalive_ms,1.769330
latency,4,1246,http1_rust_nodelay_all_c16_keepalive_ms,1.719459
latency,4,1247,http1_rust_nodelay_all_c16_keepalive_ms,1.780220
latency,4,1248,http1_rust_nodelay_all_c16_keepalive_ms,1.414044
latency,4,1249,http1_rust_nodelay_all_c16_keepalive_ms,1.752380
latency,4,1250,http1_rust_nodelay_all_c16_keepalive_ms,1.350263
latency,4,1251,http1_rust_nodelay_all_c16_keepalive_ms,1.286382
latency,4,1252,http1_rust_nodelay_all_c16_keepalive_ms,1.962713
latency,4,1253,http1_rust_nodelay_all_c16_keepalive_ms,1.756180
latency,4,1254,http1_rust_nodelay_all_c16_keepalive_ms,1.801421
latency,4,1255,http1_rust_nodelay_all_c16_keepalive_ms,1.371223
latency,4,1256,http1_rust_nodelay_all_c16_keepalive_ms,1.842611
latency,4,1257,http1_rust_nodelay_all_c16_keepalive_ms,1.777661
latency,4,1258,http1_rust_nodelay_all_c16_keepalive_ms,1.996104
latency,4,1259,http1_rust_nodelay_all_c16_keepalive_ms,1.860641
latency,4,1260,http1_rust_nodelay_all_c16_keepalive_ms,1.929303
latency,4,1261,http1_rust_nodelay_all_c16_keepalive_ms,1.421475
latency,4,1262,http1_rust_nodelay_all_c16_keepalive_ms,1.921222
latency,4,1263,http1_rust_nodelay_all_c16_keepalive_ms,1.380924
latency,4,1264,http1_rust_nodelay_all_c16_keepalive_ms,1.771710
latency,4,1265,http1_rust_nodelay_all_c16_keepalive_ms,1.805701
latency,4,1266,http1_rust_nodelay_all_c16_keepalive_ms,1.336672
latency,4,1267,http1_rust_nodelay_all_c16_keepalive_ms,10.763194
latency,4,1268,http1_rust_nodelay_all_c16_keepalive_ms,1.619467
latency,4,1269,http1_rust_nodelay_all_c16_keepalive_ms,1.305073
latency,4,1270,http1_rust_nodelay_all_c16_keepalive_ms,1.620647
latency,4,1271,http1_rust_nodelay_all_c16_keepalive_ms,1.793680
latency,4,1272,http1_rust_nodelay_all_c16_keepalive_ms,1.241951
latency,4,1273,http1_rust_nodelay_all_c16_keepalive_ms,11.261592
latency,4,1274,http1_rust_nodelay_all_c16_keepalive_ms,0.148273
latency,4,1275,http1_rust_nodelay_all_c16_keepalive_ms,0.131802
latency,4,1276,http1_rust_nodelay_all_c16_keepalive_ms,0.129372
latency,4,1277,http1_rust_nodelay_all_c16_keepalive_ms,0.142523
latency,4,1278,http1_rust_nodelay_all_c16_keepalive_ms,0.129452
latency,4,1279,http1_rust_nodelay_all_c16_keepalive_ms,0.142392
latency,4,640,http1_rust_nodelay_all_c16_keepalive_ms,1.822461
latency,4,641,http1_rust_nodelay_all_c16_keepalive_ms,2.001473
latency,4,642,http1_rust_nodelay_all_c16_keepalive_ms,1.528716
latency,4,643,http1_rust_nodelay_all_c16_keepalive_ms,1.872312
latency,4,644,http1_rust_nodelay_all_c16_keepalive_ms,1.838172
latency,4,645,http1_rust_nodelay_all_c16_keepalive_ms,1.375623
latency,4,646,http1_rust_nodelay_all_c16_keepalive_ms,1.721499
latency,4,647,http1_rust_nodelay_all_c16_keepalive_ms,1.758370
latency,4,648,http1_rust_nodelay_all_c16_keepalive_ms,1.821452
latency,4,649,http1_rust_nodelay_all_c16_keepalive_ms,1.751659
latency,4,650,http1_rust_nodelay_all_c16_keepalive_ms,1.581937
latency,4,651,http1_rust_nodelay_all_c16_keepalive_ms,1.385474
latency,4,652,http1_rust_nodelay_all_c16_keepalive_ms,1.682638
latency,4,653,http1_rust_nodelay_all_c16_keepalive_ms,1.787281
latency,4,654,http1_rust_nodelay_all_c16_keepalive_ms,1.818861
latency,4,655,http1_rust_nodelay_all_c16_keepalive_ms,1.772610
latency,4,656,http1_rust_nodelay_all_c16_keepalive_ms,1.766100
latency,4,657,http1_rust_nodelay_all_c16_keepalive_ms,1.800321
latency,4,658,http1_rust_nodelay_all_c16_keepalive_ms,1.405594
latency,4,659,http1_rust_nodelay_all_c16_keepalive_ms,1.835631
latency,4,660,http1_rust_nodelay_all_c16_keepalive_ms,1.757930
latency,4,661,http1_rust_nodelay_all_c16_keepalive_ms,1.422454
latency,4,662,http1_rust_nodelay_all_c16_keepalive_ms,1.810391
latency,4,663,http1_rust_nodelay_all_c16_keepalive_ms,1.840381
latency,4,664,http1_rust_nodelay_all_c16_keepalive_ms,1.435064
latency,4,665,http1_rust_nodelay_all_c16_keepalive_ms,1.771631
latency,4,666,http1_rust_nodelay_all_c16_keepalive_ms,1.771200
latency,4,667,http1_rust_nodelay_all_c16_keepalive_ms,1.739689
latency,4,668,http1_rust_nodelay_all_c16_keepalive_ms,1.373064
latency,4,669,http1_rust_nodelay_all_c16_keepalive_ms,1.752690
latency,4,670,http1_rust_nodelay_all_c16_keepalive_ms,1.762040
latency,4,671,http1_rust_nodelay_all_c16_keepalive_ms,1.812130
latency,4,672,http1_rust_nodelay_all_c16_keepalive_ms,1.368104
latency,4,673,http1_rust_nodelay_all_c16_keepalive_ms,1.747199
latency,4,674,http1_rust_nodelay_all_c16_keepalive_ms,1.852592
latency,4,675,http1_rust_nodelay_all_c16_keepalive_ms,1.345513
latency,4,676,http1_rust_nodelay_all_c16_keepalive_ms,1.773470
latency,4,677,http1_rust_nodelay_all_c16_keepalive_ms,1.857172
latency,4,678,http1_rust_nodelay_all_c16_keepalive_ms,1.714949
latency,4,679,http1_rust_nodelay_all_c16_keepalive_ms,1.857892
latency,4,680,http1_rust_nodelay_all_c16_keepalive_ms,1.863941
latency,4,681,http1_rust_nodelay_all_c16_keepalive_ms,1.398694
latency,4,682,http1_rust_nodelay_all_c16_keepalive_ms,1.357543
latency,4,683,http1_rust_nodelay_all_c16_keepalive_ms,1.769500
latency,4,684,http1_rust_nodelay_all_c16_keepalive_ms,1.547317
latency,4,685,http1_rust_nodelay_all_c16_keepalive_ms,1.411234
latency,4,686,http1_rust_nodelay_all_c16_keepalive_ms,1.846231
latency,4,687,http1_rust_nodelay_all_c16_keepalive_ms,1.738840
latency,4,688,http1_rust_nodelay_all_c16_keepalive_ms,1.790960
latency,4,689,http1_rust_nodelay_all_c16_keepalive_ms,10.387477
latency,4,690,http1_rust_nodelay_all_c16_keepalive_ms,1.716809
latency,4,691,http1_rust_nodelay_all_c16_keepalive_ms,1.834391
latency,4,692,http1_rust_nodelay_all_c16_keepalive_ms,12.649516
latency,4,693,http1_rust_nodelay_all_c16_keepalive_ms,1.865221
latency,4,694,http1_rust_nodelay_all_c16_keepalive_ms,1.519756
latency,4,695,http1_rust_nodelay_all_c16_keepalive_ms,1.754870
latency,4,696,http1_rust_nodelay_all_c16_keepalive_ms,1.801331
latency,4,697,http1_rust_nodelay_all_c16_keepalive_ms,1.802271
latency,4,698,http1_rust_nodelay_all_c16_keepalive_ms,1.790110
latency,4,699,http1_rust_nodelay_all_c16_keepalive_ms,1.894422
latency,4,700,http1_rust_nodelay_all_c16_keepalive_ms,10.818694
latency,4,701,http1_rust_nodelay_all_c16_keepalive_ms,1.378454
latency,4,702,http1_rust_nodelay_all_c16_keepalive_ms,1.658858
latency,4,703,http1_rust_nodelay_all_c16_keepalive_ms,1.763370
latency,4,704,http1_rust_nodelay_all_c16_keepalive_ms,1.548486
latency,4,705,http1_rust_nodelay_all_c16_keepalive_ms,1.811691
latency,4,706,http1_rust_nodelay_all_c16_keepalive_ms,2.283949
latency,4,707,http1_rust_nodelay_all_c16_keepalive_ms,2.616765
latency,4,708,http1_rust_nodelay_all_c16_keepalive_ms,1.385693
latency,4,709,http1_rust_nodelay_all_c16_keepalive_ms,1.613028
latency,4,710,http1_rust_nodelay_all_c16_keepalive_ms,1.501195
latency,4,711,http1_rust_nodelay_all_c16_keepalive_ms,1.630068
latency,4,712,http1_rust_nodelay_all_c16_keepalive_ms,1.428324
latency,4,713,http1_rust_nodelay_all_c16_keepalive_ms,1.310672
latency,4,714,http1_rust_nodelay_all_c16_keepalive_ms,1.351133
latency,4,715,http1_rust_nodelay_all_c16_keepalive_ms,1.637828
latency,4,716,http1_rust_nodelay_all_c16_keepalive_ms,1.162540
latency,4,717,http1_rust_nodelay_all_c16_keepalive_ms,1.168450
latency,4,718,http1_rust_nodelay_all_c16_keepalive_ms,0.731953
latency,4,719,http1_rust_nodelay_all_c16_keepalive_ms,6.804416
latency,4,0,http1_rust_nodelay_all_c16_keepalive_ms,1.935633
latency,4,1,http1_rust_nodelay_all_c16_keepalive_ms,1.499055
latency,4,2,http1_rust_nodelay_all_c16_keepalive_ms,1.989084
latency,4,3,http1_rust_nodelay_all_c16_keepalive_ms,2.073305
latency,4,4,http1_rust_nodelay_all_c16_keepalive_ms,1.851822
latency,4,5,http1_rust_nodelay_all_c16_keepalive_ms,1.706299
latency,4,6,http1_rust_nodelay_all_c16_keepalive_ms,1.860222
latency,4,7,http1_rust_nodelay_all_c16_keepalive_ms,1.755340
latency,4,8,http1_rust_nodelay_all_c16_keepalive_ms,1.373883
latency,4,9,http1_rust_nodelay_all_c16_keepalive_ms,1.952283
latency,4,10,http1_rust_nodelay_all_c16_keepalive_ms,1.766290
latency,4,11,http1_rust_nodelay_all_c16_keepalive_ms,1.810661
latency,4,12,http1_rust_nodelay_all_c16_keepalive_ms,1.813621
latency,4,13,http1_rust_nodelay_all_c16_keepalive_ms,1.829781
latency,4,14,http1_rust_nodelay_all_c16_keepalive_ms,1.722659
latency,4,15,http1_rust_nodelay_all_c16_keepalive_ms,1.358644
latency,4,16,http1_rust_nodelay_all_c16_keepalive_ms,1.361693
latency,4,17,http1_rust_nodelay_all_c16_keepalive_ms,1.781950
latency,4,18,http1_rust_nodelay_all_c16_keepalive_ms,1.366074
latency,4,19,http1_rust_nodelay_all_c16_keepalive_ms,1.798610
latency,4,20,http1_rust_nodelay_all_c16_keepalive_ms,1.390874
latency,4,21,http1_rust_nodelay_all_c16_keepalive_ms,1.807330
latency,4,22,http1_rust_nodelay_all_c16_keepalive_ms,1.900083
latency,4,23,http1_rust_nodelay_all_c16_keepalive_ms,1.769570
latency,4,24,http1_rust_nodelay_all_c16_keepalive_ms,1.423894
latency,4,25,http1_rust_nodelay_all_c16_keepalive_ms,1.803981
latency,4,26,http1_rust_nodelay_all_c16_keepalive_ms,10.409537
latency,4,27,http1_rust_nodelay_all_c16_keepalive_ms,1.690689
latency,4,28,http1_rust_nodelay_all_c16_keepalive_ms,1.452004
latency,4,29,http1_rust_nodelay_all_c16_keepalive_ms,1.816501
latency,4,30,http1_rust_nodelay_all_c16_keepalive_ms,1.753190
latency,4,31,http1_rust_nodelay_all_c16_keepalive_ms,1.802631
latency,4,32,http1_rust_nodelay_all_c16_keepalive_ms,1.766190
latency,4,33,http1_rust_nodelay_all_c16_keepalive_ms,1.406074
latency,4,34,http1_rust_nodelay_all_c16_keepalive_ms,1.847391
latency,4,35,http1_rust_nodelay_all_c16_keepalive_ms,1.883202
latency,4,36,http1_rust_nodelay_all_c16_keepalive_ms,1.400064
latency,4,37,http1_rust_nodelay_all_c16_keepalive_ms,1.663618
latency,4,38,http1_rust_nodelay_all_c16_keepalive_ms,1.413345
latency,4,39,http1_rust_nodelay_all_c16_keepalive_ms,1.640818
latency,4,40,http1_rust_nodelay_all_c16_keepalive_ms,1.898082
latency,4,41,http1_rust_nodelay_all_c16_keepalive_ms,1.786920
latency,4,42,http1_rust_nodelay_all_c16_keepalive_ms,10.400027
latency,4,43,http1_rust_nodelay_all_c16_keepalive_ms,1.881202
latency,4,44,http1_rust_nodelay_all_c16_keepalive_ms,1.415574
latency,4,45,http1_rust_nodelay_all_c16_keepalive_ms,1.674199
latency,4,46,http1_rust_nodelay_all_c16_keepalive_ms,1.368353
latency,4,47,http1_rust_nodelay_all_c16_keepalive_ms,1.818121
latency,4,48,http1_rust_nodelay_all_c16_keepalive_ms,1.868812
latency,4,49,http1_rust_nodelay_all_c16_keepalive_ms,10.412847
latency,4,50,http1_rust_nodelay_all_c16_keepalive_ms,1.503756
latency,4,51,http1_rust_nodelay_all_c16_keepalive_ms,1.296052
latency,4,52,http1_rust_nodelay_all_c16_keepalive_ms,1.799431
latency,4,53,http1_rust_nodelay_all_c16_keepalive_ms,1.834221
latency,4,54,http1_rust_nodelay_all_c16_keepalive_ms,1.890302
latency,4,55,http1_rust_nodelay_all_c16_keepalive_ms,1.794750
latency,4,56,http1_rust_nodelay_all_c16_keepalive_ms,1.786651
latency,4,57,http1_rust_nodelay_all_c16_keepalive_ms,1.071528
latency,4,58,http1_rust_nodelay_all_c16_keepalive_ms,1.409614
latency,4,59,http1_rust_nodelay_all_c16_keepalive_ms,1.824571
latency,4,60,http1_rust_nodelay_all_c16_keepalive_ms,1.388604
latency,4,61,http1_rust_nodelay_all_c16_keepalive_ms,10.617130
latency,4,62,http1_rust_nodelay_all_c16_keepalive_ms,2.194048
latency,4,63,http1_rust_nodelay_all_c16_keepalive_ms,1.901132
latency,4,64,http1_rust_nodelay_all_c16_keepalive_ms,2.619115
latency,4,65,http1_rust_nodelay_all_c16_keepalive_ms,1.322472
latency,4,66,http1_rust_nodelay_all_c16_keepalive_ms,1.598698
latency,4,67,http1_rust_nodelay_all_c16_keepalive_ms,1.668088
latency,4,68,http1_rust_nodelay_all_c16_keepalive_ms,1.313162
latency,4,69,http1_rust_nodelay_all_c16_keepalive_ms,1.907472
latency,4,70,http1_rust_nodelay_all_c16_keepalive_ms,1.308333
latency,4,71,http1_rust_nodelay_all_c16_keepalive_ms,1.347313
latency,4,72,http1_rust_nodelay_all_c16_keepalive_ms,1.461025
latency,4,73,http1_rust_nodelay_all_c16_keepalive_ms,1.318982
latency,4,74,http1_rust_nodelay_all_c16_keepalive_ms,8.942783
latency,4,75,http1_rust_nodelay_all_c16_keepalive_ms,0.144392
latency,4,76,http1_rust_nodelay_all_c16_keepalive_ms,0.135982
latency,4,77,http1_rust_nodelay_all_c16_keepalive_ms,0.130732
latency,4,78,http1_rust_nodelay_all_c16_keepalive_ms,0.129822
latency,4,79,http1_rust_nodelay_all_c16_keepalive_ms,0.147333
latency,4,720,http1_rust_nodelay_all_c16_keepalive_ms,1.846851
latency,4,721,http1_rust_nodelay_all_c16_keepalive_ms,13.789495
latency,4,722,http1_rust_nodelay_all_c16_keepalive_ms,1.758350
latency,4,723,http1_rust_nodelay_all_c16_keepalive_ms,1.794850
latency,4,724,http1_rust_nodelay_all_c16_keepalive_ms,1.738650
latency,4,725,http1_rust_nodelay_all_c16_keepalive_ms,1.424864
latency,4,726,http1_rust_nodelay_all_c16_keepalive_ms,1.730939
latency,4,727,http1_rust_nodelay_all_c16_keepalive_ms,1.376194
latency,4,728,http1_rust_nodelay_all_c16_keepalive_ms,1.353583
latency,4,729,http1_rust_nodelay_all_c16_keepalive_ms,1.761320
latency,4,730,http1_rust_nodelay_all_c16_keepalive_ms,1.370773
latency,4,731,http1_rust_nodelay_all_c16_keepalive_ms,1.817921
latency,4,732,http1_rust_nodelay_all_c16_keepalive_ms,1.821701
latency,4,733,http1_rust_nodelay_all_c16_keepalive_ms,1.778331
latency,4,734,http1_rust_nodelay_all_c16_keepalive_ms,1.927802
latency,4,735,http1_rust_nodelay_all_c16_keepalive_ms,1.342553
latency,4,736,http1_rust_nodelay_all_c16_keepalive_ms,1.817301
latency,4,737,http1_rust_nodelay_all_c16_keepalive_ms,1.878112
latency,4,738,http1_rust_nodelay_all_c16_keepalive_ms,1.780370
latency,4,739,http1_rust_nodelay_all_c16_keepalive_ms,1.405724
latency,4,740,http1_rust_nodelay_all_c16_keepalive_ms,1.748260
latency,4,741,http1_rust_nodelay_all_c16_keepalive_ms,1.720599
latency,4,742,http1_rust_nodelay_all_c16_keepalive_ms,1.397084
latency,4,743,http1_rust_nodelay_all_c16_keepalive_ms,1.713529
latency,4,744,http1_rust_nodelay_all_c16_keepalive_ms,1.348053
latency,4,745,http1_rust_nodelay_all_c16_keepalive_ms,1.320953
latency,4,746,http1_rust_nodelay_all_c16_keepalive_ms,1.804230
latency,4,747,http1_rust_nodelay_all_c16_keepalive_ms,1.841722
latency,4,748,http1_rust_nodelay_all_c16_keepalive_ms,1.831431
latency,4,749,http1_rust_nodelay_all_c16_keepalive_ms,1.786800
latency,4,750,http1_rust_nodelay_all_c16_keepalive_ms,1.791121
latency,4,751,http1_rust_nodelay_all_c16_keepalive_ms,1.781240
latency,4,752,http1_rust_nodelay_all_c16_keepalive_ms,1.788131
latency,4,753,http1_rust_nodelay_all_c16_keepalive_ms,1.397893
latency,4,754,http1_rust_nodelay_all_c16_keepalive_ms,1.924913
latency,4,755,http1_rust_nodelay_all_c16_keepalive_ms,1.834671
latency,4,756,http1_rust_nodelay_all_c16_keepalive_ms,1.699489
latency,4,757,http1_rust_nodelay_all_c16_keepalive_ms,10.361937
latency,4,758,http1_rust_nodelay_all_c16_keepalive_ms,1.742109
latency,4,759,http1_rust_nodelay_all_c16_keepalive_ms,1.792731
latency,4,760,http1_rust_nodelay_all_c16_keepalive_ms,1.849341
latency,4,761,http1_rust_nodelay_all_c16_keepalive_ms,1.800011
latency,4,762,http1_rust_nodelay_all_c16_keepalive_ms,1.489135
latency,4,763,http1_rust_nodelay_all_c16_keepalive_ms,1.848022
latency,4,764,http1_rust_nodelay_all_c16_keepalive_ms,1.786570
latency,4,765,http1_rust_nodelay_all_c16_keepalive_ms,1.392584
latency,4,766,http1_rust_nodelay_all_c16_keepalive_ms,1.482975
latency,4,767,http1_rust_nodelay_all_c16_keepalive_ms,6.356898
latency,4,768,http1_rust_nodelay_all_c16_keepalive_ms,1.297782
latency,4,769,http1_rust_nodelay_all_c16_keepalive_ms,1.711969
latency,4,770,http1_rust_nodelay_all_c16_keepalive_ms,1.337093
latency,4,771,http1_rust_nodelay_all_c16_keepalive_ms,1.900843
latency,4,772,http1_rust_nodelay_all_c16_keepalive_ms,1.767260
latency,4,773,http1_rust_nodelay_all_c16_keepalive_ms,1.789980
latency,4,774,http1_rust_nodelay_all_c16_keepalive_ms,10.615421
latency,4,775,http1_rust_nodelay_all_c16_keepalive_ms,1.756040
latency,4,776,http1_rust_nodelay_all_c16_keepalive_ms,1.241031
latency,4,777,http1_rust_nodelay_all_c16_keepalive_ms,1.670128
latency,4,778,http1_rust_nodelay_all_c16_keepalive_ms,1.340633
latency,4,779,http1_rust_nodelay_all_c16_keepalive_ms,1.733480
latency,4,780,http1_rust_nodelay_all_c16_keepalive_ms,10.383776
latency,4,781,http1_rust_nodelay_all_c16_keepalive_ms,2.144007
latency,4,782,http1_rust_nodelay_all_c16_keepalive_ms,1.612817
latency,4,783,http1_rust_nodelay_all_c16_keepalive_ms,1.290232
latency,4,784,http1_rust_nodelay_all_c16_keepalive_ms,5.473163
latency,4,785,http1_rust_nodelay_all_c16_keepalive_ms,1.329983
latency,4,786,http1_rust_nodelay_all_c16_keepalive_ms,1.701759
latency,4,787,http1_rust_nodelay_all_c16_keepalive_ms,1.235741
latency,4,788,http1_rust_nodelay_all_c16_keepalive_ms,0.814694
latency,4,789,http1_rust_nodelay_all_c16_keepalive_ms,0.623690
latency,4,790,http1_rust_nodelay_all_c16_keepalive_ms,1.563897
latency,4,791,http1_rust_nodelay_all_c16_keepalive_ms,0.743303
latency,4,792,http1_rust_nodelay_all_c16_keepalive_ms,0.492768
latency,4,793,http1_rust_nodelay_all_c16_keepalive_ms,0.505009
latency,4,794,http1_rust_nodelay_all_c16_keepalive_ms,0.564549
latency,4,795,http1_rust_nodelay_all_c16_keepalive_ms,0.360917
latency,4,796,http1_rust_nodelay_all_c16_keepalive_ms,4.479846
latency,4,797,http1_rust_nodelay_all_c16_keepalive_ms,0.232053
latency,4,798,http1_rust_nodelay_all_c16_keepalive_ms,0.215044
latency,4,799,http1_rust_nodelay_all_c16_keepalive_ms,0.214084
trial,4,1280,http1_rust_nodelay_all_c16_median_ms,1.751569
trial,4,1280,http1_rust_nodelay_all_c16_p95_ms,2.283949
trial,4,1280,http1_rust_nodelay_all_c16_requests_per_second,7500.161
trial,4,1280,http1_rust_nodelay_all_c16_wall_ms,170.663
summary,0,6400,http1_rust_nodelay_all_c16_keepalive_ms_median,1.706659
summary,0,6400,http1_rust_nodelay_all_c16_keepalive_ms_p95,2.268188
meta,0,10080,origin_requests_expected,10080
meta,0,10080,origin_requests_seen,10080
meta,0,10080,credentialed_origin_requests_seen,10080
