kind,trial,index,metric,value
meta,0,0,backend,hudsucker
meta,0,0,profile,release
meta,0,0,rustc,rustc 1.98.1 (48a229cea 2026-09-01)
meta,0,0,origin,python
meta,0,0,cpu_affinity,0
meta,0,0,tcp_nodelay,all
meta,0,0,concurrency_levels,1;4;16
latency,0,0,http1_python_nodelay_all_c1_keepalive_ms,0.270715
latency,0,1,http1_python_nodelay_all_c1_keepalive_ms,0.300965
latency,0,2,http1_python_nodelay_all_c1_keepalive_ms,0.291215
latency,0,3,http1_python_nodelay_all_c1_keepalive_ms,0.296345
latency,0,4,http1_python_nodelay_all_c1_keepalive_ms,0.291235
latency,0,5,http1_python_nodelay_all_c1_keepalive_ms,0.248204
latency,0,6,http1_python_nodelay_all_c1_keepalive_ms,0.298306
latency,0,7,http1_python_nodelay_all_c1_keepalive_ms,0.276914
latency,0,8,http1_python_nodelay_all_c1_keepalive_ms,0.296035
latency,0,9,http1_python_nodelay_all_c1_keepalive_ms,0.308576
latency,0,10,http1_python_nodelay_all_c1_keepalive_ms,0.295005
latency,0,11,http1_python_nodelay_all_c1_keepalive_ms,0.278074
latency,0,12,http1_python_nodelay_all_c1_keepalive_ms,0.289735
latency,0,13,http1_python_nodelay_all_c1_keepalive_ms,0.308506
latency,0,14,http1_python_nodelay_all_c1_keepalive_ms,0.272174
latency,0,15,http1_python_nodelay_all_c1_keepalive_ms,0.236484
latency,0,16,http1_python_nodelay_all_c1_keepalive_ms,0.306345
latency,0,17,http1_python_nodelay_all_c1_keepalive_ms,0.283815
latency,0,18,http1_python_nodelay_all_c1_keepalive_ms,0.259165
latency,0,19,http1_python_nodelay_all_c1_keepalive_ms,0.250604
latency,0,20,http1_python_nodelay_all_c1_keepalive_ms,0.321985
latency,0,21,http1_python_nodelay_all_c1_keepalive_ms,0.306626
latency,0,22,http1_python_nodelay_all_c1_keepalive_ms,0.244114
latency,0,23,http1_python_nodelay_all_c1_keepalive_ms,0.283445
latency,0,24,http1_python_nodelay_all_c1_keepalive_ms,0.253474
latency,0,25,http1_python_nodelay_all_c1_keepalive_ms,0.228844
latency,0,26,http1_python_nodelay_all_c1_keepalive_ms,0.213374
latency,0,27,http1_python_nodelay_all_c1_keepalive_ms,0.212583
latency,0,28,http1_python_nodelay_all_c1_keepalive_ms,0.226844
latency,0,29,http1_python_nodelay_all_c1_keepalive_ms,0.228574
latency,0,30,http1_python_nodelay_all_c1_keepalive_ms,0.211304
latency,0,31,http1_python_nodelay_all_c1_keepalive_ms,0.211003
latency,0,32,http1_python_nodelay_all_c1_keepalive_ms,0.217384
latency,0,33,http1_python_nodelay_all_c1_keepalive_ms,0.241954
latency,0,34,http1_python_nodelay_all_c1_keepalive_ms,0.226074
latency,0,35,http1_python_nodelay_all_c1_keepalive_ms,0.222944
latency,0,36,http1_python_nodelay_all_c1_keepalive_ms,0.223073
latency,0,37,http1_python_nodelay_all_c1_keepalive_ms,0.229674
latency,0,38,http1_python_nodelay_all_c1_keepalive_ms,0.229774
latency,0,39,http1_python_nodelay_all_c1_keepalive_ms,0.222234
latency,0,40,http1_python_nodelay_all_c1_keepalive_ms,0.222974
latency,0,41,http1_python_nodelay_all_c1_keepalive_ms,0.224204
latency,0,42,http1_python_nodelay_all_c1_keepalive_ms,0.236384
latency,0,43,http1_python_nodelay_all_c1_keepalive_ms,0.223794
latency,0,44,http1_python_nodelay_all_c1_keepalive_ms,0.221943
latency,0,45,http1_python_nodelay_all_c1_keepalive_ms,0.220854
latency,0,46,http1_python_nodelay_all_c1_keepalive_ms,0.227574
latency,0,47,http1_python_nodelay_all_c1_keepalive_ms,0.228494
latency,0,48,http1_python_nodelay_all_c1_keepalive_ms,0.220874
latency,0,49,http1_python_nodelay_all_c1_keepalive_ms,0.222343
latency,0,50,http1_python_nodelay_all_c1_keepalive_ms,0.221504
latency,0,51,http1_python_nodelay_all_c1_keepalive_ms,0.232264
latency,0,52,http1_python_nodelay_all_c1_keepalive_ms,0.223654
latency,0,53,http1_python_nodelay_all_c1_keepalive_ms,0.222624
latency,0,54,http1_python_nodelay_all_c1_keepalive_ms,0.219443
latency,0,55,http1_python_nodelay_all_c1_keepalive_ms,0.227154
latency,0,56,http1_python_nodelay_all_c1_keepalive_ms,0.228744
latency,0,57,http1_python_nodelay_all_c1_keepalive_ms,0.221624
latency,0,58,http1_python_nodelay_all_c1_keepalive_ms,0.219374
latency,0,59,http1_python_nodelay_all_c1_keepalive_ms,0.218023
latency,0,60,http1_python_nodelay_all_c1_keepalive_ms,0.235434
latency,0,61,http1_python_nodelay_all_c1_keepalive_ms,0.222704
latency,0,62,http1_python_nodelay_all_c1_keepalive_ms,0.221584
latency,0,63,http1_python_nodelay_all_c1_keepalive_ms,0.217983
latency,0,64,http1_python_nodelay_all_c1_keepalive_ms,0.227464
latency,0,65,http1_python_nodelay_all_c1_keepalive_ms,0.229974
latency,0,66,http1_python_nodelay_all_c1_keepalive_ms,0.226744
latency,0,67,http1_python_nodelay_all_c1_keepalive_ms,0.220454
latency,0,68,http1_python_nodelay_all_c1_keepalive_ms,0.220504
latency,0,69,http1_python_nodelay_all_c1_keepalive_ms,0.243034
latency,0,70,http1_python_nodelay_all_c1_keepalive_ms,0.222353
latency,0,71,http1_python_nodelay_all_c1_keepalive_ms,0.220174
latency,0,72,http1_python_nodelay_all_c1_keepalive_ms,0.218344
latency,0,73,http1_python_nodelay_all_c1_keepalive_ms,0.228124
latency,0,74,http1_python_nodelay_all_c1_keepalive_ms,0.229154
latency,0,75,http1_python_nodelay_all_c1_keepalive_ms,0.220854
latency,0,76,http1_python_nodelay_all_c1_keepalive_ms,0.221473
latency,0,77,http1_python_nodelay_all_c1_keepalive_ms,0.229184
latency,0,78,http1_python_nodelay_all_c1_keepalive_ms,0.232394
latency,0,79,http1_python_nodelay_all_c1_keepalive_ms,0.222084
trial,0,80,http1_python_nodelay_all_c1_median_ms,0.228124
trial,0,80,http1_python_nodelay_all_c1_p95_ms,0.306345
trial,0,80,http1_python_nodelay_all_c1_requests_per_second,4044.827
trial,0,80,http1_python_nodelay_all_c1_wall_ms,19.778
latency,1,0,http1_python_nodelay_all_c1_keepalive_ms,0.307635
latency,1,1,http1_python_nodelay_all_c1_keepalive_ms,0.289195
latency,1,2,http1_python_nodelay_all_c1_keepalive_ms,0.318906
latency,1,3,http1_python_nodelay_all_c1_keepalive_ms,0.283495
latency,1,4,http1_python_nodelay_all_c1_keepalive_ms,0.294205
latency,1,5,http1_python_nodelay_all_c1_keepalive_ms,0.268794
latency,1,6,http1_python_nodelay_all_c1_keepalive_ms,0.272015
latency,1,7,http1_python_nodelay_all_c1_keepalive_ms,0.330556
latency,1,8,http1_python_nodelay_all_c1_keepalive_ms,0.260454
latency,1,9,http1_python_nodelay_all_c1_keepalive_ms,0.232554
latency,1,10,http1_python_nodelay_all_c1_keepalive_ms,0.238344
latency,1,11,http1_python_nodelay_all_c1_keepalive_ms,0.230454
latency,1,12,http1_python_nodelay_all_c1_keepalive_ms,0.223314
latency,1,13,http1_python_nodelay_all_c1_keepalive_ms,0.219493
latency,1,14,http1_python_nodelay_all_c1_keepalive_ms,0.226714
latency,1,15,http1_python_nodelay_all_c1_keepalive_ms,0.220854
latency,1,16,http1_python_nodelay_all_c1_keepalive_ms,0.227494
latency,1,17,http1_python_nodelay_all_c1_keepalive_ms,0.219354
latency,1,18,http1_python_nodelay_all_c1_keepalive_ms,0.219623
latency,1,19,http1_python_nodelay_all_c1_keepalive_ms,0.226534
latency,1,20,http1_python_nodelay_all_c1_keepalive_ms,0.229314
latency,1,21,http1_python_nodelay_all_c1_keepalive_ms,0.219674
latency,1,22,http1_python_nodelay_all_c1_keepalive_ms,0.217604
latency,1,23,http1_python_nodelay_all_c1_keepalive_ms,0.226434
latency,1,24,http1_python_nodelay_all_c1_keepalive_ms,0.222123
latency,1,25,http1_python_nodelay_all_c1_keepalive_ms,0.227574
latency,1,26,http1_python_nodelay_all_c1_keepalive_ms,0.217234
latency,1,27,http1_python_nodelay_all_c1_keepalive_ms,0.217904
latency,1,28,http1_python_nodelay_all_c1_keepalive_ms,0.227343
latency,1,29,http1_python_nodelay_all_c1_keepalive_ms,0.227434
latency,1,30,http1_python_nodelay_all_c1_keepalive_ms,0.221164
latency,1,31,http1_python_nodelay_all_c1_keepalive_ms,0.224424
latency,1,32,http1_python_nodelay_all_c1_keepalive_ms,0.226233
latency,1,33,http1_python_nodelay_all_c1_keepalive_ms,0.220294
latency,1,34,http1_python_nodelay_all_c1_keepalive_ms,0.225734
latency,1,35,http1_python_nodelay_all_c1_keepalive_ms,0.218554
latency,1,36,http1_python_nodelay_all_c1_keepalive_ms,0.218883
latency,1,37,http1_python_nodelay_all_c1_keepalive_ms,0.227764
latency,1,38,http1_python_nodelay_all_c1_keepalive_ms,0.225774
latency,1,39,http1_python_nodelay_all_c1_keepalive_ms,0.223864
latency,1,40,http1_python_nodelay_all_c1_keepalive_ms,0.219054
latency,1,41,http1_python_nodelay_all_c1_keepalive_ms,0.227894
latency,1,42,http1_python_nodelay_all_c1_keepalive_ms,0.218213
latency,1,43,http1_python_nodelay_all_c1_keepalive_ms,0.226944
latency,1,44,http1_python_nodelay_all_c1_keepalive_ms,0.220314
latency,1,45,http1_python_nodelay_all_c1_keepalive_ms,0.219404
latency,1,46,http1_python_nodelay_all_c1_keepalive_ms,0.226304
latency,1,47,http1_python_nodelay_all_c1_keepalive_ms,0.219773
latency,1,48,http1_python_nodelay_all_c1_keepalive_ms,0.230344
latency,1,49,http1_python_nodelay_all_c1_keepalive_ms,0.217904
latency,1,50,http1_python_nodelay_all_c1_keepalive_ms,0.228254
latency,1,51,http1_python_nodelay_all_c1_keepalive_ms,0.221524
latency,1,52,http1_python_nodelay_all_c1_keepalive_ms,0.233384
latency,1,53,http1_python_nodelay_all_c1_keepalive_ms,0.220853
latency,1,54,http1_python_nodelay_all_c1_keepalive_ms,0.218114
latency,1,55,http1_python_nodelay_all_c1_keepalive_ms,0.290685
latency,1,56,http1_python_nodelay_all_c1_keepalive_ms,0.318996
latency,1,57,http1_python_nodelay_all_c1_keepalive_ms,0.288664
latency,1,58,http1_python_nodelay_all_c1_keepalive_ms,0.276015
latency,1,59,http1_python_nodelay_all_c1_keepalive_ms,0.243004
latency,1,60,http1_python_nodelay_all_c1_keepalive_ms,0.318076
latency,1,61,http1_python_nodelay_all_c1_keepalive_ms,0.295505
latency,1,62,http1_python_nodelay_all_c1_keepalive_ms,0.262724
latency,1,63,http1_python_nodelay_all_c1_keepalive_ms,0.247964
latency,1,64,http1_python_nodelay_all_c1_keepalive_ms,0.269055
latency,1,65,http1_python_nodelay_all_c1_keepalive_ms,0.241924
latency,1,66,http1_python_nodelay_all_c1_keepalive_ms,0.222014
latency,1,67,http1_python_nodelay_all_c1_keepalive_ms,0.227104
latency,1,68,http1_python_nodelay_all_c1_keepalive_ms,0.232864
latency,1,69,http1_python_nodelay_all_c1_keepalive_ms,0.219294
latency,1,70,http1_python_nodelay_all_c1_keepalive_ms,0.228233
latency,1,71,http1_python_nodelay_all_c1_keepalive_ms,0.220714
latency,1,72,http1_python_nodelay_all_c1_keepalive_ms,0.232914
latency,1,73,http1_python_nodelay_all_c1_keepalive_ms,0.220054
latency,1,74,http1_python_nodelay_all_c1_keepalive_ms,0.226784
latency,1,75,http1_python_nodelay_all_c1_keepalive_ms,0.223834
latency,1,76,http1_python_nodelay_all_c1_keepalive_ms,0.221913
latency,1,77,http1_python_nodelay_all_c1_keepalive_ms,0.229914
latency,1,78,http1_python_nodelay_all_c1_keepalive_ms,0.219494
latency,1,79,http1_python_nodelay_all_c1_keepalive_ms,0.230484
trial,1,80,http1_python_nodelay_all_c1_median_ms,0.226784
trial,1,80,http1_python_nodelay_all_c1_p95_ms,0.307635
trial,1,80,http1_python_nodelay_all_c1_requests_per_second,4106.202
trial,1,80,http1_python_nodelay_all_c1_wall_ms,19.483
latency,2,0,http1_python_nodelay_all_c1_keepalive_ms,0.315105
latency,2,1,http1_python_nodelay_all_c1_keepalive_ms,0.307496
latency,2,2,http1_python_nodelay_all_c1_keepalive_ms,0.290294
latency,2,3,http1_python_nodelay_all_c1_keepalive_ms,0.246965
latency,2,4,http1_python_nodelay_all_c1_keepalive_ms,0.338165
latency,2,5,http1_python_nodelay_all_c1_keepalive_ms,0.307346
latency,2,6,http1_python_nodelay_all_c1_keepalive_ms,0.288565
latency,2,7,http1_python_nodelay_all_c1_keepalive_ms,0.229214
latency,2,8,http1_python_nodelay_all_c1_keepalive_ms,0.292665
latency,2,9,http1_python_nodelay_all_c1_keepalive_ms,0.323665
latency,2,10,http1_python_nodelay_all_c1_keepalive_ms,0.287735
latency,2,11,http1_python_nodelay_all_c1_keepalive_ms,0.263864
latency,2,12,http1_python_nodelay_all_c1_keepalive_ms,0.230324
latency,2,13,http1_python_nodelay_all_c1_keepalive_ms,0.228954
latency,2,14,http1_python_nodelay_all_c1_keepalive_ms,0.221474
latency,2,15,http1_python_nodelay_all_c1_keepalive_ms,0.232774
latency,2,16,http1_python_nodelay_all_c1_keepalive_ms,0.221144
latency,2,17,http1_python_nodelay_all_c1_keepalive_ms,0.219494
latency,2,18,http1_python_nodelay_all_c1_keepalive_ms,0.228433
latency,2,19,http1_python_nodelay_all_c1_keepalive_ms,0.230214
latency,2,20,http1_python_nodelay_all_c1_keepalive_ms,0.220894
latency,2,21,http1_python_nodelay_all_c1_keepalive_ms,0.220014
latency,2,22,http1_python_nodelay_all_c1_keepalive_ms,0.234684
latency,2,23,http1_python_nodelay_all_c1_keepalive_ms,0.230954
latency,2,24,http1_python_nodelay_all_c1_keepalive_ms,0.224434
latency,2,25,http1_python_nodelay_all_c1_keepalive_ms,0.220793
latency,2,26,http1_python_nodelay_all_c1_keepalive_ms,0.217474
latency,2,27,http1_python_nodelay_all_c1_keepalive_ms,0.228494
latency,2,28,http1_python_nodelay_all_c1_keepalive_ms,0.228804
latency,2,29,http1_python_nodelay_all_c1_keepalive_ms,0.219104
latency,2,30,http1_python_nodelay_all_c1_keepalive_ms,0.219563
latency,2,31,http1_python_nodelay_all_c1_keepalive_ms,0.230594
latency,2,32,http1_python_nodelay_all_c1_keepalive_ms,0.226354
latency,2,33,http1_python_nodelay_all_c1_keepalive_ms,0.220344
latency,2,34,http1_python_nodelay_all_c1_keepalive_ms,0.216244
latency,2,35,http1_python_nodelay_all_c1_keepalive_ms,0.218313
latency,2,36,http1_python_nodelay_all_c1_keepalive_ms,0.228904
latency,2,37,http1_python_nodelay_all_c1_keepalive_ms,0.227904
latency,2,38,http1_python_nodelay_all_c1_keepalive_ms,0.220414
latency,2,39,http1_python_nodelay_all_c1_keepalive_ms,0.222614
latency,2,40,http1_python_nodelay_all_c1_keepalive_ms,0.228174
latency,2,41,http1_python_nodelay_all_c1_keepalive_ms,0.226973
latency,2,42,http1_python_nodelay_all_c1_keepalive_ms,0.221714
latency,2,43,http1_python_nodelay_all_c1_keepalive_ms,0.221964
latency,2,44,http1_python_nodelay_all_c1_keepalive_ms,0.221094
latency,2,45,http1_python_nodelay_all_c1_keepalive_ms,0.227434
latency,2,46,http1_python_nodelay_all_c1_keepalive_ms,0.226914
latency,2,47,http1_python_nodelay_all_c1_keepalive_ms,0.220263
latency,2,48,http1_python_nodelay_all_c1_keepalive_ms,0.219384
latency,2,49,http1_python_nodelay_all_c1_keepalive_ms,0.225054
latency,2,50,http1_python_nodelay_all_c1_keepalive_ms,0.230684
latency,2,51,http1_python_nodelay_all_c1_keepalive_ms,0.223554
latency,2,52,http1_python_nodelay_all_c1_keepalive_ms,0.219693
latency,2,53,http1_python_nodelay_all_c1_keepalive_ms,0.219194
latency,2,54,http1_python_nodelay_all_c1_keepalive_ms,0.227514
latency,2,55,http1_python_nodelay_all_c1_keepalive_ms,0.226784
latency,2,56,http1_python_nodelay_all_c1_keepalive_ms,0.218754
latency,2,57,http1_python_nodelay_all_c1_keepalive_ms,0.217623
latency,2,58,http1_python_nodelay_all_c1_keepalive_ms,0.218574
latency,2,59,http1_python_nodelay_all_c1_keepalive_ms,0.238394
latency,2,60,http1_python_nodelay_all_c1_keepalive_ms,0.223564
latency,2,61,http1_python_nodelay_all_c1_keepalive_ms,0.218474
latency,2,62,http1_python_nodelay_all_c1_keepalive_ms,0.217933
latency,2,63,http1_python_nodelay_all_c1_keepalive_ms,0.231894
latency,2,64,http1_python_nodelay_all_c1_keepalive_ms,0.228454
latency,2,65,http1_python_nodelay_all_c1_keepalive_ms,0.219104
latency,2,66,http1_python_nodelay_all_c1_keepalive_ms,0.218483
latency,2,67,http1_python_nodelay_all_c1_keepalive_ms,0.222024
latency,2,68,http1_python_nodelay_all_c1_keepalive_ms,0.234714
latency,2,69,http1_python_nodelay_all_c1_keepalive_ms,0.221934
latency,2,70,http1_python_nodelay_all_c1_keepalive_ms,0.218693
latency,2,71,http1_python_nodelay_all_c1_keepalive_ms,0.221414
latency,2,72,http1_python_nodelay_all_c1_keepalive_ms,0.224504
latency,2,73,http1_python_nodelay_all_c1_keepalive_ms,0.226604
latency,2,74,http1_python_nodelay_all_c1_keepalive_ms,0.218984
latency,2,75,http1_python_nodelay_all_c1_keepalive_ms,0.221863
latency,2,76,http1_python_nodelay_all_c1_keepalive_ms,0.218564
latency,2,77,http1_python_nodelay_all_c1_keepalive_ms,0.231334
latency,2,78,http1_python_nodelay_all_c1_keepalive_ms,0.220834
latency,2,79,http1_python_nodelay_all_c1_keepalive_ms,0.220294
trial,2,80,http1_python_nodelay_all_c1_median_ms,0.224434
trial,2,80,http1_python_nodelay_all_c1_p95_ms,0.307346
trial,2,80,http1_python_nodelay_all_c1_requests_per_second,4195.129
trial,2,80,http1_python_nodelay_all_c1_wall_ms,19.070
latency,3,0,http1_python_nodelay_all_c1_keepalive_ms,0.239454
latency,3,1,http1_python_nodelay_all_c1_keepalive_ms,0.243385
latency,3,2,http1_python_nodelay_all_c1_keepalive_ms,0.235944
latency,3,3,http1_python_nodelay_all_c1_keepalive_ms,0.221873
latency,3,4,http1_python_nodelay_all_c1_keepalive_ms,0.220464
latency,3,5,http1_python_nodelay_all_c1_keepalive_ms,0.235554
latency,3,6,http1_python_nodelay_all_c1_keepalive_ms,0.223404
latency,3,7,http1_python_nodelay_all_c1_keepalive_ms,0.223144
latency,3,8,http1_python_nodelay_all_c1_keepalive_ms,0.222484
latency,3,9,http1_python_nodelay_all_c1_keepalive_ms,0.218863
latency,3,10,http1_python_nodelay_all_c1_keepalive_ms,0.235584
latency,3,11,http1_python_nodelay_all_c1_keepalive_ms,0.222484
latency,3,12,http1_python_nodelay_all_c1_keepalive_ms,0.220264
latency,3,13,http1_python_nodelay_all_c1_keepalive_ms,0.221794
latency,3,14,http1_python_nodelay_all_c1_keepalive_ms,0.237654
latency,3,15,http1_python_nodelay_all_c1_keepalive_ms,0.227084
latency,3,16,http1_python_nodelay_all_c1_keepalive_ms,0.220843
latency,3,17,http1_python_nodelay_all_c1_keepalive_ms,0.218054
latency,3,18,http1_python_nodelay_all_c1_keepalive_ms,0.219924
latency,3,19,http1_python_nodelay_all_c1_keepalive_ms,0.239724
latency,3,20,http1_python_nodelay_all_c1_keepalive_ms,0.222604
latency,3,21,http1_python_nodelay_all_c1_keepalive_ms,0.220463
latency,3,22,http1_python_nodelay_all_c1_keepalive_ms,0.218014
latency,3,23,http1_python_nodelay_all_c1_keepalive_ms,0.237704
latency,3,24,http1_python_nodelay_all_c1_keepalive_ms,0.223254
latency,3,25,http1_python_nodelay_all_c1_keepalive_ms,0.220614
latency,3,26,http1_python_nodelay_all_c1_keepalive_ms,0.217333
latency,3,27,http1_python_nodelay_all_c1_keepalive_ms,0.217814
latency,3,28,http1_python_nodelay_all_c1_keepalive_ms,0.231844
latency,3,29,http1_python_nodelay_all_c1_keepalive_ms,0.217104
latency,3,30,http1_python_nodelay_all_c1_keepalive_ms,0.215893
latency,3,31,http1_python_nodelay_all_c1_keepalive_ms,0.220304
latency,3,32,http1_python_nodelay_all_c1_keepalive_ms,0.232904
latency,3,33,http1_python_nodelay_all_c1_keepalive_ms,0.226404
latency,3,34,http1_python_nodelay_all_c1_keepalive_ms,0.219844
latency,3,35,http1_python_nodelay_all_c1_keepalive_ms,0.220593
latency,3,36,http1_python_nodelay_all_c1_keepalive_ms,0.220884
latency,3,37,http1_python_nodelay_all_c1_keepalive_ms,0.234774
latency,3,38,http1_python_nodelay_all_c1_keepalive_ms,0.220704
latency,3,39,http1_python_nodelay_all_c1_keepalive_ms,0.220213
latency,3,40,http1_python_nodelay_all_c1_keepalive_ms,0.219094
latency,3,41,http1_python_nodelay_all_c1_keepalive_ms,0.230894
latency,3,42,http1_python_nodelay_all_c1_keepalive_ms,0.228984
latency,3,43,http1_python_nodelay_all_c1_keepalive_ms,0.222264
latency,3,44,http1_python_nodelay_all_c1_keepalive_ms,0.218524
latency,3,45,http1_python_nodelay_all_c1_keepalive_ms,0.224863
latency,3,46,http1_python_nodelay_all_c1_keepalive_ms,0.231184
latency,3,47,http1_python_nodelay_all_c1_keepalive_ms,0.228464
latency,3,48,http1_python_nodelay_all_c1_keepalive_ms,0.218104
latency,3,49,http1_python_nodelay_all_c1_keepalive_ms,0.220514
latency,3,50,http1_python_nodelay_all_c1_keepalive_ms,0.231304
latency,3,51,http1_python_nodelay_all_c1_keepalive_ms,0.232684
latency,3,52,http1_python_nodelay_all_c1_keepalive_ms,0.218463
latency,3,53,http1_python_nodelay_all_c1_keepalive_ms,0.219484
latency,3,54,http1_python_nodelay_all_c1_keepalive_ms,0.226734
latency,3,55,http1_python_nodelay_all_c1_keepalive_ms,0.233264
latency,3,56,http1_python_nodelay_all_c1_keepalive_ms,0.218744
latency,3,57,http1_python_nodelay_all_c1_keepalive_ms,0.221643
latency,3,58,http1_python_nodelay_all_c1_keepalive_ms,0.220564
latency,3,59,http1_python_nodelay_all_c1_keepalive_ms,0.229094
latency,3,60,http1_python_nodelay_all_c1_keepalive_ms,0.229474
latency,3,61,http1_python_nodelay_all_c1_keepalive_ms,0.220034
latency,3,62,http1_python_nodelay_all_c1_keepalive_ms,0.218123
latency,3,63,http1_python_nodelay_all_c1_keepalive_ms,0.228234
latency,3,64,http1_python_nodelay_all_c1_keepalive_ms,0.229304
latency,3,65,http1_python_nodelay_all_c1_keepalive_ms,0.222134
latency,3,66,http1_python_nodelay_all_c1_keepalive_ms,0.220104
latency,3,67,http1_python_nodelay_all_c1_keepalive_ms,0.222214
latency,3,68,http1_python_nodelay_all_c1_keepalive_ms,0.226393
latency,3,69,http1_python_nodelay_all_c1_keepalive_ms,0.230024
latency,3,70,http1_python_nodelay_all_c1_keepalive_ms,0.218584
latency,3,71,http1_python_nodelay_all_c1_keepalive_ms,0.221794
latency,3,72,http1_python_nodelay_all_c1_keepalive_ms,0.227344
latency,3,73,http1_python_nodelay_all_c1_keepalive_ms,0.229084
latency,3,74,http1_python_nodelay_all_c1_keepalive_ms,0.220523
latency,3,75,http1_python_nodelay_all_c1_keepalive_ms,0.218934
latency,3,76,http1_python_nodelay_all_c1_keepalive_ms,0.212824
latency,3,77,http1_python_nodelay_all_c1_keepalive_ms,0.221874
latency,3,78,http1_python_nodelay_all_c1_keepalive_ms,0.224073
latency,3,79,http1_python_nodelay_all_c1_keepalive_ms,0.218224
trial,3,80,http1_python_nodelay_all_c1_median_ms,0.221874
trial,3,80,http1_python_nodelay_all_c1_p95_ms,0.237654
trial,3,80,http1_python_nodelay_all_c1_requests_per_second,4366.125
trial,3,80,http1_python_nodelay_all_c1_wall_ms,18.323
latency,4,0,http1_python_nodelay_all_c1_keepalive_ms,0.238654
latency,4,1,http1_python_nodelay_all_c1_keepalive_ms,0.279765
latency,4,2,http1_python_nodelay_all_c1_keepalive_ms,0.282525
latency,4,3,http1_python_nodelay_all_c1_keepalive_ms,0.268535
latency,4,4,http1_python_nodelay_all_c1_keepalive_ms,0.241694
latency,4,5,http1_python_nodelay_all_c1_keepalive_ms,0.321065
latency,4,6,http1_python_nodelay_all_c1_keepalive_ms,0.301325
latency,4,7,http1_python_nodelay_all_c1_keepalive_ms,0.316895
latency,4,8,http1_python_nodelay_all_c1_keepalive_ms,0.300455
latency,4,9,http1_python_nodelay_all_c1_keepalive_ms,0.260035
latency,4,10,http1_python_nodelay_all_c1_keepalive_ms,0.299205
latency,4,11,http1_python_nodelay_all_c1_keepalive_ms,0.275915
latency,4,12,http1_python_nodelay_all_c1_keepalive_ms,0.249064
latency,4,13,http1_python_nodelay_all_c1_keepalive_ms,0.314475
latency,4,14,http1_python_nodelay_all_c1_keepalive_ms,0.283465
latency,4,15,http1_python_nodelay_all_c1_keepalive_ms,0.250604
latency,4,16,http1_python_nodelay_all_c1_keepalive_ms,0.297965
latency,4,17,http1_python_nodelay_all_c1_keepalive_ms,0.299826
latency,4,18,http1_python_nodelay_all_c1_keepalive_ms,0.260214
latency,4,19,http1_python_nodelay_all_c1_keepalive_ms,0.256724
latency,4,20,http1_python_nodelay_all_c1_keepalive_ms,0.313696
latency,4,21,http1_python_nodelay_all_c1_keepalive_ms,0.289715
latency,4,22,http1_python_nodelay_all_c1_keepalive_ms,0.244194
latency,4,23,http1_python_nodelay_all_c1_keepalive_ms,0.228734
latency,4,24,http1_python_nodelay_all_c1_keepalive_ms,0.223173
latency,4,25,http1_python_nodelay_all_c1_keepalive_ms,0.232474
latency,4,26,http1_python_nodelay_all_c1_keepalive_ms,0.220534
latency,4,27,http1_python_nodelay_all_c1_keepalive_ms,0.226824
latency,4,28,http1_python_nodelay_all_c1_keepalive_ms,0.223014
latency,4,29,http1_python_nodelay_all_c1_keepalive_ms,0.228294
latency,4,30,http1_python_nodelay_all_c1_keepalive_ms,0.221764
latency,4,31,http1_python_nodelay_all_c1_keepalive_ms,0.218603
latency,4,32,http1_python_nodelay_all_c1_keepalive_ms,0.228064
latency,4,33,http1_python_nodelay_all_c1_keepalive_ms,0.222514
latency,4,34,http1_python_nodelay_all_c1_keepalive_ms,0.231424
latency,4,35,http1_python_nodelay_all_c1_keepalive_ms,0.219944
latency,4,36,http1_python_nodelay_all_c1_keepalive_ms,0.225094
latency,4,37,http1_python_nodelay_all_c1_keepalive_ms,0.222613
latency,4,38,http1_python_nodelay_all_c1_keepalive_ms,0.226924
latency,4,39,http1_python_nodelay_all_c1_keepalive_ms,0.224704
latency,4,40,http1_python_nodelay_all_c1_keepalive_ms,0.220294
latency,4,41,http1_python_nodelay_all_c1_keepalive_ms,0.225774
latency,4,42,http1_python_nodelay_all_c1_keepalive_ms,0.219913
latency,4,43,http1_python_nodelay_all_c1_keepalive_ms,0.227434
latency,4,44,http1_python_nodelay_all_c1_keepalive_ms,0.219704
latency,4,45,http1_python_nodelay_all_c1_keepalive_ms,0.228334
latency,4,46,http1_python_nodelay_all_c1_keepalive_ms,0.221514
latency,4,47,http1_python_nodelay_all_c1_keepalive_ms,0.225803
latency,4,48,http1_python_nodelay_all_c1_keepalive_ms,0.221614
latency,4,49,http1_python_nodelay_all_c1_keepalive_ms,0.220904
latency,4,50,http1_python_nodelay_all_c1_keepalive_ms,0.226674
latency,4,51,http1_python_nodelay_all_c1_keepalive_ms,0.220704
latency,4,52,http1_python_nodelay_all_c1_keepalive_ms,0.227444
latency,4,53,http1_python_nodelay_all_c1_keepalive_ms,0.222653
latency,4,54,http1_python_nodelay_all_c1_keepalive_ms,0.224954
latency,4,55,http1_python_nodelay_all_c1_keepalive_ms,0.219564
latency,4,56,http1_python_nodelay_all_c1_keepalive_ms,0.218624
latency,4,57,http1_python_nodelay_all_c1_keepalive_ms,0.230114
latency,4,58,http1_python_nodelay_all_c1_keepalive_ms,0.216873
latency,4,59,http1_python_nodelay_all_c1_keepalive_ms,0.225044
latency,4,60,http1_python_nodelay_all_c1_keepalive_ms,0.220214
latency,4,61,http1_python_nodelay_all_c1_keepalive_ms,0.231064
latency,4,62,http1_python_nodelay_all_c1_keepalive_ms,0.220254
latency,4,63,http1_python_nodelay_all_c1_keepalive_ms,0.227973
latency,4,64,http1_python_nodelay_all_c1_keepalive_ms,0.220294
latency,4,65,http1_python_nodelay_all_c1_keepalive_ms,0.221324
latency,4,66,http1_python_nodelay_all_c1_keepalive_ms,0.227204
latency,4,67,http1_python_nodelay_all_c1_keepalive_ms,0.218164
latency,4,68,http1_python_nodelay_all_c1_keepalive_ms,0.226183
latency,4,69,http1_python_nodelay_all_c1_keepalive_ms,0.221324
latency,4,70,http1_python_nodelay_all_c1_keepalive_ms,0.223994
latency,4,71,http1_python_nodelay_all_c1_keepalive_ms,0.218524
latency,4,72,http1_python_nodelay_all_c1_keepalive_ms,0.225724
latency,4,73,http1_python_nodelay_all_c1_keepalive_ms,0.221983
latency,4,74,http1_python_nodelay_all_c1_keepalive_ms,0.217984
latency,4,75,http1_python_nodelay_all_c1_keepalive_ms,0.226884
latency,4,76,http1_python_nodelay_all_c1_keepalive_ms,0.218053
latency,4,77,http1_python_nodelay_all_c1_keepalive_ms,0.229324
latency,4,78,http1_python_nodelay_all_c1_keepalive_ms,0.219344
latency,4,79,http1_python_nodelay_all_c1_keepalive_ms,0.228744
trial,4,80,http1_python_nodelay_all_c1_median_ms,0.226674
trial,4,80,http1_python_nodelay_all_c1_p95_ms,0.301325
trial,4,80,http1_python_nodelay_all_c1_requests_per_second,4093.579
trial,4,80,http1_python_nodelay_all_c1_wall_ms,19.543
summary,0,400,http1_python_nodelay_all_c1_keepalive_ms_median,0.226183
summary,0,400,http1_python_nodelay_all_c1_keepalive_ms_p95,0.300965
latency,0,80,http1_python_nodelay_all_c4_keepalive_ms,0.803943
latency,0,81,http1_python_nodelay_all_c4_keepalive_ms,0.634571
latency,0,82,http1_python_nodelay_all_c4_keepalive_ms,1.253401
latency,0,83,http1_python_nodelay_all_c4_keepalive_ms,0.677962
latency,0,84,http1_python_nodelay_all_c4_keepalive_ms,1.171590
latency,0,85,http1_python_nodelay_all_c4_keepalive_ms,0.902885
latency,0,86,http1_python_nodelay_all_c4_keepalive_ms,1.168470
latency,0,87,http1_python_nodelay_all_c4_keepalive_ms,0.605921
latency,0,88,http1_python_nodelay_all_c4_keepalive_ms,0.630130
latency,0,89,http1_python_nodelay_all_c4_keepalive_ms,0.706482
latency,0,90,http1_python_nodelay_all_c4_keepalive_ms,1.427445
latency,0,91,http1_python_nodelay_all_c4_keepalive_ms,0.842484
latency,0,92,http1_python_nodelay_all_c4_keepalive_ms,0.650111
latency,0,93,http1_python_nodelay_all_c4_keepalive_ms,1.114149
latency,0,94,http1_python_nodelay_all_c4_keepalive_ms,1.232321
latency,0,95,http1_python_nodelay_all_c4_keepalive_ms,0.757603
latency,0,96,http1_python_nodelay_all_c4_keepalive_ms,1.463395
latency,0,97,http1_python_nodelay_all_c4_keepalive_ms,0.887315
latency,0,98,http1_python_nodelay_all_c4_keepalive_ms,1.457475
latency,0,99,http1_python_nodelay_all_c4_keepalive_ms,0.432637
latency,0,100,http1_python_nodelay_all_c4_keepalive_ms,0.547979
latency,0,101,http1_python_nodelay_all_c4_keepalive_ms,0.677932
latency,0,102,http1_python_nodelay_all_c4_keepalive_ms,0.791253
latency,0,103,http1_python_nodelay_all_c4_keepalive_ms,0.884125
latency,0,104,http1_python_nodelay_all_c4_keepalive_ms,0.604621
latency,0,105,http1_python_nodelay_all_c4_keepalive_ms,0.651901
latency,0,106,http1_python_nodelay_all_c4_keepalive_ms,0.690282
latency,0,107,http1_python_nodelay_all_c4_keepalive_ms,1.134949
latency,0,108,http1_python_nodelay_all_c4_keepalive_ms,0.746693
latency,0,109,http1_python_nodelay_all_c4_keepalive_ms,0.280974
latency,0,110,http1_python_nodelay_all_c4_keepalive_ms,0.592031
latency,0,111,http1_python_nodelay_all_c4_keepalive_ms,0.798483
latency,0,112,http1_python_nodelay_all_c4_keepalive_ms,0.484018
latency,0,113,http1_python_nodelay_all_c4_keepalive_ms,1.121509
latency,0,114,http1_python_nodelay_all_c4_keepalive_ms,0.727212
latency,0,115,http1_python_nodelay_all_c4_keepalive_ms,1.235412
latency,0,116,http1_python_nodelay_all_c4_keepalive_ms,0.608680
latency,0,117,http1_python_nodelay_all_c4_keepalive_ms,1.306222
latency,0,118,http1_python_nodelay_all_c4_keepalive_ms,0.739903
latency,0,119,http1_python_nodelay_all_c4_keepalive_ms,0.806404
latency,0,120,http1_python_nodelay_all_c4_keepalive_ms,0.679821
latency,0,121,http1_python_nodelay_all_c4_keepalive_ms,1.360723
latency,0,122,http1_python_nodelay_all_c4_keepalive_ms,0.710592
latency,0,123,http1_python_nodelay_all_c4_keepalive_ms,0.696482
latency,0,124,http1_python_nodelay_all_c4_keepalive_ms,0.670342
latency,0,125,http1_python_nodelay_all_c4_keepalive_ms,0.583780
latency,0,126,http1_python_nodelay_all_c4_keepalive_ms,0.746202
latency,0,127,http1_python_nodelay_all_c4_keepalive_ms,0.636561
latency,0,128,http1_python_nodelay_all_c4_keepalive_ms,0.654991
latency,0,129,http1_python_nodelay_all_c4_keepalive_ms,0.641991
latency,0,130,http1_python_nodelay_all_c4_keepalive_ms,0.906016
latency,0,131,http1_python_nodelay_all_c4_keepalive_ms,0.699052
latency,0,132,http1_python_nodelay_all_c4_keepalive_ms,0.756223
latency,0,133,http1_python_nodelay_all_c4_keepalive_ms,0.374006
latency,0,134,http1_python_nodelay_all_c4_keepalive_ms,0.624850
latency,0,135,http1_python_nodelay_all_c4_keepalive_ms,1.008707
latency,0,136,http1_python_nodelay_all_c4_keepalive_ms,0.693542
latency,0,137,http1_python_nodelay_all_c4_keepalive_ms,1.153900
latency,0,138,http1_python_nodelay_all_c4_keepalive_ms,0.608980
latency,0,139,http1_python_nodelay_all_c4_keepalive_ms,0.709052
latency,0,140,http1_python_nodelay_all_c4_keepalive_ms,0.748933
latency,0,141,http1_python_nodelay_all_c4_keepalive_ms,0.755433
latency,0,142,http1_python_nodelay_all_c4_keepalive_ms,1.101429
latency,0,143,http1_python_nodelay_all_c4_keepalive_ms,0.690502
latency,0,144,http1_python_nodelay_all_c4_keepalive_ms,1.136319
latency,0,145,http1_python_nodelay_all_c4_keepalive_ms,0.877405
latency,0,146,http1_python_nodelay_all_c4_keepalive_ms,0.751433
latency,0,147,http1_python_nodelay_all_c4_keepalive_ms,0.722562
latency,0,148,http1_python_nodelay_all_c4_keepalive_ms,0.657601
latency,0,149,http1_python_nodelay_all_c4_keepalive_ms,0.732893
latency,0,150,http1_python_nodelay_all_c4_keepalive_ms,1.082118
latency,0,151,http1_python_nodelay_all_c4_keepalive_ms,0.586490
latency,0,152,http1_python_nodelay_all_c4_keepalive_ms,0.733173
latency,0,153,http1_python_nodelay_all_c4_keepalive_ms,0.704412
latency,0,154,http1_python_nodelay_all_c4_keepalive_ms,0.633140
latency,0,155,http1_python_nodelay_all_c4_keepalive_ms,0.818054
latency,0,156,http1_python_nodelay_all_c4_keepalive_ms,0.583890
latency,0,157,http1_python_nodelay_all_c4_keepalive_ms,0.721712
latency,0,158,http1_python_nodelay_all_c4_keepalive_ms,1.050708
latency,0,159,http1_python_nodelay_all_c4_keepalive_ms,0.837174
latency,0,160,http1_python_nodelay_all_c4_keepalive_ms,0.736272
latency,0,161,http1_python_nodelay_all_c4_keepalive_ms,0.661072
latency,0,162,http1_python_nodelay_all_c4_keepalive_ms,0.806453
latency,0,163,http1_python_nodelay_all_c4_keepalive_ms,1.074449
latency,0,164,http1_python_nodelay_all_c4_keepalive_ms,0.729122
latency,0,165,http1_python_nodelay_all_c4_keepalive_ms,0.652161
latency,0,166,http1_python_nodelay_all_c4_keepalive_ms,1.264522
latency,0,167,http1_python_nodelay_all_c4_keepalive_ms,0.644691
latency,0,168,http1_python_nodelay_all_c4_keepalive_ms,0.916225
latency,0,169,http1_python_nodelay_all_c4_keepalive_ms,1.030258
latency,0,170,http1_python_nodelay_all_c4_keepalive_ms,0.848084
latency,0,171,http1_python_nodelay_all_c4_keepalive_ms,0.679512
latency,0,172,http1_python_nodelay_all_c4_keepalive_ms,1.300222
latency,0,173,http1_python_nodelay_all_c4_keepalive_ms,0.907935
latency,0,174,http1_python_nodelay_all_c4_keepalive_ms,0.885155
latency,0,175,http1_python_nodelay_all_c4_keepalive_ms,0.733863
latency,0,176,http1_python_nodelay_all_c4_keepalive_ms,1.008077
latency,0,177,http1_python_nodelay_all_c4_keepalive_ms,0.571090
latency,0,178,http1_python_nodelay_all_c4_keepalive_ms,0.727182
latency,0,179,http1_python_nodelay_all_c4_keepalive_ms,0.761203
latency,0,180,http1_python_nodelay_all_c4_keepalive_ms,0.365846
latency,0,181,http1_python_nodelay_all_c4_keepalive_ms,0.985907
latency,0,182,http1_python_nodelay_all_c4_keepalive_ms,0.492269
latency,0,183,http1_python_nodelay_all_c4_keepalive_ms,0.548079
latency,0,184,http1_python_nodelay_all_c4_keepalive_ms,0.729972
latency,0,185,http1_python_nodelay_all_c4_keepalive_ms,0.786234
latency,0,186,http1_python_nodelay_all_c4_keepalive_ms,1.373663
latency,0,187,http1_python_nodelay_all_c4_keepalive_ms,0.718802
latency,0,188,http1_python_nodelay_all_c4_keepalive_ms,1.051368
latency,0,189,http1_python_nodelay_all_c4_keepalive_ms,0.751663
latency,0,190,http1_python_nodelay_all_c4_keepalive_ms,0.745843
latency,0,191,http1_python_nodelay_all_c4_keepalive_ms,0.965456
latency,0,192,http1_python_nodelay_all_c4_keepalive_ms,1.261722
latency,0,193,http1_python_nodelay_all_c4_keepalive_ms,0.577829
latency,0,194,http1_python_nodelay_all_c4_keepalive_ms,1.126109
latency,0,195,http1_python_nodelay_all_c4_keepalive_ms,0.862055
latency,0,196,http1_python_nodelay_all_c4_keepalive_ms,1.126859
latency,0,197,http1_python_nodelay_all_c4_keepalive_ms,0.624191
latency,0,198,http1_python_nodelay_all_c4_keepalive_ms,0.718012
latency,0,199,http1_python_nodelay_all_c4_keepalive_ms,0.703362
latency,0,200,http1_python_nodelay_all_c4_keepalive_ms,0.811514
latency,0,201,http1_python_nodelay_all_c4_keepalive_ms,1.187400
latency,0,202,http1_python_nodelay_all_c4_keepalive_ms,0.503769
latency,0,203,http1_python_nodelay_all_c4_keepalive_ms,1.060678
latency,0,204,http1_python_nodelay_all_c4_keepalive_ms,0.690882
latency,0,205,http1_python_nodelay_all_c4_keepalive_ms,1.160360
latency,0,206,http1_python_nodelay_all_c4_keepalive_ms,0.736102
latency,0,207,http1_python_nodelay_all_c4_keepalive_ms,1.304522
latency,0,208,http1_python_nodelay_all_c4_keepalive_ms,0.597831
latency,0,209,http1_python_nodelay_all_c4_keepalive_ms,0.931325
latency,0,210,http1_python_nodelay_all_c4_keepalive_ms,0.760843
latency,0,211,http1_python_nodelay_all_c4_keepalive_ms,1.080309
latency,0,212,http1_python_nodelay_all_c4_keepalive_ms,1.032337
latency,0,213,http1_python_nodelay_all_c4_keepalive_ms,0.650351
latency,0,214,http1_python_nodelay_all_c4_keepalive_ms,1.034488
latency,0,215,http1_python_nodelay_all_c4_keepalive_ms,0.816274
latency,0,216,http1_python_nodelay_all_c4_keepalive_ms,0.652471
latency,0,217,http1_python_nodelay_all_c4_keepalive_ms,0.662401
latency,0,218,http1_python_nodelay_all_c4_keepalive_ms,1.025167
latency,0,219,http1_python_nodelay_all_c4_keepalive_ms,1.022718
latency,0,220,http1_python_nodelay_all_c4_keepalive_ms,0.557909
latency,0,221,http1_python_nodelay_all_c4_keepalive_ms,0.737923
latency,0,222,http1_python_nodelay_all_c4_keepalive_ms,0.582520
latency,0,223,http1_python_nodelay_all_c4_keepalive_ms,0.717132
latency,0,224,http1_python_nodelay_all_c4_keepalive_ms,0.668382
latency,0,225,http1_python_nodelay_all_c4_keepalive_ms,0.912975
latency,0,226,http1_python_nodelay_all_c4_keepalive_ms,1.099829
latency,0,227,http1_python_nodelay_all_c4_keepalive_ms,0.900105
latency,0,228,http1_python_nodelay_all_c4_keepalive_ms,0.390427
latency,0,229,http1_python_nodelay_all_c4_keepalive_ms,0.644531
latency,0,230,http1_python_nodelay_all_c4_keepalive_ms,0.633871
latency,0,231,http1_python_nodelay_all_c4_keepalive_ms,0.684041
latency,0,232,http1_python_nodelay_all_c4_keepalive_ms,1.026188
latency,0,233,http1_python_nodelay_all_c4_keepalive_ms,1.130359
latency,0,234,http1_python_nodelay_all_c4_keepalive_ms,0.629180
latency,0,235,http1_python_nodelay_all_c4_keepalive_ms,0.676812
latency,0,236,http1_python_nodelay_all_c4_keepalive_ms,0.750843
latency,0,237,http1_python_nodelay_all_c4_keepalive_ms,0.381276
latency,0,238,http1_python_nodelay_all_c4_keepalive_ms,0.597690
latency,0,239,http1_python_nodelay_all_c4_keepalive_ms,1.149480
latency,0,0,http1_python_nodelay_all_c4_keepalive_ms,1.314672
latency,0,1,http1_python_nodelay_all_c4_keepalive_ms,0.920876
latency,0,2,http1_python_nodelay_all_c4_keepalive_ms,0.529379
latency,0,3,http1_python_nodelay_all_c4_keepalive_ms,1.149569
latency,0,4,http1_python_nodelay_all_c4_keepalive_ms,0.834045
latency,0,5,http1_python_nodelay_all_c4_keepalive_ms,0.664651
latency,0,6,http1_python_nodelay_all_c4_keepalive_ms,1.126669
latency,0,7,http1_python_nodelay_all_c4_keepalive_ms,0.648091
latency,0,8,http1_python_nodelay_all_c4_keepalive_ms,1.266172
latency,0,9,http1_python_nodelay_all_c4_keepalive_ms,0.943116
latency,0,10,http1_python_nodelay_all_c4_keepalive_ms,0.677661
latency,0,11,http1_python_nodelay_all_c4_keepalive_ms,0.716073
latency,0,12,http1_python_nodelay_all_c4_keepalive_ms,0.773513
latency,0,13,http1_python_nodelay_all_c4_keepalive_ms,0.669591
latency,0,14,http1_python_nodelay_all_c4_keepalive_ms,0.933886
latency,0,15,http1_python_nodelay_all_c4_keepalive_ms,0.733702
latency,0,16,http1_python_nodelay_all_c4_keepalive_ms,0.694972
latency,0,17,http1_python_nodelay_all_c4_keepalive_ms,0.765913
latency,0,18,http1_python_nodelay_all_c4_keepalive_ms,0.877735
latency,0,19,http1_python_nodelay_all_c4_keepalive_ms,0.996957
latency,0,20,http1_python_nodelay_all_c4_keepalive_ms,0.591670
latency,0,21,http1_python_nodelay_all_c4_keepalive_ms,1.431295
latency,0,22,http1_python_nodelay_all_c4_keepalive_ms,0.833774
latency,0,23,http1_python_nodelay_all_c4_keepalive_ms,1.060758
latency,0,24,http1_python_nodelay_all_c4_keepalive_ms,0.535089
latency,0,25,http1_python_nodelay_all_c4_keepalive_ms,1.147600
latency,0,26,http1_python_nodelay_all_c4_keepalive_ms,0.869874
latency,0,27,http1_python_nodelay_all_c4_keepalive_ms,0.363357
latency,0,28,http1_python_nodelay_all_c4_keepalive_ms,0.748592
latency,0,29,http1_python_nodelay_all_c4_keepalive_ms,0.699422
latency,0,30,http1_python_nodelay_all_c4_keepalive_ms,0.917886
latency,0,31,http1_python_nodelay_all_c4_keepalive_ms,0.457058
latency,0,32,http1_python_nodelay_all_c4_keepalive_ms,0.644121
latency,0,33,http1_python_nodelay_all_c4_keepalive_ms,0.738262
latency,0,34,http1_python_nodelay_all_c4_keepalive_ms,0.618250
latency,0,35,http1_python_nodelay_all_c4_keepalive_ms,0.738893
latency,0,36,http1_python_nodelay_all_c4_keepalive_ms,0.630481
latency,0,37,http1_python_nodelay_all_c4_keepalive_ms,0.579130
latency,0,38,http1_python_nodelay_all_c4_keepalive_ms,1.135829
latency,0,39,http1_python_nodelay_all_c4_keepalive_ms,0.823604
latency,0,40,http1_python_nodelay_all_c4_keepalive_ms,1.344053
latency,0,41,http1_python_nodelay_all_c4_keepalive_ms,0.752663
latency,0,42,http1_python_nodelay_all_c4_keepalive_ms,1.408604
latency,0,43,http1_python_nodelay_all_c4_keepalive_ms,1.432964
latency,0,44,http1_python_nodelay_all_c4_keepalive_ms,0.597430
latency,0,45,http1_python_nodelay_all_c4_keepalive_ms,0.629621
latency,0,46,http1_python_nodelay_all_c4_keepalive_ms,0.668091
latency,0,47,http1_python_nodelay_all_c4_keepalive_ms,0.736653
latency,0,48,http1_python_nodelay_all_c4_keepalive_ms,1.487055
latency,0,49,http1_python_nodelay_all_c4_keepalive_ms,0.560360
latency,0,50,http1_python_nodelay_all_c4_keepalive_ms,0.831664
latency,0,51,http1_python_nodelay_all_c4_keepalive_ms,0.688872
latency,0,52,http1_python_nodelay_all_c4_keepalive_ms,1.091028
latency,0,53,http1_python_nodelay_all_c4_keepalive_ms,0.711542
latency,0,54,http1_python_nodelay_all_c4_keepalive_ms,0.967267
latency,0,55,http1_python_nodelay_all_c4_keepalive_ms,0.381296
latency,0,56,http1_python_nodelay_all_c4_keepalive_ms,1.277412
latency,0,57,http1_python_nodelay_all_c4_keepalive_ms,0.819374
latency,0,58,http1_python_nodelay_all_c4_keepalive_ms,0.671691
latency,0,59,http1_python_nodelay_all_c4_keepalive_ms,0.827084
latency,0,60,http1_python_nodelay_all_c4_keepalive_ms,0.560400
latency,0,61,http1_python_nodelay_all_c4_keepalive_ms,1.137479
latency,0,62,http1_python_nodelay_all_c4_keepalive_ms,0.698322
latency,0,63,http1_python_nodelay_all_c4_keepalive_ms,0.615691
latency,0,64,http1_python_nodelay_all_c4_keepalive_ms,0.721912
latency,0,65,http1_python_nodelay_all_c4_keepalive_ms,0.864085
latency,0,66,http1_python_nodelay_all_c4_keepalive_ms,0.634231
latency,0,67,http1_python_nodelay_all_c4_keepalive_ms,0.737102
latency,0,68,http1_python_nodelay_all_c4_keepalive_ms,0.650361
latency,0,69,http1_python_nodelay_all_c4_keepalive_ms,1.621508
latency,0,70,http1_python_nodelay_all_c4_keepalive_ms,0.828664
latency,0,71,http1_python_nodelay_all_c4_keepalive_ms,0.636871
latency,0,72,http1_python_nodelay_all_c4_keepalive_ms,0.745762
latency,0,73,http1_python_nodelay_all_c4_keepalive_ms,1.265182
latency,0,74,http1_python_nodelay_all_c4_keepalive_ms,0.745222
latency,0,75,http1_python_nodelay_all_c4_keepalive_ms,0.725223
latency,0,76,http1_python_nodelay_all_c4_keepalive_ms,1.126999
latency,0,77,http1_python_nodelay_all_c4_keepalive_ms,1.108799
latency,0,78,http1_python_nodelay_all_c4_keepalive_ms,0.763733
latency,0,79,http1_python_nodelay_all_c4_keepalive_ms,0.635261
latency,0,240,http1_python_nodelay_all_c4_keepalive_ms,0.786754
latency,0,241,http1_python_nodelay_all_c4_keepalive_ms,1.162470
latency,0,242,http1_python_nodelay_all_c4_keepalive_ms,0.726352
latency,0,243,http1_python_nodelay_all_c4_keepalive_ms,0.728832
latency,0,244,http1_python_nodelay_all_c4_keepalive_ms,0.604681
latency,0,245,http1_python_nodelay_all_c4_keepalive_ms,0.701732
latency,0,246,http1_python_nodelay_all_c4_keepalive_ms,0.697452
latency,0,247,http1_python_nodelay_all_c4_keepalive_ms,0.602520
latency,0,248,http1_python_nodelay_all_c4_keepalive_ms,1.126839
latency,0,249,http1_python_nodelay_all_c4_keepalive_ms,0.746113
latency,0,250,http1_python_nodelay_all_c4_keepalive_ms,0.715822
latency,0,251,http1_python_nodelay_all_c4_keepalive_ms,0.725992
latency,0,252,http1_python_nodelay_all_c4_keepalive_ms,0.789484
latency,0,253,http1_python_nodelay_all_c4_keepalive_ms,0.670011
latency,0,254,http1_python_nodelay_all_c4_keepalive_ms,0.724823
latency,0,255,http1_python_nodelay_all_c4_keepalive_ms,0.797323
latency,0,256,http1_python_nodelay_all_c4_keepalive_ms,0.784413
latency,0,257,http1_python_nodelay_all_c4_keepalive_ms,0.850595
latency,0,258,http1_python_nodelay_all_c4_keepalive_ms,0.618110
latency,0,259,http1_python_nodelay_all_c4_keepalive_ms,0.939356
latency,0,260,http1_python_nodelay_all_c4_keepalive_ms,0.678882
latency,0,261,http1_python_nodelay_all_c4_keepalive_ms,0.736232
latency,0,262,http1_python_nodelay_all_c4_keepalive_ms,0.909936
latency,0,263,http1_python_nodelay_all_c4_keepalive_ms,1.783340
latency,0,264,http1_python_nodelay_all_c4_keepalive_ms,1.285422
latency,0,265,http1_python_nodelay_all_c4_keepalive_ms,0.746203
latency,0,266,http1_python_nodelay_all_c4_keepalive_ms,0.674531
latency,0,267,http1_python_nodelay_all_c4_keepalive_ms,0.730703
latency,0,268,http1_python_nodelay_all_c4_keepalive_ms,0.658131
latency,0,269,http1_python_nodelay_all_c4_keepalive_ms,1.088769
latency,0,270,http1_python_nodelay_all_c4_keepalive_ms,1.570426
latency,0,271,http1_python_nodelay_all_c4_keepalive_ms,1.864642
latency,0,272,http1_python_nodelay_all_c4_keepalive_ms,0.711102
latency,0,273,http1_python_nodelay_all_c4_keepalive_ms,0.657501
latency,0,274,http1_python_nodelay_all_c4_keepalive_ms,0.732112
latency,0,275,http1_python_nodelay_all_c4_keepalive_ms,1.166000
latency,0,276,http1_python_nodelay_all_c4_keepalive_ms,0.633971
latency,0,277,http1_python_nodelay_all_c4_keepalive_ms,0.671642
latency,0,278,http1_python_nodelay_all_c4_keepalive_ms,0.701092
latency,0,279,http1_python_nodelay_all_c4_keepalive_ms,0.688191
latency,0,280,http1_python_nodelay_all_c4_keepalive_ms,0.775444
latency,0,281,http1_python_nodelay_all_c4_keepalive_ms,0.572609
latency,0,282,http1_python_nodelay_all_c4_keepalive_ms,0.421947
latency,0,283,http1_python_nodelay_all_c4_keepalive_ms,0.726793
latency,0,284,http1_python_nodelay_all_c4_keepalive_ms,0.415737
latency,0,285,http1_python_nodelay_all_c4_keepalive_ms,1.173370
latency,0,286,http1_python_nodelay_all_c4_keepalive_ms,1.226851
latency,0,287,http1_python_nodelay_all_c4_keepalive_ms,0.867295
latency,0,288,http1_python_nodelay_all_c4_keepalive_ms,0.657641
latency,0,289,http1_python_nodelay_all_c4_keepalive_ms,0.937046
latency,0,290,http1_python_nodelay_all_c4_keepalive_ms,1.182280
latency,0,291,http1_python_nodelay_all_c4_keepalive_ms,0.836944
latency,0,292,http1_python_nodelay_all_c4_keepalive_ms,1.045588
latency,0,293,http1_python_nodelay_all_c4_keepalive_ms,0.900355
latency,0,294,http1_python_nodelay_all_c4_keepalive_ms,0.751993
latency,0,295,http1_python_nodelay_all_c4_keepalive_ms,1.133879
latency,0,296,http1_python_nodelay_all_c4_keepalive_ms,1.267132
latency,0,297,http1_python_nodelay_all_c4_keepalive_ms,0.821694
latency,0,298,http1_python_nodelay_all_c4_keepalive_ms,1.272771
latency,0,299,http1_python_nodelay_all_c4_keepalive_ms,0.680592
latency,0,300,http1_python_nodelay_all_c4_keepalive_ms,1.154360
latency,0,301,http1_python_nodelay_all_c4_keepalive_ms,0.730202
latency,0,302,http1_python_nodelay_all_c4_keepalive_ms,1.034508
latency,0,303,http1_python_nodelay_all_c4_keepalive_ms,1.086708
latency,0,304,http1_python_nodelay_all_c4_keepalive_ms,0.732063
latency,0,305,http1_python_nodelay_all_c4_keepalive_ms,1.082068
latency,0,306,http1_python_nodelay_all_c4_keepalive_ms,0.711622
latency,0,307,http1_python_nodelay_all_c4_keepalive_ms,1.282212
latency,0,308,http1_python_nodelay_all_c4_keepalive_ms,0.765373
latency,0,309,http1_python_nodelay_all_c4_keepalive_ms,0.745833
latency,0,310,http1_python_nodelay_all_c4_keepalive_ms,0.680861
latency,0,311,http1_python_nodelay_all_c4_keepalive_ms,1.238121
latency,0,312,http1_python_nodelay_all_c4_keepalive_ms,0.817904
latency,0,313,http1_python_nodelay_all_c4_keepalive_ms,1.079999
latency,0,314,http1_python_nodelay_all_c4_keepalive_ms,1.105759
latency,0,315,http1_python_nodelay_all_c4_keepalive_ms,0.814053
latency,0,316,http1_python_nodelay_all_c4_keepalive_ms,0.346986
latency,0,317,http1_python_nodelay_all_c4_keepalive_ms,0.754513
latency,0,318,http1_python_nodelay_all_c4_keepalive_ms,0.293965
latency,0,319,http1_python_nodelay_all_c4_keepalive_ms,0.284905
trial,0,320,http1_python_nodelay_all_c4_median_ms,0.746202
trial,0,320,http1_python_nodelay_all_c4_p95_ms,1.304522
trial,0,320,http1_python_nodelay_all_c4_requests_per_second,4640.038
trial,0,320,http1_python_nodelay_all_c4_wall_ms,68.965
latency,1,0,http1_python_nodelay_all_c4_keepalive_ms,0.910846
latency,1,1,http1_python_nodelay_all_c4_keepalive_ms,0.649981
latency,1,2,http1_python_nodelay_all_c4_keepalive_ms,0.636710
latency,1,3,http1_python_nodelay_all_c4_keepalive_ms,0.651982
latency,1,4,http1_python_nodelay_all_c4_keepalive_ms,0.696651
latency,1,5,http1_python_nodelay_all_c4_keepalive_ms,1.152830
latency,1,6,http1_python_nodelay_all_c4_keepalive_ms,0.702222
latency,1,7,http1_python_nodelay_all_c4_keepalive_ms,0.651461
latency,1,8,http1_python_nodelay_all_c4_keepalive_ms,0.981547
latency,1,9,http1_python_nodelay_all_c4_keepalive_ms,0.839094
latency,1,10,http1_python_nodelay_all_c4_keepalive_ms,0.521799
latency,1,11,http1_python_nodelay_all_c4_keepalive_ms,0.728823
latency,1,12,http1_python_nodelay_all_c4_keepalive_ms,0.580309
latency,1,13,http1_python_nodelay_all_c4_keepalive_ms,1.217501
latency,1,14,http1_python_nodelay_all_c4_keepalive_ms,0.888545
latency,1,15,http1_python_nodelay_all_c4_keepalive_ms,0.741943
latency,1,16,http1_python_nodelay_all_c4_keepalive_ms,0.706782
latency,1,17,http1_python_nodelay_all_c4_keepalive_ms,0.604990
latency,1,18,http1_python_nodelay_all_c4_keepalive_ms,0.607740
latency,1,19,http1_python_nodelay_all_c4_keepalive_ms,0.691342
latency,1,20,http1_python_nodelay_all_c4_keepalive_ms,0.742243
latency,1,21,http1_python_nodelay_all_c4_keepalive_ms,0.359776
latency,1,22,http1_python_nodelay_all_c4_keepalive_ms,1.199010
latency,1,23,http1_python_nodelay_all_c4_keepalive_ms,0.653311
latency,1,24,http1_python_nodelay_all_c4_keepalive_ms,0.495749
latency,1,25,http1_python_nodelay_all_c4_keepalive_ms,0.553359
latency,1,26,http1_python_nodelay_all_c4_keepalive_ms,0.535179
latency,1,27,http1_python_nodelay_all_c4_keepalive_ms,0.819194
latency,1,28,http1_python_nodelay_all_c4_keepalive_ms,0.567350
latency,1,29,http1_python_nodelay_all_c4_keepalive_ms,1.209151
latency,1,30,http1_python_nodelay_all_c4_keepalive_ms,0.748552
latency,1,31,http1_python_nodelay_all_c4_keepalive_ms,0.734213
latency,1,32,http1_python_nodelay_all_c4_keepalive_ms,0.701132
latency,1,33,http1_python_nodelay_all_c4_keepalive_ms,0.766323
latency,1,34,http1_python_nodelay_all_c4_keepalive_ms,0.593250
latency,1,35,http1_python_nodelay_all_c4_keepalive_ms,0.608440
latency,1,36,http1_python_nodelay_all_c4_keepalive_ms,0.746583
latency,1,37,http1_python_nodelay_all_c4_keepalive_ms,0.595700
latency,1,38,http1_python_nodelay_all_c4_keepalive_ms,0.692912
latency,1,39,http1_python_nodelay_all_c4_keepalive_ms,0.605710
latency,1,40,http1_python_nodelay_all_c4_keepalive_ms,1.060558
latency,1,41,http1_python_nodelay_all_c4_keepalive_ms,0.739583
latency,1,42,http1_python_nodelay_all_c4_keepalive_ms,0.740702
latency,1,43,http1_python_nodelay_all_c4_keepalive_ms,0.524979
latency,1,44,http1_python_nodelay_all_c4_keepalive_ms,1.116039
latency,1,45,http1_python_nodelay_all_c4_keepalive_ms,0.826754
latency,1,46,http1_python_nodelay_all_c4_keepalive_ms,1.150310
latency,1,47,http1_python_nodelay_all_c4_keepalive_ms,1.201361
latency,1,48,http1_python_nodelay_all_c4_keepalive_ms,0.874344
latency,1,49,http1_python_nodelay_all_c4_keepalive_ms,0.536470
latency,1,50,http1_python_nodelay_all_c4_keepalive_ms,0.705912
latency,1,51,http1_python_nodelay_all_c4_keepalive_ms,1.147229
latency,1,52,http1_python_nodelay_all_c4_keepalive_ms,0.759243
latency,1,53,http1_python_nodelay_all_c4_keepalive_ms,0.609300
latency,1,54,http1_python_nodelay_all_c4_keepalive_ms,0.641571
latency,1,55,http1_python_nodelay_all_c4_keepalive_ms,0.737243
latency,1,56,http1_python_nodelay_all_c4_keepalive_ms,0.637391
latency,1,57,http1_python_nodelay_all_c4_keepalive_ms,1.396193
latency,1,58,http1_python_nodelay_all_c4_keepalive_ms,0.722853
latency,1,59,http1_python_nodelay_all_c4_keepalive_ms,0.730422
latency,1,60,http1_python_nodelay_all_c4_keepalive_ms,1.161710
latency,1,61,http1_python_nodelay_all_c4_keepalive_ms,0.719362
latency,1,62,http1_python_nodelay_all_c4_keepalive_ms,0.720292
latency,1,63,http1_python_nodelay_all_c4_keepalive_ms,0.747343
latency,1,64,http1_python_nodelay_all_c4_keepalive_ms,0.554890
latency,1,65,http1_python_nodelay_all_c4_keepalive_ms,0.714962
latency,1,66,http1_python_nodelay_all_c4_keepalive_ms,0.744622
latency,1,67,http1_python_nodelay_all_c4_keepalive_ms,0.617491
latency,1,68,http1_python_nodelay_all_c4_keepalive_ms,1.094739
latency,1,69,http1_python_nodelay_all_c4_keepalive_ms,0.729292
latency,1,70,http1_python_nodelay_all_c4_keepalive_ms,0.268755
latency,1,71,http1_python_nodelay_all_c4_keepalive_ms,0.586710
latency,1,72,http1_python_nodelay_all_c4_keepalive_ms,1.092638
latency,1,73,http1_python_nodelay_all_c4_keepalive_ms,1.171140
latency,1,74,http1_python_nodelay_all_c4_keepalive_ms,1.052248
latency,1,75,http1_python_nodelay_all_c4_keepalive_ms,0.644971
latency,1,76,http1_python_nodelay_all_c4_keepalive_ms,0.562449
latency,1,77,http1_python_nodelay_all_c4_keepalive_ms,0.812254
latency,1,78,http1_python_nodelay_all_c4_keepalive_ms,1.163750
latency,1,79,http1_python_nodelay_all_c4_keepalive_ms,0.842114
latency,1,240,http1_python_nodelay_all_c4_keepalive_ms,0.327435
latency,1,241,http1_python_nodelay_all_c4_keepalive_ms,0.626551
latency,1,242,http1_python_nodelay_all_c4_keepalive_ms,1.170770
latency,1,243,http1_python_nodelay_all_c4_keepalive_ms,0.719272
latency,1,244,http1_python_nodelay_all_c4_keepalive_ms,1.051018
latency,1,245,http1_python_nodelay_all_c4_keepalive_ms,0.740863
latency,1,246,http1_python_nodelay_all_c4_keepalive_ms,0.763273
latency,1,247,http1_python_nodelay_all_c4_keepalive_ms,0.504238
latency,1,248,http1_python_nodelay_all_c4_keepalive_ms,0.671842
latency,1,249,http1_python_nodelay_all_c4_keepalive_ms,0.595450
latency,1,250,http1_python_nodelay_all_c4_keepalive_ms,0.675021
latency,1,251,http1_python_nodelay_all_c4_keepalive_ms,0.595761
latency,1,252,http1_python_nodelay_all_c4_keepalive_ms,1.333072
latency,1,253,http1_python_nodelay_all_c4_keepalive_ms,0.609320
latency,1,254,http1_python_nodelay_all_c4_keepalive_ms,0.708992
latency,1,255,http1_python_nodelay_all_c4_keepalive_ms,0.688752
latency,1,256,http1_python_nodelay_all_c4_keepalive_ms,0.892675
latency,1,257,http1_python_nodelay_all_c4_keepalive_ms,0.581180
latency,1,258,http1_python_nodelay_all_c4_keepalive_ms,1.166500
latency,1,259,http1_python_nodelay_all_c4_keepalive_ms,0.783333
latency,1,260,http1_python_nodelay_all_c4_keepalive_ms,1.003518
latency,1,261,http1_python_nodelay_all_c4_keepalive_ms,0.713412
latency,1,262,http1_python_nodelay_all_c4_keepalive_ms,0.630430
latency,1,263,http1_python_nodelay_all_c4_keepalive_ms,1.578427
latency,1,264,http1_python_nodelay_all_c4_keepalive_ms,0.777624
latency,1,265,http1_python_nodelay_all_c4_keepalive_ms,1.138769
latency,1,266,http1_python_nodelay_all_c4_keepalive_ms,0.750223
latency,1,267,http1_python_nodelay_all_c4_keepalive_ms,0.612500
latency,1,268,http1_python_nodelay_all_c4_keepalive_ms,0.633251
latency,1,269,http1_python_nodelay_all_c4_keepalive_ms,0.733383
latency,1,270,http1_python_nodelay_all_c4_keepalive_ms,0.831294
latency,1,271,http1_python_nodelay_all_c4_keepalive_ms,1.187030
latency,1,272,http1_python_nodelay_all_c4_keepalive_ms,0.753322
latency,1,273,http1_python_nodelay_all_c4_keepalive_ms,1.185921
latency,1,274,http1_python_nodelay_all_c4_keepalive_ms,1.264791
latency,1,275,http1_python_nodelay_all_c4_keepalive_ms,0.875015
latency,1,276,http1_python_nodelay_all_c4_keepalive_ms,0.365826
latency,1,277,http1_python_nodelay_all_c4_keepalive_ms,0.746783
latency,1,278,http1_python_nodelay_all_c4_keepalive_ms,0.687422
latency,1,279,http1_python_nodelay_all_c4_keepalive_ms,1.079498
latency,1,280,http1_python_nodelay_all_c4_keepalive_ms,1.260062
latency,1,281,http1_python_nodelay_all_c4_keepalive_ms,0.776343
latency,1,282,http1_python_nodelay_all_c4_keepalive_ms,0.567330
latency,1,283,http1_python_nodelay_all_c4_keepalive_ms,0.638310
latency,1,284,http1_python_nodelay_all_c4_keepalive_ms,1.430845
latency,1,285,http1_python_nodelay_all_c4_keepalive_ms,1.069098
latency,1,286,http1_python_nodelay_all_c4_keepalive_ms,0.714762
latency,1,287,http1_python_nodelay_all_c4_keepalive_ms,0.583260
latency,1,288,http1_python_nodelay_all_c4_keepalive_ms,1.207881
latency,1,289,http1_python_nodelay_all_c4_keepalive_ms,0.765173
latency,1,290,http1_python_nodelay_all_c4_keepalive_ms,0.736952
latency,1,291,http1_python_nodelay_all_c4_keepalive_ms,0.698682
latency,1,292,http1_python_nodelay_all_c4_keepalive_ms,0.621740
latency,1,293,http1_python_nodelay_all_c4_keepalive_ms,1.008268
latency,1,294,http1_python_nodelay_all_c4_keepalive_ms,1.159439
latency,1,295,http1_python_nodelay_all_c4_keepalive_ms,0.636261
latency,1,296,http1_python_nodelay_all_c4_keepalive_ms,1.114829
latency,1,297,http1_python_nodelay_all_c4_keepalive_ms,0.872275
latency,1,298,http1_python_nodelay_all_c4_keepalive_ms,0.346156
latency,1,299,http1_python_nodelay_all_c4_keepalive_ms,0.763563
latency,1,300,http1_python_nodelay_all_c4_keepalive_ms,0.885005
latency,1,301,http1_python_nodelay_all_c4_keepalive_ms,0.659331
latency,1,302,http1_python_nodelay_all_c4_keepalive_ms,0.724433
latency,1,303,http1_python_nodelay_all_c4_keepalive_ms,0.362426
latency,1,304,http1_python_nodelay_all_c4_keepalive_ms,0.709532
latency,1,305,http1_python_nodelay_all_c4_keepalive_ms,0.659951
latency,1,306,http1_python_nodelay_all_c4_keepalive_ms,1.090009
latency,1,307,http1_python_nodelay_all_c4_keepalive_ms,0.928086
latency,1,308,http1_python_nodelay_all_c4_keepalive_ms,0.631930
latency,1,309,http1_python_nodelay_all_c4_keepalive_ms,1.008228
latency,1,310,http1_python_nodelay_all_c4_keepalive_ms,0.750062
latency,1,311,http1_python_nodelay_all_c4_keepalive_ms,0.431848
latency,1,312,http1_python_nodelay_all_c4_keepalive_ms,0.608510
latency,1,313,http1_python_nodelay_all_c4_keepalive_ms,0.708102
latency,1,314,http1_python_nodelay_all_c4_keepalive_ms,0.699612
latency,1,315,http1_python_nodelay_all_c4_keepalive_ms,0.650841
latency,1,316,http1_python_nodelay_all_c4_keepalive_ms,1.540826
latency,1,317,http1_python_nodelay_all_c4_keepalive_ms,0.632661
latency,1,318,http1_python_nodelay_all_c4_keepalive_ms,0.425317
latency,1,319,http1_python_nodelay_all_c4_keepalive_ms,0.426757
latency,1,80,http1_python_nodelay_all_c4_keepalive_ms,0.950796
latency,1,81,http1_python_nodelay_all_c4_keepalive_ms,0.626381
latency,1,82,http1_python_nodelay_all_c4_keepalive_ms,1.135419
latency,1,83,http1_python_nodelay_all_c4_keepalive_ms,0.875005
latency,1,84,http1_python_nodelay_all_c4_keepalive_ms,0.351866
latency,1,85,http1_python_nodelay_all_c4_keepalive_ms,0.774753
latency,1,86,http1_python_nodelay_all_c4_keepalive_ms,0.635281
latency,1,87,http1_python_nodelay_all_c4_keepalive_ms,1.224871
latency,1,88,http1_python_nodelay_all_c4_keepalive_ms,0.547420
latency,1,89,http1_python_nodelay_all_c4_keepalive_ms,1.178640
latency,1,90,http1_python_nodelay_all_c4_keepalive_ms,1.338162
latency,1,91,http1_python_nodelay_all_c4_keepalive_ms,0.766963
latency,1,92,http1_python_nodelay_all_c4_keepalive_ms,0.716742
latency,1,93,http1_python_nodelay_all_c4_keepalive_ms,0.658252
latency,1,94,http1_python_nodelay_all_c4_keepalive_ms,1.380363
latency,1,95,http1_python_nodelay_all_c4_keepalive_ms,0.722192
latency,1,96,http1_python_nodelay_all_c4_keepalive_ms,1.182521
latency,1,97,http1_python_nodelay_all_c4_keepalive_ms,0.786783
latency,1,98,http1_python_nodelay_all_c4_keepalive_ms,1.090599
latency,1,99,http1_python_nodelay_all_c4_keepalive_ms,0.642190
latency,1,100,http1_python_nodelay_all_c4_keepalive_ms,0.549820
latency,1,101,http1_python_nodelay_all_c4_keepalive_ms,0.447767
latency,1,102,http1_python_nodelay_all_c4_keepalive_ms,1.043448
latency,1,103,http1_python_nodelay_all_c4_keepalive_ms,0.911346
latency,1,104,http1_python_nodelay_all_c4_keepalive_ms,0.567349
latency,1,105,http1_python_nodelay_all_c4_keepalive_ms,0.640821
latency,1,106,http1_python_nodelay_all_c4_keepalive_ms,1.164000
latency,1,107,http1_python_nodelay_all_c4_keepalive_ms,0.817084
latency,1,108,http1_python_nodelay_all_c4_keepalive_ms,0.805344
latency,1,109,http1_python_nodelay_all_c4_keepalive_ms,0.686822
latency,1,110,http1_python_nodelay_all_c4_keepalive_ms,0.854264
latency,1,111,http1_python_nodelay_all_c4_keepalive_ms,1.093718
latency,1,112,http1_python_nodelay_all_c4_keepalive_ms,0.641411
latency,1,113,http1_python_nodelay_all_c4_keepalive_ms,0.598250
latency,1,114,http1_python_nodelay_all_c4_keepalive_ms,0.701031
latency,1,115,http1_python_nodelay_all_c4_keepalive_ms,0.718373
latency,1,116,http1_python_nodelay_all_c4_keepalive_ms,1.088448
latency,1,117,http1_python_nodelay_all_c4_keepalive_ms,1.165410
latency,1,118,http1_python_nodelay_all_c4_keepalive_ms,0.624001
latency,1,119,http1_python_nodelay_all_c4_keepalive_ms,0.637291
latency,1,120,http1_python_nodelay_all_c4_keepalive_ms,0.729012
latency,1,121,http1_python_nodelay_all_c4_keepalive_ms,0.671251
latency,1,122,http1_python_nodelay_all_c4_keepalive_ms,1.207441
latency,1,123,http1_python_nodelay_all_c4_keepalive_ms,0.574000
latency,1,124,http1_python_nodelay_all_c4_keepalive_ms,0.247314
latency,1,125,http1_python_nodelay_all_c4_keepalive_ms,0.525229
latency,1,126,http1_python_nodelay_all_c4_keepalive_ms,1.068158
latency,1,127,http1_python_nodelay_all_c4_keepalive_ms,0.844995
latency,1,128,http1_python_nodelay_all_c4_keepalive_ms,1.194820
latency,1,129,http1_python_nodelay_all_c4_keepalive_ms,0.643261
latency,1,130,http1_python_nodelay_all_c4_keepalive_ms,0.716102
latency,1,131,http1_python_nodelay_all_c4_keepalive_ms,1.218631
latency,1,132,http1_python_nodelay_all_c4_keepalive_ms,0.840324
latency,1,133,http1_python_nodelay_all_c4_keepalive_ms,0.780643
latency,1,134,http1_python_nodelay_all_c4_keepalive_ms,0.682612
latency,1,135,http1_python_nodelay_all_c4_keepalive_ms,0.703772
latency,1,136,http1_python_nodelay_all_c4_keepalive_ms,0.589550
latency,1,137,http1_python_nodelay_all_c4_keepalive_ms,0.626821
latency,1,138,http1_python_nodelay_all_c4_keepalive_ms,0.642260
latency,1,139,http1_python_nodelay_all_c4_keepalive_ms,0.719983
latency,1,140,http1_python_nodelay_all_c4_keepalive_ms,1.356193
latency,1,141,http1_python_nodelay_all_c4_keepalive_ms,0.682472
latency,1,142,http1_python_nodelay_all_c4_keepalive_ms,0.612630
latency,1,143,http1_python_nodelay_all_c4_keepalive_ms,1.034208
latency,1,144,http1_python_nodelay_all_c4_keepalive_ms,0.720982
latency,1,145,http1_python_nodelay_all_c4_keepalive_ms,0.750763
latency,1,146,http1_python_nodelay_all_c4_keepalive_ms,0.900775
latency,1,147,http1_python_nodelay_all_c4_keepalive_ms,0.444348
latency,1,148,http1_python_nodelay_all_c4_keepalive_ms,0.568619
latency,1,149,http1_python_nodelay_all_c4_keepalive_ms,0.734793
latency,1,150,http1_python_nodelay_all_c4_keepalive_ms,1.010287
latency,1,151,http1_python_nodelay_all_c4_keepalive_ms,0.558330
latency,1,152,http1_python_nodelay_all_c4_keepalive_ms,1.938712
latency,1,153,http1_python_nodelay_all_c4_keepalive_ms,0.700072
latency,1,154,http1_python_nodelay_all_c4_keepalive_ms,0.650691
latency,1,155,http1_python_nodelay_all_c4_keepalive_ms,1.073378
latency,1,156,http1_python_nodelay_all_c4_keepalive_ms,0.517959
latency,1,157,http1_python_nodelay_all_c4_keepalive_ms,0.531699
latency,1,158,http1_python_nodelay_all_c4_keepalive_ms,0.800794
latency,1,159,http1_python_nodelay_all_c4_keepalive_ms,0.888845
latency,1,160,http1_python_nodelay_all_c4_keepalive_ms,1.499805
latency,1,161,http1_python_nodelay_all_c4_keepalive_ms,0.683262
latency,1,162,http1_python_nodelay_all_c4_keepalive_ms,0.730813
latency,1,163,http1_python_nodelay_all_c4_keepalive_ms,0.665581
latency,1,164,http1_python_nodelay_all_c4_keepalive_ms,1.104819
latency,1,165,http1_python_nodelay_all_c4_keepalive_ms,1.098848
latency,1,166,http1_python_nodelay_all_c4_keepalive_ms,1.284242
latency,1,167,http1_python_nodelay_all_c4_keepalive_ms,0.792194
latency,1,168,http1_python_nodelay_all_c4_keepalive_ms,0.953946
latency,1,169,http1_python_nodelay_all_c4_keepalive_ms,0.768813
latency,1,170,http1_python_nodelay_all_c4_keepalive_ms,0.815674
latency,1,171,http1_python_nodelay_all_c4_keepalive_ms,0.762743
latency,1,172,http1_python_nodelay_all_c4_keepalive_ms,0.938936
latency,1,173,http1_python_nodelay_all_c4_keepalive_ms,0.539719
latency,1,174,http1_python_nodelay_all_c4_keepalive_ms,1.153110
latency,1,175,http1_python_nodelay_all_c4_keepalive_ms,0.713402
latency,1,176,http1_python_nodelay_all_c4_keepalive_ms,0.643541
latency,1,177,http1_python_nodelay_all_c4_keepalive_ms,0.742932
latency,1,178,http1_python_nodelay_all_c4_keepalive_ms,1.043458
latency,1,179,http1_python_nodelay_all_c4_keepalive_ms,1.772590
latency,1,180,http1_python_nodelay_all_c4_keepalive_ms,1.076749
latency,1,181,http1_python_nodelay_all_c4_keepalive_ms,0.716372
latency,1,182,http1_python_nodelay_all_c4_keepalive_ms,1.235241
latency,1,183,http1_python_nodelay_all_c4_keepalive_ms,0.640661
latency,1,184,http1_python_nodelay_all_c4_keepalive_ms,0.733752
latency,1,185,http1_python_nodelay_all_c4_keepalive_ms,1.312553
latency,1,186,http1_python_nodelay_all_c4_keepalive_ms,0.787013
latency,1,187,http1_python_nodelay_all_c4_keepalive_ms,1.175340
latency,1,188,http1_python_nodelay_all_c4_keepalive_ms,0.769713
latency,1,189,http1_python_nodelay_all_c4_keepalive_ms,1.205620
latency,1,190,http1_python_nodelay_all_c4_keepalive_ms,0.816114
latency,1,191,http1_python_nodelay_all_c4_keepalive_ms,0.638811
latency,1,192,http1_python_nodelay_all_c4_keepalive_ms,1.139010
latency,1,193,http1_python_nodelay_all_c4_keepalive_ms,0.731792
latency,1,194,http1_python_nodelay_all_c4_keepalive_ms,1.081659
latency,1,195,http1_python_nodelay_all_c4_keepalive_ms,0.610970
latency,1,196,http1_python_nodelay_all_c4_keepalive_ms,0.682672
latency,1,197,http1_python_nodelay_all_c4_keepalive_ms,0.670791
latency,1,198,http1_python_nodelay_all_c4_keepalive_ms,0.591300
latency,1,199,http1_python_nodelay_all_c4_keepalive_ms,0.616311
latency,1,200,http1_python_nodelay_all_c4_keepalive_ms,1.305562
latency,1,201,http1_python_nodelay_all_c4_keepalive_ms,0.647961
latency,1,202,http1_python_nodelay_all_c4_keepalive_ms,0.623601
latency,1,203,http1_python_nodelay_all_c4_keepalive_ms,0.728132
latency,1,204,http1_python_nodelay_all_c4_keepalive_ms,0.561500
latency,1,205,http1_python_nodelay_all_c4_keepalive_ms,0.652031
latency,1,206,http1_python_nodelay_all_c4_keepalive_ms,1.207530
latency,1,207,http1_python_nodelay_all_c4_keepalive_ms,0.779874
latency,1,208,http1_python_nodelay_all_c4_keepalive_ms,0.687411
latency,1,209,http1_python_nodelay_all_c4_keepalive_ms,0.724482
latency,1,210,http1_python_nodelay_all_c4_keepalive_ms,0.670682
latency,1,211,http1_python_nodelay_all_c4_keepalive_ms,0.854564
latency,1,212,http1_python_nodelay_all_c4_keepalive_ms,1.139760
latency,1,213,http1_python_nodelay_all_c4_keepalive_ms,0.673521
latency,1,214,http1_python_nodelay_all_c4_keepalive_ms,0.719312
latency,1,215,http1_python_nodelay_all_c4_keepalive_ms,0.965427
latency,1,216,http1_python_nodelay_all_c4_keepalive_ms,1.033397
latency,1,217,http1_python_nodelay_all_c4_keepalive_ms,1.204461
latency,1,218,http1_python_nodelay_all_c4_keepalive_ms,0.840994
latency,1,219,http1_python_nodelay_all_c4_keepalive_ms,1.050918
latency,1,220,http1_python_nodelay_all_c4_keepalive_ms,1.499186
latency,1,221,http1_python_nodelay_all_c4_keepalive_ms,0.994097
latency,1,222,http1_python_nodelay_all_c4_keepalive_ms,0.914685
latency,1,223,http1_python_nodelay_all_c4_keepalive_ms,0.540620
latency,1,224,http1_python_nodelay_all_c4_keepalive_ms,0.870054
latency,1,225,http1_python_nodelay_all_c4_keepalive_ms,1.242171
latency,1,226,http1_python_nodelay_all_c4_keepalive_ms,0.476418
latency,1,227,http1_python_nodelay_all_c4_keepalive_ms,1.068348
latency,1,228,http1_python_nodelay_all_c4_keepalive_ms,0.686642
latency,1,229,http1_python_nodelay_all_c4_keepalive_ms,0.632061
latency,1,230,http1_python_nodelay_all_c4_keepalive_ms,0.923376
latency,1,231,http1_python_nodelay_all_c4_keepalive_ms,0.884595
latency,1,232,http1_python_nodelay_all_c4_keepalive_ms,0.955386
latency,1,233,http1_python_nodelay_all_c4_keepalive_ms,0.479048
latency,1,234,http1_python_nodelay_all_c4_keepalive_ms,0.561710
latency,1,235,http1_python_nodelay_all_c4_keepalive_ms,0.290185
latency,1,236,http1_python_nodelay_all_c4_keepalive_ms,0.230504
latency,1,237,http1_python_nodelay_all_c4_keepalive_ms,0.249754
latency,1,238,http1_python_nodelay_all_c4_keepalive_ms,0.240354
latency,1,239,http1_python_nodelay_all_c4_keepalive_ms,0.296015
trial,1,320,http1_python_nodelay_all_c4_median_ms,0.730813
trial,1,320,http1_python_nodelay_all_c4_p95_ms,1.260062
trial,1,320,http1_python_nodelay_all_c4_requests_per_second,4745.531
trial,1,320,http1_python_nodelay_all_c4_wall_ms,67.432
latency,2,80,http1_python_nodelay_all_c4_keepalive_ms,0.647241
latency,2,81,http1_python_nodelay_all_c4_keepalive_ms,1.706559
latency,2,82,http1_python_nodelay_all_c4_keepalive_ms,0.568050
latency,2,83,http1_python_nodelay_all_c4_keepalive_ms,0.621321
latency,2,84,http1_python_nodelay_all_c4_keepalive_ms,0.706302
latency,2,85,http1_python_nodelay_all_c4_keepalive_ms,1.360453
latency,2,86,http1_python_nodelay_all_c4_keepalive_ms,0.674191
latency,2,87,http1_python_nodelay_all_c4_keepalive_ms,0.618081
latency,2,88,http1_python_nodelay_all_c4_keepalive_ms,0.712412
latency,2,89,http1_python_nodelay_all_c4_keepalive_ms,0.582610
latency,2,90,http1_python_nodelay_all_c4_keepalive_ms,0.631721
latency,2,91,http1_python_nodelay_all_c4_keepalive_ms,1.176139
latency,2,92,http1_python_nodelay_all_c4_keepalive_ms,0.734443
latency,2,93,http1_python_nodelay_all_c4_keepalive_ms,1.037077
latency,2,94,http1_python_nodelay_all_c4_keepalive_ms,0.691802
latency,2,95,http1_python_nodelay_all_c4_keepalive_ms,0.619331
latency,2,96,http1_python_nodelay_all_c4_keepalive_ms,0.728052
latency,2,97,http1_python_nodelay_all_c4_keepalive_ms,0.669782
latency,2,98,http1_python_nodelay_all_c4_keepalive_ms,1.223161
latency,2,99,http1_python_nodelay_all_c4_keepalive_ms,0.589490
latency,2,100,http1_python_nodelay_all_c4_keepalive_ms,0.355576
latency,2,101,http1_python_nodelay_all_c4_keepalive_ms,0.615740
latency,2,102,http1_python_nodelay_all_c4_keepalive_ms,0.696652
latency,2,103,http1_python_nodelay_all_c4_keepalive_ms,0.643781
latency,2,104,http1_python_nodelay_all_c4_keepalive_ms,0.698352
latency,2,105,http1_python_nodelay_all_c4_keepalive_ms,0.576890
latency,2,106,http1_python_nodelay_all_c4_keepalive_ms,1.129989
latency,2,107,http1_python_nodelay_all_c4_keepalive_ms,0.866165
latency,2,108,http1_python_nodelay_all_c4_keepalive_ms,1.087158
latency,2,109,http1_python_nodelay_all_c4_keepalive_ms,0.771753
latency,2,110,http1_python_nodelay_all_c4_keepalive_ms,0.901276
latency,2,111,http1_python_nodelay_all_c4_keepalive_ms,0.543819
latency,2,112,http1_python_nodelay_all_c4_keepalive_ms,0.941446
latency,2,113,http1_python_nodelay_all_c4_keepalive_ms,1.091648
latency,2,114,http1_python_nodelay_all_c4_keepalive_ms,0.871885
latency,2,115,http1_python_nodelay_all_c4_keepalive_ms,0.354416
latency,2,116,http1_python_nodelay_all_c4_keepalive_ms,0.740633
latency,2,117,http1_python_nodelay_all_c4_keepalive_ms,0.885645
latency,2,118,http1_python_nodelay_all_c4_keepalive_ms,0.659941
latency,2,119,http1_python_nodelay_all_c4_keepalive_ms,0.725813
latency,2,120,http1_python_nodelay_all_c4_keepalive_ms,0.736992
latency,2,121,http1_python_nodelay_all_c4_keepalive_ms,0.733633
latency,2,122,http1_python_nodelay_all_c4_keepalive_ms,1.025097
latency,2,123,http1_python_nodelay_all_c4_keepalive_ms,0.596500
latency,2,124,http1_python_nodelay_all_c4_keepalive_ms,0.743063
latency,2,125,http1_python_nodelay_all_c4_keepalive_ms,0.617220
latency,2,126,http1_python_nodelay_all_c4_keepalive_ms,0.631161
latency,2,127,http1_python_nodelay_all_c4_keepalive_ms,0.641551
latency,2,128,http1_python_nodelay_all_c4_keepalive_ms,0.735853
latency,2,129,http1_python_nodelay_all_c4_keepalive_ms,0.566379
latency,2,130,http1_python_nodelay_all_c4_keepalive_ms,0.643331
latency,2,131,http1_python_nodelay_all_c4_keepalive_ms,1.053558
latency,2,132,http1_python_nodelay_all_c4_keepalive_ms,0.748893
latency,2,133,http1_python_nodelay_all_c4_keepalive_ms,0.705272
latency,2,134,http1_python_nodelay_all_c4_keepalive_ms,0.669781
latency,2,135,http1_python_nodelay_all_c4_keepalive_ms,0.925106
latency,2,136,http1_python_nodelay_all_c4_keepalive_ms,0.837394
latency,2,137,http1_python_nodelay_all_c4_keepalive_ms,1.132719
latency,2,138,http1_python_nodelay_all_c4_keepalive_ms,0.855215
latency,2,139,http1_python_nodelay_all_c4_keepalive_ms,0.348506
latency,2,140,http1_python_nodelay_all_c4_keepalive_ms,0.748533
latency,2,141,http1_python_nodelay_all_c4_keepalive_ms,0.875115
latency,2,142,http1_python_nodelay_all_c4_keepalive_ms,0.676881
latency,2,143,http1_python_nodelay_all_c4_keepalive_ms,0.737623
latency,2,144,http1_python_nodelay_all_c4_keepalive_ms,0.740842
latency,2,145,http1_python_nodelay_all_c4_keepalive_ms,0.776564
latency,2,146,http1_python_nodelay_all_c4_keepalive_ms,1.064768
latency,2,147,http1_python_nodelay_all_c4_keepalive_ms,1.035167
latency,2,148,http1_python_nodelay_all_c4_keepalive_ms,1.189591
latency,2,149,http1_python_nodelay_all_c4_keepalive_ms,0.725172
latency,2,150,http1_python_nodelay_all_c4_keepalive_ms,0.993057
latency,2,151,http1_python_nodelay_all_c4_keepalive_ms,0.720172
latency,2,152,http1_python_nodelay_all_c4_keepalive_ms,0.983037
latency,2,153,http1_python_nodelay_all_c4_keepalive_ms,1.022537
latency,2,154,http1_python_nodelay_all_c4_keepalive_ms,1.211931
latency,2,155,http1_python_nodelay_all_c4_keepalive_ms,0.682701
latency,2,156,http1_python_nodelay_all_c4_keepalive_ms,0.726343
latency,2,157,http1_python_nodelay_all_c4_keepalive_ms,0.664441
latency,2,158,http1_python_nodelay_all_c4_keepalive_ms,0.557930
latency,2,159,http1_python_nodelay_all_c4_keepalive_ms,1.120879
latency,2,240,http1_python_nodelay_all_c4_keepalive_ms,0.725222
latency,2,241,http1_python_nodelay_all_c4_keepalive_ms,1.054658
latency,2,242,http1_python_nodelay_all_c4_keepalive_ms,0.821744
latency,2,243,http1_python_nodelay_all_c4_keepalive_ms,1.022578
latency,2,244,http1_python_nodelay_all_c4_keepalive_ms,0.624260
latency,2,245,http1_python_nodelay_all_c4_keepalive_ms,0.741163
latency,2,246,http1_python_nodelay_all_c4_keepalive_ms,0.565919
latency,2,247,http1_python_nodelay_all_c4_keepalive_ms,0.705263
latency,2,248,http1_python_nodelay_all_c4_keepalive_ms,0.695201
latency,2,249,http1_python_nodelay_all_c4_keepalive_ms,0.730173
latency,2,250,http1_python_nodelay_all_c4_keepalive_ms,0.559099
latency,2,251,http1_python_nodelay_all_c4_keepalive_ms,1.160640
latency,2,252,http1_python_nodelay_all_c4_keepalive_ms,0.692261
latency,2,253,http1_python_nodelay_all_c4_keepalive_ms,0.715423
latency,2,254,http1_python_nodelay_all_c4_keepalive_ms,0.655301
latency,2,255,http1_python_nodelay_all_c4_keepalive_ms,1.068948
latency,2,256,http1_python_nodelay_all_c4_keepalive_ms,0.597360
latency,2,257,http1_python_nodelay_all_c4_keepalive_ms,0.679732
latency,2,258,http1_python_nodelay_all_c4_keepalive_ms,1.204180
latency,2,259,http1_python_nodelay_all_c4_keepalive_ms,0.766743
latency,2,260,http1_python_nodelay_all_c4_keepalive_ms,1.070729
latency,2,261,http1_python_nodelay_all_c4_keepalive_ms,1.157579
latency,2,262,http1_python_nodelay_all_c4_keepalive_ms,0.720053
latency,2,263,http1_python_nodelay_all_c4_keepalive_ms,1.107409
latency,2,264,http1_python_nodelay_all_c4_keepalive_ms,0.692141
latency,2,265,http1_python_nodelay_all_c4_keepalive_ms,0.646811
latency,2,266,http1_python_nodelay_all_c4_keepalive_ms,0.701732
latency,2,267,http1_python_nodelay_all_c4_keepalive_ms,1.156440
latency,2,268,http1_python_nodelay_all_c4_keepalive_ms,0.748123
latency,2,269,http1_python_nodelay_all_c4_keepalive_ms,0.273675
latency,2,270,http1_python_nodelay_all_c4_keepalive_ms,0.581129
latency,2,271,http1_python_nodelay_all_c4_keepalive_ms,0.842984
latency,2,272,http1_python_nodelay_all_c4_keepalive_ms,0.609941
latency,2,273,http1_python_nodelay_all_c4_keepalive_ms,0.639871
latency,2,274,http1_python_nodelay_all_c4_keepalive_ms,0.647641
latency,2,275,http1_python_nodelay_all_c4_keepalive_ms,1.012327
latency,2,276,http1_python_nodelay_all_c4_keepalive_ms,1.026037
latency,2,277,http1_python_nodelay_all_c4_keepalive_ms,1.200331
latency,2,278,http1_python_nodelay_all_c4_keepalive_ms,0.836954
latency,2,279,http1_python_nodelay_all_c4_keepalive_ms,0.827974
latency,2,280,http1_python_nodelay_all_c4_keepalive_ms,0.712232
latency,2,281,http1_python_nodelay_all_c4_keepalive_ms,0.652292
latency,2,282,http1_python_nodelay_all_c4_keepalive_ms,0.640020
latency,2,283,http1_python_nodelay_all_c4_keepalive_ms,0.374437
latency,2,284,http1_python_nodelay_all_c4_keepalive_ms,1.185540
latency,2,285,http1_python_nodelay_all_c4_keepalive_ms,1.220051
latency,2,286,http1_python_nodelay_all_c4_keepalive_ms,0.848194
latency,2,287,http1_python_nodelay_all_c4_keepalive_ms,1.209941
latency,2,288,http1_python_nodelay_all_c4_keepalive_ms,0.592520
latency,2,289,http1_python_nodelay_all_c4_keepalive_ms,0.568000
latency,2,290,http1_python_nodelay_all_c4_keepalive_ms,1.215790
latency,2,291,http1_python_nodelay_all_c4_keepalive_ms,0.870395
latency,2,292,http1_python_nodelay_all_c4_keepalive_ms,0.682461
latency,2,293,http1_python_nodelay_all_c4_keepalive_ms,0.913386
latency,2,294,http1_python_nodelay_all_c4_keepalive_ms,0.750453
latency,2,295,http1_python_nodelay_all_c4_keepalive_ms,0.612960
latency,2,296,http1_python_nodelay_all_c4_keepalive_ms,1.023598
latency,2,297,http1_python_nodelay_all_c4_keepalive_ms,1.021837
latency,2,298,http1_python_nodelay_all_c4_keepalive_ms,1.212441
latency,2,299,http1_python_nodelay_all_c4_keepalive_ms,0.846004
latency,2,300,http1_python_nodelay_all_c4_keepalive_ms,0.845415
latency,2,301,http1_python_nodelay_all_c4_keepalive_ms,0.724692
latency,2,302,http1_python_nodelay_all_c4_keepalive_ms,0.758203
latency,2,303,http1_python_nodelay_all_c4_keepalive_ms,0.354546
latency,2,304,http1_python_nodelay_all_c4_keepalive_ms,0.760213
latency,2,305,http1_python_nodelay_all_c4_keepalive_ms,0.913196
latency,2,306,http1_python_nodelay_all_c4_keepalive_ms,0.825244
latency,2,307,http1_python_nodelay_all_c4_keepalive_ms,1.322272
latency,2,308,http1_python_nodelay_all_c4_keepalive_ms,0.791734
latency,2,309,http1_python_nodelay_all_c4_keepalive_ms,0.641911
latency,2,310,http1_python_nodelay_all_c4_keepalive_ms,1.364482
latency,2,311,http1_python_nodelay_all_c4_keepalive_ms,0.664512
latency,2,312,http1_python_nodelay_all_c4_keepalive_ms,0.592670
latency,2,313,http1_python_nodelay_all_c4_keepalive_ms,0.637301
latency,2,314,http1_python_nodelay_all_c4_keepalive_ms,0.681871
latency,2,315,http1_python_nodelay_all_c4_keepalive_ms,0.732243
latency,2,316,http1_python_nodelay_all_c4_keepalive_ms,1.105139
latency,2,317,http1_python_nodelay_all_c4_keepalive_ms,0.969116
latency,2,318,http1_python_nodelay_all_c4_keepalive_ms,0.662101
latency,2,319,http1_python_nodelay_all_c4_keepalive_ms,0.332606
latency,2,160,http1_python_nodelay_all_c4_keepalive_ms,1.200431
latency,2,161,http1_python_nodelay_all_c4_keepalive_ms,0.759622
latency,2,162,http1_python_nodelay_all_c4_keepalive_ms,0.482889
latency,2,163,http1_python_nodelay_all_c4_keepalive_ms,0.966506
latency,2,164,http1_python_nodelay_all_c4_keepalive_ms,0.869705
latency,2,165,http1_python_nodelay_all_c4_keepalive_ms,0.359566
latency,2,166,http1_python_nodelay_all_c4_keepalive_ms,0.739983
latency,2,167,http1_python_nodelay_all_c4_keepalive_ms,0.889895
latency,2,168,http1_python_nodelay_all_c4_keepalive_ms,0.727172
latency,2,169,http1_python_nodelay_all_c4_keepalive_ms,1.142750
latency,2,170,http1_python_nodelay_all_c4_keepalive_ms,0.744052
latency,2,171,http1_python_nodelay_all_c4_keepalive_ms,0.611460
latency,2,172,http1_python_nodelay_all_c4_keepalive_ms,1.184551
latency,2,173,http1_python_nodelay_all_c4_keepalive_ms,0.796733
latency,2,174,http1_python_nodelay_all_c4_keepalive_ms,1.550957
latency,2,175,http1_python_nodelay_all_c4_keepalive_ms,0.817984
latency,2,176,http1_python_nodelay_all_c4_keepalive_ms,0.623820
latency,2,177,http1_python_nodelay_all_c4_keepalive_ms,0.594670
latency,2,178,http1_python_nodelay_all_c4_keepalive_ms,1.163810
latency,2,179,http1_python_nodelay_all_c4_keepalive_ms,0.637631
latency,2,180,http1_python_nodelay_all_c4_keepalive_ms,0.630551
latency,2,181,http1_python_nodelay_all_c4_keepalive_ms,0.748803
latency,2,182,http1_python_nodelay_all_c4_keepalive_ms,0.978866
latency,2,183,http1_python_nodelay_all_c4_keepalive_ms,0.692412
latency,2,184,http1_python_nodelay_all_c4_keepalive_ms,0.578760
latency,2,185,http1_python_nodelay_all_c4_keepalive_ms,0.724192
latency,2,186,http1_python_nodelay_all_c4_keepalive_ms,0.622431
latency,2,187,http1_python_nodelay_all_c4_keepalive_ms,0.544249
latency,2,188,http1_python_nodelay_all_c4_keepalive_ms,0.614471
latency,2,189,http1_python_nodelay_all_c4_keepalive_ms,1.518126
latency,2,190,http1_python_nodelay_all_c4_keepalive_ms,1.441854
latency,2,191,http1_python_nodelay_all_c4_keepalive_ms,0.664151
latency,2,192,http1_python_nodelay_all_c4_keepalive_ms,0.796804
latency,2,193,http1_python_nodelay_all_c4_keepalive_ms,0.654871
latency,2,194,http1_python_nodelay_all_c4_keepalive_ms,1.351323
latency,2,195,http1_python_nodelay_all_c4_keepalive_ms,0.672691
latency,2,196,http1_python_nodelay_all_c4_keepalive_ms,0.615071
latency,2,197,http1_python_nodelay_all_c4_keepalive_ms,0.696822
latency,2,198,http1_python_nodelay_all_c4_keepalive_ms,0.913975
latency,2,199,http1_python_nodelay_all_c4_keepalive_ms,0.633151
latency,2,200,http1_python_nodelay_all_c4_keepalive_ms,0.721132
latency,2,201,http1_python_nodelay_all_c4_keepalive_ms,0.900476
latency,2,202,http1_python_nodelay_all_c4_keepalive_ms,0.696062
latency,2,203,http1_python_nodelay_all_c4_keepalive_ms,0.664251
latency,2,204,http1_python_nodelay_all_c4_keepalive_ms,0.584190
latency,2,205,http1_python_nodelay_all_c4_keepalive_ms,0.720062
latency,2,206,http1_python_nodelay_all_c4_keepalive_ms,0.633201
latency,2,207,http1_python_nodelay_all_c4_keepalive_ms,0.588170
latency,2,208,http1_python_nodelay_all_c4_keepalive_ms,0.621991
latency,2,209,http1_python_nodelay_all_c4_keepalive_ms,0.993236
latency,2,210,http1_python_nodelay_all_c4_keepalive_ms,0.831315
latency,2,211,http1_python_nodelay_all_c4_keepalive_ms,0.809553
latency,2,212,http1_python_nodelay_all_c4_keepalive_ms,1.295172
latency,2,213,http1_python_nodelay_all_c4_keepalive_ms,1.113499
latency,2,214,http1_python_nodelay_all_c4_keepalive_ms,0.551929
latency,2,215,http1_python_nodelay_all_c4_keepalive_ms,0.658382
latency,2,216,http1_python_nodelay_all_c4_keepalive_ms,0.675761
latency,2,217,http1_python_nodelay_all_c4_keepalive_ms,0.735493
latency,2,218,http1_python_nodelay_all_c4_keepalive_ms,0.554769
latency,2,219,http1_python_nodelay_all_c4_keepalive_ms,0.703892
latency,2,220,http1_python_nodelay_all_c4_keepalive_ms,0.755353
latency,2,221,http1_python_nodelay_all_c4_keepalive_ms,0.968457
latency,2,222,http1_python_nodelay_all_c4_keepalive_ms,1.110649
latency,2,223,http1_python_nodelay_all_c4_keepalive_ms,0.881385
latency,2,224,http1_python_nodelay_all_c4_keepalive_ms,1.362173
latency,2,225,http1_python_nodelay_all_c4_keepalive_ms,0.710922
latency,2,226,http1_python_nodelay_all_c4_keepalive_ms,0.534089
latency,2,227,http1_python_nodelay_all_c4_keepalive_ms,0.551959
latency,2,228,http1_python_nodelay_all_c4_keepalive_ms,0.866435
latency,2,229,http1_python_nodelay_all_c4_keepalive_ms,0.856475
latency,2,230,http1_python_nodelay_all_c4_keepalive_ms,0.770913
latency,2,231,http1_python_nodelay_all_c4_keepalive_ms,0.367296
latency,2,232,http1_python_nodelay_all_c4_keepalive_ms,0.748513
latency,2,233,http1_python_nodelay_all_c4_keepalive_ms,0.870434
latency,2,234,http1_python_nodelay_all_c4_keepalive_ms,0.636631
latency,2,235,http1_python_nodelay_all_c4_keepalive_ms,1.188960
latency,2,236,http1_python_nodelay_all_c4_keepalive_ms,0.817514
latency,2,237,http1_python_nodelay_all_c4_keepalive_ms,1.101919
latency,2,238,http1_python_nodelay_all_c4_keepalive_ms,1.019038
latency,2,239,http1_python_nodelay_all_c4_keepalive_ms,1.642538
latency,2,0,http1_python_nodelay_all_c4_keepalive_ms,0.550299
latency,2,1,http1_python_nodelay_all_c4_keepalive_ms,0.632991
latency,2,2,http1_python_nodelay_all_c4_keepalive_ms,0.753243
latency,2,3,http1_python_nodelay_all_c4_keepalive_ms,0.926136
latency,2,4,http1_python_nodelay_all_c4_keepalive_ms,0.671261
latency,2,5,http1_python_nodelay_all_c4_keepalive_ms,1.037798
latency,2,6,http1_python_nodelay_all_c4_keepalive_ms,1.028907
latency,2,7,http1_python_nodelay_all_c4_keepalive_ms,1.206111
latency,2,8,http1_python_nodelay_all_c4_keepalive_ms,0.845704
latency,2,9,http1_python_nodelay_all_c4_keepalive_ms,1.214181
latency,2,10,http1_python_nodelay_all_c4_keepalive_ms,0.610330
latency,2,11,http1_python_nodelay_all_c4_keepalive_ms,0.634781
latency,2,12,http1_python_nodelay_all_c4_keepalive_ms,0.665791
latency,2,13,http1_python_nodelay_all_c4_keepalive_ms,0.728783
latency,2,14,http1_python_nodelay_all_c4_keepalive_ms,0.362196
latency,2,15,http1_python_nodelay_all_c4_keepalive_ms,0.637511
latency,2,16,http1_python_nodelay_all_c4_keepalive_ms,1.233141
latency,2,17,http1_python_nodelay_all_c4_keepalive_ms,0.786323
latency,2,18,http1_python_nodelay_all_c4_keepalive_ms,0.568170
latency,2,19,http1_python_nodelay_all_c4_keepalive_ms,0.657521
latency,2,20,http1_python_nodelay_all_c4_keepalive_ms,1.460025
latency,2,21,http1_python_nodelay_all_c4_keepalive_ms,1.438304
latency,2,22,http1_python_nodelay_all_c4_keepalive_ms,0.650362
latency,2,23,http1_python_nodelay_all_c4_keepalive_ms,1.126289
latency,2,24,http1_python_nodelay_all_c4_keepalive_ms,0.719932
latency,2,25,http1_python_nodelay_all_c4_keepalive_ms,1.186260
latency,2,26,http1_python_nodelay_all_c4_keepalive_ms,0.724513
latency,2,27,http1_python_nodelay_all_c4_keepalive_ms,0.672401
latency,2,28,http1_python_nodelay_all_c4_keepalive_ms,1.091538
latency,2,29,http1_python_nodelay_all_c4_keepalive_ms,0.712362
latency,2,30,http1_python_nodelay_all_c4_keepalive_ms,1.122479
latency,2,31,http1_python_nodelay_all_c4_keepalive_ms,0.691922
latency,2,32,http1_python_nodelay_all_c4_keepalive_ms,0.710342
latency,2,33,http1_python_nodelay_all_c4_keepalive_ms,0.733703
latency,2,34,http1_python_nodelay_all_c4_keepalive_ms,0.561319
latency,2,35,http1_python_nodelay_all_c4_keepalive_ms,0.708523
latency,2,36,http1_python_nodelay_all_c4_keepalive_ms,0.738602
latency,2,37,http1_python_nodelay_all_c4_keepalive_ms,0.953286
latency,2,38,http1_python_nodelay_all_c4_keepalive_ms,1.120279
latency,2,39,http1_python_nodelay_all_c4_keepalive_ms,0.789784
latency,2,40,http1_python_nodelay_all_c4_keepalive_ms,1.663488
latency,2,41,http1_python_nodelay_all_c4_keepalive_ms,1.132510
latency,2,42,http1_python_nodelay_all_c4_keepalive_ms,0.711162
latency,2,43,http1_python_nodelay_all_c4_keepalive_ms,1.236161
latency,2,44,http1_python_nodelay_all_c4_keepalive_ms,1.244851
latency,2,45,http1_python_nodelay_all_c4_keepalive_ms,0.650791
latency,2,46,http1_python_nodelay_all_c4_keepalive_ms,0.663171
latency,2,47,http1_python_nodelay_all_c4_keepalive_ms,0.739633
latency,2,48,http1_python_nodelay_all_c4_keepalive_ms,0.636900
latency,2,49,http1_python_nodelay_all_c4_keepalive_ms,0.876725
latency,2,50,http1_python_nodelay_all_c4_keepalive_ms,0.304716
latency,2,51,http1_python_nodelay_all_c4_keepalive_ms,1.097558
latency,2,52,http1_python_nodelay_all_c4_keepalive_ms,0.780974
latency,2,53,http1_python_nodelay_all_c4_keepalive_ms,0.644911
latency,2,54,http1_python_nodelay_all_c4_keepalive_ms,1.345753
latency,2,55,http1_python_nodelay_all_c4_keepalive_ms,0.669851
latency,2,56,http1_python_nodelay_all_c4_keepalive_ms,0.631551
latency,2,57,http1_python_nodelay_all_c4_keepalive_ms,0.710442
latency,2,58,http1_python_nodelay_all_c4_keepalive_ms,0.913625
latency,2,59,http1_python_nodelay_all_c4_keepalive_ms,0.737373
latency,2,60,http1_python_nodelay_all_c4_keepalive_ms,0.654171
latency,2,61,http1_python_nodelay_all_c4_keepalive_ms,0.748883
latency,2,62,http1_python_nodelay_all_c4_keepalive_ms,0.559699
latency,2,63,http1_python_nodelay_all_c4_keepalive_ms,0.728443
latency,2,64,http1_python_nodelay_all_c4_keepalive_ms,1.170610
latency,2,65,http1_python_nodelay_all_c4_keepalive_ms,1.040248
latency,2,66,http1_python_nodelay_all_c4_keepalive_ms,0.719862
latency,2,67,http1_python_nodelay_all_c4_keepalive_ms,0.664811
latency,2,68,http1_python_nodelay_all_c4_keepalive_ms,0.742603
latency,2,69,http1_python_nodelay_all_c4_keepalive_ms,0.566509
latency,2,70,http1_python_nodelay_all_c4_keepalive_ms,0.698062
latency,2,71,http1_python_nodelay_all_c4_keepalive_ms,1.182660
latency,2,72,http1_python_nodelay_all_c4_keepalive_ms,0.749353
latency,2,73,http1_python_nodelay_all_c4_keepalive_ms,1.203430
latency,2,74,http1_python_nodelay_all_c4_keepalive_ms,0.605651
latency,2,75,http1_python_nodelay_all_c4_keepalive_ms,1.250261
latency,2,76,http1_python_nodelay_all_c4_keepalive_ms,0.694842
latency,2,77,http1_python_nodelay_all_c4_keepalive_ms,0.814064
latency,2,78,http1_python_nodelay_all_c4_keepalive_ms,0.603550
latency,2,79,http1_python_nodelay_all_c4_keepalive_ms,0.305335
trial,2,320,http1_python_nodelay_all_c4_median_ms,0.734443
trial,2,320,http1_python_nodelay_all_c4_p95_ms,1.244851
trial,2,320,http1_python_nodelay_all_c4_requests_per_second,4763.565
trial,2,320,http1_python_nodelay_all_c4_wall_ms,67.177
latency,3,160,http1_python_nodelay_all_c4_keepalive_ms,0.750493
latency,3,161,http1_python_nodelay_all_c4_keepalive_ms,1.275941
latency,3,162,http1_python_nodelay_all_c4_keepalive_ms,0.791824
latency,3,163,http1_python_nodelay_all_c4_keepalive_ms,0.539519
latency,3,164,http1_python_nodelay_all_c4_keepalive_ms,1.240411
latency,3,165,http1_python_nodelay_all_c4_keepalive_ms,0.742413
latency,3,166,http1_python_nodelay_all_c4_keepalive_ms,0.658441
latency,3,167,http1_python_nodelay_all_c4_keepalive_ms,0.813164
latency,3,168,http1_python_nodelay_all_c4_keepalive_ms,0.631401
latency,3,169,http1_python_nodelay_all_c4_keepalive_ms,0.508028
latency,3,170,http1_python_nodelay_all_c4_keepalive_ms,0.680602
latency,3,171,http1_python_nodelay_all_c4_keepalive_ms,0.775603
latency,3,172,http1_python_nodelay_all_c4_keepalive_ms,0.655731
latency,3,173,http1_python_nodelay_all_c4_keepalive_ms,0.649231
latency,3,174,http1_python_nodelay_all_c4_keepalive_ms,0.743403
latency,3,175,http1_python_nodelay_all_c4_keepalive_ms,0.642381
latency,3,176,http1_python_nodelay_all_c4_keepalive_ms,0.909135
latency,3,177,http1_python_nodelay_all_c4_keepalive_ms,0.615761
latency,3,178,http1_python_nodelay_all_c4_keepalive_ms,0.699111
latency,3,179,http1_python_nodelay_all_c4_keepalive_ms,0.650852
latency,3,180,http1_python_nodelay_all_c4_keepalive_ms,0.775453
latency,3,181,http1_python_nodelay_all_c4_keepalive_ms,0.575120
latency,3,182,http1_python_nodelay_all_c4_keepalive_ms,0.717832
latency,3,183,http1_python_nodelay_all_c4_keepalive_ms,1.286682
latency,3,184,http1_python_nodelay_all_c4_keepalive_ms,1.162230
latency,3,185,http1_python_nodelay_all_c4_keepalive_ms,1.213910
latency,3,186,http1_python_nodelay_all_c4_keepalive_ms,0.761473
latency,3,187,http1_python_nodelay_all_c4_keepalive_ms,1.078949
latency,3,188,http1_python_nodelay_all_c4_keepalive_ms,0.781283
latency,3,189,http1_python_nodelay_all_c4_keepalive_ms,0.657911
latency,3,190,http1_python_nodelay_all_c4_keepalive_ms,0.669341
latency,3,191,http1_python_nodelay_all_c4_keepalive_ms,0.704762
latency,3,192,http1_python_nodelay_all_c4_keepalive_ms,0.778163
latency,3,193,http1_python_nodelay_all_c4_keepalive_ms,0.518539
latency,3,194,http1_python_nodelay_all_c4_keepalive_ms,0.744753
latency,3,195,http1_python_nodelay_all_c4_keepalive_ms,0.280955
latency,3,196,http1_python_nodelay_all_c4_keepalive_ms,0.668651
latency,3,197,http1_python_nodelay_all_c4_keepalive_ms,0.985497
latency,3,198,http1_python_nodelay_all_c4_keepalive_ms,1.091959
latency,3,199,http1_python_nodelay_all_c4_keepalive_ms,0.704972
latency,3,200,http1_python_nodelay_all_c4_keepalive_ms,0.617850
latency,3,201,http1_python_nodelay_all_c4_keepalive_ms,0.699852
latency,3,202,http1_python_nodelay_all_c4_keepalive_ms,0.749383
latency,3,203,http1_python_nodelay_all_c4_keepalive_ms,0.356766
latency,3,204,http1_python_nodelay_all_c4_keepalive_ms,0.698282
latency,3,205,http1_python_nodelay_all_c4_keepalive_ms,1.166240
latency,3,206,http1_python_nodelay_all_c4_keepalive_ms,0.741342
latency,3,207,http1_python_nodelay_all_c4_keepalive_ms,0.672662
latency,3,208,http1_python_nodelay_all_c4_keepalive_ms,0.871405
latency,3,209,http1_python_nodelay_all_c4_keepalive_ms,1.266291
latency,3,210,http1_python_nodelay_all_c4_keepalive_ms,0.844045
latency,3,211,http1_python_nodelay_all_c4_keepalive_ms,0.780963
latency,3,212,http1_python_nodelay_all_c4_keepalive_ms,0.727902
latency,3,213,http1_python_nodelay_all_c4_keepalive_ms,0.707402
latency,3,214,http1_python_nodelay_all_c4_keepalive_ms,0.692832
latency,3,215,http1_python_nodelay_all_c4_keepalive_ms,1.139109
latency,3,216,http1_python_nodelay_all_c4_keepalive_ms,0.757713
latency,3,217,http1_python_nodelay_all_c4_keepalive_ms,0.560080
latency,3,218,http1_python_nodelay_all_c4_keepalive_ms,1.185570
latency,3,219,http1_python_nodelay_all_c4_keepalive_ms,0.704232
latency,3,220,http1_python_nodelay_all_c4_keepalive_ms,0.739472
latency,3,221,http1_python_nodelay_all_c4_keepalive_ms,0.598481
latency,3,222,http1_python_nodelay_all_c4_keepalive_ms,1.238751
latency,3,223,http1_python_nodelay_all_c4_keepalive_ms,0.727342
latency,3,224,http1_python_nodelay_all_c4_keepalive_ms,1.040618
latency,3,225,http1_python_nodelay_all_c4_keepalive_ms,1.037228
latency,3,226,http1_python_nodelay_all_c4_keepalive_ms,1.205640
latency,3,227,http1_python_nodelay_all_c4_keepalive_ms,0.821184
latency,3,228,http1_python_nodelay_all_c4_keepalive_ms,0.732023
latency,3,229,http1_python_nodelay_all_c4_keepalive_ms,0.496178
latency,3,230,http1_python_nodelay_all_c4_keepalive_ms,0.790734
latency,3,231,http1_python_nodelay_all_c4_keepalive_ms,0.410237
latency,3,232,http1_python_nodelay_all_c4_keepalive_ms,0.608910
latency,3,233,http1_python_nodelay_all_c4_keepalive_ms,0.692521
latency,3,234,http1_python_nodelay_all_c4_keepalive_ms,0.702132
latency,3,235,http1_python_nodelay_all_c4_keepalive_ms,0.625691
latency,3,236,http1_python_nodelay_all_c4_keepalive_ms,0.624801
latency,3,237,http1_python_nodelay_all_c4_keepalive_ms,1.109079
latency,3,238,http1_python_nodelay_all_c4_keepalive_ms,0.841214
latency,3,239,http1_python_nodelay_all_c4_keepalive_ms,0.354946
latency,3,80,http1_python_nodelay_all_c4_keepalive_ms,0.781683
latency,3,81,http1_python_nodelay_all_c4_keepalive_ms,0.624661
latency,3,82,http1_python_nodelay_all_c4_keepalive_ms,0.735532
latency,3,83,http1_python_nodelay_all_c4_keepalive_ms,0.660391
latency,3,84,http1_python_nodelay_all_c4_keepalive_ms,1.126620
latency,3,85,http1_python_nodelay_all_c4_keepalive_ms,1.968963
latency,3,86,http1_python_nodelay_all_c4_keepalive_ms,1.453575
latency,3,87,http1_python_nodelay_all_c4_keepalive_ms,0.777753
latency,3,88,http1_python_nodelay_all_c4_keepalive_ms,0.791943
latency,3,89,http1_python_nodelay_all_c4_keepalive_ms,1.057278
latency,3,90,http1_python_nodelay_all_c4_keepalive_ms,0.765143
latency,3,91,http1_python_nodelay_all_c4_keepalive_ms,0.664142
latency,3,92,http1_python_nodelay_all_c4_keepalive_ms,0.721962
latency,3,93,http1_python_nodelay_all_c4_keepalive_ms,0.863505
latency,3,94,http1_python_nodelay_all_c4_keepalive_ms,1.166450
latency,3,95,http1_python_nodelay_all_c4_keepalive_ms,0.891285
latency,3,96,http1_python_nodelay_all_c4_keepalive_ms,1.363473
latency,3,97,http1_python_nodelay_all_c4_keepalive_ms,0.679992
latency,3,98,http1_python_nodelay_all_c4_keepalive_ms,0.575169
latency,3,99,http1_python_nodelay_all_c4_keepalive_ms,0.583160
latency,3,100,http1_python_nodelay_all_c4_keepalive_ms,0.550130
latency,3,101,http1_python_nodelay_all_c4_keepalive_ms,0.650291
latency,3,102,http1_python_nodelay_all_c4_keepalive_ms,0.755103
latency,3,103,http1_python_nodelay_all_c4_keepalive_ms,1.219100
latency,3,104,http1_python_nodelay_all_c4_keepalive_ms,0.639941
latency,3,105,http1_python_nodelay_all_c4_keepalive_ms,0.571790
latency,3,106,http1_python_nodelay_all_c4_keepalive_ms,0.649721
latency,3,107,http1_python_nodelay_all_c4_keepalive_ms,0.645371
latency,3,108,http1_python_nodelay_all_c4_keepalive_ms,0.682692
latency,3,109,http1_python_nodelay_all_c4_keepalive_ms,0.771943
latency,3,110,http1_python_nodelay_all_c4_keepalive_ms,0.395636
latency,3,111,http1_python_nodelay_all_c4_keepalive_ms,0.944056
latency,3,112,http1_python_nodelay_all_c4_keepalive_ms,0.657592
latency,3,113,http1_python_nodelay_all_c4_keepalive_ms,0.914315
latency,3,114,http1_python_nodelay_all_c4_keepalive_ms,0.751333
latency,3,115,http1_python_nodelay_all_c4_keepalive_ms,0.757803
latency,3,116,http1_python_nodelay_all_c4_keepalive_ms,0.719562
latency,3,117,http1_python_nodelay_all_c4_keepalive_ms,1.159820
latency,3,118,http1_python_nodelay_all_c4_keepalive_ms,0.826684
latency,3,119,http1_python_nodelay_all_c4_keepalive_ms,0.977917
latency,3,120,http1_python_nodelay_all_c4_keepalive_ms,0.745502
latency,3,121,http1_python_nodelay_all_c4_keepalive_ms,0.733073
latency,3,122,http1_python_nodelay_all_c4_keepalive_ms,0.527609
latency,3,123,http1_python_nodelay_all_c4_keepalive_ms,0.620180
latency,3,124,http1_python_nodelay_all_c4_keepalive_ms,1.488346
latency,3,125,http1_python_nodelay_all_c4_keepalive_ms,0.848124
latency,3,126,http1_python_nodelay_all_c4_keepalive_ms,0.727743
latency,3,127,http1_python_nodelay_all_c4_keepalive_ms,0.617130
latency,3,128,http1_python_nodelay_all_c4_keepalive_ms,0.859725
latency,3,129,http1_python_nodelay_all_c4_keepalive_ms,0.648811
latency,3,130,http1_python_nodelay_all_c4_keepalive_ms,0.708842
latency,3,131,http1_python_nodelay_all_c4_keepalive_ms,0.761783
latency,3,132,http1_python_nodelay_all_c4_keepalive_ms,0.379126
latency,3,133,http1_python_nodelay_all_c4_keepalive_ms,0.733933
latency,3,134,http1_python_nodelay_all_c4_keepalive_ms,0.690331
latency,3,135,http1_python_nodelay_all_c4_keepalive_ms,0.524169
latency,3,136,http1_python_nodelay_all_c4_keepalive_ms,0.705292
latency,3,137,http1_python_nodelay_all_c4_keepalive_ms,0.655131
latency,3,138,http1_python_nodelay_all_c4_keepalive_ms,0.634141
latency,3,139,http1_python_nodelay_all_c4_keepalive_ms,0.738953
latency,3,140,http1_python_nodelay_all_c4_keepalive_ms,0.294055
latency,3,141,http1_python_nodelay_all_c4_keepalive_ms,0.939296
latency,3,142,http1_python_nodelay_all_c4_keepalive_ms,1.196490
latency,3,143,http1_python_nodelay_all_c4_keepalive_ms,0.840155
latency,3,144,http1_python_nodelay_all_c4_keepalive_ms,0.714662
latency,3,145,http1_python_nodelay_all_c4_keepalive_ms,0.580340
latency,3,146,http1_python_nodelay_all_c4_keepalive_ms,0.695442
latency,3,147,http1_python_nodelay_all_c4_keepalive_ms,0.697381
latency,3,148,http1_python_nodelay_all_c4_keepalive_ms,0.735573
latency,3,149,http1_python_nodelay_all_c4_keepalive_ms,0.617000
latency,3,150,http1_python_nodelay_all_c4_keepalive_ms,1.307413
latency,3,151,http1_python_nodelay_all_c4_keepalive_ms,0.481958
latency,3,152,http1_python_nodelay_all_c4_keepalive_ms,0.562769
latency,3,153,http1_python_nodelay_all_c4_keepalive_ms,0.796304
latency,3,154,http1_python_nodelay_all_c4_keepalive_ms,1.179000
latency,3,155,http1_python_nodelay_all_c4_keepalive_ms,0.663741
latency,3,156,http1_python_nodelay_all_c4_keepalive_ms,0.631251
latency,3,157,http1_python_nodelay_all_c4_keepalive_ms,0.635691
latency,3,158,http1_python_nodelay_all_c4_keepalive_ms,0.690952
latency,3,159,http1_python_nodelay_all_c4_keepalive_ms,1.535656
latency,3,240,http1_python_nodelay_all_c4_keepalive_ms,1.324663
latency,3,241,http1_python_nodelay_all_c4_keepalive_ms,0.807944
latency,3,242,http1_python_nodelay_all_c4_keepalive_ms,0.728842
latency,3,243,http1_python_nodelay_all_c4_keepalive_ms,0.492929
latency,3,244,http1_python_nodelay_all_c4_keepalive_ms,0.701732
latency,3,245,http1_python_nodelay_all_c4_keepalive_ms,0.626640
latency,3,246,http1_python_nodelay_all_c4_keepalive_ms,0.323816
latency,3,247,http1_python_nodelay_all_c4_keepalive_ms,0.437737
latency,3,248,http1_python_nodelay_all_c4_keepalive_ms,0.599550
latency,3,249,http1_python_nodelay_all_c4_keepalive_ms,0.766673
latency,3,250,http1_python_nodelay_all_c4_keepalive_ms,1.050928
latency,3,251,http1_python_nodelay_all_c4_keepalive_ms,1.539136
latency,3,252,http1_python_nodelay_all_c4_keepalive_ms,0.660891
latency,3,253,http1_python_nodelay_all_c4_keepalive_ms,1.214411
latency,3,254,http1_python_nodelay_all_c4_keepalive_ms,0.893725
latency,3,255,http1_python_nodelay_all_c4_keepalive_ms,0.766673
latency,3,256,http1_python_nodelay_all_c4_keepalive_ms,0.684662
latency,3,257,http1_python_nodelay_all_c4_keepalive_ms,0.775583
latency,3,258,http1_python_nodelay_all_c4_keepalive_ms,0.956147
latency,3,259,http1_python_nodelay_all_c4_keepalive_ms,1.049208
latency,3,260,http1_python_nodelay_all_c4_keepalive_ms,1.220820
latency,3,261,http1_python_nodelay_all_c4_keepalive_ms,0.585400
latency,3,262,http1_python_nodelay_all_c4_keepalive_ms,1.189311
latency,3,263,http1_python_nodelay_all_c4_keepalive_ms,0.798633
latency,3,264,http1_python_nodelay_all_c4_keepalive_ms,0.589260
latency,3,265,http1_python_nodelay_all_c4_keepalive_ms,1.233721
latency,3,266,http1_python_nodelay_all_c4_keepalive_ms,0.656242
latency,3,267,http1_python_nodelay_all_c4_keepalive_ms,0.649271
latency,3,268,http1_python_nodelay_all_c4_keepalive_ms,1.235370
latency,3,269,http1_python_nodelay_all_c4_keepalive_ms,1.180930
latency,3,270,http1_python_nodelay_all_c4_keepalive_ms,1.632948
latency,3,271,http1_python_nodelay_all_c4_keepalive_ms,0.916156
latency,3,272,http1_python_nodelay_all_c4_keepalive_ms,0.729262
latency,3,273,http1_python_nodelay_all_c4_keepalive_ms,0.896125
latency,3,274,http1_python_nodelay_all_c4_keepalive_ms,0.603251
latency,3,275,http1_python_nodelay_all_c4_keepalive_ms,0.698772
latency,3,276,http1_python_nodelay_all_c4_keepalive_ms,1.122279
latency,3,277,http1_python_nodelay_all_c4_keepalive_ms,0.857234
latency,3,278,http1_python_nodelay_all_c4_keepalive_ms,1.121850
latency,3,279,http1_python_nodelay_all_c4_keepalive_ms,0.694481
latency,3,280,http1_python_nodelay_all_c4_keepalive_ms,1.141530
latency,3,281,http1_python_nodelay_all_c4_keepalive_ms,0.723532
latency,3,282,http1_python_nodelay_all_c4_keepalive_ms,0.926356
latency,3,283,http1_python_nodelay_all_c4_keepalive_ms,0.641051
latency,3,284,http1_python_nodelay_all_c4_keepalive_ms,0.687532
latency,3,285,http1_python_nodelay_all_c4_keepalive_ms,0.725502
latency,3,286,http1_python_nodelay_all_c4_keepalive_ms,0.413247
latency,3,287,http1_python_nodelay_all_c4_keepalive_ms,1.669328
latency,3,288,http1_python_nodelay_all_c4_keepalive_ms,0.829394
latency,3,289,http1_python_nodelay_all_c4_keepalive_ms,1.092209
latency,3,290,http1_python_nodelay_all_c4_keepalive_ms,1.150529
latency,3,291,http1_python_nodelay_all_c4_keepalive_ms,0.788514
latency,3,292,http1_python_nodelay_all_c4_keepalive_ms,0.656031
latency,3,293,http1_python_nodelay_all_c4_keepalive_ms,0.717742
latency,3,294,http1_python_nodelay_all_c4_keepalive_ms,1.185701
latency,3,295,http1_python_nodelay_all_c4_keepalive_ms,0.749692
latency,3,296,http1_python_nodelay_all_c4_keepalive_ms,0.685142
latency,3,297,http1_python_nodelay_all_c4_keepalive_ms,0.623981
latency,3,298,http1_python_nodelay_all_c4_keepalive_ms,0.728472
latency,3,299,http1_python_nodelay_all_c4_keepalive_ms,0.357706
latency,3,300,http1_python_nodelay_all_c4_keepalive_ms,0.752173
latency,3,301,http1_python_nodelay_all_c4_keepalive_ms,0.881145
latency,3,302,http1_python_nodelay_all_c4_keepalive_ms,0.728692
latency,3,303,http1_python_nodelay_all_c4_keepalive_ms,1.266032
latency,3,304,http1_python_nodelay_all_c4_keepalive_ms,1.158570
latency,3,305,http1_python_nodelay_all_c4_keepalive_ms,1.155469
latency,3,306,http1_python_nodelay_all_c4_keepalive_ms,0.460388
latency,3,307,http1_python_nodelay_all_c4_keepalive_ms,1.070338
latency,3,308,http1_python_nodelay_all_c4_keepalive_ms,0.603430
latency,3,309,http1_python_nodelay_all_c4_keepalive_ms,1.112779
latency,3,310,http1_python_nodelay_all_c4_keepalive_ms,0.704292
latency,3,311,http1_python_nodelay_all_c4_keepalive_ms,1.021438
latency,3,312,http1_python_nodelay_all_c4_keepalive_ms,1.205510
latency,3,313,http1_python_nodelay_all_c4_keepalive_ms,1.003357
latency,3,314,http1_python_nodelay_all_c4_keepalive_ms,0.431238
latency,3,315,http1_python_nodelay_all_c4_keepalive_ms,0.354386
latency,3,316,http1_python_nodelay_all_c4_keepalive_ms,0.298935
latency,3,317,http1_python_nodelay_all_c4_keepalive_ms,0.560539
latency,3,318,http1_python_nodelay_all_c4_keepalive_ms,0.353636
latency,3,319,http1_python_nodelay_all_c4_keepalive_ms,0.345346
latency,3,0,http1_python_nodelay_all_c4_keepalive_ms,0.718952
latency,3,1,http1_python_nodelay_all_c4_keepalive_ms,0.648351
latency,3,2,http1_python_nodelay_all_c4_keepalive_ms,0.713452
latency,3,3,http1_python_nodelay_all_c4_keepalive_ms,1.175570
latency,3,4,http1_python_nodelay_all_c4_keepalive_ms,0.828074
latency,3,5,http1_python_nodelay_all_c4_keepalive_ms,1.182571
latency,3,6,http1_python_nodelay_all_c4_keepalive_ms,0.931176
latency,3,7,http1_python_nodelay_all_c4_keepalive_ms,0.557539
latency,3,8,http1_python_nodelay_all_c4_keepalive_ms,0.656581
latency,3,9,http1_python_nodelay_all_c4_keepalive_ms,1.237281
latency,3,10,http1_python_nodelay_all_c4_keepalive_ms,0.815654
latency,3,11,http1_python_nodelay_all_c4_keepalive_ms,1.166630
latency,3,12,http1_python_nodelay_all_c4_keepalive_ms,0.840364
latency,3,13,http1_python_nodelay_all_c4_keepalive_ms,0.956536
latency,3,14,http1_python_nodelay_all_c4_keepalive_ms,1.093079
latency,3,15,http1_python_nodelay_all_c4_keepalive_ms,0.733722
latency,3,16,http1_python_nodelay_all_c4_keepalive_ms,0.686592
latency,3,17,http1_python_nodelay_all_c4_keepalive_ms,0.453798
latency,3,18,http1_python_nodelay_all_c4_keepalive_ms,0.769243
latency,3,19,http1_python_nodelay_all_c4_keepalive_ms,0.892595
latency,3,20,http1_python_nodelay_all_c4_keepalive_ms,1.001277
latency,3,21,http1_python_nodelay_all_c4_keepalive_ms,0.752283
latency,3,22,http1_python_nodelay_all_c4_keepalive_ms,0.649021
latency,3,23,http1_python_nodelay_all_c4_keepalive_ms,0.755323
latency,3,24,http1_python_nodelay_all_c4_keepalive_ms,0.573720
latency,3,25,http1_python_nodelay_all_c4_keepalive_ms,0.646471
latency,3,26,http1_python_nodelay_all_c4_keepalive_ms,0.992277
latency,3,27,http1_python_nodelay_all_c4_keepalive_ms,1.412714
latency,3,28,http1_python_nodelay_all_c4_keepalive_ms,0.784483
latency,3,29,http1_python_nodelay_all_c4_keepalive_ms,0.702632
latency,3,30,http1_python_nodelay_all_c4_keepalive_ms,1.297142
latency,3,31,http1_python_nodelay_all_c4_keepalive_ms,1.524096
latency,3,32,http1_python_nodelay_all_c4_keepalive_ms,0.865945
latency,3,33,http1_python_nodelay_all_c4_keepalive_ms,0.848724
latency,3,34,http1_python_nodelay_all_c4_keepalive_ms,1.140840
latency,3,35,http1_python_nodelay_all_c4_keepalive_ms,0.761363
latency,3,36,http1_python_nodelay_all_c4_keepalive_ms,0.653891
latency,3,37,http1_python_nodelay_all_c4_keepalive_ms,0.725232
latency,3,38,http1_python_nodelay_all_c4_keepalive_ms,1.124589
latency,3,39,http1_python_nodelay_all_c4_keepalive_ms,0.746403
latency,3,40,http1_python_nodelay_all_c4_keepalive_ms,1.065248
latency,3,41,http1_python_nodelay_all_c4_keepalive_ms,0.722532
latency,3,42,http1_python_nodelay_all_c4_keepalive_ms,0.334236
latency,3,43,http1_python_nodelay_all_c4_keepalive_ms,0.583190
latency,3,44,http1_python_nodelay_all_c4_keepalive_ms,0.745063
latency,3,45,http1_python_nodelay_all_c4_keepalive_ms,0.615150
latency,3,46,http1_python_nodelay_all_c4_keepalive_ms,1.410154
latency,3,47,http1_python_nodelay_all_c4_keepalive_ms,0.850945
latency,3,48,http1_python_nodelay_all_c4_keepalive_ms,0.637750
latency,3,49,http1_python_nodelay_all_c4_keepalive_ms,1.067228
latency,3,50,http1_python_nodelay_all_c4_keepalive_ms,0.763243
latency,3,51,http1_python_nodelay_all_c4_keepalive_ms,0.782454
latency,3,52,http1_python_nodelay_all_c4_keepalive_ms,1.243191
latency,3,53,http1_python_nodelay_all_c4_keepalive_ms,1.120549
latency,3,54,http1_python_nodelay_all_c4_keepalive_ms,0.824704
latency,3,55,http1_python_nodelay_all_c4_keepalive_ms,1.325813
latency,3,56,http1_python_nodelay_all_c4_keepalive_ms,0.604240
latency,3,57,http1_python_nodelay_all_c4_keepalive_ms,0.737773
latency,3,58,http1_python_nodelay_all_c4_keepalive_ms,0.623870
latency,3,59,http1_python_nodelay_all_c4_keepalive_ms,1.397214
latency,3,60,http1_python_nodelay_all_c4_keepalive_ms,0.669721
latency,3,61,http1_python_nodelay_all_c4_keepalive_ms,0.620211
latency,3,62,http1_python_nodelay_all_c4_keepalive_ms,0.737823
latency,3,63,http1_python_nodelay_all_c4_keepalive_ms,0.729572
latency,3,64,http1_python_nodelay_all_c4_keepalive_ms,1.241851
latency,3,65,http1_python_nodelay_all_c4_keepalive_ms,1.757220
latency,3,66,http1_python_nodelay_all_c4_keepalive_ms,0.702422
latency,3,67,http1_python_nodelay_all_c4_keepalive_ms,1.130039
latency,3,68,http1_python_nodelay_all_c4_keepalive_ms,0.677572
latency,3,69,http1_python_nodelay_all_c4_keepalive_ms,0.712432
latency,3,70,http1_python_nodelay_all_c4_keepalive_ms,0.613210
latency,3,71,http1_python_nodelay_all_c4_keepalive_ms,0.973407
latency,3,72,http1_python_nodelay_all_c4_keepalive_ms,0.538899
latency,3,73,http1_python_nodelay_all_c4_keepalive_ms,0.754023
latency,3,74,http1_python_nodelay_all_c4_keepalive_ms,0.330615
latency,3,75,http1_python_nodelay_all_c4_keepalive_ms,0.351116
latency,3,76,http1_python_nodelay_all_c4_keepalive_ms,0.607451
latency,3,77,http1_python_nodelay_all_c4_keepalive_ms,0.406727
latency,3,78,http1_python_nodelay_all_c4_keepalive_ms,0.453157
latency,3,79,http1_python_nodelay_all_c4_keepalive_ms,0.501459
trial,3,320,http1_python_nodelay_all_c4_median_ms,0.737773
trial,3,320,http1_python_nodelay_all_c4_p95_ms,1.297142
trial,3,320,http1_python_nodelay_all_c4_requests_per_second,4724.644
trial,3,320,http1_python_nodelay_all_c4_wall_ms,67.730
latency,4,160,http1_python_nodelay_all_c4_keepalive_ms,1.239521
latency,4,161,http1_python_nodelay_all_c4_keepalive_ms,1.183441
latency,4,162,http1_python_nodelay_all_c4_keepalive_ms,0.662181
latency,4,163,http1_python_nodelay_all_c4_keepalive_ms,0.597090
latency,4,164,http1_python_nodelay_all_c4_keepalive_ms,0.691122
latency,4,165,http1_python_nodelay_all_c4_keepalive_ms,0.334946
latency,4,166,http1_python_nodelay_all_c4_keepalive_ms,0.715662
latency,4,167,http1_python_nodelay_all_c4_keepalive_ms,0.831914
latency,4,168,http1_python_nodelay_all_c4_keepalive_ms,1.177100
latency,4,169,http1_python_nodelay_all_c4_keepalive_ms,1.055748
latency,4,170,http1_python_nodelay_all_c4_keepalive_ms,0.667181
latency,4,171,http1_python_nodelay_all_c4_keepalive_ms,1.004237
latency,4,172,http1_python_nodelay_all_c4_keepalive_ms,0.563920
latency,4,173,http1_python_nodelay_all_c4_keepalive_ms,0.641151
latency,4,174,http1_python_nodelay_all_c4_keepalive_ms,0.682811
latency,4,175,http1_python_nodelay_all_c4_keepalive_ms,0.435958
latency,4,176,http1_python_nodelay_all_c4_keepalive_ms,0.351046
latency,4,177,http1_python_nodelay_all_c4_keepalive_ms,0.572579
latency,4,178,http1_python_nodelay_all_c4_keepalive_ms,0.618721
latency,4,179,http1_python_nodelay_all_c4_keepalive_ms,1.059458
latency,4,180,http1_python_nodelay_all_c4_keepalive_ms,0.826504
latency,4,181,http1_python_nodelay_all_c4_keepalive_ms,0.343986
latency,4,182,http1_python_nodelay_all_c4_keepalive_ms,0.607750
latency,4,183,http1_python_nodelay_all_c4_keepalive_ms,0.606161
latency,4,184,http1_python_nodelay_all_c4_keepalive_ms,0.574599
latency,4,185,http1_python_nodelay_all_c4_keepalive_ms,0.545960
latency,4,186,http1_python_nodelay_all_c4_keepalive_ms,0.599770
latency,4,187,http1_python_nodelay_all_c4_keepalive_ms,0.584620
latency,4,188,http1_python_nodelay_all_c4_keepalive_ms,0.595480
latency,4,189,http1_python_nodelay_all_c4_keepalive_ms,1.051068
latency,4,190,http1_python_nodelay_all_c4_keepalive_ms,0.815234
latency,4,191,http1_python_nodelay_all_c4_keepalive_ms,0.329446
latency,4,192,http1_python_nodelay_all_c4_keepalive_ms,0.710142
latency,4,193,http1_python_nodelay_all_c4_keepalive_ms,0.884565
latency,4,194,http1_python_nodelay_all_c4_keepalive_ms,0.995336
latency,4,195,http1_python_nodelay_all_c4_keepalive_ms,0.608431
latency,4,196,http1_python_nodelay_all_c4_keepalive_ms,0.581640
latency,4,197,http1_python_nodelay_all_c4_keepalive_ms,0.670211
latency,4,198,http1_python_nodelay_all_c4_keepalive_ms,0.957396
latency,4,199,http1_python_nodelay_all_c4_keepalive_ms,1.165910
latency,4,200,http1_python_nodelay_all_c4_keepalive_ms,0.715242
latency,4,201,http1_python_nodelay_all_c4_keepalive_ms,0.320326
latency,4,202,http1_python_nodelay_all_c4_keepalive_ms,0.874855
latency,4,203,http1_python_nodelay_all_c4_keepalive_ms,0.694942
latency,4,204,http1_python_nodelay_all_c4_keepalive_ms,0.551689
latency,4,205,http1_python_nodelay_all_c4_keepalive_ms,0.678292
latency,4,206,http1_python_nodelay_all_c4_keepalive_ms,0.612020
latency,4,207,http1_python_nodelay_all_c4_keepalive_ms,1.458325
latency,4,208,http1_python_nodelay_all_c4_keepalive_ms,0.765823
latency,4,209,http1_python_nodelay_all_c4_keepalive_ms,1.081848
latency,4,210,http1_python_nodelay_all_c4_keepalive_ms,0.683552
latency,4,211,http1_python_nodelay_all_c4_keepalive_ms,0.988357
latency,4,212,http1_python_nodelay_all_c4_keepalive_ms,0.622300
latency,4,213,http1_python_nodelay_all_c4_keepalive_ms,1.073749
latency,4,214,http1_python_nodelay_all_c4_keepalive_ms,0.676361
latency,4,215,http1_python_nodelay_all_c4_keepalive_ms,0.686262
latency,4,216,http1_python_nodelay_all_c4_keepalive_ms,1.014577
latency,4,217,http1_python_nodelay_all_c4_keepalive_ms,0.578990
latency,4,218,http1_python_nodelay_all_c4_keepalive_ms,0.708952
latency,4,219,http1_python_nodelay_all_c4_keepalive_ms,0.666871
latency,4,220,http1_python_nodelay_all_c4_keepalive_ms,0.571190
latency,4,221,http1_python_nodelay_all_c4_keepalive_ms,1.184610
latency,4,222,http1_python_nodelay_all_c4_keepalive_ms,0.566240
latency,4,223,http1_python_nodelay_all_c4_keepalive_ms,1.115399
latency,4,224,http1_python_nodelay_all_c4_keepalive_ms,0.865445
latency,4,225,http1_python_nodelay_all_c4_keepalive_ms,0.346725
latency,4,226,http1_python_nodelay_all_c4_keepalive_ms,0.770424
latency,4,227,http1_python_nodelay_all_c4_keepalive_ms,0.910295
latency,4,228,http1_python_nodelay_all_c4_keepalive_ms,0.564670
latency,4,229,http1_python_nodelay_all_c4_keepalive_ms,0.698502
latency,4,230,http1_python_nodelay_all_c4_keepalive_ms,0.621930
latency,4,231,http1_python_nodelay_all_c4_keepalive_ms,0.599200
latency,4,232,http1_python_nodelay_all_c4_keepalive_ms,0.720363
latency,4,233,http1_python_nodelay_all_c4_keepalive_ms,0.695302
latency,4,234,http1_python_nodelay_all_c4_keepalive_ms,0.668281
latency,4,235,http1_python_nodelay_all_c4_keepalive_ms,0.782103
latency,4,236,http1_python_nodelay_all_c4_keepalive_ms,0.348066
latency,4,237,http1_python_nodelay_all_c4_keepalive_ms,0.809234
latency,4,238,http1_python_nodelay_all_c4_keepalive_ms,0.703932
latency,4,239,http1_python_nodelay_all_c4_keepalive_ms,0.665081
latency,4,80,http1_python_nodelay_all_c4_keepalive_ms,0.559640
latency,4,81,http1_python_nodelay_all_c4_keepalive_ms,0.644531
latency,4,82,http1_python_nodelay_all_c4_keepalive_ms,0.805924
latency,4,83,http1_python_nodelay_all_c4_keepalive_ms,0.473068
latency,4,84,http1_python_nodelay_all_c4_keepalive_ms,1.106439
latency,4,85,http1_python_nodelay_all_c4_keepalive_ms,0.755252
latency,4,86,http1_python_nodelay_all_c4_keepalive_ms,1.288162
latency,4,87,http1_python_nodelay_all_c4_keepalive_ms,0.637411
latency,4,88,http1_python_nodelay_all_c4_keepalive_ms,0.542360
latency,4,89,http1_python_nodelay_all_c4_keepalive_ms,0.536069
latency,4,90,http1_python_nodelay_all_c4_keepalive_ms,0.537329
latency,4,91,http1_python_nodelay_all_c4_keepalive_ms,0.617360
latency,4,92,http1_python_nodelay_all_c4_keepalive_ms,0.689792
latency,4,93,http1_python_nodelay_all_c4_keepalive_ms,0.332785
latency,4,94,http1_python_nodelay_all_c4_keepalive_ms,0.605191
latency,4,95,http1_python_nodelay_all_c4_keepalive_ms,1.167900
latency,4,96,http1_python_nodelay_all_c4_keepalive_ms,0.698562
latency,4,97,http1_python_nodelay_all_c4_keepalive_ms,1.447314
latency,4,98,http1_python_nodelay_all_c4_keepalive_ms,0.552130
latency,4,99,http1_python_nodelay_all_c4_keepalive_ms,0.593880
latency,4,100,http1_python_nodelay_all_c4_keepalive_ms,0.614490
latency,4,101,http1_python_nodelay_all_c4_keepalive_ms,0.654401
latency,4,102,http1_python_nodelay_all_c4_keepalive_ms,1.018648
latency,4,103,http1_python_nodelay_all_c4_keepalive_ms,0.497268
latency,4,104,http1_python_nodelay_all_c4_keepalive_ms,1.107989
latency,4,105,http1_python_nodelay_all_c4_keepalive_ms,0.722232
latency,4,106,http1_python_nodelay_all_c4_keepalive_ms,1.070669
latency,4,107,http1_python_nodelay_all_c4_keepalive_ms,0.660981
latency,4,108,http1_python_nodelay_all_c4_keepalive_ms,0.602990
latency,4,109,http1_python_nodelay_all_c4_keepalive_ms,0.645591
latency,4,110,http1_python_nodelay_all_c4_keepalive_ms,0.695522
latency,4,111,http1_python_nodelay_all_c4_keepalive_ms,0.604920
latency,4,112,http1_python_nodelay_all_c4_keepalive_ms,0.639381
latency,4,113,http1_python_nodelay_all_c4_keepalive_ms,0.547069
latency,4,114,http1_python_nodelay_all_c4_keepalive_ms,0.556320
latency,4,115,http1_python_nodelay_all_c4_keepalive_ms,0.506308
latency,4,116,http1_python_nodelay_all_c4_keepalive_ms,0.581000
latency,4,117,http1_python_nodelay_all_c4_keepalive_ms,0.980187
latency,4,118,http1_python_nodelay_all_c4_keepalive_ms,0.647601
latency,4,119,http1_python_nodelay_all_c4_keepalive_ms,0.585610
latency,4,120,http1_python_nodelay_all_c4_keepalive_ms,0.682372
latency,4,121,http1_python_nodelay_all_c4_keepalive_ms,0.613180
latency,4,122,http1_python_nodelay_all_c4_keepalive_ms,0.851765
latency,4,123,http1_python_nodelay_all_c4_keepalive_ms,0.973656
latency,4,124,http1_python_nodelay_all_c4_keepalive_ms,0.660571
latency,4,125,http1_python_nodelay_all_c4_keepalive_ms,0.604331
latency,4,126,http1_python_nodelay_all_c4_keepalive_ms,0.641341
latency,4,127,http1_python_nodelay_all_c4_keepalive_ms,0.998917
latency,4,128,http1_python_nodelay_all_c4_keepalive_ms,0.569029
latency,4,129,http1_python_nodelay_all_c4_keepalive_ms,0.630271
latency,4,130,http1_python_nodelay_all_c4_keepalive_ms,0.634841
latency,4,131,http1_python_nodelay_all_c4_keepalive_ms,0.551879
latency,4,132,http1_python_nodelay_all_c4_keepalive_ms,1.112789
latency,4,133,http1_python_nodelay_all_c4_keepalive_ms,0.569730
latency,4,134,http1_python_nodelay_all_c4_keepalive_ms,1.033738
latency,4,135,http1_python_nodelay_all_c4_keepalive_ms,0.661411
latency,4,136,http1_python_nodelay_all_c4_keepalive_ms,0.687632
latency,4,137,http1_python_nodelay_all_c4_keepalive_ms,0.586999
latency,4,138,http1_python_nodelay_all_c4_keepalive_ms,0.518109
latency,4,139,http1_python_nodelay_all_c4_keepalive_ms,1.032918
latency,4,140,http1_python_nodelay_all_c4_keepalive_ms,0.794753
latency,4,141,http1_python_nodelay_all_c4_keepalive_ms,0.622231
latency,4,142,http1_python_nodelay_all_c4_keepalive_ms,1.225401
latency,4,143,http1_python_nodelay_all_c4_keepalive_ms,0.612940
latency,4,144,http1_python_nodelay_all_c4_keepalive_ms,0.437978
latency,4,145,http1_python_nodelay_all_c4_keepalive_ms,0.650421
latency,4,146,http1_python_nodelay_all_c4_keepalive_ms,0.722132
latency,4,147,http1_python_nodelay_all_c4_keepalive_ms,0.955516
latency,4,148,http1_python_nodelay_all_c4_keepalive_ms,1.047788
latency,4,149,http1_python_nodelay_all_c4_keepalive_ms,1.207921
latency,4,150,http1_python_nodelay_all_c4_keepalive_ms,0.813894
latency,4,151,http1_python_nodelay_all_c4_keepalive_ms,0.589430
latency,4,152,http1_python_nodelay_all_c4_keepalive_ms,1.183820
latency,4,153,http1_python_nodelay_all_c4_keepalive_ms,1.368743
latency,4,154,http1_python_nodelay_all_c4_keepalive_ms,0.865875
latency,4,155,http1_python_nodelay_all_c4_keepalive_ms,1.156619
latency,4,156,http1_python_nodelay_all_c4_keepalive_ms,0.703882
latency,4,157,http1_python_nodelay_all_c4_keepalive_ms,0.652491
latency,4,158,http1_python_nodelay_all_c4_keepalive_ms,1.018418
latency,4,159,http1_python_nodelay_all_c4_keepalive_ms,0.819654
latency,4,240,http1_python_nodelay_all_c4_keepalive_ms,0.598540
latency,4,241,http1_python_nodelay_all_c4_keepalive_ms,1.108919
latency,4,242,http1_python_nodelay_all_c4_keepalive_ms,0.818004
latency,4,243,http1_python_nodelay_all_c4_keepalive_ms,0.545729
latency,4,244,http1_python_nodelay_all_c4_keepalive_ms,0.599231
latency,4,245,http1_python_nodelay_all_c4_keepalive_ms,0.666801
latency,4,246,http1_python_nodelay_all_c4_keepalive_ms,0.706842
latency,4,247,http1_python_nodelay_all_c4_keepalive_ms,0.530479
latency,4,248,http1_python_nodelay_all_c4_keepalive_ms,0.667822
latency,4,249,http1_python_nodelay_all_c4_keepalive_ms,0.964746
latency,4,250,http1_python_nodelay_all_c4_keepalive_ms,0.672971
latency,4,251,http1_python_nodelay_all_c4_keepalive_ms,0.661971
latency,4,252,http1_python_nodelay_all_c4_keepalive_ms,0.933656
latency,4,253,http1_python_nodelay_all_c4_keepalive_ms,0.649251
latency,4,254,http1_python_nodelay_all_c4_keepalive_ms,0.587020
latency,4,255,http1_python_nodelay_all_c4_keepalive_ms,0.685412
latency,4,256,http1_python_nodelay_all_c4_keepalive_ms,0.638801
latency,4,257,http1_python_nodelay_all_c4_keepalive_ms,0.785283
latency,4,258,http1_python_nodelay_all_c4_keepalive_ms,1.127019
latency,4,259,http1_python_nodelay_all_c4_keepalive_ms,0.637501
latency,4,260,http1_python_nodelay_all_c4_keepalive_ms,0.689362
latency,4,261,http1_python_nodelay_all_c4_keepalive_ms,0.624261
latency,4,262,http1_python_nodelay_all_c4_keepalive_ms,1.515326
latency,4,263,http1_python_nodelay_all_c4_keepalive_ms,1.108038
latency,4,264,http1_python_nodelay_all_c4_keepalive_ms,0.720653
latency,4,265,http1_python_nodelay_all_c4_keepalive_ms,0.567699
latency,4,266,http1_python_nodelay_all_c4_keepalive_ms,1.055668
latency,4,267,http1_python_nodelay_all_c4_keepalive_ms,0.667412
latency,4,268,http1_python_nodelay_all_c4_keepalive_ms,0.976156
latency,4,269,http1_python_nodelay_all_c4_keepalive_ms,0.970607
latency,4,270,http1_python_nodelay_all_c4_keepalive_ms,1.132479
latency,4,271,http1_python_nodelay_all_c4_keepalive_ms,0.609720
latency,4,272,http1_python_nodelay_all_c4_keepalive_ms,1.008617
latency,4,273,http1_python_nodelay_all_c4_keepalive_ms,0.815804
latency,4,274,http1_python_nodelay_all_c4_keepalive_ms,0.331116
latency,4,275,http1_python_nodelay_all_c4_keepalive_ms,1.103219
latency,4,276,http1_python_nodelay_all_c4_keepalive_ms,0.768313
latency,4,277,http1_python_nodelay_all_c4_keepalive_ms,1.388864
latency,4,278,http1_python_nodelay_all_c4_keepalive_ms,0.507818
latency,4,279,http1_python_nodelay_all_c4_keepalive_ms,1.094239
latency,4,280,http1_python_nodelay_all_c4_keepalive_ms,0.668891
latency,4,281,http1_python_nodelay_all_c4_keepalive_ms,0.976807
latency,4,282,http1_python_nodelay_all_c4_keepalive_ms,0.642531
latency,4,283,http1_python_nodelay_all_c4_keepalive_ms,1.185900
latency,4,284,http1_python_nodelay_all_c4_keepalive_ms,0.735403
latency,4,285,http1_python_nodelay_all_c4_keepalive_ms,0.530639
latency,4,286,http1_python_nodelay_all_c4_keepalive_ms,0.584330
latency,4,287,http1_python_nodelay_all_c4_keepalive_ms,1.543896
latency,4,288,http1_python_nodelay_all_c4_keepalive_ms,0.630681
latency,4,289,http1_python_nodelay_all_c4_keepalive_ms,0.618960
latency,4,290,http1_python_nodelay_all_c4_keepalive_ms,0.611281
latency,4,291,http1_python_nodelay_all_c4_keepalive_ms,1.102348
latency,4,292,http1_python_nodelay_all_c4_keepalive_ms,0.552369
latency,4,293,http1_python_nodelay_all_c4_keepalive_ms,1.228601
latency,4,294,http1_python_nodelay_all_c4_keepalive_ms,0.771454
latency,4,295,http1_python_nodelay_all_c4_keepalive_ms,0.571649
latency,4,296,http1_python_nodelay_all_c4_keepalive_ms,0.633251
latency,4,297,http1_python_nodelay_all_c4_keepalive_ms,1.606217
latency,4,298,http1_python_nodelay_all_c4_keepalive_ms,0.712593
latency,4,299,http1_python_nodelay_all_c4_keepalive_ms,0.710552
latency,4,300,http1_python_nodelay_all_c4_keepalive_ms,0.737022
latency,4,301,http1_python_nodelay_all_c4_keepalive_ms,0.658182
latency,4,302,http1_python_nodelay_all_c4_keepalive_ms,0.657111
latency,4,303,http1_python_nodelay_all_c4_keepalive_ms,0.798963
latency,4,304,http1_python_nodelay_all_c4_keepalive_ms,1.015798
latency,4,305,http1_python_nodelay_all_c4_keepalive_ms,0.747252
latency,4,306,http1_python_nodelay_all_c4_keepalive_ms,0.618401
latency,4,307,http1_python_nodelay_all_c4_keepalive_ms,0.765423
latency,4,308,http1_python_nodelay_all_c4_keepalive_ms,0.667181
latency,4,309,http1_python_nodelay_all_c4_keepalive_ms,0.710953
latency,4,310,http1_python_nodelay_all_c4_keepalive_ms,0.865194
latency,4,311,http1_python_nodelay_all_c4_keepalive_ms,1.066078
latency,4,312,http1_python_nodelay_all_c4_keepalive_ms,1.037058
latency,4,313,http1_python_nodelay_all_c4_keepalive_ms,0.563229
latency,4,314,http1_python_nodelay_all_c4_keepalive_ms,0.566700
latency,4,315,http1_python_nodelay_all_c4_keepalive_ms,1.075958
latency,4,316,http1_python_nodelay_all_c4_keepalive_ms,0.659792
latency,4,317,http1_python_nodelay_all_c4_keepalive_ms,0.378576
latency,4,318,http1_python_nodelay_all_c4_keepalive_ms,0.326246
latency,4,319,http1_python_nodelay_all_c4_keepalive_ms,0.606630
latency,4,0,http1_python_nodelay_all_c4_keepalive_ms,0.596640
latency,4,1,http1_python_nodelay_all_c4_keepalive_ms,0.651561
latency,4,2,http1_python_nodelay_all_c4_keepalive_ms,0.511729
latency,4,3,http1_python_nodelay_all_c4_keepalive_ms,0.845164
latency,4,4,http1_python_nodelay_all_c4_keepalive_ms,1.085488
latency,4,5,http1_python_nodelay_all_c4_keepalive_ms,0.937346
latency,4,6,http1_python_nodelay_all_c4_keepalive_ms,0.975057
latency,4,7,http1_python_nodelay_all_c4_keepalive_ms,1.141010
latency,4,8,http1_python_nodelay_all_c4_keepalive_ms,0.545299
latency,4,9,http1_python_nodelay_all_c4_keepalive_ms,1.121449
latency,4,10,http1_python_nodelay_all_c4_keepalive_ms,0.754232
latency,4,11,http1_python_nodelay_all_c4_keepalive_ms,1.458785
latency,4,12,http1_python_nodelay_all_c4_keepalive_ms,0.771483
latency,4,13,http1_python_nodelay_all_c4_keepalive_ms,1.097929
latency,4,14,http1_python_nodelay_all_c4_keepalive_ms,0.923606
latency,4,15,http1_python_nodelay_all_c4_keepalive_ms,1.078958
latency,4,16,http1_python_nodelay_all_c4_keepalive_ms,0.680142
latency,4,17,http1_python_nodelay_all_c4_keepalive_ms,0.989817
latency,4,18,http1_python_nodelay_all_c4_keepalive_ms,0.661841
latency,4,19,http1_python_nodelay_all_c4_keepalive_ms,1.147240
latency,4,20,http1_python_nodelay_all_c4_keepalive_ms,0.578489
latency,4,21,http1_python_nodelay_all_c4_keepalive_ms,1.142530
latency,4,22,http1_python_nodelay_all_c4_keepalive_ms,0.639681
latency,4,23,http1_python_nodelay_all_c4_keepalive_ms,0.573730
latency,4,24,http1_python_nodelay_all_c4_keepalive_ms,0.677021
latency,4,25,http1_python_nodelay_all_c4_keepalive_ms,0.615961
latency,4,26,http1_python_nodelay_all_c4_keepalive_ms,1.202140
latency,4,27,http1_python_nodelay_all_c4_keepalive_ms,0.679962
latency,4,28,http1_python_nodelay_all_c4_keepalive_ms,1.217920
latency,4,29,http1_python_nodelay_all_c4_keepalive_ms,1.082988
latency,4,30,http1_python_nodelay_all_c4_keepalive_ms,0.595161
latency,4,31,http1_python_nodelay_all_c4_keepalive_ms,1.001197
latency,4,32,http1_python_nodelay_all_c4_keepalive_ms,0.563659
latency,4,33,http1_python_nodelay_all_c4_keepalive_ms,0.638131
latency,4,34,http1_python_nodelay_all_c4_keepalive_ms,0.824854
latency,4,35,http1_python_nodelay_all_c4_keepalive_ms,1.171920
latency,4,36,http1_python_nodelay_all_c4_keepalive_ms,0.529949
latency,4,37,http1_python_nodelay_all_c4_keepalive_ms,1.073669
latency,4,38,http1_python_nodelay_all_c4_keepalive_ms,0.811453
latency,4,39,http1_python_nodelay_all_c4_keepalive_ms,0.335336
latency,4,40,http1_python_nodelay_all_c4_keepalive_ms,0.598290
latency,4,41,http1_python_nodelay_all_c4_keepalive_ms,0.568460
latency,4,42,http1_python_nodelay_all_c4_keepalive_ms,0.674361
latency,4,43,http1_python_nodelay_all_c4_keepalive_ms,0.634891
latency,4,44,http1_python_nodelay_all_c4_keepalive_ms,1.113349
latency,4,45,http1_python_nodelay_all_c4_keepalive_ms,0.584880
latency,4,46,http1_python_nodelay_all_c4_keepalive_ms,0.223414
latency,4,47,http1_python_nodelay_all_c4_keepalive_ms,0.823964
latency,4,48,http1_python_nodelay_all_c4_keepalive_ms,0.586580
latency,4,49,http1_python_nodelay_all_c4_keepalive_ms,1.081919
latency,4,50,http1_python_nodelay_all_c4_keepalive_ms,0.810643
latency,4,51,http1_python_nodelay_all_c4_keepalive_ms,1.017347
latency,4,52,http1_python_nodelay_all_c4_keepalive_ms,0.577210
latency,4,53,http1_python_nodelay_all_c4_keepalive_ms,0.663581
latency,4,54,http1_python_nodelay_all_c4_keepalive_ms,1.201781
latency,4,55,http1_python_nodelay_all_c4_keepalive_ms,0.737412
latency,4,56,http1_python_nodelay_all_c4_keepalive_ms,0.978867
latency,4,57,http1_python_nodelay_all_c4_keepalive_ms,0.697902
latency,4,58,http1_python_nodelay_all_c4_keepalive_ms,0.644301
latency,4,59,http1_python_nodelay_all_c4_keepalive_ms,0.710472
latency,4,60,http1_python_nodelay_all_c4_keepalive_ms,1.289792
latency,4,61,http1_python_nodelay_all_c4_keepalive_ms,0.715682
latency,4,62,http1_python_nodelay_all_c4_keepalive_ms,1.284162
latency,4,63,http1_python_nodelay_all_c4_keepalive_ms,1.177330
latency,4,64,http1_python_nodelay_all_c4_keepalive_ms,0.765543
latency,4,65,http1_python_nodelay_all_c4_keepalive_ms,0.764383
latency,4,66,http1_python_nodelay_all_c4_keepalive_ms,0.700522
latency,4,67,http1_python_nodelay_all_c4_keepalive_ms,1.075189
latency,4,68,http1_python_nodelay_all_c4_keepalive_ms,0.842084
latency,4,69,http1_python_nodelay_all_c4_keepalive_ms,1.169220
latency,4,70,http1_python_nodelay_all_c4_keepalive_ms,1.153729
latency,4,71,http1_python_nodelay_all_c4_keepalive_ms,0.537219
latency,4,72,http1_python_nodelay_all_c4_keepalive_ms,0.332746
latency,4,73,http1_python_nodelay_all_c4_keepalive_ms,0.742753
latency,4,74,http1_python_nodelay_all_c4_keepalive_ms,0.348066
latency,4,75,http1_python_nodelay_all_c4_keepalive_ms,0.346496
latency,4,76,http1_python_nodelay_all_c4_keepalive_ms,0.589240
latency,4,77,http1_python_nodelay_all_c4_keepalive_ms,0.391026
latency,4,78,http1_python_nodelay_all_c4_keepalive_ms,0.334636
latency,4,79,http1_python_nodelay_all_c4_keepalive_ms,0.561390
trial,4,320,http1_python_nodelay_all_c4_median_ms,0.685412
trial,4,320,http1_python_nodelay_all_c4_p95_ms,1.202140
trial,4,320,http1_python_nodelay_all_c4_requests_per_second,4971.276
trial,4,320,http1_python_nodelay_all_c4_wall_ms,64.370
summary,0,1600,http1_python_nodelay_all_c4_keepalive_ms_median,0.732112
summary,0,1600,http1_python_nodelay_all_c4_keepalive_ms_p95,1.275941
latency,0,0,http1_python_nodelay_all_c16_keepalive_ms,1.972503
latency,0,1,http1_python_nodelay_all_c16_keepalive_ms,3.643262
latency,0,2,http1_python_nodelay_all_c16_keepalive_ms,1.417704
latency,0,3,http1_python_nodelay_all_c16_keepalive_ms,2.127647
latency,0,4,http1_python_nodelay_all_c16_keepalive_ms,2.434921
latency,0,5,http1_python_nodelay_all_c16_keepalive_ms,4.215102
latency,0,6,http1_python_nodelay_all_c16_keepalive_ms,2.333300
latency,0,7,http1_python_nodelay_all_c16_keepalive_ms,1.720359
latency,0,8,http1_python_nodelay_all_c16_keepalive_ms,3.398897
latency,0,9,http1_python_nodelay_all_c16_keepalive_ms,2.751107
latency,0,10,http1_python_nodelay_all_c16_keepalive_ms,3.953238
latency,0,11,http1_python_nodelay_all_c16_keepalive_ms,1.871732
latency,0,12,http1_python_nodelay_all_c16_keepalive_ms,2.559613
latency,0,13,http1_python_nodelay_all_c16_keepalive_ms,1.413814
latency,0,14,http1_python_nodelay_all_c16_keepalive_ms,2.636185
latency,0,15,http1_python_nodelay_all_c16_keepalive_ms,2.431421
latency,0,16,http1_python_nodelay_all_c16_keepalive_ms,2.719587
latency,0,17,http1_python_nodelay_all_c16_keepalive_ms,2.532843
latency,0,18,http1_python_nodelay_all_c16_keepalive_ms,1.163060
latency,0,19,http1_python_nodelay_all_c16_keepalive_ms,2.019024
latency,0,20,http1_python_nodelay_all_c16_keepalive_ms,1.917053
latency,0,21,http1_python_nodelay_all_c16_keepalive_ms,1.382263
latency,0,22,http1_python_nodelay_all_c16_keepalive_ms,1.991764
latency,0,23,http1_python_nodelay_all_c16_keepalive_ms,2.667925
latency,0,24,http1_python_nodelay_all_c16_keepalive_ms,2.704516
latency,0,25,http1_python_nodelay_all_c16_keepalive_ms,2.744877
latency,0,26,http1_python_nodelay_all_c16_keepalive_ms,2.430332
latency,0,27,http1_python_nodelay_all_c16_keepalive_ms,1.311942
latency,0,28,http1_python_nodelay_all_c16_keepalive_ms,1.588737
latency,0,29,http1_python_nodelay_all_c16_keepalive_ms,1.707799
latency,0,30,http1_python_nodelay_all_c16_keepalive_ms,3.402908
latency,0,31,http1_python_nodelay_all_c16_keepalive_ms,3.065482
latency,0,32,http1_python_nodelay_all_c16_keepalive_ms,2.009054
latency,0,33,http1_python_nodelay_all_c16_keepalive_ms,2.118566
latency,0,34,http1_python_nodelay_all_c16_keepalive_ms,3.368948
latency,0,35,http1_python_nodelay_all_c16_keepalive_ms,2.568653
latency,0,36,http1_python_nodelay_all_c16_keepalive_ms,2.451272
latency,0,37,http1_python_nodelay_all_c16_keepalive_ms,2.909910
latency,0,38,http1_python_nodelay_all_c16_keepalive_ms,2.868339
latency,0,39,http1_python_nodelay_all_c16_keepalive_ms,5.218868
latency,0,40,http1_python_nodelay_all_c16_keepalive_ms,2.788498
latency,0,41,http1_python_nodelay_all_c16_keepalive_ms,2.619814
latency,0,42,http1_python_nodelay_all_c16_keepalive_ms,2.296999
latency,0,43,http1_python_nodelay_all_c16_keepalive_ms,2.139687
latency,0,44,http1_python_nodelay_all_c16_keepalive_ms,2.813308
latency,0,45,http1_python_nodelay_all_c16_keepalive_ms,2.526893
latency,0,46,http1_python_nodelay_all_c16_keepalive_ms,2.123616
latency,0,47,http1_python_nodelay_all_c16_keepalive_ms,2.890709
latency,0,48,http1_python_nodelay_all_c16_keepalive_ms,1.811001
latency,0,49,http1_python_nodelay_all_c16_keepalive_ms,3.742774
latency,0,50,http1_python_nodelay_all_c16_keepalive_ms,3.809295
latency,0,51,http1_python_nodelay_all_c16_keepalive_ms,1.977613
latency,0,52,http1_python_nodelay_all_c16_keepalive_ms,2.207208
latency,0,53,http1_python_nodelay_all_c16_keepalive_ms,2.493932
latency,0,54,http1_python_nodelay_all_c16_keepalive_ms,1.889552
latency,0,55,http1_python_nodelay_all_c16_keepalive_ms,4.553708
latency,0,56,http1_python_nodelay_all_c16_keepalive_ms,2.079395
latency,0,57,http1_python_nodelay_all_c16_keepalive_ms,2.907970
latency,0,58,http1_python_nodelay_all_c16_keepalive_ms,2.420531
latency,0,59,http1_python_nodelay_all_c16_keepalive_ms,3.465809
latency,0,60,http1_python_nodelay_all_c16_keepalive_ms,2.292679
latency,0,61,http1_python_nodelay_all_c16_keepalive_ms,2.824528
latency,0,62,http1_python_nodelay_all_c16_keepalive_ms,2.095816
latency,0,63,http1_python_nodelay_all_c16_keepalive_ms,2.870339
latency,0,64,http1_python_nodelay_all_c16_keepalive_ms,2.287579
latency,0,65,http1_python_nodelay_all_c16_keepalive_ms,2.351979
latency,0,66,http1_python_nodelay_all_c16_keepalive_ms,2.815918
latency,0,67,http1_python_nodelay_all_c16_keepalive_ms,4.873813
latency,0,68,http1_python_nodelay_all_c16_keepalive_ms,2.808198
latency,0,69,http1_python_nodelay_all_c16_keepalive_ms,2.471752
latency,0,70,http1_python_nodelay_all_c16_keepalive_ms,1.925373
latency,0,71,http1_python_nodelay_all_c16_keepalive_ms,2.416101
latency,0,72,http1_python_nodelay_all_c16_keepalive_ms,1.919963
latency,0,73,http1_python_nodelay_all_c16_keepalive_ms,3.790154
latency,0,74,http1_python_nodelay_all_c16_keepalive_ms,3.780325
latency,0,75,http1_python_nodelay_all_c16_keepalive_ms,2.783487
latency,0,76,http1_python_nodelay_all_c16_keepalive_ms,2.931270
latency,0,77,http1_python_nodelay_all_c16_keepalive_ms,5.265039
latency,0,78,http1_python_nodelay_all_c16_keepalive_ms,2.681166
latency,0,79,http1_python_nodelay_all_c16_keepalive_ms,2.449322
latency,0,800,http1_python_nodelay_all_c16_keepalive_ms,2.037545
latency,0,801,http1_python_nodelay_all_c16_keepalive_ms,3.577871
latency,0,802,http1_python_nodelay_all_c16_keepalive_ms,1.462405
latency,0,803,http1_python_nodelay_all_c16_keepalive_ms,1.877362
latency,0,804,http1_python_nodelay_all_c16_keepalive_ms,2.840998
latency,0,805,http1_python_nodelay_all_c16_keepalive_ms,2.259169
latency,0,806,http1_python_nodelay_all_c16_keepalive_ms,2.038814
latency,0,807,http1_python_nodelay_all_c16_keepalive_ms,2.271569
latency,0,808,http1_python_nodelay_all_c16_keepalive_ms,2.641415
latency,0,809,http1_python_nodelay_all_c16_keepalive_ms,2.456602
latency,0,810,http1_python_nodelay_all_c16_keepalive_ms,3.949697
latency,0,811,http1_python_nodelay_all_c16_keepalive_ms,2.654195
latency,0,812,http1_python_nodelay_all_c16_keepalive_ms,1.893072
latency,0,813,http1_python_nodelay_all_c16_keepalive_ms,2.435962
latency,0,814,http1_python_nodelay_all_c16_keepalive_ms,2.285219
latency,0,815,http1_python_nodelay_all_c16_keepalive_ms,2.345599
latency,0,816,http1_python_nodelay_all_c16_keepalive_ms,1.897283
latency,0,817,http1_python_nodelay_all_c16_keepalive_ms,2.674785
latency,0,818,http1_python_nodelay_all_c16_keepalive_ms,2.821168
latency,0,819,http1_python_nodelay_all_c16_keepalive_ms,0.829745
latency,0,820,http1_python_nodelay_all_c16_keepalive_ms,2.064645
latency,0,821,http1_python_nodelay_all_c16_keepalive_ms,7.624889
latency,0,822,http1_python_nodelay_all_c16_keepalive_ms,7.686171
latency,0,823,http1_python_nodelay_all_c16_keepalive_ms,1.837572
latency,0,824,http1_python_nodelay_all_c16_keepalive_ms,1.826621
latency,0,825,http1_python_nodelay_all_c16_keepalive_ms,0.958116
latency,0,826,http1_python_nodelay_all_c16_keepalive_ms,2.147976
latency,0,827,http1_python_nodelay_all_c16_keepalive_ms,2.356910
latency,0,828,http1_python_nodelay_all_c16_keepalive_ms,2.888390
latency,0,829,http1_python_nodelay_all_c16_keepalive_ms,2.779507
latency,0,830,http1_python_nodelay_all_c16_keepalive_ms,2.581834
latency,0,831,http1_python_nodelay_all_c16_keepalive_ms,3.958997
latency,0,832,http1_python_nodelay_all_c16_keepalive_ms,2.437162
latency,0,833,http1_python_nodelay_all_c16_keepalive_ms,6.083143
latency,0,834,http1_python_nodelay_all_c16_keepalive_ms,1.221831
latency,0,835,http1_python_nodelay_all_c16_keepalive_ms,1.538576
latency,0,836,http1_python_nodelay_all_c16_keepalive_ms,2.913400
latency,0,837,http1_python_nodelay_all_c16_keepalive_ms,2.568384
latency,0,838,http1_python_nodelay_all_c16_keepalive_ms,2.331039
latency,0,839,http1_python_nodelay_all_c16_keepalive_ms,2.214928
latency,0,840,http1_python_nodelay_all_c16_keepalive_ms,2.361490
latency,0,841,http1_python_nodelay_all_c16_keepalive_ms,2.681586
latency,0,842,http1_python_nodelay_all_c16_keepalive_ms,2.725286
latency,0,843,http1_python_nodelay_all_c16_keepalive_ms,2.144877
latency,0,844,http1_python_nodelay_all_c16_keepalive_ms,2.738076
latency,0,845,http1_python_nodelay_all_c16_keepalive_ms,1.961474
latency,0,846,http1_python_nodelay_all_c16_keepalive_ms,3.202474
latency,0,847,http1_python_nodelay_all_c16_keepalive_ms,1.784911
latency,0,848,http1_python_nodelay_all_c16_keepalive_ms,2.345480
latency,0,849,http1_python_nodelay_all_c16_keepalive_ms,4.405605
latency,0,850,http1_python_nodelay_all_c16_keepalive_ms,4.398084
latency,0,851,http1_python_nodelay_all_c16_keepalive_ms,4.127531
latency,0,852,http1_python_nodelay_all_c16_keepalive_ms,1.958343
latency,0,853,http1_python_nodelay_all_c16_keepalive_ms,2.183687
latency,0,854,http1_python_nodelay_all_c16_keepalive_ms,3.147484
latency,0,855,http1_python_nodelay_all_c16_keepalive_ms,1.755050
latency,0,856,http1_python_nodelay_all_c16_keepalive_ms,2.622344
latency,0,857,http1_python_nodelay_all_c16_keepalive_ms,1.780570
latency,0,858,http1_python_nodelay_all_c16_keepalive_ms,2.824909
latency,0,859,http1_python_nodelay_all_c16_keepalive_ms,2.913799
latency,0,860,http1_python_nodelay_all_c16_keepalive_ms,2.030595
latency,0,861,http1_python_nodelay_all_c16_keepalive_ms,2.375770
latency,0,862,http1_python_nodelay_all_c16_keepalive_ms,2.512833
latency,0,863,http1_python_nodelay_all_c16_keepalive_ms,3.256525
latency,0,864,http1_python_nodelay_all_c16_keepalive_ms,1.258812
latency,0,865,http1_python_nodelay_all_c16_keepalive_ms,3.033391
latency,0,866,http1_python_nodelay_all_c16_keepalive_ms,2.858339
latency,0,867,http1_python_nodelay_all_c16_keepalive_ms,4.349114
latency,0,868,http1_python_nodelay_all_c16_keepalive_ms,2.372260
latency,0,869,http1_python_nodelay_all_c16_keepalive_ms,1.875242
latency,0,870,http1_python_nodelay_all_c16_keepalive_ms,3.420129
latency,0,871,http1_python_nodelay_all_c16_keepalive_ms,1.256191
latency,0,872,http1_python_nodelay_all_c16_keepalive_ms,3.250375
latency,0,873,http1_python_nodelay_all_c16_keepalive_ms,2.492653
latency,0,874,http1_python_nodelay_all_c16_keepalive_ms,3.041991
latency,0,875,http1_python_nodelay_all_c16_keepalive_ms,0.886365
latency,0,876,http1_python_nodelay_all_c16_keepalive_ms,4.552008
latency,0,877,http1_python_nodelay_all_c16_keepalive_ms,2.374580
latency,0,878,http1_python_nodelay_all_c16_keepalive_ms,2.873769
latency,0,879,http1_python_nodelay_all_c16_keepalive_ms,1.746770
latency,0,400,http1_python_nodelay_all_c16_keepalive_ms,3.292876
latency,0,401,http1_python_nodelay_all_c16_keepalive_ms,2.120576
latency,0,402,http1_python_nodelay_all_c16_keepalive_ms,3.660592
latency,0,403,http1_python_nodelay_all_c16_keepalive_ms,2.457932
latency,0,404,http1_python_nodelay_all_c16_keepalive_ms,2.361980
latency,0,405,http1_python_nodelay_all_c16_keepalive_ms,2.412641
latency,0,406,http1_python_nodelay_all_c16_keepalive_ms,1.890332
latency,0,407,http1_python_nodelay_all_c16_keepalive_ms,2.843998
latency,0,408,http1_python_nodelay_all_c16_keepalive_ms,2.180078
latency,0,409,http1_python_nodelay_all_c16_keepalive_ms,2.778137
latency,0,410,http1_python_nodelay_all_c16_keepalive_ms,1.820091
latency,0,411,http1_python_nodelay_all_c16_keepalive_ms,3.914977
latency,0,412,http1_python_nodelay_all_c16_keepalive_ms,3.568341
latency,0,413,http1_python_nodelay_all_c16_keepalive_ms,3.243554
latency,0,414,http1_python_nodelay_all_c16_keepalive_ms,4.930074
latency,0,415,http1_python_nodelay_all_c16_keepalive_ms,2.543884
latency,0,416,http1_python_nodelay_all_c16_keepalive_ms,3.259475
latency,0,417,http1_python_nodelay_all_c16_keepalive_ms,3.452989
latency,0,418,http1_python_nodelay_all_c16_keepalive_ms,1.746770
latency,0,419,http1_python_nodelay_all_c16_keepalive_ms,2.735836
latency,0,420,http1_python_nodelay_all_c16_keepalive_ms,2.793318
latency,0,421,http1_python_nodelay_all_c16_keepalive_ms,2.655665
latency,0,422,http1_python_nodelay_all_c16_keepalive_ms,3.830365
latency,0,423,http1_python_nodelay_all_c16_keepalive_ms,3.207505
latency,0,424,http1_python_nodelay_all_c16_keepalive_ms,3.516280
latency,0,425,http1_python_nodelay_all_c16_keepalive_ms,2.997471
latency,0,426,http1_python_nodelay_all_c16_keepalive_ms,2.223358
latency,0,427,http1_python_nodelay_all_c16_keepalive_ms,7.317604
latency,0,428,http1_python_nodelay_all_c16_keepalive_ms,2.839338
latency,0,429,http1_python_nodelay_all_c16_keepalive_ms,2.005564
latency,0,430,http1_python_nodelay_all_c16_keepalive_ms,1.631278
latency,0,431,http1_python_nodelay_all_c16_keepalive_ms,2.278199
latency,0,432,http1_python_nodelay_all_c16_keepalive_ms,3.206205
latency,0,433,http1_python_nodelay_all_c16_keepalive_ms,2.363300
latency,0,434,http1_python_nodelay_all_c16_keepalive_ms,2.480872
latency,0,435,http1_python_nodelay_all_c16_keepalive_ms,2.523023
latency,0,436,http1_python_nodelay_all_c16_keepalive_ms,2.303779
latency,0,437,http1_python_nodelay_all_c16_keepalive_ms,2.186707
latency,0,438,http1_python_nodelay_all_c16_keepalive_ms,2.746477
latency,0,439,http1_python_nodelay_all_c16_keepalive_ms,2.590924
latency,0,440,http1_python_nodelay_all_c16_keepalive_ms,2.345510
latency,0,441,http1_python_nodelay_all_c16_keepalive_ms,2.501793
latency,0,442,http1_python_nodelay_all_c16_keepalive_ms,2.088155
latency,0,443,http1_python_nodelay_all_c16_keepalive_ms,3.517360
latency,0,444,http1_python_nodelay_all_c16_keepalive_ms,5.335361
latency,0,445,http1_python_nodelay_all_c16_keepalive_ms,2.928510
latency,0,446,http1_python_nodelay_all_c16_keepalive_ms,2.526193
latency,0,447,http1_python_nodelay_all_c16_keepalive_ms,1.804300
latency,0,448,http1_python_nodelay_all_c16_keepalive_ms,4.455226
latency,0,449,http1_python_nodelay_all_c16_keepalive_ms,2.686856
latency,0,450,http1_python_nodelay_all_c16_keepalive_ms,2.266639
latency,0,451,http1_python_nodelay_all_c16_keepalive_ms,2.097696
latency,0,452,http1_python_nodelay_all_c16_keepalive_ms,1.834291
latency,0,453,http1_python_nodelay_all_c16_keepalive_ms,2.135276
latency,0,454,http1_python_nodelay_all_c16_keepalive_ms,2.297209
latency,0,455,http1_python_nodelay_all_c16_keepalive_ms,2.804488
latency,0,456,http1_python_nodelay_all_c16_keepalive_ms,3.554130
latency,0,457,http1_python_nodelay_all_c16_keepalive_ms,1.323423
latency,0,458,http1_python_nodelay_all_c16_keepalive_ms,2.117866
latency,0,459,http1_python_nodelay_all_c16_keepalive_ms,2.523733
latency,0,460,http1_python_nodelay_all_c16_keepalive_ms,2.814178
latency,0,461,http1_python_nodelay_all_c16_keepalive_ms,1.862141
latency,0,462,http1_python_nodelay_all_c16_keepalive_ms,3.186335
latency,0,463,http1_python_nodelay_all_c16_keepalive_ms,2.771997
latency,0,464,http1_python_nodelay_all_c16_keepalive_ms,4.170011
latency,0,465,http1_python_nodelay_all_c16_keepalive_ms,2.550873
latency,0,466,http1_python_nodelay_all_c16_keepalive_ms,1.898942
latency,0,467,http1_python_nodelay_all_c16_keepalive_ms,3.018592
latency,0,468,http1_python_nodelay_all_c16_keepalive_ms,2.216388
latency,0,469,http1_python_nodelay_all_c16_keepalive_ms,2.999031
latency,0,470,http1_python_nodelay_all_c16_keepalive_ms,2.352320
latency,0,471,http1_python_nodelay_all_c16_keepalive_ms,2.543483
latency,0,472,http1_python_nodelay_all_c16_keepalive_ms,3.193014
latency,0,473,http1_python_nodelay_all_c16_keepalive_ms,2.531413
latency,0,474,http1_python_nodelay_all_c16_keepalive_ms,2.152827
latency,0,475,http1_python_nodelay_all_c16_keepalive_ms,3.050682
latency,0,476,http1_python_nodelay_all_c16_keepalive_ms,1.581287
latency,0,477,http1_python_nodelay_all_c16_keepalive_ms,3.365607
latency,0,478,http1_python_nodelay_all_c16_keepalive_ms,1.950013
latency,0,479,http1_python_nodelay_all_c16_keepalive_ms,2.191778
latency,0,160,http1_python_nodelay_all_c16_keepalive_ms,2.140066
latency,0,161,http1_python_nodelay_all_c16_keepalive_ms,3.353647
latency,0,162,http1_python_nodelay_all_c16_keepalive_ms,1.593347
latency,0,163,http1_python_nodelay_all_c16_keepalive_ms,2.016625
latency,0,164,http1_python_nodelay_all_c16_keepalive_ms,2.679345
latency,0,165,http1_python_nodelay_all_c16_keepalive_ms,2.282999
latency,0,166,http1_python_nodelay_all_c16_keepalive_ms,4.132931
latency,0,167,http1_python_nodelay_all_c16_keepalive_ms,5.029095
latency,0,168,http1_python_nodelay_all_c16_keepalive_ms,2.704736
latency,0,169,http1_python_nodelay_all_c16_keepalive_ms,2.517143
latency,0,170,http1_python_nodelay_all_c16_keepalive_ms,3.309147
latency,0,171,http1_python_nodelay_all_c16_keepalive_ms,2.099365
latency,0,172,http1_python_nodelay_all_c16_keepalive_ms,4.089010
latency,0,173,http1_python_nodelay_all_c16_keepalive_ms,3.059212
latency,0,174,http1_python_nodelay_all_c16_keepalive_ms,2.515973
latency,0,175,http1_python_nodelay_all_c16_keepalive_ms,3.782314
latency,0,176,http1_python_nodelay_all_c16_keepalive_ms,1.758330
latency,0,177,http1_python_nodelay_all_c16_keepalive_ms,2.067005
latency,0,178,http1_python_nodelay_all_c16_keepalive_ms,3.440969
latency,0,179,http1_python_nodelay_all_c16_keepalive_ms,2.875879
latency,0,180,http1_python_nodelay_all_c16_keepalive_ms,2.296389
latency,0,181,http1_python_nodelay_all_c16_keepalive_ms,2.878609
latency,0,182,http1_python_nodelay_all_c16_keepalive_ms,2.370090
latency,0,183,http1_python_nodelay_all_c16_keepalive_ms,3.178104
latency,0,184,http1_python_nodelay_all_c16_keepalive_ms,3.126583
latency,0,185,http1_python_nodelay_all_c16_keepalive_ms,3.346037
latency,0,186,http1_python_nodelay_all_c16_keepalive_ms,1.737810
latency,0,187,http1_python_nodelay_all_c16_keepalive_ms,3.943657
latency,0,188,http1_python_nodelay_all_c16_keepalive_ms,3.324057
latency,0,189,http1_python_nodelay_all_c16_keepalive_ms,2.759286
latency,0,190,http1_python_nodelay_all_c16_keepalive_ms,2.189988
latency,0,191,http1_python_nodelay_all_c16_keepalive_ms,1.327542
latency,0,192,http1_python_nodelay_all_c16_keepalive_ms,2.176647
latency,0,193,http1_python_nodelay_all_c16_keepalive_ms,2.434122
latency,0,194,http1_python_nodelay_all_c16_keepalive_ms,3.184394
latency,0,195,http1_python_nodelay_all_c16_keepalive_ms,2.296249
latency,0,196,http1_python_nodelay_all_c16_keepalive_ms,2.652065
latency,0,197,http1_python_nodelay_all_c16_keepalive_ms,2.538823
latency,0,198,http1_python_nodelay_all_c16_keepalive_ms,2.182298
latency,0,199,http1_python_nodelay_all_c16_keepalive_ms,3.951487
latency,0,200,http1_python_nodelay_all_c16_keepalive_ms,5.108447
latency,0,201,http1_python_nodelay_all_c16_keepalive_ms,6.533071
latency,0,202,http1_python_nodelay_all_c16_keepalive_ms,1.993304
latency,0,203,http1_python_nodelay_all_c16_keepalive_ms,4.274833
latency,0,204,http1_python_nodelay_all_c16_keepalive_ms,1.976893
latency,0,205,http1_python_nodelay_all_c16_keepalive_ms,2.471402
latency,0,206,http1_python_nodelay_all_c16_keepalive_ms,2.228267
latency,0,207,http1_python_nodelay_all_c16_keepalive_ms,2.122486
latency,0,208,http1_python_nodelay_all_c16_keepalive_ms,3.400998
latency,0,209,http1_python_nodelay_all_c16_keepalive_ms,2.577094
latency,0,210,http1_python_nodelay_all_c16_keepalive_ms,1.479855
latency,0,211,http1_python_nodelay_all_c16_keepalive_ms,3.759925
latency,0,212,http1_python_nodelay_all_c16_keepalive_ms,2.057015
latency,0,213,http1_python_nodelay_all_c16_keepalive_ms,2.368160
latency,0,214,http1_python_nodelay_all_c16_keepalive_ms,2.615964
latency,0,215,http1_python_nodelay_all_c16_keepalive_ms,2.119286
latency,0,216,http1_python_nodelay_all_c16_keepalive_ms,1.999454
latency,0,217,http1_python_nodelay_all_c16_keepalive_ms,1.699909
latency,0,218,http1_python_nodelay_all_c16_keepalive_ms,1.158660
latency,0,219,http1_python_nodelay_all_c16_keepalive_ms,2.137877
latency,0,220,http1_python_nodelay_all_c16_keepalive_ms,2.633884
latency,0,221,http1_python_nodelay_all_c16_keepalive_ms,2.836588
latency,0,222,http1_python_nodelay_all_c16_keepalive_ms,1.895343
latency,0,223,http1_python_nodelay_all_c16_keepalive_ms,5.251919
latency,0,224,http1_python_nodelay_all_c16_keepalive_ms,2.736457
latency,0,225,http1_python_nodelay_all_c16_keepalive_ms,2.107676
latency,0,226,http1_python_nodelay_all_c16_keepalive_ms,2.085535
latency,0,227,http1_python_nodelay_all_c16_keepalive_ms,2.229148
latency,0,228,http1_python_nodelay_all_c16_keepalive_ms,3.396328
latency,0,229,http1_python_nodelay_all_c16_keepalive_ms,2.078915
latency,0,230,http1_python_nodelay_all_c16_keepalive_ms,2.279539
latency,0,231,http1_python_nodelay_all_c16_keepalive_ms,2.708066
latency,0,232,http1_python_nodelay_all_c16_keepalive_ms,2.800788
latency,0,233,http1_python_nodelay_all_c16_keepalive_ms,3.192064
latency,0,234,http1_python_nodelay_all_c16_keepalive_ms,2.554274
latency,0,235,http1_python_nodelay_all_c16_keepalive_ms,2.153386
latency,0,236,http1_python_nodelay_all_c16_keepalive_ms,3.027922
latency,0,237,http1_python_nodelay_all_c16_keepalive_ms,4.610378
latency,0,238,http1_python_nodelay_all_c16_keepalive_ms,2.199167
latency,0,239,http1_python_nodelay_all_c16_keepalive_ms,3.617812
latency,0,720,http1_python_nodelay_all_c16_keepalive_ms,2.099966
latency,0,721,http1_python_nodelay_all_c16_keepalive_ms,3.626301
latency,0,722,http1_python_nodelay_all_c16_keepalive_ms,1.393554
latency,0,723,http1_python_nodelay_all_c16_keepalive_ms,1.966494
latency,0,724,http1_python_nodelay_all_c16_keepalive_ms,2.617424
latency,0,725,http1_python_nodelay_all_c16_keepalive_ms,4.535297
latency,0,726,http1_python_nodelay_all_c16_keepalive_ms,2.082456
latency,0,727,http1_python_nodelay_all_c16_keepalive_ms,1.711639
latency,0,728,http1_python_nodelay_all_c16_keepalive_ms,3.495399
latency,0,729,http1_python_nodelay_all_c16_keepalive_ms,2.482303
latency,0,730,http1_python_nodelay_all_c16_keepalive_ms,3.740633
latency,0,731,http1_python_nodelay_all_c16_keepalive_ms,4.370575
latency,0,732,http1_python_nodelay_all_c16_keepalive_ms,2.604474
latency,0,733,http1_python_nodelay_all_c16_keepalive_ms,2.389021
latency,0,734,http1_python_nodelay_all_c16_keepalive_ms,1.783400
latency,0,735,http1_python_nodelay_all_c16_keepalive_ms,2.821898
latency,0,736,http1_python_nodelay_all_c16_keepalive_ms,2.245638
latency,0,737,http1_python_nodelay_all_c16_keepalive_ms,5.263790
latency,0,738,http1_python_nodelay_all_c16_keepalive_ms,3.464699
latency,0,739,http1_python_nodelay_all_c16_keepalive_ms,2.832428
latency,0,740,http1_python_nodelay_all_c16_keepalive_ms,3.166304
latency,0,741,http1_python_nodelay_all_c16_keepalive_ms,2.192377
latency,0,742,http1_python_nodelay_all_c16_keepalive_ms,2.137297
latency,0,743,http1_python_nodelay_all_c16_keepalive_ms,3.178354
latency,0,744,http1_python_nodelay_all_c16_keepalive_ms,3.082972
latency,0,745,http1_python_nodelay_all_c16_keepalive_ms,4.707320
latency,0,746,http1_python_nodelay_all_c16_keepalive_ms,2.647175
latency,0,747,http1_python_nodelay_all_c16_keepalive_ms,2.259969
latency,0,748,http1_python_nodelay_all_c16_keepalive_ms,2.704166
latency,0,749,http1_python_nodelay_all_c16_keepalive_ms,2.689485
latency,0,750,http1_python_nodelay_all_c16_keepalive_ms,2.292270
latency,0,751,http1_python_nodelay_all_c16_keepalive_ms,3.754854
latency,0,752,http1_python_nodelay_all_c16_keepalive_ms,1.924552
latency,0,753,http1_python_nodelay_all_c16_keepalive_ms,7.198683
latency,0,754,http1_python_nodelay_all_c16_keepalive_ms,1.235631
latency,0,755,http1_python_nodelay_all_c16_keepalive_ms,2.398381
latency,0,756,http1_python_nodelay_all_c16_keepalive_ms,2.303779
latency,0,757,http1_python_nodelay_all_c16_keepalive_ms,2.615914
latency,0,758,http1_python_nodelay_all_c16_keepalive_ms,2.229348
latency,0,759,http1_python_nodelay_all_c16_keepalive_ms,2.833859
latency,0,760,http1_python_nodelay_all_c16_keepalive_ms,2.255028
latency,0,761,http1_python_nodelay_all_c16_keepalive_ms,2.561683
latency,0,762,http1_python_nodelay_all_c16_keepalive_ms,1.921043
latency,0,763,http1_python_nodelay_all_c16_keepalive_ms,3.743354
latency,0,764,http1_python_nodelay_all_c16_keepalive_ms,3.916187
latency,0,765,http1_python_nodelay_all_c16_keepalive_ms,4.143240
latency,0,766,http1_python_nodelay_all_c16_keepalive_ms,2.384771
latency,0,767,http1_python_nodelay_all_c16_keepalive_ms,3.783644
latency,0,768,http1_python_nodelay_all_c16_keepalive_ms,3.382378
latency,0,769,http1_python_nodelay_all_c16_keepalive_ms,2.269278
latency,0,770,http1_python_nodelay_all_c16_keepalive_ms,1.113439
latency,0,771,http1_python_nodelay_all_c16_keepalive_ms,2.833459
latency,0,772,http1_python_nodelay_all_c16_keepalive_ms,4.167930
latency,0,773,http1_python_nodelay_all_c16_keepalive_ms,2.516013
latency,0,774,http1_python_nodelay_all_c16_keepalive_ms,2.347080
latency,0,775,http1_python_nodelay_all_c16_keepalive_ms,2.960171
latency,0,776,http1_python_nodelay_all_c16_keepalive_ms,3.782554
latency,0,777,http1_python_nodelay_all_c16_keepalive_ms,3.132843
latency,0,778,http1_python_nodelay_all_c16_keepalive_ms,4.228032
latency,0,779,http1_python_nodelay_all_c16_keepalive_ms,3.386488
latency,0,780,http1_python_nodelay_all_c16_keepalive_ms,4.728211
latency,0,781,http1_python_nodelay_all_c16_keepalive_ms,2.413721
latency,0,782,http1_python_nodelay_all_c16_keepalive_ms,1.997843
latency,0,783,http1_python_nodelay_all_c16_keepalive_ms,2.105416
latency,0,784,http1_python_nodelay_all_c16_keepalive_ms,2.964071
latency,0,785,http1_python_nodelay_all_c16_keepalive_ms,2.805068
latency,0,786,http1_python_nodelay_all_c16_keepalive_ms,2.209327
latency,0,787,http1_python_nodelay_all_c16_keepalive_ms,2.661036
latency,0,788,http1_python_nodelay_all_c16_keepalive_ms,2.811457
latency,0,789,http1_python_nodelay_all_c16_keepalive_ms,2.929260
latency,0,790,http1_python_nodelay_all_c16_keepalive_ms,2.878029
latency,0,791,http1_python_nodelay_all_c16_keepalive_ms,4.455136
latency,0,792,http1_python_nodelay_all_c16_keepalive_ms,2.239958
latency,0,793,http1_python_nodelay_all_c16_keepalive_ms,1.696379
latency,0,794,http1_python_nodelay_all_c16_keepalive_ms,1.523116
latency,0,795,http1_python_nodelay_all_c16_keepalive_ms,1.814811
latency,0,796,http1_python_nodelay_all_c16_keepalive_ms,2.052605
latency,0,797,http1_python_nodelay_all_c16_keepalive_ms,2.867948
latency,0,798,http1_python_nodelay_all_c16_keepalive_ms,1.880932
latency,0,799,http1_python_nodelay_all_c16_keepalive_ms,1.714650
latency,0,1200,http1_python_nodelay_all_c16_keepalive_ms,5.549074
latency,0,1201,http1_python_nodelay_all_c16_keepalive_ms,6.086034
latency,0,1202,http1_python_nodelay_all_c16_keepalive_ms,4.560667
latency,0,1203,http1_python_nodelay_all_c16_keepalive_ms,2.103196
latency,0,1204,http1_python_nodelay_all_c16_keepalive_ms,2.699276
latency,0,1205,http1_python_nodelay_all_c16_keepalive_ms,2.464692
latency,0,1206,http1_python_nodelay_all_c16_keepalive_ms,1.753270
latency,0,1207,http1_python_nodelay_all_c16_keepalive_ms,3.332926
latency,0,1208,http1_python_nodelay_all_c16_keepalive_ms,1.583297
latency,0,1209,http1_python_nodelay_all_c16_keepalive_ms,4.353625
latency,0,1210,http1_python_nodelay_all_c16_keepalive_ms,4.050248
latency,0,1211,http1_python_nodelay_all_c16_keepalive_ms,2.454002
latency,0,1212,http1_python_nodelay_all_c16_keepalive_ms,2.348740
latency,0,1213,http1_python_nodelay_all_c16_keepalive_ms,5.282590
latency,0,1214,http1_python_nodelay_all_c16_keepalive_ms,2.698286
latency,0,1215,http1_python_nodelay_all_c16_keepalive_ms,1.335523
latency,0,1216,http1_python_nodelay_all_c16_keepalive_ms,2.108885
latency,0,1217,http1_python_nodelay_all_c16_keepalive_ms,2.596545
latency,0,1218,http1_python_nodelay_all_c16_keepalive_ms,3.699793
latency,0,1219,http1_python_nodelay_all_c16_keepalive_ms,1.824901
latency,0,1220,http1_python_nodelay_all_c16_keepalive_ms,2.248868
latency,0,1221,http1_python_nodelay_all_c16_keepalive_ms,3.177824
latency,0,1222,http1_python_nodelay_all_c16_keepalive_ms,3.105863
latency,0,1223,http1_python_nodelay_all_c16_keepalive_ms,1.879502
latency,0,1224,http1_python_nodelay_all_c16_keepalive_ms,2.693036
latency,0,1225,http1_python_nodelay_all_c16_keepalive_ms,2.647745
latency,0,1226,http1_python_nodelay_all_c16_keepalive_ms,3.128753
latency,0,1227,http1_python_nodelay_all_c16_keepalive_ms,2.067346
latency,0,1228,http1_python_nodelay_all_c16_keepalive_ms,2.628524
latency,0,1229,http1_python_nodelay_all_c16_keepalive_ms,5.877490
latency,0,1230,http1_python_nodelay_all_c16_keepalive_ms,2.206408
latency,0,1231,http1_python_nodelay_all_c16_keepalive_ms,3.272606
latency,0,1232,http1_python_nodelay_all_c16_keepalive_ms,2.252828
latency,0,1233,http1_python_nodelay_all_c16_keepalive_ms,2.721806
latency,0,1234,http1_python_nodelay_all_c16_keepalive_ms,4.463356
latency,0,1235,http1_python_nodelay_all_c16_keepalive_ms,2.309839
latency,0,1236,http1_python_nodelay_all_c16_keepalive_ms,2.436522
latency,0,1237,http1_python_nodelay_all_c16_keepalive_ms,3.013721
latency,0,1238,http1_python_nodelay_all_c16_keepalive_ms,2.319260
latency,0,1239,http1_python_nodelay_all_c16_keepalive_ms,2.458701
latency,0,1240,http1_python_nodelay_all_c16_keepalive_ms,2.153337
latency,0,1241,http1_python_nodelay_all_c16_keepalive_ms,3.157464
latency,0,1242,http1_python_nodelay_all_c16_keepalive_ms,1.977024
latency,0,1243,http1_python_nodelay_all_c16_keepalive_ms,2.504122
latency,0,1244,http1_python_nodelay_all_c16_keepalive_ms,1.696349
latency,0,1245,http1_python_nodelay_all_c16_keepalive_ms,2.535313
latency,0,1246,http1_python_nodelay_all_c16_keepalive_ms,2.252988
latency,0,1247,http1_python_nodelay_all_c16_keepalive_ms,2.034215
latency,0,1248,http1_python_nodelay_all_c16_keepalive_ms,1.660448
latency,0,1249,http1_python_nodelay_all_c16_keepalive_ms,3.477600
latency,0,1250,http1_python_nodelay_all_c16_keepalive_ms,2.318519
latency,0,1251,http1_python_nodelay_all_c16_keepalive_ms,3.938647
latency,0,1252,http1_python_nodelay_all_c16_keepalive_ms,1.834771
latency,0,1253,http1_python_nodelay_all_c16_keepalive_ms,2.134056
latency,0,1254,http1_python_nodelay_all_c16_keepalive_ms,2.255399
latency,0,1255,http1_python_nodelay_all_c16_keepalive_ms,2.847558
latency,0,1256,http1_python_nodelay_all_c16_keepalive_ms,9.382780
latency,0,1257,http1_python_nodelay_all_c16_keepalive_ms,2.844838
latency,0,1258,http1_python_nodelay_all_c16_keepalive_ms,2.982431
latency,0,1259,http1_python_nodelay_all_c16_keepalive_ms,1.974834
latency,0,1260,http1_python_nodelay_all_c16_keepalive_ms,2.807208
latency,0,1261,http1_python_nodelay_all_c16_keepalive_ms,2.540133
latency,0,1262,http1_python_nodelay_all_c16_keepalive_ms,4.622178
latency,0,1263,http1_python_nodelay_all_c16_keepalive_ms,1.505396
latency,0,1264,http1_python_nodelay_all_c16_keepalive_ms,2.405531
latency,0,1265,http1_python_nodelay_all_c16_keepalive_ms,3.092863
latency,0,1266,http1_python_nodelay_all_c16_keepalive_ms,2.516443
latency,0,1267,http1_python_nodelay_all_c16_keepalive_ms,2.729356
latency,0,1268,http1_python_nodelay_all_c16_keepalive_ms,2.469682
latency,0,1269,http1_python_nodelay_all_c16_keepalive_ms,3.198944
latency,0,1270,http1_python_nodelay_all_c16_keepalive_ms,2.665676
latency,0,1271,http1_python_nodelay_all_c16_keepalive_ms,2.153067
latency,0,1272,http1_python_nodelay_all_c16_keepalive_ms,2.515963
latency,0,1273,http1_python_nodelay_all_c16_keepalive_ms,2.105335
latency,0,1274,http1_python_nodelay_all_c16_keepalive_ms,3.140334
latency,0,1275,http1_python_nodelay_all_c16_keepalive_ms,4.218141
latency,0,1276,http1_python_nodelay_all_c16_keepalive_ms,2.554304
latency,0,1277,http1_python_nodelay_all_c16_keepalive_ms,1.882432
latency,0,1278,http1_python_nodelay_all_c16_keepalive_ms,1.776190
latency,0,1279,http1_python_nodelay_all_c16_keepalive_ms,3.317157
latency,0,240,http1_python_nodelay_all_c16_keepalive_ms,5.401062
latency,0,241,http1_python_nodelay_all_c16_keepalive_ms,3.649332
latency,0,242,http1_python_nodelay_all_c16_keepalive_ms,2.642235
latency,0,243,http1_python_nodelay_all_c16_keepalive_ms,4.444196
latency,0,244,http1_python_nodelay_all_c16_keepalive_ms,3.793145
latency,0,245,http1_python_nodelay_all_c16_keepalive_ms,3.496279
latency,0,246,http1_python_nodelay_all_c16_keepalive_ms,3.904226
latency,0,247,http1_python_nodelay_all_c16_keepalive_ms,2.217898
latency,0,248,http1_python_nodelay_all_c16_keepalive_ms,2.206478
latency,0,249,http1_python_nodelay_all_c16_keepalive_ms,3.204065
latency,0,250,http1_python_nodelay_all_c16_keepalive_ms,5.495313
latency,0,251,http1_python_nodelay_all_c16_keepalive_ms,3.164444
latency,0,252,http1_python_nodelay_all_c16_keepalive_ms,2.120976
latency,0,253,http1_python_nodelay_all_c16_keepalive_ms,3.403648
latency,0,254,http1_python_nodelay_all_c16_keepalive_ms,3.476229
latency,0,255,http1_python_nodelay_all_c16_keepalive_ms,2.063215
latency,0,256,http1_python_nodelay_all_c16_keepalive_ms,2.507893
latency,0,257,http1_python_nodelay_all_c16_keepalive_ms,2.793227
latency,0,258,http1_python_nodelay_all_c16_keepalive_ms,8.975323
latency,0,259,http1_python_nodelay_all_c16_keepalive_ms,4.190021
latency,0,260,http1_python_nodelay_all_c16_keepalive_ms,3.064482
latency,0,261,http1_python_nodelay_all_c16_keepalive_ms,4.062130
latency,0,262,http1_python_nodelay_all_c16_keepalive_ms,1.711869
latency,0,263,http1_python_nodelay_all_c16_keepalive_ms,1.764780
latency,0,264,http1_python_nodelay_all_c16_keepalive_ms,2.416051
latency,0,265,http1_python_nodelay_all_c16_keepalive_ms,2.312699
latency,0,266,http1_python_nodelay_all_c16_keepalive_ms,5.919081
latency,0,267,http1_python_nodelay_all_c16_keepalive_ms,3.053122
latency,0,268,http1_python_nodelay_all_c16_keepalive_ms,2.665906
latency,0,269,http1_python_nodelay_all_c16_keepalive_ms,2.331179
latency,0,270,http1_python_nodelay_all_c16_keepalive_ms,2.641635
latency,0,271,http1_python_nodelay_all_c16_keepalive_ms,2.205997
latency,0,272,http1_python_nodelay_all_c16_keepalive_ms,2.661836
latency,0,273,http1_python_nodelay_all_c16_keepalive_ms,2.382410
latency,0,274,http1_python_nodelay_all_c16_keepalive_ms,6.748215
latency,0,275,http1_python_nodelay_all_c16_keepalive_ms,2.781397
latency,0,276,http1_python_nodelay_all_c16_keepalive_ms,2.976291
latency,0,277,http1_python_nodelay_all_c16_keepalive_ms,4.354394
latency,0,278,http1_python_nodelay_all_c16_keepalive_ms,4.316614
latency,0,279,http1_python_nodelay_all_c16_keepalive_ms,2.634094
latency,0,280,http1_python_nodelay_all_c16_keepalive_ms,1.783221
latency,0,281,http1_python_nodelay_all_c16_keepalive_ms,1.816231
latency,0,282,http1_python_nodelay_all_c16_keepalive_ms,2.361560
latency,0,283,http1_python_nodelay_all_c16_keepalive_ms,1.981684
latency,0,284,http1_python_nodelay_all_c16_keepalive_ms,1.437604
latency,0,285,http1_python_nodelay_all_c16_keepalive_ms,3.730534
latency,0,286,http1_python_nodelay_all_c16_keepalive_ms,2.056435
latency,0,287,http1_python_nodelay_all_c16_keepalive_ms,2.321539
latency,0,288,http1_python_nodelay_all_c16_keepalive_ms,4.651359
latency,0,289,http1_python_nodelay_all_c16_keepalive_ms,1.999265
latency,0,290,http1_python_nodelay_all_c16_keepalive_ms,5.128767
latency,0,291,http1_python_nodelay_all_c16_keepalive_ms,2.542543
latency,0,292,http1_python_nodelay_all_c16_keepalive_ms,2.881969
latency,0,293,http1_python_nodelay_all_c16_keepalive_ms,1.945213
latency,0,294,http1_python_nodelay_all_c16_keepalive_ms,0.967127
latency,0,295,http1_python_nodelay_all_c16_keepalive_ms,2.158596
latency,0,296,http1_python_nodelay_all_c16_keepalive_ms,2.523163
latency,0,297,http1_python_nodelay_all_c16_keepalive_ms,2.539284
latency,0,298,http1_python_nodelay_all_c16_keepalive_ms,0.546739
latency,0,299,http1_python_nodelay_all_c16_keepalive_ms,0.221534
latency,0,300,http1_python_nodelay_all_c16_keepalive_ms,1.179660
latency,0,301,http1_python_nodelay_all_c16_keepalive_ms,2.459541
latency,0,302,http1_python_nodelay_all_c16_keepalive_ms,4.125621
latency,0,303,http1_python_nodelay_all_c16_keepalive_ms,2.774817
latency,0,304,http1_python_nodelay_all_c16_keepalive_ms,2.814298
latency,0,305,http1_python_nodelay_all_c16_keepalive_ms,2.557384
latency,0,306,http1_python_nodelay_all_c16_keepalive_ms,3.020971
latency,0,307,http1_python_nodelay_all_c16_keepalive_ms,0.840644
latency,0,308,http1_python_nodelay_all_c16_keepalive_ms,1.837721
latency,0,309,http1_python_nodelay_all_c16_keepalive_ms,2.783558
latency,0,310,http1_python_nodelay_all_c16_keepalive_ms,2.263628
latency,0,311,http1_python_nodelay_all_c16_keepalive_ms,2.450002
latency,0,312,http1_python_nodelay_all_c16_keepalive_ms,4.901114
latency,0,313,http1_python_nodelay_all_c16_keepalive_ms,2.397810
latency,0,314,http1_python_nodelay_all_c16_keepalive_ms,4.124240
latency,0,315,http1_python_nodelay_all_c16_keepalive_ms,2.476543
latency,0,316,http1_python_nodelay_all_c16_keepalive_ms,2.271898
latency,0,317,http1_python_nodelay_all_c16_keepalive_ms,1.725500
latency,0,318,http1_python_nodelay_all_c16_keepalive_ms,1.967573
latency,0,319,http1_python_nodelay_all_c16_keepalive_ms,1.564567
latency,0,1120,http1_python_nodelay_all_c16_keepalive_ms,2.141137
latency,0,1121,http1_python_nodelay_all_c16_keepalive_ms,1.066078
latency,0,1122,http1_python_nodelay_all_c16_keepalive_ms,2.331709
latency,0,1123,http1_python_nodelay_all_c16_keepalive_ms,3.451929
latency,0,1124,http1_python_nodelay_all_c16_keepalive_ms,2.664316
latency,0,1125,http1_python_nodelay_all_c16_keepalive_ms,4.407355
latency,0,1126,http1_python_nodelay_all_c16_keepalive_ms,1.986174
latency,0,1127,http1_python_nodelay_all_c16_keepalive_ms,1.760060
latency,0,1128,http1_python_nodelay_all_c16_keepalive_ms,3.467838
latency,0,1129,http1_python_nodelay_all_c16_keepalive_ms,2.749907
latency,0,1130,http1_python_nodelay_all_c16_keepalive_ms,3.964228
latency,0,1131,http1_python_nodelay_all_c16_keepalive_ms,4.033798
latency,0,1132,http1_python_nodelay_all_c16_keepalive_ms,3.455559
latency,0,1133,http1_python_nodelay_all_c16_keepalive_ms,3.462409
latency,0,1134,http1_python_nodelay_all_c16_keepalive_ms,2.466922
latency,0,1135,http1_python_nodelay_all_c16_keepalive_ms,2.747137
latency,0,1136,http1_python_nodelay_all_c16_keepalive_ms,7.787422
latency,0,1137,http1_python_nodelay_all_c16_keepalive_ms,3.187534
latency,0,1138,http1_python_nodelay_all_c16_keepalive_ms,2.976471
latency,0,1139,http1_python_nodelay_all_c16_keepalive_ms,2.315830
latency,0,1140,http1_python_nodelay_all_c16_keepalive_ms,2.809048
latency,0,1141,http1_python_nodelay_all_c16_keepalive_ms,2.847938
latency,0,1142,http1_python_nodelay_all_c16_keepalive_ms,2.709976
latency,0,1143,http1_python_nodelay_all_c16_keepalive_ms,2.251938
latency,0,1144,http1_python_nodelay_all_c16_keepalive_ms,2.896990
latency,0,1145,http1_python_nodelay_all_c16_keepalive_ms,2.525963
latency,0,1146,http1_python_nodelay_all_c16_keepalive_ms,1.881492
latency,0,1147,http1_python_nodelay_all_c16_keepalive_ms,2.758257
latency,0,1148,http1_python_nodelay_all_c16_keepalive_ms,3.047611
latency,0,1149,http1_python_nodelay_all_c16_keepalive_ms,2.490123
latency,0,1150,http1_python_nodelay_all_c16_keepalive_ms,1.864932
latency,0,1151,http1_python_nodelay_all_c16_keepalive_ms,1.512475
latency,0,1152,http1_python_nodelay_all_c16_keepalive_ms,2.325850
latency,0,1153,http1_python_nodelay_all_c16_keepalive_ms,5.606306
latency,0,1154,http1_python_nodelay_all_c16_keepalive_ms,2.482362
latency,0,1155,http1_python_nodelay_all_c16_keepalive_ms,2.846658
latency,0,1156,http1_python_nodelay_all_c16_keepalive_ms,2.001104
latency,0,1157,http1_python_nodelay_all_c16_keepalive_ms,5.192349
latency,0,1158,http1_python_nodelay_all_c16_keepalive_ms,0.575219
latency,0,1159,http1_python_nodelay_all_c16_keepalive_ms,1.721960
latency,0,1160,http1_python_nodelay_all_c16_keepalive_ms,2.380510
latency,0,1161,http1_python_nodelay_all_c16_keepalive_ms,2.477282
latency,0,1162,http1_python_nodelay_all_c16_keepalive_ms,3.986048
latency,0,1163,http1_python_nodelay_all_c16_keepalive_ms,1.656778
latency,0,1164,http1_python_nodelay_all_c16_keepalive_ms,1.668509
latency,0,1165,http1_python_nodelay_all_c16_keepalive_ms,2.483972
latency,0,1166,http1_python_nodelay_all_c16_keepalive_ms,1.803801
latency,0,1167,http1_python_nodelay_all_c16_keepalive_ms,2.428821
latency,0,1168,http1_python_nodelay_all_c16_keepalive_ms,3.888166
latency,0,1169,http1_python_nodelay_all_c16_keepalive_ms,4.807262
latency,0,1170,http1_python_nodelay_all_c16_keepalive_ms,1.587207
latency,0,1171,http1_python_nodelay_all_c16_keepalive_ms,4.708070
latency,0,1172,http1_python_nodelay_all_c16_keepalive_ms,2.543674
latency,0,1173,http1_python_nodelay_all_c16_keepalive_ms,2.546753
latency,0,1174,http1_python_nodelay_all_c16_keepalive_ms,4.583498
latency,0,1175,http1_python_nodelay_all_c16_keepalive_ms,1.953473
latency,0,1176,http1_python_nodelay_all_c16_keepalive_ms,6.705734
latency,0,1177,http1_python_nodelay_all_c16_keepalive_ms,3.216565
latency,0,1178,http1_python_nodelay_all_c16_keepalive_ms,3.510240
latency,0,1179,http1_python_nodelay_all_c16_keepalive_ms,1.929113
latency,0,1180,http1_python_nodelay_all_c16_keepalive_ms,2.787037
latency,0,1181,http1_python_nodelay_all_c16_keepalive_ms,2.482772
latency,0,1182,http1_python_nodelay_all_c16_keepalive_ms,4.182041
latency,0,1183,http1_python_nodelay_all_c16_keepalive_ms,2.069216
latency,0,1184,http1_python_nodelay_all_c16_keepalive_ms,3.441998
latency,0,1185,http1_python_nodelay_all_c16_keepalive_ms,2.128356
latency,0,1186,http1_python_nodelay_all_c16_keepalive_ms,2.306730
latency,0,1187,http1_python_nodelay_all_c16_keepalive_ms,2.706516
latency,0,1188,http1_python_nodelay_all_c16_keepalive_ms,2.745177
latency,0,1189,http1_python_nodelay_all_c16_keepalive_ms,3.016041
latency,0,1190,http1_python_nodelay_all_c16_keepalive_ms,2.380180
latency,0,1191,http1_python_nodelay_all_c16_keepalive_ms,4.932424
latency,0,1192,http1_python_nodelay_all_c16_keepalive_ms,3.850786
latency,0,1193,http1_python_nodelay_all_c16_keepalive_ms,3.472389
latency,0,1194,http1_python_nodelay_all_c16_keepalive_ms,2.003734
latency,0,1195,http1_python_nodelay_all_c16_keepalive_ms,2.779687
latency,0,1196,http1_python_nodelay_all_c16_keepalive_ms,1.882372
latency,0,1197,http1_python_nodelay_all_c16_keepalive_ms,2.249589
latency,0,1198,http1_python_nodelay_all_c16_keepalive_ms,3.694043
latency,0,1199,http1_python_nodelay_all_c16_keepalive_ms,1.642128
latency,0,960,http1_python_nodelay_all_c16_keepalive_ms,2.114586
latency,0,961,http1_python_nodelay_all_c16_keepalive_ms,3.382557
latency,0,962,http1_python_nodelay_all_c16_keepalive_ms,3.495460
latency,0,963,http1_python_nodelay_all_c16_keepalive_ms,2.860129
latency,0,964,http1_python_nodelay_all_c16_keepalive_ms,7.782342
latency,0,965,http1_python_nodelay_all_c16_keepalive_ms,3.820755
latency,0,966,http1_python_nodelay_all_c16_keepalive_ms,4.143981
latency,0,967,http1_python_nodelay_all_c16_keepalive_ms,2.350740
latency,0,968,http1_python_nodelay_all_c16_keepalive_ms,1.684749
latency,0,969,http1_python_nodelay_all_c16_keepalive_ms,2.433731
latency,0,970,http1_python_nodelay_all_c16_keepalive_ms,2.320860
latency,0,971,http1_python_nodelay_all_c16_keepalive_ms,2.007063
latency,0,972,http1_python_nodelay_all_c16_keepalive_ms,2.635455
latency,0,973,http1_python_nodelay_all_c16_keepalive_ms,2.515993
latency,0,974,http1_python_nodelay_all_c16_keepalive_ms,3.760864
latency,0,975,http1_python_nodelay_all_c16_keepalive_ms,1.885632
latency,0,976,http1_python_nodelay_all_c16_keepalive_ms,3.476360
latency,0,977,http1_python_nodelay_all_c16_keepalive_ms,2.038924
latency,0,978,http1_python_nodelay_all_c16_keepalive_ms,2.443092
latency,0,979,http1_python_nodelay_all_c16_keepalive_ms,2.817278
latency,0,980,http1_python_nodelay_all_c16_keepalive_ms,1.005607
latency,0,981,http1_python_nodelay_all_c16_keepalive_ms,2.337350
latency,0,982,http1_python_nodelay_all_c16_keepalive_ms,1.850301
latency,0,983,http1_python_nodelay_all_c16_keepalive_ms,3.096923
latency,0,984,http1_python_nodelay_all_c16_keepalive_ms,5.479143
latency,0,985,http1_python_nodelay_all_c16_keepalive_ms,3.673633
latency,0,986,http1_python_nodelay_all_c16_keepalive_ms,2.889349
latency,0,987,http1_python_nodelay_all_c16_keepalive_ms,3.347037
latency,0,988,http1_python_nodelay_all_c16_keepalive_ms,2.526073
latency,0,989,http1_python_nodelay_all_c16_keepalive_ms,2.424601
latency,0,990,http1_python_nodelay_all_c16_keepalive_ms,1.395904
latency,0,991,http1_python_nodelay_all_c16_keepalive_ms,4.675279
latency,0,992,http1_python_nodelay_all_c16_keepalive_ms,3.027892
latency,0,993,http1_python_nodelay_all_c16_keepalive_ms,2.298259
latency,0,994,http1_python_nodelay_all_c16_keepalive_ms,2.271159
latency,0,995,http1_python_nodelay_all_c16_keepalive_ms,2.711536
latency,0,996,http1_python_nodelay_all_c16_keepalive_ms,4.535417
latency,0,997,http1_python_nodelay_all_c16_keepalive_ms,2.856279
latency,0,998,http1_python_nodelay_all_c16_keepalive_ms,2.510953
latency,0,999,http1_python_nodelay_all_c16_keepalive_ms,2.267288
latency,0,1000,http1_python_nodelay_all_c16_keepalive_ms,2.762507
latency,0,1001,http1_python_nodelay_all_c16_keepalive_ms,1.919383
latency,0,1002,http1_python_nodelay_all_c16_keepalive_ms,3.676812
latency,0,1003,http1_python_nodelay_all_c16_keepalive_ms,1.398274
latency,0,1004,http1_python_nodelay_all_c16_keepalive_ms,2.628625
latency,0,1005,http1_python_nodelay_all_c16_keepalive_ms,8.022126
latency,0,1006,http1_python_nodelay_all_c16_keepalive_ms,2.201978
latency,0,1007,http1_python_nodelay_all_c16_keepalive_ms,2.638385
latency,0,1008,http1_python_nodelay_all_c16_keepalive_ms,1.748079
latency,0,1009,http1_python_nodelay_all_c16_keepalive_ms,3.328827
latency,0,1010,http1_python_nodelay_all_c16_keepalive_ms,2.039465
latency,0,1011,http1_python_nodelay_all_c16_keepalive_ms,6.002812
latency,0,1012,http1_python_nodelay_all_c16_keepalive_ms,4.678440
latency,0,1013,http1_python_nodelay_all_c16_keepalive_ms,3.203144
latency,0,1014,http1_python_nodelay_all_c16_keepalive_ms,2.331890
latency,0,1015,http1_python_nodelay_all_c16_keepalive_ms,2.468592
latency,0,1016,http1_python_nodelay_all_c16_keepalive_ms,2.786227
latency,0,1017,http1_python_nodelay_all_c16_keepalive_ms,1.729640
latency,0,1018,http1_python_nodelay_all_c16_keepalive_ms,3.207684
latency,0,1019,http1_python_nodelay_all_c16_keepalive_ms,2.656536
latency,0,1020,http1_python_nodelay_all_c16_keepalive_ms,2.517012
latency,0,1021,http1_python_nodelay_all_c16_keepalive_ms,3.988748
latency,0,1022,http1_python_nodelay_all_c16_keepalive_ms,4.013138
latency,0,1023,http1_python_nodelay_all_c16_keepalive_ms,0.935036
latency,0,1024,http1_python_nodelay_all_c16_keepalive_ms,2.859819
latency,0,1025,http1_python_nodelay_all_c16_keepalive_ms,2.259089
latency,0,1026,http1_python_nodelay_all_c16_keepalive_ms,2.678675
latency,0,1027,http1_python_nodelay_all_c16_keepalive_ms,7.584449
latency,0,1028,http1_python_nodelay_all_c16_keepalive_ms,1.501926
latency,0,1029,http1_python_nodelay_all_c16_keepalive_ms,1.472685
latency,0,1030,http1_python_nodelay_all_c16_keepalive_ms,3.070392
latency,0,1031,http1_python_nodelay_all_c16_keepalive_ms,3.381758
latency,0,1032,http1_python_nodelay_all_c16_keepalive_ms,1.920002
latency,0,1033,http1_python_nodelay_all_c16_keepalive_ms,1.507846
latency,0,1034,http1_python_nodelay_all_c16_keepalive_ms,2.193107
latency,0,1035,http1_python_nodelay_all_c16_keepalive_ms,2.548034
latency,0,1036,http1_python_nodelay_all_c16_keepalive_ms,5.420642
latency,0,1037,http1_python_nodelay_all_c16_keepalive_ms,2.171627
latency,0,1038,http1_python_nodelay_all_c16_keepalive_ms,1.881252
latency,0,1039,http1_python_nodelay_all_c16_keepalive_ms,1.976913
latency,0,480,http1_python_nodelay_all_c16_keepalive_ms,2.178297
latency,0,481,http1_python_nodelay_all_c16_keepalive_ms,1.133679
latency,0,482,http1_python_nodelay_all_c16_keepalive_ms,2.374080
latency,0,483,http1_python_nodelay_all_c16_keepalive_ms,0.646151
latency,0,484,http1_python_nodelay_all_c16_keepalive_ms,2.717457
latency,0,485,http1_python_nodelay_all_c16_keepalive_ms,2.709076
latency,0,486,http1_python_nodelay_all_c16_keepalive_ms,2.346090
latency,0,487,http1_python_nodelay_all_c16_keepalive_ms,2.218408
latency,0,488,http1_python_nodelay_all_c16_keepalive_ms,1.981954
latency,0,489,http1_python_nodelay_all_c16_keepalive_ms,1.756580
latency,0,490,http1_python_nodelay_all_c16_keepalive_ms,3.318046
latency,0,491,http1_python_nodelay_all_c16_keepalive_ms,2.750827
latency,0,492,http1_python_nodelay_all_c16_keepalive_ms,2.424511
latency,0,493,http1_python_nodelay_all_c16_keepalive_ms,1.583537
latency,0,494,http1_python_nodelay_all_c16_keepalive_ms,1.727269
latency,0,495,http1_python_nodelay_all_c16_keepalive_ms,3.155324
latency,0,496,http1_python_nodelay_all_c16_keepalive_ms,3.544590
latency,0,497,http1_python_nodelay_all_c16_keepalive_ms,2.233878
latency,0,498,http1_python_nodelay_all_c16_keepalive_ms,2.973001
latency,0,499,http1_python_nodelay_all_c16_keepalive_ms,2.152107
latency,0,500,http1_python_nodelay_all_c16_keepalive_ms,3.491759
latency,0,501,http1_python_nodelay_all_c16_keepalive_ms,1.908333
latency,0,502,http1_python_nodelay_all_c16_keepalive_ms,5.619055
latency,0,503,http1_python_nodelay_all_c16_keepalive_ms,2.458322
latency,0,504,http1_python_nodelay_all_c16_keepalive_ms,3.325717
latency,0,505,http1_python_nodelay_all_c16_keepalive_ms,2.564583
latency,0,506,http1_python_nodelay_all_c16_keepalive_ms,8.292751
latency,0,507,http1_python_nodelay_all_c16_keepalive_ms,4.917824
latency,0,508,http1_python_nodelay_all_c16_keepalive_ms,1.837961
latency,0,509,http1_python_nodelay_all_c16_keepalive_ms,3.346867
latency,0,510,http1_python_nodelay_all_c16_keepalive_ms,2.679226
latency,0,511,http1_python_nodelay_all_c16_keepalive_ms,8.097788
latency,0,512,http1_python_nodelay_all_c16_keepalive_ms,5.138237
latency,0,513,http1_python_nodelay_all_c16_keepalive_ms,2.868929
latency,0,514,http1_python_nodelay_all_c16_keepalive_ms,2.750477
latency,0,515,http1_python_nodelay_all_c16_keepalive_ms,2.097955
latency,0,516,http1_python_nodelay_all_c16_keepalive_ms,2.464492
latency,0,517,http1_python_nodelay_all_c16_keepalive_ms,2.490473
latency,0,518,http1_python_nodelay_all_c16_keepalive_ms,2.833068
latency,0,519,http1_python_nodelay_all_c16_keepalive_ms,4.406255
latency,0,520,http1_python_nodelay_all_c16_keepalive_ms,3.678502
latency,0,521,http1_python_nodelay_all_c16_keepalive_ms,2.237419
latency,0,522,http1_python_nodelay_all_c16_keepalive_ms,1.544896
latency,0,523,http1_python_nodelay_all_c16_keepalive_ms,2.434841
latency,0,524,http1_python_nodelay_all_c16_keepalive_ms,1.944294
latency,0,525,http1_python_nodelay_all_c16_keepalive_ms,2.363010
latency,0,526,http1_python_nodelay_all_c16_keepalive_ms,2.719496
latency,0,527,http1_python_nodelay_all_c16_keepalive_ms,3.446419
latency,0,528,http1_python_nodelay_all_c16_keepalive_ms,3.388787
latency,0,529,http1_python_nodelay_all_c16_keepalive_ms,1.962574
latency,0,530,http1_python_nodelay_all_c16_keepalive_ms,4.068539
latency,0,531,http1_python_nodelay_all_c16_keepalive_ms,2.059155
latency,0,532,http1_python_nodelay_all_c16_keepalive_ms,2.413961
latency,0,533,http1_python_nodelay_all_c16_keepalive_ms,4.866133
latency,0,534,http1_python_nodelay_all_c16_keepalive_ms,1.802391
latency,0,535,http1_python_nodelay_all_c16_keepalive_ms,5.225969
latency,0,536,http1_python_nodelay_all_c16_keepalive_ms,2.564163
latency,0,537,http1_python_nodelay_all_c16_keepalive_ms,2.786087
latency,0,538,http1_python_nodelay_all_c16_keepalive_ms,1.730570
latency,0,539,http1_python_nodelay_all_c16_keepalive_ms,3.119863
latency,0,540,http1_python_nodelay_all_c16_keepalive_ms,2.881969
latency,0,541,http1_python_nodelay_all_c16_keepalive_ms,2.213438
latency,0,542,http1_python_nodelay_all_c16_keepalive_ms,4.176291
latency,0,543,http1_python_nodelay_all_c16_keepalive_ms,3.920627
latency,0,544,http1_python_nodelay_all_c16_keepalive_ms,2.181527
latency,0,545,http1_python_nodelay_all_c16_keepalive_ms,3.566531
latency,0,546,http1_python_nodelay_all_c16_keepalive_ms,5.595135
latency,0,547,http1_python_nodelay_all_c16_keepalive_ms,3.200004
latency,0,548,http1_python_nodelay_all_c16_keepalive_ms,2.754767
latency,0,549,http1_python_nodelay_all_c16_keepalive_ms,2.109146
latency,0,550,http1_python_nodelay_all_c16_keepalive_ms,2.915930
latency,0,551,http1_python_nodelay_all_c16_keepalive_ms,1.580557
latency,0,552,http1_python_nodelay_all_c16_keepalive_ms,3.310866
latency,0,553,http1_python_nodelay_all_c16_keepalive_ms,3.967627
latency,0,554,http1_python_nodelay_all_c16_keepalive_ms,2.800458
latency,0,555,http1_python_nodelay_all_c16_keepalive_ms,1.774520
latency,0,556,http1_python_nodelay_all_c16_keepalive_ms,2.342910
latency,0,557,http1_python_nodelay_all_c16_keepalive_ms,3.235425
latency,0,558,http1_python_nodelay_all_c16_keepalive_ms,2.121687
latency,0,559,http1_python_nodelay_all_c16_keepalive_ms,2.130245
latency,0,320,http1_python_nodelay_all_c16_keepalive_ms,2.130097
latency,0,321,http1_python_nodelay_all_c16_keepalive_ms,3.426118
latency,0,322,http1_python_nodelay_all_c16_keepalive_ms,3.654182
latency,0,323,http1_python_nodelay_all_c16_keepalive_ms,2.571404
latency,0,324,http1_python_nodelay_all_c16_keepalive_ms,2.236608
latency,0,325,http1_python_nodelay_all_c16_keepalive_ms,6.732724
latency,0,326,http1_python_nodelay_all_c16_keepalive_ms,2.563834
latency,0,327,http1_python_nodelay_all_c16_keepalive_ms,2.597894
latency,0,328,http1_python_nodelay_all_c16_keepalive_ms,2.969801
latency,0,329,http1_python_nodelay_all_c16_keepalive_ms,3.008181
latency,0,330,http1_python_nodelay_all_c16_keepalive_ms,2.580994
latency,0,331,http1_python_nodelay_all_c16_keepalive_ms,1.961543
latency,0,332,http1_python_nodelay_all_c16_keepalive_ms,4.400455
latency,0,333,http1_python_nodelay_all_c16_keepalive_ms,2.445932
latency,0,334,http1_python_nodelay_all_c16_keepalive_ms,2.716966
latency,0,335,http1_python_nodelay_all_c16_keepalive_ms,3.168424
latency,0,336,http1_python_nodelay_all_c16_keepalive_ms,2.183337
latency,0,337,http1_python_nodelay_all_c16_keepalive_ms,3.231145
latency,0,338,http1_python_nodelay_all_c16_keepalive_ms,2.537043
latency,0,339,http1_python_nodelay_all_c16_keepalive_ms,2.800578
latency,0,340,http1_python_nodelay_all_c16_keepalive_ms,5.159568
latency,0,341,http1_python_nodelay_all_c16_keepalive_ms,3.156004
latency,0,342,http1_python_nodelay_all_c16_keepalive_ms,3.083812
latency,0,343,http1_python_nodelay_all_c16_keepalive_ms,2.604534
latency,0,344,http1_python_nodelay_all_c16_keepalive_ms,2.144967
latency,0,345,http1_python_nodelay_all_c16_keepalive_ms,5.592565
latency,0,346,http1_python_nodelay_all_c16_keepalive_ms,2.075436
latency,0,347,http1_python_nodelay_all_c16_keepalive_ms,2.409650
latency,0,348,http1_python_nodelay_all_c16_keepalive_ms,2.517923
latency,0,349,http1_python_nodelay_all_c16_keepalive_ms,6.262837
latency,0,350,http1_python_nodelay_all_c16_keepalive_ms,2.791887
latency,0,351,http1_python_nodelay_all_c16_keepalive_ms,2.491673
latency,0,352,http1_python_nodelay_all_c16_keepalive_ms,2.331869
latency,0,353,http1_python_nodelay_all_c16_keepalive_ms,2.683496
latency,0,354,http1_python_nodelay_all_c16_keepalive_ms,2.098656
latency,0,355,http1_python_nodelay_all_c16_keepalive_ms,2.252228
latency,0,356,http1_python_nodelay_all_c16_keepalive_ms,2.724457
latency,0,357,http1_python_nodelay_all_c16_keepalive_ms,2.511462
latency,0,358,http1_python_nodelay_all_c16_keepalive_ms,2.358071
latency,0,359,http1_python_nodelay_all_c16_keepalive_ms,2.781997
latency,0,360,http1_python_nodelay_all_c16_keepalive_ms,2.009704
latency,0,361,http1_python_nodelay_all_c16_keepalive_ms,1.316232
latency,0,362,http1_python_nodelay_all_c16_keepalive_ms,2.293589
latency,0,363,http1_python_nodelay_all_c16_keepalive_ms,3.743944
latency,0,364,http1_python_nodelay_all_c16_keepalive_ms,4.250723
latency,0,365,http1_python_nodelay_all_c16_keepalive_ms,2.677115
latency,0,366,http1_python_nodelay_all_c16_keepalive_ms,2.219468
latency,0,367,http1_python_nodelay_all_c16_keepalive_ms,1.336962
latency,0,368,http1_python_nodelay_all_c16_keepalive_ms,3.387058
latency,0,369,http1_python_nodelay_all_c16_keepalive_ms,3.430779
latency,0,370,http1_python_nodelay_all_c16_keepalive_ms,2.737346
latency,0,371,http1_python_nodelay_all_c16_keepalive_ms,4.146651
latency,0,372,http1_python_nodelay_all_c16_keepalive_ms,2.232538
latency,0,373,http1_python_nodelay_all_c16_keepalive_ms,2.868889
latency,0,374,http1_python_nodelay_all_c16_keepalive_ms,4.747990
latency,0,375,http1_python_nodelay_all_c16_keepalive_ms,2.464302
latency,0,376,http1_python_nodelay_all_c16_keepalive_ms,2.333990
latency,0,377,http1_python_nodelay_all_c16_keepalive_ms,2.920330
latency,0,378,http1_python_nodelay_all_c16_keepalive_ms,4.697740
latency,0,379,http1_python_nodelay_all_c16_keepalive_ms,2.829528
latency,0,380,http1_python_nodelay_all_c16_keepalive_ms,2.202107
latency,0,381,http1_python_nodelay_all_c16_keepalive_ms,2.108186
latency,0,382,http1_python_nodelay_all_c16_keepalive_ms,2.570244
latency,0,383,http1_python_nodelay_all_c16_keepalive_ms,2.756777
latency,0,384,http1_python_nodelay_all_c16_keepalive_ms,4.534097
latency,0,385,http1_python_nodelay_all_c16_keepalive_ms,2.308979
latency,0,386,http1_python_nodelay_all_c16_keepalive_ms,2.585725
latency,0,387,http1_python_nodelay_all_c16_keepalive_ms,2.565613
latency,0,388,http1_python_nodelay_all_c16_keepalive_ms,3.316466
latency,0,389,http1_python_nodelay_all_c16_keepalive_ms,7.151222
latency,0,390,http1_python_nodelay_all_c16_keepalive_ms,4.119690
latency,0,391,http1_python_nodelay_all_c16_keepalive_ms,3.364847
latency,0,392,http1_python_nodelay_all_c16_keepalive_ms,2.255959
latency,0,393,http1_python_nodelay_all_c16_keepalive_ms,2.438531
latency,0,394,http1_python_nodelay_all_c16_keepalive_ms,2.077966
latency,0,395,http1_python_nodelay_all_c16_keepalive_ms,2.077515
latency,0,396,http1_python_nodelay_all_c16_keepalive_ms,1.738970
latency,0,397,http1_python_nodelay_all_c16_keepalive_ms,2.084975
latency,0,398,http1_python_nodelay_all_c16_keepalive_ms,1.555587
latency,0,399,http1_python_nodelay_all_c16_keepalive_ms,2.278138
latency,0,880,http1_python_nodelay_all_c16_keepalive_ms,2.018015
latency,0,881,http1_python_nodelay_all_c16_keepalive_ms,3.625331
latency,0,882,http1_python_nodelay_all_c16_keepalive_ms,6.324178
latency,0,883,http1_python_nodelay_all_c16_keepalive_ms,1.978083
latency,0,884,http1_python_nodelay_all_c16_keepalive_ms,2.189638
latency,0,885,http1_python_nodelay_all_c16_keepalive_ms,2.146906
latency,0,886,http1_python_nodelay_all_c16_keepalive_ms,4.682500
latency,0,887,http1_python_nodelay_all_c16_keepalive_ms,2.523573
latency,0,888,http1_python_nodelay_all_c16_keepalive_ms,2.281789
latency,0,889,http1_python_nodelay_all_c16_keepalive_ms,3.426478
latency,0,890,http1_python_nodelay_all_c16_keepalive_ms,2.903120
latency,0,891,http1_python_nodelay_all_c16_keepalive_ms,2.336099
latency,0,892,http1_python_nodelay_all_c16_keepalive_ms,1.956903
latency,0,893,http1_python_nodelay_all_c16_keepalive_ms,2.423042
latency,0,894,http1_python_nodelay_all_c16_keepalive_ms,2.799527
latency,0,895,http1_python_nodelay_all_c16_keepalive_ms,2.219868
latency,0,896,http1_python_nodelay_all_c16_keepalive_ms,3.350447
latency,0,897,http1_python_nodelay_all_c16_keepalive_ms,3.476029
latency,0,898,http1_python_nodelay_all_c16_keepalive_ms,2.062945
latency,0,899,http1_python_nodelay_all_c16_keepalive_ms,2.441862
latency,0,900,http1_python_nodelay_all_c16_keepalive_ms,2.870499
latency,0,901,http1_python_nodelay_all_c16_keepalive_ms,4.970805
latency,0,902,http1_python_nodelay_all_c16_keepalive_ms,3.110423
latency,0,903,http1_python_nodelay_all_c16_keepalive_ms,3.022321
latency,0,904,http1_python_nodelay_all_c16_keepalive_ms,2.836868
latency,0,905,http1_python_nodelay_all_c16_keepalive_ms,2.645535
latency,0,906,http1_python_nodelay_all_c16_keepalive_ms,3.420418
latency,0,907,http1_python_nodelay_all_c16_keepalive_ms,1.820651
latency,0,908,http1_python_nodelay_all_c16_keepalive_ms,1.799661
latency,0,909,http1_python_nodelay_all_c16_keepalive_ms,2.545683
latency,0,910,http1_python_nodelay_all_c16_keepalive_ms,3.472169
latency,0,911,http1_python_nodelay_all_c16_keepalive_ms,2.480933
latency,0,912,http1_python_nodelay_all_c16_keepalive_ms,2.934130
latency,0,913,http1_python_nodelay_all_c16_keepalive_ms,2.084515
latency,0,914,http1_python_nodelay_all_c16_keepalive_ms,2.850569
latency,0,915,http1_python_nodelay_all_c16_keepalive_ms,4.940053
latency,0,916,http1_python_nodelay_all_c16_keepalive_ms,4.533708
latency,0,917,http1_python_nodelay_all_c16_keepalive_ms,2.635175
latency,0,918,http1_python_nodelay_all_c16_keepalive_ms,2.814848
latency,0,919,http1_python_nodelay_all_c16_keepalive_ms,4.710930
latency,0,920,http1_python_nodelay_all_c16_keepalive_ms,3.940427
latency,0,921,http1_python_nodelay_all_c16_keepalive_ms,3.324666
latency,0,922,http1_python_nodelay_all_c16_keepalive_ms,2.267909
latency,0,923,http1_python_nodelay_all_c16_keepalive_ms,1.933633
latency,0,924,http1_python_nodelay_all_c16_keepalive_ms,2.581304
latency,0,925,http1_python_nodelay_all_c16_keepalive_ms,4.286623
latency,0,926,http1_python_nodelay_all_c16_keepalive_ms,1.858671
latency,0,927,http1_python_nodelay_all_c16_keepalive_ms,2.462862
latency,0,928,http1_python_nodelay_all_c16_keepalive_ms,3.108893
latency,0,929,http1_python_nodelay_all_c16_keepalive_ms,5.368492
latency,0,930,http1_python_nodelay_all_c16_keepalive_ms,2.931029
latency,0,931,http1_python_nodelay_all_c16_keepalive_ms,1.799961
latency,0,932,http1_python_nodelay_all_c16_keepalive_ms,2.724806
latency,0,933,http1_python_nodelay_all_c16_keepalive_ms,3.084343
latency,0,934,http1_python_nodelay_all_c16_keepalive_ms,4.122760
latency,0,935,http1_python_nodelay_all_c16_keepalive_ms,3.019111
latency,0,936,http1_python_nodelay_all_c16_keepalive_ms,2.428132
latency,0,937,http1_python_nodelay_all_c16_keepalive_ms,1.922613
latency,0,938,http1_python_nodelay_all_c16_keepalive_ms,2.949910
latency,0,939,http1_python_nodelay_all_c16_keepalive_ms,2.858649
latency,0,940,http1_python_nodelay_all_c16_keepalive_ms,6.026222
latency,0,941,http1_python_nodelay_all_c16_keepalive_ms,6.384139
latency,0,942,http1_python_nodelay_all_c16_keepalive_ms,3.954877
latency,0,943,http1_python_nodelay_all_c16_keepalive_ms,2.792858
latency,0,944,http1_python_nodelay_all_c16_keepalive_ms,2.312889
latency,0,945,http1_python_nodelay_all_c16_keepalive_ms,3.335557
latency,0,946,http1_python_nodelay_all_c16_keepalive_ms,2.803467
latency,0,947,http1_python_nodelay_all_c16_keepalive_ms,2.195578
latency,0,948,http1_python_nodelay_all_c16_keepalive_ms,1.675288
latency,0,949,http1_python_nodelay_all_c16_keepalive_ms,2.836569
latency,0,950,http1_python_nodelay_all_c16_keepalive_ms,3.818574
latency,0,951,http1_python_nodelay_all_c16_keepalive_ms,3.197185
latency,0,952,http1_python_nodelay_all_c16_keepalive_ms,2.897709
latency,0,953,http1_python_nodelay_all_c16_keepalive_ms,1.836762
latency,0,954,http1_python_nodelay_all_c16_keepalive_ms,2.294849
latency,0,955,http1_python_nodelay_all_c16_keepalive_ms,1.817451
latency,0,956,http1_python_nodelay_all_c16_keepalive_ms,1.867151
latency,0,957,http1_python_nodelay_all_c16_keepalive_ms,1.694449
latency,0,958,http1_python_nodelay_all_c16_keepalive_ms,1.959973
latency,0,959,http1_python_nodelay_all_c16_keepalive_ms,1.577297
latency,0,1040,http1_python_nodelay_all_c16_keepalive_ms,1.968594
latency,0,1041,http1_python_nodelay_all_c16_keepalive_ms,3.554920
latency,0,1042,http1_python_nodelay_all_c16_keepalive_ms,3.429958
latency,0,1043,http1_python_nodelay_all_c16_keepalive_ms,2.521963
latency,0,1044,http1_python_nodelay_all_c16_keepalive_ms,2.050655
latency,0,1045,http1_python_nodelay_all_c16_keepalive_ms,2.497553
latency,0,1046,http1_python_nodelay_all_c16_keepalive_ms,3.836735
latency,0,1047,http1_python_nodelay_all_c16_keepalive_ms,2.580364
latency,0,1048,http1_python_nodelay_all_c16_keepalive_ms,5.209839
latency,0,1049,http1_python_nodelay_all_c16_keepalive_ms,8.438004
latency,0,1050,http1_python_nodelay_all_c16_keepalive_ms,4.118619
latency,0,1051,http1_python_nodelay_all_c16_keepalive_ms,3.323697
latency,0,1052,http1_python_nodelay_all_c16_keepalive_ms,2.433041
latency,0,1053,http1_python_nodelay_all_c16_keepalive_ms,1.262512
latency,0,1054,http1_python_nodelay_all_c16_keepalive_ms,1.975564
latency,0,1055,http1_python_nodelay_all_c16_keepalive_ms,1.938273
latency,0,1056,http1_python_nodelay_all_c16_keepalive_ms,3.461928
latency,0,1057,http1_python_nodelay_all_c16_keepalive_ms,2.879699
latency,0,1058,http1_python_nodelay_all_c16_keepalive_ms,3.511160
latency,0,1059,http1_python_nodelay_all_c16_keepalive_ms,1.747230
latency,0,1060,http1_python_nodelay_all_c16_keepalive_ms,2.409751
latency,0,1061,http1_python_nodelay_all_c16_keepalive_ms,1.354533
latency,0,1062,http1_python_nodelay_all_c16_keepalive_ms,2.770577
latency,0,1063,http1_python_nodelay_all_c16_keepalive_ms,2.029925
latency,0,1064,http1_python_nodelay_all_c16_keepalive_ms,3.084072
latency,0,1065,http1_python_nodelay_all_c16_keepalive_ms,3.765574
latency,0,1066,http1_python_nodelay_all_c16_keepalive_ms,2.241999
latency,0,1067,http1_python_nodelay_all_c16_keepalive_ms,8.618286
latency,0,1068,http1_python_nodelay_all_c16_keepalive_ms,2.867249
latency,0,1069,http1_python_nodelay_all_c16_keepalive_ms,3.480659
latency,0,1070,http1_python_nodelay_all_c16_keepalive_ms,2.157797
latency,0,1071,http1_python_nodelay_all_c16_keepalive_ms,2.654555
latency,0,1072,http1_python_nodelay_all_c16_keepalive_ms,6.495651
latency,0,1073,http1_python_nodelay_all_c16_keepalive_ms,2.760817
latency,0,1074,http1_python_nodelay_all_c16_keepalive_ms,2.790837
latency,0,1075,http1_python_nodelay_all_c16_keepalive_ms,2.833818
latency,0,1076,http1_python_nodelay_all_c16_keepalive_ms,2.146567
latency,0,1077,http1_python_nodelay_all_c16_keepalive_ms,2.604434
latency,0,1078,http1_python_nodelay_all_c16_keepalive_ms,1.986084
latency,0,1079,http1_python_nodelay_all_c16_keepalive_ms,1.904452
latency,0,1080,http1_python_nodelay_all_c16_keepalive_ms,2.837759
latency,0,1081,http1_python_nodelay_all_c16_keepalive_ms,2.851098
latency,0,1082,http1_python_nodelay_all_c16_keepalive_ms,1.914773
latency,0,1083,http1_python_nodelay_all_c16_keepalive_ms,2.317069
latency,0,1084,http1_python_nodelay_all_c16_keepalive_ms,2.590374
latency,0,1085,http1_python_nodelay_all_c16_keepalive_ms,3.578211
latency,0,1086,http1_python_nodelay_all_c16_keepalive_ms,3.388768
latency,0,1087,http1_python_nodelay_all_c16_keepalive_ms,3.362667
latency,0,1088,http1_python_nodelay_all_c16_keepalive_ms,2.804318
latency,0,1089,http1_python_nodelay_all_c16_keepalive_ms,4.124090
latency,0,1090,http1_python_nodelay_all_c16_keepalive_ms,2.189527
latency,0,1091,http1_python_nodelay_all_c16_keepalive_ms,2.868909
latency,0,1092,http1_python_nodelay_all_c16_keepalive_ms,1.941183
latency,0,1093,http1_python_nodelay_all_c16_keepalive_ms,5.010986
latency,0,1094,http1_python_nodelay_all_c16_keepalive_ms,7.113321
latency,0,1095,http1_python_nodelay_all_c16_keepalive_ms,3.228955
latency,0,1096,http1_python_nodelay_all_c16_keepalive_ms,2.566923
latency,0,1097,http1_python_nodelay_all_c16_keepalive_ms,2.483973
latency,0,1098,http1_python_nodelay_all_c16_keepalive_ms,4.176260
latency,0,1099,http1_python_nodelay_all_c16_keepalive_ms,3.968388
latency,0,1100,http1_python_nodelay_all_c16_keepalive_ms,6.303628
latency,0,1101,http1_python_nodelay_all_c16_keepalive_ms,3.108443
latency,0,1102,http1_python_nodelay_all_c16_keepalive_ms,1.950873
latency,0,1103,http1_python_nodelay_all_c16_keepalive_ms,3.199634
latency,0,1104,http1_python_nodelay_all_c16_keepalive_ms,2.687566
latency,0,1105,http1_python_nodelay_all_c16_keepalive_ms,2.042294
latency,0,1106,http1_python_nodelay_all_c16_keepalive_ms,2.410282
latency,0,1107,http1_python_nodelay_all_c16_keepalive_ms,4.085479
latency,0,1108,http1_python_nodelay_all_c16_keepalive_ms,3.298966
latency,0,1109,http1_python_nodelay_all_c16_keepalive_ms,2.662935
latency,0,1110,http1_python_nodelay_all_c16_keepalive_ms,2.078026
latency,0,1111,http1_python_nodelay_all_c16_keepalive_ms,1.880822
latency,0,1112,http1_python_nodelay_all_c16_keepalive_ms,1.819171
latency,0,1113,http1_python_nodelay_all_c16_keepalive_ms,2.293349
latency,0,1114,http1_python_nodelay_all_c16_keepalive_ms,1.765830
latency,0,1115,http1_python_nodelay_all_c16_keepalive_ms,1.865572
latency,0,1116,http1_python_nodelay_all_c16_keepalive_ms,1.911432
latency,0,1117,http1_python_nodelay_all_c16_keepalive_ms,1.968404
latency,0,1118,http1_python_nodelay_all_c16_keepalive_ms,0.687421
latency,0,1119,http1_python_nodelay_all_c16_keepalive_ms,0.544440
latency,0,560,http1_python_nodelay_all_c16_keepalive_ms,3.322656
latency,0,561,http1_python_nodelay_all_c16_keepalive_ms,3.661832
latency,0,562,http1_python_nodelay_all_c16_keepalive_ms,2.169597
latency,0,563,http1_python_nodelay_all_c16_keepalive_ms,2.478372
latency,0,564,http1_python_nodelay_all_c16_keepalive_ms,2.394541
latency,0,565,http1_python_nodelay_all_c16_keepalive_ms,2.339110
latency,0,566,http1_python_nodelay_all_c16_keepalive_ms,6.656523
latency,0,567,http1_python_nodelay_all_c16_keepalive_ms,2.521923
latency,0,568,http1_python_nodelay_all_c16_keepalive_ms,2.908380
latency,0,569,http1_python_nodelay_all_c16_keepalive_ms,3.264825
latency,0,570,http1_python_nodelay_all_c16_keepalive_ms,3.569921
latency,0,571,http1_python_nodelay_all_c16_keepalive_ms,3.038222
latency,0,572,http1_python_nodelay_all_c16_keepalive_ms,5.180528
latency,0,573,http1_python_nodelay_all_c16_keepalive_ms,2.454972
latency,0,574,http1_python_nodelay_all_c16_keepalive_ms,3.966517
latency,0,575,http1_python_nodelay_all_c16_keepalive_ms,1.297632
latency,0,576,http1_python_nodelay_all_c16_keepalive_ms,3.317877
latency,0,577,http1_python_nodelay_all_c16_keepalive_ms,2.722426
latency,0,578,http1_python_nodelay_all_c16_keepalive_ms,2.706336
latency,0,579,http1_python_nodelay_all_c16_keepalive_ms,2.744807
latency,0,580,http1_python_nodelay_all_c16_keepalive_ms,2.516633
latency,0,581,http1_python_nodelay_all_c16_keepalive_ms,1.289992
latency,0,582,http1_python_nodelay_all_c16_keepalive_ms,4.757730
latency,0,583,http1_python_nodelay_all_c16_keepalive_ms,2.651066
latency,0,584,http1_python_nodelay_all_c16_keepalive_ms,4.558357
latency,0,585,http1_python_nodelay_all_c16_keepalive_ms,3.204095
latency,0,586,http1_python_nodelay_all_c16_keepalive_ms,2.068735
latency,0,587,http1_python_nodelay_all_c16_keepalive_ms,2.524953
latency,0,588,http1_python_nodelay_all_c16_keepalive_ms,2.423131
latency,0,589,http1_python_nodelay_all_c16_keepalive_ms,1.186470
latency,0,590,http1_python_nodelay_all_c16_keepalive_ms,2.276809
latency,0,591,http1_python_nodelay_all_c16_keepalive_ms,2.927290
latency,0,592,http1_python_nodelay_all_c16_keepalive_ms,2.068675
latency,0,593,http1_python_nodelay_all_c16_keepalive_ms,2.783988
latency,0,594,http1_python_nodelay_all_c16_keepalive_ms,2.635545
latency,0,595,http1_python_nodelay_all_c16_keepalive_ms,2.393860
latency,0,596,http1_python_nodelay_all_c16_keepalive_ms,4.743371
latency,0,597,http1_python_nodelay_all_c16_keepalive_ms,2.646455
latency,0,598,http1_python_nodelay_all_c16_keepalive_ms,2.467882
latency,0,599,http1_python_nodelay_all_c16_keepalive_ms,2.379921
latency,0,600,http1_python_nodelay_all_c16_keepalive_ms,2.602034
latency,0,601,http1_python_nodelay_all_c16_keepalive_ms,3.861115
latency,0,602,http1_python_nodelay_all_c16_keepalive_ms,5.107088
latency,0,603,http1_python_nodelay_all_c16_keepalive_ms,2.398080
latency,0,604,http1_python_nodelay_all_c16_keepalive_ms,2.291079
latency,0,605,http1_python_nodelay_all_c16_keepalive_ms,2.703246
latency,0,606,http1_python_nodelay_all_c16_keepalive_ms,3.686713
latency,0,607,http1_python_nodelay_all_c16_keepalive_ms,2.459092
latency,0,608,http1_python_nodelay_all_c16_keepalive_ms,1.747460
latency,0,609,http1_python_nodelay_all_c16_keepalive_ms,2.546223
latency,0,610,http1_python_nodelay_all_c16_keepalive_ms,6.430909
latency,0,611,http1_python_nodelay_all_c16_keepalive_ms,4.619679
latency,0,612,http1_python_nodelay_all_c16_keepalive_ms,2.693106
latency,0,613,http1_python_nodelay_all_c16_keepalive_ms,1.764640
latency,0,614,http1_python_nodelay_all_c16_keepalive_ms,1.311152
latency,0,615,http1_python_nodelay_all_c16_keepalive_ms,2.333860
latency,0,616,http1_python_nodelay_all_c16_keepalive_ms,2.329859
latency,0,617,http1_python_nodelay_all_c16_keepalive_ms,2.725857
latency,0,618,http1_python_nodelay_all_c16_keepalive_ms,4.940454
latency,0,619,http1_python_nodelay_all_c16_keepalive_ms,2.857039
latency,0,620,http1_python_nodelay_all_c16_keepalive_ms,9.396100
latency,0,621,http1_python_nodelay_all_c16_keepalive_ms,1.583537
latency,0,622,http1_python_nodelay_all_c16_keepalive_ms,1.667368
latency,0,623,http1_python_nodelay_all_c16_keepalive_ms,3.682973
latency,0,624,http1_python_nodelay_all_c16_keepalive_ms,2.566403
latency,0,625,http1_python_nodelay_all_c16_keepalive_ms,2.986751
latency,0,626,http1_python_nodelay_all_c16_keepalive_ms,2.922990
latency,0,627,http1_python_nodelay_all_c16_keepalive_ms,2.780597
latency,0,628,http1_python_nodelay_all_c16_keepalive_ms,3.962008
latency,0,629,http1_python_nodelay_all_c16_keepalive_ms,2.835458
latency,0,630,http1_python_nodelay_all_c16_keepalive_ms,3.206775
latency,0,631,http1_python_nodelay_all_c16_keepalive_ms,1.870411
latency,0,632,http1_python_nodelay_all_c16_keepalive_ms,3.422538
latency,0,633,http1_python_nodelay_all_c16_keepalive_ms,3.380868
latency,0,634,http1_python_nodelay_all_c16_keepalive_ms,2.091936
latency,0,635,http1_python_nodelay_all_c16_keepalive_ms,3.707473
latency,0,636,http1_python_nodelay_all_c16_keepalive_ms,1.620508
latency,0,637,http1_python_nodelay_all_c16_keepalive_ms,2.331939
latency,0,638,http1_python_nodelay_all_c16_keepalive_ms,2.451472
latency,0,639,http1_python_nodelay_all_c16_keepalive_ms,0.741892
latency,0,80,http1_python_nodelay_all_c16_keepalive_ms,1.941263
latency,0,81,http1_python_nodelay_all_c16_keepalive_ms,6.926678
latency,0,82,http1_python_nodelay_all_c16_keepalive_ms,2.765857
latency,0,83,http1_python_nodelay_all_c16_keepalive_ms,1.888512
latency,0,84,http1_python_nodelay_all_c16_keepalive_ms,2.793988
latency,0,85,http1_python_nodelay_all_c16_keepalive_ms,1.846011
latency,0,86,http1_python_nodelay_all_c16_keepalive_ms,2.841178
latency,0,87,http1_python_nodelay_all_c16_keepalive_ms,2.343970
latency,0,88,http1_python_nodelay_all_c16_keepalive_ms,2.683726
latency,0,89,http1_python_nodelay_all_c16_keepalive_ms,2.522303
latency,0,90,http1_python_nodelay_all_c16_keepalive_ms,3.190094
latency,0,91,http1_python_nodelay_all_c16_keepalive_ms,3.498410
latency,0,92,http1_python_nodelay_all_c16_keepalive_ms,2.644974
latency,0,93,http1_python_nodelay_all_c16_keepalive_ms,3.147454
latency,0,94,http1_python_nodelay_all_c16_keepalive_ms,2.661605
latency,0,95,http1_python_nodelay_all_c16_keepalive_ms,2.199788
latency,0,96,http1_python_nodelay_all_c16_keepalive_ms,3.348147
latency,0,97,http1_python_nodelay_all_c16_keepalive_ms,3.453369
latency,0,98,http1_python_nodelay_all_c16_keepalive_ms,4.015318
latency,0,99,http1_python_nodelay_all_c16_keepalive_ms,2.610864
latency,0,100,http1_python_nodelay_all_c16_keepalive_ms,3.282886
latency,0,101,http1_python_nodelay_all_c16_keepalive_ms,5.018596
latency,0,102,http1_python_nodelay_all_c16_keepalive_ms,1.691759
latency,0,103,http1_python_nodelay_all_c16_keepalive_ms,1.813040
latency,0,104,http1_python_nodelay_all_c16_keepalive_ms,2.803738
latency,0,105,http1_python_nodelay_all_c16_keepalive_ms,2.656195
latency,0,106,http1_python_nodelay_all_c16_keepalive_ms,2.023425
latency,0,107,http1_python_nodelay_all_c16_keepalive_ms,3.385088
latency,0,108,http1_python_nodelay_all_c16_keepalive_ms,4.371274
latency,0,109,http1_python_nodelay_all_c16_keepalive_ms,4.062019
latency,0,110,http1_python_nodelay_all_c16_keepalive_ms,1.700379
latency,0,111,http1_python_nodelay_all_c16_keepalive_ms,2.924440
latency,0,112,http1_python_nodelay_all_c16_keepalive_ms,2.116256
latency,0,113,http1_python_nodelay_all_c16_keepalive_ms,3.096693
latency,0,114,http1_python_nodelay_all_c16_keepalive_ms,2.170336
latency,0,115,http1_python_nodelay_all_c16_keepalive_ms,2.652415
latency,0,116,http1_python_nodelay_all_c16_keepalive_ms,2.325930
latency,0,117,http1_python_nodelay_all_c16_keepalive_ms,4.758791
latency,0,118,http1_python_nodelay_all_c16_keepalive_ms,2.812908
latency,0,119,http1_python_nodelay_all_c16_keepalive_ms,4.712480
latency,0,120,http1_python_nodelay_all_c16_keepalive_ms,2.023634
latency,0,121,http1_python_nodelay_all_c16_keepalive_ms,7.109142
latency,0,122,http1_python_nodelay_all_c16_keepalive_ms,4.672999
latency,0,123,http1_python_nodelay_all_c16_keepalive_ms,2.609744
latency,0,124,http1_python_nodelay_all_c16_keepalive_ms,6.495411
latency,0,125,http1_python_nodelay_all_c16_keepalive_ms,4.013228
latency,0,126,http1_python_nodelay_all_c16_keepalive_ms,2.760768
latency,0,127,http1_python_nodelay_all_c16_keepalive_ms,4.056678
latency,0,128,http1_python_nodelay_all_c16_keepalive_ms,2.189878
latency,0,129,http1_python_nodelay_all_c16_keepalive_ms,2.847498
latency,0,130,http1_python_nodelay_all_c16_keepalive_ms,1.886962
latency,0,131,http1_python_nodelay_all_c16_keepalive_ms,5.223169
latency,0,132,http1_python_nodelay_all_c16_keepalive_ms,2.611944
latency,0,133,http1_python_nodelay_all_c16_keepalive_ms,2.808788
latency,0,134,http1_python_nodelay_all_c16_keepalive_ms,7.333205
latency,0,135,http1_python_nodelay_all_c16_keepalive_ms,2.057125
latency,0,136,http1_python_nodelay_all_c16_keepalive_ms,2.536064
latency,0,137,http1_python_nodelay_all_c16_keepalive_ms,2.437151
latency,0,138,http1_python_nodelay_all_c16_keepalive_ms,1.899452
latency,0,139,http1_python_nodelay_all_c16_keepalive_ms,2.772707
latency,0,140,http1_python_nodelay_all_c16_keepalive_ms,4.936374
latency,0,141,http1_python_nodelay_all_c16_keepalive_ms,2.498423
latency,0,142,http1_python_nodelay_all_c16_keepalive_ms,2.967160
latency,0,143,http1_python_nodelay_all_c16_keepalive_ms,3.192315
latency,0,144,http1_python_nodelay_all_c16_keepalive_ms,2.460832
latency,0,145,http1_python_nodelay_all_c16_keepalive_ms,5.203498
latency,0,146,http1_python_nodelay_all_c16_keepalive_ms,1.732200
latency,0,147,http1_python_nodelay_all_c16_keepalive_ms,3.140543
latency,0,148,http1_python_nodelay_all_c16_keepalive_ms,4.034049
latency,0,149,http1_python_nodelay_all_c16_keepalive_ms,2.693346
latency,0,150,http1_python_nodelay_all_c16_keepalive_ms,1.946653
latency,0,151,http1_python_nodelay_all_c16_keepalive_ms,3.474219
latency,0,152,http1_python_nodelay_all_c16_keepalive_ms,2.469622
latency,0,153,http1_python_nodelay_all_c16_keepalive_ms,1.554097
latency,0,154,http1_python_nodelay_all_c16_keepalive_ms,2.026944
latency,0,155,http1_python_nodelay_all_c16_keepalive_ms,2.044755
latency,0,156,http1_python_nodelay_all_c16_keepalive_ms,0.610030
latency,0,157,http1_python_nodelay_all_c16_keepalive_ms,1.876482
latency,0,158,http1_python_nodelay_all_c16_keepalive_ms,0.401407
latency,0,159,http1_python_nodelay_all_c16_keepalive_ms,0.331505
latency,0,640,http1_python_nodelay_all_c16_keepalive_ms,4.323953
latency,0,641,http1_python_nodelay_all_c16_keepalive_ms,7.280054
latency,0,642,http1_python_nodelay_all_c16_keepalive_ms,2.551984
latency,0,643,http1_python_nodelay_all_c16_keepalive_ms,2.118916
latency,0,644,http1_python_nodelay_all_c16_keepalive_ms,2.103876
latency,0,645,http1_python_nodelay_all_c16_keepalive_ms,1.621997
latency,0,646,http1_python_nodelay_all_c16_keepalive_ms,3.430978
latency,0,647,http1_python_nodelay_all_c16_keepalive_ms,2.175677
latency,0,648,http1_python_nodelay_all_c16_keepalive_ms,3.410239
latency,0,649,http1_python_nodelay_all_c16_keepalive_ms,4.718860
latency,0,650,http1_python_nodelay_all_c16_keepalive_ms,2.196317
latency,0,651,http1_python_nodelay_all_c16_keepalive_ms,2.616195
latency,0,652,http1_python_nodelay_all_c16_keepalive_ms,5.426372
latency,0,653,http1_python_nodelay_all_c16_keepalive_ms,5.043586
latency,0,654,http1_python_nodelay_all_c16_keepalive_ms,2.334480
latency,0,655,http1_python_nodelay_all_c16_keepalive_ms,5.844289
latency,0,656,http1_python_nodelay_all_c16_keepalive_ms,2.770717
latency,0,657,http1_python_nodelay_all_c16_keepalive_ms,2.832379
latency,0,658,http1_python_nodelay_all_c16_keepalive_ms,2.452311
latency,0,659,http1_python_nodelay_all_c16_keepalive_ms,1.354844
latency,0,660,http1_python_nodelay_all_c16_keepalive_ms,2.726526
latency,0,661,http1_python_nodelay_all_c16_keepalive_ms,4.152950
latency,0,662,http1_python_nodelay_all_c16_keepalive_ms,2.713637
latency,0,663,http1_python_nodelay_all_c16_keepalive_ms,2.262638
latency,0,664,http1_python_nodelay_all_c16_keepalive_ms,1.993544
latency,0,665,http1_python_nodelay_all_c16_keepalive_ms,5.762248
latency,0,666,http1_python_nodelay_all_c16_keepalive_ms,2.491072
latency,0,667,http1_python_nodelay_all_c16_keepalive_ms,1.329313
latency,0,668,http1_python_nodelay_all_c16_keepalive_ms,2.219098
latency,0,669,http1_python_nodelay_all_c16_keepalive_ms,2.523193
latency,0,670,http1_python_nodelay_all_c16_keepalive_ms,2.357010
latency,0,671,http1_python_nodelay_all_c16_keepalive_ms,3.169484
latency,0,672,http1_python_nodelay_all_c16_keepalive_ms,4.760131
latency,0,673,http1_python_nodelay_all_c16_keepalive_ms,6.845067
latency,0,674,http1_python_nodelay_all_c16_keepalive_ms,4.673469
latency,0,675,http1_python_nodelay_all_c16_keepalive_ms,3.106163
latency,0,676,http1_python_nodelay_all_c16_keepalive_ms,4.463266
latency,0,677,http1_python_nodelay_all_c16_keepalive_ms,2.895769
latency,0,678,http1_python_nodelay_all_c16_keepalive_ms,2.483462
latency,0,679,http1_python_nodelay_all_c16_keepalive_ms,1.717370
latency,0,680,http1_python_nodelay_all_c16_keepalive_ms,4.394224
latency,0,681,http1_python_nodelay_all_c16_keepalive_ms,6.360989
latency,0,682,http1_python_nodelay_all_c16_keepalive_ms,5.263759
latency,0,683,http1_python_nodelay_all_c16_keepalive_ms,1.979204
latency,0,684,http1_python_nodelay_all_c16_keepalive_ms,2.054135
latency,0,685,http1_python_nodelay_all_c16_keepalive_ms,2.602034
latency,0,686,http1_python_nodelay_all_c16_keepalive_ms,1.766300
latency,0,687,http1_python_nodelay_all_c16_keepalive_ms,2.846339
latency,0,688,http1_python_nodelay_all_c16_keepalive_ms,1.953893
latency,0,689,http1_python_nodelay_all_c16_keepalive_ms,1.642478
latency,0,690,http1_python_nodelay_all_c16_keepalive_ms,1.215371
latency,0,691,http1_python_nodelay_all_c16_keepalive_ms,2.465082
latency,0,692,http1_python_nodelay_all_c16_keepalive_ms,2.402180
latency,0,693,http1_python_nodelay_all_c16_keepalive_ms,2.852099
latency,0,694,http1_python_nodelay_all_c16_keepalive_ms,2.826668
latency,0,695,http1_python_nodelay_all_c16_keepalive_ms,2.111846
latency,0,696,http1_python_nodelay_all_c16_keepalive_ms,2.501963
latency,0,697,http1_python_nodelay_all_c16_keepalive_ms,2.437771
latency,0,698,http1_python_nodelay_all_c16_keepalive_ms,4.155531
latency,0,699,http1_python_nodelay_all_c16_keepalive_ms,1.738319
latency,0,700,http1_python_nodelay_all_c16_keepalive_ms,2.682546
latency,0,701,http1_python_nodelay_all_c16_keepalive_ms,3.333527
latency,0,702,http1_python_nodelay_all_c16_keepalive_ms,2.728436
latency,0,703,http1_python_nodelay_all_c16_keepalive_ms,5.160858
latency,0,704,http1_python_nodelay_all_c16_keepalive_ms,0.932166
latency,0,705,http1_python_nodelay_all_c16_keepalive_ms,1.838501
latency,0,706,http1_python_nodelay_all_c16_keepalive_ms,2.495293
latency,0,707,http1_python_nodelay_all_c16_keepalive_ms,4.933584
latency,0,708,http1_python_nodelay_all_c16_keepalive_ms,3.979018
latency,0,709,http1_python_nodelay_all_c16_keepalive_ms,4.911103
latency,0,710,http1_python_nodelay_all_c16_keepalive_ms,4.897863
latency,0,711,http1_python_nodelay_all_c16_keepalive_ms,2.383701
latency,0,712,http1_python_nodelay_all_c16_keepalive_ms,1.562597
latency,0,713,http1_python_nodelay_all_c16_keepalive_ms,2.240108
latency,0,714,http1_python_nodelay_all_c16_keepalive_ms,3.337746
latency,0,715,http1_python_nodelay_all_c16_keepalive_ms,2.082726
latency,0,716,http1_python_nodelay_all_c16_keepalive_ms,0.843134
latency,0,717,http1_python_nodelay_all_c16_keepalive_ms,1.781161
latency,0,718,http1_python_nodelay_all_c16_keepalive_ms,0.402286
latency,0,719,http1_python_nodelay_all_c16_keepalive_ms,0.476859
trial,0,1280,http1_python_nodelay_all_c16_median_ms,2.602034
trial,0,1280,http1_python_nodelay_all_c16_p95_ms,5.203498
trial,0,1280,http1_python_nodelay_all_c16_requests_per_second,5322.062
trial,0,1280,http1_python_nodelay_all_c16_wall_ms,240.508
latency,1,1120,http1_python_nodelay_all_c16_keepalive_ms,2.613335
latency,1,1121,http1_python_nodelay_all_c16_keepalive_ms,2.826418
latency,1,1122,http1_python_nodelay_all_c16_keepalive_ms,2.365230
latency,1,1123,http1_python_nodelay_all_c16_keepalive_ms,1.661058
latency,1,1124,http1_python_nodelay_all_c16_keepalive_ms,2.711376
latency,1,1125,http1_python_nodelay_all_c16_keepalive_ms,1.215841
latency,1,1126,http1_python_nodelay_all_c16_keepalive_ms,2.122846
latency,1,1127,http1_python_nodelay_all_c16_keepalive_ms,2.858129
latency,1,1128,http1_python_nodelay_all_c16_keepalive_ms,2.158917
latency,1,1129,http1_python_nodelay_all_c16_keepalive_ms,3.501489
latency,1,1130,http1_python_nodelay_all_c16_keepalive_ms,2.458822
latency,1,1131,http1_python_nodelay_all_c16_keepalive_ms,2.376280
latency,1,1132,http1_python_nodelay_all_c16_keepalive_ms,1.861342
latency,1,1133,http1_python_nodelay_all_c16_keepalive_ms,2.567794
latency,1,1134,http1_python_nodelay_all_c16_keepalive_ms,2.476802
latency,1,1135,http1_python_nodelay_all_c16_keepalive_ms,2.960330
latency,1,1136,http1_python_nodelay_all_c16_keepalive_ms,2.959401
latency,1,1137,http1_python_nodelay_all_c16_keepalive_ms,2.941650
latency,1,1138,http1_python_nodelay_all_c16_keepalive_ms,2.292059
latency,1,1139,http1_python_nodelay_all_c16_keepalive_ms,2.420141
latency,1,1140,http1_python_nodelay_all_c16_keepalive_ms,2.523493
latency,1,1141,http1_python_nodelay_all_c16_keepalive_ms,2.956000
latency,1,1142,http1_python_nodelay_all_c16_keepalive_ms,3.402798
latency,1,1143,http1_python_nodelay_all_c16_keepalive_ms,2.571374
latency,1,1144,http1_python_nodelay_all_c16_keepalive_ms,4.399005
latency,1,1145,http1_python_nodelay_all_c16_keepalive_ms,2.606674
latency,1,1146,http1_python_nodelay_all_c16_keepalive_ms,2.340470
latency,1,1147,http1_python_nodelay_all_c16_keepalive_ms,2.673065
latency,1,1148,http1_python_nodelay_all_c16_keepalive_ms,4.613809
latency,1,1149,http1_python_nodelay_all_c16_keepalive_ms,2.452162
latency,1,1150,http1_python_nodelay_all_c16_keepalive_ms,2.730756
latency,1,1151,http1_python_nodelay_all_c16_keepalive_ms,2.046955
latency,1,1152,http1_python_nodelay_all_c16_keepalive_ms,4.527687
latency,1,1153,http1_python_nodelay_all_c16_keepalive_ms,2.288709
latency,1,1154,http1_python_nodelay_all_c16_keepalive_ms,4.786042
latency,1,1155,http1_python_nodelay_all_c16_keepalive_ms,3.630902
latency,1,1156,http1_python_nodelay_all_c16_keepalive_ms,2.944820
latency,1,1157,http1_python_nodelay_all_c16_keepalive_ms,2.755286
latency,1,1158,http1_python_nodelay_all_c16_keepalive_ms,2.689546
latency,1,1159,http1_python_nodelay_all_c16_keepalive_ms,1.350753
latency,1,1160,http1_python_nodelay_all_c16_keepalive_ms,2.366531
latency,1,1161,http1_python_nodelay_all_c16_keepalive_ms,2.091475
latency,1,1162,http1_python_nodelay_all_c16_keepalive_ms,2.578994
latency,1,1163,http1_python_nodelay_all_c16_keepalive_ms,2.168357
latency,1,1164,http1_python_nodelay_all_c16_keepalive_ms,2.559613
latency,1,1165,http1_python_nodelay_all_c16_keepalive_ms,1.668859
latency,1,1166,http1_python_nodelay_all_c16_keepalive_ms,3.681762
latency,1,1167,http1_python_nodelay_all_c16_keepalive_ms,2.446492
latency,1,1168,http1_python_nodelay_all_c16_keepalive_ms,2.992791
latency,1,1169,http1_python_nodelay_all_c16_keepalive_ms,1.735400
latency,1,1170,http1_python_nodelay_all_c16_keepalive_ms,2.148816
latency,1,1171,http1_python_nodelay_all_c16_keepalive_ms,1.855942
latency,1,1172,http1_python_nodelay_all_c16_keepalive_ms,4.707780
latency,1,1173,http1_python_nodelay_all_c16_keepalive_ms,3.008111
latency,1,1174,http1_python_nodelay_all_c16_keepalive_ms,2.640925
latency,1,1175,http1_python_nodelay_all_c16_keepalive_ms,2.807048
latency,1,1176,http1_python_nodelay_all_c16_keepalive_ms,2.789917
latency,1,1177,http1_python_nodelay_all_c16_keepalive_ms,1.849022
latency,1,1178,http1_python_nodelay_all_c16_keepalive_ms,2.640985
latency,1,1179,http1_python_nodelay_all_c16_keepalive_ms,0.223984
latency,1,1180,http1_python_nodelay_all_c16_keepalive_ms,1.154699
latency,1,1181,http1_python_nodelay_all_c16_keepalive_ms,3.874506
latency,1,1182,http1_python_nodelay_all_c16_keepalive_ms,2.949961
latency,1,1183,http1_python_nodelay_all_c16_keepalive_ms,3.264305
latency,1,1184,http1_python_nodelay_all_c16_keepalive_ms,3.475969
latency,1,1185,http1_python_nodelay_all_c16_keepalive_ms,2.427161
latency,1,1186,http1_python_nodelay_all_c16_keepalive_ms,3.163434
latency,1,1187,http1_python_nodelay_all_c16_keepalive_ms,4.509967
latency,1,1188,http1_python_nodelay_all_c16_keepalive_ms,2.830798
latency,1,1189,http1_python_nodelay_all_c16_keepalive_ms,2.981411
latency,1,1190,http1_python_nodelay_all_c16_keepalive_ms,2.756627
latency,1,1191,http1_python_nodelay_all_c16_keepalive_ms,2.893229
latency,1,1192,http1_python_nodelay_all_c16_keepalive_ms,2.511903
latency,1,1193,http1_python_nodelay_all_c16_keepalive_ms,1.824931
latency,1,1194,http1_python_nodelay_all_c16_keepalive_ms,3.232185
latency,1,1195,http1_python_nodelay_all_c16_keepalive_ms,3.180194
latency,1,1196,http1_python_nodelay_all_c16_keepalive_ms,1.789340
latency,1,1197,http1_python_nodelay_all_c16_keepalive_ms,2.110406
latency,1,1198,http1_python_nodelay_all_c16_keepalive_ms,2.546844
latency,1,1199,http1_python_nodelay_all_c16_keepalive_ms,2.869829
latency,1,800,http1_python_nodelay_all_c16_keepalive_ms,4.548677
latency,1,801,http1_python_nodelay_all_c16_keepalive_ms,4.982755
latency,1,802,http1_python_nodelay_all_c16_keepalive_ms,2.753127
latency,1,803,http1_python_nodelay_all_c16_keepalive_ms,1.106829
latency,1,804,http1_python_nodelay_all_c16_keepalive_ms,2.064935
latency,1,805,http1_python_nodelay_all_c16_keepalive_ms,2.211348
latency,1,806,http1_python_nodelay_all_c16_keepalive_ms,2.817518
latency,1,807,http1_python_nodelay_all_c16_keepalive_ms,2.086645
latency,1,808,http1_python_nodelay_all_c16_keepalive_ms,3.759124
latency,1,809,http1_python_nodelay_all_c16_keepalive_ms,2.511873
latency,1,810,http1_python_nodelay_all_c16_keepalive_ms,1.932303
latency,1,811,http1_python_nodelay_all_c16_keepalive_ms,2.364380
latency,1,812,http1_python_nodelay_all_c16_keepalive_ms,3.169644
latency,1,813,http1_python_nodelay_all_c16_keepalive_ms,2.303869
latency,1,814,http1_python_nodelay_all_c16_keepalive_ms,3.282296
latency,1,815,http1_python_nodelay_all_c16_keepalive_ms,2.785207
latency,1,816,http1_python_nodelay_all_c16_keepalive_ms,2.246409
latency,1,817,http1_python_nodelay_all_c16_keepalive_ms,2.987400
latency,1,818,http1_python_nodelay_all_c16_keepalive_ms,2.639115
latency,1,819,http1_python_nodelay_all_c16_keepalive_ms,2.230278
latency,1,820,http1_python_nodelay_all_c16_keepalive_ms,1.259371
latency,1,821,http1_python_nodelay_all_c16_keepalive_ms,1.994054
latency,1,822,http1_python_nodelay_all_c16_keepalive_ms,2.961781
latency,1,823,http1_python_nodelay_all_c16_keepalive_ms,2.405461
latency,1,824,http1_python_nodelay_all_c16_keepalive_ms,2.164717
latency,1,825,http1_python_nodelay_all_c16_keepalive_ms,2.049175
latency,1,826,http1_python_nodelay_all_c16_keepalive_ms,2.422691
latency,1,827,http1_python_nodelay_all_c16_keepalive_ms,2.668455
latency,1,828,http1_python_nodelay_all_c16_keepalive_ms,4.532787
latency,1,829,http1_python_nodelay_all_c16_keepalive_ms,5.004686
latency,1,830,http1_python_nodelay_all_c16_keepalive_ms,2.418071
latency,1,831,http1_python_nodelay_all_c16_keepalive_ms,2.354590
latency,1,832,http1_python_nodelay_all_c16_keepalive_ms,2.372260
latency,1,833,http1_python_nodelay_all_c16_keepalive_ms,2.088606
latency,1,834,http1_python_nodelay_all_c16_keepalive_ms,0.927135
latency,1,835,http1_python_nodelay_all_c16_keepalive_ms,3.179835
latency,1,836,http1_python_nodelay_all_c16_keepalive_ms,4.435855
latency,1,837,http1_python_nodelay_all_c16_keepalive_ms,2.885500
latency,1,838,http1_python_nodelay_all_c16_keepalive_ms,2.689885
latency,1,839,http1_python_nodelay_all_c16_keepalive_ms,2.790507
latency,1,840,http1_python_nodelay_all_c16_keepalive_ms,1.598198
latency,1,841,http1_python_nodelay_all_c16_keepalive_ms,3.596631
latency,1,842,http1_python_nodelay_all_c16_keepalive_ms,3.525800
latency,1,843,http1_python_nodelay_all_c16_keepalive_ms,3.967747
latency,1,844,http1_python_nodelay_all_c16_keepalive_ms,3.466909
latency,1,845,http1_python_nodelay_all_c16_keepalive_ms,2.274609
latency,1,846,http1_python_nodelay_all_c16_keepalive_ms,2.821298
latency,1,847,http1_python_nodelay_all_c16_keepalive_ms,2.412591
latency,1,848,http1_python_nodelay_all_c16_keepalive_ms,5.956242
latency,1,849,http1_python_nodelay_all_c16_keepalive_ms,2.887079
latency,1,850,http1_python_nodelay_all_c16_keepalive_ms,1.943393
latency,1,851,http1_python_nodelay_all_c16_keepalive_ms,2.404231
latency,1,852,http1_python_nodelay_all_c16_keepalive_ms,3.166214
latency,1,853,http1_python_nodelay_all_c16_keepalive_ms,5.337170
latency,1,854,http1_python_nodelay_all_c16_keepalive_ms,4.006119
latency,1,855,http1_python_nodelay_all_c16_keepalive_ms,3.594031
latency,1,856,http1_python_nodelay_all_c16_keepalive_ms,2.418321
latency,1,857,http1_python_nodelay_all_c16_keepalive_ms,3.102913
latency,1,858,http1_python_nodelay_all_c16_keepalive_ms,2.948900
latency,1,859,http1_python_nodelay_all_c16_keepalive_ms,1.551586
latency,1,860,http1_python_nodelay_all_c16_keepalive_ms,1.816521
latency,1,861,http1_python_nodelay_all_c16_keepalive_ms,2.787058
latency,1,862,http1_python_nodelay_all_c16_keepalive_ms,2.735176
latency,1,863,http1_python_nodelay_all_c16_keepalive_ms,2.411632
latency,1,864,http1_python_nodelay_all_c16_keepalive_ms,2.346990
latency,1,865,http1_python_nodelay_all_c16_keepalive_ms,3.159053
latency,1,866,http1_python_nodelay_all_c16_keepalive_ms,3.350877
latency,1,867,http1_python_nodelay_all_c16_keepalive_ms,0.387837
latency,1,868,http1_python_nodelay_all_c16_keepalive_ms,0.253244
latency,1,869,http1_python_nodelay_all_c16_keepalive_ms,1.476735
latency,1,870,http1_python_nodelay_all_c16_keepalive_ms,2.885579
latency,1,871,http1_python_nodelay_all_c16_keepalive_ms,2.276489
latency,1,872,http1_python_nodelay_all_c16_keepalive_ms,2.677616
latency,1,873,http1_python_nodelay_all_c16_keepalive_ms,2.517623
latency,1,874,http1_python_nodelay_all_c16_keepalive_ms,2.867718
latency,1,875,http1_python_nodelay_all_c16_keepalive_ms,3.502230
latency,1,876,http1_python_nodelay_all_c16_keepalive_ms,3.252365
latency,1,877,http1_python_nodelay_all_c16_keepalive_ms,4.021589
latency,1,878,http1_python_nodelay_all_c16_keepalive_ms,2.877769
latency,1,879,http1_python_nodelay_all_c16_keepalive_ms,4.794581
latency,1,1200,http1_python_nodelay_all_c16_keepalive_ms,2.878579
latency,1,1201,http1_python_nodelay_all_c16_keepalive_ms,2.355780
latency,1,1202,http1_python_nodelay_all_c16_keepalive_ms,4.290723
latency,1,1203,http1_python_nodelay_all_c16_keepalive_ms,2.667626
latency,1,1204,http1_python_nodelay_all_c16_keepalive_ms,1.148729
latency,1,1205,http1_python_nodelay_all_c16_keepalive_ms,2.065886
latency,1,1206,http1_python_nodelay_all_c16_keepalive_ms,2.188707
latency,1,1207,http1_python_nodelay_all_c16_keepalive_ms,2.713646
latency,1,1208,http1_python_nodelay_all_c16_keepalive_ms,2.095435
latency,1,1209,http1_python_nodelay_all_c16_keepalive_ms,4.014389
latency,1,1210,http1_python_nodelay_all_c16_keepalive_ms,2.539503
latency,1,1211,http1_python_nodelay_all_c16_keepalive_ms,1.867132
latency,1,1212,http1_python_nodelay_all_c16_keepalive_ms,2.176657
latency,1,1213,http1_python_nodelay_all_c16_keepalive_ms,3.352137
latency,1,1214,http1_python_nodelay_all_c16_keepalive_ms,2.252198
latency,1,1215,http1_python_nodelay_all_c16_keepalive_ms,3.282706
latency,1,1216,http1_python_nodelay_all_c16_keepalive_ms,2.631945
latency,1,1217,http1_python_nodelay_all_c16_keepalive_ms,2.422271
latency,1,1218,http1_python_nodelay_all_c16_keepalive_ms,2.422142
latency,1,1219,http1_python_nodelay_all_c16_keepalive_ms,4.722460
latency,1,1220,http1_python_nodelay_all_c16_keepalive_ms,1.826361
latency,1,1221,http1_python_nodelay_all_c16_keepalive_ms,2.166467
latency,1,1222,http1_python_nodelay_all_c16_keepalive_ms,2.825518
latency,1,1223,http1_python_nodelay_all_c16_keepalive_ms,2.622105
latency,1,1224,http1_python_nodelay_all_c16_keepalive_ms,2.092995
latency,1,1225,http1_python_nodelay_all_c16_keepalive_ms,2.101676
latency,1,1226,http1_python_nodelay_all_c16_keepalive_ms,2.527623
latency,1,1227,http1_python_nodelay_all_c16_keepalive_ms,2.406131
latency,1,1228,http1_python_nodelay_all_c16_keepalive_ms,4.837772
latency,1,1229,http1_python_nodelay_all_c16_keepalive_ms,2.407351
latency,1,1230,http1_python_nodelay_all_c16_keepalive_ms,2.620915
latency,1,1231,http1_python_nodelay_all_c16_keepalive_ms,2.038525
latency,1,1232,http1_python_nodelay_all_c16_keepalive_ms,2.482112
latency,1,1233,http1_python_nodelay_all_c16_keepalive_ms,2.362940
latency,1,1234,http1_python_nodelay_all_c16_keepalive_ms,2.995901
latency,1,1235,http1_python_nodelay_all_c16_keepalive_ms,3.335447
latency,1,1236,http1_python_nodelay_all_c16_keepalive_ms,2.796107
latency,1,1237,http1_python_nodelay_all_c16_keepalive_ms,1.746400
latency,1,1238,http1_python_nodelay_all_c16_keepalive_ms,3.278746
latency,1,1239,http1_python_nodelay_all_c16_keepalive_ms,4.212251
latency,1,1240,http1_python_nodelay_all_c16_keepalive_ms,4.048849
latency,1,1241,http1_python_nodelay_all_c16_keepalive_ms,2.356601
latency,1,1242,http1_python_nodelay_all_c16_keepalive_ms,2.595094
latency,1,1243,http1_python_nodelay_all_c16_keepalive_ms,2.087245
latency,1,1244,http1_python_nodelay_all_c16_keepalive_ms,2.265429
latency,1,1245,http1_python_nodelay_all_c16_keepalive_ms,2.029004
latency,1,1246,http1_python_nodelay_all_c16_keepalive_ms,3.433289
latency,1,1247,http1_python_nodelay_all_c16_keepalive_ms,2.716406
latency,1,1248,http1_python_nodelay_all_c16_keepalive_ms,2.972981
latency,1,1249,http1_python_nodelay_all_c16_keepalive_ms,4.059439
latency,1,1250,http1_python_nodelay_all_c16_keepalive_ms,1.570286
latency,1,1251,http1_python_nodelay_all_c16_keepalive_ms,2.883609
latency,1,1252,http1_python_nodelay_all_c16_keepalive_ms,1.890653
latency,1,1253,http1_python_nodelay_all_c16_keepalive_ms,3.057992
latency,1,1254,http1_python_nodelay_all_c16_keepalive_ms,2.687816
latency,1,1255,http1_python_nodelay_all_c16_keepalive_ms,6.700063
latency,1,1256,http1_python_nodelay_all_c16_keepalive_ms,2.509193
latency,1,1257,http1_python_nodelay_all_c16_keepalive_ms,2.067865
latency,1,1258,http1_python_nodelay_all_c16_keepalive_ms,3.968058
latency,1,1259,http1_python_nodelay_all_c16_keepalive_ms,5.421602
latency,1,1260,http1_python_nodelay_all_c16_keepalive_ms,1.399654
latency,1,1261,http1_python_nodelay_all_c16_keepalive_ms,0.895355
latency,1,1262,http1_python_nodelay_all_c16_keepalive_ms,1.994284
latency,1,1263,http1_python_nodelay_all_c16_keepalive_ms,2.518003
latency,1,1264,http1_python_nodelay_all_c16_keepalive_ms,2.869349
latency,1,1265,http1_python_nodelay_all_c16_keepalive_ms,2.298499
latency,1,1266,http1_python_nodelay_all_c16_keepalive_ms,2.650875
latency,1,1267,http1_python_nodelay_all_c16_keepalive_ms,2.751097
latency,1,1268,http1_python_nodelay_all_c16_keepalive_ms,2.735126
latency,1,1269,http1_python_nodelay_all_c16_keepalive_ms,5.574365
latency,1,1270,http1_python_nodelay_all_c16_keepalive_ms,7.576629
latency,1,1271,http1_python_nodelay_all_c16_keepalive_ms,3.242325
latency,1,1272,http1_python_nodelay_all_c16_keepalive_ms,1.794411
latency,1,1273,http1_python_nodelay_all_c16_keepalive_ms,2.042595
latency,1,1274,http1_python_nodelay_all_c16_keepalive_ms,2.541273
latency,1,1275,http1_python_nodelay_all_c16_keepalive_ms,4.038669
latency,1,1276,http1_python_nodelay_all_c16_keepalive_ms,1.578287
latency,1,1277,http1_python_nodelay_all_c16_keepalive_ms,2.035974
latency,1,1278,http1_python_nodelay_all_c16_keepalive_ms,1.141320
latency,1,1279,http1_python_nodelay_all_c16_keepalive_ms,3.857655
latency,1,1040,http1_python_nodelay_all_c16_keepalive_ms,2.716877
latency,1,1041,http1_python_nodelay_all_c16_keepalive_ms,2.971060
latency,1,1042,http1_python_nodelay_all_c16_keepalive_ms,1.716089
latency,1,1043,http1_python_nodelay_all_c16_keepalive_ms,2.353570
latency,1,1044,http1_python_nodelay_all_c16_keepalive_ms,2.456852
latency,1,1045,http1_python_nodelay_all_c16_keepalive_ms,5.700347
latency,1,1046,http1_python_nodelay_all_c16_keepalive_ms,2.483913
latency,1,1047,http1_python_nodelay_all_c16_keepalive_ms,2.188346
latency,1,1048,http1_python_nodelay_all_c16_keepalive_ms,3.613892
latency,1,1049,http1_python_nodelay_all_c16_keepalive_ms,2.349490
latency,1,1050,http1_python_nodelay_all_c16_keepalive_ms,4.540727
latency,1,1051,http1_python_nodelay_all_c16_keepalive_ms,2.511263
latency,1,1052,http1_python_nodelay_all_c16_keepalive_ms,2.952950
latency,1,1053,http1_python_nodelay_all_c16_keepalive_ms,1.393254
latency,1,1054,http1_python_nodelay_all_c16_keepalive_ms,4.112250
latency,1,1055,http1_python_nodelay_all_c16_keepalive_ms,2.750817
latency,1,1056,http1_python_nodelay_all_c16_keepalive_ms,4.558468
latency,1,1057,http1_python_nodelay_all_c16_keepalive_ms,3.539810
latency,1,1058,http1_python_nodelay_all_c16_keepalive_ms,2.750406
latency,1,1059,http1_python_nodelay_all_c16_keepalive_ms,3.158234
latency,1,1060,http1_python_nodelay_all_c16_keepalive_ms,2.824178
latency,1,1061,http1_python_nodelay_all_c16_keepalive_ms,2.117096
latency,1,1062,http1_python_nodelay_all_c16_keepalive_ms,2.007795
latency,1,1063,http1_python_nodelay_all_c16_keepalive_ms,2.484912
latency,1,1064,http1_python_nodelay_all_c16_keepalive_ms,2.605194
latency,1,1065,http1_python_nodelay_all_c16_keepalive_ms,2.230448
latency,1,1066,http1_python_nodelay_all_c16_keepalive_ms,2.450702
latency,1,1067,http1_python_nodelay_all_c16_keepalive_ms,2.208477
latency,1,1068,http1_python_nodelay_all_c16_keepalive_ms,2.886720
latency,1,1069,http1_python_nodelay_all_c16_keepalive_ms,2.189567
latency,1,1070,http1_python_nodelay_all_c16_keepalive_ms,4.378594
latency,1,1071,http1_python_nodelay_all_c16_keepalive_ms,3.288826
latency,1,1072,http1_python_nodelay_all_c16_keepalive_ms,1.103529
latency,1,1073,http1_python_nodelay_all_c16_keepalive_ms,2.252078
latency,1,1074,http1_python_nodelay_all_c16_keepalive_ms,2.963721
latency,1,1075,http1_python_nodelay_all_c16_keepalive_ms,4.179661
latency,1,1076,http1_python_nodelay_all_c16_keepalive_ms,5.175638
latency,1,1077,http1_python_nodelay_all_c16_keepalive_ms,1.752950
latency,1,1078,http1_python_nodelay_all_c16_keepalive_ms,2.124356
latency,1,1079,http1_python_nodelay_all_c16_keepalive_ms,4.153261
latency,1,1080,http1_python_nodelay_all_c16_keepalive_ms,2.568814
latency,1,1081,http1_python_nodelay_all_c16_keepalive_ms,2.490992
latency,1,1082,http1_python_nodelay_all_c16_keepalive_ms,1.941963
latency,1,1083,http1_python_nodelay_all_c16_keepalive_ms,5.720587
latency,1,1084,http1_python_nodelay_all_c16_keepalive_ms,6.982089
latency,1,1085,http1_python_nodelay_all_c16_keepalive_ms,2.605104
latency,1,1086,http1_python_nodelay_all_c16_keepalive_ms,2.404791
latency,1,1087,http1_python_nodelay_all_c16_keepalive_ms,1.744610
latency,1,1088,http1_python_nodelay_all_c16_keepalive_ms,2.489413
latency,1,1089,http1_python_nodelay_all_c16_keepalive_ms,3.160593
latency,1,1090,http1_python_nodelay_all_c16_keepalive_ms,2.966831
latency,1,1091,http1_python_nodelay_all_c16_keepalive_ms,2.769987
latency,1,1092,http1_python_nodelay_all_c16_keepalive_ms,1.728979
latency,1,1093,http1_python_nodelay_all_c16_keepalive_ms,2.147207
latency,1,1094,http1_python_nodelay_all_c16_keepalive_ms,3.592651
latency,1,1095,http1_python_nodelay_all_c16_keepalive_ms,2.202348
latency,1,1096,http1_python_nodelay_all_c16_keepalive_ms,3.125643
latency,1,1097,http1_python_nodelay_all_c16_keepalive_ms,3.262075
latency,1,1098,http1_python_nodelay_all_c16_keepalive_ms,1.729870
latency,1,1099,http1_python_nodelay_all_c16_keepalive_ms,4.043748
latency,1,1100,http1_python_nodelay_all_c16_keepalive_ms,2.821969
latency,1,1101,http1_python_nodelay_all_c16_keepalive_ms,2.302769
latency,1,1102,http1_python_nodelay_all_c16_keepalive_ms,2.708226
latency,1,1103,http1_python_nodelay_all_c16_keepalive_ms,2.738126
latency,1,1104,http1_python_nodelay_all_c16_keepalive_ms,2.932040
latency,1,1105,http1_python_nodelay_all_c16_keepalive_ms,2.779058
latency,1,1106,http1_python_nodelay_all_c16_keepalive_ms,2.566873
latency,1,1107,http1_python_nodelay_all_c16_keepalive_ms,2.686646
latency,1,1108,http1_python_nodelay_all_c16_keepalive_ms,4.989015
latency,1,1109,http1_python_nodelay_all_c16_keepalive_ms,3.001561
latency,1,1110,http1_python_nodelay_all_c16_keepalive_ms,1.595217
latency,1,1111,http1_python_nodelay_all_c16_keepalive_ms,2.401351
latency,1,1112,http1_python_nodelay_all_c16_keepalive_ms,2.999891
latency,1,1113,http1_python_nodelay_all_c16_keepalive_ms,3.707253
latency,1,1114,http1_python_nodelay_all_c16_keepalive_ms,1.532357
latency,1,1115,http1_python_nodelay_all_c16_keepalive_ms,2.125665
latency,1,1116,http1_python_nodelay_all_c16_keepalive_ms,2.460922
latency,1,1117,http1_python_nodelay_all_c16_keepalive_ms,2.133787
latency,1,1118,http1_python_nodelay_all_c16_keepalive_ms,2.837028
latency,1,1119,http1_python_nodelay_all_c16_keepalive_ms,1.140559
latency,1,240,http1_python_nodelay_all_c16_keepalive_ms,2.399521
latency,1,241,http1_python_nodelay_all_c16_keepalive_ms,2.875839
latency,1,242,http1_python_nodelay_all_c16_keepalive_ms,1.810191
latency,1,243,http1_python_nodelay_all_c16_keepalive_ms,2.166037
latency,1,244,http1_python_nodelay_all_c16_keepalive_ms,2.732726
latency,1,245,http1_python_nodelay_all_c16_keepalive_ms,1.102579
latency,1,246,http1_python_nodelay_all_c16_keepalive_ms,2.169747
latency,1,247,http1_python_nodelay_all_c16_keepalive_ms,2.787127
latency,1,248,http1_python_nodelay_all_c16_keepalive_ms,2.274729
latency,1,249,http1_python_nodelay_all_c16_keepalive_ms,1.902242
latency,1,250,http1_python_nodelay_all_c16_keepalive_ms,3.990518
latency,1,251,http1_python_nodelay_all_c16_keepalive_ms,2.471912
latency,1,252,http1_python_nodelay_all_c16_keepalive_ms,1.772681
latency,1,253,http1_python_nodelay_all_c16_keepalive_ms,2.277818
latency,1,254,http1_python_nodelay_all_c16_keepalive_ms,2.921150
latency,1,255,http1_python_nodelay_all_c16_keepalive_ms,2.629135
latency,1,256,http1_python_nodelay_all_c16_keepalive_ms,3.199574
latency,1,257,http1_python_nodelay_all_c16_keepalive_ms,3.202505
latency,1,258,http1_python_nodelay_all_c16_keepalive_ms,2.220798
latency,1,259,http1_python_nodelay_all_c16_keepalive_ms,2.445321
latency,1,260,http1_python_nodelay_all_c16_keepalive_ms,4.610969
latency,1,261,http1_python_nodelay_all_c16_keepalive_ms,3.989517
latency,1,262,http1_python_nodelay_all_c16_keepalive_ms,2.679856
latency,1,263,http1_python_nodelay_all_c16_keepalive_ms,2.782928
latency,1,264,http1_python_nodelay_all_c16_keepalive_ms,2.190287
latency,1,265,http1_python_nodelay_all_c16_keepalive_ms,4.251002
latency,1,266,http1_python_nodelay_all_c16_keepalive_ms,2.617535
latency,1,267,http1_python_nodelay_all_c16_keepalive_ms,4.748270
latency,1,268,http1_python_nodelay_all_c16_keepalive_ms,2.472773
latency,1,269,http1_python_nodelay_all_c16_keepalive_ms,2.621174
latency,1,270,http1_python_nodelay_all_c16_keepalive_ms,2.233768
latency,1,271,http1_python_nodelay_all_c16_keepalive_ms,6.316608
latency,1,272,http1_python_nodelay_all_c16_keepalive_ms,2.497712
latency,1,273,http1_python_nodelay_all_c16_keepalive_ms,2.100266
latency,1,274,http1_python_nodelay_all_c16_keepalive_ms,2.863749
latency,1,275,http1_python_nodelay_all_c16_keepalive_ms,1.672278
latency,1,276,http1_python_nodelay_all_c16_keepalive_ms,2.541284
latency,1,277,http1_python_nodelay_all_c16_keepalive_ms,2.908119
latency,1,278,http1_python_nodelay_all_c16_keepalive_ms,2.513543
latency,1,279,http1_python_nodelay_all_c16_keepalive_ms,5.260279
latency,1,280,http1_python_nodelay_all_c16_keepalive_ms,3.296816
latency,1,281,http1_python_nodelay_all_c16_keepalive_ms,2.065806
latency,1,282,http1_python_nodelay_all_c16_keepalive_ms,2.604484
latency,1,283,http1_python_nodelay_all_c16_keepalive_ms,1.618097
latency,1,284,http1_python_nodelay_all_c16_keepalive_ms,3.688323
latency,1,285,http1_python_nodelay_all_c16_keepalive_ms,2.841729
latency,1,286,http1_python_nodelay_all_c16_keepalive_ms,2.774507
latency,1,287,http1_python_nodelay_all_c16_keepalive_ms,1.337733
latency,1,288,http1_python_nodelay_all_c16_keepalive_ms,3.707362
latency,1,289,http1_python_nodelay_all_c16_keepalive_ms,1.569157
latency,1,290,http1_python_nodelay_all_c16_keepalive_ms,3.609482
latency,1,291,http1_python_nodelay_all_c16_keepalive_ms,3.126343
latency,1,292,http1_python_nodelay_all_c16_keepalive_ms,2.497573
latency,1,293,http1_python_nodelay_all_c16_keepalive_ms,2.992881
latency,1,294,http1_python_nodelay_all_c16_keepalive_ms,2.747076
latency,1,295,http1_python_nodelay_all_c16_keepalive_ms,1.694839
latency,1,296,http1_python_nodelay_all_c16_keepalive_ms,5.583735
latency,1,297,http1_python_nodelay_all_c16_keepalive_ms,2.392751
latency,1,298,http1_python_nodelay_all_c16_keepalive_ms,3.058612
latency,1,299,http1_python_nodelay_all_c16_keepalive_ms,3.348997
latency,1,300,http1_python_nodelay_all_c16_keepalive_ms,1.356063
latency,1,301,http1_python_nodelay_all_c16_keepalive_ms,1.993634
latency,1,302,http1_python_nodelay_all_c16_keepalive_ms,2.607684
latency,1,303,http1_python_nodelay_all_c16_keepalive_ms,2.690296
latency,1,304,http1_python_nodelay_all_c16_keepalive_ms,2.456742
latency,1,305,http1_python_nodelay_all_c16_keepalive_ms,2.414971
latency,1,306,http1_python_nodelay_all_c16_keepalive_ms,2.963340
latency,1,307,http1_python_nodelay_all_c16_keepalive_ms,2.666826
latency,1,308,http1_python_nodelay_all_c16_keepalive_ms,5.575165
latency,1,309,http1_python_nodelay_all_c16_keepalive_ms,2.710146
latency,1,310,http1_python_nodelay_all_c16_keepalive_ms,4.935094
latency,1,311,http1_python_nodelay_all_c16_keepalive_ms,2.700016
latency,1,312,http1_python_nodelay_all_c16_keepalive_ms,4.425585
latency,1,313,http1_python_nodelay_all_c16_keepalive_ms,2.648055
latency,1,314,http1_python_nodelay_all_c16_keepalive_ms,2.444482
latency,1,315,http1_python_nodelay_all_c16_keepalive_ms,2.515523
latency,1,316,http1_python_nodelay_all_c16_keepalive_ms,2.627534
latency,1,317,http1_python_nodelay_all_c16_keepalive_ms,4.524897
latency,1,318,http1_python_nodelay_all_c16_keepalive_ms,2.794938
latency,1,319,http1_python_nodelay_all_c16_keepalive_ms,3.084712
latency,1,480,http1_python_nodelay_all_c16_keepalive_ms,2.617674
latency,1,481,http1_python_nodelay_all_c16_keepalive_ms,2.803868
latency,1,482,http1_python_nodelay_all_c16_keepalive_ms,4.203761
latency,1,483,http1_python_nodelay_all_c16_keepalive_ms,2.377641
latency,1,484,http1_python_nodelay_all_c16_keepalive_ms,3.588461
latency,1,485,http1_python_nodelay_all_c16_keepalive_ms,3.287726
latency,1,486,http1_python_nodelay_all_c16_keepalive_ms,1.725080
latency,1,487,http1_python_nodelay_all_c16_keepalive_ms,1.901562
latency,1,488,http1_python_nodelay_all_c16_keepalive_ms,1.512645
latency,1,489,http1_python_nodelay_all_c16_keepalive_ms,4.437786
latency,1,490,http1_python_nodelay_all_c16_keepalive_ms,4.779131
latency,1,491,http1_python_nodelay_all_c16_keepalive_ms,3.005032
latency,1,492,http1_python_nodelay_all_c16_keepalive_ms,2.444031
latency,1,493,http1_python_nodelay_all_c16_keepalive_ms,3.173244
latency,1,494,http1_python_nodelay_all_c16_keepalive_ms,2.763207
latency,1,495,http1_python_nodelay_all_c16_keepalive_ms,2.442912
latency,1,496,http1_python_nodelay_all_c16_keepalive_ms,2.502722
latency,1,497,http1_python_nodelay_all_c16_keepalive_ms,2.718057
latency,1,498,http1_python_nodelay_all_c16_keepalive_ms,2.639454
latency,1,499,http1_python_nodelay_all_c16_keepalive_ms,3.075073
latency,1,500,http1_python_nodelay_all_c16_keepalive_ms,2.985261
latency,1,501,http1_python_nodelay_all_c16_keepalive_ms,2.716036
latency,1,502,http1_python_nodelay_all_c16_keepalive_ms,2.072445
latency,1,503,http1_python_nodelay_all_c16_keepalive_ms,4.324294
latency,1,504,http1_python_nodelay_all_c16_keepalive_ms,2.707436
latency,1,505,http1_python_nodelay_all_c16_keepalive_ms,2.152366
latency,1,506,http1_python_nodelay_all_c16_keepalive_ms,2.458222
latency,1,507,http1_python_nodelay_all_c16_keepalive_ms,2.435092
latency,1,508,http1_python_nodelay_all_c16_keepalive_ms,2.885069
latency,1,509,http1_python_nodelay_all_c16_keepalive_ms,3.144484
latency,1,510,http1_python_nodelay_all_c16_keepalive_ms,3.431308
latency,1,511,http1_python_nodelay_all_c16_keepalive_ms,2.022094
latency,1,512,http1_python_nodelay_all_c16_keepalive_ms,2.251978
latency,1,513,http1_python_nodelay_all_c16_keepalive_ms,1.985294
latency,1,514,http1_python_nodelay_all_c16_keepalive_ms,3.186685
latency,1,515,http1_python_nodelay_all_c16_keepalive_ms,2.479862
latency,1,516,http1_python_nodelay_all_c16_keepalive_ms,1.501515
latency,1,517,http1_python_nodelay_all_c16_keepalive_ms,2.799618
latency,1,518,http1_python_nodelay_all_c16_keepalive_ms,2.425601
latency,1,519,http1_python_nodelay_all_c16_keepalive_ms,4.026369
latency,1,520,http1_python_nodelay_all_c16_keepalive_ms,2.178367
latency,1,521,http1_python_nodelay_all_c16_keepalive_ms,2.592194
latency,1,522,http1_python_nodelay_all_c16_keepalive_ms,4.134080
latency,1,523,http1_python_nodelay_all_c16_keepalive_ms,3.587211
latency,1,524,http1_python_nodelay_all_c16_keepalive_ms,2.080846
latency,1,525,http1_python_nodelay_all_c16_keepalive_ms,2.732066
latency,1,526,http1_python_nodelay_all_c16_keepalive_ms,3.105413
latency,1,527,http1_python_nodelay_all_c16_keepalive_ms,1.729410
latency,1,528,http1_python_nodelay_all_c16_keepalive_ms,3.244635
latency,1,529,http1_python_nodelay_all_c16_keepalive_ms,3.316576
latency,1,530,http1_python_nodelay_all_c16_keepalive_ms,2.001364
latency,1,531,http1_python_nodelay_all_c16_keepalive_ms,2.445552
latency,1,532,http1_python_nodelay_all_c16_keepalive_ms,3.344607
latency,1,533,http1_python_nodelay_all_c16_keepalive_ms,2.688656
latency,1,534,http1_python_nodelay_all_c16_keepalive_ms,2.534083
latency,1,535,http1_python_nodelay_all_c16_keepalive_ms,4.010638
latency,1,536,http1_python_nodelay_all_c16_keepalive_ms,3.717343
latency,1,537,http1_python_nodelay_all_c16_keepalive_ms,2.911950
latency,1,538,http1_python_nodelay_all_c16_keepalive_ms,2.439702
latency,1,539,http1_python_nodelay_all_c16_keepalive_ms,3.409707
latency,1,540,http1_python_nodelay_all_c16_keepalive_ms,3.130924
latency,1,541,http1_python_nodelay_all_c16_keepalive_ms,2.495432
latency,1,542,http1_python_nodelay_all_c16_keepalive_ms,3.073713
latency,1,543,http1_python_nodelay_all_c16_keepalive_ms,4.646499
latency,1,544,http1_python_nodelay_all_c16_keepalive_ms,2.941179
latency,1,545,http1_python_nodelay_all_c16_keepalive_ms,2.735707
latency,1,546,http1_python_nodelay_all_c16_keepalive_ms,5.573405
latency,1,547,http1_python_nodelay_all_c16_keepalive_ms,3.288636
latency,1,548,http1_python_nodelay_all_c16_keepalive_ms,1.815631
latency,1,549,http1_python_nodelay_all_c16_keepalive_ms,2.655805
latency,1,550,http1_python_nodelay_all_c16_keepalive_ms,2.752427
latency,1,551,http1_python_nodelay_all_c16_keepalive_ms,1.990034
latency,1,552,http1_python_nodelay_all_c16_keepalive_ms,2.334980
latency,1,553,http1_python_nodelay_all_c16_keepalive_ms,2.624984
latency,1,554,http1_python_nodelay_all_c16_keepalive_ms,4.869453
latency,1,555,http1_python_nodelay_all_c16_keepalive_ms,2.519133
latency,1,556,http1_python_nodelay_all_c16_keepalive_ms,1.903452
latency,1,557,http1_python_nodelay_all_c16_keepalive_ms,2.951471
latency,1,558,http1_python_nodelay_all_c16_keepalive_ms,2.643805
latency,1,559,http1_python_nodelay_all_c16_keepalive_ms,3.096442
latency,1,400,http1_python_nodelay_all_c16_keepalive_ms,2.875039
latency,1,401,http1_python_nodelay_all_c16_keepalive_ms,2.692985
latency,1,402,http1_python_nodelay_all_c16_keepalive_ms,4.019889
latency,1,403,http1_python_nodelay_all_c16_keepalive_ms,2.688035
latency,1,404,http1_python_nodelay_all_c16_keepalive_ms,3.150194
latency,1,405,http1_python_nodelay_all_c16_keepalive_ms,2.864309
latency,1,406,http1_python_nodelay_all_c16_keepalive_ms,2.231288
latency,1,407,http1_python_nodelay_all_c16_keepalive_ms,1.865481
latency,1,408,http1_python_nodelay_all_c16_keepalive_ms,4.005339
latency,1,409,http1_python_nodelay_all_c16_keepalive_ms,4.084369
latency,1,410,http1_python_nodelay_all_c16_keepalive_ms,2.743197
latency,1,411,http1_python_nodelay_all_c16_keepalive_ms,4.997515
latency,1,412,http1_python_nodelay_all_c16_keepalive_ms,1.771870
latency,1,413,http1_python_nodelay_all_c16_keepalive_ms,1.687019
latency,1,414,http1_python_nodelay_all_c16_keepalive_ms,2.972260
latency,1,415,http1_python_nodelay_all_c16_keepalive_ms,2.356781
latency,1,416,http1_python_nodelay_all_c16_keepalive_ms,2.736356
latency,1,417,http1_python_nodelay_all_c16_keepalive_ms,2.726397
latency,1,418,http1_python_nodelay_all_c16_keepalive_ms,2.351150
latency,1,419,http1_python_nodelay_all_c16_keepalive_ms,5.783398
latency,1,420,http1_python_nodelay_all_c16_keepalive_ms,2.473462
latency,1,421,http1_python_nodelay_all_c16_keepalive_ms,2.528513
latency,1,422,http1_python_nodelay_all_c16_keepalive_ms,2.260989
latency,1,423,http1_python_nodelay_all_c16_keepalive_ms,2.144746
latency,1,424,http1_python_nodelay_all_c16_keepalive_ms,2.888449
latency,1,425,http1_python_nodelay_all_c16_keepalive_ms,2.119016
latency,1,426,http1_python_nodelay_all_c16_keepalive_ms,2.584244
latency,1,427,http1_python_nodelay_all_c16_keepalive_ms,2.210588
latency,1,428,http1_python_nodelay_all_c16_keepalive_ms,2.885379
latency,1,429,http1_python_nodelay_all_c16_keepalive_ms,3.141594
latency,1,430,http1_python_nodelay_all_c16_keepalive_ms,3.247185
latency,1,431,http1_python_nodelay_all_c16_keepalive_ms,2.209157
latency,1,432,http1_python_nodelay_all_c16_keepalive_ms,4.348194
latency,1,433,http1_python_nodelay_all_c16_keepalive_ms,3.190355
latency,1,434,http1_python_nodelay_all_c16_keepalive_ms,3.955707
latency,1,435,http1_python_nodelay_all_c16_keepalive_ms,2.730146
latency,1,436,http1_python_nodelay_all_c16_keepalive_ms,2.646675
latency,1,437,http1_python_nodelay_all_c16_keepalive_ms,3.762165
latency,1,438,http1_python_nodelay_all_c16_keepalive_ms,2.223998
latency,1,439,http1_python_nodelay_all_c16_keepalive_ms,2.582654
latency,1,440,http1_python_nodelay_all_c16_keepalive_ms,4.061158
latency,1,441,http1_python_nodelay_all_c16_keepalive_ms,3.738134
latency,1,442,http1_python_nodelay_all_c16_keepalive_ms,2.318120
latency,1,443,http1_python_nodelay_all_c16_keepalive_ms,2.404711
latency,1,444,http1_python_nodelay_all_c16_keepalive_ms,2.992981
latency,1,445,http1_python_nodelay_all_c16_keepalive_ms,4.102789
latency,1,446,http1_python_nodelay_all_c16_keepalive_ms,1.571527
latency,1,447,http1_python_nodelay_all_c16_keepalive_ms,2.856949
latency,1,448,http1_python_nodelay_all_c16_keepalive_ms,1.720429
latency,1,449,http1_python_nodelay_all_c16_keepalive_ms,3.253775
latency,1,450,http1_python_nodelay_all_c16_keepalive_ms,2.445222
latency,1,451,http1_python_nodelay_all_c16_keepalive_ms,3.072862
latency,1,452,http1_python_nodelay_all_c16_keepalive_ms,2.594884
latency,1,453,http1_python_nodelay_all_c16_keepalive_ms,3.874216
latency,1,454,http1_python_nodelay_all_c16_keepalive_ms,3.720074
latency,1,455,http1_python_nodelay_all_c16_keepalive_ms,3.152363
latency,1,456,http1_python_nodelay_all_c16_keepalive_ms,2.128667
latency,1,457,http1_python_nodelay_all_c16_keepalive_ms,3.386307
latency,1,458,http1_python_nodelay_all_c16_keepalive_ms,3.315037
latency,1,459,http1_python_nodelay_all_c16_keepalive_ms,2.583044
latency,1,460,http1_python_nodelay_all_c16_keepalive_ms,2.713076
latency,1,461,http1_python_nodelay_all_c16_keepalive_ms,2.337700
latency,1,462,http1_python_nodelay_all_c16_keepalive_ms,2.626374
latency,1,463,http1_python_nodelay_all_c16_keepalive_ms,2.691016
latency,1,464,http1_python_nodelay_all_c16_keepalive_ms,2.557703
latency,1,465,http1_python_nodelay_all_c16_keepalive_ms,3.221825
latency,1,466,http1_python_nodelay_all_c16_keepalive_ms,2.711507
latency,1,467,http1_python_nodelay_all_c16_keepalive_ms,5.035115
latency,1,468,http1_python_nodelay_all_c16_keepalive_ms,2.427782
latency,1,469,http1_python_nodelay_all_c16_keepalive_ms,2.843518
latency,1,470,http1_python_nodelay_all_c16_keepalive_ms,2.307419
latency,1,471,http1_python_nodelay_all_c16_keepalive_ms,6.512721
latency,1,472,http1_python_nodelay_all_c16_keepalive_ms,3.036352
latency,1,473,http1_python_nodelay_all_c16_keepalive_ms,2.573773
latency,1,474,http1_python_nodelay_all_c16_keepalive_ms,1.267172
latency,1,475,http1_python_nodelay_all_c16_keepalive_ms,1.283382
latency,1,476,http1_python_nodelay_all_c16_keepalive_ms,3.272306
latency,1,477,http1_python_nodelay_all_c16_keepalive_ms,1.578417
latency,1,478,http1_python_nodelay_all_c16_keepalive_ms,1.239361
latency,1,479,http1_python_nodelay_all_c16_keepalive_ms,2.006244
latency,1,560,http1_python_nodelay_all_c16_keepalive_ms,2.710347
latency,1,561,http1_python_nodelay_all_c16_keepalive_ms,2.765406
latency,1,562,http1_python_nodelay_all_c16_keepalive_ms,1.671769
latency,1,563,http1_python_nodelay_all_c16_keepalive_ms,2.282649
latency,1,564,http1_python_nodelay_all_c16_keepalive_ms,2.689356
latency,1,565,http1_python_nodelay_all_c16_keepalive_ms,3.190904
latency,1,566,http1_python_nodelay_all_c16_keepalive_ms,2.178167
latency,1,567,http1_python_nodelay_all_c16_keepalive_ms,2.792058
latency,1,568,http1_python_nodelay_all_c16_keepalive_ms,3.836465
latency,1,569,http1_python_nodelay_all_c16_keepalive_ms,2.452071
latency,1,570,http1_python_nodelay_all_c16_keepalive_ms,2.831069
latency,1,571,http1_python_nodelay_all_c16_keepalive_ms,1.363043
latency,1,572,http1_python_nodelay_all_c16_keepalive_ms,2.365860
latency,1,573,http1_python_nodelay_all_c16_keepalive_ms,2.375341
latency,1,574,http1_python_nodelay_all_c16_keepalive_ms,3.241155
latency,1,575,http1_python_nodelay_all_c16_keepalive_ms,1.107459
latency,1,576,http1_python_nodelay_all_c16_keepalive_ms,1.941223
latency,1,577,http1_python_nodelay_all_c16_keepalive_ms,2.743206
latency,1,578,http1_python_nodelay_all_c16_keepalive_ms,2.442532
latency,1,579,http1_python_nodelay_all_c16_keepalive_ms,3.119623
latency,1,580,http1_python_nodelay_all_c16_keepalive_ms,2.190118
latency,1,581,http1_python_nodelay_all_c16_keepalive_ms,2.571623
latency,1,582,http1_python_nodelay_all_c16_keepalive_ms,3.072622
latency,1,583,http1_python_nodelay_all_c16_keepalive_ms,2.944180
latency,1,584,http1_python_nodelay_all_c16_keepalive_ms,3.071083
latency,1,585,http1_python_nodelay_all_c16_keepalive_ms,1.761410
latency,1,586,http1_python_nodelay_all_c16_keepalive_ms,5.877410
latency,1,587,http1_python_nodelay_all_c16_keepalive_ms,1.424464
latency,1,588,http1_python_nodelay_all_c16_keepalive_ms,4.497317
latency,1,589,http1_python_nodelay_all_c16_keepalive_ms,2.233358
latency,1,590,http1_python_nodelay_all_c16_keepalive_ms,2.530453
latency,1,591,http1_python_nodelay_all_c16_keepalive_ms,2.411991
latency,1,592,http1_python_nodelay_all_c16_keepalive_ms,4.518456
latency,1,593,http1_python_nodelay_all_c16_keepalive_ms,2.288759
latency,1,594,http1_python_nodelay_all_c16_keepalive_ms,4.173192
latency,1,595,http1_python_nodelay_all_c16_keepalive_ms,2.928690
latency,1,596,http1_python_nodelay_all_c16_keepalive_ms,8.770349
latency,1,597,http1_python_nodelay_all_c16_keepalive_ms,4.362724
latency,1,598,http1_python_nodelay_all_c16_keepalive_ms,2.330870
latency,1,599,http1_python_nodelay_all_c16_keepalive_ms,3.045072
latency,1,600,http1_python_nodelay_all_c16_keepalive_ms,3.969537
latency,1,601,http1_python_nodelay_all_c16_keepalive_ms,1.936373
latency,1,602,http1_python_nodelay_all_c16_keepalive_ms,3.661542
latency,1,603,http1_python_nodelay_all_c16_keepalive_ms,2.652545
latency,1,604,http1_python_nodelay_all_c16_keepalive_ms,2.968971
latency,1,605,http1_python_nodelay_all_c16_keepalive_ms,4.122880
latency,1,606,http1_python_nodelay_all_c16_keepalive_ms,2.482512
latency,1,607,http1_python_nodelay_all_c16_keepalive_ms,2.144707
latency,1,608,http1_python_nodelay_all_c16_keepalive_ms,4.423775
latency,1,609,http1_python_nodelay_all_c16_keepalive_ms,2.836729
latency,1,610,http1_python_nodelay_all_c16_keepalive_ms,3.012481
latency,1,611,http1_python_nodelay_all_c16_keepalive_ms,2.484732
latency,1,612,http1_python_nodelay_all_c16_keepalive_ms,3.851976
latency,1,613,http1_python_nodelay_all_c16_keepalive_ms,3.710323
latency,1,614,http1_python_nodelay_all_c16_keepalive_ms,2.877679
latency,1,615,http1_python_nodelay_all_c16_keepalive_ms,2.570794
latency,1,616,http1_python_nodelay_all_c16_keepalive_ms,2.997470
latency,1,617,http1_python_nodelay_all_c16_keepalive_ms,2.180427
latency,1,618,http1_python_nodelay_all_c16_keepalive_ms,3.926587
latency,1,619,http1_python_nodelay_all_c16_keepalive_ms,2.870139
latency,1,620,http1_python_nodelay_all_c16_keepalive_ms,2.508853
latency,1,621,http1_python_nodelay_all_c16_keepalive_ms,2.388151
latency,1,622,http1_python_nodelay_all_c16_keepalive_ms,2.737126
latency,1,623,http1_python_nodelay_all_c16_keepalive_ms,3.039492
latency,1,624,http1_python_nodelay_all_c16_keepalive_ms,2.735877
latency,1,625,http1_python_nodelay_all_c16_keepalive_ms,2.482282
latency,1,626,http1_python_nodelay_all_c16_keepalive_ms,2.683396
latency,1,627,http1_python_nodelay_all_c16_keepalive_ms,2.447831
latency,1,628,http1_python_nodelay_all_c16_keepalive_ms,2.725447
latency,1,629,http1_python_nodelay_all_c16_keepalive_ms,2.659105
latency,1,630,http1_python_nodelay_all_c16_keepalive_ms,4.189471
latency,1,631,http1_python_nodelay_all_c16_keepalive_ms,2.916370
latency,1,632,http1_python_nodelay_all_c16_keepalive_ms,3.788154
latency,1,633,http1_python_nodelay_all_c16_keepalive_ms,3.467109
latency,1,634,http1_python_nodelay_all_c16_keepalive_ms,1.264932
latency,1,635,http1_python_nodelay_all_c16_keepalive_ms,3.542030
latency,1,636,http1_python_nodelay_all_c16_keepalive_ms,2.641685
latency,1,637,http1_python_nodelay_all_c16_keepalive_ms,2.935750
latency,1,638,http1_python_nodelay_all_c16_keepalive_ms,4.355154
latency,1,639,http1_python_nodelay_all_c16_keepalive_ms,1.080108
latency,1,80,http1_python_nodelay_all_c16_keepalive_ms,2.873829
latency,1,81,http1_python_nodelay_all_c16_keepalive_ms,2.441991
latency,1,82,http1_python_nodelay_all_c16_keepalive_ms,2.019334
latency,1,83,http1_python_nodelay_all_c16_keepalive_ms,4.532648
latency,1,84,http1_python_nodelay_all_c16_keepalive_ms,3.469429
latency,1,85,http1_python_nodelay_all_c16_keepalive_ms,2.597784
latency,1,86,http1_python_nodelay_all_c16_keepalive_ms,3.113713
latency,1,87,http1_python_nodelay_all_c16_keepalive_ms,0.217204
latency,1,88,http1_python_nodelay_all_c16_keepalive_ms,2.714486
latency,1,89,http1_python_nodelay_all_c16_keepalive_ms,2.546853
latency,1,90,http1_python_nodelay_all_c16_keepalive_ms,2.209768
latency,1,91,http1_python_nodelay_all_c16_keepalive_ms,4.326364
latency,1,92,http1_python_nodelay_all_c16_keepalive_ms,3.241685
latency,1,93,http1_python_nodelay_all_c16_keepalive_ms,2.470201
latency,1,94,http1_python_nodelay_all_c16_keepalive_ms,2.933570
latency,1,95,http1_python_nodelay_all_c16_keepalive_ms,3.155624
latency,1,96,http1_python_nodelay_all_c16_keepalive_ms,4.246493
latency,1,97,http1_python_nodelay_all_c16_keepalive_ms,2.753977
latency,1,98,http1_python_nodelay_all_c16_keepalive_ms,2.713246
latency,1,99,http1_python_nodelay_all_c16_keepalive_ms,3.663472
latency,1,100,http1_python_nodelay_all_c16_keepalive_ms,2.572594
latency,1,101,http1_python_nodelay_all_c16_keepalive_ms,2.172617
latency,1,102,http1_python_nodelay_all_c16_keepalive_ms,4.600258
latency,1,103,http1_python_nodelay_all_c16_keepalive_ms,2.421731
latency,1,104,http1_python_nodelay_all_c16_keepalive_ms,2.844839
latency,1,105,http1_python_nodelay_all_c16_keepalive_ms,1.999264
latency,1,106,http1_python_nodelay_all_c16_keepalive_ms,2.747996
latency,1,107,http1_python_nodelay_all_c16_keepalive_ms,2.078766
latency,1,108,http1_python_nodelay_all_c16_keepalive_ms,2.884699
latency,1,109,http1_python_nodelay_all_c16_keepalive_ms,2.123466
latency,1,110,http1_python_nodelay_all_c16_keepalive_ms,2.381030
latency,1,111,http1_python_nodelay_all_c16_keepalive_ms,2.203538
latency,1,112,http1_python_nodelay_all_c16_keepalive_ms,1.691049
latency,1,113,http1_python_nodelay_all_c16_keepalive_ms,2.494812
latency,1,114,http1_python_nodelay_all_c16_keepalive_ms,2.753617
latency,1,115,http1_python_nodelay_all_c16_keepalive_ms,3.915847
latency,1,116,http1_python_nodelay_all_c16_keepalive_ms,1.070618
latency,1,117,http1_python_nodelay_all_c16_keepalive_ms,2.631175
latency,1,118,http1_python_nodelay_all_c16_keepalive_ms,1.802320
latency,1,119,http1_python_nodelay_all_c16_keepalive_ms,2.556734
latency,1,120,http1_python_nodelay_all_c16_keepalive_ms,1.809761
latency,1,121,http1_python_nodelay_all_c16_keepalive_ms,1.768390
latency,1,122,http1_python_nodelay_all_c16_keepalive_ms,4.476776
latency,1,123,http1_python_nodelay_all_c16_keepalive_ms,2.175117
latency,1,124,http1_python_nodelay_all_c16_keepalive_ms,2.904159
latency,1,125,http1_python_nodelay_all_c16_keepalive_ms,1.740140
latency,1,126,http1_python_nodelay_all_c16_keepalive_ms,3.543841
latency,1,127,http1_python_nodelay_all_c16_keepalive_ms,2.957380
latency,1,128,http1_python_nodelay_all_c16_keepalive_ms,2.797048
latency,1,129,http1_python_nodelay_all_c16_keepalive_ms,1.598527
latency,1,130,http1_python_nodelay_all_c16_keepalive_ms,3.105772
latency,1,131,http1_python_nodelay_all_c16_keepalive_ms,3.674073
latency,1,132,http1_python_nodelay_all_c16_keepalive_ms,4.426425
latency,1,133,http1_python_nodelay_all_c16_keepalive_ms,3.069713
latency,1,134,http1_python_nodelay_all_c16_keepalive_ms,3.035092
latency,1,135,http1_python_nodelay_all_c16_keepalive_ms,2.486231
latency,1,136,http1_python_nodelay_all_c16_keepalive_ms,4.010749
latency,1,137,http1_python_nodelay_all_c16_keepalive_ms,1.977954
latency,1,138,http1_python_nodelay_all_c16_keepalive_ms,4.117370
latency,1,139,http1_python_nodelay_all_c16_keepalive_ms,5.026465
latency,1,140,http1_python_nodelay_all_c16_keepalive_ms,1.786940
latency,1,141,http1_python_nodelay_all_c16_keepalive_ms,6.734075
latency,1,142,http1_python_nodelay_all_c16_keepalive_ms,1.546497
latency,1,143,http1_python_nodelay_all_c16_keepalive_ms,2.264178
latency,1,144,http1_python_nodelay_all_c16_keepalive_ms,4.877123
latency,1,145,http1_python_nodelay_all_c16_keepalive_ms,2.984261
latency,1,146,http1_python_nodelay_all_c16_keepalive_ms,5.599585
latency,1,147,http1_python_nodelay_all_c16_keepalive_ms,2.591824
latency,1,148,http1_python_nodelay_all_c16_keepalive_ms,6.799676
latency,1,149,http1_python_nodelay_all_c16_keepalive_ms,2.854749
latency,1,150,http1_python_nodelay_all_c16_keepalive_ms,5.046106
latency,1,151,http1_python_nodelay_all_c16_keepalive_ms,2.622484
latency,1,152,http1_python_nodelay_all_c16_keepalive_ms,1.714760
latency,1,153,http1_python_nodelay_all_c16_keepalive_ms,3.479588
latency,1,154,http1_python_nodelay_all_c16_keepalive_ms,4.527078
latency,1,155,http1_python_nodelay_all_c16_keepalive_ms,2.581484
latency,1,156,http1_python_nodelay_all_c16_keepalive_ms,1.910292
latency,1,157,http1_python_nodelay_all_c16_keepalive_ms,3.379888
latency,1,158,http1_python_nodelay_all_c16_keepalive_ms,1.317612
latency,1,159,http1_python_nodelay_all_c16_keepalive_ms,2.091335
latency,1,320,http1_python_nodelay_all_c16_keepalive_ms,2.687866
latency,1,321,http1_python_nodelay_all_c16_keepalive_ms,2.644525
latency,1,322,http1_python_nodelay_all_c16_keepalive_ms,10.639251
latency,1,323,http1_python_nodelay_all_c16_keepalive_ms,4.056229
latency,1,324,http1_python_nodelay_all_c16_keepalive_ms,4.088089
latency,1,325,http1_python_nodelay_all_c16_keepalive_ms,2.227708
latency,1,326,http1_python_nodelay_all_c16_keepalive_ms,2.607065
latency,1,327,http1_python_nodelay_all_c16_keepalive_ms,1.963483
latency,1,328,http1_python_nodelay_all_c16_keepalive_ms,2.325150
latency,1,329,http1_python_nodelay_all_c16_keepalive_ms,3.559601
latency,1,330,http1_python_nodelay_all_c16_keepalive_ms,1.843671
latency,1,331,http1_python_nodelay_all_c16_keepalive_ms,3.217734
latency,1,332,http1_python_nodelay_all_c16_keepalive_ms,2.084766
latency,1,333,http1_python_nodelay_all_c16_keepalive_ms,2.476092
latency,1,334,http1_python_nodelay_all_c16_keepalive_ms,3.272436
latency,1,335,http1_python_nodelay_all_c16_keepalive_ms,2.594114
latency,1,336,http1_python_nodelay_all_c16_keepalive_ms,2.308439
latency,1,337,http1_python_nodelay_all_c16_keepalive_ms,3.621842
latency,1,338,http1_python_nodelay_all_c16_keepalive_ms,2.614084
latency,1,339,http1_python_nodelay_all_c16_keepalive_ms,2.869859
latency,1,340,http1_python_nodelay_all_c16_keepalive_ms,5.943672
latency,1,341,http1_python_nodelay_all_c16_keepalive_ms,3.270005
latency,1,342,http1_python_nodelay_all_c16_keepalive_ms,2.143086
latency,1,343,http1_python_nodelay_all_c16_keepalive_ms,2.361941
latency,1,344,http1_python_nodelay_all_c16_keepalive_ms,2.453882
latency,1,345,http1_python_nodelay_all_c16_keepalive_ms,4.279662
latency,1,346,http1_python_nodelay_all_c16_keepalive_ms,1.683209
latency,1,347,http1_python_nodelay_all_c16_keepalive_ms,2.786707
latency,1,348,http1_python_nodelay_all_c16_keepalive_ms,2.667466
latency,1,349,http1_python_nodelay_all_c16_keepalive_ms,4.372404
latency,1,350,http1_python_nodelay_all_c16_keepalive_ms,2.995561
latency,1,351,http1_python_nodelay_all_c16_keepalive_ms,2.270279
latency,1,352,http1_python_nodelay_all_c16_keepalive_ms,1.986934
latency,1,353,http1_python_nodelay_all_c16_keepalive_ms,2.734256
latency,1,354,http1_python_nodelay_all_c16_keepalive_ms,2.267979
latency,1,355,http1_python_nodelay_all_c16_keepalive_ms,4.029558
latency,1,356,http1_python_nodelay_all_c16_keepalive_ms,4.570558
latency,1,357,http1_python_nodelay_all_c16_keepalive_ms,2.397861
latency,1,358,http1_python_nodelay_all_c16_keepalive_ms,2.124796
latency,1,359,http1_python_nodelay_all_c16_keepalive_ms,3.445259
latency,1,360,http1_python_nodelay_all_c16_keepalive_ms,2.392130
latency,1,361,http1_python_nodelay_all_c16_keepalive_ms,2.417552
latency,1,362,http1_python_nodelay_all_c16_keepalive_ms,2.972630
latency,1,363,http1_python_nodelay_all_c16_keepalive_ms,4.035509
latency,1,364,http1_python_nodelay_all_c16_keepalive_ms,1.571937
latency,1,365,http1_python_nodelay_all_c16_keepalive_ms,4.751351
latency,1,366,http1_python_nodelay_all_c16_keepalive_ms,3.357547
latency,1,367,http1_python_nodelay_all_c16_keepalive_ms,2.995681
latency,1,368,http1_python_nodelay_all_c16_keepalive_ms,1.875752
latency,1,369,http1_python_nodelay_all_c16_keepalive_ms,3.014281
latency,1,370,http1_python_nodelay_all_c16_keepalive_ms,1.711949
latency,1,371,http1_python_nodelay_all_c16_keepalive_ms,2.307869
latency,1,372,http1_python_nodelay_all_c16_keepalive_ms,6.192796
latency,1,373,http1_python_nodelay_all_c16_keepalive_ms,2.793117
latency,1,374,http1_python_nodelay_all_c16_keepalive_ms,0.682972
latency,1,375,http1_python_nodelay_all_c16_keepalive_ms,2.070255
latency,1,376,http1_python_nodelay_all_c16_keepalive_ms,3.651602
latency,1,377,http1_python_nodelay_all_c16_keepalive_ms,9.018814
latency,1,378,http1_python_nodelay_all_c16_keepalive_ms,1.330323
latency,1,379,http1_python_nodelay_all_c16_keepalive_ms,2.787227
latency,1,380,http1_python_nodelay_all_c16_keepalive_ms,2.991071
latency,1,381,http1_python_nodelay_all_c16_keepalive_ms,2.718396
latency,1,382,http1_python_nodelay_all_c16_keepalive_ms,2.711086
latency,1,383,http1_python_nodelay_all_c16_keepalive_ms,2.430762
latency,1,384,http1_python_nodelay_all_c16_keepalive_ms,2.703206
latency,1,385,http1_python_nodelay_all_c16_keepalive_ms,2.605404
latency,1,386,http1_python_nodelay_all_c16_keepalive_ms,2.659075
latency,1,387,http1_python_nodelay_all_c16_keepalive_ms,2.059815
latency,1,388,http1_python_nodelay_all_c16_keepalive_ms,2.288609
latency,1,389,http1_python_nodelay_all_c16_keepalive_ms,2.452872
latency,1,390,http1_python_nodelay_all_c16_keepalive_ms,2.497883
latency,1,391,http1_python_nodelay_all_c16_keepalive_ms,1.839361
latency,1,392,http1_python_nodelay_all_c16_keepalive_ms,3.401377
latency,1,393,http1_python_nodelay_all_c16_keepalive_ms,4.652170
latency,1,394,http1_python_nodelay_all_c16_keepalive_ms,2.758337
latency,1,395,http1_python_nodelay_all_c16_keepalive_ms,1.027647
latency,1,396,http1_python_nodelay_all_c16_keepalive_ms,4.186252
latency,1,397,http1_python_nodelay_all_c16_keepalive_ms,1.170920
latency,1,398,http1_python_nodelay_all_c16_keepalive_ms,1.644817
latency,1,399,http1_python_nodelay_all_c16_keepalive_ms,1.332403
latency,1,720,http1_python_nodelay_all_c16_keepalive_ms,4.639499
latency,1,721,http1_python_nodelay_all_c16_keepalive_ms,2.824898
latency,1,722,http1_python_nodelay_all_c16_keepalive_ms,0.453288
latency,1,723,http1_python_nodelay_all_c16_keepalive_ms,1.705449
latency,1,724,http1_python_nodelay_all_c16_keepalive_ms,2.708906
latency,1,725,http1_python_nodelay_all_c16_keepalive_ms,3.257336
latency,1,726,http1_python_nodelay_all_c16_keepalive_ms,2.879259
latency,1,727,http1_python_nodelay_all_c16_keepalive_ms,4.454055
latency,1,728,http1_python_nodelay_all_c16_keepalive_ms,1.092829
latency,1,729,http1_python_nodelay_all_c16_keepalive_ms,2.569764
latency,1,730,http1_python_nodelay_all_c16_keepalive_ms,2.208047
latency,1,731,http1_python_nodelay_all_c16_keepalive_ms,2.182278
latency,1,732,http1_python_nodelay_all_c16_keepalive_ms,3.122343
latency,1,733,http1_python_nodelay_all_c16_keepalive_ms,4.313623
latency,1,734,http1_python_nodelay_all_c16_keepalive_ms,3.400138
latency,1,735,http1_python_nodelay_all_c16_keepalive_ms,3.181234
latency,1,736,http1_python_nodelay_all_c16_keepalive_ms,1.885002
latency,1,737,http1_python_nodelay_all_c16_keepalive_ms,2.779848
latency,1,738,http1_python_nodelay_all_c16_keepalive_ms,4.611758
latency,1,739,http1_python_nodelay_all_c16_keepalive_ms,1.722049
latency,1,740,http1_python_nodelay_all_c16_keepalive_ms,2.198758
latency,1,741,http1_python_nodelay_all_c16_keepalive_ms,2.592034
latency,1,742,http1_python_nodelay_all_c16_keepalive_ms,2.894949
latency,1,743,http1_python_nodelay_all_c16_keepalive_ms,2.047185
latency,1,744,http1_python_nodelay_all_c16_keepalive_ms,2.009614
latency,1,745,http1_python_nodelay_all_c16_keepalive_ms,2.266319
latency,1,746,http1_python_nodelay_all_c16_keepalive_ms,2.976190
latency,1,747,http1_python_nodelay_all_c16_keepalive_ms,2.077986
latency,1,748,http1_python_nodelay_all_c16_keepalive_ms,2.794427
latency,1,749,http1_python_nodelay_all_c16_keepalive_ms,4.704010
latency,1,750,http1_python_nodelay_all_c16_keepalive_ms,2.301909
latency,1,751,http1_python_nodelay_all_c16_keepalive_ms,0.942936
latency,1,752,http1_python_nodelay_all_c16_keepalive_ms,3.488559
latency,1,753,http1_python_nodelay_all_c16_keepalive_ms,2.000954
latency,1,754,http1_python_nodelay_all_c16_keepalive_ms,4.348474
latency,1,755,http1_python_nodelay_all_c16_keepalive_ms,2.997581
latency,1,756,http1_python_nodelay_all_c16_keepalive_ms,1.723940
latency,1,757,http1_python_nodelay_all_c16_keepalive_ms,2.489562
latency,1,758,http1_python_nodelay_all_c16_keepalive_ms,5.356471
latency,1,759,http1_python_nodelay_all_c16_keepalive_ms,3.762444
latency,1,760,http1_python_nodelay_all_c16_keepalive_ms,2.243798
latency,1,761,http1_python_nodelay_all_c16_keepalive_ms,2.998831
latency,1,762,http1_python_nodelay_all_c16_keepalive_ms,3.947567
latency,1,763,http1_python_nodelay_all_c16_keepalive_ms,1.890652
latency,1,764,http1_python_nodelay_all_c16_keepalive_ms,3.662263
latency,1,765,http1_python_nodelay_all_c16_keepalive_ms,2.864459
latency,1,766,http1_python_nodelay_all_c16_keepalive_ms,2.646125
latency,1,767,http1_python_nodelay_all_c16_keepalive_ms,1.905702
latency,1,768,http1_python_nodelay_all_c16_keepalive_ms,3.294036
latency,1,769,http1_python_nodelay_all_c16_keepalive_ms,7.380156
latency,1,770,http1_python_nodelay_all_c16_keepalive_ms,3.354567
latency,1,771,http1_python_nodelay_all_c16_keepalive_ms,3.014241
latency,1,772,http1_python_nodelay_all_c16_keepalive_ms,4.296463
latency,1,773,http1_python_nodelay_all_c16_keepalive_ms,2.201128
latency,1,774,http1_python_nodelay_all_c16_keepalive_ms,2.204617
latency,1,775,http1_python_nodelay_all_c16_keepalive_ms,3.876866
latency,1,776,http1_python_nodelay_all_c16_keepalive_ms,3.191535
latency,1,777,http1_python_nodelay_all_c16_keepalive_ms,8.768839
latency,1,778,http1_python_nodelay_all_c16_keepalive_ms,3.184944
latency,1,779,http1_python_nodelay_all_c16_keepalive_ms,2.615585
latency,1,780,http1_python_nodelay_all_c16_keepalive_ms,2.006664
latency,1,781,http1_python_nodelay_all_c16_keepalive_ms,3.160493
latency,1,782,http1_python_nodelay_all_c16_keepalive_ms,2.666416
latency,1,783,http1_python_nodelay_all_c16_keepalive_ms,2.892739
latency,1,784,http1_python_nodelay_all_c16_keepalive_ms,2.621125
latency,1,785,http1_python_nodelay_all_c16_keepalive_ms,2.520413
latency,1,786,http1_python_nodelay_all_c16_keepalive_ms,2.517693
latency,1,787,http1_python_nodelay_all_c16_keepalive_ms,2.768837
latency,1,788,http1_python_nodelay_all_c16_keepalive_ms,2.523932
latency,1,789,http1_python_nodelay_all_c16_keepalive_ms,4.326084
latency,1,790,http1_python_nodelay_all_c16_keepalive_ms,2.667886
latency,1,791,http1_python_nodelay_all_c16_keepalive_ms,2.543063
latency,1,792,http1_python_nodelay_all_c16_keepalive_ms,2.832638
latency,1,793,http1_python_nodelay_all_c16_keepalive_ms,2.173547
latency,1,794,http1_python_nodelay_all_c16_keepalive_ms,10.616661
latency,1,795,http1_python_nodelay_all_c16_keepalive_ms,2.071645
latency,1,796,http1_python_nodelay_all_c16_keepalive_ms,3.755774
latency,1,797,http1_python_nodelay_all_c16_keepalive_ms,2.075745
latency,1,798,http1_python_nodelay_all_c16_keepalive_ms,1.036798
latency,1,799,http1_python_nodelay_all_c16_keepalive_ms,1.012477
latency,1,0,http1_python_nodelay_all_c16_keepalive_ms,2.530563
latency,1,1,http1_python_nodelay_all_c16_keepalive_ms,3.046531
latency,1,2,http1_python_nodelay_all_c16_keepalive_ms,4.270423
latency,1,3,http1_python_nodelay_all_c16_keepalive_ms,2.401611
latency,1,4,http1_python_nodelay_all_c16_keepalive_ms,3.303926
latency,1,5,http1_python_nodelay_all_c16_keepalive_ms,3.050252
latency,1,6,http1_python_nodelay_all_c16_keepalive_ms,2.112276
latency,1,7,http1_python_nodelay_all_c16_keepalive_ms,7.851834
latency,1,8,http1_python_nodelay_all_c16_keepalive_ms,4.801942
latency,1,9,http1_python_nodelay_all_c16_keepalive_ms,3.219615
latency,1,10,http1_python_nodelay_all_c16_keepalive_ms,2.329869
latency,1,11,http1_python_nodelay_all_c16_keepalive_ms,3.072362
latency,1,12,http1_python_nodelay_all_c16_keepalive_ms,2.786408
latency,1,13,http1_python_nodelay_all_c16_keepalive_ms,2.443111
latency,1,14,http1_python_nodelay_all_c16_keepalive_ms,2.648886
latency,1,15,http1_python_nodelay_all_c16_keepalive_ms,2.892469
latency,1,16,http1_python_nodelay_all_c16_keepalive_ms,2.109456
latency,1,17,http1_python_nodelay_all_c16_keepalive_ms,3.499579
latency,1,18,http1_python_nodelay_all_c16_keepalive_ms,2.833988
latency,1,19,http1_python_nodelay_all_c16_keepalive_ms,2.407281
latency,1,20,http1_python_nodelay_all_c16_keepalive_ms,4.235763
latency,1,21,http1_python_nodelay_all_c16_keepalive_ms,8.366902
latency,1,22,http1_python_nodelay_all_c16_keepalive_ms,3.724973
latency,1,23,http1_python_nodelay_all_c16_keepalive_ms,2.951471
latency,1,24,http1_python_nodelay_all_c16_keepalive_ms,4.090989
latency,1,25,http1_python_nodelay_all_c16_keepalive_ms,2.550013
latency,1,26,http1_python_nodelay_all_c16_keepalive_ms,2.060785
latency,1,27,http1_python_nodelay_all_c16_keepalive_ms,4.246693
latency,1,28,http1_python_nodelay_all_c16_keepalive_ms,4.289563
latency,1,29,http1_python_nodelay_all_c16_keepalive_ms,2.941450
latency,1,30,http1_python_nodelay_all_c16_keepalive_ms,2.866139
latency,1,31,http1_python_nodelay_all_c16_keepalive_ms,2.512752
latency,1,32,http1_python_nodelay_all_c16_keepalive_ms,3.606012
latency,1,33,http1_python_nodelay_all_c16_keepalive_ms,2.355800
latency,1,34,http1_python_nodelay_all_c16_keepalive_ms,2.977941
latency,1,35,http1_python_nodelay_all_c16_keepalive_ms,3.746283
latency,1,36,http1_python_nodelay_all_c16_keepalive_ms,3.659483
latency,1,37,http1_python_nodelay_all_c16_keepalive_ms,2.187047
latency,1,38,http1_python_nodelay_all_c16_keepalive_ms,2.864019
latency,1,39,http1_python_nodelay_all_c16_keepalive_ms,2.508242
latency,1,40,http1_python_nodelay_all_c16_keepalive_ms,1.608428
latency,1,41,http1_python_nodelay_all_c16_keepalive_ms,2.346030
latency,1,42,http1_python_nodelay_all_c16_keepalive_ms,1.742769
latency,1,43,http1_python_nodelay_all_c16_keepalive_ms,2.770137
latency,1,44,http1_python_nodelay_all_c16_keepalive_ms,2.179147
latency,1,45,http1_python_nodelay_all_c16_keepalive_ms,2.880680
latency,1,46,http1_python_nodelay_all_c16_keepalive_ms,2.734526
latency,1,47,http1_python_nodelay_all_c16_keepalive_ms,2.943060
latency,1,48,http1_python_nodelay_all_c16_keepalive_ms,2.350060
latency,1,49,http1_python_nodelay_all_c16_keepalive_ms,1.953923
latency,1,50,http1_python_nodelay_all_c16_keepalive_ms,4.076620
latency,1,51,http1_python_nodelay_all_c16_keepalive_ms,1.616177
latency,1,52,http1_python_nodelay_all_c16_keepalive_ms,2.153627
latency,1,53,http1_python_nodelay_all_c16_keepalive_ms,3.138694
latency,1,54,http1_python_nodelay_all_c16_keepalive_ms,3.569140
latency,1,55,http1_python_nodelay_all_c16_keepalive_ms,5.626566
latency,1,56,http1_python_nodelay_all_c16_keepalive_ms,3.051672
latency,1,57,http1_python_nodelay_all_c16_keepalive_ms,6.573732
latency,1,58,http1_python_nodelay_all_c16_keepalive_ms,3.298616
latency,1,59,http1_python_nodelay_all_c16_keepalive_ms,3.276496
latency,1,60,http1_python_nodelay_all_c16_keepalive_ms,2.940720
latency,1,61,http1_python_nodelay_all_c16_keepalive_ms,2.305069
latency,1,62,http1_python_nodelay_all_c16_keepalive_ms,2.461952
latency,1,63,http1_python_nodelay_all_c16_keepalive_ms,2.545973
latency,1,64,http1_python_nodelay_all_c16_keepalive_ms,3.027172
latency,1,65,http1_python_nodelay_all_c16_keepalive_ms,2.125886
latency,1,66,http1_python_nodelay_all_c16_keepalive_ms,4.473276
latency,1,67,http1_python_nodelay_all_c16_keepalive_ms,2.733727
latency,1,68,http1_python_nodelay_all_c16_keepalive_ms,2.903379
latency,1,69,http1_python_nodelay_all_c16_keepalive_ms,2.169747
latency,1,70,http1_python_nodelay_all_c16_keepalive_ms,4.601528
latency,1,71,http1_python_nodelay_all_c16_keepalive_ms,2.764477
latency,1,72,http1_python_nodelay_all_c16_keepalive_ms,2.979171
latency,1,73,http1_python_nodelay_all_c16_keepalive_ms,2.416271
latency,1,74,http1_python_nodelay_all_c16_keepalive_ms,1.340613
latency,1,75,http1_python_nodelay_all_c16_keepalive_ms,1.447764
latency,1,76,http1_python_nodelay_all_c16_keepalive_ms,1.202711
latency,1,77,http1_python_nodelay_all_c16_keepalive_ms,1.700099
latency,1,78,http1_python_nodelay_all_c16_keepalive_ms,0.968916
latency,1,79,http1_python_nodelay_all_c16_keepalive_ms,1.608998
latency,1,640,http1_python_nodelay_all_c16_keepalive_ms,2.790617
latency,1,641,http1_python_nodelay_all_c16_keepalive_ms,2.601084
latency,1,642,http1_python_nodelay_all_c16_keepalive_ms,1.806741
latency,1,643,http1_python_nodelay_all_c16_keepalive_ms,4.796312
latency,1,644,http1_python_nodelay_all_c16_keepalive_ms,3.608441
latency,1,645,http1_python_nodelay_all_c16_keepalive_ms,3.195785
latency,1,646,http1_python_nodelay_all_c16_keepalive_ms,3.609681
latency,1,647,http1_python_nodelay_all_c16_keepalive_ms,3.968657
latency,1,648,http1_python_nodelay_all_c16_keepalive_ms,4.479837
latency,1,649,http1_python_nodelay_all_c16_keepalive_ms,2.370560
latency,1,650,http1_python_nodelay_all_c16_keepalive_ms,3.152524
latency,1,651,http1_python_nodelay_all_c16_keepalive_ms,3.506099
latency,1,652,http1_python_nodelay_all_c16_keepalive_ms,4.388995
latency,1,653,http1_python_nodelay_all_c16_keepalive_ms,5.263670
latency,1,654,http1_python_nodelay_all_c16_keepalive_ms,2.914560
latency,1,655,http1_python_nodelay_all_c16_keepalive_ms,3.333196
latency,1,656,http1_python_nodelay_all_c16_keepalive_ms,2.225578
latency,1,657,http1_python_nodelay_all_c16_keepalive_ms,5.087637
latency,1,658,http1_python_nodelay_all_c16_keepalive_ms,4.538267
latency,1,659,http1_python_nodelay_all_c16_keepalive_ms,2.572174
latency,1,660,http1_python_nodelay_all_c16_keepalive_ms,2.518632
latency,1,661,http1_python_nodelay_all_c16_keepalive_ms,2.063715
latency,1,662,http1_python_nodelay_all_c16_keepalive_ms,2.771748
latency,1,663,http1_python_nodelay_all_c16_keepalive_ms,2.254248
latency,1,664,http1_python_nodelay_all_c16_keepalive_ms,2.885509
latency,1,665,http1_python_nodelay_all_c16_keepalive_ms,2.012515
latency,1,666,http1_python_nodelay_all_c16_keepalive_ms,2.382860
latency,1,667,http1_python_nodelay_all_c16_keepalive_ms,2.223558
latency,1,668,http1_python_nodelay_all_c16_keepalive_ms,8.895351
latency,1,669,http1_python_nodelay_all_c16_keepalive_ms,5.700607
latency,1,670,http1_python_nodelay_all_c16_keepalive_ms,1.610808
latency,1,671,http1_python_nodelay_all_c16_keepalive_ms,2.710296
latency,1,672,http1_python_nodelay_all_c16_keepalive_ms,1.721969
latency,1,673,http1_python_nodelay_all_c16_keepalive_ms,4.027199
latency,1,674,http1_python_nodelay_all_c16_keepalive_ms,3.123903
latency,1,675,http1_python_nodelay_all_c16_keepalive_ms,4.036578
latency,1,676,http1_python_nodelay_all_c16_keepalive_ms,7.958716
latency,1,677,http1_python_nodelay_all_c16_keepalive_ms,2.395221
latency,1,678,http1_python_nodelay_all_c16_keepalive_ms,2.255608
latency,1,679,http1_python_nodelay_all_c16_keepalive_ms,3.289166
latency,1,680,http1_python_nodelay_all_c16_keepalive_ms,3.236485
latency,1,681,http1_python_nodelay_all_c16_keepalive_ms,2.399341
latency,1,682,http1_python_nodelay_all_c16_keepalive_ms,2.534373
latency,1,683,http1_python_nodelay_all_c16_keepalive_ms,3.098653
latency,1,684,http1_python_nodelay_all_c16_keepalive_ms,2.731007
latency,1,685,http1_python_nodelay_all_c16_keepalive_ms,2.976530
latency,1,686,http1_python_nodelay_all_c16_keepalive_ms,3.418528
latency,1,687,http1_python_nodelay_all_c16_keepalive_ms,2.331530
latency,1,688,http1_python_nodelay_all_c16_keepalive_ms,1.736840
latency,1,689,http1_python_nodelay_all_c16_keepalive_ms,2.263878
latency,1,690,http1_python_nodelay_all_c16_keepalive_ms,2.887719
latency,1,691,http1_python_nodelay_all_c16_keepalive_ms,3.430808
latency,1,692,http1_python_nodelay_all_c16_keepalive_ms,5.742758
latency,1,693,http1_python_nodelay_all_c16_keepalive_ms,2.890040
latency,1,694,http1_python_nodelay_all_c16_keepalive_ms,2.476892
latency,1,695,http1_python_nodelay_all_c16_keepalive_ms,2.261318
latency,1,696,http1_python_nodelay_all_c16_keepalive_ms,2.824898
latency,1,697,http1_python_nodelay_all_c16_keepalive_ms,3.134103
latency,1,698,http1_python_nodelay_all_c16_keepalive_ms,0.869325
latency,1,699,http1_python_nodelay_all_c16_keepalive_ms,1.845902
latency,1,700,http1_python_nodelay_all_c16_keepalive_ms,2.744047
latency,1,701,http1_python_nodelay_all_c16_keepalive_ms,3.172994
latency,1,702,http1_python_nodelay_all_c16_keepalive_ms,1.852541
latency,1,703,http1_python_nodelay_all_c16_keepalive_ms,2.473152
latency,1,704,http1_python_nodelay_all_c16_keepalive_ms,2.775057
latency,1,705,http1_python_nodelay_all_c16_keepalive_ms,4.236542
latency,1,706,http1_python_nodelay_all_c16_keepalive_ms,2.864399
latency,1,707,http1_python_nodelay_all_c16_keepalive_ms,2.442002
latency,1,708,http1_python_nodelay_all_c16_keepalive_ms,2.807288
latency,1,709,http1_python_nodelay_all_c16_keepalive_ms,2.126446
latency,1,710,http1_python_nodelay_all_c16_keepalive_ms,1.810000
latency,1,711,http1_python_nodelay_all_c16_keepalive_ms,3.023732
latency,1,712,http1_python_nodelay_all_c16_keepalive_ms,2.545543
latency,1,713,http1_python_nodelay_all_c16_keepalive_ms,2.624255
latency,1,714,http1_python_nodelay_all_c16_keepalive_ms,4.030259
latency,1,715,http1_python_nodelay_all_c16_keepalive_ms,1.647597
latency,1,716,http1_python_nodelay_all_c16_keepalive_ms,1.231111
latency,1,717,http1_python_nodelay_all_c16_keepalive_ms,2.621815
latency,1,718,http1_python_nodelay_all_c16_keepalive_ms,1.034068
latency,1,719,http1_python_nodelay_all_c16_keepalive_ms,1.950963
latency,1,960,http1_python_nodelay_all_c16_keepalive_ms,2.742066
latency,1,961,http1_python_nodelay_all_c16_keepalive_ms,2.369650
latency,1,962,http1_python_nodelay_all_c16_keepalive_ms,4.548578
latency,1,963,http1_python_nodelay_all_c16_keepalive_ms,2.489342
latency,1,964,http1_python_nodelay_all_c16_keepalive_ms,3.188765
latency,1,965,http1_python_nodelay_all_c16_keepalive_ms,2.369760
latency,1,966,http1_python_nodelay_all_c16_keepalive_ms,2.694516
latency,1,967,http1_python_nodelay_all_c16_keepalive_ms,3.694962
latency,1,968,http1_python_nodelay_all_c16_keepalive_ms,2.458632
latency,1,969,http1_python_nodelay_all_c16_keepalive_ms,3.989568
latency,1,970,http1_python_nodelay_all_c16_keepalive_ms,2.771818
latency,1,971,http1_python_nodelay_all_c16_keepalive_ms,2.855478
latency,1,972,http1_python_nodelay_all_c16_keepalive_ms,3.801265
latency,1,973,http1_python_nodelay_all_c16_keepalive_ms,3.679742
latency,1,974,http1_python_nodelay_all_c16_keepalive_ms,5.668717
latency,1,975,http1_python_nodelay_all_c16_keepalive_ms,2.640695
latency,1,976,http1_python_nodelay_all_c16_keepalive_ms,2.884019
latency,1,977,http1_python_nodelay_all_c16_keepalive_ms,3.187354
latency,1,978,http1_python_nodelay_all_c16_keepalive_ms,4.960085
latency,1,979,http1_python_nodelay_all_c16_keepalive_ms,2.812198
latency,1,980,http1_python_nodelay_all_c16_keepalive_ms,2.087945
latency,1,981,http1_python_nodelay_all_c16_keepalive_ms,2.360290
latency,1,982,http1_python_nodelay_all_c16_keepalive_ms,2.517893
latency,1,983,http1_python_nodelay_all_c16_keepalive_ms,2.109366
latency,1,984,http1_python_nodelay_all_c16_keepalive_ms,2.703536
latency,1,985,http1_python_nodelay_all_c16_keepalive_ms,2.255238
latency,1,986,http1_python_nodelay_all_c16_keepalive_ms,2.840349
latency,1,987,http1_python_nodelay_all_c16_keepalive_ms,4.073859
latency,1,988,http1_python_nodelay_all_c16_keepalive_ms,2.404271
latency,1,989,http1_python_nodelay_all_c16_keepalive_ms,3.242895
latency,1,990,http1_python_nodelay_all_c16_keepalive_ms,1.261152
latency,1,991,http1_python_nodelay_all_c16_keepalive_ms,2.185707
latency,1,992,http1_python_nodelay_all_c16_keepalive_ms,2.612354
latency,1,993,http1_python_nodelay_all_c16_keepalive_ms,4.400615
latency,1,994,http1_python_nodelay_all_c16_keepalive_ms,2.799408
latency,1,995,http1_python_nodelay_all_c16_keepalive_ms,2.771517
latency,1,996,http1_python_nodelay_all_c16_keepalive_ms,3.479939
latency,1,997,http1_python_nodelay_all_c16_keepalive_ms,2.063515
latency,1,998,http1_python_nodelay_all_c16_keepalive_ms,2.551464
latency,1,999,http1_python_nodelay_all_c16_keepalive_ms,2.310769
latency,1,1000,http1_python_nodelay_all_c16_keepalive_ms,2.483182
latency,1,1001,http1_python_nodelay_all_c16_keepalive_ms,1.901093
latency,1,1002,http1_python_nodelay_all_c16_keepalive_ms,3.527600
latency,1,1003,http1_python_nodelay_all_c16_keepalive_ms,2.650705
latency,1,1004,http1_python_nodelay_all_c16_keepalive_ms,2.966720
latency,1,1005,http1_python_nodelay_all_c16_keepalive_ms,3.941768
latency,1,1006,http1_python_nodelay_all_c16_keepalive_ms,2.529092
latency,1,1007,http1_python_nodelay_all_c16_keepalive_ms,5.928581
latency,1,1008,http1_python_nodelay_all_c16_keepalive_ms,6.267467
latency,1,1009,http1_python_nodelay_all_c16_keepalive_ms,2.964990
latency,1,1010,http1_python_nodelay_all_c16_keepalive_ms,3.818285
latency,1,1011,http1_python_nodelay_all_c16_keepalive_ms,3.699824
latency,1,1012,http1_python_nodelay_all_c16_keepalive_ms,2.300319
latency,1,1013,http1_python_nodelay_all_c16_keepalive_ms,3.135773
latency,1,1014,http1_python_nodelay_all_c16_keepalive_ms,3.274976
latency,1,1015,http1_python_nodelay_all_c16_keepalive_ms,5.695617
latency,1,1016,http1_python_nodelay_all_c16_keepalive_ms,2.845888
latency,1,1017,http1_python_nodelay_all_c16_keepalive_ms,4.455786
latency,1,1018,http1_python_nodelay_all_c16_keepalive_ms,3.365977
latency,1,1019,http1_python_nodelay_all_c16_keepalive_ms,7.934455
latency,1,1020,http1_python_nodelay_all_c16_keepalive_ms,2.596495
latency,1,1021,http1_python_nodelay_all_c16_keepalive_ms,2.604964
latency,1,1022,http1_python_nodelay_all_c16_keepalive_ms,2.812088
latency,1,1023,http1_python_nodelay_all_c16_keepalive_ms,2.752646
latency,1,1024,http1_python_nodelay_all_c16_keepalive_ms,2.237189
latency,1,1025,http1_python_nodelay_all_c16_keepalive_ms,2.065365
latency,1,1026,http1_python_nodelay_all_c16_keepalive_ms,2.549373
latency,1,1027,http1_python_nodelay_all_c16_keepalive_ms,7.294934
latency,1,1028,http1_python_nodelay_all_c16_keepalive_ms,2.094756
latency,1,1029,http1_python_nodelay_all_c16_keepalive_ms,2.949880
latency,1,1030,http1_python_nodelay_all_c16_keepalive_ms,3.809765
latency,1,1031,http1_python_nodelay_all_c16_keepalive_ms,1.873892
latency,1,1032,http1_python_nodelay_all_c16_keepalive_ms,2.383771
latency,1,1033,http1_python_nodelay_all_c16_keepalive_ms,1.290402
latency,1,1034,http1_python_nodelay_all_c16_keepalive_ms,1.803230
latency,1,1035,http1_python_nodelay_all_c16_keepalive_ms,2.471232
latency,1,1036,http1_python_nodelay_all_c16_keepalive_ms,1.094929
latency,1,1037,http1_python_nodelay_all_c16_keepalive_ms,1.032677
latency,1,1038,http1_python_nodelay_all_c16_keepalive_ms,0.780724
latency,1,1039,http1_python_nodelay_all_c16_keepalive_ms,1.226721
latency,1,880,http1_python_nodelay_all_c16_keepalive_ms,2.843748
latency,1,881,http1_python_nodelay_all_c16_keepalive_ms,4.014888
latency,1,882,http1_python_nodelay_all_c16_keepalive_ms,5.194769
latency,1,883,http1_python_nodelay_all_c16_keepalive_ms,3.534580
latency,1,884,http1_python_nodelay_all_c16_keepalive_ms,2.017664
latency,1,885,http1_python_nodelay_all_c16_keepalive_ms,2.370171
latency,1,886,http1_python_nodelay_all_c16_keepalive_ms,4.089209
latency,1,887,http1_python_nodelay_all_c16_keepalive_ms,2.385611
latency,1,888,http1_python_nodelay_all_c16_keepalive_ms,2.518133
latency,1,889,http1_python_nodelay_all_c16_keepalive_ms,5.038895
latency,1,890,http1_python_nodelay_all_c16_keepalive_ms,4.541947
latency,1,891,http1_python_nodelay_all_c16_keepalive_ms,7.777943
latency,1,892,http1_python_nodelay_all_c16_keepalive_ms,3.294896
latency,1,893,http1_python_nodelay_all_c16_keepalive_ms,2.769137
latency,1,894,http1_python_nodelay_all_c16_keepalive_ms,2.506853
latency,1,895,http1_python_nodelay_all_c16_keepalive_ms,3.334947
latency,1,896,http1_python_nodelay_all_c16_keepalive_ms,2.528843
latency,1,897,http1_python_nodelay_all_c16_keepalive_ms,2.826098
latency,1,898,http1_python_nodelay_all_c16_keepalive_ms,2.210547
latency,1,899,http1_python_nodelay_all_c16_keepalive_ms,4.353605
latency,1,900,http1_python_nodelay_all_c16_keepalive_ms,2.671755
latency,1,901,http1_python_nodelay_all_c16_keepalive_ms,2.020314
latency,1,902,http1_python_nodelay_all_c16_keepalive_ms,2.748067
latency,1,903,http1_python_nodelay_all_c16_keepalive_ms,4.343244
latency,1,904,http1_python_nodelay_all_c16_keepalive_ms,2.666036
latency,1,905,http1_python_nodelay_all_c16_keepalive_ms,2.457561
latency,1,906,http1_python_nodelay_all_c16_keepalive_ms,2.313249
latency,1,907,http1_python_nodelay_all_c16_keepalive_ms,4.187062
latency,1,908,http1_python_nodelay_all_c16_keepalive_ms,2.187297
latency,1,909,http1_python_nodelay_all_c16_keepalive_ms,2.939980
latency,1,910,http1_python_nodelay_all_c16_keepalive_ms,2.480513
latency,1,911,http1_python_nodelay_all_c16_keepalive_ms,1.547536
latency,1,912,http1_python_nodelay_all_c16_keepalive_ms,2.974320
latency,1,913,http1_python_nodelay_all_c16_keepalive_ms,2.469152
latency,1,914,http1_python_nodelay_all_c16_keepalive_ms,1.831631
latency,1,915,http1_python_nodelay_all_c16_keepalive_ms,3.982738
latency,1,916,http1_python_nodelay_all_c16_keepalive_ms,2.472283
latency,1,917,http1_python_nodelay_all_c16_keepalive_ms,2.422951
latency,1,918,http1_python_nodelay_all_c16_keepalive_ms,2.266458
latency,1,919,http1_python_nodelay_all_c16_keepalive_ms,1.963613
latency,1,920,http1_python_nodelay_all_c16_keepalive_ms,1.449365
latency,1,921,http1_python_nodelay_all_c16_keepalive_ms,2.050805
latency,1,922,http1_python_nodelay_all_c16_keepalive_ms,2.935240
latency,1,923,http1_python_nodelay_all_c16_keepalive_ms,2.503763
latency,1,924,http1_python_nodelay_all_c16_keepalive_ms,3.478729
latency,1,925,http1_python_nodelay_all_c16_keepalive_ms,3.921547
latency,1,926,http1_python_nodelay_all_c16_keepalive_ms,5.716677
latency,1,927,http1_python_nodelay_all_c16_keepalive_ms,3.049822
latency,1,928,http1_python_nodelay_all_c16_keepalive_ms,1.089119
latency,1,929,http1_python_nodelay_all_c16_keepalive_ms,4.449805
latency,1,930,http1_python_nodelay_all_c16_keepalive_ms,3.992538
latency,1,931,http1_python_nodelay_all_c16_keepalive_ms,1.929263
latency,1,932,http1_python_nodelay_all_c16_keepalive_ms,4.037779
latency,1,933,http1_python_nodelay_all_c16_keepalive_ms,3.080262
latency,1,934,http1_python_nodelay_all_c16_keepalive_ms,3.268876
latency,1,935,http1_python_nodelay_all_c16_keepalive_ms,3.273085
latency,1,936,http1_python_nodelay_all_c16_keepalive_ms,2.379921
latency,1,937,http1_python_nodelay_all_c16_keepalive_ms,2.876509
latency,1,938,http1_python_nodelay_all_c16_keepalive_ms,7.444816
latency,1,939,http1_python_nodelay_all_c16_keepalive_ms,3.093083
latency,1,940,http1_python_nodelay_all_c16_keepalive_ms,2.877099
latency,1,941,http1_python_nodelay_all_c16_keepalive_ms,2.917510
latency,1,942,http1_python_nodelay_all_c16_keepalive_ms,4.397805
latency,1,943,http1_python_nodelay_all_c16_keepalive_ms,3.146303
latency,1,944,http1_python_nodelay_all_c16_keepalive_ms,9.286978
latency,1,945,http1_python_nodelay_all_c16_keepalive_ms,2.031725
latency,1,946,http1_python_nodelay_all_c16_keepalive_ms,5.711677
latency,1,947,http1_python_nodelay_all_c16_keepalive_ms,2.610194
latency,1,948,http1_python_nodelay_all_c16_keepalive_ms,4.282583
latency,1,949,http1_python_nodelay_all_c16_keepalive_ms,3.784925
latency,1,950,http1_python_nodelay_all_c16_keepalive_ms,2.349200
latency,1,951,http1_python_nodelay_all_c16_keepalive_ms,1.511566
latency,1,952,http1_python_nodelay_all_c16_keepalive_ms,1.318542
latency,1,953,http1_python_nodelay_all_c16_keepalive_ms,2.681626
latency,1,954,http1_python_nodelay_all_c16_keepalive_ms,2.044714
latency,1,955,http1_python_nodelay_all_c16_keepalive_ms,1.883843
latency,1,956,http1_python_nodelay_all_c16_keepalive_ms,1.104668
latency,1,957,http1_python_nodelay_all_c16_keepalive_ms,1.091169
latency,1,958,http1_python_nodelay_all_c16_keepalive_ms,0.566520
latency,1,959,http1_python_nodelay_all_c16_keepalive_ms,0.218783
latency,1,160,http1_python_nodelay_all_c16_keepalive_ms,4.631099
latency,1,161,http1_python_nodelay_all_c16_keepalive_ms,2.286918
latency,1,162,http1_python_nodelay_all_c16_keepalive_ms,2.430082
latency,1,163,http1_python_nodelay_all_c16_keepalive_ms,2.664605
latency,1,164,http1_python_nodelay_all_c16_keepalive_ms,3.588441
latency,1,165,http1_python_nodelay_all_c16_keepalive_ms,6.626883
latency,1,166,http1_python_nodelay_all_c16_keepalive_ms,4.168401
latency,1,167,http1_python_nodelay_all_c16_keepalive_ms,2.628915
latency,1,168,http1_python_nodelay_all_c16_keepalive_ms,4.060919
latency,1,169,http1_python_nodelay_all_c16_keepalive_ms,3.192745
latency,1,170,http1_python_nodelay_all_c16_keepalive_ms,4.920413
latency,1,171,http1_python_nodelay_all_c16_keepalive_ms,3.320067
latency,1,172,http1_python_nodelay_all_c16_keepalive_ms,2.378230
latency,1,173,http1_python_nodelay_all_c16_keepalive_ms,2.848709
latency,1,174,http1_python_nodelay_all_c16_keepalive_ms,2.725636
latency,1,175,http1_python_nodelay_all_c16_keepalive_ms,2.232808
latency,1,176,http1_python_nodelay_all_c16_keepalive_ms,3.369957
latency,1,177,http1_python_nodelay_all_c16_keepalive_ms,2.874769
latency,1,178,http1_python_nodelay_all_c16_keepalive_ms,4.202112
latency,1,179,http1_python_nodelay_all_c16_keepalive_ms,2.321419
latency,1,180,http1_python_nodelay_all_c16_keepalive_ms,2.540254
latency,1,181,http1_python_nodelay_all_c16_keepalive_ms,2.952220
latency,1,182,http1_python_nodelay_all_c16_keepalive_ms,1.956703
latency,1,183,http1_python_nodelay_all_c16_keepalive_ms,4.191541
latency,1,184,http1_python_nodelay_all_c16_keepalive_ms,3.210985
latency,1,185,http1_python_nodelay_all_c16_keepalive_ms,3.258196
latency,1,186,http1_python_nodelay_all_c16_keepalive_ms,3.694032
latency,1,187,http1_python_nodelay_all_c16_keepalive_ms,2.148527
latency,1,188,http1_python_nodelay_all_c16_keepalive_ms,2.103676
latency,1,189,http1_python_nodelay_all_c16_keepalive_ms,2.209317
latency,1,190,http1_python_nodelay_all_c16_keepalive_ms,2.905830
latency,1,191,http1_python_nodelay_all_c16_keepalive_ms,2.502693
latency,1,192,http1_python_nodelay_all_c16_keepalive_ms,2.540593
latency,1,193,http1_python_nodelay_all_c16_keepalive_ms,1.860281
latency,1,194,http1_python_nodelay_all_c16_keepalive_ms,2.777438
latency,1,195,http1_python_nodelay_all_c16_keepalive_ms,1.632207
latency,1,196,http1_python_nodelay_all_c16_keepalive_ms,6.000233
latency,1,197,http1_python_nodelay_all_c16_keepalive_ms,4.900753
latency,1,198,http1_python_nodelay_all_c16_keepalive_ms,3.701723
latency,1,199,http1_python_nodelay_all_c16_keepalive_ms,2.295529
latency,1,200,http1_python_nodelay_all_c16_keepalive_ms,2.405091
latency,1,201,http1_python_nodelay_all_c16_keepalive_ms,2.992851
latency,1,202,http1_python_nodelay_all_c16_keepalive_ms,4.164521
latency,1,203,http1_python_nodelay_all_c16_keepalive_ms,4.237162
latency,1,204,http1_python_nodelay_all_c16_keepalive_ms,4.492716
latency,1,205,http1_python_nodelay_all_c16_keepalive_ms,3.232515
latency,1,206,http1_python_nodelay_all_c16_keepalive_ms,2.801598
latency,1,207,http1_python_nodelay_all_c16_keepalive_ms,2.744407
latency,1,208,http1_python_nodelay_all_c16_keepalive_ms,9.913709
latency,1,209,http1_python_nodelay_all_c16_keepalive_ms,2.909369
latency,1,210,http1_python_nodelay_all_c16_keepalive_ms,3.410538
latency,1,211,http1_python_nodelay_all_c16_keepalive_ms,3.325117
latency,1,212,http1_python_nodelay_all_c16_keepalive_ms,2.301379
latency,1,213,http1_python_nodelay_all_c16_keepalive_ms,3.051172
latency,1,214,http1_python_nodelay_all_c16_keepalive_ms,2.510403
latency,1,215,http1_python_nodelay_all_c16_keepalive_ms,5.008244
latency,1,216,http1_python_nodelay_all_c16_keepalive_ms,3.084973
latency,1,217,http1_python_nodelay_all_c16_keepalive_ms,6.215166
latency,1,218,http1_python_nodelay_all_c16_keepalive_ms,4.128920
latency,1,219,http1_python_nodelay_all_c16_keepalive_ms,2.823208
latency,1,220,http1_python_nodelay_all_c16_keepalive_ms,2.518363
latency,1,221,http1_python_nodelay_all_c16_keepalive_ms,4.378115
latency,1,222,http1_python_nodelay_all_c16_keepalive_ms,2.702736
latency,1,223,http1_python_nodelay_all_c16_keepalive_ms,8.378472
latency,1,224,http1_python_nodelay_all_c16_keepalive_ms,3.827935
latency,1,225,http1_python_nodelay_all_c16_keepalive_ms,2.757797
latency,1,226,http1_python_nodelay_all_c16_keepalive_ms,6.514111
latency,1,227,http1_python_nodelay_all_c16_keepalive_ms,4.429565
latency,1,228,http1_python_nodelay_all_c16_keepalive_ms,1.116290
latency,1,229,http1_python_nodelay_all_c16_keepalive_ms,1.267391
latency,1,230,http1_python_nodelay_all_c16_keepalive_ms,1.604867
latency,1,231,http1_python_nodelay_all_c16_keepalive_ms,0.474959
latency,1,232,http1_python_nodelay_all_c16_keepalive_ms,0.233624
latency,1,233,http1_python_nodelay_all_c16_keepalive_ms,0.341535
latency,1,234,http1_python_nodelay_all_c16_keepalive_ms,0.963837
latency,1,235,http1_python_nodelay_all_c16_keepalive_ms,0.315845
latency,1,236,http1_python_nodelay_all_c16_keepalive_ms,0.696652
latency,1,237,http1_python_nodelay_all_c16_keepalive_ms,0.531939
latency,1,238,http1_python_nodelay_all_c16_keepalive_ms,0.217264
latency,1,239,http1_python_nodelay_all_c16_keepalive_ms,0.215644
trial,1,1280,http1_python_nodelay_all_c16_median_ms,2.711376
trial,1,1280,http1_python_nodelay_all_c16_p95_ms,4.997515
trial,1,1280,http1_python_nodelay_all_c16_requests_per_second,5189.946
trial,1,1280,http1_python_nodelay_all_c16_wall_ms,246.631
latency,2,880,http1_python_nodelay_all_c16_keepalive_ms,2.576693
latency,2,881,http1_python_nodelay_all_c16_keepalive_ms,1.214211
latency,2,882,http1_python_nodelay_all_c16_keepalive_ms,1.852412
latency,2,883,http1_python_nodelay_all_c16_keepalive_ms,5.726867
latency,2,884,http1_python_nodelay_all_c16_keepalive_ms,2.516193
latency,2,885,http1_python_nodelay_all_c16_keepalive_ms,1.739730
latency,2,886,http1_python_nodelay_all_c16_keepalive_ms,3.664472
latency,2,887,http1_python_nodelay_all_c16_keepalive_ms,3.365537
latency,2,888,http1_python_nodelay_all_c16_keepalive_ms,4.130151
latency,2,889,http1_python_nodelay_all_c16_keepalive_ms,2.956090
latency,2,890,http1_python_nodelay_all_c16_keepalive_ms,2.718246
latency,2,891,http1_python_nodelay_all_c16_keepalive_ms,2.358450
latency,2,892,http1_python_nodelay_all_c16_keepalive_ms,3.069782
latency,2,893,http1_python_nodelay_all_c16_keepalive_ms,4.456036
latency,2,894,http1_python_nodelay_all_c16_keepalive_ms,3.233045
latency,2,895,http1_python_nodelay_all_c16_keepalive_ms,2.594475
latency,2,896,http1_python_nodelay_all_c16_keepalive_ms,2.615634
latency,2,897,http1_python_nodelay_all_c16_keepalive_ms,3.246235
latency,2,898,http1_python_nodelay_all_c16_keepalive_ms,2.100446
latency,2,899,http1_python_nodelay_all_c16_keepalive_ms,2.688116
latency,2,900,http1_python_nodelay_all_c16_keepalive_ms,2.787437
latency,2,901,http1_python_nodelay_all_c16_keepalive_ms,1.465475
latency,2,902,http1_python_nodelay_all_c16_keepalive_ms,4.482696
latency,2,903,http1_python_nodelay_all_c16_keepalive_ms,2.578124
latency,2,904,http1_python_nodelay_all_c16_keepalive_ms,2.324660
latency,2,905,http1_python_nodelay_all_c16_keepalive_ms,2.731276
latency,2,906,http1_python_nodelay_all_c16_keepalive_ms,1.904333
latency,2,907,http1_python_nodelay_all_c16_keepalive_ms,2.318779
latency,2,908,http1_python_nodelay_all_c16_keepalive_ms,2.706777
latency,2,909,http1_python_nodelay_all_c16_keepalive_ms,1.525786
latency,2,910,http1_python_nodelay_all_c16_keepalive_ms,3.820424
latency,2,911,http1_python_nodelay_all_c16_keepalive_ms,2.735387
latency,2,912,http1_python_nodelay_all_c16_keepalive_ms,1.851241
latency,2,913,http1_python_nodelay_all_c16_keepalive_ms,2.728057
latency,2,914,http1_python_nodelay_all_c16_keepalive_ms,2.401011
latency,2,915,http1_python_nodelay_all_c16_keepalive_ms,2.369350
latency,2,916,http1_python_nodelay_all_c16_keepalive_ms,1.197090
latency,2,917,http1_python_nodelay_all_c16_keepalive_ms,1.740440
latency,2,918,http1_python_nodelay_all_c16_keepalive_ms,3.537930
latency,2,919,http1_python_nodelay_all_c16_keepalive_ms,0.589810
latency,2,920,http1_python_nodelay_all_c16_keepalive_ms,0.362556
latency,2,921,http1_python_nodelay_all_c16_keepalive_ms,1.574627
latency,2,922,http1_python_nodelay_all_c16_keepalive_ms,3.108283
latency,2,923,http1_python_nodelay_all_c16_keepalive_ms,2.946981
latency,2,924,http1_python_nodelay_all_c16_keepalive_ms,2.464451
latency,2,925,http1_python_nodelay_all_c16_keepalive_ms,2.518233
latency,2,926,http1_python_nodelay_all_c16_keepalive_ms,4.122710
latency,2,927,http1_python_nodelay_all_c16_keepalive_ms,2.701366
latency,2,928,http1_python_nodelay_all_c16_keepalive_ms,6.031853
latency,2,929,http1_python_nodelay_all_c16_keepalive_ms,3.481019
latency,2,930,http1_python_nodelay_all_c16_keepalive_ms,2.693096
latency,2,931,http1_python_nodelay_all_c16_keepalive_ms,3.843966
latency,2,932,http1_python_nodelay_all_c16_keepalive_ms,2.711366
latency,2,933,http1_python_nodelay_all_c16_keepalive_ms,2.600924
latency,2,934,http1_python_nodelay_all_c16_keepalive_ms,2.437751
latency,2,935,http1_python_nodelay_all_c16_keepalive_ms,4.195912
latency,2,936,http1_python_nodelay_all_c16_keepalive_ms,2.665505
latency,2,937,http1_python_nodelay_all_c16_keepalive_ms,2.323760
latency,2,938,http1_python_nodelay_all_c16_keepalive_ms,2.706726
latency,2,939,http1_python_nodelay_all_c16_keepalive_ms,2.426661
latency,2,940,http1_python_nodelay_all_c16_keepalive_ms,2.634385
latency,2,941,http1_python_nodelay_all_c16_keepalive_ms,2.735236
latency,2,942,http1_python_nodelay_all_c16_keepalive_ms,2.355581
latency,2,943,http1_python_nodelay_all_c16_keepalive_ms,2.498512
latency,2,944,http1_python_nodelay_all_c16_keepalive_ms,2.467542
latency,2,945,http1_python_nodelay_all_c16_keepalive_ms,3.333587
latency,2,946,http1_python_nodelay_all_c16_keepalive_ms,2.417281
latency,2,947,http1_python_nodelay_all_c16_keepalive_ms,2.702056
latency,2,948,http1_python_nodelay_all_c16_keepalive_ms,2.213028
latency,2,949,http1_python_nodelay_all_c16_keepalive_ms,2.339289
latency,2,950,http1_python_nodelay_all_c16_keepalive_ms,4.158251
latency,2,951,http1_python_nodelay_all_c16_keepalive_ms,3.045192
latency,2,952,http1_python_nodelay_all_c16_keepalive_ms,3.113433
latency,2,953,http1_python_nodelay_all_c16_keepalive_ms,2.602214
latency,2,954,http1_python_nodelay_all_c16_keepalive_ms,2.496583
latency,2,955,http1_python_nodelay_all_c16_keepalive_ms,2.600434
latency,2,956,http1_python_nodelay_all_c16_keepalive_ms,2.864499
latency,2,957,http1_python_nodelay_all_c16_keepalive_ms,2.570374
latency,2,958,http1_python_nodelay_all_c16_keepalive_ms,2.625744
latency,2,959,http1_python_nodelay_all_c16_keepalive_ms,5.002125
latency,2,640,http1_python_nodelay_all_c16_keepalive_ms,2.729117
latency,2,641,http1_python_nodelay_all_c16_keepalive_ms,3.066892
latency,2,642,http1_python_nodelay_all_c16_keepalive_ms,0.868175
latency,2,643,http1_python_nodelay_all_c16_keepalive_ms,2.273518
latency,2,644,http1_python_nodelay_all_c16_keepalive_ms,2.700426
latency,2,645,http1_python_nodelay_all_c16_keepalive_ms,4.848033
latency,2,646,http1_python_nodelay_all_c16_keepalive_ms,2.971750
latency,2,647,http1_python_nodelay_all_c16_keepalive_ms,1.476455
latency,2,648,http1_python_nodelay_all_c16_keepalive_ms,1.569297
latency,2,649,http1_python_nodelay_all_c16_keepalive_ms,2.011865
latency,2,650,http1_python_nodelay_all_c16_keepalive_ms,2.203747
latency,2,651,http1_python_nodelay_all_c16_keepalive_ms,2.705986
latency,2,652,http1_python_nodelay_all_c16_keepalive_ms,2.868559
latency,2,653,http1_python_nodelay_all_c16_keepalive_ms,2.676455
latency,2,654,http1_python_nodelay_all_c16_keepalive_ms,2.515473
latency,2,655,http1_python_nodelay_all_c16_keepalive_ms,2.228178
latency,2,656,http1_python_nodelay_all_c16_keepalive_ms,2.717727
latency,2,657,http1_python_nodelay_all_c16_keepalive_ms,3.051262
latency,2,658,http1_python_nodelay_all_c16_keepalive_ms,2.857148
latency,2,659,http1_python_nodelay_all_c16_keepalive_ms,4.150211
latency,2,660,http1_python_nodelay_all_c16_keepalive_ms,3.559650
latency,2,661,http1_python_nodelay_all_c16_keepalive_ms,2.908630
latency,2,662,http1_python_nodelay_all_c16_keepalive_ms,3.895646
latency,2,663,http1_python_nodelay_all_c16_keepalive_ms,1.993244
latency,2,664,http1_python_nodelay_all_c16_keepalive_ms,2.778537
latency,2,665,http1_python_nodelay_all_c16_keepalive_ms,2.508113
latency,2,666,http1_python_nodelay_all_c16_keepalive_ms,2.467512
latency,2,667,http1_python_nodelay_all_c16_keepalive_ms,2.678486
latency,2,668,http1_python_nodelay_all_c16_keepalive_ms,13.873526
latency,2,669,http1_python_nodelay_all_c16_keepalive_ms,5.425702
latency,2,670,http1_python_nodelay_all_c16_keepalive_ms,2.557404
latency,2,671,http1_python_nodelay_all_c16_keepalive_ms,2.484362
latency,2,672,http1_python_nodelay_all_c16_keepalive_ms,1.243541
latency,2,673,http1_python_nodelay_all_c16_keepalive_ms,1.817381
latency,2,674,http1_python_nodelay_all_c16_keepalive_ms,3.086122
latency,2,675,http1_python_nodelay_all_c16_keepalive_ms,3.376948
latency,2,676,http1_python_nodelay_all_c16_keepalive_ms,2.607344
latency,2,677,http1_python_nodelay_all_c16_keepalive_ms,2.834699
latency,2,678,http1_python_nodelay_all_c16_keepalive_ms,2.376850
latency,2,679,http1_python_nodelay_all_c16_keepalive_ms,2.409421
latency,2,680,http1_python_nodelay_all_c16_keepalive_ms,1.733789
latency,2,681,http1_python_nodelay_all_c16_keepalive_ms,0.925426
latency,2,682,http1_python_nodelay_all_c16_keepalive_ms,1.566737
latency,2,683,http1_python_nodelay_all_c16_keepalive_ms,2.862319
latency,2,684,http1_python_nodelay_all_c16_keepalive_ms,3.437918
latency,2,685,http1_python_nodelay_all_c16_keepalive_ms,2.736757
latency,2,686,http1_python_nodelay_all_c16_keepalive_ms,1.513215
latency,2,687,http1_python_nodelay_all_c16_keepalive_ms,1.779071
latency,2,688,http1_python_nodelay_all_c16_keepalive_ms,2.610204
latency,2,689,http1_python_nodelay_all_c16_keepalive_ms,2.021225
latency,2,690,http1_python_nodelay_all_c16_keepalive_ms,7.194862
latency,2,691,http1_python_nodelay_all_c16_keepalive_ms,2.621085
latency,2,692,http1_python_nodelay_all_c16_keepalive_ms,2.356430
latency,2,693,http1_python_nodelay_all_c16_keepalive_ms,1.724079
latency,2,694,http1_python_nodelay_all_c16_keepalive_ms,2.569424
latency,2,695,http1_python_nodelay_all_c16_keepalive_ms,2.373850
latency,2,696,http1_python_nodelay_all_c16_keepalive_ms,2.463592
latency,2,697,http1_python_nodelay_all_c16_keepalive_ms,2.582594
latency,2,698,http1_python_nodelay_all_c16_keepalive_ms,2.546603
latency,2,699,http1_python_nodelay_all_c16_keepalive_ms,2.908830
latency,2,700,http1_python_nodelay_all_c16_keepalive_ms,2.357320
latency,2,701,http1_python_nodelay_all_c16_keepalive_ms,2.500233
latency,2,702,http1_python_nodelay_all_c16_keepalive_ms,2.599144
latency,2,703,http1_python_nodelay_all_c16_keepalive_ms,3.269606
latency,2,704,http1_python_nodelay_all_c16_keepalive_ms,2.418491
latency,2,705,http1_python_nodelay_all_c16_keepalive_ms,1.855201
latency,2,706,http1_python_nodelay_all_c16_keepalive_ms,2.990781
latency,2,707,http1_python_nodelay_all_c16_keepalive_ms,2.505693
latency,2,708,http1_python_nodelay_all_c16_keepalive_ms,3.834865
latency,2,709,http1_python_nodelay_all_c16_keepalive_ms,3.069253
latency,2,710,http1_python_nodelay_all_c16_keepalive_ms,3.164763
latency,2,711,http1_python_nodelay_all_c16_keepalive_ms,2.683446
latency,2,712,http1_python_nodelay_all_c16_keepalive_ms,2.630455
latency,2,713,http1_python_nodelay_all_c16_keepalive_ms,5.134587
latency,2,714,http1_python_nodelay_all_c16_keepalive_ms,2.611265
latency,2,715,http1_python_nodelay_all_c16_keepalive_ms,4.538677
latency,2,716,http1_python_nodelay_all_c16_keepalive_ms,3.767544
latency,2,717,http1_python_nodelay_all_c16_keepalive_ms,2.919820
latency,2,718,http1_python_nodelay_all_c16_keepalive_ms,1.995514
latency,2,719,http1_python_nodelay_all_c16_keepalive_ms,1.996124
latency,2,720,http1_python_nodelay_all_c16_keepalive_ms,2.696525
latency,2,721,http1_python_nodelay_all_c16_keepalive_ms,3.089133
latency,2,722,http1_python_nodelay_all_c16_keepalive_ms,3.336587
latency,2,723,http1_python_nodelay_all_c16_keepalive_ms,2.367600
latency,2,724,http1_python_nodelay_all_c16_keepalive_ms,4.255683
latency,2,725,http1_python_nodelay_all_c16_keepalive_ms,8.190659
latency,2,726,http1_python_nodelay_all_c16_keepalive_ms,2.730306
latency,2,727,http1_python_nodelay_all_c16_keepalive_ms,2.747187
latency,2,728,http1_python_nodelay_all_c16_keepalive_ms,5.436492
latency,2,729,http1_python_nodelay_all_c16_keepalive_ms,2.739247
latency,2,730,http1_python_nodelay_all_c16_keepalive_ms,2.352070
latency,2,731,http1_python_nodelay_all_c16_keepalive_ms,0.883545
latency,2,732,http1_python_nodelay_all_c16_keepalive_ms,2.461062
latency,2,733,http1_python_nodelay_all_c16_keepalive_ms,2.130306
latency,2,734,http1_python_nodelay_all_c16_keepalive_ms,3.055873
latency,2,735,http1_python_nodelay_all_c16_keepalive_ms,2.656985
latency,2,736,http1_python_nodelay_all_c16_keepalive_ms,0.835424
latency,2,737,http1_python_nodelay_all_c16_keepalive_ms,2.122376
latency,2,738,http1_python_nodelay_all_c16_keepalive_ms,2.169157
latency,2,739,http1_python_nodelay_all_c16_keepalive_ms,2.471812
latency,2,740,http1_python_nodelay_all_c16_keepalive_ms,2.821378
latency,2,741,http1_python_nodelay_all_c16_keepalive_ms,1.714019
latency,2,742,http1_python_nodelay_all_c16_keepalive_ms,2.239678
latency,2,743,http1_python_nodelay_all_c16_keepalive_ms,2.056665
latency,2,744,http1_python_nodelay_all_c16_keepalive_ms,2.766857
latency,2,745,http1_python_nodelay_all_c16_keepalive_ms,2.261469
latency,2,746,http1_python_nodelay_all_c16_keepalive_ms,2.724876
latency,2,747,http1_python_nodelay_all_c16_keepalive_ms,1.950043
latency,2,748,http1_python_nodelay_all_c16_keepalive_ms,2.074716
latency,2,749,http1_python_nodelay_all_c16_keepalive_ms,2.927190
latency,2,750,http1_python_nodelay_all_c16_keepalive_ms,1.527816
latency,2,751,http1_python_nodelay_all_c16_keepalive_ms,1.633287
latency,2,752,http1_python_nodelay_all_c16_keepalive_ms,2.215148
latency,2,753,http1_python_nodelay_all_c16_keepalive_ms,2.547133
latency,2,754,http1_python_nodelay_all_c16_keepalive_ms,1.965184
latency,2,755,http1_python_nodelay_all_c16_keepalive_ms,2.115526
latency,2,756,http1_python_nodelay_all_c16_keepalive_ms,3.082042
latency,2,757,http1_python_nodelay_all_c16_keepalive_ms,2.301310
latency,2,758,http1_python_nodelay_all_c16_keepalive_ms,9.361649
latency,2,759,http1_python_nodelay_all_c16_keepalive_ms,2.749977
latency,2,760,http1_python_nodelay_all_c16_keepalive_ms,2.945870
latency,2,761,http1_python_nodelay_all_c16_keepalive_ms,2.494252
latency,2,762,http1_python_nodelay_all_c16_keepalive_ms,2.442582
latency,2,763,http1_python_nodelay_all_c16_keepalive_ms,6.632263
latency,2,764,http1_python_nodelay_all_c16_keepalive_ms,3.698923
latency,2,765,http1_python_nodelay_all_c16_keepalive_ms,2.501102
latency,2,766,http1_python_nodelay_all_c16_keepalive_ms,3.429918
latency,2,767,http1_python_nodelay_all_c16_keepalive_ms,2.708437
latency,2,768,http1_python_nodelay_all_c16_keepalive_ms,1.658258
latency,2,769,http1_python_nodelay_all_c16_keepalive_ms,2.291249
latency,2,770,http1_python_nodelay_all_c16_keepalive_ms,2.633505
latency,2,771,http1_python_nodelay_all_c16_keepalive_ms,2.408941
latency,2,772,http1_python_nodelay_all_c16_keepalive_ms,2.255008
latency,2,773,http1_python_nodelay_all_c16_keepalive_ms,4.559008
latency,2,774,http1_python_nodelay_all_c16_keepalive_ms,2.709536
latency,2,775,http1_python_nodelay_all_c16_keepalive_ms,2.391611
latency,2,776,http1_python_nodelay_all_c16_keepalive_ms,2.638125
latency,2,777,http1_python_nodelay_all_c16_keepalive_ms,5.283499
latency,2,778,http1_python_nodelay_all_c16_keepalive_ms,2.606295
latency,2,779,http1_python_nodelay_all_c16_keepalive_ms,2.598934
latency,2,780,http1_python_nodelay_all_c16_keepalive_ms,4.355114
latency,2,781,http1_python_nodelay_all_c16_keepalive_ms,2.300989
latency,2,782,http1_python_nodelay_all_c16_keepalive_ms,4.214062
latency,2,783,http1_python_nodelay_all_c16_keepalive_ms,4.290193
latency,2,784,http1_python_nodelay_all_c16_keepalive_ms,2.664285
latency,2,785,http1_python_nodelay_all_c16_keepalive_ms,3.968728
latency,2,786,http1_python_nodelay_all_c16_keepalive_ms,3.016561
latency,2,787,http1_python_nodelay_all_c16_keepalive_ms,2.926620
latency,2,788,http1_python_nodelay_all_c16_keepalive_ms,2.770687
latency,2,789,http1_python_nodelay_all_c16_keepalive_ms,2.821248
latency,2,790,http1_python_nodelay_all_c16_keepalive_ms,2.390301
latency,2,791,http1_python_nodelay_all_c16_keepalive_ms,2.842068
latency,2,792,http1_python_nodelay_all_c16_keepalive_ms,2.620365
latency,2,793,http1_python_nodelay_all_c16_keepalive_ms,2.623554
latency,2,794,http1_python_nodelay_all_c16_keepalive_ms,1.929353
latency,2,795,http1_python_nodelay_all_c16_keepalive_ms,3.456549
latency,2,796,http1_python_nodelay_all_c16_keepalive_ms,1.781260
latency,2,797,http1_python_nodelay_all_c16_keepalive_ms,3.372978
latency,2,798,http1_python_nodelay_all_c16_keepalive_ms,3.072312
latency,2,799,http1_python_nodelay_all_c16_keepalive_ms,2.237648
latency,2,240,http1_python_nodelay_all_c16_keepalive_ms,2.652345
latency,2,241,http1_python_nodelay_all_c16_keepalive_ms,2.965210
latency,2,242,http1_python_nodelay_all_c16_keepalive_ms,3.285816
latency,2,243,http1_python_nodelay_all_c16_keepalive_ms,2.607885
latency,2,244,http1_python_nodelay_all_c16_keepalive_ms,2.294319
latency,2,245,http1_python_nodelay_all_c16_keepalive_ms,1.939593
latency,2,246,http1_python_nodelay_all_c16_keepalive_ms,1.087718
latency,2,247,http1_python_nodelay_all_c16_keepalive_ms,2.681626
latency,2,248,http1_python_nodelay_all_c16_keepalive_ms,3.129853
latency,2,249,http1_python_nodelay_all_c16_keepalive_ms,1.816311
latency,2,250,http1_python_nodelay_all_c16_keepalive_ms,2.225518
latency,2,251,http1_python_nodelay_all_c16_keepalive_ms,2.683546
latency,2,252,http1_python_nodelay_all_c16_keepalive_ms,5.677486
latency,2,253,http1_python_nodelay_all_c16_keepalive_ms,2.404651
latency,2,254,http1_python_nodelay_all_c16_keepalive_ms,2.316610
latency,2,255,http1_python_nodelay_all_c16_keepalive_ms,2.717246
latency,2,256,http1_python_nodelay_all_c16_keepalive_ms,5.080416
latency,2,257,http1_python_nodelay_all_c16_keepalive_ms,3.121914
latency,2,258,http1_python_nodelay_all_c16_keepalive_ms,2.032734
latency,2,259,http1_python_nodelay_all_c16_keepalive_ms,3.385358
latency,2,260,http1_python_nodelay_all_c16_keepalive_ms,2.723226
latency,2,261,http1_python_nodelay_all_c16_keepalive_ms,2.879679
latency,2,262,http1_python_nodelay_all_c16_keepalive_ms,2.792798
latency,2,263,http1_python_nodelay_all_c16_keepalive_ms,3.064512
latency,2,264,http1_python_nodelay_all_c16_keepalive_ms,2.441691
latency,2,265,http1_python_nodelay_all_c16_keepalive_ms,2.529613
latency,2,266,http1_python_nodelay_all_c16_keepalive_ms,2.730537
latency,2,267,http1_python_nodelay_all_c16_keepalive_ms,1.948963
latency,2,268,http1_python_nodelay_all_c16_keepalive_ms,2.412751
latency,2,269,http1_python_nodelay_all_c16_keepalive_ms,2.410171
latency,2,270,http1_python_nodelay_all_c16_keepalive_ms,3.341587
latency,2,271,http1_python_nodelay_all_c16_keepalive_ms,2.189887
latency,2,272,http1_python_nodelay_all_c16_keepalive_ms,2.753407
latency,2,273,http1_python_nodelay_all_c16_keepalive_ms,4.202112
latency,2,274,http1_python_nodelay_all_c16_keepalive_ms,2.756997
latency,2,275,http1_python_nodelay_all_c16_keepalive_ms,2.067035
latency,2,276,http1_python_nodelay_all_c16_keepalive_ms,1.477045
latency,2,277,http1_python_nodelay_all_c16_keepalive_ms,1.934733
latency,2,278,http1_python_nodelay_all_c16_keepalive_ms,3.273755
latency,2,279,http1_python_nodelay_all_c16_keepalive_ms,1.022908
latency,2,280,http1_python_nodelay_all_c16_keepalive_ms,2.173327
latency,2,281,http1_python_nodelay_all_c16_keepalive_ms,2.611644
latency,2,282,http1_python_nodelay_all_c16_keepalive_ms,2.753427
latency,2,283,http1_python_nodelay_all_c16_keepalive_ms,4.548637
latency,2,284,http1_python_nodelay_all_c16_keepalive_ms,1.923553
latency,2,285,http1_python_nodelay_all_c16_keepalive_ms,2.653636
latency,2,286,http1_python_nodelay_all_c16_keepalive_ms,2.648235
latency,2,287,http1_python_nodelay_all_c16_keepalive_ms,3.668602
latency,2,288,http1_python_nodelay_all_c16_keepalive_ms,2.508873
latency,2,289,http1_python_nodelay_all_c16_keepalive_ms,3.500609
latency,2,290,http1_python_nodelay_all_c16_keepalive_ms,2.316210
latency,2,291,http1_python_nodelay_all_c16_keepalive_ms,9.102575
latency,2,292,http1_python_nodelay_all_c16_keepalive_ms,5.227209
latency,2,293,http1_python_nodelay_all_c16_keepalive_ms,1.635957
latency,2,294,http1_python_nodelay_all_c16_keepalive_ms,2.754347
latency,2,295,http1_python_nodelay_all_c16_keepalive_ms,2.459892
latency,2,296,http1_python_nodelay_all_c16_keepalive_ms,2.565524
latency,2,297,http1_python_nodelay_all_c16_keepalive_ms,2.412261
latency,2,298,http1_python_nodelay_all_c16_keepalive_ms,2.677325
latency,2,299,http1_python_nodelay_all_c16_keepalive_ms,2.921350
latency,2,300,http1_python_nodelay_all_c16_keepalive_ms,2.689326
latency,2,301,http1_python_nodelay_all_c16_keepalive_ms,2.056175
latency,2,302,http1_python_nodelay_all_c16_keepalive_ms,2.740817
latency,2,303,http1_python_nodelay_all_c16_keepalive_ms,9.672814
latency,2,304,http1_python_nodelay_all_c16_keepalive_ms,2.935220
latency,2,305,http1_python_nodelay_all_c16_keepalive_ms,4.250543
latency,2,306,http1_python_nodelay_all_c16_keepalive_ms,3.099613
latency,2,307,http1_python_nodelay_all_c16_keepalive_ms,3.011430
latency,2,308,http1_python_nodelay_all_c16_keepalive_ms,2.375571
latency,2,309,http1_python_nodelay_all_c16_keepalive_ms,2.398381
latency,2,310,http1_python_nodelay_all_c16_keepalive_ms,2.926770
latency,2,311,http1_python_nodelay_all_c16_keepalive_ms,2.932590
latency,2,312,http1_python_nodelay_all_c16_keepalive_ms,2.780747
latency,2,313,http1_python_nodelay_all_c16_keepalive_ms,2.886739
latency,2,314,http1_python_nodelay_all_c16_keepalive_ms,1.632768
latency,2,315,http1_python_nodelay_all_c16_keepalive_ms,3.436518
latency,2,316,http1_python_nodelay_all_c16_keepalive_ms,2.745947
latency,2,317,http1_python_nodelay_all_c16_keepalive_ms,2.323660
latency,2,318,http1_python_nodelay_all_c16_keepalive_ms,3.521760
latency,2,319,http1_python_nodelay_all_c16_keepalive_ms,1.804590
latency,2,960,http1_python_nodelay_all_c16_keepalive_ms,3.344537
latency,2,961,http1_python_nodelay_all_c16_keepalive_ms,2.303349
latency,2,962,http1_python_nodelay_all_c16_keepalive_ms,5.771869
latency,2,963,http1_python_nodelay_all_c16_keepalive_ms,4.255822
latency,2,964,http1_python_nodelay_all_c16_keepalive_ms,3.664142
latency,2,965,http1_python_nodelay_all_c16_keepalive_ms,1.702009
latency,2,966,http1_python_nodelay_all_c16_keepalive_ms,3.247916
latency,2,967,http1_python_nodelay_all_c16_keepalive_ms,2.168387
latency,2,968,http1_python_nodelay_all_c16_keepalive_ms,2.951630
latency,2,969,http1_python_nodelay_all_c16_keepalive_ms,2.945540
latency,2,970,http1_python_nodelay_all_c16_keepalive_ms,2.643835
latency,2,971,http1_python_nodelay_all_c16_keepalive_ms,2.472152
latency,2,972,http1_python_nodelay_all_c16_keepalive_ms,2.225128
latency,2,973,http1_python_nodelay_all_c16_keepalive_ms,2.785677
latency,2,974,http1_python_nodelay_all_c16_keepalive_ms,5.572375
latency,2,975,http1_python_nodelay_all_c16_keepalive_ms,2.897149
latency,2,976,http1_python_nodelay_all_c16_keepalive_ms,0.986377
latency,2,977,http1_python_nodelay_all_c16_keepalive_ms,2.033615
latency,2,978,http1_python_nodelay_all_c16_keepalive_ms,2.258948
latency,2,979,http1_python_nodelay_all_c16_keepalive_ms,2.641555
latency,2,980,http1_python_nodelay_all_c16_keepalive_ms,2.523863
latency,2,981,http1_python_nodelay_all_c16_keepalive_ms,3.357907
latency,2,982,http1_python_nodelay_all_c16_keepalive_ms,2.544304
latency,2,983,http1_python_nodelay_all_c16_keepalive_ms,2.935329
latency,2,984,http1_python_nodelay_all_c16_keepalive_ms,4.919444
latency,2,985,http1_python_nodelay_all_c16_keepalive_ms,4.112510
latency,2,986,http1_python_nodelay_all_c16_keepalive_ms,2.839799
latency,2,987,http1_python_nodelay_all_c16_keepalive_ms,4.772571
latency,2,988,http1_python_nodelay_all_c16_keepalive_ms,3.217095
latency,2,989,http1_python_nodelay_all_c16_keepalive_ms,1.940833
latency,2,990,http1_python_nodelay_all_c16_keepalive_ms,2.162277
latency,2,991,http1_python_nodelay_all_c16_keepalive_ms,3.082102
latency,2,992,http1_python_nodelay_all_c16_keepalive_ms,3.545630
latency,2,993,http1_python_nodelay_all_c16_keepalive_ms,1.818481
latency,2,994,http1_python_nodelay_all_c16_keepalive_ms,3.307716
latency,2,995,http1_python_nodelay_all_c16_keepalive_ms,3.302717
latency,2,996,http1_python_nodelay_all_c16_keepalive_ms,2.586244
latency,2,997,http1_python_nodelay_all_c16_keepalive_ms,4.602738
latency,2,998,http1_python_nodelay_all_c16_keepalive_ms,2.960660
latency,2,999,http1_python_nodelay_all_c16_keepalive_ms,1.753820
latency,2,1000,http1_python_nodelay_all_c16_keepalive_ms,0.856135
latency,2,1001,http1_python_nodelay_all_c16_keepalive_ms,1.785240
latency,2,1002,http1_python_nodelay_all_c16_keepalive_ms,2.719797
latency,2,1003,http1_python_nodelay_all_c16_keepalive_ms,3.342617
latency,2,1004,http1_python_nodelay_all_c16_keepalive_ms,2.803077
latency,2,1005,http1_python_nodelay_all_c16_keepalive_ms,1.513786
latency,2,1006,http1_python_nodelay_all_c16_keepalive_ms,1.612187
latency,2,1007,http1_python_nodelay_all_c16_keepalive_ms,2.626515
latency,2,1008,http1_python_nodelay_all_c16_keepalive_ms,4.197662
latency,2,1009,http1_python_nodelay_all_c16_keepalive_ms,2.512902
latency,2,1010,http1_python_nodelay_all_c16_keepalive_ms,2.770458
latency,2,1011,http1_python_nodelay_all_c16_keepalive_ms,3.932576
latency,2,1012,http1_python_nodelay_all_c16_keepalive_ms,5.112437
latency,2,1013,http1_python_nodelay_all_c16_keepalive_ms,1.114739
latency,2,1014,http1_python_nodelay_all_c16_keepalive_ms,1.395644
latency,2,1015,http1_python_nodelay_all_c16_keepalive_ms,2.721067
latency,2,1016,http1_python_nodelay_all_c16_keepalive_ms,4.801891
latency,2,1017,http1_python_nodelay_all_c16_keepalive_ms,3.050282
latency,2,1018,http1_python_nodelay_all_c16_keepalive_ms,2.552703
latency,2,1019,http1_python_nodelay_all_c16_keepalive_ms,2.392621
latency,2,1020,http1_python_nodelay_all_c16_keepalive_ms,2.587154
latency,2,1021,http1_python_nodelay_all_c16_keepalive_ms,1.768631
latency,2,1022,http1_python_nodelay_all_c16_keepalive_ms,3.526829
latency,2,1023,http1_python_nodelay_all_c16_keepalive_ms,3.139784
latency,2,1024,http1_python_nodelay_all_c16_keepalive_ms,4.219802
latency,2,1025,http1_python_nodelay_all_c16_keepalive_ms,4.155250
latency,2,1026,http1_python_nodelay_all_c16_keepalive_ms,3.067343
latency,2,1027,http1_python_nodelay_all_c16_keepalive_ms,2.958000
latency,2,1028,http1_python_nodelay_all_c16_keepalive_ms,2.647535
latency,2,1029,http1_python_nodelay_all_c16_keepalive_ms,2.911290
latency,2,1030,http1_python_nodelay_all_c16_keepalive_ms,4.118850
latency,2,1031,http1_python_nodelay_all_c16_keepalive_ms,3.687973
latency,2,1032,http1_python_nodelay_all_c16_keepalive_ms,2.692265
latency,2,1033,http1_python_nodelay_all_c16_keepalive_ms,1.940193
latency,2,1034,http1_python_nodelay_all_c16_keepalive_ms,3.807965
latency,2,1035,http1_python_nodelay_all_c16_keepalive_ms,2.536053
latency,2,1036,http1_python_nodelay_all_c16_keepalive_ms,2.050655
latency,2,1037,http1_python_nodelay_all_c16_keepalive_ms,2.044155
latency,2,1038,http1_python_nodelay_all_c16_keepalive_ms,1.242001
latency,2,1039,http1_python_nodelay_all_c16_keepalive_ms,2.794767
latency,2,1040,http1_python_nodelay_all_c16_keepalive_ms,5.020785
latency,2,1041,http1_python_nodelay_all_c16_keepalive_ms,3.837976
latency,2,1042,http1_python_nodelay_all_c16_keepalive_ms,2.475972
latency,2,1043,http1_python_nodelay_all_c16_keepalive_ms,6.012552
latency,2,1044,http1_python_nodelay_all_c16_keepalive_ms,2.123306
latency,2,1045,http1_python_nodelay_all_c16_keepalive_ms,7.237433
latency,2,1046,http1_python_nodelay_all_c16_keepalive_ms,2.573754
latency,2,1047,http1_python_nodelay_all_c16_keepalive_ms,5.502124
latency,2,1048,http1_python_nodelay_all_c16_keepalive_ms,2.760487
latency,2,1049,http1_python_nodelay_all_c16_keepalive_ms,2.219198
latency,2,1050,http1_python_nodelay_all_c16_keepalive_ms,2.467942
latency,2,1051,http1_python_nodelay_all_c16_keepalive_ms,3.406778
latency,2,1052,http1_python_nodelay_all_c16_keepalive_ms,2.542873
latency,2,1053,http1_python_nodelay_all_c16_keepalive_ms,2.570234
latency,2,1054,http1_python_nodelay_all_c16_keepalive_ms,3.292036
latency,2,1055,http1_python_nodelay_all_c16_keepalive_ms,2.168857
latency,2,1056,http1_python_nodelay_all_c16_keepalive_ms,2.504242
latency,2,1057,http1_python_nodelay_all_c16_keepalive_ms,2.719847
latency,2,1058,http1_python_nodelay_all_c16_keepalive_ms,4.150400
latency,2,1059,http1_python_nodelay_all_c16_keepalive_ms,1.936143
latency,2,1060,http1_python_nodelay_all_c16_keepalive_ms,2.464422
latency,2,1061,http1_python_nodelay_all_c16_keepalive_ms,2.557964
latency,2,1062,http1_python_nodelay_all_c16_keepalive_ms,2.725766
latency,2,1063,http1_python_nodelay_all_c16_keepalive_ms,4.106930
latency,2,1064,http1_python_nodelay_all_c16_keepalive_ms,8.785959
latency,2,1065,http1_python_nodelay_all_c16_keepalive_ms,1.912753
latency,2,1066,http1_python_nodelay_all_c16_keepalive_ms,1.942443
latency,2,1067,http1_python_nodelay_all_c16_keepalive_ms,2.727517
latency,2,1068,http1_python_nodelay_all_c16_keepalive_ms,2.401731
latency,2,1069,http1_python_nodelay_all_c16_keepalive_ms,2.324479
latency,2,1070,http1_python_nodelay_all_c16_keepalive_ms,3.152663
latency,2,1071,http1_python_nodelay_all_c16_keepalive_ms,3.247906
latency,2,1072,http1_python_nodelay_all_c16_keepalive_ms,3.363107
latency,2,1073,http1_python_nodelay_all_c16_keepalive_ms,2.344250
latency,2,1074,http1_python_nodelay_all_c16_keepalive_ms,2.896409
latency,2,1075,http1_python_nodelay_all_c16_keepalive_ms,2.753207
latency,2,1076,http1_python_nodelay_all_c16_keepalive_ms,3.797825
latency,2,1077,http1_python_nodelay_all_c16_keepalive_ms,2.703526
latency,2,1078,http1_python_nodelay_all_c16_keepalive_ms,2.527893
latency,2,1079,http1_python_nodelay_all_c16_keepalive_ms,6.655653
latency,2,1080,http1_python_nodelay_all_c16_keepalive_ms,1.178030
latency,2,1081,http1_python_nodelay_all_c16_keepalive_ms,1.779180
latency,2,1082,http1_python_nodelay_all_c16_keepalive_ms,2.713637
latency,2,1083,http1_python_nodelay_all_c16_keepalive_ms,1.962533
latency,2,1084,http1_python_nodelay_all_c16_keepalive_ms,2.648655
latency,2,1085,http1_python_nodelay_all_c16_keepalive_ms,2.037905
latency,2,1086,http1_python_nodelay_all_c16_keepalive_ms,2.599644
latency,2,1087,http1_python_nodelay_all_c16_keepalive_ms,2.686786
latency,2,1088,http1_python_nodelay_all_c16_keepalive_ms,1.459754
latency,2,1089,http1_python_nodelay_all_c16_keepalive_ms,2.307990
latency,2,1090,http1_python_nodelay_all_c16_keepalive_ms,2.680356
latency,2,1091,http1_python_nodelay_all_c16_keepalive_ms,2.487142
latency,2,1092,http1_python_nodelay_all_c16_keepalive_ms,2.565624
latency,2,1093,http1_python_nodelay_all_c16_keepalive_ms,2.316839
latency,2,1094,http1_python_nodelay_all_c16_keepalive_ms,2.719066
latency,2,1095,http1_python_nodelay_all_c16_keepalive_ms,2.858989
latency,2,1096,http1_python_nodelay_all_c16_keepalive_ms,2.011264
latency,2,1097,http1_python_nodelay_all_c16_keepalive_ms,5.218769
latency,2,1098,http1_python_nodelay_all_c16_keepalive_ms,2.162897
latency,2,1099,http1_python_nodelay_all_c16_keepalive_ms,5.212938
latency,2,1100,http1_python_nodelay_all_c16_keepalive_ms,1.375664
latency,2,1101,http1_python_nodelay_all_c16_keepalive_ms,1.765300
latency,2,1102,http1_python_nodelay_all_c16_keepalive_ms,4.143721
latency,2,1103,http1_python_nodelay_all_c16_keepalive_ms,2.488442
latency,2,1104,http1_python_nodelay_all_c16_keepalive_ms,2.944150
latency,2,1105,http1_python_nodelay_all_c16_keepalive_ms,3.320386
latency,2,1106,http1_python_nodelay_all_c16_keepalive_ms,2.418752
latency,2,1107,http1_python_nodelay_all_c16_keepalive_ms,2.282528
latency,2,1108,http1_python_nodelay_all_c16_keepalive_ms,1.595928
latency,2,1109,http1_python_nodelay_all_c16_keepalive_ms,1.513365
latency,2,1110,http1_python_nodelay_all_c16_keepalive_ms,2.662076
latency,2,1111,http1_python_nodelay_all_c16_keepalive_ms,2.754937
latency,2,1112,http1_python_nodelay_all_c16_keepalive_ms,2.744426
latency,2,1113,http1_python_nodelay_all_c16_keepalive_ms,5.493454
latency,2,1114,http1_python_nodelay_all_c16_keepalive_ms,1.485605
latency,2,1115,http1_python_nodelay_all_c16_keepalive_ms,4.704200
latency,2,1116,http1_python_nodelay_all_c16_keepalive_ms,4.208982
latency,2,1117,http1_python_nodelay_all_c16_keepalive_ms,1.793860
latency,2,1118,http1_python_nodelay_all_c16_keepalive_ms,2.683916
latency,2,1119,http1_python_nodelay_all_c16_keepalive_ms,1.178820
latency,2,400,http1_python_nodelay_all_c16_keepalive_ms,2.793357
latency,2,401,http1_python_nodelay_all_c16_keepalive_ms,1.015038
latency,2,402,http1_python_nodelay_all_c16_keepalive_ms,2.852158
latency,2,403,http1_python_nodelay_all_c16_keepalive_ms,0.601361
latency,2,404,http1_python_nodelay_all_c16_keepalive_ms,1.673798
latency,2,405,http1_python_nodelay_all_c16_keepalive_ms,2.678516
latency,2,406,http1_python_nodelay_all_c16_keepalive_ms,2.202037
latency,2,407,http1_python_nodelay_all_c16_keepalive_ms,1.827631
latency,2,408,http1_python_nodelay_all_c16_keepalive_ms,3.664722
latency,2,409,http1_python_nodelay_all_c16_keepalive_ms,3.366418
latency,2,410,http1_python_nodelay_all_c16_keepalive_ms,1.706369
latency,2,411,http1_python_nodelay_all_c16_keepalive_ms,2.335210
latency,2,412,http1_python_nodelay_all_c16_keepalive_ms,2.771867
latency,2,413,http1_python_nodelay_all_c16_keepalive_ms,4.962184
latency,2,414,http1_python_nodelay_all_c16_keepalive_ms,2.944880
latency,2,415,http1_python_nodelay_all_c16_keepalive_ms,2.531573
latency,2,416,http1_python_nodelay_all_c16_keepalive_ms,8.034497
latency,2,417,http1_python_nodelay_all_c16_keepalive_ms,2.819488
latency,2,418,http1_python_nodelay_all_c16_keepalive_ms,3.225475
latency,2,419,http1_python_nodelay_all_c16_keepalive_ms,1.991144
latency,2,420,http1_python_nodelay_all_c16_keepalive_ms,2.910800
latency,2,421,http1_python_nodelay_all_c16_keepalive_ms,2.765627
latency,2,422,http1_python_nodelay_all_c16_keepalive_ms,1.500885
latency,2,423,http1_python_nodelay_all_c16_keepalive_ms,1.668269
latency,2,424,http1_python_nodelay_all_c16_keepalive_ms,5.175478
latency,2,425,http1_python_nodelay_all_c16_keepalive_ms,2.556073
latency,2,426,http1_python_nodelay_all_c16_keepalive_ms,2.634615
latency,2,427,http1_python_nodelay_all_c16_keepalive_ms,1.879892
latency,2,428,http1_python_nodelay_all_c16_keepalive_ms,5.051176
latency,2,429,http1_python_nodelay_all_c16_keepalive_ms,1.660258
latency,2,430,http1_python_nodelay_all_c16_keepalive_ms,3.684813
latency,2,431,http1_python_nodelay_all_c16_keepalive_ms,2.690056
latency,2,432,http1_python_nodelay_all_c16_keepalive_ms,1.748540
latency,2,433,http1_python_nodelay_all_c16_keepalive_ms,2.330839
latency,2,434,http1_python_nodelay_all_c16_keepalive_ms,3.082363
latency,2,435,http1_python_nodelay_all_c16_keepalive_ms,6.281766
latency,2,436,http1_python_nodelay_all_c16_keepalive_ms,2.204138
latency,2,437,http1_python_nodelay_all_c16_keepalive_ms,3.580761
latency,2,438,http1_python_nodelay_all_c16_keepalive_ms,4.890163
latency,2,439,http1_python_nodelay_all_c16_keepalive_ms,2.943150
latency,2,440,http1_python_nodelay_all_c16_keepalive_ms,3.866966
latency,2,441,http1_python_nodelay_all_c16_keepalive_ms,2.538253
latency,2,442,http1_python_nodelay_all_c16_keepalive_ms,1.910003
latency,2,443,http1_python_nodelay_all_c16_keepalive_ms,2.685676
latency,2,444,http1_python_nodelay_all_c16_keepalive_ms,4.485676
latency,2,445,http1_python_nodelay_all_c16_keepalive_ms,7.326215
latency,2,446,http1_python_nodelay_all_c16_keepalive_ms,2.555173
latency,2,447,http1_python_nodelay_all_c16_keepalive_ms,7.588519
latency,2,448,http1_python_nodelay_all_c16_keepalive_ms,1.866382
latency,2,449,http1_python_nodelay_all_c16_keepalive_ms,4.874833
latency,2,450,http1_python_nodelay_all_c16_keepalive_ms,4.884633
latency,2,451,http1_python_nodelay_all_c16_keepalive_ms,2.514533
latency,2,452,http1_python_nodelay_all_c16_keepalive_ms,2.800697
latency,2,453,http1_python_nodelay_all_c16_keepalive_ms,2.927570
latency,2,454,http1_python_nodelay_all_c16_keepalive_ms,2.190578
latency,2,455,http1_python_nodelay_all_c16_keepalive_ms,2.755177
latency,2,456,http1_python_nodelay_all_c16_keepalive_ms,2.509032
latency,2,457,http1_python_nodelay_all_c16_keepalive_ms,1.800301
latency,2,458,http1_python_nodelay_all_c16_keepalive_ms,3.725973
latency,2,459,http1_python_nodelay_all_c16_keepalive_ms,1.900073
latency,2,460,http1_python_nodelay_all_c16_keepalive_ms,2.900829
latency,2,461,http1_python_nodelay_all_c16_keepalive_ms,2.475812
latency,2,462,http1_python_nodelay_all_c16_keepalive_ms,1.888872
latency,2,463,http1_python_nodelay_all_c16_keepalive_ms,2.020725
latency,2,464,http1_python_nodelay_all_c16_keepalive_ms,2.983321
latency,2,465,http1_python_nodelay_all_c16_keepalive_ms,3.297156
latency,2,466,http1_python_nodelay_all_c16_keepalive_ms,2.407121
latency,2,467,http1_python_nodelay_all_c16_keepalive_ms,3.094542
latency,2,468,http1_python_nodelay_all_c16_keepalive_ms,0.927266
latency,2,469,http1_python_nodelay_all_c16_keepalive_ms,3.971598
latency,2,470,http1_python_nodelay_all_c16_keepalive_ms,3.046512
latency,2,471,http1_python_nodelay_all_c16_keepalive_ms,3.351166
latency,2,472,http1_python_nodelay_all_c16_keepalive_ms,3.784255
latency,2,473,http1_python_nodelay_all_c16_keepalive_ms,3.740554
latency,2,474,http1_python_nodelay_all_c16_keepalive_ms,2.037214
latency,2,475,http1_python_nodelay_all_c16_keepalive_ms,3.138124
latency,2,476,http1_python_nodelay_all_c16_keepalive_ms,2.421481
latency,2,477,http1_python_nodelay_all_c16_keepalive_ms,1.773720
latency,2,478,http1_python_nodelay_all_c16_keepalive_ms,3.410748
latency,2,479,http1_python_nodelay_all_c16_keepalive_ms,1.696419
latency,2,800,http1_python_nodelay_all_c16_keepalive_ms,3.683202
latency,2,801,http1_python_nodelay_all_c16_keepalive_ms,1.998094
latency,2,802,http1_python_nodelay_all_c16_keepalive_ms,3.293867
latency,2,803,http1_python_nodelay_all_c16_keepalive_ms,2.548423
latency,2,804,http1_python_nodelay_all_c16_keepalive_ms,2.289589
latency,2,805,http1_python_nodelay_all_c16_keepalive_ms,1.741140
latency,2,806,http1_python_nodelay_all_c16_keepalive_ms,2.023644
latency,2,807,http1_python_nodelay_all_c16_keepalive_ms,1.925553
latency,2,808,http1_python_nodelay_all_c16_keepalive_ms,1.548086
latency,2,809,http1_python_nodelay_all_c16_keepalive_ms,3.327677
latency,2,810,http1_python_nodelay_all_c16_keepalive_ms,2.225638
latency,2,811,http1_python_nodelay_all_c16_keepalive_ms,2.661825
latency,2,812,http1_python_nodelay_all_c16_keepalive_ms,1.593867
latency,2,813,http1_python_nodelay_all_c16_keepalive_ms,3.689053
latency,2,814,http1_python_nodelay_all_c16_keepalive_ms,3.167074
latency,2,815,http1_python_nodelay_all_c16_keepalive_ms,4.599528
latency,2,816,http1_python_nodelay_all_c16_keepalive_ms,2.942630
latency,2,817,http1_python_nodelay_all_c16_keepalive_ms,5.120787
latency,2,818,http1_python_nodelay_all_c16_keepalive_ms,5.595635
latency,2,819,http1_python_nodelay_all_c16_keepalive_ms,2.932900
latency,2,820,http1_python_nodelay_all_c16_keepalive_ms,2.429952
latency,2,821,http1_python_nodelay_all_c16_keepalive_ms,3.359957
latency,2,822,http1_python_nodelay_all_c16_keepalive_ms,2.876309
latency,2,823,http1_python_nodelay_all_c16_keepalive_ms,2.508642
latency,2,824,http1_python_nodelay_all_c16_keepalive_ms,2.536724
latency,2,825,http1_python_nodelay_all_c16_keepalive_ms,2.452712
latency,2,826,http1_python_nodelay_all_c16_keepalive_ms,2.062275
latency,2,827,http1_python_nodelay_all_c16_keepalive_ms,2.389500
latency,2,828,http1_python_nodelay_all_c16_keepalive_ms,2.522923
latency,2,829,http1_python_nodelay_all_c16_keepalive_ms,3.228525
latency,2,830,http1_python_nodelay_all_c16_keepalive_ms,2.260459
latency,2,831,http1_python_nodelay_all_c16_keepalive_ms,2.638725
latency,2,832,http1_python_nodelay_all_c16_keepalive_ms,4.136970
latency,2,833,http1_python_nodelay_all_c16_keepalive_ms,2.773777
latency,2,834,http1_python_nodelay_all_c16_keepalive_ms,2.230228
latency,2,835,http1_python_nodelay_all_c16_keepalive_ms,3.361817
latency,2,836,http1_python_nodelay_all_c16_keepalive_ms,5.791699
latency,2,837,http1_python_nodelay_all_c16_keepalive_ms,3.164734
latency,2,838,http1_python_nodelay_all_c16_keepalive_ms,2.825048
latency,2,839,http1_python_nodelay_all_c16_keepalive_ms,2.753677
latency,2,840,http1_python_nodelay_all_c16_keepalive_ms,2.326999
latency,2,841,http1_python_nodelay_all_c16_keepalive_ms,4.078460
latency,2,842,http1_python_nodelay_all_c16_keepalive_ms,2.715686
latency,2,843,http1_python_nodelay_all_c16_keepalive_ms,1.810831
latency,2,844,http1_python_nodelay_all_c16_keepalive_ms,1.659718
latency,2,845,http1_python_nodelay_all_c16_keepalive_ms,2.849809
latency,2,846,http1_python_nodelay_all_c16_keepalive_ms,5.210548
latency,2,847,http1_python_nodelay_all_c16_keepalive_ms,2.303949
latency,2,848,http1_python_nodelay_all_c16_keepalive_ms,2.367621
latency,2,849,http1_python_nodelay_all_c16_keepalive_ms,2.450302
latency,2,850,http1_python_nodelay_all_c16_keepalive_ms,2.922489
latency,2,851,http1_python_nodelay_all_c16_keepalive_ms,4.149741
latency,2,852,http1_python_nodelay_all_c16_keepalive_ms,2.392830
latency,2,853,http1_python_nodelay_all_c16_keepalive_ms,2.368351
latency,2,854,http1_python_nodelay_all_c16_keepalive_ms,5.062896
latency,2,855,http1_python_nodelay_all_c16_keepalive_ms,5.013275
latency,2,856,http1_python_nodelay_all_c16_keepalive_ms,3.265376
latency,2,857,http1_python_nodelay_all_c16_keepalive_ms,4.519067
latency,2,858,http1_python_nodelay_all_c16_keepalive_ms,2.705686
latency,2,859,http1_python_nodelay_all_c16_keepalive_ms,1.810811
latency,2,860,http1_python_nodelay_all_c16_keepalive_ms,3.576420
latency,2,861,http1_python_nodelay_all_c16_keepalive_ms,5.068777
latency,2,862,http1_python_nodelay_all_c16_keepalive_ms,2.458252
latency,2,863,http1_python_nodelay_all_c16_keepalive_ms,1.783330
latency,2,864,http1_python_nodelay_all_c16_keepalive_ms,2.075915
latency,2,865,http1_python_nodelay_all_c16_keepalive_ms,3.139354
latency,2,866,http1_python_nodelay_all_c16_keepalive_ms,2.758357
latency,2,867,http1_python_nodelay_all_c16_keepalive_ms,3.042641
latency,2,868,http1_python_nodelay_all_c16_keepalive_ms,2.887630
latency,2,869,http1_python_nodelay_all_c16_keepalive_ms,5.002405
latency,2,870,http1_python_nodelay_all_c16_keepalive_ms,2.897469
latency,2,871,http1_python_nodelay_all_c16_keepalive_ms,2.678586
latency,2,872,http1_python_nodelay_all_c16_keepalive_ms,4.715880
latency,2,873,http1_python_nodelay_all_c16_keepalive_ms,2.213158
latency,2,874,http1_python_nodelay_all_c16_keepalive_ms,3.282946
latency,2,875,http1_python_nodelay_all_c16_keepalive_ms,2.041784
latency,2,876,http1_python_nodelay_all_c16_keepalive_ms,3.378838
latency,2,877,http1_python_nodelay_all_c16_keepalive_ms,3.705873
latency,2,878,http1_python_nodelay_all_c16_keepalive_ms,1.384533
latency,2,879,http1_python_nodelay_all_c16_keepalive_ms,2.101506
latency,2,1120,http1_python_nodelay_all_c16_keepalive_ms,2.559253
latency,2,1121,http1_python_nodelay_all_c16_keepalive_ms,4.112490
latency,2,1122,http1_python_nodelay_all_c16_keepalive_ms,0.512039
latency,2,1123,http1_python_nodelay_all_c16_keepalive_ms,1.760750
latency,2,1124,http1_python_nodelay_all_c16_keepalive_ms,2.657115
latency,2,1125,http1_python_nodelay_all_c16_keepalive_ms,2.247578
latency,2,1126,http1_python_nodelay_all_c16_keepalive_ms,1.672879
latency,2,1127,http1_python_nodelay_all_c16_keepalive_ms,3.728553
latency,2,1128,http1_python_nodelay_all_c16_keepalive_ms,3.368727
latency,2,1129,http1_python_nodelay_all_c16_keepalive_ms,1.816931
latency,2,1130,http1_python_nodelay_all_c16_keepalive_ms,2.224068
latency,2,1131,http1_python_nodelay_all_c16_keepalive_ms,2.495783
latency,2,1132,http1_python_nodelay_all_c16_keepalive_ms,1.694519
latency,2,1133,http1_python_nodelay_all_c16_keepalive_ms,1.507135
latency,2,1134,http1_python_nodelay_all_c16_keepalive_ms,2.574564
latency,2,1135,http1_python_nodelay_all_c16_keepalive_ms,2.609214
latency,2,1136,http1_python_nodelay_all_c16_keepalive_ms,2.499603
latency,2,1137,http1_python_nodelay_all_c16_keepalive_ms,2.264919
latency,2,1138,http1_python_nodelay_all_c16_keepalive_ms,5.470703
latency,2,1139,http1_python_nodelay_all_c16_keepalive_ms,3.097683
latency,2,1140,http1_python_nodelay_all_c16_keepalive_ms,5.135757
latency,2,1141,http1_python_nodelay_all_c16_keepalive_ms,3.148823
latency,2,1142,http1_python_nodelay_all_c16_keepalive_ms,3.746954
latency,2,1143,http1_python_nodelay_all_c16_keepalive_ms,1.949154
latency,2,1144,http1_python_nodelay_all_c16_keepalive_ms,2.780317
latency,2,1145,http1_python_nodelay_all_c16_keepalive_ms,2.599274
latency,2,1146,http1_python_nodelay_all_c16_keepalive_ms,4.873023
latency,2,1147,http1_python_nodelay_all_c16_keepalive_ms,4.226832
latency,2,1148,http1_python_nodelay_all_c16_keepalive_ms,2.883149
latency,2,1149,http1_python_nodelay_all_c16_keepalive_ms,1.527006
latency,2,1150,http1_python_nodelay_all_c16_keepalive_ms,3.753244
latency,2,1151,http1_python_nodelay_all_c16_keepalive_ms,2.756767
latency,2,1152,http1_python_nodelay_all_c16_keepalive_ms,3.681082
latency,2,1153,http1_python_nodelay_all_c16_keepalive_ms,3.391088
latency,2,1154,http1_python_nodelay_all_c16_keepalive_ms,6.341728
latency,2,1155,http1_python_nodelay_all_c16_keepalive_ms,2.190197
latency,2,1156,http1_python_nodelay_all_c16_keepalive_ms,8.523196
latency,2,1157,http1_python_nodelay_all_c16_keepalive_ms,2.776477
latency,2,1158,http1_python_nodelay_all_c16_keepalive_ms,2.270498
latency,2,1159,http1_python_nodelay_all_c16_keepalive_ms,6.449200
latency,2,1160,http1_python_nodelay_all_c16_keepalive_ms,2.370140
latency,2,1161,http1_python_nodelay_all_c16_keepalive_ms,1.720870
latency,2,1162,http1_python_nodelay_all_c16_keepalive_ms,2.216738
latency,2,1163,http1_python_nodelay_all_c16_keepalive_ms,6.004781
latency,2,1164,http1_python_nodelay_all_c16_keepalive_ms,2.330700
latency,2,1165,http1_python_nodelay_all_c16_keepalive_ms,4.261803
latency,2,1166,http1_python_nodelay_all_c16_keepalive_ms,3.048912
latency,2,1167,http1_python_nodelay_all_c16_keepalive_ms,2.553653
latency,2,1168,http1_python_nodelay_all_c16_keepalive_ms,1.773730
latency,2,1169,http1_python_nodelay_all_c16_keepalive_ms,4.562768
latency,2,1170,http1_python_nodelay_all_c16_keepalive_ms,5.151068
latency,2,1171,http1_python_nodelay_all_c16_keepalive_ms,2.581064
latency,2,1172,http1_python_nodelay_all_c16_keepalive_ms,2.432161
latency,2,1173,http1_python_nodelay_all_c16_keepalive_ms,3.235265
latency,2,1174,http1_python_nodelay_all_c16_keepalive_ms,2.506473
latency,2,1175,http1_python_nodelay_all_c16_keepalive_ms,1.918172
latency,2,1176,http1_python_nodelay_all_c16_keepalive_ms,2.829339
latency,2,1177,http1_python_nodelay_all_c16_keepalive_ms,3.259865
latency,2,1178,http1_python_nodelay_all_c16_keepalive_ms,2.220828
latency,2,1179,http1_python_nodelay_all_c16_keepalive_ms,1.928842
latency,2,1180,http1_python_nodelay_all_c16_keepalive_ms,1.236572
latency,2,1181,http1_python_nodelay_all_c16_keepalive_ms,4.062809
latency,2,1182,http1_python_nodelay_all_c16_keepalive_ms,2.137836
latency,2,1183,http1_python_nodelay_all_c16_keepalive_ms,2.534613
latency,2,1184,http1_python_nodelay_all_c16_keepalive_ms,2.604895
latency,2,1185,http1_python_nodelay_all_c16_keepalive_ms,2.888209
latency,2,1186,http1_python_nodelay_all_c16_keepalive_ms,2.816218
latency,2,1187,http1_python_nodelay_all_c16_keepalive_ms,2.888779
latency,2,1188,http1_python_nodelay_all_c16_keepalive_ms,2.390941
latency,2,1189,http1_python_nodelay_all_c16_keepalive_ms,2.473852
latency,2,1190,http1_python_nodelay_all_c16_keepalive_ms,3.034132
latency,2,1191,http1_python_nodelay_all_c16_keepalive_ms,2.954929
latency,2,1192,http1_python_nodelay_all_c16_keepalive_ms,2.511493
latency,2,1193,http1_python_nodelay_all_c16_keepalive_ms,2.835739
latency,2,1194,http1_python_nodelay_all_c16_keepalive_ms,1.243821
latency,2,1195,http1_python_nodelay_all_c16_keepalive_ms,3.548730
latency,2,1196,http1_python_nodelay_all_c16_keepalive_ms,3.520880
latency,2,1197,http1_python_nodelay_all_c16_keepalive_ms,1.801911
latency,2,1198,http1_python_nodelay_all_c16_keepalive_ms,1.923122
latency,2,1199,http1_python_nodelay_all_c16_keepalive_ms,8.146339
latency,2,1200,http1_python_nodelay_all_c16_keepalive_ms,2.942370
latency,2,1201,http1_python_nodelay_all_c16_keepalive_ms,2.684896
latency,2,1202,http1_python_nodelay_all_c16_keepalive_ms,3.528550
latency,2,1203,http1_python_nodelay_all_c16_keepalive_ms,2.365250
latency,2,1204,http1_python_nodelay_all_c16_keepalive_ms,4.029589
latency,2,1205,http1_python_nodelay_all_c16_keepalive_ms,1.214071
latency,2,1206,http1_python_nodelay_all_c16_keepalive_ms,2.678715
latency,2,1207,http1_python_nodelay_all_c16_keepalive_ms,1.723419
latency,2,1208,http1_python_nodelay_all_c16_keepalive_ms,1.486026
latency,2,1209,http1_python_nodelay_all_c16_keepalive_ms,1.884252
latency,2,1210,http1_python_nodelay_all_c16_keepalive_ms,2.042745
latency,2,1211,http1_python_nodelay_all_c16_keepalive_ms,2.756787
latency,2,1212,http1_python_nodelay_all_c16_keepalive_ms,1.638138
latency,2,1213,http1_python_nodelay_all_c16_keepalive_ms,1.527546
latency,2,1214,http1_python_nodelay_all_c16_keepalive_ms,2.450771
latency,2,1215,http1_python_nodelay_all_c16_keepalive_ms,2.619065
latency,2,1216,http1_python_nodelay_all_c16_keepalive_ms,3.196184
latency,2,1217,http1_python_nodelay_all_c16_keepalive_ms,1.683589
latency,2,1218,http1_python_nodelay_all_c16_keepalive_ms,3.030971
latency,2,1219,http1_python_nodelay_all_c16_keepalive_ms,2.819718
latency,2,1220,http1_python_nodelay_all_c16_keepalive_ms,10.252935
latency,2,1221,http1_python_nodelay_all_c16_keepalive_ms,2.447162
latency,2,1222,http1_python_nodelay_all_c16_keepalive_ms,3.764194
latency,2,1223,http1_python_nodelay_all_c16_keepalive_ms,5.341640
latency,2,1224,http1_python_nodelay_all_c16_keepalive_ms,2.580714
latency,2,1225,http1_python_nodelay_all_c16_keepalive_ms,2.346840
latency,2,1226,http1_python_nodelay_all_c16_keepalive_ms,2.168987
latency,2,1227,http1_python_nodelay_all_c16_keepalive_ms,2.386921
latency,2,1228,http1_python_nodelay_all_c16_keepalive_ms,2.435141
latency,2,1229,http1_python_nodelay_all_c16_keepalive_ms,5.479913
latency,2,1230,http1_python_nodelay_all_c16_keepalive_ms,2.873989
latency,2,1231,http1_python_nodelay_all_c16_keepalive_ms,1.644418
latency,2,1232,http1_python_nodelay_all_c16_keepalive_ms,2.206358
latency,2,1233,http1_python_nodelay_all_c16_keepalive_ms,2.884879
latency,2,1234,http1_python_nodelay_all_c16_keepalive_ms,2.729207
latency,2,1235,http1_python_nodelay_all_c16_keepalive_ms,2.810867
latency,2,1236,http1_python_nodelay_all_c16_keepalive_ms,3.109443
latency,2,1237,http1_python_nodelay_all_c16_keepalive_ms,3.661033
latency,2,1238,http1_python_nodelay_all_c16_keepalive_ms,2.820278
latency,2,1239,http1_python_nodelay_all_c16_keepalive_ms,4.279673
latency,2,1240,http1_python_nodelay_all_c16_keepalive_ms,3.035241
latency,2,1241,http1_python_nodelay_all_c16_keepalive_ms,1.632168
latency,2,1242,http1_python_nodelay_all_c16_keepalive_ms,5.005685
latency,2,1243,http1_python_nodelay_all_c16_keepalive_ms,2.105706
latency,2,1244,http1_python_nodelay_all_c16_keepalive_ms,4.207072
latency,2,1245,http1_python_nodelay_all_c16_keepalive_ms,3.434288
latency,2,1246,http1_python_nodelay_all_c16_keepalive_ms,2.629115
latency,2,1247,http1_python_nodelay_all_c16_keepalive_ms,3.853085
latency,2,1248,http1_python_nodelay_all_c16_keepalive_ms,2.732507
latency,2,1249,http1_python_nodelay_all_c16_keepalive_ms,2.433011
latency,2,1250,http1_python_nodelay_all_c16_keepalive_ms,2.916140
latency,2,1251,http1_python_nodelay_all_c16_keepalive_ms,1.751900
latency,2,1252,http1_python_nodelay_all_c16_keepalive_ms,4.695270
latency,2,1253,http1_python_nodelay_all_c16_keepalive_ms,5.063246
latency,2,1254,http1_python_nodelay_all_c16_keepalive_ms,2.333870
latency,2,1255,http1_python_nodelay_all_c16_keepalive_ms,5.963971
latency,2,1256,http1_python_nodelay_all_c16_keepalive_ms,4.480906
latency,2,1257,http1_python_nodelay_all_c16_keepalive_ms,2.792458
latency,2,1258,http1_python_nodelay_all_c16_keepalive_ms,1.748540
latency,2,1259,http1_python_nodelay_all_c16_keepalive_ms,3.791924
latency,2,1260,http1_python_nodelay_all_c16_keepalive_ms,1.810291
latency,2,1261,http1_python_nodelay_all_c16_keepalive_ms,5.243589
latency,2,1262,http1_python_nodelay_all_c16_keepalive_ms,2.091476
latency,2,1263,http1_python_nodelay_all_c16_keepalive_ms,4.912714
latency,2,1264,http1_python_nodelay_all_c16_keepalive_ms,3.388087
latency,2,1265,http1_python_nodelay_all_c16_keepalive_ms,4.608598
latency,2,1266,http1_python_nodelay_all_c16_keepalive_ms,1.745430
latency,2,1267,http1_python_nodelay_all_c16_keepalive_ms,1.424815
latency,2,1268,http1_python_nodelay_all_c16_keepalive_ms,2.909649
latency,2,1269,http1_python_nodelay_all_c16_keepalive_ms,2.781028
latency,2,1270,http1_python_nodelay_all_c16_keepalive_ms,2.393230
latency,2,1271,http1_python_nodelay_all_c16_keepalive_ms,2.033575
latency,2,1272,http1_python_nodelay_all_c16_keepalive_ms,3.861685
latency,2,1273,http1_python_nodelay_all_c16_keepalive_ms,2.413652
latency,2,1274,http1_python_nodelay_all_c16_keepalive_ms,2.321409
latency,2,1275,http1_python_nodelay_all_c16_keepalive_ms,8.900371
latency,2,1276,http1_python_nodelay_all_c16_keepalive_ms,1.591087
latency,2,1277,http1_python_nodelay_all_c16_keepalive_ms,0.853195
latency,2,1278,http1_python_nodelay_all_c16_keepalive_ms,0.997297
latency,2,1279,http1_python_nodelay_all_c16_keepalive_ms,3.238335
latency,2,80,http1_python_nodelay_all_c16_keepalive_ms,2.719776
latency,2,81,http1_python_nodelay_all_c16_keepalive_ms,2.980301
latency,2,82,http1_python_nodelay_all_c16_keepalive_ms,3.159884
latency,2,83,http1_python_nodelay_all_c16_keepalive_ms,2.654675
latency,2,84,http1_python_nodelay_all_c16_keepalive_ms,4.007378
latency,2,85,http1_python_nodelay_all_c16_keepalive_ms,2.073676
latency,2,86,http1_python_nodelay_all_c16_keepalive_ms,3.012371
latency,2,87,http1_python_nodelay_all_c16_keepalive_ms,2.106226
latency,2,88,http1_python_nodelay_all_c16_keepalive_ms,3.865926
latency,2,89,http1_python_nodelay_all_c16_keepalive_ms,2.580733
latency,2,90,http1_python_nodelay_all_c16_keepalive_ms,1.640208
latency,2,91,http1_python_nodelay_all_c16_keepalive_ms,1.671819
latency,2,92,http1_python_nodelay_all_c16_keepalive_ms,2.402600
latency,2,93,http1_python_nodelay_all_c16_keepalive_ms,2.491213
latency,2,94,http1_python_nodelay_all_c16_keepalive_ms,2.575824
latency,2,95,http1_python_nodelay_all_c16_keepalive_ms,5.400072
latency,2,96,http1_python_nodelay_all_c16_keepalive_ms,3.111343
latency,2,97,http1_python_nodelay_all_c16_keepalive_ms,2.167317
latency,2,98,http1_python_nodelay_all_c16_keepalive_ms,1.276341
latency,2,99,http1_python_nodelay_all_c16_keepalive_ms,2.054885
latency,2,100,http1_python_nodelay_all_c16_keepalive_ms,2.239018
latency,2,101,http1_python_nodelay_all_c16_keepalive_ms,2.734047
latency,2,102,http1_python_nodelay_all_c16_keepalive_ms,2.786028
latency,2,103,http1_python_nodelay_all_c16_keepalive_ms,1.533096
latency,2,104,http1_python_nodelay_all_c16_keepalive_ms,1.538666
latency,2,105,http1_python_nodelay_all_c16_keepalive_ms,2.171447
latency,2,106,http1_python_nodelay_all_c16_keepalive_ms,3.146183
latency,2,107,http1_python_nodelay_all_c16_keepalive_ms,2.581064
latency,2,108,http1_python_nodelay_all_c16_keepalive_ms,2.407641
latency,2,109,http1_python_nodelay_all_c16_keepalive_ms,4.228132
latency,2,110,http1_python_nodelay_all_c16_keepalive_ms,2.680526
latency,2,111,http1_python_nodelay_all_c16_keepalive_ms,3.407868
latency,2,112,http1_python_nodelay_all_c16_keepalive_ms,6.160595
latency,2,113,http1_python_nodelay_all_c16_keepalive_ms,10.267284
latency,2,114,http1_python_nodelay_all_c16_keepalive_ms,4.158011
latency,2,115,http1_python_nodelay_all_c16_keepalive_ms,3.313967
latency,2,116,http1_python_nodelay_all_c16_keepalive_ms,2.841108
latency,2,117,http1_python_nodelay_all_c16_keepalive_ms,2.577814
latency,2,118,http1_python_nodelay_all_c16_keepalive_ms,2.358860
latency,2,119,http1_python_nodelay_all_c16_keepalive_ms,2.402231
latency,2,120,http1_python_nodelay_all_c16_keepalive_ms,6.798806
latency,2,121,http1_python_nodelay_all_c16_keepalive_ms,1.924312
latency,2,122,http1_python_nodelay_all_c16_keepalive_ms,3.377708
latency,2,123,http1_python_nodelay_all_c16_keepalive_ms,6.695484
latency,2,124,http1_python_nodelay_all_c16_keepalive_ms,2.127976
latency,2,125,http1_python_nodelay_all_c16_keepalive_ms,2.022004
latency,2,126,http1_python_nodelay_all_c16_keepalive_ms,2.503573
latency,2,127,http1_python_nodelay_all_c16_keepalive_ms,2.991421
latency,2,128,http1_python_nodelay_all_c16_keepalive_ms,2.894639
latency,2,129,http1_python_nodelay_all_c16_keepalive_ms,1.336833
latency,2,130,http1_python_nodelay_all_c16_keepalive_ms,2.384310
latency,2,131,http1_python_nodelay_all_c16_keepalive_ms,2.592345
latency,2,132,http1_python_nodelay_all_c16_keepalive_ms,7.028009
latency,2,133,http1_python_nodelay_all_c16_keepalive_ms,2.871939
latency,2,134,http1_python_nodelay_all_c16_keepalive_ms,2.654085
latency,2,135,http1_python_nodelay_all_c16_keepalive_ms,7.249454
latency,2,136,http1_python_nodelay_all_c16_keepalive_ms,2.273528
latency,2,137,http1_python_nodelay_all_c16_keepalive_ms,3.913577
latency,2,138,http1_python_nodelay_all_c16_keepalive_ms,1.663948
latency,2,139,http1_python_nodelay_all_c16_keepalive_ms,1.282012
latency,2,140,http1_python_nodelay_all_c16_keepalive_ms,1.879172
latency,2,141,http1_python_nodelay_all_c16_keepalive_ms,2.437362
latency,2,142,http1_python_nodelay_all_c16_keepalive_ms,1.907302
latency,2,143,http1_python_nodelay_all_c16_keepalive_ms,2.012174
latency,2,144,http1_python_nodelay_all_c16_keepalive_ms,3.208545
latency,2,145,http1_python_nodelay_all_c16_keepalive_ms,2.938540
latency,2,146,http1_python_nodelay_all_c16_keepalive_ms,4.705840
latency,2,147,http1_python_nodelay_all_c16_keepalive_ms,3.189974
latency,2,148,http1_python_nodelay_all_c16_keepalive_ms,2.774038
latency,2,149,http1_python_nodelay_all_c16_keepalive_ms,2.619084
latency,2,150,http1_python_nodelay_all_c16_keepalive_ms,2.692466
latency,2,151,http1_python_nodelay_all_c16_keepalive_ms,2.011504
latency,2,152,http1_python_nodelay_all_c16_keepalive_ms,2.828668
latency,2,153,http1_python_nodelay_all_c16_keepalive_ms,2.207408
latency,2,154,http1_python_nodelay_all_c16_keepalive_ms,3.357147
latency,2,155,http1_python_nodelay_all_c16_keepalive_ms,1.951603
latency,2,156,http1_python_nodelay_all_c16_keepalive_ms,8.270281
latency,2,157,http1_python_nodelay_all_c16_keepalive_ms,2.343640
latency,2,158,http1_python_nodelay_all_c16_keepalive_ms,2.153547
latency,2,159,http1_python_nodelay_all_c16_keepalive_ms,1.157989
latency,2,480,http1_python_nodelay_all_c16_keepalive_ms,2.702345
latency,2,481,http1_python_nodelay_all_c16_keepalive_ms,3.089873
latency,2,482,http1_python_nodelay_all_c16_keepalive_ms,3.228235
latency,2,483,http1_python_nodelay_all_c16_keepalive_ms,2.591674
latency,2,484,http1_python_nodelay_all_c16_keepalive_ms,3.987368
latency,2,485,http1_python_nodelay_all_c16_keepalive_ms,3.795335
latency,2,486,http1_python_nodelay_all_c16_keepalive_ms,1.702149
latency,2,487,http1_python_nodelay_all_c16_keepalive_ms,1.474745
latency,2,488,http1_python_nodelay_all_c16_keepalive_ms,1.961003
latency,2,489,http1_python_nodelay_all_c16_keepalive_ms,2.096406
latency,2,490,http1_python_nodelay_all_c16_keepalive_ms,2.857289
latency,2,491,http1_python_nodelay_all_c16_keepalive_ms,3.055782
latency,2,492,http1_python_nodelay_all_c16_keepalive_ms,2.533382
latency,2,493,http1_python_nodelay_all_c16_keepalive_ms,2.361661
latency,2,494,http1_python_nodelay_all_c16_keepalive_ms,2.422021
latency,2,495,http1_python_nodelay_all_c16_keepalive_ms,3.386198
latency,2,496,http1_python_nodelay_all_c16_keepalive_ms,2.182097
latency,2,497,http1_python_nodelay_all_c16_keepalive_ms,2.378860
latency,2,498,http1_python_nodelay_all_c16_keepalive_ms,3.064793
latency,2,499,http1_python_nodelay_all_c16_keepalive_ms,3.176973
latency,2,500,http1_python_nodelay_all_c16_keepalive_ms,4.692020
latency,2,501,http1_python_nodelay_all_c16_keepalive_ms,2.847569
latency,2,502,http1_python_nodelay_all_c16_keepalive_ms,4.018248
latency,2,503,http1_python_nodelay_all_c16_keepalive_ms,1.771950
latency,2,504,http1_python_nodelay_all_c16_keepalive_ms,7.080971
latency,2,505,http1_python_nodelay_all_c16_keepalive_ms,1.531086
latency,2,506,http1_python_nodelay_all_c16_keepalive_ms,1.278772
latency,2,507,http1_python_nodelay_all_c16_keepalive_ms,2.344360
latency,2,508,http1_python_nodelay_all_c16_keepalive_ms,2.479492
latency,2,509,http1_python_nodelay_all_c16_keepalive_ms,1.750600
latency,2,510,http1_python_nodelay_all_c16_keepalive_ms,1.476045
latency,2,511,http1_python_nodelay_all_c16_keepalive_ms,2.350430
latency,2,512,http1_python_nodelay_all_c16_keepalive_ms,2.617024
latency,2,513,http1_python_nodelay_all_c16_keepalive_ms,4.308364
latency,2,514,http1_python_nodelay_all_c16_keepalive_ms,2.672985
latency,2,515,http1_python_nodelay_all_c16_keepalive_ms,2.528603
latency,2,516,http1_python_nodelay_all_c16_keepalive_ms,2.810618
latency,2,517,http1_python_nodelay_all_c16_keepalive_ms,3.101803
latency,2,518,http1_python_nodelay_all_c16_keepalive_ms,3.669802
latency,2,519,http1_python_nodelay_all_c16_keepalive_ms,2.438712
latency,2,520,http1_python_nodelay_all_c16_keepalive_ms,2.957420
latency,2,521,http1_python_nodelay_all_c16_keepalive_ms,2.459772
latency,2,522,http1_python_nodelay_all_c16_keepalive_ms,8.874091
latency,2,523,http1_python_nodelay_all_c16_keepalive_ms,1.703959
latency,2,524,http1_python_nodelay_all_c16_keepalive_ms,4.720831
latency,2,525,http1_python_nodelay_all_c16_keepalive_ms,3.479608
latency,2,526,http1_python_nodelay_all_c16_keepalive_ms,2.723677
latency,2,527,http1_python_nodelay_all_c16_keepalive_ms,2.974651
latency,2,528,http1_python_nodelay_all_c16_keepalive_ms,3.368077
latency,2,529,http1_python_nodelay_all_c16_keepalive_ms,2.918430
latency,2,530,http1_python_nodelay_all_c16_keepalive_ms,2.463771
latency,2,531,http1_python_nodelay_all_c16_keepalive_ms,1.640668
latency,2,532,http1_python_nodelay_all_c16_keepalive_ms,2.349590
latency,2,533,http1_python_nodelay_all_c16_keepalive_ms,2.457852
latency,2,534,http1_python_nodelay_all_c16_keepalive_ms,5.062687
latency,2,535,http1_python_nodelay_all_c16_keepalive_ms,5.014695
latency,2,536,http1_python_nodelay_all_c16_keepalive_ms,3.215204
latency,2,537,http1_python_nodelay_all_c16_keepalive_ms,4.697210
latency,2,538,http1_python_nodelay_all_c16_keepalive_ms,2.465682
latency,2,539,http1_python_nodelay_all_c16_keepalive_ms,3.346458
latency,2,540,http1_python_nodelay_all_c16_keepalive_ms,2.220087
latency,2,541,http1_python_nodelay_all_c16_keepalive_ms,4.909934
latency,2,542,http1_python_nodelay_all_c16_keepalive_ms,2.473982
latency,2,543,http1_python_nodelay_all_c16_keepalive_ms,1.859332
latency,2,544,http1_python_nodelay_all_c16_keepalive_ms,4.149770
latency,2,545,http1_python_nodelay_all_c16_keepalive_ms,3.179944
latency,2,546,http1_python_nodelay_all_c16_keepalive_ms,3.502660
latency,2,547,http1_python_nodelay_all_c16_keepalive_ms,2.788337
latency,2,548,http1_python_nodelay_all_c16_keepalive_ms,5.182219
latency,2,549,http1_python_nodelay_all_c16_keepalive_ms,2.953750
latency,2,550,http1_python_nodelay_all_c16_keepalive_ms,2.381270
latency,2,551,http1_python_nodelay_all_c16_keepalive_ms,3.039232
latency,2,552,http1_python_nodelay_all_c16_keepalive_ms,2.542023
latency,2,553,http1_python_nodelay_all_c16_keepalive_ms,5.062307
latency,2,554,http1_python_nodelay_all_c16_keepalive_ms,1.953993
latency,2,555,http1_python_nodelay_all_c16_keepalive_ms,3.565720
latency,2,556,http1_python_nodelay_all_c16_keepalive_ms,1.794671
latency,2,557,http1_python_nodelay_all_c16_keepalive_ms,3.060932
latency,2,558,http1_python_nodelay_all_c16_keepalive_ms,4.213612
latency,2,559,http1_python_nodelay_all_c16_keepalive_ms,1.306272
latency,2,0,http1_python_nodelay_all_c16_keepalive_ms,2.847338
latency,2,1,http1_python_nodelay_all_c16_keepalive_ms,8.408383
latency,2,2,http1_python_nodelay_all_c16_keepalive_ms,7.502828
latency,2,3,http1_python_nodelay_all_c16_keepalive_ms,2.247398
latency,2,4,http1_python_nodelay_all_c16_keepalive_ms,3.371767
latency,2,5,http1_python_nodelay_all_c16_keepalive_ms,3.941517
latency,2,6,http1_python_nodelay_all_c16_keepalive_ms,2.249559
latency,2,7,http1_python_nodelay_all_c16_keepalive_ms,1.818061
latency,2,8,http1_python_nodelay_all_c16_keepalive_ms,2.378100
latency,2,9,http1_python_nodelay_all_c16_keepalive_ms,2.670675
latency,2,10,http1_python_nodelay_all_c16_keepalive_ms,2.420562
latency,2,11,http1_python_nodelay_all_c16_keepalive_ms,2.545873
latency,2,12,http1_python_nodelay_all_c16_keepalive_ms,3.040782
latency,2,13,http1_python_nodelay_all_c16_keepalive_ms,2.914190
latency,2,14,http1_python_nodelay_all_c16_keepalive_ms,4.382884
latency,2,15,http1_python_nodelay_all_c16_keepalive_ms,3.383408
latency,2,16,http1_python_nodelay_all_c16_keepalive_ms,2.689975
latency,2,17,http1_python_nodelay_all_c16_keepalive_ms,2.785408
latency,2,18,http1_python_nodelay_all_c16_keepalive_ms,8.298531
latency,2,19,http1_python_nodelay_all_c16_keepalive_ms,8.705258
latency,2,20,http1_python_nodelay_all_c16_keepalive_ms,3.328877
latency,2,21,http1_python_nodelay_all_c16_keepalive_ms,3.476299
latency,2,22,http1_python_nodelay_all_c16_keepalive_ms,2.260988
latency,2,23,http1_python_nodelay_all_c16_keepalive_ms,2.365511
latency,2,24,http1_python_nodelay_all_c16_keepalive_ms,1.942193
latency,2,25,http1_python_nodelay_all_c16_keepalive_ms,2.295809
latency,2,26,http1_python_nodelay_all_c16_keepalive_ms,2.880369
latency,2,27,http1_python_nodelay_all_c16_keepalive_ms,2.388371
latency,2,28,http1_python_nodelay_all_c16_keepalive_ms,1.293371
latency,2,29,http1_python_nodelay_all_c16_keepalive_ms,1.773791
latency,2,30,http1_python_nodelay_all_c16_keepalive_ms,3.412138
latency,2,31,http1_python_nodelay_all_c16_keepalive_ms,3.196964
latency,2,32,http1_python_nodelay_all_c16_keepalive_ms,2.934520
latency,2,33,http1_python_nodelay_all_c16_keepalive_ms,4.415916
latency,2,34,http1_python_nodelay_all_c16_keepalive_ms,2.845578
latency,2,35,http1_python_nodelay_all_c16_keepalive_ms,1.592177
latency,2,36,http1_python_nodelay_all_c16_keepalive_ms,2.655575
latency,2,37,http1_python_nodelay_all_c16_keepalive_ms,2.745957
latency,2,38,http1_python_nodelay_all_c16_keepalive_ms,6.131234
latency,2,39,http1_python_nodelay_all_c16_keepalive_ms,3.285236
latency,2,40,http1_python_nodelay_all_c16_keepalive_ms,2.657385
latency,2,41,http1_python_nodelay_all_c16_keepalive_ms,3.978198
latency,2,42,http1_python_nodelay_all_c16_keepalive_ms,2.701496
latency,2,43,http1_python_nodelay_all_c16_keepalive_ms,2.611115
latency,2,44,http1_python_nodelay_all_c16_keepalive_ms,2.516572
latency,2,45,http1_python_nodelay_all_c16_keepalive_ms,4.051019
latency,2,46,http1_python_nodelay_all_c16_keepalive_ms,2.634225
latency,2,47,http1_python_nodelay_all_c16_keepalive_ms,2.584924
latency,2,48,http1_python_nodelay_all_c16_keepalive_ms,2.414981
latency,2,49,http1_python_nodelay_all_c16_keepalive_ms,2.416892
latency,2,50,http1_python_nodelay_all_c16_keepalive_ms,2.745826
latency,2,51,http1_python_nodelay_all_c16_keepalive_ms,2.923140
latency,2,52,http1_python_nodelay_all_c16_keepalive_ms,2.481502
latency,2,53,http1_python_nodelay_all_c16_keepalive_ms,2.394151
latency,2,54,http1_python_nodelay_all_c16_keepalive_ms,2.656175
latency,2,55,http1_python_nodelay_all_c16_keepalive_ms,1.541386
latency,2,56,http1_python_nodelay_all_c16_keepalive_ms,3.950997
latency,2,57,http1_python_nodelay_all_c16_keepalive_ms,1.764320
latency,2,58,http1_python_nodelay_all_c16_keepalive_ms,1.157360
latency,2,59,http1_python_nodelay_all_c16_keepalive_ms,4.217862
latency,2,60,http1_python_nodelay_all_c16_keepalive_ms,4.025319
latency,2,61,http1_python_nodelay_all_c16_keepalive_ms,3.225105
latency,2,62,http1_python_nodelay_all_c16_keepalive_ms,2.934129
latency,2,63,http1_python_nodelay_all_c16_keepalive_ms,2.530043
latency,2,64,http1_python_nodelay_all_c16_keepalive_ms,2.397221
latency,2,65,http1_python_nodelay_all_c16_keepalive_ms,2.880099
latency,2,66,http1_python_nodelay_all_c16_keepalive_ms,2.868189
latency,2,67,http1_python_nodelay_all_c16_keepalive_ms,2.709676
latency,2,68,http1_python_nodelay_all_c16_keepalive_ms,2.554573
latency,2,69,http1_python_nodelay_all_c16_keepalive_ms,5.455923
latency,2,70,http1_python_nodelay_all_c16_keepalive_ms,2.898070
latency,2,71,http1_python_nodelay_all_c16_keepalive_ms,2.320409
latency,2,72,http1_python_nodelay_all_c16_keepalive_ms,1.690259
latency,2,73,http1_python_nodelay_all_c16_keepalive_ms,3.815555
latency,2,74,http1_python_nodelay_all_c16_keepalive_ms,1.791760
latency,2,75,http1_python_nodelay_all_c16_keepalive_ms,3.125434
latency,2,76,http1_python_nodelay_all_c16_keepalive_ms,1.919802
latency,2,77,http1_python_nodelay_all_c16_keepalive_ms,2.205518
latency,2,78,http1_python_nodelay_all_c16_keepalive_ms,1.158210
latency,2,79,http1_python_nodelay_all_c16_keepalive_ms,0.961926
latency,2,320,http1_python_nodelay_all_c16_keepalive_ms,2.790917
latency,2,321,http1_python_nodelay_all_c16_keepalive_ms,2.942710
latency,2,322,http1_python_nodelay_all_c16_keepalive_ms,1.445995
latency,2,323,http1_python_nodelay_all_c16_keepalive_ms,1.803611
latency,2,324,http1_python_nodelay_all_c16_keepalive_ms,2.504793
latency,2,325,http1_python_nodelay_all_c16_keepalive_ms,2.356040
latency,2,326,http1_python_nodelay_all_c16_keepalive_ms,2.893409
latency,2,327,http1_python_nodelay_all_c16_keepalive_ms,2.282269
latency,2,328,http1_python_nodelay_all_c16_keepalive_ms,2.062735
latency,2,329,http1_python_nodelay_all_c16_keepalive_ms,7.564129
latency,2,330,http1_python_nodelay_all_c16_keepalive_ms,7.862323
latency,2,331,http1_python_nodelay_all_c16_keepalive_ms,3.824275
latency,2,332,http1_python_nodelay_all_c16_keepalive_ms,1.826382
latency,2,333,http1_python_nodelay_all_c16_keepalive_ms,3.449228
latency,2,334,http1_python_nodelay_all_c16_keepalive_ms,2.487923
latency,2,335,http1_python_nodelay_all_c16_keepalive_ms,2.495522
latency,2,336,http1_python_nodelay_all_c16_keepalive_ms,2.137896
latency,2,337,http1_python_nodelay_all_c16_keepalive_ms,2.640965
latency,2,338,http1_python_nodelay_all_c16_keepalive_ms,3.311927
latency,2,339,http1_python_nodelay_all_c16_keepalive_ms,2.792537
latency,2,340,http1_python_nodelay_all_c16_keepalive_ms,1.549227
latency,2,341,http1_python_nodelay_all_c16_keepalive_ms,4.693529
latency,2,342,http1_python_nodelay_all_c16_keepalive_ms,2.306500
latency,2,343,http1_python_nodelay_all_c16_keepalive_ms,2.394141
latency,2,344,http1_python_nodelay_all_c16_keepalive_ms,2.708226
latency,2,345,http1_python_nodelay_all_c16_keepalive_ms,1.926553
latency,2,346,http1_python_nodelay_all_c16_keepalive_ms,1.976863
latency,2,347,http1_python_nodelay_all_c16_keepalive_ms,3.093943
latency,2,348,http1_python_nodelay_all_c16_keepalive_ms,1.549816
latency,2,349,http1_python_nodelay_all_c16_keepalive_ms,1.517296
latency,2,350,http1_python_nodelay_all_c16_keepalive_ms,2.150776
latency,2,351,http1_python_nodelay_all_c16_keepalive_ms,2.682046
latency,2,352,http1_python_nodelay_all_c16_keepalive_ms,1.941073
latency,2,353,http1_python_nodelay_all_c16_keepalive_ms,2.251409
latency,2,354,http1_python_nodelay_all_c16_keepalive_ms,2.829968
latency,2,355,http1_python_nodelay_all_c16_keepalive_ms,6.352188
latency,2,356,http1_python_nodelay_all_c16_keepalive_ms,2.398141
latency,2,357,http1_python_nodelay_all_c16_keepalive_ms,3.623841
latency,2,358,http1_python_nodelay_all_c16_keepalive_ms,2.268689
latency,2,359,http1_python_nodelay_all_c16_keepalive_ms,2.879229
latency,2,360,http1_python_nodelay_all_c16_keepalive_ms,2.698836
latency,2,361,http1_python_nodelay_all_c16_keepalive_ms,2.351450
latency,2,362,http1_python_nodelay_all_c16_keepalive_ms,2.417621
latency,2,363,http1_python_nodelay_all_c16_keepalive_ms,4.170281
latency,2,364,http1_python_nodelay_all_c16_keepalive_ms,3.629872
latency,2,365,http1_python_nodelay_all_c16_keepalive_ms,2.736047
latency,2,366,http1_python_nodelay_all_c16_keepalive_ms,3.382007
latency,2,367,http1_python_nodelay_all_c16_keepalive_ms,2.391541
latency,2,368,http1_python_nodelay_all_c16_keepalive_ms,4.151010
latency,2,369,http1_python_nodelay_all_c16_keepalive_ms,2.524583
latency,2,370,http1_python_nodelay_all_c16_keepalive_ms,5.087217
latency,2,371,http1_python_nodelay_all_c16_keepalive_ms,4.351384
latency,2,372,http1_python_nodelay_all_c16_keepalive_ms,2.456712
latency,2,373,http1_python_nodelay_all_c16_keepalive_ms,4.511967
latency,2,374,http1_python_nodelay_all_c16_keepalive_ms,2.877549
latency,2,375,http1_python_nodelay_all_c16_keepalive_ms,2.696045
latency,2,376,http1_python_nodelay_all_c16_keepalive_ms,3.069403
latency,2,377,http1_python_nodelay_all_c16_keepalive_ms,2.551443
latency,2,378,http1_python_nodelay_all_c16_keepalive_ms,1.699939
latency,2,379,http1_python_nodelay_all_c16_keepalive_ms,2.937870
latency,2,380,http1_python_nodelay_all_c16_keepalive_ms,3.301846
latency,2,381,http1_python_nodelay_all_c16_keepalive_ms,2.221498
latency,2,382,http1_python_nodelay_all_c16_keepalive_ms,5.020595
latency,2,383,http1_python_nodelay_all_c16_keepalive_ms,2.505103
latency,2,384,http1_python_nodelay_all_c16_keepalive_ms,3.718123
latency,2,385,http1_python_nodelay_all_c16_keepalive_ms,5.474373
latency,2,386,http1_python_nodelay_all_c16_keepalive_ms,3.447189
latency,2,387,http1_python_nodelay_all_c16_keepalive_ms,2.811678
latency,2,388,http1_python_nodelay_all_c16_keepalive_ms,5.157628
latency,2,389,http1_python_nodelay_all_c16_keepalive_ms,4.573688
latency,2,390,http1_python_nodelay_all_c16_keepalive_ms,3.754584
latency,2,391,http1_python_nodelay_all_c16_keepalive_ms,2.958860
latency,2,392,http1_python_nodelay_all_c16_keepalive_ms,7.631260
latency,2,393,http1_python_nodelay_all_c16_keepalive_ms,2.602584
latency,2,394,http1_python_nodelay_all_c16_keepalive_ms,1.801011
latency,2,395,http1_python_nodelay_all_c16_keepalive_ms,3.193384
latency,2,396,http1_python_nodelay_all_c16_keepalive_ms,3.703753
latency,2,397,http1_python_nodelay_all_c16_keepalive_ms,1.581387
latency,2,398,http1_python_nodelay_all_c16_keepalive_ms,0.888925
latency,2,399,http1_python_nodelay_all_c16_keepalive_ms,2.183928
latency,2,160,http1_python_nodelay_all_c16_keepalive_ms,2.730856
latency,2,161,http1_python_nodelay_all_c16_keepalive_ms,3.156014
latency,2,162,http1_python_nodelay_all_c16_keepalive_ms,3.205204
latency,2,163,http1_python_nodelay_all_c16_keepalive_ms,2.288939
latency,2,164,http1_python_nodelay_all_c16_keepalive_ms,5.420023
latency,2,165,http1_python_nodelay_all_c16_keepalive_ms,5.447952
latency,2,166,http1_python_nodelay_all_c16_keepalive_ms,4.341304
latency,2,167,http1_python_nodelay_all_c16_keepalive_ms,2.838218
latency,2,168,http1_python_nodelay_all_c16_keepalive_ms,2.544024
latency,2,169,http1_python_nodelay_all_c16_keepalive_ms,3.133003
latency,2,170,http1_python_nodelay_all_c16_keepalive_ms,2.876889
latency,2,171,http1_python_nodelay_all_c16_keepalive_ms,3.901726
latency,2,172,http1_python_nodelay_all_c16_keepalive_ms,3.168834
latency,2,173,http1_python_nodelay_all_c16_keepalive_ms,3.307357
latency,2,174,http1_python_nodelay_all_c16_keepalive_ms,2.783337
latency,2,175,http1_python_nodelay_all_c16_keepalive_ms,1.697069
latency,2,176,http1_python_nodelay_all_c16_keepalive_ms,3.302496
latency,2,177,http1_python_nodelay_all_c16_keepalive_ms,2.677456
latency,2,178,http1_python_nodelay_all_c16_keepalive_ms,2.638085
latency,2,179,http1_python_nodelay_all_c16_keepalive_ms,5.903530
latency,2,180,http1_python_nodelay_all_c16_keepalive_ms,2.865319
latency,2,181,http1_python_nodelay_all_c16_keepalive_ms,2.510312
latency,2,182,http1_python_nodelay_all_c16_keepalive_ms,2.361621
latency,2,183,http1_python_nodelay_all_c16_keepalive_ms,4.318573
latency,2,184,http1_python_nodelay_all_c16_keepalive_ms,2.815218
latency,2,185,http1_python_nodelay_all_c16_keepalive_ms,1.505566
latency,2,186,http1_python_nodelay_all_c16_keepalive_ms,1.563066
latency,2,187,http1_python_nodelay_all_c16_keepalive_ms,2.397931
latency,2,188,http1_python_nodelay_all_c16_keepalive_ms,8.378193
latency,2,189,http1_python_nodelay_all_c16_keepalive_ms,1.408824
latency,2,190,http1_python_nodelay_all_c16_keepalive_ms,2.292889
latency,2,191,http1_python_nodelay_all_c16_keepalive_ms,3.925856
latency,2,192,http1_python_nodelay_all_c16_keepalive_ms,2.076316
latency,2,193,http1_python_nodelay_all_c16_keepalive_ms,3.580471
latency,2,194,http1_python_nodelay_all_c16_keepalive_ms,2.322469
latency,2,195,http1_python_nodelay_all_c16_keepalive_ms,2.902860
latency,2,196,http1_python_nodelay_all_c16_keepalive_ms,2.745986
latency,2,197,http1_python_nodelay_all_c16_keepalive_ms,4.768182
latency,2,198,http1_python_nodelay_all_c16_keepalive_ms,1.519366
latency,2,199,http1_python_nodelay_all_c16_keepalive_ms,4.227982
latency,2,200,http1_python_nodelay_all_c16_keepalive_ms,2.227028
latency,2,201,http1_python_nodelay_all_c16_keepalive_ms,2.560743
latency,2,202,http1_python_nodelay_all_c16_keepalive_ms,1.514406
latency,2,203,http1_python_nodelay_all_c16_keepalive_ms,4.252622
latency,2,204,http1_python_nodelay_all_c16_keepalive_ms,4.273633
latency,2,205,http1_python_nodelay_all_c16_keepalive_ms,5.097277
latency,2,206,http1_python_nodelay_all_c16_keepalive_ms,2.190377
latency,2,207,http1_python_nodelay_all_c16_keepalive_ms,4.472526
latency,2,208,http1_python_nodelay_all_c16_keepalive_ms,3.174014
latency,2,209,http1_python_nodelay_all_c16_keepalive_ms,1.977304
latency,2,210,http1_python_nodelay_all_c16_keepalive_ms,2.489872
latency,2,211,http1_python_nodelay_all_c16_keepalive_ms,2.388981
latency,2,212,http1_python_nodelay_all_c16_keepalive_ms,2.646815
latency,2,213,http1_python_nodelay_all_c16_keepalive_ms,2.906289
latency,2,214,http1_python_nodelay_all_c16_keepalive_ms,2.644085
latency,2,215,http1_python_nodelay_all_c16_keepalive_ms,4.654010
latency,2,216,http1_python_nodelay_all_c16_keepalive_ms,3.259015
latency,2,217,http1_python_nodelay_all_c16_keepalive_ms,2.382570
latency,2,218,http1_python_nodelay_all_c16_keepalive_ms,7.159172
latency,2,219,http1_python_nodelay_all_c16_keepalive_ms,2.185738
latency,2,220,http1_python_nodelay_all_c16_keepalive_ms,5.090726
latency,2,221,http1_python_nodelay_all_c16_keepalive_ms,2.707476
latency,2,222,http1_python_nodelay_all_c16_keepalive_ms,3.001101
latency,2,223,http1_python_nodelay_all_c16_keepalive_ms,2.840109
latency,2,224,http1_python_nodelay_all_c16_keepalive_ms,2.483552
latency,2,225,http1_python_nodelay_all_c16_keepalive_ms,2.662975
latency,2,226,http1_python_nodelay_all_c16_keepalive_ms,2.800338
latency,2,227,http1_python_nodelay_all_c16_keepalive_ms,3.313346
latency,2,228,http1_python_nodelay_all_c16_keepalive_ms,1.298382
latency,2,229,http1_python_nodelay_all_c16_keepalive_ms,4.693190
latency,2,230,http1_python_nodelay_all_c16_keepalive_ms,3.723014
latency,2,231,http1_python_nodelay_all_c16_keepalive_ms,1.781640
latency,2,232,http1_python_nodelay_all_c16_keepalive_ms,3.847435
latency,2,233,http1_python_nodelay_all_c16_keepalive_ms,1.801411
latency,2,234,http1_python_nodelay_all_c16_keepalive_ms,3.094673
latency,2,235,http1_python_nodelay_all_c16_keepalive_ms,4.083879
latency,2,236,http1_python_nodelay_all_c16_keepalive_ms,1.386904
latency,2,237,http1_python_nodelay_all_c16_keepalive_ms,0.805314
latency,2,238,http1_python_nodelay_all_c16_keepalive_ms,2.134446
latency,2,239,http1_python_nodelay_all_c16_keepalive_ms,0.291995
latency,2,560,http1_python_nodelay_all_c16_keepalive_ms,2.777717
latency,2,561,http1_python_nodelay_all_c16_keepalive_ms,3.066272
latency,2,562,http1_python_nodelay_all_c16_keepalive_ms,5.984272
latency,2,563,http1_python_nodelay_all_c16_keepalive_ms,0.795494
latency,2,564,http1_python_nodelay_all_c16_keepalive_ms,0.221754
latency,2,565,http1_python_nodelay_all_c16_keepalive_ms,0.999137
latency,2,566,http1_python_nodelay_all_c16_keepalive_ms,1.784210
latency,2,567,http1_python_nodelay_all_c16_keepalive_ms,1.927003
latency,2,568,http1_python_nodelay_all_c16_keepalive_ms,3.459348
latency,2,569,http1_python_nodelay_all_c16_keepalive_ms,3.347937
latency,2,570,http1_python_nodelay_all_c16_keepalive_ms,2.695646
latency,2,571,http1_python_nodelay_all_c16_keepalive_ms,3.519270
latency,2,572,http1_python_nodelay_all_c16_keepalive_ms,1.863662
latency,2,573,http1_python_nodelay_all_c16_keepalive_ms,2.330879
latency,2,574,http1_python_nodelay_all_c16_keepalive_ms,2.580064
latency,2,575,http1_python_nodelay_all_c16_keepalive_ms,2.514283
latency,2,576,http1_python_nodelay_all_c16_keepalive_ms,2.655536
latency,2,577,http1_python_nodelay_all_c16_keepalive_ms,3.128923
latency,2,578,http1_python_nodelay_all_c16_keepalive_ms,2.542443
latency,2,579,http1_python_nodelay_all_c16_keepalive_ms,2.802908
latency,2,580,http1_python_nodelay_all_c16_keepalive_ms,12.994021
latency,2,581,http1_python_nodelay_all_c16_keepalive_ms,3.485039
latency,2,582,http1_python_nodelay_all_c16_keepalive_ms,2.753677
latency,2,583,http1_python_nodelay_all_c16_keepalive_ms,2.231968
latency,2,584,http1_python_nodelay_all_c16_keepalive_ms,2.560104
latency,2,585,http1_python_nodelay_all_c16_keepalive_ms,4.331054
latency,2,586,http1_python_nodelay_all_c16_keepalive_ms,2.704226
latency,2,587,http1_python_nodelay_all_c16_keepalive_ms,3.294405
latency,2,588,http1_python_nodelay_all_c16_keepalive_ms,2.282839
latency,2,589,http1_python_nodelay_all_c16_keepalive_ms,2.571594
latency,2,590,http1_python_nodelay_all_c16_keepalive_ms,3.880076
latency,2,591,http1_python_nodelay_all_c16_keepalive_ms,3.304127
latency,2,592,http1_python_nodelay_all_c16_keepalive_ms,5.179577
latency,2,593,http1_python_nodelay_all_c16_keepalive_ms,3.528141
latency,2,594,http1_python_nodelay_all_c16_keepalive_ms,3.365927
latency,2,595,http1_python_nodelay_all_c16_keepalive_ms,4.383325
latency,2,596,http1_python_nodelay_all_c16_keepalive_ms,3.167693
latency,2,597,http1_python_nodelay_all_c16_keepalive_ms,2.648965
latency,2,598,http1_python_nodelay_all_c16_keepalive_ms,4.076440
latency,2,599,http1_python_nodelay_all_c16_keepalive_ms,2.602114
latency,2,600,http1_python_nodelay_all_c16_keepalive_ms,1.774821
latency,2,601,http1_python_nodelay_all_c16_keepalive_ms,1.711069
latency,2,602,http1_python_nodelay_all_c16_keepalive_ms,2.765317
latency,2,603,http1_python_nodelay_all_c16_keepalive_ms,1.513315
latency,2,604,http1_python_nodelay_all_c16_keepalive_ms,1.728040
latency,2,605,http1_python_nodelay_all_c16_keepalive_ms,2.656155
latency,2,606,http1_python_nodelay_all_c16_keepalive_ms,1.955913
latency,2,607,http1_python_nodelay_all_c16_keepalive_ms,2.021945
latency,2,608,http1_python_nodelay_all_c16_keepalive_ms,2.509563
latency,2,609,http1_python_nodelay_all_c16_keepalive_ms,2.872438
latency,2,610,http1_python_nodelay_all_c16_keepalive_ms,2.643875
latency,2,611,http1_python_nodelay_all_c16_keepalive_ms,6.828927
latency,2,612,http1_python_nodelay_all_c16_keepalive_ms,2.291789
latency,2,613,http1_python_nodelay_all_c16_keepalive_ms,2.611104
latency,2,614,http1_python_nodelay_all_c16_keepalive_ms,2.065195
latency,2,615,http1_python_nodelay_all_c16_keepalive_ms,2.611464
latency,2,616,http1_python_nodelay_all_c16_keepalive_ms,6.670784
latency,2,617,http1_python_nodelay_all_c16_keepalive_ms,5.245540
latency,2,618,http1_python_nodelay_all_c16_keepalive_ms,1.766130
latency,2,619,http1_python_nodelay_all_c16_keepalive_ms,2.378010
latency,2,620,http1_python_nodelay_all_c16_keepalive_ms,4.842282
latency,2,621,http1_python_nodelay_all_c16_keepalive_ms,2.663406
latency,2,622,http1_python_nodelay_all_c16_keepalive_ms,8.992813
latency,2,623,http1_python_nodelay_all_c16_keepalive_ms,10.427317
latency,2,624,http1_python_nodelay_all_c16_keepalive_ms,4.900874
latency,2,625,http1_python_nodelay_all_c16_keepalive_ms,4.334693
latency,2,626,http1_python_nodelay_all_c16_keepalive_ms,2.187808
latency,2,627,http1_python_nodelay_all_c16_keepalive_ms,2.208667
latency,2,628,http1_python_nodelay_all_c16_keepalive_ms,3.400128
latency,2,629,http1_python_nodelay_all_c16_keepalive_ms,1.908383
latency,2,630,http1_python_nodelay_all_c16_keepalive_ms,3.754663
latency,2,631,http1_python_nodelay_all_c16_keepalive_ms,1.791161
latency,2,632,http1_python_nodelay_all_c16_keepalive_ms,3.025201
latency,2,633,http1_python_nodelay_all_c16_keepalive_ms,1.948294
latency,2,634,http1_python_nodelay_all_c16_keepalive_ms,2.100585
latency,2,635,http1_python_nodelay_all_c16_keepalive_ms,1.365394
latency,2,636,http1_python_nodelay_all_c16_keepalive_ms,2.954440
latency,2,637,http1_python_nodelay_all_c16_keepalive_ms,0.582000
latency,2,638,http1_python_nodelay_all_c16_keepalive_ms,0.225504
latency,2,639,http1_python_nodelay_all_c16_keepalive_ms,0.215963
trial,2,1280,http1_python_nodelay_all_c16_median_ms,2.683916
trial,2,1280,http1_python_nodelay_all_c16_p95_ms,5.436492
trial,2,1280,http1_python_nodelay_all_c16_requests_per_second,5165.479
trial,2,1280,http1_python_nodelay_all_c16_wall_ms,247.799
latency,3,720,http1_python_nodelay_all_c16_keepalive_ms,2.708516
latency,3,721,http1_python_nodelay_all_c16_keepalive_ms,2.498583
latency,3,722,http1_python_nodelay_all_c16_keepalive_ms,1.462865
latency,3,723,http1_python_nodelay_all_c16_keepalive_ms,2.295868
latency,3,724,http1_python_nodelay_all_c16_keepalive_ms,3.556801
latency,3,725,http1_python_nodelay_all_c16_keepalive_ms,1.941633
latency,3,726,http1_python_nodelay_all_c16_keepalive_ms,4.740261
latency,3,727,http1_python_nodelay_all_c16_keepalive_ms,3.179904
latency,3,728,http1_python_nodelay_all_c16_keepalive_ms,4.661819
latency,3,729,http1_python_nodelay_all_c16_keepalive_ms,3.245795
latency,3,730,http1_python_nodelay_all_c16_keepalive_ms,4.174042
latency,3,731,http1_python_nodelay_all_c16_keepalive_ms,2.731036
latency,3,732,http1_python_nodelay_all_c16_keepalive_ms,2.396061
latency,3,733,http1_python_nodelay_all_c16_keepalive_ms,2.340919
latency,3,734,http1_python_nodelay_all_c16_keepalive_ms,2.865339
latency,3,735,http1_python_nodelay_all_c16_keepalive_ms,1.467725
latency,3,736,http1_python_nodelay_all_c16_keepalive_ms,3.849466
latency,3,737,http1_python_nodelay_all_c16_keepalive_ms,1.941363
latency,3,738,http1_python_nodelay_all_c16_keepalive_ms,2.624605
latency,3,739,http1_python_nodelay_all_c16_keepalive_ms,2.128146
latency,3,740,http1_python_nodelay_all_c16_keepalive_ms,3.176874
latency,3,741,http1_python_nodelay_all_c16_keepalive_ms,7.398656
latency,3,742,http1_python_nodelay_all_c16_keepalive_ms,3.048902
latency,3,743,http1_python_nodelay_all_c16_keepalive_ms,5.748717
latency,3,744,http1_python_nodelay_all_c16_keepalive_ms,1.091669
latency,3,745,http1_python_nodelay_all_c16_keepalive_ms,2.953720
latency,3,746,http1_python_nodelay_all_c16_keepalive_ms,5.040706
latency,3,747,http1_python_nodelay_all_c16_keepalive_ms,1.971894
latency,3,748,http1_python_nodelay_all_c16_keepalive_ms,2.255548
latency,3,749,http1_python_nodelay_all_c16_keepalive_ms,4.603938
latency,3,750,http1_python_nodelay_all_c16_keepalive_ms,3.629432
latency,3,751,http1_python_nodelay_all_c16_keepalive_ms,2.381131
latency,3,752,http1_python_nodelay_all_c16_keepalive_ms,1.995984
latency,3,753,http1_python_nodelay_all_c16_keepalive_ms,2.170577
latency,3,754,http1_python_nodelay_all_c16_keepalive_ms,2.767697
latency,3,755,http1_python_nodelay_all_c16_keepalive_ms,4.759571
latency,3,756,http1_python_nodelay_all_c16_keepalive_ms,3.415698
latency,3,757,http1_python_nodelay_all_c16_keepalive_ms,3.135883
latency,3,758,http1_python_nodelay_all_c16_keepalive_ms,1.614428
latency,3,759,http1_python_nodelay_all_c16_keepalive_ms,2.407891
latency,3,760,http1_python_nodelay_all_c16_keepalive_ms,2.786657
latency,3,761,http1_python_nodelay_all_c16_keepalive_ms,2.011204
latency,3,762,http1_python_nodelay_all_c16_keepalive_ms,2.492603
latency,3,763,http1_python_nodelay_all_c16_keepalive_ms,2.617974
latency,3,764,http1_python_nodelay_all_c16_keepalive_ms,2.750097
latency,3,765,http1_python_nodelay_all_c16_keepalive_ms,1.327363
latency,3,766,http1_python_nodelay_all_c16_keepalive_ms,1.479535
latency,3,767,http1_python_nodelay_all_c16_keepalive_ms,3.063342
latency,3,768,http1_python_nodelay_all_c16_keepalive_ms,3.873816
latency,3,769,http1_python_nodelay_all_c16_keepalive_ms,2.360060
latency,3,770,http1_python_nodelay_all_c16_keepalive_ms,2.858509
latency,3,771,http1_python_nodelay_all_c16_keepalive_ms,3.324267
latency,3,772,http1_python_nodelay_all_c16_keepalive_ms,2.183427
latency,3,773,http1_python_nodelay_all_c16_keepalive_ms,2.374260
latency,3,774,http1_python_nodelay_all_c16_keepalive_ms,3.021741
latency,3,775,http1_python_nodelay_all_c16_keepalive_ms,2.631415
latency,3,776,http1_python_nodelay_all_c16_keepalive_ms,3.706863
latency,3,777,http1_python_nodelay_all_c16_keepalive_ms,0.626931
latency,3,778,http1_python_nodelay_all_c16_keepalive_ms,2.182937
latency,3,779,http1_python_nodelay_all_c16_keepalive_ms,2.661126
latency,3,780,http1_python_nodelay_all_c16_keepalive_ms,3.613411
latency,3,781,http1_python_nodelay_all_c16_keepalive_ms,2.694236
latency,3,782,http1_python_nodelay_all_c16_keepalive_ms,4.666799
latency,3,783,http1_python_nodelay_all_c16_keepalive_ms,3.514700
latency,3,784,http1_python_nodelay_all_c16_keepalive_ms,1.842731
latency,3,785,http1_python_nodelay_all_c16_keepalive_ms,3.285966
latency,3,786,http1_python_nodelay_all_c16_keepalive_ms,2.101576
latency,3,787,http1_python_nodelay_all_c16_keepalive_ms,2.431832
latency,3,788,http1_python_nodelay_all_c16_keepalive_ms,2.431571
latency,3,789,http1_python_nodelay_all_c16_keepalive_ms,2.859879
latency,3,790,http1_python_nodelay_all_c16_keepalive_ms,2.543303
latency,3,791,http1_python_nodelay_all_c16_keepalive_ms,5.945551
latency,3,792,http1_python_nodelay_all_c16_keepalive_ms,3.374258
latency,3,793,http1_python_nodelay_all_c16_keepalive_ms,2.619814
latency,3,794,http1_python_nodelay_all_c16_keepalive_ms,2.823998
latency,3,795,http1_python_nodelay_all_c16_keepalive_ms,2.798428
latency,3,796,http1_python_nodelay_all_c16_keepalive_ms,3.199914
latency,3,797,http1_python_nodelay_all_c16_keepalive_ms,2.395601
latency,3,798,http1_python_nodelay_all_c16_keepalive_ms,2.892369
latency,3,799,http1_python_nodelay_all_c16_keepalive_ms,2.848379
latency,3,880,http1_python_nodelay_all_c16_keepalive_ms,2.641295
latency,3,881,http1_python_nodelay_all_c16_keepalive_ms,2.323960
latency,3,882,http1_python_nodelay_all_c16_keepalive_ms,4.392184
latency,3,883,http1_python_nodelay_all_c16_keepalive_ms,2.636575
latency,3,884,http1_python_nodelay_all_c16_keepalive_ms,3.662463
latency,3,885,http1_python_nodelay_all_c16_keepalive_ms,3.703413
latency,3,886,http1_python_nodelay_all_c16_keepalive_ms,3.104343
latency,3,887,http1_python_nodelay_all_c16_keepalive_ms,2.272818
latency,3,888,http1_python_nodelay_all_c16_keepalive_ms,3.001331
latency,3,889,http1_python_nodelay_all_c16_keepalive_ms,2.567274
latency,3,890,http1_python_nodelay_all_c16_keepalive_ms,2.869769
latency,3,891,http1_python_nodelay_all_c16_keepalive_ms,3.920217
latency,3,892,http1_python_nodelay_all_c16_keepalive_ms,3.049662
latency,3,893,http1_python_nodelay_all_c16_keepalive_ms,4.289342
latency,3,894,http1_python_nodelay_all_c16_keepalive_ms,2.024515
latency,3,895,http1_python_nodelay_all_c16_keepalive_ms,3.971088
latency,3,896,http1_python_nodelay_all_c16_keepalive_ms,1.949743
latency,3,897,http1_python_nodelay_all_c16_keepalive_ms,2.478162
latency,3,898,http1_python_nodelay_all_c16_keepalive_ms,2.451331
latency,3,899,http1_python_nodelay_all_c16_keepalive_ms,2.757947
latency,3,900,http1_python_nodelay_all_c16_keepalive_ms,3.461769
latency,3,901,http1_python_nodelay_all_c16_keepalive_ms,4.403955
latency,3,902,http1_python_nodelay_all_c16_keepalive_ms,2.626465
latency,3,903,http1_python_nodelay_all_c16_keepalive_ms,1.138610
latency,3,904,http1_python_nodelay_all_c16_keepalive_ms,0.752962
latency,3,905,http1_python_nodelay_all_c16_keepalive_ms,1.745520
latency,3,906,http1_python_nodelay_all_c16_keepalive_ms,2.158127
latency,3,907,http1_python_nodelay_all_c16_keepalive_ms,2.566863
latency,3,908,http1_python_nodelay_all_c16_keepalive_ms,4.570318
latency,3,909,http1_python_nodelay_all_c16_keepalive_ms,3.828575
latency,3,910,http1_python_nodelay_all_c16_keepalive_ms,2.478273
latency,3,911,http1_python_nodelay_all_c16_keepalive_ms,3.842625
latency,3,912,http1_python_nodelay_all_c16_keepalive_ms,3.155574
latency,3,913,http1_python_nodelay_all_c16_keepalive_ms,5.435902
latency,3,914,http1_python_nodelay_all_c16_keepalive_ms,1.940123
latency,3,915,http1_python_nodelay_all_c16_keepalive_ms,2.726437
latency,3,916,http1_python_nodelay_all_c16_keepalive_ms,2.107135
latency,3,917,http1_python_nodelay_all_c16_keepalive_ms,2.855919
latency,3,918,http1_python_nodelay_all_c16_keepalive_ms,3.623582
latency,3,919,http1_python_nodelay_all_c16_keepalive_ms,6.763795
latency,3,920,http1_python_nodelay_all_c16_keepalive_ms,2.700816
latency,3,921,http1_python_nodelay_all_c16_keepalive_ms,4.884033
latency,3,922,http1_python_nodelay_all_c16_keepalive_ms,2.807168
latency,3,923,http1_python_nodelay_all_c16_keepalive_ms,2.803048
latency,3,924,http1_python_nodelay_all_c16_keepalive_ms,2.709906
latency,3,925,http1_python_nodelay_all_c16_keepalive_ms,6.210775
latency,3,926,http1_python_nodelay_all_c16_keepalive_ms,3.022812
latency,3,927,http1_python_nodelay_all_c16_keepalive_ms,2.624824
latency,3,928,http1_python_nodelay_all_c16_keepalive_ms,3.389388
latency,3,929,http1_python_nodelay_all_c16_keepalive_ms,2.076036
latency,3,930,http1_python_nodelay_all_c16_keepalive_ms,2.482481
latency,3,931,http1_python_nodelay_all_c16_keepalive_ms,2.868989
latency,3,932,http1_python_nodelay_all_c16_keepalive_ms,2.733387
latency,3,933,http1_python_nodelay_all_c16_keepalive_ms,3.152844
latency,3,934,http1_python_nodelay_all_c16_keepalive_ms,3.208984
latency,3,935,http1_python_nodelay_all_c16_keepalive_ms,2.823109
latency,3,936,http1_python_nodelay_all_c16_keepalive_ms,3.636551
latency,3,937,http1_python_nodelay_all_c16_keepalive_ms,2.645915
latency,3,938,http1_python_nodelay_all_c16_keepalive_ms,2.156427
latency,3,939,http1_python_nodelay_all_c16_keepalive_ms,2.697856
latency,3,940,http1_python_nodelay_all_c16_keepalive_ms,1.183800
latency,3,941,http1_python_nodelay_all_c16_keepalive_ms,2.031705
latency,3,942,http1_python_nodelay_all_c16_keepalive_ms,2.093305
latency,3,943,http1_python_nodelay_all_c16_keepalive_ms,1.982514
latency,3,944,http1_python_nodelay_all_c16_keepalive_ms,2.799368
latency,3,945,http1_python_nodelay_all_c16_keepalive_ms,3.111723
latency,3,946,http1_python_nodelay_all_c16_keepalive_ms,2.384250
latency,3,947,http1_python_nodelay_all_c16_keepalive_ms,2.764597
latency,3,948,http1_python_nodelay_all_c16_keepalive_ms,2.675526
latency,3,949,http1_python_nodelay_all_c16_keepalive_ms,2.697126
latency,3,950,http1_python_nodelay_all_c16_keepalive_ms,1.293202
latency,3,951,http1_python_nodelay_all_c16_keepalive_ms,2.622894
latency,3,952,http1_python_nodelay_all_c16_keepalive_ms,2.663896
latency,3,953,http1_python_nodelay_all_c16_keepalive_ms,2.793847
latency,3,954,http1_python_nodelay_all_c16_keepalive_ms,2.681616
latency,3,955,http1_python_nodelay_all_c16_keepalive_ms,2.936580
latency,3,956,http1_python_nodelay_all_c16_keepalive_ms,5.402962
latency,3,957,http1_python_nodelay_all_c16_keepalive_ms,2.938480
latency,3,958,http1_python_nodelay_all_c16_keepalive_ms,2.795957
latency,3,959,http1_python_nodelay_all_c16_keepalive_ms,4.583449
latency,3,800,http1_python_nodelay_all_c16_keepalive_ms,2.680906
latency,3,801,http1_python_nodelay_all_c16_keepalive_ms,2.620944
latency,3,802,http1_python_nodelay_all_c16_keepalive_ms,4.166061
latency,3,803,http1_python_nodelay_all_c16_keepalive_ms,6.126354
latency,3,804,http1_python_nodelay_all_c16_keepalive_ms,1.533666
latency,3,805,http1_python_nodelay_all_c16_keepalive_ms,2.090386
latency,3,806,http1_python_nodelay_all_c16_keepalive_ms,3.150174
latency,3,807,http1_python_nodelay_all_c16_keepalive_ms,2.563623
latency,3,808,http1_python_nodelay_all_c16_keepalive_ms,2.842519
latency,3,809,http1_python_nodelay_all_c16_keepalive_ms,2.567523
latency,3,810,http1_python_nodelay_all_c16_keepalive_ms,2.906590
latency,3,811,http1_python_nodelay_all_c16_keepalive_ms,1.498385
latency,3,812,http1_python_nodelay_all_c16_keepalive_ms,2.083036
latency,3,813,http1_python_nodelay_all_c16_keepalive_ms,2.852909
latency,3,814,http1_python_nodelay_all_c16_keepalive_ms,2.551413
latency,3,815,http1_python_nodelay_all_c16_keepalive_ms,2.552293
latency,3,816,http1_python_nodelay_all_c16_keepalive_ms,1.663718
latency,3,817,http1_python_nodelay_all_c16_keepalive_ms,3.621212
latency,3,818,http1_python_nodelay_all_c16_keepalive_ms,2.171647
latency,3,819,http1_python_nodelay_all_c16_keepalive_ms,2.606685
latency,3,820,http1_python_nodelay_all_c16_keepalive_ms,2.970390
latency,3,821,http1_python_nodelay_all_c16_keepalive_ms,2.397131
latency,3,822,http1_python_nodelay_all_c16_keepalive_ms,2.969000
latency,3,823,http1_python_nodelay_all_c16_keepalive_ms,2.370731
latency,3,824,http1_python_nodelay_all_c16_keepalive_ms,2.222148
latency,3,825,http1_python_nodelay_all_c16_keepalive_ms,2.934070
latency,3,826,http1_python_nodelay_all_c16_keepalive_ms,2.884099
latency,3,827,http1_python_nodelay_all_c16_keepalive_ms,2.794247
latency,3,828,http1_python_nodelay_all_c16_keepalive_ms,4.154801
latency,3,829,http1_python_nodelay_all_c16_keepalive_ms,2.914489
latency,3,830,http1_python_nodelay_all_c16_keepalive_ms,6.177196
latency,3,831,http1_python_nodelay_all_c16_keepalive_ms,4.721200
latency,3,832,http1_python_nodelay_all_c16_keepalive_ms,3.269696
latency,3,833,http1_python_nodelay_all_c16_keepalive_ms,2.348590
latency,3,834,http1_python_nodelay_all_c16_keepalive_ms,2.448531
latency,3,835,http1_python_nodelay_all_c16_keepalive_ms,4.648179
latency,3,836,http1_python_nodelay_all_c16_keepalive_ms,5.641696
latency,3,837,http1_python_nodelay_all_c16_keepalive_ms,2.953181
latency,3,838,http1_python_nodelay_all_c16_keepalive_ms,2.851478
latency,3,839,http1_python_nodelay_all_c16_keepalive_ms,1.544397
latency,3,840,http1_python_nodelay_all_c16_keepalive_ms,2.363230
latency,3,841,http1_python_nodelay_all_c16_keepalive_ms,3.026471
latency,3,842,http1_python_nodelay_all_c16_keepalive_ms,1.712489
latency,3,843,http1_python_nodelay_all_c16_keepalive_ms,3.217435
latency,3,844,http1_python_nodelay_all_c16_keepalive_ms,4.462846
latency,3,845,http1_python_nodelay_all_c16_keepalive_ms,3.275226
latency,3,846,http1_python_nodelay_all_c16_keepalive_ms,2.498322
latency,3,847,http1_python_nodelay_all_c16_keepalive_ms,4.210612
latency,3,848,http1_python_nodelay_all_c16_keepalive_ms,2.684006
latency,3,849,http1_python_nodelay_all_c16_keepalive_ms,2.666125
latency,3,850,http1_python_nodelay_all_c16_keepalive_ms,3.303716
latency,3,851,http1_python_nodelay_all_c16_keepalive_ms,1.982674
latency,3,852,http1_python_nodelay_all_c16_keepalive_ms,2.708576
latency,3,853,http1_python_nodelay_all_c16_keepalive_ms,2.866159
latency,3,854,http1_python_nodelay_all_c16_keepalive_ms,2.868099
latency,3,855,http1_python_nodelay_all_c16_keepalive_ms,2.564833
latency,3,856,http1_python_nodelay_all_c16_keepalive_ms,3.439359
latency,3,857,http1_python_nodelay_all_c16_keepalive_ms,3.005031
latency,3,858,http1_python_nodelay_all_c16_keepalive_ms,1.495335
latency,3,859,http1_python_nodelay_all_c16_keepalive_ms,1.866242
latency,3,860,http1_python_nodelay_all_c16_keepalive_ms,2.685036
latency,3,861,http1_python_nodelay_all_c16_keepalive_ms,2.426251
latency,3,862,http1_python_nodelay_all_c16_keepalive_ms,7.205873
latency,3,863,http1_python_nodelay_all_c16_keepalive_ms,2.614924
latency,3,864,http1_python_nodelay_all_c16_keepalive_ms,5.140048
latency,3,865,http1_python_nodelay_all_c16_keepalive_ms,2.925620
latency,3,866,http1_python_nodelay_all_c16_keepalive_ms,2.859068
latency,3,867,http1_python_nodelay_all_c16_keepalive_ms,2.926090
latency,3,868,http1_python_nodelay_all_c16_keepalive_ms,1.958193
latency,3,869,http1_python_nodelay_all_c16_keepalive_ms,1.975174
latency,3,870,http1_python_nodelay_all_c16_keepalive_ms,2.474182
latency,3,871,http1_python_nodelay_all_c16_keepalive_ms,2.594764
latency,3,872,http1_python_nodelay_all_c16_keepalive_ms,5.250670
latency,3,873,http1_python_nodelay_all_c16_keepalive_ms,3.109643
latency,3,874,http1_python_nodelay_all_c16_keepalive_ms,3.016941
latency,3,875,http1_python_nodelay_all_c16_keepalive_ms,2.618164
latency,3,876,http1_python_nodelay_all_c16_keepalive_ms,2.962791
latency,3,877,http1_python_nodelay_all_c16_keepalive_ms,2.633845
latency,3,878,http1_python_nodelay_all_c16_keepalive_ms,3.455489
latency,3,879,http1_python_nodelay_all_c16_keepalive_ms,1.393194
latency,3,480,http1_python_nodelay_all_c16_keepalive_ms,4.317704
latency,3,481,http1_python_nodelay_all_c16_keepalive_ms,2.456711
latency,3,482,http1_python_nodelay_all_c16_keepalive_ms,2.616805
latency,3,483,http1_python_nodelay_all_c16_keepalive_ms,2.517293
latency,3,484,http1_python_nodelay_all_c16_keepalive_ms,2.503312
latency,3,485,http1_python_nodelay_all_c16_keepalive_ms,2.788238
latency,3,486,http1_python_nodelay_all_c16_keepalive_ms,2.652465
latency,3,487,http1_python_nodelay_all_c16_keepalive_ms,2.257208
latency,3,488,http1_python_nodelay_all_c16_keepalive_ms,2.789228
latency,3,489,http1_python_nodelay_all_c16_keepalive_ms,2.708676
latency,3,490,http1_python_nodelay_all_c16_keepalive_ms,2.767557
latency,3,491,http1_python_nodelay_all_c16_keepalive_ms,2.820158
latency,3,492,http1_python_nodelay_all_c16_keepalive_ms,3.860506
latency,3,493,http1_python_nodelay_all_c16_keepalive_ms,2.778037
latency,3,494,http1_python_nodelay_all_c16_keepalive_ms,2.231248
latency,3,495,http1_python_nodelay_all_c16_keepalive_ms,2.147646
latency,3,496,http1_python_nodelay_all_c16_keepalive_ms,3.509380
latency,3,497,http1_python_nodelay_all_c16_keepalive_ms,2.576964
latency,3,498,http1_python_nodelay_all_c16_keepalive_ms,1.799891
latency,3,499,http1_python_nodelay_all_c16_keepalive_ms,2.347040
latency,3,500,http1_python_nodelay_all_c16_keepalive_ms,2.840478
latency,3,501,http1_python_nodelay_all_c16_keepalive_ms,2.829618
latency,3,502,http1_python_nodelay_all_c16_keepalive_ms,2.971721
latency,3,503,http1_python_nodelay_all_c16_keepalive_ms,2.301869
latency,3,504,http1_python_nodelay_all_c16_keepalive_ms,2.358840
latency,3,505,http1_python_nodelay_all_c16_keepalive_ms,3.380988
latency,3,506,http1_python_nodelay_all_c16_keepalive_ms,2.442341
latency,3,507,http1_python_nodelay_all_c16_keepalive_ms,2.467212
latency,3,508,http1_python_nodelay_all_c16_keepalive_ms,4.340914
latency,3,509,http1_python_nodelay_all_c16_keepalive_ms,5.095947
latency,3,510,http1_python_nodelay_all_c16_keepalive_ms,4.085430
latency,3,511,http1_python_nodelay_all_c16_keepalive_ms,4.698049
latency,3,512,http1_python_nodelay_all_c16_keepalive_ms,5.643216
latency,3,513,http1_python_nodelay_all_c16_keepalive_ms,2.378881
latency,3,514,http1_python_nodelay_all_c16_keepalive_ms,5.309560
latency,3,515,http1_python_nodelay_all_c16_keepalive_ms,4.002268
latency,3,516,http1_python_nodelay_all_c16_keepalive_ms,3.657893
latency,3,517,http1_python_nodelay_all_c16_keepalive_ms,3.242225
latency,3,518,http1_python_nodelay_all_c16_keepalive_ms,3.742544
latency,3,519,http1_python_nodelay_all_c16_keepalive_ms,2.765036
latency,3,520,http1_python_nodelay_all_c16_keepalive_ms,4.909884
latency,3,521,http1_python_nodelay_all_c16_keepalive_ms,2.437262
latency,3,522,http1_python_nodelay_all_c16_keepalive_ms,3.163534
latency,3,523,http1_python_nodelay_all_c16_keepalive_ms,4.723400
latency,3,524,http1_python_nodelay_all_c16_keepalive_ms,2.011924
latency,3,525,http1_python_nodelay_all_c16_keepalive_ms,2.415611
latency,3,526,http1_python_nodelay_all_c16_keepalive_ms,2.782908
latency,3,527,http1_python_nodelay_all_c16_keepalive_ms,3.257485
latency,3,528,http1_python_nodelay_all_c16_keepalive_ms,2.530333
latency,3,529,http1_python_nodelay_all_c16_keepalive_ms,2.193558
latency,3,530,http1_python_nodelay_all_c16_keepalive_ms,2.583043
latency,3,531,http1_python_nodelay_all_c16_keepalive_ms,2.687786
latency,3,532,http1_python_nodelay_all_c16_keepalive_ms,2.689006
latency,3,533,http1_python_nodelay_all_c16_keepalive_ms,3.105793
latency,3,534,http1_python_nodelay_all_c16_keepalive_ms,1.418934
latency,3,535,http1_python_nodelay_all_c16_keepalive_ms,1.857972
latency,3,536,http1_python_nodelay_all_c16_keepalive_ms,2.843368
latency,3,537,http1_python_nodelay_all_c16_keepalive_ms,3.640822
latency,3,538,http1_python_nodelay_all_c16_keepalive_ms,2.782567
latency,3,539,http1_python_nodelay_all_c16_keepalive_ms,2.256979
latency,3,540,http1_python_nodelay_all_c16_keepalive_ms,2.541693
latency,3,541,http1_python_nodelay_all_c16_keepalive_ms,3.183404
latency,3,542,http1_python_nodelay_all_c16_keepalive_ms,2.090036
latency,3,543,http1_python_nodelay_all_c16_keepalive_ms,3.240285
latency,3,544,http1_python_nodelay_all_c16_keepalive_ms,2.153846
latency,3,545,http1_python_nodelay_all_c16_keepalive_ms,2.264069
latency,3,546,http1_python_nodelay_all_c16_keepalive_ms,3.254165
latency,3,547,http1_python_nodelay_all_c16_keepalive_ms,1.972814
latency,3,548,http1_python_nodelay_all_c16_keepalive_ms,2.904040
latency,3,549,http1_python_nodelay_all_c16_keepalive_ms,4.004427
latency,3,550,http1_python_nodelay_all_c16_keepalive_ms,2.493083
latency,3,551,http1_python_nodelay_all_c16_keepalive_ms,2.571604
latency,3,552,http1_python_nodelay_all_c16_keepalive_ms,2.618994
latency,3,553,http1_python_nodelay_all_c16_keepalive_ms,3.224195
latency,3,554,http1_python_nodelay_all_c16_keepalive_ms,2.378381
latency,3,555,http1_python_nodelay_all_c16_keepalive_ms,3.222424
latency,3,556,http1_python_nodelay_all_c16_keepalive_ms,2.685356
latency,3,557,http1_python_nodelay_all_c16_keepalive_ms,4.875623
latency,3,558,http1_python_nodelay_all_c16_keepalive_ms,2.745567
latency,3,559,http1_python_nodelay_all_c16_keepalive_ms,5.154868
latency,3,640,http1_python_nodelay_all_c16_keepalive_ms,2.443141
latency,3,641,http1_python_nodelay_all_c16_keepalive_ms,2.796808
latency,3,642,http1_python_nodelay_all_c16_keepalive_ms,1.597247
latency,3,643,http1_python_nodelay_all_c16_keepalive_ms,2.585684
latency,3,644,http1_python_nodelay_all_c16_keepalive_ms,2.757607
latency,3,645,http1_python_nodelay_all_c16_keepalive_ms,2.384041
latency,3,646,http1_python_nodelay_all_c16_keepalive_ms,2.653495
latency,3,647,http1_python_nodelay_all_c16_keepalive_ms,2.494822
latency,3,648,http1_python_nodelay_all_c16_keepalive_ms,2.593585
latency,3,649,http1_python_nodelay_all_c16_keepalive_ms,2.698225
latency,3,650,http1_python_nodelay_all_c16_keepalive_ms,2.687056
latency,3,651,http1_python_nodelay_all_c16_keepalive_ms,2.834488
latency,3,652,http1_python_nodelay_all_c16_keepalive_ms,2.820908
latency,3,653,http1_python_nodelay_all_c16_keepalive_ms,3.168004
latency,3,654,http1_python_nodelay_all_c16_keepalive_ms,3.514730
latency,3,655,http1_python_nodelay_all_c16_keepalive_ms,2.234008
latency,3,656,http1_python_nodelay_all_c16_keepalive_ms,2.756527
latency,3,657,http1_python_nodelay_all_c16_keepalive_ms,2.747887
latency,3,658,http1_python_nodelay_all_c16_keepalive_ms,2.539003
latency,3,659,http1_python_nodelay_all_c16_keepalive_ms,2.070725
latency,3,660,http1_python_nodelay_all_c16_keepalive_ms,2.455632
latency,3,661,http1_python_nodelay_all_c16_keepalive_ms,2.946460
latency,3,662,http1_python_nodelay_all_c16_keepalive_ms,2.352790
latency,3,663,http1_python_nodelay_all_c16_keepalive_ms,3.036162
latency,3,664,http1_python_nodelay_all_c16_keepalive_ms,2.372750
latency,3,665,http1_python_nodelay_all_c16_keepalive_ms,2.314210
latency,3,666,http1_python_nodelay_all_c16_keepalive_ms,2.943320
latency,3,667,http1_python_nodelay_all_c16_keepalive_ms,3.584431
latency,3,668,http1_python_nodelay_all_c16_keepalive_ms,2.037144
latency,3,669,http1_python_nodelay_all_c16_keepalive_ms,6.620603
latency,3,670,http1_python_nodelay_all_c16_keepalive_ms,6.671964
latency,3,671,http1_python_nodelay_all_c16_keepalive_ms,4.698180
latency,3,672,http1_python_nodelay_all_c16_keepalive_ms,2.158046
latency,3,673,http1_python_nodelay_all_c16_keepalive_ms,5.728648
latency,3,674,http1_python_nodelay_all_c16_keepalive_ms,4.690830
latency,3,675,http1_python_nodelay_all_c16_keepalive_ms,2.739716
latency,3,676,http1_python_nodelay_all_c16_keepalive_ms,2.131417
latency,3,677,http1_python_nodelay_all_c16_keepalive_ms,3.837555
latency,3,678,http1_python_nodelay_all_c16_keepalive_ms,2.995011
latency,3,679,http1_python_nodelay_all_c16_keepalive_ms,3.884696
latency,3,680,http1_python_nodelay_all_c16_keepalive_ms,2.485322
latency,3,681,http1_python_nodelay_all_c16_keepalive_ms,2.215758
latency,3,682,http1_python_nodelay_all_c16_keepalive_ms,5.035396
latency,3,683,http1_python_nodelay_all_c16_keepalive_ms,3.106763
latency,3,684,http1_python_nodelay_all_c16_keepalive_ms,4.921993
latency,3,685,http1_python_nodelay_all_c16_keepalive_ms,2.167437
latency,3,686,http1_python_nodelay_all_c16_keepalive_ms,2.454712
latency,3,687,http1_python_nodelay_all_c16_keepalive_ms,2.490702
latency,3,688,http1_python_nodelay_all_c16_keepalive_ms,2.644916
latency,3,689,http1_python_nodelay_all_c16_keepalive_ms,2.326519
latency,3,690,http1_python_nodelay_all_c16_keepalive_ms,5.528004
latency,3,691,http1_python_nodelay_all_c16_keepalive_ms,3.138934
latency,3,692,http1_python_nodelay_all_c16_keepalive_ms,2.512422
latency,3,693,http1_python_nodelay_all_c16_keepalive_ms,3.063783
latency,3,694,http1_python_nodelay_all_c16_keepalive_ms,3.386047
latency,3,695,http1_python_nodelay_all_c16_keepalive_ms,2.983871
latency,3,696,http1_python_nodelay_all_c16_keepalive_ms,1.429384
latency,3,697,http1_python_nodelay_all_c16_keepalive_ms,2.048335
latency,3,698,http1_python_nodelay_all_c16_keepalive_ms,2.410121
latency,3,699,http1_python_nodelay_all_c16_keepalive_ms,2.373211
latency,3,700,http1_python_nodelay_all_c16_keepalive_ms,2.582124
latency,3,701,http1_python_nodelay_all_c16_keepalive_ms,3.547870
latency,3,702,http1_python_nodelay_all_c16_keepalive_ms,4.406225
latency,3,703,http1_python_nodelay_all_c16_keepalive_ms,2.641755
latency,3,704,http1_python_nodelay_all_c16_keepalive_ms,2.464172
latency,3,705,http1_python_nodelay_all_c16_keepalive_ms,2.744997
latency,3,706,http1_python_nodelay_all_c16_keepalive_ms,2.389310
latency,3,707,http1_python_nodelay_all_c16_keepalive_ms,2.575384
latency,3,708,http1_python_nodelay_all_c16_keepalive_ms,2.529823
latency,3,709,http1_python_nodelay_all_c16_keepalive_ms,5.836369
latency,3,710,http1_python_nodelay_all_c16_keepalive_ms,1.416315
latency,3,711,http1_python_nodelay_all_c16_keepalive_ms,2.439991
latency,3,712,http1_python_nodelay_all_c16_keepalive_ms,2.894819
latency,3,713,http1_python_nodelay_all_c16_keepalive_ms,2.876859
latency,3,714,http1_python_nodelay_all_c16_keepalive_ms,2.870399
latency,3,715,http1_python_nodelay_all_c16_keepalive_ms,2.685546
latency,3,716,http1_python_nodelay_all_c16_keepalive_ms,4.963154
latency,3,717,http1_python_nodelay_all_c16_keepalive_ms,2.657226
latency,3,718,http1_python_nodelay_all_c16_keepalive_ms,2.721866
latency,3,719,http1_python_nodelay_all_c16_keepalive_ms,2.526783
latency,3,560,http1_python_nodelay_all_c16_keepalive_ms,4.429755
latency,3,561,http1_python_nodelay_all_c16_keepalive_ms,2.437612
latency,3,562,http1_python_nodelay_all_c16_keepalive_ms,2.476742
latency,3,563,http1_python_nodelay_all_c16_keepalive_ms,2.589794
latency,3,564,http1_python_nodelay_all_c16_keepalive_ms,2.800997
latency,3,565,http1_python_nodelay_all_c16_keepalive_ms,2.514453
latency,3,566,http1_python_nodelay_all_c16_keepalive_ms,2.649015
latency,3,567,http1_python_nodelay_all_c16_keepalive_ms,2.438592
latency,3,568,http1_python_nodelay_all_c16_keepalive_ms,2.588024
latency,3,569,http1_python_nodelay_all_c16_keepalive_ms,2.968520
latency,3,570,http1_python_nodelay_all_c16_keepalive_ms,2.358130
latency,3,571,http1_python_nodelay_all_c16_keepalive_ms,2.885520
latency,3,572,http1_python_nodelay_all_c16_keepalive_ms,4.011788
latency,3,573,http1_python_nodelay_all_c16_keepalive_ms,2.935520
latency,3,574,http1_python_nodelay_all_c16_keepalive_ms,4.313693
latency,3,575,http1_python_nodelay_all_c16_keepalive_ms,3.485250
latency,3,576,http1_python_nodelay_all_c16_keepalive_ms,2.599624
latency,3,577,http1_python_nodelay_all_c16_keepalive_ms,4.195291
latency,3,578,http1_python_nodelay_all_c16_keepalive_ms,3.086863
latency,3,579,http1_python_nodelay_all_c16_keepalive_ms,2.571503
latency,3,580,http1_python_nodelay_all_c16_keepalive_ms,2.910680
latency,3,581,http1_python_nodelay_all_c16_keepalive_ms,2.257839
latency,3,582,http1_python_nodelay_all_c16_keepalive_ms,2.584724
latency,3,583,http1_python_nodelay_all_c16_keepalive_ms,2.453911
latency,3,584,http1_python_nodelay_all_c16_keepalive_ms,5.681147
latency,3,585,http1_python_nodelay_all_c16_keepalive_ms,4.379645
latency,3,586,http1_python_nodelay_all_c16_keepalive_ms,4.884003
latency,3,587,http1_python_nodelay_all_c16_keepalive_ms,1.766980
latency,3,588,http1_python_nodelay_all_c16_keepalive_ms,2.616714
latency,3,589,http1_python_nodelay_all_c16_keepalive_ms,2.599514
latency,3,590,http1_python_nodelay_all_c16_keepalive_ms,4.215852
latency,3,591,http1_python_nodelay_all_c16_keepalive_ms,3.375118
latency,3,592,http1_python_nodelay_all_c16_keepalive_ms,2.310789
latency,3,593,http1_python_nodelay_all_c16_keepalive_ms,4.578378
latency,3,594,http1_python_nodelay_all_c16_keepalive_ms,3.208544
latency,3,595,http1_python_nodelay_all_c16_keepalive_ms,1.640158
latency,3,596,http1_python_nodelay_all_c16_keepalive_ms,3.737744
latency,3,597,http1_python_nodelay_all_c16_keepalive_ms,2.976751
latency,3,598,http1_python_nodelay_all_c16_keepalive_ms,1.497895
latency,3,599,http1_python_nodelay_all_c16_keepalive_ms,2.453302
latency,3,600,http1_python_nodelay_all_c16_keepalive_ms,4.272933
latency,3,601,http1_python_nodelay_all_c16_keepalive_ms,3.216674
latency,3,602,http1_python_nodelay_all_c16_keepalive_ms,2.642036
latency,3,603,http1_python_nodelay_all_c16_keepalive_ms,2.854338
latency,3,604,http1_python_nodelay_all_c16_keepalive_ms,2.785278
latency,3,605,http1_python_nodelay_all_c16_keepalive_ms,2.826847
latency,3,606,http1_python_nodelay_all_c16_keepalive_ms,1.365604
latency,3,607,http1_python_nodelay_all_c16_keepalive_ms,2.666295
latency,3,608,http1_python_nodelay_all_c16_keepalive_ms,5.421933
latency,3,609,http1_python_nodelay_all_c16_keepalive_ms,2.876209
latency,3,610,http1_python_nodelay_all_c16_keepalive_ms,2.195187
latency,3,611,http1_python_nodelay_all_c16_keepalive_ms,2.820478
latency,3,612,http1_python_nodelay_all_c16_keepalive_ms,2.600964
latency,3,613,http1_python_nodelay_all_c16_keepalive_ms,2.631035
latency,3,614,http1_python_nodelay_all_c16_keepalive_ms,3.126433
latency,3,615,http1_python_nodelay_all_c16_keepalive_ms,1.302732
latency,3,616,http1_python_nodelay_all_c16_keepalive_ms,2.135457
latency,3,617,http1_python_nodelay_all_c16_keepalive_ms,2.772917
latency,3,618,http1_python_nodelay_all_c16_keepalive_ms,0.715792
latency,3,619,http1_python_nodelay_all_c16_keepalive_ms,0.759803
latency,3,620,http1_python_nodelay_all_c16_keepalive_ms,1.811091
latency,3,621,http1_python_nodelay_all_c16_keepalive_ms,2.693036
latency,3,622,http1_python_nodelay_all_c16_keepalive_ms,2.426021
latency,3,623,http1_python_nodelay_all_c16_keepalive_ms,2.388111
latency,3,624,http1_python_nodelay_all_c16_keepalive_ms,7.896574
latency,3,625,http1_python_nodelay_all_c16_keepalive_ms,7.225633
latency,3,626,http1_python_nodelay_all_c16_keepalive_ms,3.413778
latency,3,627,http1_python_nodelay_all_c16_keepalive_ms,2.548284
latency,3,628,http1_python_nodelay_all_c16_keepalive_ms,2.310018
latency,3,629,http1_python_nodelay_all_c16_keepalive_ms,4.148351
latency,3,630,http1_python_nodelay_all_c16_keepalive_ms,2.947940
latency,3,631,http1_python_nodelay_all_c16_keepalive_ms,2.551994
latency,3,632,http1_python_nodelay_all_c16_keepalive_ms,3.107173
latency,3,633,http1_python_nodelay_all_c16_keepalive_ms,3.905376
latency,3,634,http1_python_nodelay_all_c16_keepalive_ms,1.653208
latency,3,635,http1_python_nodelay_all_c16_keepalive_ms,2.663466
latency,3,636,http1_python_nodelay_all_c16_keepalive_ms,2.916339
latency,3,637,http1_python_nodelay_all_c16_keepalive_ms,2.448362
latency,3,638,http1_python_nodelay_all_c16_keepalive_ms,2.389401
latency,3,639,http1_python_nodelay_all_c16_keepalive_ms,5.485973
latency,3,160,http1_python_nodelay_all_c16_keepalive_ms,4.378815
latency,3,161,http1_python_nodelay_all_c16_keepalive_ms,2.298679
latency,3,162,http1_python_nodelay_all_c16_keepalive_ms,2.773587
latency,3,163,http1_python_nodelay_all_c16_keepalive_ms,2.313709
latency,3,164,http1_python_nodelay_all_c16_keepalive_ms,7.088771
latency,3,165,http1_python_nodelay_all_c16_keepalive_ms,7.879744
latency,3,166,http1_python_nodelay_all_c16_keepalive_ms,3.958548
latency,3,167,http1_python_nodelay_all_c16_keepalive_ms,2.368690
latency,3,168,http1_python_nodelay_all_c16_keepalive_ms,3.939727
latency,3,169,http1_python_nodelay_all_c16_keepalive_ms,2.571274
latency,3,170,http1_python_nodelay_all_c16_keepalive_ms,2.464532
latency,3,171,http1_python_nodelay_all_c16_keepalive_ms,2.870269
latency,3,172,http1_python_nodelay_all_c16_keepalive_ms,1.415674
latency,3,173,http1_python_nodelay_all_c16_keepalive_ms,3.849695
latency,3,174,http1_python_nodelay_all_c16_keepalive_ms,2.089826
latency,3,175,http1_python_nodelay_all_c16_keepalive_ms,2.362820
latency,3,176,http1_python_nodelay_all_c16_keepalive_ms,2.286619
latency,3,177,http1_python_nodelay_all_c16_keepalive_ms,3.179304
latency,3,178,http1_python_nodelay_all_c16_keepalive_ms,2.779207
latency,3,179,http1_python_nodelay_all_c16_keepalive_ms,2.382761
latency,3,180,http1_python_nodelay_all_c16_keepalive_ms,2.792658
latency,3,181,http1_python_nodelay_all_c16_keepalive_ms,2.353160
latency,3,182,http1_python_nodelay_all_c16_keepalive_ms,3.144183
latency,3,183,http1_python_nodelay_all_c16_keepalive_ms,2.810918
latency,3,184,http1_python_nodelay_all_c16_keepalive_ms,1.885292
latency,3,185,http1_python_nodelay_all_c16_keepalive_ms,2.157317
latency,3,186,http1_python_nodelay_all_c16_keepalive_ms,5.017745
latency,3,187,http1_python_nodelay_all_c16_keepalive_ms,1.767470
latency,3,188,http1_python_nodelay_all_c16_keepalive_ms,2.615505
latency,3,189,http1_python_nodelay_all_c16_keepalive_ms,4.433645
latency,3,190,http1_python_nodelay_all_c16_keepalive_ms,2.452112
latency,3,191,http1_python_nodelay_all_c16_keepalive_ms,7.087461
latency,3,192,http1_python_nodelay_all_c16_keepalive_ms,3.198044
latency,3,193,http1_python_nodelay_all_c16_keepalive_ms,4.688700
latency,3,194,http1_python_nodelay_all_c16_keepalive_ms,3.828535
latency,3,195,http1_python_nodelay_all_c16_keepalive_ms,2.853689
latency,3,196,http1_python_nodelay_all_c16_keepalive_ms,3.248885
latency,3,197,http1_python_nodelay_all_c16_keepalive_ms,3.338866
latency,3,198,http1_python_nodelay_all_c16_keepalive_ms,2.327780
latency,3,199,http1_python_nodelay_all_c16_keepalive_ms,2.534893
latency,3,200,http1_python_nodelay_all_c16_keepalive_ms,2.575544
latency,3,201,http1_python_nodelay_all_c16_keepalive_ms,3.133104
latency,3,202,http1_python_nodelay_all_c16_keepalive_ms,2.563433
latency,3,203,http1_python_nodelay_all_c16_keepalive_ms,2.696246
latency,3,204,http1_python_nodelay_all_c16_keepalive_ms,1.639518
latency,3,205,http1_python_nodelay_all_c16_keepalive_ms,2.554513
latency,3,206,http1_python_nodelay_all_c16_keepalive_ms,2.510413
latency,3,207,http1_python_nodelay_all_c16_keepalive_ms,2.389571
latency,3,208,http1_python_nodelay_all_c16_keepalive_ms,3.846095
latency,3,209,http1_python_nodelay_all_c16_keepalive_ms,4.282563
latency,3,210,http1_python_nodelay_all_c16_keepalive_ms,2.847469
latency,3,211,http1_python_nodelay_all_c16_keepalive_ms,2.644165
latency,3,212,http1_python_nodelay_all_c16_keepalive_ms,3.030011
latency,3,213,http1_python_nodelay_all_c16_keepalive_ms,5.965062
latency,3,214,http1_python_nodelay_all_c16_keepalive_ms,5.763788
latency,3,215,http1_python_nodelay_all_c16_keepalive_ms,2.934880
latency,3,216,http1_python_nodelay_all_c16_keepalive_ms,3.299596
latency,3,217,http1_python_nodelay_all_c16_keepalive_ms,0.508569
latency,3,218,http1_python_nodelay_all_c16_keepalive_ms,2.106196
latency,3,219,http1_python_nodelay_all_c16_keepalive_ms,4.073509
latency,3,220,http1_python_nodelay_all_c16_keepalive_ms,5.561454
latency,3,221,http1_python_nodelay_all_c16_keepalive_ms,2.664496
latency,3,222,http1_python_nodelay_all_c16_keepalive_ms,2.741777
latency,3,223,http1_python_nodelay_all_c16_keepalive_ms,2.415701
latency,3,224,http1_python_nodelay_all_c16_keepalive_ms,2.506392
latency,3,225,http1_python_nodelay_all_c16_keepalive_ms,1.997604
latency,3,226,http1_python_nodelay_all_c16_keepalive_ms,2.370541
latency,3,227,http1_python_nodelay_all_c16_keepalive_ms,2.730526
latency,3,228,http1_python_nodelay_all_c16_keepalive_ms,2.666876
latency,3,229,http1_python_nodelay_all_c16_keepalive_ms,2.893869
latency,3,230,http1_python_nodelay_all_c16_keepalive_ms,2.547233
latency,3,231,http1_python_nodelay_all_c16_keepalive_ms,3.267506
latency,3,232,http1_python_nodelay_all_c16_keepalive_ms,2.507622
latency,3,233,http1_python_nodelay_all_c16_keepalive_ms,2.825918
latency,3,234,http1_python_nodelay_all_c16_keepalive_ms,2.618435
latency,3,235,http1_python_nodelay_all_c16_keepalive_ms,2.308679
latency,3,236,http1_python_nodelay_all_c16_keepalive_ms,2.452762
latency,3,237,http1_python_nodelay_all_c16_keepalive_ms,3.154084
latency,3,238,http1_python_nodelay_all_c16_keepalive_ms,1.585837
latency,3,239,http1_python_nodelay_all_c16_keepalive_ms,2.748656
latency,3,400,http1_python_nodelay_all_c16_keepalive_ms,2.534873
latency,3,401,http1_python_nodelay_all_c16_keepalive_ms,2.775177
latency,3,402,http1_python_nodelay_all_c16_keepalive_ms,4.006418
latency,3,403,http1_python_nodelay_all_c16_keepalive_ms,2.613554
latency,3,404,http1_python_nodelay_all_c16_keepalive_ms,2.821309
latency,3,405,http1_python_nodelay_all_c16_keepalive_ms,2.513832
latency,3,406,http1_python_nodelay_all_c16_keepalive_ms,2.630305
latency,3,407,http1_python_nodelay_all_c16_keepalive_ms,2.526713
latency,3,408,http1_python_nodelay_all_c16_keepalive_ms,2.364230
latency,3,409,http1_python_nodelay_all_c16_keepalive_ms,3.157324
latency,3,410,http1_python_nodelay_all_c16_keepalive_ms,2.452232
latency,3,411,http1_python_nodelay_all_c16_keepalive_ms,2.643405
latency,3,412,http1_python_nodelay_all_c16_keepalive_ms,1.773360
latency,3,413,http1_python_nodelay_all_c16_keepalive_ms,2.436472
latency,3,414,http1_python_nodelay_all_c16_keepalive_ms,2.695036
latency,3,415,http1_python_nodelay_all_c16_keepalive_ms,2.231817
latency,3,416,http1_python_nodelay_all_c16_keepalive_ms,1.938013
latency,3,417,http1_python_nodelay_all_c16_keepalive_ms,2.280169
latency,3,418,http1_python_nodelay_all_c16_keepalive_ms,3.756254
latency,3,419,http1_python_nodelay_all_c16_keepalive_ms,4.568148
latency,3,420,http1_python_nodelay_all_c16_keepalive_ms,2.056005
latency,3,421,http1_python_nodelay_all_c16_keepalive_ms,3.249285
latency,3,422,http1_python_nodelay_all_c16_keepalive_ms,3.573631
latency,3,423,http1_python_nodelay_all_c16_keepalive_ms,4.194521
latency,3,424,http1_python_nodelay_all_c16_keepalive_ms,2.822038
latency,3,425,http1_python_nodelay_all_c16_keepalive_ms,5.628736
latency,3,426,http1_python_nodelay_all_c16_keepalive_ms,2.147667
latency,3,427,http1_python_nodelay_all_c16_keepalive_ms,4.849672
latency,3,428,http1_python_nodelay_all_c16_keepalive_ms,6.454930
latency,3,429,http1_python_nodelay_all_c16_keepalive_ms,3.949517
latency,3,430,http1_python_nodelay_all_c16_keepalive_ms,2.970861
latency,3,431,http1_python_nodelay_all_c16_keepalive_ms,1.219831
latency,3,432,http1_python_nodelay_all_c16_keepalive_ms,2.200907
latency,3,433,http1_python_nodelay_all_c16_keepalive_ms,2.377891
latency,3,434,http1_python_nodelay_all_c16_keepalive_ms,1.822211
latency,3,435,http1_python_nodelay_all_c16_keepalive_ms,2.825698
latency,3,436,http1_python_nodelay_all_c16_keepalive_ms,4.666969
latency,3,437,http1_python_nodelay_all_c16_keepalive_ms,3.879456
latency,3,438,http1_python_nodelay_all_c16_keepalive_ms,2.710976
latency,3,439,http1_python_nodelay_all_c16_keepalive_ms,1.689549
latency,3,440,http1_python_nodelay_all_c16_keepalive_ms,2.431012
latency,3,441,http1_python_nodelay_all_c16_keepalive_ms,7.130851
latency,3,442,http1_python_nodelay_all_c16_keepalive_ms,4.928774
latency,3,443,http1_python_nodelay_all_c16_keepalive_ms,3.657882
latency,3,444,http1_python_nodelay_all_c16_keepalive_ms,6.294357
latency,3,445,http1_python_nodelay_all_c16_keepalive_ms,5.495814
latency,3,446,http1_python_nodelay_all_c16_keepalive_ms,3.035351
latency,3,447,http1_python_nodelay_all_c16_keepalive_ms,2.378721
latency,3,448,http1_python_nodelay_all_c16_keepalive_ms,2.758847
latency,3,449,http1_python_nodelay_all_c16_keepalive_ms,2.978120
latency,3,450,http1_python_nodelay_all_c16_keepalive_ms,2.875039
latency,3,451,http1_python_nodelay_all_c16_keepalive_ms,2.445872
latency,3,452,http1_python_nodelay_all_c16_keepalive_ms,1.557107
latency,3,453,http1_python_nodelay_all_c16_keepalive_ms,4.774921
latency,3,454,http1_python_nodelay_all_c16_keepalive_ms,3.701763
latency,3,455,http1_python_nodelay_all_c16_keepalive_ms,2.410351
latency,3,456,http1_python_nodelay_all_c16_keepalive_ms,2.267918
latency,3,457,http1_python_nodelay_all_c16_keepalive_ms,2.660216
latency,3,458,http1_python_nodelay_all_c16_keepalive_ms,3.360397
latency,3,459,http1_python_nodelay_all_c16_keepalive_ms,4.095319
latency,3,460,http1_python_nodelay_all_c16_keepalive_ms,3.314067
latency,3,461,http1_python_nodelay_all_c16_keepalive_ms,2.458522
latency,3,462,http1_python_nodelay_all_c16_keepalive_ms,2.273659
latency,3,463,http1_python_nodelay_all_c16_keepalive_ms,2.988370
latency,3,464,http1_python_nodelay_all_c16_keepalive_ms,2.657706
latency,3,465,http1_python_nodelay_all_c16_keepalive_ms,2.003003
latency,3,466,http1_python_nodelay_all_c16_keepalive_ms,4.404406
latency,3,467,http1_python_nodelay_all_c16_keepalive_ms,2.661025
latency,3,468,http1_python_nodelay_all_c16_keepalive_ms,5.590345
latency,3,469,http1_python_nodelay_all_c16_keepalive_ms,2.925440
latency,3,470,http1_python_nodelay_all_c16_keepalive_ms,1.174910
latency,3,471,http1_python_nodelay_all_c16_keepalive_ms,4.307833
latency,3,472,http1_python_nodelay_all_c16_keepalive_ms,2.767887
latency,3,473,http1_python_nodelay_all_c16_keepalive_ms,2.617225
latency,3,474,http1_python_nodelay_all_c16_keepalive_ms,2.549883
latency,3,475,http1_python_nodelay_all_c16_keepalive_ms,5.143308
latency,3,476,http1_python_nodelay_all_c16_keepalive_ms,4.519757
latency,3,477,http1_python_nodelay_all_c16_keepalive_ms,1.844461
latency,3,478,http1_python_nodelay_all_c16_keepalive_ms,0.549029
latency,3,479,http1_python_nodelay_all_c16_keepalive_ms,1.561677
latency,3,320,http1_python_nodelay_all_c16_keepalive_ms,2.637755
latency,3,321,http1_python_nodelay_all_c16_keepalive_ms,2.365610
latency,3,322,http1_python_nodelay_all_c16_keepalive_ms,4.142880
latency,3,323,http1_python_nodelay_all_c16_keepalive_ms,2.617525
latency,3,324,http1_python_nodelay_all_c16_keepalive_ms,2.823888
latency,3,325,http1_python_nodelay_all_c16_keepalive_ms,2.560044
latency,3,326,http1_python_nodelay_all_c16_keepalive_ms,2.740406
latency,3,327,http1_python_nodelay_all_c16_keepalive_ms,2.346960
latency,3,328,http1_python_nodelay_all_c16_keepalive_ms,2.431032
latency,3,329,http1_python_nodelay_all_c16_keepalive_ms,2.812777
latency,3,330,http1_python_nodelay_all_c16_keepalive_ms,2.707546
latency,3,331,http1_python_nodelay_all_c16_keepalive_ms,2.871239
latency,3,332,http1_python_nodelay_all_c16_keepalive_ms,1.705620
latency,3,333,http1_python_nodelay_all_c16_keepalive_ms,2.086095
latency,3,334,http1_python_nodelay_all_c16_keepalive_ms,3.178254
latency,3,335,http1_python_nodelay_all_c16_keepalive_ms,4.627779
latency,3,336,http1_python_nodelay_all_c16_keepalive_ms,1.731589
latency,3,337,http1_python_nodelay_all_c16_keepalive_ms,3.664543
latency,3,338,http1_python_nodelay_all_c16_keepalive_ms,4.476426
latency,3,339,http1_python_nodelay_all_c16_keepalive_ms,2.997061
latency,3,340,http1_python_nodelay_all_c16_keepalive_ms,2.712116
latency,3,341,http1_python_nodelay_all_c16_keepalive_ms,2.302139
latency,3,342,http1_python_nodelay_all_c16_keepalive_ms,2.374491
latency,3,343,http1_python_nodelay_all_c16_keepalive_ms,3.029781
latency,3,344,http1_python_nodelay_all_c16_keepalive_ms,2.617195
latency,3,345,http1_python_nodelay_all_c16_keepalive_ms,3.651532
latency,3,346,http1_python_nodelay_all_c16_keepalive_ms,1.864641
latency,3,347,http1_python_nodelay_all_c16_keepalive_ms,4.338174
latency,3,348,http1_python_nodelay_all_c16_keepalive_ms,2.912680
latency,3,349,http1_python_nodelay_all_c16_keepalive_ms,9.326429
latency,3,350,http1_python_nodelay_all_c16_keepalive_ms,7.394776
latency,3,351,http1_python_nodelay_all_c16_keepalive_ms,2.224548
latency,3,352,http1_python_nodelay_all_c16_keepalive_ms,1.988693
latency,3,353,http1_python_nodelay_all_c16_keepalive_ms,4.981055
latency,3,354,http1_python_nodelay_all_c16_keepalive_ms,2.546953
latency,3,355,http1_python_nodelay_all_c16_keepalive_ms,7.082151
latency,3,356,http1_python_nodelay_all_c16_keepalive_ms,3.614222
latency,3,357,http1_python_nodelay_all_c16_keepalive_ms,2.437441
latency,3,358,http1_python_nodelay_all_c16_keepalive_ms,2.282689
latency,3,359,http1_python_nodelay_all_c16_keepalive_ms,2.602164
latency,3,360,http1_python_nodelay_all_c16_keepalive_ms,2.686666
latency,3,361,http1_python_nodelay_all_c16_keepalive_ms,2.761257
latency,3,362,http1_python_nodelay_all_c16_keepalive_ms,2.709646
latency,3,363,http1_python_nodelay_all_c16_keepalive_ms,2.924950
latency,3,364,http1_python_nodelay_all_c16_keepalive_ms,1.525016
latency,3,365,http1_python_nodelay_all_c16_keepalive_ms,2.601574
latency,3,366,http1_python_nodelay_all_c16_keepalive_ms,2.343800
latency,3,367,http1_python_nodelay_all_c16_keepalive_ms,2.488102
latency,3,368,http1_python_nodelay_all_c16_keepalive_ms,3.570461
latency,3,369,http1_python_nodelay_all_c16_keepalive_ms,4.242192
latency,3,370,http1_python_nodelay_all_c16_keepalive_ms,5.470853
latency,3,371,http1_python_nodelay_all_c16_keepalive_ms,3.300927
latency,3,372,http1_python_nodelay_all_c16_keepalive_ms,3.602921
latency,3,373,http1_python_nodelay_all_c16_keepalive_ms,2.841388
latency,3,374,http1_python_nodelay_all_c16_keepalive_ms,3.318877
latency,3,375,http1_python_nodelay_all_c16_keepalive_ms,2.764267
latency,3,376,http1_python_nodelay_all_c16_keepalive_ms,2.201627
latency,3,377,http1_python_nodelay_all_c16_keepalive_ms,2.419421
latency,3,378,http1_python_nodelay_all_c16_keepalive_ms,3.538451
latency,3,379,http1_python_nodelay_all_c16_keepalive_ms,4.095149
latency,3,380,http1_python_nodelay_all_c16_keepalive_ms,2.641215
latency,3,381,http1_python_nodelay_all_c16_keepalive_ms,2.991721
latency,3,382,http1_python_nodelay_all_c16_keepalive_ms,3.132944
latency,3,383,http1_python_nodelay_all_c16_keepalive_ms,3.979537
latency,3,384,http1_python_nodelay_all_c16_keepalive_ms,2.678526
latency,3,385,http1_python_nodelay_all_c16_keepalive_ms,4.653799
latency,3,386,http1_python_nodelay_all_c16_keepalive_ms,2.776867
latency,3,387,http1_python_nodelay_all_c16_keepalive_ms,2.735147
latency,3,388,http1_python_nodelay_all_c16_keepalive_ms,2.893959
latency,3,389,http1_python_nodelay_all_c16_keepalive_ms,2.640375
latency,3,390,http1_python_nodelay_all_c16_keepalive_ms,5.547004
latency,3,391,http1_python_nodelay_all_c16_keepalive_ms,2.916380
latency,3,392,http1_python_nodelay_all_c16_keepalive_ms,2.888349
latency,3,393,http1_python_nodelay_all_c16_keepalive_ms,3.338797
latency,3,394,http1_python_nodelay_all_c16_keepalive_ms,1.279002
latency,3,395,http1_python_nodelay_all_c16_keepalive_ms,3.072032
latency,3,396,http1_python_nodelay_all_c16_keepalive_ms,1.723069
latency,3,397,http1_python_nodelay_all_c16_keepalive_ms,2.566244
latency,3,398,http1_python_nodelay_all_c16_keepalive_ms,1.635488
latency,3,399,http1_python_nodelay_all_c16_keepalive_ms,2.528903
latency,3,240,http1_python_nodelay_all_c16_keepalive_ms,2.629254
latency,3,241,http1_python_nodelay_all_c16_keepalive_ms,2.487073
latency,3,242,http1_python_nodelay_all_c16_keepalive_ms,1.663318
latency,3,243,http1_python_nodelay_all_c16_keepalive_ms,2.182747
latency,3,244,http1_python_nodelay_all_c16_keepalive_ms,2.766777
latency,3,245,http1_python_nodelay_all_c16_keepalive_ms,2.828348
latency,3,246,http1_python_nodelay_all_c16_keepalive_ms,4.645609
latency,3,247,http1_python_nodelay_all_c16_keepalive_ms,3.136634
latency,3,248,http1_python_nodelay_all_c16_keepalive_ms,5.225549
latency,3,249,http1_python_nodelay_all_c16_keepalive_ms,2.792447
latency,3,250,http1_python_nodelay_all_c16_keepalive_ms,2.818758
latency,3,251,http1_python_nodelay_all_c16_keepalive_ms,1.498946
latency,3,252,http1_python_nodelay_all_c16_keepalive_ms,2.385200
latency,3,253,http1_python_nodelay_all_c16_keepalive_ms,2.845179
latency,3,254,http1_python_nodelay_all_c16_keepalive_ms,2.072835
latency,3,255,http1_python_nodelay_all_c16_keepalive_ms,2.600504
latency,3,256,http1_python_nodelay_all_c16_keepalive_ms,3.147254
latency,3,257,http1_python_nodelay_all_c16_keepalive_ms,2.552263
latency,3,258,http1_python_nodelay_all_c16_keepalive_ms,4.356675
latency,3,259,http1_python_nodelay_all_c16_keepalive_ms,2.241998
latency,3,260,http1_python_nodelay_all_c16_keepalive_ms,3.176834
latency,3,261,http1_python_nodelay_all_c16_keepalive_ms,3.507439
latency,3,262,http1_python_nodelay_all_c16_keepalive_ms,1.811001
latency,3,263,http1_python_nodelay_all_c16_keepalive_ms,2.561144
latency,3,264,http1_python_nodelay_all_c16_keepalive_ms,2.567404
latency,3,265,http1_python_nodelay_all_c16_keepalive_ms,2.251298
latency,3,266,http1_python_nodelay_all_c16_keepalive_ms,3.474399
latency,3,267,http1_python_nodelay_all_c16_keepalive_ms,2.080245
latency,3,268,http1_python_nodelay_all_c16_keepalive_ms,5.125478
latency,3,269,http1_python_nodelay_all_c16_keepalive_ms,3.760484
latency,3,270,http1_python_nodelay_all_c16_keepalive_ms,2.652545
latency,3,271,http1_python_nodelay_all_c16_keepalive_ms,4.342184
latency,3,272,http1_python_nodelay_all_c16_keepalive_ms,2.458961
latency,3,273,http1_python_nodelay_all_c16_keepalive_ms,3.463749
latency,3,274,http1_python_nodelay_all_c16_keepalive_ms,9.170816
latency,3,275,http1_python_nodelay_all_c16_keepalive_ms,6.094014
latency,3,276,http1_python_nodelay_all_c16_keepalive_ms,3.192475
latency,3,277,http1_python_nodelay_all_c16_keepalive_ms,3.718713
latency,3,278,http1_python_nodelay_all_c16_keepalive_ms,2.763157
latency,3,279,http1_python_nodelay_all_c16_keepalive_ms,2.079585
latency,3,280,http1_python_nodelay_all_c16_keepalive_ms,2.831708
latency,3,281,http1_python_nodelay_all_c16_keepalive_ms,2.577334
latency,3,282,http1_python_nodelay_all_c16_keepalive_ms,2.756727
latency,3,283,http1_python_nodelay_all_c16_keepalive_ms,2.595925
latency,3,284,http1_python_nodelay_all_c16_keepalive_ms,2.268248
latency,3,285,http1_python_nodelay_all_c16_keepalive_ms,2.182437
latency,3,286,http1_python_nodelay_all_c16_keepalive_ms,2.372040
latency,3,287,http1_python_nodelay_all_c16_keepalive_ms,2.780418
latency,3,288,http1_python_nodelay_all_c16_keepalive_ms,2.482072
latency,3,289,http1_python_nodelay_all_c16_keepalive_ms,3.172784
latency,3,290,http1_python_nodelay_all_c16_keepalive_ms,2.180217
latency,3,291,http1_python_nodelay_all_c16_keepalive_ms,2.946750
latency,3,292,http1_python_nodelay_all_c16_keepalive_ms,4.764621
latency,3,293,http1_python_nodelay_all_c16_keepalive_ms,3.362748
latency,3,294,http1_python_nodelay_all_c16_keepalive_ms,3.068762
latency,3,295,http1_python_nodelay_all_c16_keepalive_ms,3.308536
latency,3,296,http1_python_nodelay_all_c16_keepalive_ms,3.478019
latency,3,297,http1_python_nodelay_all_c16_keepalive_ms,2.761487
latency,3,298,http1_python_nodelay_all_c16_keepalive_ms,4.599049
latency,3,299,http1_python_nodelay_all_c16_keepalive_ms,3.538100
latency,3,300,http1_python_nodelay_all_c16_keepalive_ms,1.767020
latency,3,301,http1_python_nodelay_all_c16_keepalive_ms,3.496729
latency,3,302,http1_python_nodelay_all_c16_keepalive_ms,2.392421
latency,3,303,http1_python_nodelay_all_c16_keepalive_ms,2.004084
latency,3,304,http1_python_nodelay_all_c16_keepalive_ms,2.977061
latency,3,305,http1_python_nodelay_all_c16_keepalive_ms,4.975845
latency,3,306,http1_python_nodelay_all_c16_keepalive_ms,4.073699
latency,3,307,http1_python_nodelay_all_c16_keepalive_ms,2.337770
latency,3,308,http1_python_nodelay_all_c16_keepalive_ms,2.880649
latency,3,309,http1_python_nodelay_all_c16_keepalive_ms,2.779197
latency,3,310,http1_python_nodelay_all_c16_keepalive_ms,2.894300
latency,3,311,http1_python_nodelay_all_c16_keepalive_ms,8.008326
latency,3,312,http1_python_nodelay_all_c16_keepalive_ms,3.141163
latency,3,313,http1_python_nodelay_all_c16_keepalive_ms,2.596525
latency,3,314,http1_python_nodelay_all_c16_keepalive_ms,2.420361
latency,3,315,http1_python_nodelay_all_c16_keepalive_ms,5.404041
latency,3,316,http1_python_nodelay_all_c16_keepalive_ms,1.765151
latency,3,317,http1_python_nodelay_all_c16_keepalive_ms,2.544783
latency,3,318,http1_python_nodelay_all_c16_keepalive_ms,1.793950
latency,3,319,http1_python_nodelay_all_c16_keepalive_ms,2.516183
latency,3,80,http1_python_nodelay_all_c16_keepalive_ms,2.174807
latency,3,81,http1_python_nodelay_all_c16_keepalive_ms,3.077183
latency,3,82,http1_python_nodelay_all_c16_keepalive_ms,1.529016
latency,3,83,http1_python_nodelay_all_c16_keepalive_ms,2.681845
latency,3,84,http1_python_nodelay_all_c16_keepalive_ms,2.627695
latency,3,85,http1_python_nodelay_all_c16_keepalive_ms,2.646515
latency,3,86,http1_python_nodelay_all_c16_keepalive_ms,2.255659
latency,3,87,http1_python_nodelay_all_c16_keepalive_ms,2.886659
latency,3,88,http1_python_nodelay_all_c16_keepalive_ms,2.483952
latency,3,89,http1_python_nodelay_all_c16_keepalive_ms,2.473712
latency,3,90,http1_python_nodelay_all_c16_keepalive_ms,2.546673
latency,3,91,http1_python_nodelay_all_c16_keepalive_ms,2.973781
latency,3,92,http1_python_nodelay_all_c16_keepalive_ms,2.999221
latency,3,93,http1_python_nodelay_all_c16_keepalive_ms,3.619242
latency,3,94,http1_python_nodelay_all_c16_keepalive_ms,3.087932
latency,3,95,http1_python_nodelay_all_c16_keepalive_ms,2.006444
latency,3,96,http1_python_nodelay_all_c16_keepalive_ms,7.751922
latency,3,97,http1_python_nodelay_all_c16_keepalive_ms,2.437342
latency,3,98,http1_python_nodelay_all_c16_keepalive_ms,2.304759
latency,3,99,http1_python_nodelay_all_c16_keepalive_ms,3.204584
latency,3,100,http1_python_nodelay_all_c16_keepalive_ms,2.216578
latency,3,101,http1_python_nodelay_all_c16_keepalive_ms,2.583204
latency,3,102,http1_python_nodelay_all_c16_keepalive_ms,2.844749
latency,3,103,http1_python_nodelay_all_c16_keepalive_ms,2.361910
latency,3,104,http1_python_nodelay_all_c16_keepalive_ms,2.889349
latency,3,105,http1_python_nodelay_all_c16_keepalive_ms,5.539924
latency,3,106,http1_python_nodelay_all_c16_keepalive_ms,4.336364
latency,3,107,http1_python_nodelay_all_c16_keepalive_ms,4.881403
latency,3,108,http1_python_nodelay_all_c16_keepalive_ms,1.955994
latency,3,109,http1_python_nodelay_all_c16_keepalive_ms,2.430201
latency,3,110,http1_python_nodelay_all_c16_keepalive_ms,3.888996
latency,3,111,http1_python_nodelay_all_c16_keepalive_ms,2.970181
latency,3,112,http1_python_nodelay_all_c16_keepalive_ms,3.397028
latency,3,113,http1_python_nodelay_all_c16_keepalive_ms,2.108225
latency,3,114,http1_python_nodelay_all_c16_keepalive_ms,2.149567
latency,3,115,http1_python_nodelay_all_c16_keepalive_ms,2.538483
latency,3,116,http1_python_nodelay_all_c16_keepalive_ms,4.762671
latency,3,117,http1_python_nodelay_all_c16_keepalive_ms,3.968458
latency,3,118,http1_python_nodelay_all_c16_keepalive_ms,2.758297
latency,3,119,http1_python_nodelay_all_c16_keepalive_ms,4.139310
latency,3,120,http1_python_nodelay_all_c16_keepalive_ms,2.358150
latency,3,121,http1_python_nodelay_all_c16_keepalive_ms,1.906743
latency,3,122,http1_python_nodelay_all_c16_keepalive_ms,3.205464
latency,3,123,http1_python_nodelay_all_c16_keepalive_ms,2.529393
latency,3,124,http1_python_nodelay_all_c16_keepalive_ms,2.614335
latency,3,125,http1_python_nodelay_all_c16_keepalive_ms,5.247759
latency,3,126,http1_python_nodelay_all_c16_keepalive_ms,4.474686
latency,3,127,http1_python_nodelay_all_c16_keepalive_ms,2.856459
latency,3,128,http1_python_nodelay_all_c16_keepalive_ms,2.623045
latency,3,129,http1_python_nodelay_all_c16_keepalive_ms,2.956770
latency,3,130,http1_python_nodelay_all_c16_keepalive_ms,4.796751
latency,3,131,http1_python_nodelay_all_c16_keepalive_ms,2.781078
latency,3,132,http1_python_nodelay_all_c16_keepalive_ms,2.958240
latency,3,133,http1_python_nodelay_all_c16_keepalive_ms,2.860069
latency,3,134,http1_python_nodelay_all_c16_keepalive_ms,3.438449
latency,3,135,http1_python_nodelay_all_c16_keepalive_ms,2.817587
latency,3,136,http1_python_nodelay_all_c16_keepalive_ms,1.543116
latency,3,137,http1_python_nodelay_all_c16_keepalive_ms,1.936123
latency,3,138,http1_python_nodelay_all_c16_keepalive_ms,7.107152
latency,3,139,http1_python_nodelay_all_c16_keepalive_ms,3.768364
latency,3,140,http1_python_nodelay_all_c16_keepalive_ms,1.842101
latency,3,141,http1_python_nodelay_all_c16_keepalive_ms,3.355727
latency,3,142,http1_python_nodelay_all_c16_keepalive_ms,1.843271
latency,3,143,http1_python_nodelay_all_c16_keepalive_ms,9.275409
latency,3,144,http1_python_nodelay_all_c16_keepalive_ms,3.433628
latency,3,145,http1_python_nodelay_all_c16_keepalive_ms,2.053885
latency,3,146,http1_python_nodelay_all_c16_keepalive_ms,2.256928
latency,3,147,http1_python_nodelay_all_c16_keepalive_ms,2.979161
latency,3,148,http1_python_nodelay_all_c16_keepalive_ms,2.509193
latency,3,149,http1_python_nodelay_all_c16_keepalive_ms,2.855668
latency,3,150,http1_python_nodelay_all_c16_keepalive_ms,2.654075
latency,3,151,http1_python_nodelay_all_c16_keepalive_ms,3.297296
latency,3,152,http1_python_nodelay_all_c16_keepalive_ms,2.499573
latency,3,153,http1_python_nodelay_all_c16_keepalive_ms,2.917190
latency,3,154,http1_python_nodelay_all_c16_keepalive_ms,2.753607
latency,3,155,http1_python_nodelay_all_c16_keepalive_ms,7.471607
latency,3,156,http1_python_nodelay_all_c16_keepalive_ms,1.965623
latency,3,157,http1_python_nodelay_all_c16_keepalive_ms,2.574944
latency,3,158,http1_python_nodelay_all_c16_keepalive_ms,1.602737
latency,3,159,http1_python_nodelay_all_c16_keepalive_ms,3.971818
latency,3,1120,http1_python_nodelay_all_c16_keepalive_ms,5.065246
latency,3,1121,http1_python_nodelay_all_c16_keepalive_ms,4.117970
latency,3,1122,http1_python_nodelay_all_c16_keepalive_ms,2.610944
latency,3,1123,http1_python_nodelay_all_c16_keepalive_ms,2.846739
latency,3,1124,http1_python_nodelay_all_c16_keepalive_ms,6.272157
latency,3,1125,http1_python_nodelay_all_c16_keepalive_ms,3.783564
latency,3,1126,http1_python_nodelay_all_c16_keepalive_ms,3.156194
latency,3,1127,http1_python_nodelay_all_c16_keepalive_ms,2.586744
latency,3,1128,http1_python_nodelay_all_c16_keepalive_ms,2.752697
latency,3,1129,http1_python_nodelay_all_c16_keepalive_ms,5.843139
latency,3,1130,http1_python_nodelay_all_c16_keepalive_ms,5.458123
latency,3,1131,http1_python_nodelay_all_c16_keepalive_ms,3.361407
latency,3,1132,http1_python_nodelay_all_c16_keepalive_ms,2.365660
latency,3,1133,http1_python_nodelay_all_c16_keepalive_ms,9.019774
latency,3,1134,http1_python_nodelay_all_c16_keepalive_ms,4.173841
latency,3,1135,http1_python_nodelay_all_c16_keepalive_ms,5.076016
latency,3,1136,http1_python_nodelay_all_c16_keepalive_ms,3.144894
latency,3,1137,http1_python_nodelay_all_c16_keepalive_ms,0.681622
latency,3,1138,http1_python_nodelay_all_c16_keepalive_ms,1.230871
latency,3,1139,http1_python_nodelay_all_c16_keepalive_ms,3.327496
latency,3,1140,http1_python_nodelay_all_c16_keepalive_ms,1.889502
latency,3,1141,http1_python_nodelay_all_c16_keepalive_ms,1.774510
latency,3,1142,http1_python_nodelay_all_c16_keepalive_ms,3.375498
latency,3,1143,http1_python_nodelay_all_c16_keepalive_ms,3.366167
latency,3,1144,http1_python_nodelay_all_c16_keepalive_ms,2.381281
latency,3,1145,http1_python_nodelay_all_c16_keepalive_ms,3.938487
latency,3,1146,http1_python_nodelay_all_c16_keepalive_ms,3.016811
latency,3,1147,http1_python_nodelay_all_c16_keepalive_ms,3.283436
latency,3,1148,http1_python_nodelay_all_c16_keepalive_ms,2.333090
latency,3,1149,http1_python_nodelay_all_c16_keepalive_ms,1.988624
latency,3,1150,http1_python_nodelay_all_c16_keepalive_ms,2.793607
latency,3,1151,http1_python_nodelay_all_c16_keepalive_ms,5.700757
latency,3,1152,http1_python_nodelay_all_c16_keepalive_ms,5.231879
latency,3,1153,http1_python_nodelay_all_c16_keepalive_ms,4.573648
latency,3,1154,http1_python_nodelay_all_c16_keepalive_ms,2.363550
latency,3,1155,http1_python_nodelay_all_c16_keepalive_ms,2.260989
latency,3,1156,http1_python_nodelay_all_c16_keepalive_ms,2.763037
latency,3,1157,http1_python_nodelay_all_c16_keepalive_ms,2.481532
latency,3,1158,http1_python_nodelay_all_c16_keepalive_ms,3.117043
latency,3,1159,http1_python_nodelay_all_c16_keepalive_ms,1.992564
latency,3,1160,http1_python_nodelay_all_c16_keepalive_ms,3.064922
latency,3,1161,http1_python_nodelay_all_c16_keepalive_ms,5.774908
latency,3,1162,http1_python_nodelay_all_c16_keepalive_ms,1.243102
latency,3,1163,http1_python_nodelay_all_c16_keepalive_ms,2.452751
latency,3,1164,http1_python_nodelay_all_c16_keepalive_ms,3.324647
latency,3,1165,http1_python_nodelay_all_c16_keepalive_ms,4.110090
latency,3,1166,http1_python_nodelay_all_c16_keepalive_ms,2.600434
latency,3,1167,http1_python_nodelay_all_c16_keepalive_ms,3.359137
latency,3,1168,http1_python_nodelay_all_c16_keepalive_ms,3.107523
latency,3,1169,http1_python_nodelay_all_c16_keepalive_ms,3.457539
latency,3,1170,http1_python_nodelay_all_c16_keepalive_ms,2.911940
latency,3,1171,http1_python_nodelay_all_c16_keepalive_ms,5.773398
latency,3,1172,http1_python_nodelay_all_c16_keepalive_ms,2.537753
latency,3,1173,http1_python_nodelay_all_c16_keepalive_ms,2.533143
latency,3,1174,http1_python_nodelay_all_c16_keepalive_ms,3.487340
latency,3,1175,http1_python_nodelay_all_c16_keepalive_ms,1.773970
latency,3,1176,http1_python_nodelay_all_c16_keepalive_ms,3.431598
latency,3,1177,http1_python_nodelay_all_c16_keepalive_ms,1.947993
latency,3,1178,http1_python_nodelay_all_c16_keepalive_ms,2.279639
latency,3,1179,http1_python_nodelay_all_c16_keepalive_ms,2.431911
latency,3,1180,http1_python_nodelay_all_c16_keepalive_ms,4.978745
latency,3,1181,http1_python_nodelay_all_c16_keepalive_ms,2.884569
latency,3,1182,http1_python_nodelay_all_c16_keepalive_ms,1.822561
latency,3,1183,http1_python_nodelay_all_c16_keepalive_ms,2.669926
latency,3,1184,http1_python_nodelay_all_c16_keepalive_ms,2.550843
latency,3,1185,http1_python_nodelay_all_c16_keepalive_ms,2.619155
latency,3,1186,http1_python_nodelay_all_c16_keepalive_ms,3.223125
latency,3,1187,http1_python_nodelay_all_c16_keepalive_ms,2.627184
latency,3,1188,http1_python_nodelay_all_c16_keepalive_ms,1.174760
latency,3,1189,http1_python_nodelay_all_c16_keepalive_ms,1.873102
latency,3,1190,http1_python_nodelay_all_c16_keepalive_ms,2.454042
latency,3,1191,http1_python_nodelay_all_c16_keepalive_ms,2.804848
latency,3,1192,http1_python_nodelay_all_c16_keepalive_ms,2.581654
latency,3,1193,http1_python_nodelay_all_c16_keepalive_ms,2.481942
latency,3,1194,http1_python_nodelay_all_c16_keepalive_ms,5.394102
latency,3,1195,http1_python_nodelay_all_c16_keepalive_ms,1.481115
latency,3,1196,http1_python_nodelay_all_c16_keepalive_ms,2.928500
latency,3,1197,http1_python_nodelay_all_c16_keepalive_ms,1.635348
latency,3,1198,http1_python_nodelay_all_c16_keepalive_ms,2.179367
latency,3,1199,http1_python_nodelay_all_c16_keepalive_ms,2.172567
latency,3,1040,http1_python_nodelay_all_c16_keepalive_ms,2.550323
latency,3,1041,http1_python_nodelay_all_c16_keepalive_ms,2.412331
latency,3,1042,http1_python_nodelay_all_c16_keepalive_ms,4.389325
latency,3,1043,http1_python_nodelay_all_c16_keepalive_ms,2.331759
latency,3,1044,http1_python_nodelay_all_c16_keepalive_ms,2.905240
latency,3,1045,http1_python_nodelay_all_c16_keepalive_ms,2.648185
latency,3,1046,http1_python_nodelay_all_c16_keepalive_ms,2.674106
latency,3,1047,http1_python_nodelay_all_c16_keepalive_ms,2.460962
latency,3,1048,http1_python_nodelay_all_c16_keepalive_ms,2.540883
latency,3,1049,http1_python_nodelay_all_c16_keepalive_ms,2.976450
latency,3,1050,http1_python_nodelay_all_c16_keepalive_ms,2.282679
latency,3,1051,http1_python_nodelay_all_c16_keepalive_ms,6.721715
latency,3,1052,http1_python_nodelay_all_c16_keepalive_ms,3.179734
latency,3,1053,http1_python_nodelay_all_c16_keepalive_ms,2.049774
latency,3,1054,http1_python_nodelay_all_c16_keepalive_ms,2.801278
latency,3,1055,http1_python_nodelay_all_c16_keepalive_ms,4.518687
latency,3,1056,http1_python_nodelay_all_c16_keepalive_ms,2.780308
latency,3,1057,http1_python_nodelay_all_c16_keepalive_ms,2.510042
latency,3,1058,http1_python_nodelay_all_c16_keepalive_ms,2.608504
latency,3,1059,http1_python_nodelay_all_c16_keepalive_ms,2.653256
latency,3,1060,http1_python_nodelay_all_c16_keepalive_ms,2.373540
latency,3,1061,http1_python_nodelay_all_c16_keepalive_ms,2.565144
latency,3,1062,http1_python_nodelay_all_c16_keepalive_ms,2.917650
latency,3,1063,http1_python_nodelay_all_c16_keepalive_ms,2.518092
latency,3,1064,http1_python_nodelay_all_c16_keepalive_ms,6.909558
latency,3,1065,http1_python_nodelay_all_c16_keepalive_ms,3.296226
latency,3,1066,http1_python_nodelay_all_c16_keepalive_ms,2.932670
latency,3,1067,http1_python_nodelay_all_c16_keepalive_ms,2.551173
latency,3,1068,http1_python_nodelay_all_c16_keepalive_ms,3.560781
latency,3,1069,http1_python_nodelay_all_c16_keepalive_ms,4.675459
latency,3,1070,http1_python_nodelay_all_c16_keepalive_ms,2.452222
latency,3,1071,http1_python_nodelay_all_c16_keepalive_ms,2.935800
latency,3,1072,http1_python_nodelay_all_c16_keepalive_ms,7.301665
latency,3,1073,http1_python_nodelay_all_c16_keepalive_ms,2.718666
latency,3,1074,http1_python_nodelay_all_c16_keepalive_ms,2.063095
latency,3,1075,http1_python_nodelay_all_c16_keepalive_ms,3.737414
latency,3,1076,http1_python_nodelay_all_c16_keepalive_ms,2.853998
latency,3,1077,http1_python_nodelay_all_c16_keepalive_ms,1.621478
latency,3,1078,http1_python_nodelay_all_c16_keepalive_ms,2.383200
latency,3,1079,http1_python_nodelay_all_c16_keepalive_ms,2.537033
latency,3,1080,http1_python_nodelay_all_c16_keepalive_ms,4.097490
latency,3,1081,http1_python_nodelay_all_c16_keepalive_ms,3.387598
latency,3,1082,http1_python_nodelay_all_c16_keepalive_ms,3.109733
latency,3,1083,http1_python_nodelay_all_c16_keepalive_ms,1.039848
latency,3,1084,http1_python_nodelay_all_c16_keepalive_ms,3.736523
latency,3,1085,http1_python_nodelay_all_c16_keepalive_ms,2.146896
latency,3,1086,http1_python_nodelay_all_c16_keepalive_ms,2.521903
latency,3,1087,http1_python_nodelay_all_c16_keepalive_ms,2.512523
latency,3,1088,http1_python_nodelay_all_c16_keepalive_ms,2.667036
latency,3,1089,http1_python_nodelay_all_c16_keepalive_ms,3.107163
latency,3,1090,http1_python_nodelay_all_c16_keepalive_ms,4.774381
latency,3,1091,http1_python_nodelay_all_c16_keepalive_ms,2.427451
latency,3,1092,http1_python_nodelay_all_c16_keepalive_ms,3.516020
latency,3,1093,http1_python_nodelay_all_c16_keepalive_ms,2.444212
latency,3,1094,http1_python_nodelay_all_c16_keepalive_ms,11.056188
latency,3,1095,http1_python_nodelay_all_c16_keepalive_ms,3.737883
latency,3,1096,http1_python_nodelay_all_c16_keepalive_ms,2.443802
latency,3,1097,http1_python_nodelay_all_c16_keepalive_ms,3.540740
latency,3,1098,http1_python_nodelay_all_c16_keepalive_ms,4.095190
latency,3,1099,http1_python_nodelay_all_c16_keepalive_ms,2.637865
latency,3,1100,http1_python_nodelay_all_c16_keepalive_ms,3.061042
latency,3,1101,http1_python_nodelay_all_c16_keepalive_ms,2.433731
latency,3,1102,http1_python_nodelay_all_c16_keepalive_ms,2.790068
latency,3,1103,http1_python_nodelay_all_c16_keepalive_ms,2.723936
latency,3,1104,http1_python_nodelay_all_c16_keepalive_ms,2.247798
latency,3,1105,http1_python_nodelay_all_c16_keepalive_ms,4.251593
latency,3,1106,http1_python_nodelay_all_c16_keepalive_ms,2.842478
latency,3,1107,http1_python_nodelay_all_c16_keepalive_ms,2.485873
latency,3,1108,http1_python_nodelay_all_c16_keepalive_ms,2.825828
latency,3,1109,http1_python_nodelay_all_c16_keepalive_ms,2.801227
latency,3,1110,http1_python_nodelay_all_c16_keepalive_ms,1.214251
latency,3,1111,http1_python_nodelay_all_c16_keepalive_ms,1.935243
latency,3,1112,http1_python_nodelay_all_c16_keepalive_ms,2.619324
latency,3,1113,http1_python_nodelay_all_c16_keepalive_ms,4.773342
latency,3,1114,http1_python_nodelay_all_c16_keepalive_ms,2.960200
latency,3,1115,http1_python_nodelay_all_c16_keepalive_ms,5.184818
latency,3,1116,http1_python_nodelay_all_c16_keepalive_ms,4.521717
latency,3,1117,http1_python_nodelay_all_c16_keepalive_ms,1.845862
latency,3,1118,http1_python_nodelay_all_c16_keepalive_ms,2.515793
latency,3,1119,http1_python_nodelay_all_c16_keepalive_ms,1.795050
latency,3,960,http1_python_nodelay_all_c16_keepalive_ms,2.695316
latency,3,961,http1_python_nodelay_all_c16_keepalive_ms,2.486932
latency,3,962,http1_python_nodelay_all_c16_keepalive_ms,4.117200
latency,3,963,http1_python_nodelay_all_c16_keepalive_ms,2.633535
latency,3,964,http1_python_nodelay_all_c16_keepalive_ms,2.661045
latency,3,965,http1_python_nodelay_all_c16_keepalive_ms,4.673580
latency,3,966,http1_python_nodelay_all_c16_keepalive_ms,3.001361
latency,3,967,http1_python_nodelay_all_c16_keepalive_ms,2.698836
latency,3,968,http1_python_nodelay_all_c16_keepalive_ms,2.732626
latency,3,969,http1_python_nodelay_all_c16_keepalive_ms,2.766208
latency,3,970,http1_python_nodelay_all_c16_keepalive_ms,2.887249
latency,3,971,http1_python_nodelay_all_c16_keepalive_ms,3.620111
latency,3,972,http1_python_nodelay_all_c16_keepalive_ms,3.459219
latency,3,973,http1_python_nodelay_all_c16_keepalive_ms,4.298123
latency,3,974,http1_python_nodelay_all_c16_keepalive_ms,3.153954
latency,3,975,http1_python_nodelay_all_c16_keepalive_ms,2.504443
latency,3,976,http1_python_nodelay_all_c16_keepalive_ms,7.203722
latency,3,977,http1_python_nodelay_all_c16_keepalive_ms,2.659605
latency,3,978,http1_python_nodelay_all_c16_keepalive_ms,2.364221
latency,3,979,http1_python_nodelay_all_c16_keepalive_ms,2.375130
latency,3,980,http1_python_nodelay_all_c16_keepalive_ms,2.969701
latency,3,981,http1_python_nodelay_all_c16_keepalive_ms,2.535383
latency,3,982,http1_python_nodelay_all_c16_keepalive_ms,1.937403
latency,3,983,http1_python_nodelay_all_c16_keepalive_ms,1.229171
latency,3,984,http1_python_nodelay_all_c16_keepalive_ms,2.674215
latency,3,985,http1_python_nodelay_all_c16_keepalive_ms,2.101076
latency,3,986,http1_python_nodelay_all_c16_keepalive_ms,2.006934
latency,3,987,http1_python_nodelay_all_c16_keepalive_ms,5.097397
latency,3,988,http1_python_nodelay_all_c16_keepalive_ms,1.760000
latency,3,989,http1_python_nodelay_all_c16_keepalive_ms,2.478062
latency,3,990,http1_python_nodelay_all_c16_keepalive_ms,3.839335
latency,3,991,http1_python_nodelay_all_c16_keepalive_ms,2.995601
latency,3,992,http1_python_nodelay_all_c16_keepalive_ms,5.689307
latency,3,993,http1_python_nodelay_all_c16_keepalive_ms,4.690750
latency,3,994,http1_python_nodelay_all_c16_keepalive_ms,2.818548
latency,3,995,http1_python_nodelay_all_c16_keepalive_ms,2.006714
latency,3,996,http1_python_nodelay_all_c16_keepalive_ms,3.761444
latency,3,997,http1_python_nodelay_all_c16_keepalive_ms,2.854629
latency,3,998,http1_python_nodelay_all_c16_keepalive_ms,6.722444
latency,3,999,http1_python_nodelay_all_c16_keepalive_ms,4.728071
latency,3,1000,http1_python_nodelay_all_c16_keepalive_ms,2.664375
latency,3,1001,http1_python_nodelay_all_c16_keepalive_ms,2.999591
latency,3,1002,http1_python_nodelay_all_c16_keepalive_ms,0.992797
latency,3,1003,http1_python_nodelay_all_c16_keepalive_ms,1.546897
latency,3,1004,http1_python_nodelay_all_c16_keepalive_ms,2.545663
latency,3,1005,http1_python_nodelay_all_c16_keepalive_ms,4.459756
latency,3,1006,http1_python_nodelay_all_c16_keepalive_ms,4.898763
latency,3,1007,http1_python_nodelay_all_c16_keepalive_ms,3.308496
latency,3,1008,http1_python_nodelay_all_c16_keepalive_ms,2.284909
latency,3,1009,http1_python_nodelay_all_c16_keepalive_ms,2.511373
latency,3,1010,http1_python_nodelay_all_c16_keepalive_ms,2.781427
latency,3,1011,http1_python_nodelay_all_c16_keepalive_ms,3.170574
latency,3,1012,http1_python_nodelay_all_c16_keepalive_ms,2.647235
latency,3,1013,http1_python_nodelay_all_c16_keepalive_ms,3.254586
latency,3,1014,http1_python_nodelay_all_c16_keepalive_ms,2.889459
latency,3,1015,http1_python_nodelay_all_c16_keepalive_ms,3.613591
latency,3,1016,http1_python_nodelay_all_c16_keepalive_ms,2.523493
latency,3,1017,http1_python_nodelay_all_c16_keepalive_ms,2.355690
latency,3,1018,http1_python_nodelay_all_c16_keepalive_ms,2.391571
latency,3,1019,http1_python_nodelay_all_c16_keepalive_ms,3.537510
latency,3,1020,http1_python_nodelay_all_c16_keepalive_ms,3.985668
latency,3,1021,http1_python_nodelay_all_c16_keepalive_ms,5.367281
latency,3,1022,http1_python_nodelay_all_c16_keepalive_ms,2.884130
latency,3,1023,http1_python_nodelay_all_c16_keepalive_ms,2.650255
latency,3,1024,http1_python_nodelay_all_c16_keepalive_ms,2.880979
latency,3,1025,http1_python_nodelay_all_c16_keepalive_ms,4.005428
latency,3,1026,http1_python_nodelay_all_c16_keepalive_ms,8.514345
latency,3,1027,http1_python_nodelay_all_c16_keepalive_ms,4.440665
latency,3,1028,http1_python_nodelay_all_c16_keepalive_ms,7.984526
latency,3,1029,http1_python_nodelay_all_c16_keepalive_ms,3.791485
latency,3,1030,http1_python_nodelay_all_c16_keepalive_ms,2.241408
latency,3,1031,http1_python_nodelay_all_c16_keepalive_ms,2.540873
latency,3,1032,http1_python_nodelay_all_c16_keepalive_ms,2.761417
latency,3,1033,http1_python_nodelay_all_c16_keepalive_ms,1.757930
latency,3,1034,http1_python_nodelay_all_c16_keepalive_ms,0.636581
latency,3,1035,http1_python_nodelay_all_c16_keepalive_ms,3.651882
latency,3,1036,http1_python_nodelay_all_c16_keepalive_ms,2.678836
latency,3,1037,http1_python_nodelay_all_c16_keepalive_ms,1.651068
latency,3,1038,http1_python_nodelay_all_c16_keepalive_ms,0.613610
latency,3,1039,http1_python_nodelay_all_c16_keepalive_ms,0.609401
latency,3,0,http1_python_nodelay_all_c16_keepalive_ms,2.441202
latency,3,1,http1_python_nodelay_all_c16_keepalive_ms,2.792897
latency,3,2,http1_python_nodelay_all_c16_keepalive_ms,5.957772
latency,3,3,http1_python_nodelay_all_c16_keepalive_ms,3.461939
latency,3,4,http1_python_nodelay_all_c16_keepalive_ms,2.481612
latency,3,5,http1_python_nodelay_all_c16_keepalive_ms,2.039055
latency,3,6,http1_python_nodelay_all_c16_keepalive_ms,3.059742
latency,3,7,http1_python_nodelay_all_c16_keepalive_ms,2.632675
latency,3,8,http1_python_nodelay_all_c16_keepalive_ms,2.967020
latency,3,9,http1_python_nodelay_all_c16_keepalive_ms,4.844232
latency,3,10,http1_python_nodelay_all_c16_keepalive_ms,2.093126
latency,3,11,http1_python_nodelay_all_c16_keepalive_ms,2.408681
latency,3,12,http1_python_nodelay_all_c16_keepalive_ms,2.844739
latency,3,13,http1_python_nodelay_all_c16_keepalive_ms,2.097105
latency,3,14,http1_python_nodelay_all_c16_keepalive_ms,2.666245
latency,3,15,http1_python_nodelay_all_c16_keepalive_ms,1.549787
latency,3,16,http1_python_nodelay_all_c16_keepalive_ms,3.848055
latency,3,17,http1_python_nodelay_all_c16_keepalive_ms,4.478837
latency,3,18,http1_python_nodelay_all_c16_keepalive_ms,3.035011
latency,3,19,http1_python_nodelay_all_c16_keepalive_ms,2.475532
latency,3,20,http1_python_nodelay_all_c16_keepalive_ms,3.369708
latency,3,21,http1_python_nodelay_all_c16_keepalive_ms,4.096210
latency,3,22,http1_python_nodelay_all_c16_keepalive_ms,2.963100
latency,3,23,http1_python_nodelay_all_c16_keepalive_ms,5.630256
latency,3,24,http1_python_nodelay_all_c16_keepalive_ms,2.123366
latency,3,25,http1_python_nodelay_all_c16_keepalive_ms,5.104807
latency,3,26,http1_python_nodelay_all_c16_keepalive_ms,6.012122
latency,3,27,http1_python_nodelay_all_c16_keepalive_ms,3.243465
latency,3,28,http1_python_nodelay_all_c16_keepalive_ms,5.002745
latency,3,29,http1_python_nodelay_all_c16_keepalive_ms,2.441342
latency,3,30,http1_python_nodelay_all_c16_keepalive_ms,4.065479
latency,3,31,http1_python_nodelay_all_c16_keepalive_ms,2.891499
latency,3,32,http1_python_nodelay_all_c16_keepalive_ms,8.259421
latency,3,33,http1_python_nodelay_all_c16_keepalive_ms,3.240005
latency,3,34,http1_python_nodelay_all_c16_keepalive_ms,3.379628
latency,3,35,http1_python_nodelay_all_c16_keepalive_ms,3.059092
latency,3,36,http1_python_nodelay_all_c16_keepalive_ms,2.283008
latency,3,37,http1_python_nodelay_all_c16_keepalive_ms,2.752127
latency,3,38,http1_python_nodelay_all_c16_keepalive_ms,2.266389
latency,3,39,http1_python_nodelay_all_c16_keepalive_ms,3.102013
latency,3,40,http1_python_nodelay_all_c16_keepalive_ms,5.111467
latency,3,41,http1_python_nodelay_all_c16_keepalive_ms,4.282673
latency,3,42,http1_python_nodelay_all_c16_keepalive_ms,2.856738
latency,3,43,http1_python_nodelay_all_c16_keepalive_ms,3.040212
latency,3,44,http1_python_nodelay_all_c16_keepalive_ms,2.561344
latency,3,45,http1_python_nodelay_all_c16_keepalive_ms,2.112206
latency,3,46,http1_python_nodelay_all_c16_keepalive_ms,2.898779
latency,3,47,http1_python_nodelay_all_c16_keepalive_ms,2.765277
latency,3,48,http1_python_nodelay_all_c16_keepalive_ms,2.777377
latency,3,49,http1_python_nodelay_all_c16_keepalive_ms,2.633005
latency,3,50,http1_python_nodelay_all_c16_keepalive_ms,3.553701
latency,3,51,http1_python_nodelay_all_c16_keepalive_ms,2.824298
latency,3,52,http1_python_nodelay_all_c16_keepalive_ms,3.433168
latency,3,53,http1_python_nodelay_all_c16_keepalive_ms,2.761067
latency,3,54,http1_python_nodelay_all_c16_keepalive_ms,5.366912
latency,3,55,http1_python_nodelay_all_c16_keepalive_ms,2.013214
latency,3,56,http1_python_nodelay_all_c16_keepalive_ms,2.605114
latency,3,57,http1_python_nodelay_all_c16_keepalive_ms,3.316886
latency,3,58,http1_python_nodelay_all_c16_keepalive_ms,2.052595
latency,3,59,http1_python_nodelay_all_c16_keepalive_ms,4.856253
latency,3,60,http1_python_nodelay_all_c16_keepalive_ms,2.790068
latency,3,61,http1_python_nodelay_all_c16_keepalive_ms,2.903719
latency,3,62,http1_python_nodelay_all_c16_keepalive_ms,2.003174
latency,3,63,http1_python_nodelay_all_c16_keepalive_ms,4.425205
latency,3,64,http1_python_nodelay_all_c16_keepalive_ms,2.844709
latency,3,65,http1_python_nodelay_all_c16_keepalive_ms,2.688666
latency,3,66,http1_python_nodelay_all_c16_keepalive_ms,2.695206
latency,3,67,http1_python_nodelay_all_c16_keepalive_ms,2.857328
latency,3,68,http1_python_nodelay_all_c16_keepalive_ms,2.976861
latency,3,69,http1_python_nodelay_all_c16_keepalive_ms,2.902999
latency,3,70,http1_python_nodelay_all_c16_keepalive_ms,2.611125
latency,3,71,http1_python_nodelay_all_c16_keepalive_ms,2.595844
latency,3,72,http1_python_nodelay_all_c16_keepalive_ms,2.331410
latency,3,73,http1_python_nodelay_all_c16_keepalive_ms,2.360540
latency,3,74,http1_python_nodelay_all_c16_keepalive_ms,3.156903
latency,3,75,http1_python_nodelay_all_c16_keepalive_ms,1.789831
latency,3,76,http1_python_nodelay_all_c16_keepalive_ms,3.646322
latency,3,77,http1_python_nodelay_all_c16_keepalive_ms,2.664525
latency,3,78,http1_python_nodelay_all_c16_keepalive_ms,2.174077
latency,3,79,http1_python_nodelay_all_c16_keepalive_ms,1.694219
latency,3,1200,http1_python_nodelay_all_c16_keepalive_ms,5.168969
latency,3,1201,http1_python_nodelay_all_c16_keepalive_ms,4.301452
latency,3,1202,http1_python_nodelay_all_c16_keepalive_ms,2.541294
latency,3,1203,http1_python_nodelay_all_c16_keepalive_ms,2.821728
latency,3,1204,http1_python_nodelay_all_c16_keepalive_ms,1.645998
latency,3,1205,http1_python_nodelay_all_c16_keepalive_ms,2.630045
latency,3,1206,http1_python_nodelay_all_c16_keepalive_ms,3.124013
latency,3,1207,http1_python_nodelay_all_c16_keepalive_ms,2.634455
latency,3,1208,http1_python_nodelay_all_c16_keepalive_ms,2.545103
latency,3,1209,http1_python_nodelay_all_c16_keepalive_ms,2.976291
latency,3,1210,http1_python_nodelay_all_c16_keepalive_ms,2.734286
latency,3,1211,http1_python_nodelay_all_c16_keepalive_ms,3.927977
latency,3,1212,http1_python_nodelay_all_c16_keepalive_ms,2.905950
latency,3,1213,http1_python_nodelay_all_c16_keepalive_ms,4.427415
latency,3,1214,http1_python_nodelay_all_c16_keepalive_ms,3.568471
latency,3,1215,http1_python_nodelay_all_c16_keepalive_ms,2.350910
latency,3,1216,http1_python_nodelay_all_c16_keepalive_ms,1.919342
latency,3,1217,http1_python_nodelay_all_c16_keepalive_ms,2.697146
latency,3,1218,http1_python_nodelay_all_c16_keepalive_ms,2.054945
latency,3,1219,http1_python_nodelay_all_c16_keepalive_ms,5.885710
latency,3,1220,http1_python_nodelay_all_c16_keepalive_ms,5.085377
latency,3,1221,http1_python_nodelay_all_c16_keepalive_ms,3.722823
latency,3,1222,http1_python_nodelay_all_c16_keepalive_ms,6.452160
latency,3,1223,http1_python_nodelay_all_c16_keepalive_ms,2.603104
latency,3,1224,http1_python_nodelay_all_c16_keepalive_ms,4.877064
latency,3,1225,http1_python_nodelay_all_c16_keepalive_ms,7.747871
latency,3,1226,http1_python_nodelay_all_c16_keepalive_ms,2.797928
latency,3,1227,http1_python_nodelay_all_c16_keepalive_ms,6.147385
latency,3,1228,http1_python_nodelay_all_c16_keepalive_ms,4.690179
latency,3,1229,http1_python_nodelay_all_c16_keepalive_ms,2.706356
latency,3,1230,http1_python_nodelay_all_c16_keepalive_ms,8.360543
latency,3,1231,http1_python_nodelay_all_c16_keepalive_ms,4.621939
latency,3,1232,http1_python_nodelay_all_c16_keepalive_ms,2.452811
latency,3,1233,http1_python_nodelay_all_c16_keepalive_ms,4.863133
latency,3,1234,http1_python_nodelay_all_c16_keepalive_ms,2.574094
latency,3,1235,http1_python_nodelay_all_c16_keepalive_ms,6.865727
latency,3,1236,http1_python_nodelay_all_c16_keepalive_ms,2.989740
latency,3,1237,http1_python_nodelay_all_c16_keepalive_ms,2.664936
latency,3,1238,http1_python_nodelay_all_c16_keepalive_ms,2.367170
latency,3,1239,http1_python_nodelay_all_c16_keepalive_ms,2.624205
latency,3,1240,http1_python_nodelay_all_c16_keepalive_ms,3.456929
latency,3,1241,http1_python_nodelay_all_c16_keepalive_ms,4.513976
latency,3,1242,http1_python_nodelay_all_c16_keepalive_ms,3.043882
latency,3,1243,http1_python_nodelay_all_c16_keepalive_ms,2.898230
latency,3,1244,http1_python_nodelay_all_c16_keepalive_ms,2.812037
latency,3,1245,http1_python_nodelay_all_c16_keepalive_ms,6.033173
latency,3,1246,http1_python_nodelay_all_c16_keepalive_ms,1.698509
latency,3,1247,http1_python_nodelay_all_c16_keepalive_ms,4.337324
latency,3,1248,http1_python_nodelay_all_c16_keepalive_ms,2.594724
latency,3,1249,http1_python_nodelay_all_c16_keepalive_ms,2.342040
latency,3,1250,http1_python_nodelay_all_c16_keepalive_ms,3.229745
latency,3,1251,http1_python_nodelay_all_c16_keepalive_ms,2.173597
latency,3,1252,http1_python_nodelay_all_c16_keepalive_ms,2.163096
latency,3,1253,http1_python_nodelay_all_c16_keepalive_ms,3.226135
latency,3,1254,http1_python_nodelay_all_c16_keepalive_ms,2.504303
latency,3,1255,http1_python_nodelay_all_c16_keepalive_ms,2.310910
latency,3,1256,http1_python_nodelay_all_c16_keepalive_ms,2.795077
latency,3,1257,http1_python_nodelay_all_c16_keepalive_ms,6.554732
latency,3,1258,http1_python_nodelay_all_c16_keepalive_ms,2.845788
latency,3,1259,http1_python_nodelay_all_c16_keepalive_ms,2.730547
latency,3,1260,http1_python_nodelay_all_c16_keepalive_ms,2.509352
latency,3,1261,http1_python_nodelay_all_c16_keepalive_ms,3.059833
latency,3,1262,http1_python_nodelay_all_c16_keepalive_ms,2.652164
latency,3,1263,http1_python_nodelay_all_c16_keepalive_ms,2.884519
latency,3,1264,http1_python_nodelay_all_c16_keepalive_ms,2.529504
latency,3,1265,http1_python_nodelay_all_c16_keepalive_ms,2.834758
latency,3,1266,http1_python_nodelay_all_c16_keepalive_ms,2.664125
latency,3,1267,http1_python_nodelay_all_c16_keepalive_ms,2.593125
latency,3,1268,http1_python_nodelay_all_c16_keepalive_ms,2.442331
latency,3,1269,http1_python_nodelay_all_c16_keepalive_ms,2.940280
latency,3,1270,http1_python_nodelay_all_c16_keepalive_ms,1.766720
latency,3,1271,http1_python_nodelay_all_c16_keepalive_ms,2.543583
latency,3,1272,http1_python_nodelay_all_c16_keepalive_ms,1.573627
latency,3,1273,http1_python_nodelay_all_c16_keepalive_ms,2.691216
latency,3,1274,http1_python_nodelay_all_c16_keepalive_ms,1.647128
latency,3,1275,http1_python_nodelay_all_c16_keepalive_ms,0.688212
latency,3,1276,http1_python_nodelay_all_c16_keepalive_ms,0.241824
latency,3,1277,http1_python_nodelay_all_c16_keepalive_ms,0.373566
latency,3,1278,http1_python_nodelay_all_c16_keepalive_ms,0.250495
latency,3,1279,http1_python_nodelay_all_c16_keepalive_ms,1.492455
trial,3,1280,http1_python_nodelay_all_c16_median_ms,2.761487
trial,3,1280,http1_python_nodelay_all_c16_p95_ms,5.561454
trial,3,1280,http1_python_nodelay_all_c16_requests_per_second,5011.146
trial,3,1280,http1_python_nodelay_all_c16_wall_ms,255.431
latency,4,0,http1_python_nodelay_all_c16_keepalive_ms,4.263982
latency,4,1,http1_python_nodelay_all_c16_keepalive_ms,2.046885
latency,4,2,http1_python_nodelay_all_c16_keepalive_ms,2.868989
latency,4,3,http1_python_nodelay_all_c16_keepalive_ms,3.094992
latency,4,4,http1_python_nodelay_all_c16_keepalive_ms,7.142612
latency,4,5,http1_python_nodelay_all_c16_keepalive_ms,2.911499
latency,4,6,http1_python_nodelay_all_c16_keepalive_ms,1.802811
latency,4,7,http1_python_nodelay_all_c16_keepalive_ms,1.815821
latency,4,8,http1_python_nodelay_all_c16_keepalive_ms,2.618145
latency,4,9,http1_python_nodelay_all_c16_keepalive_ms,2.549613
latency,4,10,http1_python_nodelay_all_c16_keepalive_ms,3.010541
latency,4,11,http1_python_nodelay_all_c16_keepalive_ms,2.975281
latency,4,12,http1_python_nodelay_all_c16_keepalive_ms,2.381580
latency,4,13,http1_python_nodelay_all_c16_keepalive_ms,2.594745
latency,4,14,http1_python_nodelay_all_c16_keepalive_ms,2.939700
latency,4,15,http1_python_nodelay_all_c16_keepalive_ms,2.302779
latency,4,16,http1_python_nodelay_all_c16_keepalive_ms,1.774810
latency,4,17,http1_python_nodelay_all_c16_keepalive_ms,1.055028
latency,4,18,http1_python_nodelay_all_c16_keepalive_ms,2.354080
latency,4,19,http1_python_nodelay_all_c16_keepalive_ms,2.214178
latency,4,20,http1_python_nodelay_all_c16_keepalive_ms,2.125766
latency,4,21,http1_python_nodelay_all_c16_keepalive_ms,2.243148
latency,4,22,http1_python_nodelay_all_c16_keepalive_ms,2.931250
latency,4,23,http1_python_nodelay_all_c16_keepalive_ms,1.926503
latency,4,24,http1_python_nodelay_all_c16_keepalive_ms,3.865226
latency,4,25,http1_python_nodelay_all_c16_keepalive_ms,4.774741
latency,4,26,http1_python_nodelay_all_c16_keepalive_ms,2.766087
latency,4,27,http1_python_nodelay_all_c16_keepalive_ms,2.965580
latency,4,28,http1_python_nodelay_all_c16_keepalive_ms,3.254676
latency,4,29,http1_python_nodelay_all_c16_keepalive_ms,2.394180
latency,4,30,http1_python_nodelay_all_c16_keepalive_ms,2.673576
latency,4,31,http1_python_nodelay_all_c16_keepalive_ms,2.431651
latency,4,32,http1_python_nodelay_all_c16_keepalive_ms,2.556364
latency,4,33,http1_python_nodelay_all_c16_keepalive_ms,2.089965
latency,4,34,http1_python_nodelay_all_c16_keepalive_ms,2.707447
latency,4,35,http1_python_nodelay_all_c16_keepalive_ms,2.605694
latency,4,36,http1_python_nodelay_all_c16_keepalive_ms,3.305326
latency,4,37,http1_python_nodelay_all_c16_keepalive_ms,2.325850
latency,4,38,http1_python_nodelay_all_c16_keepalive_ms,2.818058
latency,4,39,http1_python_nodelay_all_c16_keepalive_ms,2.767977
latency,4,40,http1_python_nodelay_all_c16_keepalive_ms,2.293569
latency,4,41,http1_python_nodelay_all_c16_keepalive_ms,3.340607
latency,4,42,http1_python_nodelay_all_c16_keepalive_ms,4.661539
latency,4,43,http1_python_nodelay_all_c16_keepalive_ms,2.946920
latency,4,44,http1_python_nodelay_all_c16_keepalive_ms,2.837339
latency,4,45,http1_python_nodelay_all_c16_keepalive_ms,2.233728
latency,4,46,http1_python_nodelay_all_c16_keepalive_ms,2.516852
latency,4,47,http1_python_nodelay_all_c16_keepalive_ms,2.415452
latency,4,48,http1_python_nodelay_all_c16_keepalive_ms,2.479701
latency,4,49,http1_python_nodelay_all_c16_keepalive_ms,3.135294
latency,4,50,http1_python_nodelay_all_c16_keepalive_ms,2.695646
latency,4,51,http1_python_nodelay_all_c16_keepalive_ms,1.874112
latency,4,52,http1_python_nodelay_all_c16_keepalive_ms,2.624345
latency,4,53,http1_python_nodelay_all_c16_keepalive_ms,2.559523
latency,4,54,http1_python_nodelay_all_c16_keepalive_ms,2.427441
latency,4,55,http1_python_nodelay_all_c16_keepalive_ms,3.392798
latency,4,56,http1_python_nodelay_all_c16_keepalive_ms,3.759974
latency,4,57,http1_python_nodelay_all_c16_keepalive_ms,2.762167
latency,4,58,http1_python_nodelay_all_c16_keepalive_ms,5.787188
latency,4,59,http1_python_nodelay_all_c16_keepalive_ms,2.486803
latency,4,60,http1_python_nodelay_all_c16_keepalive_ms,2.347200
latency,4,61,http1_python_nodelay_all_c16_keepalive_ms,2.990241
latency,4,62,http1_python_nodelay_all_c16_keepalive_ms,2.444691
latency,4,63,http1_python_nodelay_all_c16_keepalive_ms,3.199475
latency,4,64,http1_python_nodelay_all_c16_keepalive_ms,3.030891
latency,4,65,http1_python_nodelay_all_c16_keepalive_ms,4.053279
latency,4,66,http1_python_nodelay_all_c16_keepalive_ms,1.650018
latency,4,67,http1_python_nodelay_all_c16_keepalive_ms,2.437792
latency,4,68,http1_python_nodelay_all_c16_keepalive_ms,2.921370
latency,4,69,http1_python_nodelay_all_c16_keepalive_ms,3.110863
latency,4,70,http1_python_nodelay_all_c16_keepalive_ms,2.966900
latency,4,71,http1_python_nodelay_all_c16_keepalive_ms,5.220929
latency,4,72,http1_python_nodelay_all_c16_keepalive_ms,3.810575
latency,4,73,http1_python_nodelay_all_c16_keepalive_ms,2.651885
latency,4,74,http1_python_nodelay_all_c16_keepalive_ms,2.710096
latency,4,75,http1_python_nodelay_all_c16_keepalive_ms,2.899029
latency,4,76,http1_python_nodelay_all_c16_keepalive_ms,3.006492
latency,4,77,http1_python_nodelay_all_c16_keepalive_ms,2.781937
latency,4,78,http1_python_nodelay_all_c16_keepalive_ms,2.394601
latency,4,79,http1_python_nodelay_all_c16_keepalive_ms,3.109243
latency,4,1200,http1_python_nodelay_all_c16_keepalive_ms,4.415725
latency,4,1201,http1_python_nodelay_all_c16_keepalive_ms,2.168117
latency,4,1202,http1_python_nodelay_all_c16_keepalive_ms,2.892169
latency,4,1203,http1_python_nodelay_all_c16_keepalive_ms,2.926220
latency,4,1204,http1_python_nodelay_all_c16_keepalive_ms,1.129139
latency,4,1205,http1_python_nodelay_all_c16_keepalive_ms,1.606867
latency,4,1206,http1_python_nodelay_all_c16_keepalive_ms,1.919963
latency,4,1207,http1_python_nodelay_all_c16_keepalive_ms,2.899309
latency,4,1208,http1_python_nodelay_all_c16_keepalive_ms,4.205522
latency,4,1209,http1_python_nodelay_all_c16_keepalive_ms,1.839731
latency,4,1210,http1_python_nodelay_all_c16_keepalive_ms,2.457112
latency,4,1211,http1_python_nodelay_all_c16_keepalive_ms,2.914480
latency,4,1212,http1_python_nodelay_all_c16_keepalive_ms,2.694356
latency,4,1213,http1_python_nodelay_all_c16_keepalive_ms,3.250485
latency,4,1214,http1_python_nodelay_all_c16_keepalive_ms,2.245218
latency,4,1215,http1_python_nodelay_all_c16_keepalive_ms,2.748177
latency,4,1216,http1_python_nodelay_all_c16_keepalive_ms,2.697386
latency,4,1217,http1_python_nodelay_all_c16_keepalive_ms,2.505972
latency,4,1218,http1_python_nodelay_all_c16_keepalive_ms,1.870102
latency,4,1219,http1_python_nodelay_all_c16_keepalive_ms,2.626945
latency,4,1220,http1_python_nodelay_all_c16_keepalive_ms,2.761447
latency,4,1221,http1_python_nodelay_all_c16_keepalive_ms,4.106120
latency,4,1222,http1_python_nodelay_all_c16_keepalive_ms,2.386570
latency,4,1223,http1_python_nodelay_all_c16_keepalive_ms,1.307643
latency,4,1224,http1_python_nodelay_all_c16_keepalive_ms,2.496912
latency,4,1225,http1_python_nodelay_all_c16_keepalive_ms,3.010691
latency,4,1226,http1_python_nodelay_all_c16_keepalive_ms,2.184317
latency,4,1227,http1_python_nodelay_all_c16_keepalive_ms,2.513563
latency,4,1228,http1_python_nodelay_all_c16_keepalive_ms,2.870569
latency,4,1229,http1_python_nodelay_all_c16_keepalive_ms,2.740497
latency,4,1230,http1_python_nodelay_all_c16_keepalive_ms,3.101903
latency,4,1231,http1_python_nodelay_all_c16_keepalive_ms,3.011481
latency,4,1232,http1_python_nodelay_all_c16_keepalive_ms,2.125546
latency,4,1233,http1_python_nodelay_all_c16_keepalive_ms,4.359564
latency,4,1234,http1_python_nodelay_all_c16_keepalive_ms,2.809368
latency,4,1235,http1_python_nodelay_all_c16_keepalive_ms,2.797368
latency,4,1236,http1_python_nodelay_all_c16_keepalive_ms,2.605444
latency,4,1237,http1_python_nodelay_all_c16_keepalive_ms,3.357257
latency,4,1238,http1_python_nodelay_all_c16_keepalive_ms,4.313544
latency,4,1239,http1_python_nodelay_all_c16_keepalive_ms,8.645997
latency,4,1240,http1_python_nodelay_all_c16_keepalive_ms,3.192804
latency,4,1241,http1_python_nodelay_all_c16_keepalive_ms,2.638275
latency,4,1242,http1_python_nodelay_all_c16_keepalive_ms,2.291699
latency,4,1243,http1_python_nodelay_all_c16_keepalive_ms,2.534453
latency,4,1244,http1_python_nodelay_all_c16_keepalive_ms,2.727497
latency,4,1245,http1_python_nodelay_all_c16_keepalive_ms,4.854062
latency,4,1246,http1_python_nodelay_all_c16_keepalive_ms,2.546893
latency,4,1247,http1_python_nodelay_all_c16_keepalive_ms,2.952661
latency,4,1248,http1_python_nodelay_all_c16_keepalive_ms,4.502826
latency,4,1249,http1_python_nodelay_all_c16_keepalive_ms,2.887150
latency,4,1250,http1_python_nodelay_all_c16_keepalive_ms,2.386600
latency,4,1251,http1_python_nodelay_all_c16_keepalive_ms,2.435951
latency,4,1252,http1_python_nodelay_all_c16_keepalive_ms,2.623255
latency,4,1253,http1_python_nodelay_all_c16_keepalive_ms,1.501906
latency,4,1254,http1_python_nodelay_all_c16_keepalive_ms,2.998781
latency,4,1255,http1_python_nodelay_all_c16_keepalive_ms,2.692546
latency,4,1256,http1_python_nodelay_all_c16_keepalive_ms,2.143076
latency,4,1257,http1_python_nodelay_all_c16_keepalive_ms,3.074022
latency,4,1258,http1_python_nodelay_all_c16_keepalive_ms,2.918250
latency,4,1259,http1_python_nodelay_all_c16_keepalive_ms,2.665195
latency,4,1260,http1_python_nodelay_all_c16_keepalive_ms,2.629475
latency,4,1261,http1_python_nodelay_all_c16_keepalive_ms,2.163857
latency,4,1262,http1_python_nodelay_all_c16_keepalive_ms,3.567521
latency,4,1263,http1_python_nodelay_all_c16_keepalive_ms,3.324486
latency,4,1264,http1_python_nodelay_all_c16_keepalive_ms,3.595652
latency,4,1265,http1_python_nodelay_all_c16_keepalive_ms,2.460881
latency,4,1266,http1_python_nodelay_all_c16_keepalive_ms,1.770461
latency,4,1267,http1_python_nodelay_all_c16_keepalive_ms,3.263455
latency,4,1268,http1_python_nodelay_all_c16_keepalive_ms,2.764887
latency,4,1269,http1_python_nodelay_all_c16_keepalive_ms,3.153174
latency,4,1270,http1_python_nodelay_all_c16_keepalive_ms,5.323500
latency,4,1271,http1_python_nodelay_all_c16_keepalive_ms,3.818936
latency,4,1272,http1_python_nodelay_all_c16_keepalive_ms,2.700396
latency,4,1273,http1_python_nodelay_all_c16_keepalive_ms,2.576934
latency,4,1274,http1_python_nodelay_all_c16_keepalive_ms,2.898058
latency,4,1275,http1_python_nodelay_all_c16_keepalive_ms,3.048662
latency,4,1276,http1_python_nodelay_all_c16_keepalive_ms,2.532964
latency,4,1277,http1_python_nodelay_all_c16_keepalive_ms,2.577614
latency,4,1278,http1_python_nodelay_all_c16_keepalive_ms,3.041001
latency,4,1279,http1_python_nodelay_all_c16_keepalive_ms,5.017016
latency,4,720,http1_python_nodelay_all_c16_keepalive_ms,4.323483
latency,4,721,http1_python_nodelay_all_c16_keepalive_ms,4.627009
latency,4,722,http1_python_nodelay_all_c16_keepalive_ms,3.314127
latency,4,723,http1_python_nodelay_all_c16_keepalive_ms,1.335712
latency,4,724,http1_python_nodelay_all_c16_keepalive_ms,1.337333
latency,4,725,http1_python_nodelay_all_c16_keepalive_ms,2.147167
latency,4,726,http1_python_nodelay_all_c16_keepalive_ms,2.103145
latency,4,727,http1_python_nodelay_all_c16_keepalive_ms,3.088473
latency,4,728,http1_python_nodelay_all_c16_keepalive_ms,1.987124
latency,4,729,http1_python_nodelay_all_c16_keepalive_ms,2.416311
latency,4,730,http1_python_nodelay_all_c16_keepalive_ms,1.876722
latency,4,731,http1_python_nodelay_all_c16_keepalive_ms,2.552474
latency,4,732,http1_python_nodelay_all_c16_keepalive_ms,3.011261
latency,4,733,http1_python_nodelay_all_c16_keepalive_ms,3.301896
latency,4,734,http1_python_nodelay_all_c16_keepalive_ms,4.574808
latency,4,735,http1_python_nodelay_all_c16_keepalive_ms,3.220415
latency,4,736,http1_python_nodelay_all_c16_keepalive_ms,3.525700
latency,4,737,http1_python_nodelay_all_c16_keepalive_ms,1.433744
latency,4,738,http1_python_nodelay_all_c16_keepalive_ms,2.336070
latency,4,739,http1_python_nodelay_all_c16_keepalive_ms,4.484746
latency,4,740,http1_python_nodelay_all_c16_keepalive_ms,3.463989
latency,4,741,http1_python_nodelay_all_c16_keepalive_ms,3.200755
latency,4,742,http1_python_nodelay_all_c16_keepalive_ms,4.332073
latency,4,743,http1_python_nodelay_all_c16_keepalive_ms,2.164677
latency,4,744,http1_python_nodelay_all_c16_keepalive_ms,2.647355
latency,4,745,http1_python_nodelay_all_c16_keepalive_ms,2.870099
latency,4,746,http1_python_nodelay_all_c16_keepalive_ms,2.402461
latency,4,747,http1_python_nodelay_all_c16_keepalive_ms,1.920463
latency,4,748,http1_python_nodelay_all_c16_keepalive_ms,4.313413
latency,4,749,http1_python_nodelay_all_c16_keepalive_ms,4.454256
latency,4,750,http1_python_nodelay_all_c16_keepalive_ms,2.752457
latency,4,751,http1_python_nodelay_all_c16_keepalive_ms,4.900943
latency,4,752,http1_python_nodelay_all_c16_keepalive_ms,2.809538
latency,4,753,http1_python_nodelay_all_c16_keepalive_ms,3.263105
latency,4,754,http1_python_nodelay_all_c16_keepalive_ms,2.276999
latency,4,755,http1_python_nodelay_all_c16_keepalive_ms,2.562524
latency,4,756,http1_python_nodelay_all_c16_keepalive_ms,3.099023
latency,4,757,http1_python_nodelay_all_c16_keepalive_ms,2.507842
latency,4,758,http1_python_nodelay_all_c16_keepalive_ms,2.717147
latency,4,759,http1_python_nodelay_all_c16_keepalive_ms,3.137263
latency,4,760,http1_python_nodelay_all_c16_keepalive_ms,2.364430
latency,4,761,http1_python_nodelay_all_c16_keepalive_ms,2.327010
latency,4,762,http1_python_nodelay_all_c16_keepalive_ms,2.899269
latency,4,763,http1_python_nodelay_all_c16_keepalive_ms,2.476702
latency,4,764,http1_python_nodelay_all_c16_keepalive_ms,4.033119
latency,4,765,http1_python_nodelay_all_c16_keepalive_ms,3.186854
latency,4,766,http1_python_nodelay_all_c16_keepalive_ms,2.723576
latency,4,767,http1_python_nodelay_all_c16_keepalive_ms,3.212595
latency,4,768,http1_python_nodelay_all_c16_keepalive_ms,1.900442
latency,4,769,http1_python_nodelay_all_c16_keepalive_ms,2.665986
latency,4,770,http1_python_nodelay_all_c16_keepalive_ms,2.206448
latency,4,771,http1_python_nodelay_all_c16_keepalive_ms,3.079202
latency,4,772,http1_python_nodelay_all_c16_keepalive_ms,2.355880
latency,4,773,http1_python_nodelay_all_c16_keepalive_ms,2.178127
latency,4,774,http1_python_nodelay_all_c16_keepalive_ms,2.193887
latency,4,775,http1_python_nodelay_all_c16_keepalive_ms,2.423062
latency,4,776,http1_python_nodelay_all_c16_keepalive_ms,2.462142
latency,4,777,http1_python_nodelay_all_c16_keepalive_ms,2.688575
latency,4,778,http1_python_nodelay_all_c16_keepalive_ms,3.068022
latency,4,779,http1_python_nodelay_all_c16_keepalive_ms,2.806838
latency,4,780,http1_python_nodelay_all_c16_keepalive_ms,2.627175
latency,4,781,http1_python_nodelay_all_c16_keepalive_ms,2.966770
latency,4,782,http1_python_nodelay_all_c16_keepalive_ms,2.481693
latency,4,783,http1_python_nodelay_all_c16_keepalive_ms,3.657142
latency,4,784,http1_python_nodelay_all_c16_keepalive_ms,3.594481
latency,4,785,http1_python_nodelay_all_c16_keepalive_ms,1.850411
latency,4,786,http1_python_nodelay_all_c16_keepalive_ms,2.423252
latency,4,787,http1_python_nodelay_all_c16_keepalive_ms,3.220655
latency,4,788,http1_python_nodelay_all_c16_keepalive_ms,2.858648
latency,4,789,http1_python_nodelay_all_c16_keepalive_ms,3.150634
latency,4,790,http1_python_nodelay_all_c16_keepalive_ms,2.331169
latency,4,791,http1_python_nodelay_all_c16_keepalive_ms,5.975122
latency,4,792,http1_python_nodelay_all_c16_keepalive_ms,3.322807
latency,4,793,http1_python_nodelay_all_c16_keepalive_ms,2.793988
latency,4,794,http1_python_nodelay_all_c16_keepalive_ms,2.685755
latency,4,795,http1_python_nodelay_all_c16_keepalive_ms,5.623876
latency,4,796,http1_python_nodelay_all_c16_keepalive_ms,3.843455
latency,4,797,http1_python_nodelay_all_c16_keepalive_ms,1.968884
latency,4,798,http1_python_nodelay_all_c16_keepalive_ms,2.163757
latency,4,799,http1_python_nodelay_all_c16_keepalive_ms,2.816877
latency,4,80,http1_python_nodelay_all_c16_keepalive_ms,1.901742
latency,4,81,http1_python_nodelay_all_c16_keepalive_ms,2.668386
latency,4,82,http1_python_nodelay_all_c16_keepalive_ms,2.027794
latency,4,83,http1_python_nodelay_all_c16_keepalive_ms,2.555594
latency,4,84,http1_python_nodelay_all_c16_keepalive_ms,1.732769
latency,4,85,http1_python_nodelay_all_c16_keepalive_ms,6.074414
latency,4,86,http1_python_nodelay_all_c16_keepalive_ms,2.919969
latency,4,87,http1_python_nodelay_all_c16_keepalive_ms,2.879579
latency,4,88,http1_python_nodelay_all_c16_keepalive_ms,3.188455
latency,4,89,http1_python_nodelay_all_c16_keepalive_ms,2.759467
latency,4,90,http1_python_nodelay_all_c16_keepalive_ms,2.613574
latency,4,91,http1_python_nodelay_all_c16_keepalive_ms,2.945301
latency,4,92,http1_python_nodelay_all_c16_keepalive_ms,2.932749
latency,4,93,http1_python_nodelay_all_c16_keepalive_ms,2.401021
latency,4,94,http1_python_nodelay_all_c16_keepalive_ms,2.450132
latency,4,95,http1_python_nodelay_all_c16_keepalive_ms,3.110023
latency,4,96,http1_python_nodelay_all_c16_keepalive_ms,2.178267
latency,4,97,http1_python_nodelay_all_c16_keepalive_ms,4.950864
latency,4,98,http1_python_nodelay_all_c16_keepalive_ms,2.430721
latency,4,99,http1_python_nodelay_all_c16_keepalive_ms,2.686756
latency,4,100,http1_python_nodelay_all_c16_keepalive_ms,2.573354
latency,4,101,http1_python_nodelay_all_c16_keepalive_ms,2.409571
latency,4,102,http1_python_nodelay_all_c16_keepalive_ms,4.737591
latency,4,103,http1_python_nodelay_all_c16_keepalive_ms,2.949680
latency,4,104,http1_python_nodelay_all_c16_keepalive_ms,2.693286
latency,4,105,http1_python_nodelay_all_c16_keepalive_ms,2.870569
latency,4,106,http1_python_nodelay_all_c16_keepalive_ms,2.618824
latency,4,107,http1_python_nodelay_all_c16_keepalive_ms,1.701589
latency,4,108,http1_python_nodelay_all_c16_keepalive_ms,4.388365
latency,4,109,http1_python_nodelay_all_c16_keepalive_ms,2.204047
latency,4,110,http1_python_nodelay_all_c16_keepalive_ms,2.799918
latency,4,111,http1_python_nodelay_all_c16_keepalive_ms,2.324359
latency,4,112,http1_python_nodelay_all_c16_keepalive_ms,2.223148
latency,4,113,http1_python_nodelay_all_c16_keepalive_ms,2.201008
latency,4,114,http1_python_nodelay_all_c16_keepalive_ms,3.180824
latency,4,115,http1_python_nodelay_all_c16_keepalive_ms,0.999497
latency,4,116,http1_python_nodelay_all_c16_keepalive_ms,2.483802
latency,4,117,http1_python_nodelay_all_c16_keepalive_ms,4.098240
latency,4,118,http1_python_nodelay_all_c16_keepalive_ms,3.599461
latency,4,119,http1_python_nodelay_all_c16_keepalive_ms,4.631769
latency,4,120,http1_python_nodelay_all_c16_keepalive_ms,3.171614
latency,4,121,http1_python_nodelay_all_c16_keepalive_ms,3.334827
latency,4,122,http1_python_nodelay_all_c16_keepalive_ms,2.029134
latency,4,123,http1_python_nodelay_all_c16_keepalive_ms,2.608645
latency,4,124,http1_python_nodelay_all_c16_keepalive_ms,2.528583
latency,4,125,http1_python_nodelay_all_c16_keepalive_ms,2.470362
latency,4,126,http1_python_nodelay_all_c16_keepalive_ms,2.597404
latency,4,127,http1_python_nodelay_all_c16_keepalive_ms,2.414051
latency,4,128,http1_python_nodelay_all_c16_keepalive_ms,2.610114
latency,4,129,http1_python_nodelay_all_c16_keepalive_ms,2.944691
latency,4,130,http1_python_nodelay_all_c16_keepalive_ms,3.869116
latency,4,131,http1_python_nodelay_all_c16_keepalive_ms,3.194094
latency,4,132,http1_python_nodelay_all_c16_keepalive_ms,2.592044
latency,4,133,http1_python_nodelay_all_c16_keepalive_ms,2.777987
latency,4,134,http1_python_nodelay_all_c16_keepalive_ms,4.253813
latency,4,135,http1_python_nodelay_all_c16_keepalive_ms,2.736826
latency,4,136,http1_python_nodelay_all_c16_keepalive_ms,2.192998
latency,4,137,http1_python_nodelay_all_c16_keepalive_ms,3.073082
latency,4,138,http1_python_nodelay_all_c16_keepalive_ms,3.079092
latency,4,139,http1_python_nodelay_all_c16_keepalive_ms,2.503853
latency,4,140,http1_python_nodelay_all_c16_keepalive_ms,2.696666
latency,4,141,http1_python_nodelay_all_c16_keepalive_ms,2.626505
latency,4,142,http1_python_nodelay_all_c16_keepalive_ms,3.219414
latency,4,143,http1_python_nodelay_all_c16_keepalive_ms,3.012291
latency,4,144,http1_python_nodelay_all_c16_keepalive_ms,3.627732
latency,4,145,http1_python_nodelay_all_c16_keepalive_ms,2.441202
latency,4,146,http1_python_nodelay_all_c16_keepalive_ms,1.978034
latency,4,147,http1_python_nodelay_all_c16_keepalive_ms,3.042001
latency,4,148,http1_python_nodelay_all_c16_keepalive_ms,2.945221
latency,4,149,http1_python_nodelay_all_c16_keepalive_ms,3.127543
latency,4,150,http1_python_nodelay_all_c16_keepalive_ms,5.208018
latency,4,151,http1_python_nodelay_all_c16_keepalive_ms,3.754404
latency,4,152,http1_python_nodelay_all_c16_keepalive_ms,2.856059
latency,4,153,http1_python_nodelay_all_c16_keepalive_ms,2.604734
latency,4,154,http1_python_nodelay_all_c16_keepalive_ms,2.941760
latency,4,155,http1_python_nodelay_all_c16_keepalive_ms,4.721501
latency,4,156,http1_python_nodelay_all_c16_keepalive_ms,3.221524
latency,4,157,http1_python_nodelay_all_c16_keepalive_ms,7.777553
latency,4,158,http1_python_nodelay_all_c16_keepalive_ms,3.562310
latency,4,159,http1_python_nodelay_all_c16_keepalive_ms,2.889790
latency,4,1120,http1_python_nodelay_all_c16_keepalive_ms,3.654532
latency,4,1121,http1_python_nodelay_all_c16_keepalive_ms,2.946840
latency,4,1122,http1_python_nodelay_all_c16_keepalive_ms,2.339940
latency,4,1123,http1_python_nodelay_all_c16_keepalive_ms,3.293226
latency,4,1124,http1_python_nodelay_all_c16_keepalive_ms,1.227341
latency,4,1125,http1_python_nodelay_all_c16_keepalive_ms,1.447935
latency,4,1126,http1_python_nodelay_all_c16_keepalive_ms,2.144387
latency,4,1127,http1_python_nodelay_all_c16_keepalive_ms,2.466461
latency,4,1128,http1_python_nodelay_all_c16_keepalive_ms,2.792448
latency,4,1129,http1_python_nodelay_all_c16_keepalive_ms,8.836870
latency,4,1130,http1_python_nodelay_all_c16_keepalive_ms,3.011312
latency,4,1131,http1_python_nodelay_all_c16_keepalive_ms,3.045261
latency,4,1132,http1_python_nodelay_all_c16_keepalive_ms,2.154967
latency,4,1133,http1_python_nodelay_all_c16_keepalive_ms,2.705156
latency,4,1134,http1_python_nodelay_all_c16_keepalive_ms,2.897319
latency,4,1135,http1_python_nodelay_all_c16_keepalive_ms,2.520683
latency,4,1136,http1_python_nodelay_all_c16_keepalive_ms,2.702997
latency,4,1137,http1_python_nodelay_all_c16_keepalive_ms,2.158606
latency,4,1138,http1_python_nodelay_all_c16_keepalive_ms,2.434351
latency,4,1139,http1_python_nodelay_all_c16_keepalive_ms,2.190568
latency,4,1140,http1_python_nodelay_all_c16_keepalive_ms,4.970134
latency,4,1141,http1_python_nodelay_all_c16_keepalive_ms,3.512960
latency,4,1142,http1_python_nodelay_all_c16_keepalive_ms,2.625735
latency,4,1143,http1_python_nodelay_all_c16_keepalive_ms,1.891052
latency,4,1144,http1_python_nodelay_all_c16_keepalive_ms,2.604154
latency,4,1145,http1_python_nodelay_all_c16_keepalive_ms,2.814428
latency,4,1146,http1_python_nodelay_all_c16_keepalive_ms,2.964561
latency,4,1147,http1_python_nodelay_all_c16_keepalive_ms,1.419854
latency,4,1148,http1_python_nodelay_all_c16_keepalive_ms,4.800781
latency,4,1149,http1_python_nodelay_all_c16_keepalive_ms,1.896333
latency,4,1150,http1_python_nodelay_all_c16_keepalive_ms,2.712046
latency,4,1151,http1_python_nodelay_all_c16_keepalive_ms,2.391291
latency,4,1152,http1_python_nodelay_all_c16_keepalive_ms,2.244608
latency,4,1153,http1_python_nodelay_all_c16_keepalive_ms,2.452472
latency,4,1154,http1_python_nodelay_all_c16_keepalive_ms,2.704196
latency,4,1155,http1_python_nodelay_all_c16_keepalive_ms,8.493794
latency,4,1156,http1_python_nodelay_all_c16_keepalive_ms,2.722367
latency,4,1157,http1_python_nodelay_all_c16_keepalive_ms,2.696826
latency,4,1158,http1_python_nodelay_all_c16_keepalive_ms,2.717376
latency,4,1159,http1_python_nodelay_all_c16_keepalive_ms,3.222514
latency,4,1160,http1_python_nodelay_all_c16_keepalive_ms,2.526604
latency,4,1161,http1_python_nodelay_all_c16_keepalive_ms,2.239658
latency,4,1162,http1_python_nodelay_all_c16_keepalive_ms,2.607564
latency,4,1163,http1_python_nodelay_all_c16_keepalive_ms,2.461382
latency,4,1164,http1_python_nodelay_all_c16_keepalive_ms,2.561744
latency,4,1165,http1_python_nodelay_all_c16_keepalive_ms,2.834918
latency,4,1166,http1_python_nodelay_all_c16_keepalive_ms,4.762901
latency,4,1167,http1_python_nodelay_all_c16_keepalive_ms,3.145113
latency,4,1168,http1_python_nodelay_all_c16_keepalive_ms,1.782141
latency,4,1169,http1_python_nodelay_all_c16_keepalive_ms,2.716936
latency,4,1170,http1_python_nodelay_all_c16_keepalive_ms,4.888383
latency,4,1171,http1_python_nodelay_all_c16_keepalive_ms,2.891029
latency,4,1172,http1_python_nodelay_all_c16_keepalive_ms,4.117931
latency,4,1173,http1_python_nodelay_all_c16_keepalive_ms,2.943860
latency,4,1174,http1_python_nodelay_all_c16_keepalive_ms,2.170087
latency,4,1175,http1_python_nodelay_all_c16_keepalive_ms,2.867228
latency,4,1176,http1_python_nodelay_all_c16_keepalive_ms,3.033412
latency,4,1177,http1_python_nodelay_all_c16_keepalive_ms,2.684216
latency,4,1178,http1_python_nodelay_all_c16_keepalive_ms,2.673255
latency,4,1179,http1_python_nodelay_all_c16_keepalive_ms,10.406957
latency,4,1180,http1_python_nodelay_all_c16_keepalive_ms,2.964541
latency,4,1181,http1_python_nodelay_all_c16_keepalive_ms,3.444288
latency,4,1182,http1_python_nodelay_all_c16_keepalive_ms,3.195795
latency,4,1183,http1_python_nodelay_all_c16_keepalive_ms,6.100493
latency,4,1184,http1_python_nodelay_all_c16_keepalive_ms,2.241289
latency,4,1185,http1_python_nodelay_all_c16_keepalive_ms,2.876019
latency,4,1186,http1_python_nodelay_all_c16_keepalive_ms,3.841235
latency,4,1187,http1_python_nodelay_all_c16_keepalive_ms,5.329521
latency,4,1188,http1_python_nodelay_all_c16_keepalive_ms,3.310316
latency,4,1189,http1_python_nodelay_all_c16_keepalive_ms,0.740493
latency,4,1190,http1_python_nodelay_all_c16_keepalive_ms,1.799760
latency,4,1191,http1_python_nodelay_all_c16_keepalive_ms,2.807508
latency,4,1192,http1_python_nodelay_all_c16_keepalive_ms,2.414981
latency,4,1193,http1_python_nodelay_all_c16_keepalive_ms,1.147540
latency,4,1194,http1_python_nodelay_all_c16_keepalive_ms,2.035005
latency,4,1195,http1_python_nodelay_all_c16_keepalive_ms,1.007157
latency,4,1196,http1_python_nodelay_all_c16_keepalive_ms,1.021597
latency,4,1197,http1_python_nodelay_all_c16_keepalive_ms,2.992601
latency,4,1198,http1_python_nodelay_all_c16_keepalive_ms,2.924110
latency,4,1199,http1_python_nodelay_all_c16_keepalive_ms,3.108913
latency,4,400,http1_python_nodelay_all_c16_keepalive_ms,4.119570
latency,4,401,http1_python_nodelay_all_c16_keepalive_ms,2.466942
latency,4,402,http1_python_nodelay_all_c16_keepalive_ms,2.094125
latency,4,403,http1_python_nodelay_all_c16_keepalive_ms,2.196768
latency,4,404,http1_python_nodelay_all_c16_keepalive_ms,4.130530
latency,4,405,http1_python_nodelay_all_c16_keepalive_ms,1.863212
latency,4,406,http1_python_nodelay_all_c16_keepalive_ms,2.886979
latency,4,407,http1_python_nodelay_all_c16_keepalive_ms,2.218968
latency,4,408,http1_python_nodelay_all_c16_keepalive_ms,3.518580
latency,4,409,http1_python_nodelay_all_c16_keepalive_ms,3.087342
latency,4,410,http1_python_nodelay_all_c16_keepalive_ms,2.504533
latency,4,411,http1_python_nodelay_all_c16_keepalive_ms,3.032252
latency,4,412,http1_python_nodelay_all_c16_keepalive_ms,3.205894
latency,4,413,http1_python_nodelay_all_c16_keepalive_ms,4.189071
latency,4,414,http1_python_nodelay_all_c16_keepalive_ms,3.519830
latency,4,415,http1_python_nodelay_all_c16_keepalive_ms,2.349790
latency,4,416,http1_python_nodelay_all_c16_keepalive_ms,5.061256
latency,4,417,http1_python_nodelay_all_c16_keepalive_ms,4.484277
latency,4,418,http1_python_nodelay_all_c16_keepalive_ms,3.535220
latency,4,419,http1_python_nodelay_all_c16_keepalive_ms,1.835681
latency,4,420,http1_python_nodelay_all_c16_keepalive_ms,1.661358
latency,4,421,http1_python_nodelay_all_c16_keepalive_ms,3.329877
latency,4,422,http1_python_nodelay_all_c16_keepalive_ms,2.775597
latency,4,423,http1_python_nodelay_all_c16_keepalive_ms,2.715646
latency,4,424,http1_python_nodelay_all_c16_keepalive_ms,4.790252
latency,4,425,http1_python_nodelay_all_c16_keepalive_ms,3.903707
latency,4,426,http1_python_nodelay_all_c16_keepalive_ms,2.941519
latency,4,427,http1_python_nodelay_all_c16_keepalive_ms,4.602399
latency,4,428,http1_python_nodelay_all_c16_keepalive_ms,3.508710
latency,4,429,http1_python_nodelay_all_c16_keepalive_ms,1.272441
latency,4,430,http1_python_nodelay_all_c16_keepalive_ms,2.708426
latency,4,431,http1_python_nodelay_all_c16_keepalive_ms,2.538174
latency,4,432,http1_python_nodelay_all_c16_keepalive_ms,3.104902
latency,4,433,http1_python_nodelay_all_c16_keepalive_ms,2.526373
latency,4,434,http1_python_nodelay_all_c16_keepalive_ms,2.862019
latency,4,435,http1_python_nodelay_all_c16_keepalive_ms,2.767457
latency,4,436,http1_python_nodelay_all_c16_keepalive_ms,2.628505
latency,4,437,http1_python_nodelay_all_c16_keepalive_ms,3.006381
latency,4,438,http1_python_nodelay_all_c16_keepalive_ms,5.486393
latency,4,439,http1_python_nodelay_all_c16_keepalive_ms,2.031515
latency,4,440,http1_python_nodelay_all_c16_keepalive_ms,2.975251
latency,4,441,http1_python_nodelay_all_c16_keepalive_ms,2.321479
latency,4,442,http1_python_nodelay_all_c16_keepalive_ms,0.866045
latency,4,443,http1_python_nodelay_all_c16_keepalive_ms,3.708393
latency,4,444,http1_python_nodelay_all_c16_keepalive_ms,2.768057
latency,4,445,http1_python_nodelay_all_c16_keepalive_ms,2.632265
latency,4,446,http1_python_nodelay_all_c16_keepalive_ms,2.497122
latency,4,447,http1_python_nodelay_all_c16_keepalive_ms,2.570834
latency,4,448,http1_python_nodelay_all_c16_keepalive_ms,2.647195
latency,4,449,http1_python_nodelay_all_c16_keepalive_ms,2.319680
latency,4,450,http1_python_nodelay_all_c16_keepalive_ms,3.032421
latency,4,451,http1_python_nodelay_all_c16_keepalive_ms,2.720247
latency,4,452,http1_python_nodelay_all_c16_keepalive_ms,1.603557
latency,4,453,http1_python_nodelay_all_c16_keepalive_ms,2.245058
latency,4,454,http1_python_nodelay_all_c16_keepalive_ms,2.919610
latency,4,455,http1_python_nodelay_all_c16_keepalive_ms,3.027642
latency,4,456,http1_python_nodelay_all_c16_keepalive_ms,2.078595
latency,4,457,http1_python_nodelay_all_c16_keepalive_ms,2.934710
latency,4,458,http1_python_nodelay_all_c16_keepalive_ms,2.648465
latency,4,459,http1_python_nodelay_all_c16_keepalive_ms,2.944310
latency,4,460,http1_python_nodelay_all_c16_keepalive_ms,5.528624
latency,4,461,http1_python_nodelay_all_c16_keepalive_ms,3.125023
latency,4,462,http1_python_nodelay_all_c16_keepalive_ms,3.947427
latency,4,463,http1_python_nodelay_all_c16_keepalive_ms,7.047550
latency,4,464,http1_python_nodelay_all_c16_keepalive_ms,2.885920
latency,4,465,http1_python_nodelay_all_c16_keepalive_ms,3.350896
latency,4,466,http1_python_nodelay_all_c16_keepalive_ms,8.608087
latency,4,467,http1_python_nodelay_all_c16_keepalive_ms,2.403041
latency,4,468,http1_python_nodelay_all_c16_keepalive_ms,3.387568
latency,4,469,http1_python_nodelay_all_c16_keepalive_ms,3.242945
latency,4,470,http1_python_nodelay_all_c16_keepalive_ms,0.788723
latency,4,471,http1_python_nodelay_all_c16_keepalive_ms,0.262404
latency,4,472,http1_python_nodelay_all_c16_keepalive_ms,1.444325
latency,4,473,http1_python_nodelay_all_c16_keepalive_ms,2.852209
latency,4,474,http1_python_nodelay_all_c16_keepalive_ms,9.519072
latency,4,475,http1_python_nodelay_all_c16_keepalive_ms,3.952357
latency,4,476,http1_python_nodelay_all_c16_keepalive_ms,1.355593
latency,4,477,http1_python_nodelay_all_c16_keepalive_ms,1.740200
latency,4,478,http1_python_nodelay_all_c16_keepalive_ms,2.664845
latency,4,479,http1_python_nodelay_all_c16_keepalive_ms,1.599937
latency,4,480,http1_python_nodelay_all_c16_keepalive_ms,1.948553
latency,4,481,http1_python_nodelay_all_c16_keepalive_ms,2.502792
latency,4,482,http1_python_nodelay_all_c16_keepalive_ms,2.105176
latency,4,483,http1_python_nodelay_all_c16_keepalive_ms,5.130037
latency,4,484,http1_python_nodelay_all_c16_keepalive_ms,3.379058
latency,4,485,http1_python_nodelay_all_c16_keepalive_ms,5.413122
latency,4,486,http1_python_nodelay_all_c16_keepalive_ms,3.730593
latency,4,487,http1_python_nodelay_all_c16_keepalive_ms,1.837442
latency,4,488,http1_python_nodelay_all_c16_keepalive_ms,9.106075
latency,4,489,http1_python_nodelay_all_c16_keepalive_ms,2.527163
latency,4,490,http1_python_nodelay_all_c16_keepalive_ms,4.306613
latency,4,491,http1_python_nodelay_all_c16_keepalive_ms,3.469189
latency,4,492,http1_python_nodelay_all_c16_keepalive_ms,3.580931
latency,4,493,http1_python_nodelay_all_c16_keepalive_ms,1.214101
latency,4,494,http1_python_nodelay_all_c16_keepalive_ms,2.378800
latency,4,495,http1_python_nodelay_all_c16_keepalive_ms,2.274539
latency,4,496,http1_python_nodelay_all_c16_keepalive_ms,3.271156
latency,4,497,http1_python_nodelay_all_c16_keepalive_ms,2.508812
latency,4,498,http1_python_nodelay_all_c16_keepalive_ms,2.970371
latency,4,499,http1_python_nodelay_all_c16_keepalive_ms,4.257272
latency,4,500,http1_python_nodelay_all_c16_keepalive_ms,2.260139
latency,4,501,http1_python_nodelay_all_c16_keepalive_ms,2.669255
latency,4,502,http1_python_nodelay_all_c16_keepalive_ms,2.636165
latency,4,503,http1_python_nodelay_all_c16_keepalive_ms,2.652885
latency,4,504,http1_python_nodelay_all_c16_keepalive_ms,3.337347
latency,4,505,http1_python_nodelay_all_c16_keepalive_ms,3.033121
latency,4,506,http1_python_nodelay_all_c16_keepalive_ms,2.101626
latency,4,507,http1_python_nodelay_all_c16_keepalive_ms,2.674756
latency,4,508,http1_python_nodelay_all_c16_keepalive_ms,2.131906
latency,4,509,http1_python_nodelay_all_c16_keepalive_ms,5.046736
latency,4,510,http1_python_nodelay_all_c16_keepalive_ms,2.583934
latency,4,511,http1_python_nodelay_all_c16_keepalive_ms,3.492369
latency,4,512,http1_python_nodelay_all_c16_keepalive_ms,6.313258
latency,4,513,http1_python_nodelay_all_c16_keepalive_ms,3.909727
latency,4,514,http1_python_nodelay_all_c16_keepalive_ms,3.224805
latency,4,515,http1_python_nodelay_all_c16_keepalive_ms,2.635134
latency,4,516,http1_python_nodelay_all_c16_keepalive_ms,2.945430
latency,4,517,http1_python_nodelay_all_c16_keepalive_ms,4.638179
latency,4,518,http1_python_nodelay_all_c16_keepalive_ms,2.527713
latency,4,519,http1_python_nodelay_all_c16_keepalive_ms,2.472233
latency,4,520,http1_python_nodelay_all_c16_keepalive_ms,2.574273
latency,4,521,http1_python_nodelay_all_c16_keepalive_ms,2.387701
latency,4,522,http1_python_nodelay_all_c16_keepalive_ms,2.933700
latency,4,523,http1_python_nodelay_all_c16_keepalive_ms,2.787367
latency,4,524,http1_python_nodelay_all_c16_keepalive_ms,1.781191
latency,4,525,http1_python_nodelay_all_c16_keepalive_ms,2.866689
latency,4,526,http1_python_nodelay_all_c16_keepalive_ms,2.475992
latency,4,527,http1_python_nodelay_all_c16_keepalive_ms,2.503952
latency,4,528,http1_python_nodelay_all_c16_keepalive_ms,2.733107
latency,4,529,http1_python_nodelay_all_c16_keepalive_ms,4.277873
latency,4,530,http1_python_nodelay_all_c16_keepalive_ms,2.491732
latency,4,531,http1_python_nodelay_all_c16_keepalive_ms,2.484822
latency,4,532,http1_python_nodelay_all_c16_keepalive_ms,3.314666
latency,4,533,http1_python_nodelay_all_c16_keepalive_ms,2.697686
latency,4,534,http1_python_nodelay_all_c16_keepalive_ms,2.320050
latency,4,535,http1_python_nodelay_all_c16_keepalive_ms,2.970541
latency,4,536,http1_python_nodelay_all_c16_keepalive_ms,2.673595
latency,4,537,http1_python_nodelay_all_c16_keepalive_ms,2.969251
latency,4,538,http1_python_nodelay_all_c16_keepalive_ms,3.194574
latency,4,539,http1_python_nodelay_all_c16_keepalive_ms,3.734753
latency,4,540,http1_python_nodelay_all_c16_keepalive_ms,2.383001
latency,4,541,http1_python_nodelay_all_c16_keepalive_ms,4.927334
latency,4,542,http1_python_nodelay_all_c16_keepalive_ms,2.919670
latency,4,543,http1_python_nodelay_all_c16_keepalive_ms,3.151523
latency,4,544,http1_python_nodelay_all_c16_keepalive_ms,5.206119
latency,4,545,http1_python_nodelay_all_c16_keepalive_ms,3.802265
latency,4,546,http1_python_nodelay_all_c16_keepalive_ms,2.854948
latency,4,547,http1_python_nodelay_all_c16_keepalive_ms,2.763987
latency,4,548,http1_python_nodelay_all_c16_keepalive_ms,2.733677
latency,4,549,http1_python_nodelay_all_c16_keepalive_ms,5.438892
latency,4,550,http1_python_nodelay_all_c16_keepalive_ms,2.371551
latency,4,551,http1_python_nodelay_all_c16_keepalive_ms,3.441398
latency,4,552,http1_python_nodelay_all_c16_keepalive_ms,2.120757
latency,4,553,http1_python_nodelay_all_c16_keepalive_ms,2.856328
latency,4,554,http1_python_nodelay_all_c16_keepalive_ms,2.879009
latency,4,555,http1_python_nodelay_all_c16_keepalive_ms,1.327263
latency,4,556,http1_python_nodelay_all_c16_keepalive_ms,1.851221
latency,4,557,http1_python_nodelay_all_c16_keepalive_ms,2.486612
latency,4,558,http1_python_nodelay_all_c16_keepalive_ms,3.792195
latency,4,559,http1_python_nodelay_all_c16_keepalive_ms,1.753160
latency,4,880,http1_python_nodelay_all_c16_keepalive_ms,3.602791
latency,4,881,http1_python_nodelay_all_c16_keepalive_ms,2.990571
latency,4,882,http1_python_nodelay_all_c16_keepalive_ms,2.828018
latency,4,883,http1_python_nodelay_all_c16_keepalive_ms,1.485556
latency,4,884,http1_python_nodelay_all_c16_keepalive_ms,4.065199
latency,4,885,http1_python_nodelay_all_c16_keepalive_ms,2.140346
latency,4,886,http1_python_nodelay_all_c16_keepalive_ms,2.465982
latency,4,887,http1_python_nodelay_all_c16_keepalive_ms,2.616965
latency,4,888,http1_python_nodelay_all_c16_keepalive_ms,3.389487
latency,4,889,http1_python_nodelay_all_c16_keepalive_ms,3.053442
latency,4,890,http1_python_nodelay_all_c16_keepalive_ms,2.481083
latency,4,891,http1_python_nodelay_all_c16_keepalive_ms,2.896119
latency,4,892,http1_python_nodelay_all_c16_keepalive_ms,3.273065
latency,4,893,http1_python_nodelay_all_c16_keepalive_ms,2.129647
latency,4,894,http1_python_nodelay_all_c16_keepalive_ms,2.709076
latency,4,895,http1_python_nodelay_all_c16_keepalive_ms,2.939650
latency,4,896,http1_python_nodelay_all_c16_keepalive_ms,2.203428
latency,4,897,http1_python_nodelay_all_c16_keepalive_ms,5.355170
latency,4,898,http1_python_nodelay_all_c16_keepalive_ms,2.093926
latency,4,899,http1_python_nodelay_all_c16_keepalive_ms,3.403698
latency,4,900,http1_python_nodelay_all_c16_keepalive_ms,4.247603
latency,4,901,http1_python_nodelay_all_c16_keepalive_ms,2.731256
latency,4,902,http1_python_nodelay_all_c16_keepalive_ms,2.969930
latency,4,903,http1_python_nodelay_all_c16_keepalive_ms,4.407505
latency,4,904,http1_python_nodelay_all_c16_keepalive_ms,3.014722
latency,4,905,http1_python_nodelay_all_c16_keepalive_ms,2.695546
latency,4,906,http1_python_nodelay_all_c16_keepalive_ms,3.385658
latency,4,907,http1_python_nodelay_all_c16_keepalive_ms,2.875258
latency,4,908,http1_python_nodelay_all_c16_keepalive_ms,2.146647
latency,4,909,http1_python_nodelay_all_c16_keepalive_ms,2.522923
latency,4,910,http1_python_nodelay_all_c16_keepalive_ms,3.347447
latency,4,911,http1_python_nodelay_all_c16_keepalive_ms,1.342353
latency,4,912,http1_python_nodelay_all_c16_keepalive_ms,2.664655
latency,4,913,http1_python_nodelay_all_c16_keepalive_ms,2.718096
latency,4,914,http1_python_nodelay_all_c16_keepalive_ms,3.263166
latency,4,915,http1_python_nodelay_all_c16_keepalive_ms,2.104975
latency,4,916,http1_python_nodelay_all_c16_keepalive_ms,2.988861
latency,4,917,http1_python_nodelay_all_c16_keepalive_ms,2.701706
latency,4,918,http1_python_nodelay_all_c16_keepalive_ms,5.323421
latency,4,919,http1_python_nodelay_all_c16_keepalive_ms,3.035112
latency,4,920,http1_python_nodelay_all_c16_keepalive_ms,2.900069
latency,4,921,http1_python_nodelay_all_c16_keepalive_ms,4.890183
latency,4,922,http1_python_nodelay_all_c16_keepalive_ms,3.534881
latency,4,923,http1_python_nodelay_all_c16_keepalive_ms,1.191490
latency,4,924,http1_python_nodelay_all_c16_keepalive_ms,2.715216
latency,4,925,http1_python_nodelay_all_c16_keepalive_ms,5.248309
latency,4,926,http1_python_nodelay_all_c16_keepalive_ms,6.665794
latency,4,927,http1_python_nodelay_all_c16_keepalive_ms,3.109843
latency,4,928,http1_python_nodelay_all_c16_keepalive_ms,2.593424
latency,4,929,http1_python_nodelay_all_c16_keepalive_ms,2.823148
latency,4,930,http1_python_nodelay_all_c16_keepalive_ms,1.999044
latency,4,931,http1_python_nodelay_all_c16_keepalive_ms,2.394141
latency,4,932,http1_python_nodelay_all_c16_keepalive_ms,2.368080
latency,4,933,http1_python_nodelay_all_c16_keepalive_ms,2.470802
latency,4,934,http1_python_nodelay_all_c16_keepalive_ms,2.790717
latency,4,935,http1_python_nodelay_all_c16_keepalive_ms,3.064642
latency,4,936,http1_python_nodelay_all_c16_keepalive_ms,2.684506
latency,4,937,http1_python_nodelay_all_c16_keepalive_ms,2.630105
latency,4,938,http1_python_nodelay_all_c16_keepalive_ms,2.736677
latency,4,939,http1_python_nodelay_all_c16_keepalive_ms,3.040502
latency,4,940,http1_python_nodelay_all_c16_keepalive_ms,3.079002
latency,4,941,http1_python_nodelay_all_c16_keepalive_ms,3.851955
latency,4,942,http1_python_nodelay_all_c16_keepalive_ms,2.313310
latency,4,943,http1_python_nodelay_all_c16_keepalive_ms,7.317614
latency,4,944,http1_python_nodelay_all_c16_keepalive_ms,7.977516
latency,4,945,http1_python_nodelay_all_c16_keepalive_ms,5.013165
latency,4,946,http1_python_nodelay_all_c16_keepalive_ms,4.734931
latency,4,947,http1_python_nodelay_all_c16_keepalive_ms,3.225275
latency,4,948,http1_python_nodelay_all_c16_keepalive_ms,3.073542
latency,4,949,http1_python_nodelay_all_c16_keepalive_ms,2.578014
latency,4,950,http1_python_nodelay_all_c16_keepalive_ms,2.718016
latency,4,951,http1_python_nodelay_all_c16_keepalive_ms,4.043689
latency,4,952,http1_python_nodelay_all_c16_keepalive_ms,3.743674
latency,4,953,http1_python_nodelay_all_c16_keepalive_ms,3.335177
latency,4,954,http1_python_nodelay_all_c16_keepalive_ms,1.078928
latency,4,955,http1_python_nodelay_all_c16_keepalive_ms,1.849911
latency,4,956,http1_python_nodelay_all_c16_keepalive_ms,1.894653
latency,4,957,http1_python_nodelay_all_c16_keepalive_ms,3.842035
latency,4,958,http1_python_nodelay_all_c16_keepalive_ms,2.207668
latency,4,959,http1_python_nodelay_all_c16_keepalive_ms,1.707529
latency,4,560,http1_python_nodelay_all_c16_keepalive_ms,1.939713
latency,4,561,http1_python_nodelay_all_c16_keepalive_ms,2.501913
latency,4,562,http1_python_nodelay_all_c16_keepalive_ms,5.957911
latency,4,563,http1_python_nodelay_all_c16_keepalive_ms,8.597866
latency,4,564,http1_python_nodelay_all_c16_keepalive_ms,2.012905
latency,4,565,http1_python_nodelay_all_c16_keepalive_ms,2.656835
latency,4,566,http1_python_nodelay_all_c16_keepalive_ms,2.413781
latency,4,567,http1_python_nodelay_all_c16_keepalive_ms,2.483502
latency,4,568,http1_python_nodelay_all_c16_keepalive_ms,2.683866
latency,4,569,http1_python_nodelay_all_c16_keepalive_ms,2.758167
latency,4,570,http1_python_nodelay_all_c16_keepalive_ms,3.418928
latency,4,571,http1_python_nodelay_all_c16_keepalive_ms,6.626863
latency,4,572,http1_python_nodelay_all_c16_keepalive_ms,4.737641
latency,4,573,http1_python_nodelay_all_c16_keepalive_ms,2.916999
latency,4,574,http1_python_nodelay_all_c16_keepalive_ms,2.985311
latency,4,575,http1_python_nodelay_all_c16_keepalive_ms,3.540990
latency,4,576,http1_python_nodelay_all_c16_keepalive_ms,3.576531
latency,4,577,http1_python_nodelay_all_c16_keepalive_ms,3.593002
latency,4,578,http1_python_nodelay_all_c16_keepalive_ms,2.687745
latency,4,579,http1_python_nodelay_all_c16_keepalive_ms,6.930008
latency,4,580,http1_python_nodelay_all_c16_keepalive_ms,3.256916
latency,4,581,http1_python_nodelay_all_c16_keepalive_ms,3.247735
latency,4,582,http1_python_nodelay_all_c16_keepalive_ms,2.872968
latency,4,583,http1_python_nodelay_all_c16_keepalive_ms,2.261259
latency,4,584,http1_python_nodelay_all_c16_keepalive_ms,2.524423
latency,4,585,http1_python_nodelay_all_c16_keepalive_ms,2.292549
latency,4,586,http1_python_nodelay_all_c16_keepalive_ms,4.948255
latency,4,587,http1_python_nodelay_all_c16_keepalive_ms,2.717396
latency,4,588,http1_python_nodelay_all_c16_keepalive_ms,1.110859
latency,4,589,http1_python_nodelay_all_c16_keepalive_ms,2.460541
latency,4,590,http1_python_nodelay_all_c16_keepalive_ms,1.946723
latency,4,591,http1_python_nodelay_all_c16_keepalive_ms,2.836559
latency,4,592,http1_python_nodelay_all_c16_keepalive_ms,2.771847
latency,4,593,http1_python_nodelay_all_c16_keepalive_ms,2.801098
latency,4,594,http1_python_nodelay_all_c16_keepalive_ms,2.787567
latency,4,595,http1_python_nodelay_all_c16_keepalive_ms,4.728841
latency,4,596,http1_python_nodelay_all_c16_keepalive_ms,2.924219
latency,4,597,http1_python_nodelay_all_c16_keepalive_ms,2.907600
latency,4,598,http1_python_nodelay_all_c16_keepalive_ms,4.770751
latency,4,599,http1_python_nodelay_all_c16_keepalive_ms,2.619755
latency,4,600,http1_python_nodelay_all_c16_keepalive_ms,2.275378
latency,4,601,http1_python_nodelay_all_c16_keepalive_ms,3.113553
latency,4,602,http1_python_nodelay_all_c16_keepalive_ms,2.776528
latency,4,603,http1_python_nodelay_all_c16_keepalive_ms,3.582401
latency,4,604,http1_python_nodelay_all_c16_keepalive_ms,3.261375
latency,4,605,http1_python_nodelay_all_c16_keepalive_ms,2.513903
latency,4,606,http1_python_nodelay_all_c16_keepalive_ms,2.946320
latency,4,607,http1_python_nodelay_all_c16_keepalive_ms,1.391694
latency,4,608,http1_python_nodelay_all_c16_keepalive_ms,2.697146
latency,4,609,http1_python_nodelay_all_c16_keepalive_ms,2.972180
latency,4,610,http1_python_nodelay_all_c16_keepalive_ms,2.980681
latency,4,611,http1_python_nodelay_all_c16_keepalive_ms,2.124026
latency,4,612,http1_python_nodelay_all_c16_keepalive_ms,3.056342
latency,4,613,http1_python_nodelay_all_c16_keepalive_ms,5.201569
latency,4,614,http1_python_nodelay_all_c16_keepalive_ms,2.719726
latency,4,615,http1_python_nodelay_all_c16_keepalive_ms,3.169544
latency,4,616,http1_python_nodelay_all_c16_keepalive_ms,2.896019
latency,4,617,http1_python_nodelay_all_c16_keepalive_ms,3.970748
latency,4,618,http1_python_nodelay_all_c16_keepalive_ms,4.126240
latency,4,619,http1_python_nodelay_all_c16_keepalive_ms,3.287406
latency,4,620,http1_python_nodelay_all_c16_keepalive_ms,5.942971
latency,4,621,http1_python_nodelay_all_c16_keepalive_ms,2.307039
latency,4,622,http1_python_nodelay_all_c16_keepalive_ms,2.923240
latency,4,623,http1_python_nodelay_all_c16_keepalive_ms,3.889836
latency,4,624,http1_python_nodelay_all_c16_keepalive_ms,2.629165
latency,4,625,http1_python_nodelay_all_c16_keepalive_ms,2.776368
latency,4,626,http1_python_nodelay_all_c16_keepalive_ms,2.697115
latency,4,627,http1_python_nodelay_all_c16_keepalive_ms,3.095803
latency,4,628,http1_python_nodelay_all_c16_keepalive_ms,2.556183
latency,4,629,http1_python_nodelay_all_c16_keepalive_ms,3.767315
latency,4,630,http1_python_nodelay_all_c16_keepalive_ms,2.064885
latency,4,631,http1_python_nodelay_all_c16_keepalive_ms,2.067335
latency,4,632,http1_python_nodelay_all_c16_keepalive_ms,2.823918
latency,4,633,http1_python_nodelay_all_c16_keepalive_ms,3.001701
latency,4,634,http1_python_nodelay_all_c16_keepalive_ms,2.866699
latency,4,635,http1_python_nodelay_all_c16_keepalive_ms,2.072185
latency,4,636,http1_python_nodelay_all_c16_keepalive_ms,2.359170
latency,4,637,http1_python_nodelay_all_c16_keepalive_ms,2.146077
latency,4,638,http1_python_nodelay_all_c16_keepalive_ms,1.620288
latency,4,639,http1_python_nodelay_all_c16_keepalive_ms,2.162166
latency,4,640,http1_python_nodelay_all_c16_keepalive_ms,4.378544
latency,4,641,http1_python_nodelay_all_c16_keepalive_ms,2.452302
latency,4,642,http1_python_nodelay_all_c16_keepalive_ms,2.170307
latency,4,643,http1_python_nodelay_all_c16_keepalive_ms,1.994674
latency,4,644,http1_python_nodelay_all_c16_keepalive_ms,4.087790
latency,4,645,http1_python_nodelay_all_c16_keepalive_ms,4.312733
latency,4,646,http1_python_nodelay_all_c16_keepalive_ms,2.952340
latency,4,647,http1_python_nodelay_all_c16_keepalive_ms,1.753300
latency,4,648,http1_python_nodelay_all_c16_keepalive_ms,1.963543
latency,4,649,http1_python_nodelay_all_c16_keepalive_ms,2.616165
latency,4,650,http1_python_nodelay_all_c16_keepalive_ms,2.570894
latency,4,651,http1_python_nodelay_all_c16_keepalive_ms,3.011501
latency,4,652,http1_python_nodelay_all_c16_keepalive_ms,2.978971
latency,4,653,http1_python_nodelay_all_c16_keepalive_ms,2.356510
latency,4,654,http1_python_nodelay_all_c16_keepalive_ms,2.448681
latency,4,655,http1_python_nodelay_all_c16_keepalive_ms,2.653856
latency,4,656,http1_python_nodelay_all_c16_keepalive_ms,2.681065
latency,4,657,http1_python_nodelay_all_c16_keepalive_ms,5.191838
latency,4,658,http1_python_nodelay_all_c16_keepalive_ms,2.098486
latency,4,659,http1_python_nodelay_all_c16_keepalive_ms,3.564691
latency,4,660,http1_python_nodelay_all_c16_keepalive_ms,4.224062
latency,4,661,http1_python_nodelay_all_c16_keepalive_ms,1.446135
latency,4,662,http1_python_nodelay_all_c16_keepalive_ms,3.843345
latency,4,663,http1_python_nodelay_all_c16_keepalive_ms,2.483132
latency,4,664,http1_python_nodelay_all_c16_keepalive_ms,2.467012
latency,4,665,http1_python_nodelay_all_c16_keepalive_ms,4.900884
latency,4,666,http1_python_nodelay_all_c16_keepalive_ms,2.275178
latency,4,667,http1_python_nodelay_all_c16_keepalive_ms,4.801852
latency,4,668,http1_python_nodelay_all_c16_keepalive_ms,1.918823
latency,4,669,http1_python_nodelay_all_c16_keepalive_ms,2.754066
latency,4,670,http1_python_nodelay_all_c16_keepalive_ms,3.207995
latency,4,671,http1_python_nodelay_all_c16_keepalive_ms,1.272742
latency,4,672,http1_python_nodelay_all_c16_keepalive_ms,2.775187
latency,4,673,http1_python_nodelay_all_c16_keepalive_ms,2.606545
latency,4,674,http1_python_nodelay_all_c16_keepalive_ms,3.263635
latency,4,675,http1_python_nodelay_all_c16_keepalive_ms,2.367900
latency,4,676,http1_python_nodelay_all_c16_keepalive_ms,2.433802
latency,4,677,http1_python_nodelay_all_c16_keepalive_ms,3.182544
latency,4,678,http1_python_nodelay_all_c16_keepalive_ms,2.411671
latency,4,679,http1_python_nodelay_all_c16_keepalive_ms,5.625435
latency,4,680,http1_python_nodelay_all_c16_keepalive_ms,3.052973
latency,4,681,http1_python_nodelay_all_c16_keepalive_ms,4.662379
latency,4,682,http1_python_nodelay_all_c16_keepalive_ms,2.415491
latency,4,683,http1_python_nodelay_all_c16_keepalive_ms,1.105669
latency,4,684,http1_python_nodelay_all_c16_keepalive_ms,1.547566
latency,4,685,http1_python_nodelay_all_c16_keepalive_ms,2.507123
latency,4,686,http1_python_nodelay_all_c16_keepalive_ms,2.458732
latency,4,687,http1_python_nodelay_all_c16_keepalive_ms,2.610164
latency,4,688,http1_python_nodelay_all_c16_keepalive_ms,3.211355
latency,4,689,http1_python_nodelay_all_c16_keepalive_ms,1.829311
latency,4,690,http1_python_nodelay_all_c16_keepalive_ms,2.579054
latency,4,691,http1_python_nodelay_all_c16_keepalive_ms,13.994238
latency,4,692,http1_python_nodelay_all_c16_keepalive_ms,2.994121
latency,4,693,http1_python_nodelay_all_c16_keepalive_ms,3.070912
latency,4,694,http1_python_nodelay_all_c16_keepalive_ms,2.798338
latency,4,695,http1_python_nodelay_all_c16_keepalive_ms,2.629275
latency,4,696,http1_python_nodelay_all_c16_keepalive_ms,2.988571
latency,4,697,http1_python_nodelay_all_c16_keepalive_ms,2.625964
latency,4,698,http1_python_nodelay_all_c16_keepalive_ms,2.619835
latency,4,699,http1_python_nodelay_all_c16_keepalive_ms,3.360457
latency,4,700,http1_python_nodelay_all_c16_keepalive_ms,3.947847
latency,4,701,http1_python_nodelay_all_c16_keepalive_ms,4.170401
latency,4,702,http1_python_nodelay_all_c16_keepalive_ms,2.921890
latency,4,703,http1_python_nodelay_all_c16_keepalive_ms,3.109653
latency,4,704,http1_python_nodelay_all_c16_keepalive_ms,3.246645
latency,4,705,http1_python_nodelay_all_c16_keepalive_ms,2.303269
latency,4,706,http1_python_nodelay_all_c16_keepalive_ms,2.879689
latency,4,707,http1_python_nodelay_all_c16_keepalive_ms,3.794345
latency,4,708,http1_python_nodelay_all_c16_keepalive_ms,2.497843
latency,4,709,http1_python_nodelay_all_c16_keepalive_ms,5.428212
latency,4,710,http1_python_nodelay_all_c16_keepalive_ms,3.231495
latency,4,711,http1_python_nodelay_all_c16_keepalive_ms,2.736516
latency,4,712,http1_python_nodelay_all_c16_keepalive_ms,2.393821
latency,4,713,http1_python_nodelay_all_c16_keepalive_ms,3.273916
latency,4,714,http1_python_nodelay_all_c16_keepalive_ms,7.588199
latency,4,715,http1_python_nodelay_all_c16_keepalive_ms,4.787141
latency,4,716,http1_python_nodelay_all_c16_keepalive_ms,2.732566
latency,4,717,http1_python_nodelay_all_c16_keepalive_ms,2.306749
latency,4,718,http1_python_nodelay_all_c16_keepalive_ms,2.925840
latency,4,719,http1_python_nodelay_all_c16_keepalive_ms,1.162020
latency,4,240,http1_python_nodelay_all_c16_keepalive_ms,1.949593
latency,4,241,http1_python_nodelay_all_c16_keepalive_ms,2.437751
latency,4,242,http1_python_nodelay_all_c16_keepalive_ms,2.277449
latency,4,243,http1_python_nodelay_all_c16_keepalive_ms,2.526523
latency,4,244,http1_python_nodelay_all_c16_keepalive_ms,2.975301
latency,4,245,http1_python_nodelay_all_c16_keepalive_ms,1.336703
latency,4,246,http1_python_nodelay_all_c16_keepalive_ms,3.505850
latency,4,247,http1_python_nodelay_all_c16_keepalive_ms,2.951229
latency,4,248,http1_python_nodelay_all_c16_keepalive_ms,4.272343
latency,4,249,http1_python_nodelay_all_c16_keepalive_ms,1.619888
latency,4,250,http1_python_nodelay_all_c16_keepalive_ms,2.560523
latency,4,251,http1_python_nodelay_all_c16_keepalive_ms,2.911810
latency,4,252,http1_python_nodelay_all_c16_keepalive_ms,2.946620
latency,4,253,http1_python_nodelay_all_c16_keepalive_ms,2.619815
latency,4,254,http1_python_nodelay_all_c16_keepalive_ms,4.966364
latency,4,255,http1_python_nodelay_all_c16_keepalive_ms,2.806458
latency,4,256,http1_python_nodelay_all_c16_keepalive_ms,2.586864
latency,4,257,http1_python_nodelay_all_c16_keepalive_ms,7.250493
latency,4,258,http1_python_nodelay_all_c16_keepalive_ms,3.239756
latency,4,259,http1_python_nodelay_all_c16_keepalive_ms,4.008558
latency,4,260,http1_python_nodelay_all_c16_keepalive_ms,3.510830
latency,4,261,http1_python_nodelay_all_c16_keepalive_ms,2.772157
latency,4,262,http1_python_nodelay_all_c16_keepalive_ms,4.630228
latency,4,263,http1_python_nodelay_all_c16_keepalive_ms,6.958939
latency,4,264,http1_python_nodelay_all_c16_keepalive_ms,1.915823
latency,4,265,http1_python_nodelay_all_c16_keepalive_ms,2.850728
latency,4,266,http1_python_nodelay_all_c16_keepalive_ms,4.669440
latency,4,267,http1_python_nodelay_all_c16_keepalive_ms,2.010774
latency,4,268,http1_python_nodelay_all_c16_keepalive_ms,5.344811
latency,4,269,http1_python_nodelay_all_c16_keepalive_ms,2.671865
latency,4,270,http1_python_nodelay_all_c16_keepalive_ms,3.308006
latency,4,271,http1_python_nodelay_all_c16_keepalive_ms,2.368731
latency,4,272,http1_python_nodelay_all_c16_keepalive_ms,1.875062
latency,4,273,http1_python_nodelay_all_c16_keepalive_ms,3.525230
latency,4,274,http1_python_nodelay_all_c16_keepalive_ms,2.676965
latency,4,275,http1_python_nodelay_all_c16_keepalive_ms,2.958761
latency,4,276,http1_python_nodelay_all_c16_keepalive_ms,4.729830
latency,4,277,http1_python_nodelay_all_c16_keepalive_ms,5.401212
latency,4,278,http1_python_nodelay_all_c16_keepalive_ms,2.482372
latency,4,279,http1_python_nodelay_all_c16_keepalive_ms,2.675506
latency,4,280,http1_python_nodelay_all_c16_keepalive_ms,2.784877
latency,4,281,http1_python_nodelay_all_c16_keepalive_ms,5.637686
latency,4,282,http1_python_nodelay_all_c16_keepalive_ms,2.280459
latency,4,283,http1_python_nodelay_all_c16_keepalive_ms,4.520827
latency,4,284,http1_python_nodelay_all_c16_keepalive_ms,2.629125
latency,4,285,http1_python_nodelay_all_c16_keepalive_ms,2.830118
latency,4,286,http1_python_nodelay_all_c16_keepalive_ms,3.620231
latency,4,287,http1_python_nodelay_all_c16_keepalive_ms,3.200725
latency,4,288,http1_python_nodelay_all_c16_keepalive_ms,2.506573
latency,4,289,http1_python_nodelay_all_c16_keepalive_ms,2.355380
latency,4,290,http1_python_nodelay_all_c16_keepalive_ms,3.313906
latency,4,291,http1_python_nodelay_all_c16_keepalive_ms,2.676926
latency,4,292,http1_python_nodelay_all_c16_keepalive_ms,2.390990
latency,4,293,http1_python_nodelay_all_c16_keepalive_ms,2.968191
latency,4,294,http1_python_nodelay_all_c16_keepalive_ms,2.761887
latency,4,295,http1_python_nodelay_all_c16_keepalive_ms,2.783598
latency,4,296,http1_python_nodelay_all_c16_keepalive_ms,3.291355
latency,4,297,http1_python_nodelay_all_c16_keepalive_ms,3.736584
latency,4,298,http1_python_nodelay_all_c16_keepalive_ms,2.190517
latency,4,299,http1_python_nodelay_all_c16_keepalive_ms,1.935763
latency,4,300,http1_python_nodelay_all_c16_keepalive_ms,3.002481
latency,4,301,http1_python_nodelay_all_c16_keepalive_ms,2.991771
latency,4,302,http1_python_nodelay_all_c16_keepalive_ms,3.190314
latency,4,303,http1_python_nodelay_all_c16_keepalive_ms,5.435933
latency,4,304,http1_python_nodelay_all_c16_keepalive_ms,3.502590
latency,4,305,http1_python_nodelay_all_c16_keepalive_ms,2.855108
latency,4,306,http1_python_nodelay_all_c16_keepalive_ms,2.849459
latency,4,307,http1_python_nodelay_all_c16_keepalive_ms,2.719526
latency,4,308,http1_python_nodelay_all_c16_keepalive_ms,2.840158
latency,4,309,http1_python_nodelay_all_c16_keepalive_ms,2.788238
latency,4,310,http1_python_nodelay_all_c16_keepalive_ms,2.696686
latency,4,311,http1_python_nodelay_all_c16_keepalive_ms,4.067289
latency,4,312,http1_python_nodelay_all_c16_keepalive_ms,3.858295
latency,4,313,http1_python_nodelay_all_c16_keepalive_ms,3.027942
latency,4,314,http1_python_nodelay_all_c16_keepalive_ms,3.094613
latency,4,315,http1_python_nodelay_all_c16_keepalive_ms,1.923813
latency,4,316,http1_python_nodelay_all_c16_keepalive_ms,4.254472
latency,4,317,http1_python_nodelay_all_c16_keepalive_ms,1.663909
latency,4,318,http1_python_nodelay_all_c16_keepalive_ms,1.765529
latency,4,319,http1_python_nodelay_all_c16_keepalive_ms,2.414971
latency,4,800,http1_python_nodelay_all_c16_keepalive_ms,1.931203
latency,4,801,http1_python_nodelay_all_c16_keepalive_ms,2.620824
latency,4,802,http1_python_nodelay_all_c16_keepalive_ms,2.136817
latency,4,803,http1_python_nodelay_all_c16_keepalive_ms,2.188377
latency,4,804,http1_python_nodelay_all_c16_keepalive_ms,1.897742
latency,4,805,http1_python_nodelay_all_c16_keepalive_ms,6.214726
latency,4,806,http1_python_nodelay_all_c16_keepalive_ms,2.369150
latency,4,807,http1_python_nodelay_all_c16_keepalive_ms,2.998281
latency,4,808,http1_python_nodelay_all_c16_keepalive_ms,4.476987
latency,4,809,http1_python_nodelay_all_c16_keepalive_ms,1.765460
latency,4,810,http1_python_nodelay_all_c16_keepalive_ms,2.683656
latency,4,811,http1_python_nodelay_all_c16_keepalive_ms,3.012661
latency,4,812,http1_python_nodelay_all_c16_keepalive_ms,2.954670
latency,4,813,http1_python_nodelay_all_c16_keepalive_ms,2.153677
latency,4,814,http1_python_nodelay_all_c16_keepalive_ms,2.705116
latency,4,815,http1_python_nodelay_all_c16_keepalive_ms,2.850778
latency,4,816,http1_python_nodelay_all_c16_keepalive_ms,4.151131
latency,4,817,http1_python_nodelay_all_c16_keepalive_ms,3.269755
latency,4,818,http1_python_nodelay_all_c16_keepalive_ms,2.440712
latency,4,819,http1_python_nodelay_all_c16_keepalive_ms,2.076015
latency,4,820,http1_python_nodelay_all_c16_keepalive_ms,2.523703
latency,4,821,http1_python_nodelay_all_c16_keepalive_ms,3.104853
latency,4,822,http1_python_nodelay_all_c16_keepalive_ms,2.914470
latency,4,823,http1_python_nodelay_all_c16_keepalive_ms,2.366220
latency,4,824,http1_python_nodelay_all_c16_keepalive_ms,2.254508
latency,4,825,http1_python_nodelay_all_c16_keepalive_ms,2.671566
latency,4,826,http1_python_nodelay_all_c16_keepalive_ms,2.868969
latency,4,827,http1_python_nodelay_all_c16_keepalive_ms,2.710166
latency,4,828,http1_python_nodelay_all_c16_keepalive_ms,3.293356
latency,4,829,http1_python_nodelay_all_c16_keepalive_ms,2.943310
latency,4,830,http1_python_nodelay_all_c16_keepalive_ms,2.145456
latency,4,831,http1_python_nodelay_all_c16_keepalive_ms,2.341330
latency,4,832,http1_python_nodelay_all_c16_keepalive_ms,2.692846
latency,4,833,http1_python_nodelay_all_c16_keepalive_ms,4.654760
latency,4,834,http1_python_nodelay_all_c16_keepalive_ms,2.884479
latency,4,835,http1_python_nodelay_all_c16_keepalive_ms,3.482829
latency,4,836,http1_python_nodelay_all_c16_keepalive_ms,4.004488
latency,4,837,http1_python_nodelay_all_c16_keepalive_ms,3.254055
latency,4,838,http1_python_nodelay_all_c16_keepalive_ms,2.794038
latency,4,839,http1_python_nodelay_all_c16_keepalive_ms,3.133833
latency,4,840,http1_python_nodelay_all_c16_keepalive_ms,2.611175
latency,4,841,http1_python_nodelay_all_c16_keepalive_ms,2.966110
latency,4,842,http1_python_nodelay_all_c16_keepalive_ms,8.025577
latency,4,843,http1_python_nodelay_all_c16_keepalive_ms,4.117010
latency,4,844,http1_python_nodelay_all_c16_keepalive_ms,5.164878
latency,4,845,http1_python_nodelay_all_c16_keepalive_ms,2.423871
latency,4,846,http1_python_nodelay_all_c16_keepalive_ms,2.617815
latency,4,847,http1_python_nodelay_all_c16_keepalive_ms,2.578144
latency,4,848,http1_python_nodelay_all_c16_keepalive_ms,2.523363
latency,4,849,http1_python_nodelay_all_c16_keepalive_ms,2.827327
latency,4,850,http1_python_nodelay_all_c16_keepalive_ms,2.744497
latency,4,851,http1_python_nodelay_all_c16_keepalive_ms,11.061669
latency,4,852,http1_python_nodelay_all_c16_keepalive_ms,4.005378
latency,4,853,http1_python_nodelay_all_c16_keepalive_ms,5.155807
latency,4,854,http1_python_nodelay_all_c16_keepalive_ms,2.762438
latency,4,855,http1_python_nodelay_all_c16_keepalive_ms,2.924029
latency,4,856,http1_python_nodelay_all_c16_keepalive_ms,3.005831
latency,4,857,http1_python_nodelay_all_c16_keepalive_ms,3.839406
latency,4,858,http1_python_nodelay_all_c16_keepalive_ms,2.442621
latency,4,859,http1_python_nodelay_all_c16_keepalive_ms,2.000014
latency,4,860,http1_python_nodelay_all_c16_keepalive_ms,9.491812
latency,4,861,http1_python_nodelay_all_c16_keepalive_ms,1.884622
latency,4,862,http1_python_nodelay_all_c16_keepalive_ms,2.990661
latency,4,863,http1_python_nodelay_all_c16_keepalive_ms,3.595751
latency,4,864,http1_python_nodelay_all_c16_keepalive_ms,2.856849
latency,4,865,http1_python_nodelay_all_c16_keepalive_ms,2.577224
latency,4,866,http1_python_nodelay_all_c16_keepalive_ms,2.667985
latency,4,867,http1_python_nodelay_all_c16_keepalive_ms,7.347505
latency,4,868,http1_python_nodelay_all_c16_keepalive_ms,1.222971
latency,4,869,http1_python_nodelay_all_c16_keepalive_ms,3.067872
latency,4,870,http1_python_nodelay_all_c16_keepalive_ms,2.097966
latency,4,871,http1_python_nodelay_all_c16_keepalive_ms,2.968410
latency,4,872,http1_python_nodelay_all_c16_keepalive_ms,2.993881
latency,4,873,http1_python_nodelay_all_c16_keepalive_ms,2.993411
latency,4,874,http1_python_nodelay_all_c16_keepalive_ms,1.777160
latency,4,875,http1_python_nodelay_all_c16_keepalive_ms,2.433292
latency,4,876,http1_python_nodelay_all_c16_keepalive_ms,1.923823
latency,4,877,http1_python_nodelay_all_c16_keepalive_ms,1.812391
latency,4,878,http1_python_nodelay_all_c16_keepalive_ms,2.274628
latency,4,879,http1_python_nodelay_all_c16_keepalive_ms,1.834771
latency,4,1040,http1_python_nodelay_all_c16_keepalive_ms,1.983544
latency,4,1041,http1_python_nodelay_all_c16_keepalive_ms,2.223457
latency,4,1042,http1_python_nodelay_all_c16_keepalive_ms,4.655320
latency,4,1043,http1_python_nodelay_all_c16_keepalive_ms,2.081045
latency,4,1044,http1_python_nodelay_all_c16_keepalive_ms,1.233881
latency,4,1045,http1_python_nodelay_all_c16_keepalive_ms,1.334783
latency,4,1046,http1_python_nodelay_all_c16_keepalive_ms,3.440089
latency,4,1047,http1_python_nodelay_all_c16_keepalive_ms,2.898619
latency,4,1048,http1_python_nodelay_all_c16_keepalive_ms,3.833915
latency,4,1049,http1_python_nodelay_all_c16_keepalive_ms,3.039822
latency,4,1050,http1_python_nodelay_all_c16_keepalive_ms,1.732729
latency,4,1051,http1_python_nodelay_all_c16_keepalive_ms,3.034932
latency,4,1052,http1_python_nodelay_all_c16_keepalive_ms,2.539163
latency,4,1053,http1_python_nodelay_all_c16_keepalive_ms,3.301556
latency,4,1054,http1_python_nodelay_all_c16_keepalive_ms,2.123627
latency,4,1055,http1_python_nodelay_all_c16_keepalive_ms,2.794267
latency,4,1056,http1_python_nodelay_all_c16_keepalive_ms,2.741497
latency,4,1057,http1_python_nodelay_all_c16_keepalive_ms,2.395031
latency,4,1058,http1_python_nodelay_all_c16_keepalive_ms,2.532073
latency,4,1059,http1_python_nodelay_all_c16_keepalive_ms,2.654015
latency,4,1060,http1_python_nodelay_all_c16_keepalive_ms,6.312677
latency,4,1061,http1_python_nodelay_all_c16_keepalive_ms,4.880333
latency,4,1062,http1_python_nodelay_all_c16_keepalive_ms,4.039089
latency,4,1063,http1_python_nodelay_all_c16_keepalive_ms,4.752021
latency,4,1064,http1_python_nodelay_all_c16_keepalive_ms,3.079222
latency,4,1065,http1_python_nodelay_all_c16_keepalive_ms,2.352810
latency,4,1066,http1_python_nodelay_all_c16_keepalive_ms,1.767741
latency,4,1067,http1_python_nodelay_all_c16_keepalive_ms,3.427928
latency,4,1068,http1_python_nodelay_all_c16_keepalive_ms,5.727087
latency,4,1069,http1_python_nodelay_all_c16_keepalive_ms,2.646645
latency,4,1070,http1_python_nodelay_all_c16_keepalive_ms,2.131747
latency,4,1071,http1_python_nodelay_all_c16_keepalive_ms,2.867139
latency,4,1072,http1_python_nodelay_all_c16_keepalive_ms,6.360768
latency,4,1073,http1_python_nodelay_all_c16_keepalive_ms,1.807860
latency,4,1074,http1_python_nodelay_all_c16_keepalive_ms,2.592435
latency,4,1075,http1_python_nodelay_all_c16_keepalive_ms,3.022551
latency,4,1076,http1_python_nodelay_all_c16_keepalive_ms,2.509303
latency,4,1077,http1_python_nodelay_all_c16_keepalive_ms,2.693746
latency,4,1078,http1_python_nodelay_all_c16_keepalive_ms,3.159043
latency,4,1079,http1_python_nodelay_all_c16_keepalive_ms,2.729697
latency,4,1080,http1_python_nodelay_all_c16_keepalive_ms,4.324113
latency,4,1081,http1_python_nodelay_all_c16_keepalive_ms,2.846629
latency,4,1082,http1_python_nodelay_all_c16_keepalive_ms,5.041166
latency,4,1083,http1_python_nodelay_all_c16_keepalive_ms,2.459761
latency,4,1084,http1_python_nodelay_all_c16_keepalive_ms,3.000252
latency,4,1085,http1_python_nodelay_all_c16_keepalive_ms,2.386880
latency,4,1086,http1_python_nodelay_all_c16_keepalive_ms,4.695680
latency,4,1087,http1_python_nodelay_all_c16_keepalive_ms,2.605965
latency,4,1088,http1_python_nodelay_all_c16_keepalive_ms,3.367547
latency,4,1089,http1_python_nodelay_all_c16_keepalive_ms,3.190454
latency,4,1090,http1_python_nodelay_all_c16_keepalive_ms,3.201525
latency,4,1091,http1_python_nodelay_all_c16_keepalive_ms,2.507412
latency,4,1092,http1_python_nodelay_all_c16_keepalive_ms,2.470062
latency,4,1093,http1_python_nodelay_all_c16_keepalive_ms,2.744227
latency,4,1094,http1_python_nodelay_all_c16_keepalive_ms,3.012651
latency,4,1095,http1_python_nodelay_all_c16_keepalive_ms,2.649425
latency,4,1096,http1_python_nodelay_all_c16_keepalive_ms,2.987771
latency,4,1097,http1_python_nodelay_all_c16_keepalive_ms,5.066947
latency,4,1098,http1_python_nodelay_all_c16_keepalive_ms,3.472318
latency,4,1099,http1_python_nodelay_all_c16_keepalive_ms,3.994769
latency,4,1100,http1_python_nodelay_all_c16_keepalive_ms,4.532337
latency,4,1101,http1_python_nodelay_all_c16_keepalive_ms,2.605824
latency,4,1102,http1_python_nodelay_all_c16_keepalive_ms,2.864149
latency,4,1103,http1_python_nodelay_all_c16_keepalive_ms,4.237802
latency,4,1104,http1_python_nodelay_all_c16_keepalive_ms,1.420904
latency,4,1105,http1_python_nodelay_all_c16_keepalive_ms,6.022173
latency,4,1106,http1_python_nodelay_all_c16_keepalive_ms,6.070843
latency,4,1107,http1_python_nodelay_all_c16_keepalive_ms,2.845688
latency,4,1108,http1_python_nodelay_all_c16_keepalive_ms,5.513424
latency,4,1109,http1_python_nodelay_all_c16_keepalive_ms,3.767834
latency,4,1110,http1_python_nodelay_all_c16_keepalive_ms,1.850252
latency,4,1111,http1_python_nodelay_all_c16_keepalive_ms,4.995705
latency,4,1112,http1_python_nodelay_all_c16_keepalive_ms,3.231135
latency,4,1113,http1_python_nodelay_all_c16_keepalive_ms,3.065032
latency,4,1114,http1_python_nodelay_all_c16_keepalive_ms,1.748030
latency,4,1115,http1_python_nodelay_all_c16_keepalive_ms,0.729432
latency,4,1116,http1_python_nodelay_all_c16_keepalive_ms,3.303447
latency,4,1117,http1_python_nodelay_all_c16_keepalive_ms,1.692178
latency,4,1118,http1_python_nodelay_all_c16_keepalive_ms,4.346044
latency,4,1119,http1_python_nodelay_all_c16_keepalive_ms,1.474305
latency,4,160,http1_python_nodelay_all_c16_keepalive_ms,4.425655
latency,4,161,http1_python_nodelay_all_c16_keepalive_ms,2.294830
latency,4,162,http1_python_nodelay_all_c16_keepalive_ms,2.171967
latency,4,163,http1_python_nodelay_all_c16_keepalive_ms,3.313986
latency,4,164,http1_python_nodelay_all_c16_keepalive_ms,1.204101
latency,4,165,http1_python_nodelay_all_c16_keepalive_ms,1.470945
latency,4,166,http1_python_nodelay_all_c16_keepalive_ms,2.145156
latency,4,167,http1_python_nodelay_all_c16_keepalive_ms,2.509173
latency,4,168,http1_python_nodelay_all_c16_keepalive_ms,2.615084
latency,4,169,http1_python_nodelay_all_c16_keepalive_ms,1.963174
latency,4,170,http1_python_nodelay_all_c16_keepalive_ms,6.798706
latency,4,171,http1_python_nodelay_all_c16_keepalive_ms,5.173667
latency,4,172,http1_python_nodelay_all_c16_keepalive_ms,5.591876
latency,4,173,http1_python_nodelay_all_c16_keepalive_ms,3.438098
latency,4,174,http1_python_nodelay_all_c16_keepalive_ms,3.899497
latency,4,175,http1_python_nodelay_all_c16_keepalive_ms,3.372857
latency,4,176,http1_python_nodelay_all_c16_keepalive_ms,2.220638
latency,4,177,http1_python_nodelay_all_c16_keepalive_ms,3.585971
latency,4,178,http1_python_nodelay_all_c16_keepalive_ms,2.163027
latency,4,179,http1_python_nodelay_all_c16_keepalive_ms,5.168708
latency,4,180,http1_python_nodelay_all_c16_keepalive_ms,2.411501
latency,4,181,http1_python_nodelay_all_c16_keepalive_ms,2.118725
latency,4,182,http1_python_nodelay_all_c16_keepalive_ms,2.427282
latency,4,183,http1_python_nodelay_all_c16_keepalive_ms,2.967800
latency,4,184,http1_python_nodelay_all_c16_keepalive_ms,2.608355
latency,4,185,http1_python_nodelay_all_c16_keepalive_ms,6.199145
latency,4,186,http1_python_nodelay_all_c16_keepalive_ms,4.749711
latency,4,187,http1_python_nodelay_all_c16_keepalive_ms,2.510853
latency,4,188,http1_python_nodelay_all_c16_keepalive_ms,4.768281
latency,4,189,http1_python_nodelay_all_c16_keepalive_ms,2.656345
latency,4,190,http1_python_nodelay_all_c16_keepalive_ms,3.372228
latency,4,191,http1_python_nodelay_all_c16_keepalive_ms,2.306629
latency,4,192,http1_python_nodelay_all_c16_keepalive_ms,2.927840
latency,4,193,http1_python_nodelay_all_c16_keepalive_ms,2.408991
latency,4,194,http1_python_nodelay_all_c16_keepalive_ms,2.236778
latency,4,195,http1_python_nodelay_all_c16_keepalive_ms,3.644372
latency,4,196,http1_python_nodelay_all_c16_keepalive_ms,2.895729
latency,4,197,http1_python_nodelay_all_c16_keepalive_ms,2.318400
latency,4,198,http1_python_nodelay_all_c16_keepalive_ms,2.325219
latency,4,199,http1_python_nodelay_all_c16_keepalive_ms,2.836279
latency,4,200,http1_python_nodelay_all_c16_keepalive_ms,2.394860
latency,4,201,http1_python_nodelay_all_c16_keepalive_ms,5.069667
latency,4,202,http1_python_nodelay_all_c16_keepalive_ms,2.454631
latency,4,203,http1_python_nodelay_all_c16_keepalive_ms,2.702746
latency,4,204,http1_python_nodelay_all_c16_keepalive_ms,6.792506
latency,4,205,http1_python_nodelay_all_c16_keepalive_ms,3.192154
latency,4,206,http1_python_nodelay_all_c16_keepalive_ms,2.592084
latency,4,207,http1_python_nodelay_all_c16_keepalive_ms,2.992331
latency,4,208,http1_python_nodelay_all_c16_keepalive_ms,1.940473
latency,4,209,http1_python_nodelay_all_c16_keepalive_ms,1.890723
latency,4,210,http1_python_nodelay_all_c16_keepalive_ms,2.853288
latency,4,211,http1_python_nodelay_all_c16_keepalive_ms,2.445922
latency,4,212,http1_python_nodelay_all_c16_keepalive_ms,5.004065
latency,4,213,http1_python_nodelay_all_c16_keepalive_ms,3.312526
latency,4,214,http1_python_nodelay_all_c16_keepalive_ms,2.989321
latency,4,215,http1_python_nodelay_all_c16_keepalive_ms,2.626725
latency,4,216,http1_python_nodelay_all_c16_keepalive_ms,2.664545
latency,4,217,http1_python_nodelay_all_c16_keepalive_ms,6.703214
latency,4,218,http1_python_nodelay_all_c16_keepalive_ms,7.880265
latency,4,219,http1_python_nodelay_all_c16_keepalive_ms,9.996649
latency,4,220,http1_python_nodelay_all_c16_keepalive_ms,5.314361
latency,4,221,http1_python_nodelay_all_c16_keepalive_ms,5.049956
latency,4,222,http1_python_nodelay_all_c16_keepalive_ms,2.802137
latency,4,223,http1_python_nodelay_all_c16_keepalive_ms,3.004802
latency,4,224,http1_python_nodelay_all_c16_keepalive_ms,2.786437
latency,4,225,http1_python_nodelay_all_c16_keepalive_ms,2.508133
latency,4,226,http1_python_nodelay_all_c16_keepalive_ms,3.250385
latency,4,227,http1_python_nodelay_all_c16_keepalive_ms,2.052485
latency,4,228,http1_python_nodelay_all_c16_keepalive_ms,2.457922
latency,4,229,http1_python_nodelay_all_c16_keepalive_ms,2.516473
latency,4,230,http1_python_nodelay_all_c16_keepalive_ms,2.088975
latency,4,231,http1_python_nodelay_all_c16_keepalive_ms,1.696399
latency,4,232,http1_python_nodelay_all_c16_keepalive_ms,1.927503
latency,4,233,http1_python_nodelay_all_c16_keepalive_ms,2.401011
latency,4,234,http1_python_nodelay_all_c16_keepalive_ms,2.275419
latency,4,235,http1_python_nodelay_all_c16_keepalive_ms,1.444014
latency,4,236,http1_python_nodelay_all_c16_keepalive_ms,2.229408
latency,4,237,http1_python_nodelay_all_c16_keepalive_ms,1.852892
latency,4,238,http1_python_nodelay_all_c16_keepalive_ms,1.625357
latency,4,239,http1_python_nodelay_all_c16_keepalive_ms,0.276625
latency,4,960,http1_python_nodelay_all_c16_keepalive_ms,2.045284
latency,4,961,http1_python_nodelay_all_c16_keepalive_ms,2.151617
latency,4,962,http1_python_nodelay_all_c16_keepalive_ms,4.683739
latency,4,963,http1_python_nodelay_all_c16_keepalive_ms,2.037935
latency,4,964,http1_python_nodelay_all_c16_keepalive_ms,4.064910
latency,4,965,http1_python_nodelay_all_c16_keepalive_ms,2.141446
latency,4,966,http1_python_nodelay_all_c16_keepalive_ms,3.423678
latency,4,967,http1_python_nodelay_all_c16_keepalive_ms,3.423148
latency,4,968,http1_python_nodelay_all_c16_keepalive_ms,4.494217
latency,4,969,http1_python_nodelay_all_c16_keepalive_ms,2.820068
latency,4,970,http1_python_nodelay_all_c16_keepalive_ms,2.830748
latency,4,971,http1_python_nodelay_all_c16_keepalive_ms,2.825268
latency,4,972,http1_python_nodelay_all_c16_keepalive_ms,2.488402
latency,4,973,http1_python_nodelay_all_c16_keepalive_ms,2.516163
latency,4,974,http1_python_nodelay_all_c16_keepalive_ms,3.177934
latency,4,975,http1_python_nodelay_all_c16_keepalive_ms,2.431572
latency,4,976,http1_python_nodelay_all_c16_keepalive_ms,4.860572
latency,4,977,http1_python_nodelay_all_c16_keepalive_ms,4.510247
latency,4,978,http1_python_nodelay_all_c16_keepalive_ms,5.085397
latency,4,979,http1_python_nodelay_all_c16_keepalive_ms,1.945673
latency,4,980,http1_python_nodelay_all_c16_keepalive_ms,3.935007
latency,4,981,http1_python_nodelay_all_c16_keepalive_ms,2.261918
latency,4,982,http1_python_nodelay_all_c16_keepalive_ms,2.669986
latency,4,983,http1_python_nodelay_all_c16_keepalive_ms,4.968464
latency,4,984,http1_python_nodelay_all_c16_keepalive_ms,2.072406
latency,4,985,http1_python_nodelay_all_c16_keepalive_ms,1.676778
latency,4,986,http1_python_nodelay_all_c16_keepalive_ms,2.256829
latency,4,987,http1_python_nodelay_all_c16_keepalive_ms,5.008115
latency,4,988,http1_python_nodelay_all_c16_keepalive_ms,2.835968
latency,4,989,http1_python_nodelay_all_c16_keepalive_ms,5.073127
latency,4,990,http1_python_nodelay_all_c16_keepalive_ms,3.459219
latency,4,991,http1_python_nodelay_all_c16_keepalive_ms,3.958877
latency,4,992,http1_python_nodelay_all_c16_keepalive_ms,2.670965
latency,4,993,http1_python_nodelay_all_c16_keepalive_ms,3.410728
latency,4,994,http1_python_nodelay_all_c16_keepalive_ms,2.522123
latency,4,995,http1_python_nodelay_all_c16_keepalive_ms,2.822868
latency,4,996,http1_python_nodelay_all_c16_keepalive_ms,3.128833
latency,4,997,http1_python_nodelay_all_c16_keepalive_ms,2.736497
latency,4,998,http1_python_nodelay_all_c16_keepalive_ms,2.101216
latency,4,999,http1_python_nodelay_all_c16_keepalive_ms,2.630745
latency,4,1000,http1_python_nodelay_all_c16_keepalive_ms,2.529443
latency,4,1001,http1_python_nodelay_all_c16_keepalive_ms,4.973244
latency,4,1002,http1_python_nodelay_all_c16_keepalive_ms,2.347920
latency,4,1003,http1_python_nodelay_all_c16_keepalive_ms,3.064882
latency,4,1004,http1_python_nodelay_all_c16_keepalive_ms,2.767328
latency,4,1005,http1_python_nodelay_all_c16_keepalive_ms,1.851781
latency,4,1006,http1_python_nodelay_all_c16_keepalive_ms,2.887129
latency,4,1007,http1_python_nodelay_all_c16_keepalive_ms,4.477436
latency,4,1008,http1_python_nodelay_all_c16_keepalive_ms,2.313380
latency,4,1009,http1_python_nodelay_all_c16_keepalive_ms,5.085606
latency,4,1010,http1_python_nodelay_all_c16_keepalive_ms,2.830099
latency,4,1011,http1_python_nodelay_all_c16_keepalive_ms,5.554544
latency,4,1012,http1_python_nodelay_all_c16_keepalive_ms,2.607624
latency,4,1013,http1_python_nodelay_all_c16_keepalive_ms,2.505833
latency,4,1014,http1_python_nodelay_all_c16_keepalive_ms,2.898659
latency,4,1015,http1_python_nodelay_all_c16_keepalive_ms,2.716197
latency,4,1016,http1_python_nodelay_all_c16_keepalive_ms,2.573154
latency,4,1017,http1_python_nodelay_all_c16_keepalive_ms,3.314646
latency,4,1018,http1_python_nodelay_all_c16_keepalive_ms,4.064589
latency,4,1019,http1_python_nodelay_all_c16_keepalive_ms,7.138812
latency,4,1020,http1_python_nodelay_all_c16_keepalive_ms,2.971520
latency,4,1021,http1_python_nodelay_all_c16_keepalive_ms,3.033632
latency,4,1022,http1_python_nodelay_all_c16_keepalive_ms,5.461823
latency,4,1023,http1_python_nodelay_all_c16_keepalive_ms,3.823295
latency,4,1024,http1_python_nodelay_all_c16_keepalive_ms,2.505963
latency,4,1025,http1_python_nodelay_all_c16_keepalive_ms,2.954600
latency,4,1026,http1_python_nodelay_all_c16_keepalive_ms,2.757216
latency,4,1027,http1_python_nodelay_all_c16_keepalive_ms,5.331741
latency,4,1028,http1_python_nodelay_all_c16_keepalive_ms,2.620455
latency,4,1029,http1_python_nodelay_all_c16_keepalive_ms,3.197655
latency,4,1030,http1_python_nodelay_all_c16_keepalive_ms,4.986134
latency,4,1031,http1_python_nodelay_all_c16_keepalive_ms,3.028932
latency,4,1032,http1_python_nodelay_all_c16_keepalive_ms,3.744294
latency,4,1033,http1_python_nodelay_all_c16_keepalive_ms,3.267345
latency,4,1034,http1_python_nodelay_all_c16_keepalive_ms,2.235318
latency,4,1035,http1_python_nodelay_all_c16_keepalive_ms,1.815611
latency,4,1036,http1_python_nodelay_all_c16_keepalive_ms,2.271589
latency,4,1037,http1_python_nodelay_all_c16_keepalive_ms,1.783180
latency,4,1038,http1_python_nodelay_all_c16_keepalive_ms,1.578737
latency,4,1039,http1_python_nodelay_all_c16_keepalive_ms,0.973336
latency,4,320,http1_python_nodelay_all_c16_keepalive_ms,1.986273
latency,4,321,http1_python_nodelay_all_c16_keepalive_ms,2.394291
latency,4,322,http1_python_nodelay_all_c16_keepalive_ms,2.424931
latency,4,323,http1_python_nodelay_all_c16_keepalive_ms,2.377301
latency,4,324,http1_python_nodelay_all_c16_keepalive_ms,7.213283
latency,4,325,http1_python_nodelay_all_c16_keepalive_ms,3.136233
latency,4,326,http1_python_nodelay_all_c16_keepalive_ms,3.773054
latency,4,327,http1_python_nodelay_all_c16_keepalive_ms,2.778928
latency,4,328,http1_python_nodelay_all_c16_keepalive_ms,5.033085
latency,4,329,http1_python_nodelay_all_c16_keepalive_ms,3.032182
latency,4,330,http1_python_nodelay_all_c16_keepalive_ms,3.137233
latency,4,331,http1_python_nodelay_all_c16_keepalive_ms,2.175527
latency,4,332,http1_python_nodelay_all_c16_keepalive_ms,2.769167
latency,4,333,http1_python_nodelay_all_c16_keepalive_ms,2.743857
latency,4,334,http1_python_nodelay_all_c16_keepalive_ms,2.461352
latency,4,335,http1_python_nodelay_all_c16_keepalive_ms,5.140747
latency,4,336,http1_python_nodelay_all_c16_keepalive_ms,2.260159
latency,4,337,http1_python_nodelay_all_c16_keepalive_ms,2.144656
latency,4,338,http1_python_nodelay_all_c16_keepalive_ms,3.467499
latency,4,339,http1_python_nodelay_all_c16_keepalive_ms,2.091536
latency,4,340,http1_python_nodelay_all_c16_keepalive_ms,2.922530
latency,4,341,http1_python_nodelay_all_c16_keepalive_ms,2.538973
latency,4,342,http1_python_nodelay_all_c16_keepalive_ms,7.445457
latency,4,343,http1_python_nodelay_all_c16_keepalive_ms,2.629185
latency,4,344,http1_python_nodelay_all_c16_keepalive_ms,6.271166
latency,4,345,http1_python_nodelay_all_c16_keepalive_ms,2.359770
latency,4,346,http1_python_nodelay_all_c16_keepalive_ms,2.388131
latency,4,347,http1_python_nodelay_all_c16_keepalive_ms,6.344988
latency,4,348,http1_python_nodelay_all_c16_keepalive_ms,5.829889
latency,4,349,http1_python_nodelay_all_c16_keepalive_ms,5.592685
latency,4,350,http1_python_nodelay_all_c16_keepalive_ms,3.475330
latency,4,351,http1_python_nodelay_all_c16_keepalive_ms,2.684855
latency,4,352,http1_python_nodelay_all_c16_keepalive_ms,2.835999
latency,4,353,http1_python_nodelay_all_c16_keepalive_ms,2.724476
latency,4,354,http1_python_nodelay_all_c16_keepalive_ms,2.488402
latency,4,355,http1_python_nodelay_all_c16_keepalive_ms,2.486503
latency,4,356,http1_python_nodelay_all_c16_keepalive_ms,2.761387
latency,4,357,http1_python_nodelay_all_c16_keepalive_ms,6.560551
latency,4,358,http1_python_nodelay_all_c16_keepalive_ms,3.205425
latency,4,359,http1_python_nodelay_all_c16_keepalive_ms,3.174404
latency,4,360,http1_python_nodelay_all_c16_keepalive_ms,4.125600
latency,4,361,http1_python_nodelay_all_c16_keepalive_ms,3.092993
latency,4,362,http1_python_nodelay_all_c16_keepalive_ms,4.886443
latency,4,363,http1_python_nodelay_all_c16_keepalive_ms,2.958880
latency,4,364,http1_python_nodelay_all_c16_keepalive_ms,4.096420
latency,4,365,http1_python_nodelay_all_c16_keepalive_ms,2.736197
latency,4,366,http1_python_nodelay_all_c16_keepalive_ms,2.444401
latency,4,367,http1_python_nodelay_all_c16_keepalive_ms,2.748567
latency,4,368,http1_python_nodelay_all_c16_keepalive_ms,3.242635
latency,4,369,http1_python_nodelay_all_c16_keepalive_ms,5.536594
latency,4,370,http1_python_nodelay_all_c16_keepalive_ms,4.977145
latency,4,371,http1_python_nodelay_all_c16_keepalive_ms,7.180472
latency,4,372,http1_python_nodelay_all_c16_keepalive_ms,6.829567
latency,4,373,http1_python_nodelay_all_c16_keepalive_ms,6.743884
latency,4,374,http1_python_nodelay_all_c16_keepalive_ms,2.331580
latency,4,375,http1_python_nodelay_all_c16_keepalive_ms,6.495231
latency,4,376,http1_python_nodelay_all_c16_keepalive_ms,8.103107
latency,4,377,http1_python_nodelay_all_c16_keepalive_ms,3.209285
latency,4,378,http1_python_nodelay_all_c16_keepalive_ms,2.736997
latency,4,379,http1_python_nodelay_all_c16_keepalive_ms,2.395540
latency,4,380,http1_python_nodelay_all_c16_keepalive_ms,3.197875
latency,4,381,http1_python_nodelay_all_c16_keepalive_ms,4.906163
latency,4,382,http1_python_nodelay_all_c16_keepalive_ms,3.062612
latency,4,383,http1_python_nodelay_all_c16_keepalive_ms,1.311303
latency,4,384,http1_python_nodelay_all_c16_keepalive_ms,1.732259
latency,4,385,http1_python_nodelay_all_c16_keepalive_ms,6.056363
latency,4,386,http1_python_nodelay_all_c16_keepalive_ms,3.461379
latency,4,387,http1_python_nodelay_all_c16_keepalive_ms,2.631375
latency,4,388,http1_python_nodelay_all_c16_keepalive_ms,1.474155
latency,4,389,http1_python_nodelay_all_c16_keepalive_ms,0.674212
latency,4,390,http1_python_nodelay_all_c16_keepalive_ms,0.231213
latency,4,391,http1_python_nodelay_all_c16_keepalive_ms,0.344226
latency,4,392,http1_python_nodelay_all_c16_keepalive_ms,1.150570
latency,4,393,http1_python_nodelay_all_c16_keepalive_ms,0.215354
latency,4,394,http1_python_nodelay_all_c16_keepalive_ms,0.210333
latency,4,395,http1_python_nodelay_all_c16_keepalive_ms,0.216154
latency,4,396,http1_python_nodelay_all_c16_keepalive_ms,0.220504
latency,4,397,http1_python_nodelay_all_c16_keepalive_ms,0.223093
latency,4,398,http1_python_nodelay_all_c16_keepalive_ms,0.216564
latency,4,399,http1_python_nodelay_all_c16_keepalive_ms,0.219344
trial,4,1280,http1_python_nodelay_all_c16_median_ms,2.787567
trial,4,1280,http1_python_nodelay_all_c16_p95_ms,5.513424
trial,4,1280,http1_python_nodelay_all_c16_requests_per_second,4955.476
trial,4,1280,http1_python_nodelay_all_c16_wall_ms,258.300
summary,0,6400,http1_python_nodelay_all_c16_keepalive_ms_median,2.710976
summary,0,6400,http1_python_nodelay_all_c16_keepalive_ms_p95,5.394102
